<COLLADA xmlns="http://www.collada.org/2005/11/COLLADASchema" version="1.4.1">
  <asset>
    <created>2026-01-11T12:32:02.196939</created>
    <modified>2026-01-11T12:32:02.196942</modified>
    <up_axis>Y_UP</up_axis>
  </asset>
  <library_effects>
    <effect id="0010813c649d45db8921b8bb8cef912d" name="0010813c649d45db8921b8bb8cef912d">
      <profile_COMMON>
        <technique sid="common">
          <phong>
            <ambient>
              <color>0.0 0.0 0.0 1.0</color>
            </ambient>
            <diffuse>
              <color>1.0 1.0 1.0 1.0</color>
            </diffuse>
            <specular>
              <color>1.0 1.0 1.0 1.0</color>
            </specular>
            <shininess>
              <float>4.031558983674206</float>
            </shininess>
            <reflective>
              <color>0.0 0.0 0.0 1.0</color>
            </reflective>
            <reflectivity>
              <float>0.0</float>
            </reflectivity>
            <transparent>
              <color>0.0 0.0 0.0 1.0</color>
            </transparent>
            <transparency>
              <float>1.0</float>
            </transparency>
          </phong>
        </technique>
        <extra>
          <technique profile="GOOGLEEARTH">
            <double_sided>0</double_sided>
          </technique>
        </extra>
      </profile_COMMON>
    </effect>
  </library_effects>
  <library_geometries>
    <geometry id="f462b9bc728349a3b3d4291f714e6ad4" name="47899b6f27194702bbd37ec2af708f30">
      <mesh>
        <source id="verts-array">
          <float_array count="2616" id="verts-array-array">-0.08047949 0.05207119 -0.01044297 -0.05533768 0.09953611 -0.0414798 -0.04122746 0.06183836 -0.01677315 -0.03700935 0.04164085 0.01116372 -0.06507437 0.03222475 0.02313369 -0.1204044 0.09953611 -0.01162693 -0.09215887 0.09090812 -0.0358991 -0.09245232 0.04164085 0.03660119 -0.1108785 0.06183836 0.01518304 -0.01571387 0.08596263 0.004280765 -0.1176302 0.1326391 -0.02927133 -0.09716187 0.1268046 -0.04680352 -0.07052215 0.1326391 -0.0508847 -0.01939995 0.05612588 0.03351726 -0.0494365 0.04538117 0.05721768 -0.111559 0.08596263 0.04825489 -0.08699245 0.05612588 0.06452898 -0.12117 0.1225441 0.01889245 -0.09753573 0.1455521 0.03821703 -0.0729661 0.08085082 0.07907296 -0.08639865 0.1110965 0.06853886 -0.1010734 0.1659545 0.00681553 -0.1179894 0.1495166 -0.007467817 -0.04131802 0.08002703 0.07491255 -0.04679336 0.1198541 0.06297863 -0.06071453 0.1541801 0.03263634 -0.03246905 0.1455521 0.008364163 -0.01752313 0.08085082 0.0536355 -0.01674759 0.1110965 0.03658265 -0.05396535 0.1659545 -0.01479784 -0.07458749 0.1722285 0.002399132 -0.03170336 0.1225441 -0.02215523 -0.05375993 0.1495166 -0.03693658 -0.09955423 0.1720646 -0.01393135 -0.07068313 0.1720646 -0.02717753 -0.08526608 0.1755667 -0.0208757 -0.0747368 0.1640848 -0.04076167 -0.09260914 0.1687627 -0.0368805 -0.1072077 0.1640847 -0.02586388 -0.08083029 0.1516466 -0.04929408 -0.09667844 0.1526028 -0.04574985 -0.1097014 0.1516466 -0.03604789 -0.09474167 0.1610017 -0.04152851 -0.09449929 0.1768258 -0.05304829 -0.08891926 0.1617661 -0.04323739 -0.1036322 0.1768258 -0.04885806 -0.09938544 0.1761837 -0.05164996 -0.08571924 0.163926 -0.04197309 -0.09661702 0.194152 -0.06547622 -0.09180081 0.1786451 -0.05189663 -0.1056968 0.1910895 -0.06540614 -0.09991043 0.1918699 -0.06697341 -0.07896459 0.1500551 -0.03439185 -0.08332306 0.1471593 -0.03601763 -0.09115101 0.1461336 -0.03370238 -0.0998345 0.1617661 -0.03822943 -0.09801152 0.1471593 -0.02927851 -0.09962173 0.1500551 -0.02491427 -0.1009632 0.163926 -0.0349791 -0.1116719 0.194152 -0.05856899 -0.1106588 0.1918699 -0.06204201 -0.1045192 0.1786451 -0.04606139 -0.09972633 0.1668146 -0.03181859 -0.102072 0.1835706 -0.04071926 -0.1034286 0.1811073 -0.04332898 -0.09811883 0.1696496 -0.02877857 -0.1086205 0.2002981 -0.05189412 -0.1103123 0.1973843 -0.05529039 -0.09937435 0.1853918 -0.03956824 -0.09803233 0.1539152 -0.02068508 -0.09583081 0.1576832 -0.01665166 -0.09488756 0.1717201 -0.02744601 -0.09141861 0.1604255 -0.01490875 -0.08356917 0.1613897 -0.01717716 -0.08905218 0.1724488 -0.02912781 -0.09956043 0.2034047 -0.05203136 -0.1053361 0.2025742 -0.05041359 -0.09448477 0.1860346 -0.04096856 -0.09023425 0.1853918 -0.04376175 -0.08397142 0.1717201 -0.03245438 -0.07517367 0.1576832 -0.02612924 -0.0828741 0.1696496 -0.03577291 -0.07673016 0.1604255 -0.02164787 -0.09354736 0.200298 -0.05880971 -0.09456716 0.2025742 -0.05535441 -0.08934734 0.1835706 -0.04655737 -0.08413013 0.1668146 -0.03897419 -0.09044079 0.1811073 -0.04928785 -0.09501845 0.1973843 -0.06230726 -0.07679532 0.1539152 -0.0304287 -0.095016 0.2160533 -0.06937172 -0.09980284 0.2064445 -0.07976902 -0.1125361 0.2015135 -0.08031292 -0.1044538 0.2027457 -0.08226375 -0.1022011 0.2171401 -0.08354521 -0.09954583 0.213748 -0.07584782 -0.1184295 0.2044429 -0.09315805 -0.1077097 0.2063622 -0.09534493 -0.1013476 0.2115782 -0.09100126 -0.1029484 0.2207393 -0.05941563 -0.103798 0.233838 -0.06126755 -0.1109871 0.2194276 -0.05733281 -0.09612657 0.2194276 -0.0641509 -0.1042042 0.2420553 -0.06215274 -0.1144079 0.2318621 -0.05883952 -0.09503765 0.2318621 -0.06772666 -0.1205216 0.2266289 -0.06264118 -0.115669 0.2160533 -0.05989603 -0.1153862 0.23976 -0.05988569 -0.1220409 0.2336394 -0.06446807 -0.09393201 0.2266289 -0.07484062 -0.094326 0.2336394 -0.07718377 -0.09519261 0.23976 -0.0691506 -0.09969415 0.2439219 -0.0717399 -0.1062123 0.2457753 -0.06652963 -0.1144131 0.2439219 -0.06498679 -0.0994372 0.2390278 -0.0781439 -0.1194351 0.2390278 -0.06896875 -0.1204286 0.2064445 -0.07030584 -0.1196254 0.2216236 -0.07000579 -0.1176238 0.213748 -0.06755358 -0.1192863 0.2027457 -0.07545851 -0.1279356 0.2115782 -0.07880257 -0.1270789 0.2063622 -0.08645826 -0.1217269 0.2171401 -0.07458671 -0.1132689 0.2221809 -0.08191001 -0.1110899 0.2193147 -0.07716077 -0.1043835 0.2198724 -0.08924349 -0.1223211 0.2052514 -0.1016401 -0.1109219 0.20756 -0.1036134 -0.1038494 0.2137162 -0.09817341 -0.1095574 0.2217721 -0.09368823 -0.1095918 0.2166092 -0.1009587 -0.1000992 0.2216236 -0.07896449 -0.1161023 0.2237216 -0.08808565 -0.1246179 0.2217721 -0.08677837 -0.124623 0.2198724 -0.07995751 -0.1317407 0.2137162 -0.08537677 -0.1145739 0.2222029 -0.09641738 -0.1189115 0.2231628 -0.09420852 -0.1234149 0.2222029 -0.09236113 -0.1160815 0.2192416 -0.1008579 -0.1212875 0.2202105 -0.09938715 -0.1257977 0.2192416 -0.0964 -0.1301068 0.2166092 -0.09154638 -0.1312516 0.20756 -0.09428602 -0.1150308 0.2113552 -0.1056634 -0.1301257 0.2113552 -0.09873776 -0.1235963 0.2094967 -0.1044195 -0.1100042 0.2174975 -0.07479435 -0.1108766 0.2200441 -0.07669582 -0.1191305 0.2340248 -0.075295 -0.121137 0.2275188 -0.07251837 -0.1121627 0.2252235 -0.0794991 -0.113059 0.2450154 -0.07032806 -0.1160591 0.238782 -0.07687536 -0.1109377 0.243609 -0.07682895 -0.115117 0.2424507 -0.07385102 -0.108837 0.2459653 -0.07225035 -0.101018 0.2275188 -0.08174903 -0.1044315 0.2340248 -0.08203898 -0.1126601 0.2322802 -0.08058302 -0.1181258 0.2153571 -0.1041773 -0.1229677 0.2153205 -0.1030493 -0.1269807 0.2153571 -0.1001146 -0.1076326 0.238782 -0.08074144 -0.1122345 0.238936 -0.0796555 -0.1046262 0.2450154 -0.07419709 -0.1059545 0.2424507 -0.07805483 0.07837137 0.2721593 0.1469359 0.1388698 0.2721593 0.09868996 0.1363583 0.2742265 0.09668709 0.07697758 0.2742265 0.1440417 0.002930993 0.2721593 0.1641547 0.07771208 0.2635975 0.1455669 0.002930988 0.2742264 0.1609423 0.1376818 0.2635975 0.09774259 0.1724439 0.2721593 0.02897256 0.1693121 0.2742265 0.02825775 0.1573964 0.2742265 0.02553804 0.1268026 0.2742265 0.08906666 0.002930984 0.2742264 0.1487201 0.07771206 0.2635975 -0.1650022 0.1376818 0.2635975 -0.1171779 0.1351703 0.2623525 -0.115175 0.07631828 0.2623525 -0.162108 0.1388698 0.2721593 -0.1181253 0.002930964 0.2635975 -0.1820705 0.07837135 0.2721593 -0.1663712 0.172444 0.2721593 -0.04840791 0.1709626 0.2635975 -0.04806979 0.1678308 0.2623525 -0.04735498 0.1678308 0.2623525 0.02791962 -0.1634502 0.2742264 0.02825778 -0.1330079 0.2721592 0.09868998 -0.1304963 0.2742264 0.0966871 -0.0711156 0.2742264 0.1440417 -0.07185009 0.2635974 0.1455669 -0.07250939 0.2721592 0.1469359 -0.166582 0.2721592 0.0289726 -0.1515344 0.2742264 0.02553808 -0.1634502 0.2742264 -0.04769306 -0.166582 0.2721593 -0.04840787 -0.1651006 0.2635974 -0.04806975 -0.1651006 0.2635974 0.02863448 -0.1318199 0.2635974 0.09774262 0.1351703 0.2623524 0.09573972 0.1709626 0.2635975 0.02863445 0.07697756 0.2742265 -0.163477 0.1268026 0.2742265 -0.108502 0.1363583 0.2742265 -0.1161224 0.002930969 0.2721593 -0.18359 0.002930961 0.2742265 -0.1803776 -0.07250941 0.2721593 -0.1663712 -0.07111563 0.2742265 -0.163477 0.07167452 0.2742265 -0.1524651 -0.1304964 0.2742264 -0.1161224 -0.1330079 0.2721593 -0.1181253 -0.07185013 0.2635974 -0.1650022 -0.1209407 0.2742264 -0.108502 -0.06581259 0.2742264 -0.1524651 0.002930971 0.2742265 -0.1681554 0.1693121 0.2742265 -0.04769309 0.1573964 0.2742265 -0.0449734 0.0763183 0.2623524 0.1426727 0.002930991 0.2635974 0.1626352 0.00293099 0.2623524 0.1594228 -0.1209406 0.2742264 0.08906668 -0.07045631 0.2623524 0.1426727 0.002930984 0.2742264 0.1487201 0.002931055 0.0218448 0.1143706 -0.06581256 0.2742264 0.1330298 0.05677095 0.02184482 0.102082 -0.09408507 0.02184482 -0.08708544 -0.05090882 0.0218448 0.102082 -0.1209406 0.2742264 0.08906668 -0.1180461 0.02184481 -0.03732991 -0.09408506 0.02184479 0.0676501 -0.1318199 0.2635974 -0.1171779 -0.1515344 0.2742264 -0.04497336 -0.1293497 0.0008943542 -0.0399099 -0.1031499 0.0008943453 0.07487905 -0.1293497 0.0008943512 0.02047456 -0.05593941 0.000894346 0.1125281 0.109012 0.0008944122 -0.0943144 0.1352118 0.0008943872 0.02047454 0.06180152 0.0008944137 -0.1319635 0.1352118 0.0008944186 -0.03990992 0.109012 0.0008943892 0.07487904 -0.1031499 0.0008943632 -0.09431438 0.002931065 0.000894354 0.1259649 0.002931044 0.0008944066 -0.1454003 -0.05593942 0.0008943859 -0.1319634 0.06180154 0.0008943855 0.1125281 0.07167456 0.2742265 0.1330298 -0.06581256 0.2742264 0.1330298 -0.05090884 0.02184483 -0.1215173 -0.1515344 0.2742264 -0.04497336 -0.1209407 0.2742264 -0.108502 0.002930971 0.2742265 -0.1681554 -0.06581259 0.2742264 -0.1524651 -0.1180461 0.02184481 0.01789457 -0.1515344 0.2742264 0.02553808 0.002931039 0.02184485 -0.133806 0.07167452 0.2742265 -0.1524651 0.09994715 0.02184484 0.06765008 0.05677094 0.02184486 -0.1215174 0.1573964 0.2742265 0.02553804 0.1239082 0.02184485 0.01789454 0.1268026 0.2742265 -0.108502 0.07167456 0.2742265 0.1330298 0.1268026 0.2742265 0.08906666 0.09994713 0.02184486 -0.08708547 0.1573964 0.2742265 -0.0449734 0.1239082 0.02184486 -0.03732994 0.00293096 0.2623524 -0.1788581 0.002931014 0.04226061 -0.1506938 -0.0582362 0.0422606 -0.1367327 -0.07045634 0.2623524 -0.162108 -0.0582362 0.0422606 -0.1367327 -0.1293084 0.2623524 -0.115175 -0.07045634 0.2623524 -0.162108 -0.1072885 0.04226058 -0.09761484 -0.1072885 0.04226058 -0.09761484 -0.1619688 0.2623524 -0.04735494 -0.1293084 0.2623524 -0.115175 -0.1345105 0.04226056 -0.04108781 -0.1345105 0.04226056 -0.04108781 -0.1619688 0.2623524 0.02791966 -0.1619688 0.2623524 -0.04735494 -0.1345105 0.04226056 0.02165247 -0.1619688 0.2623524 0.02791966 -0.1345105 0.04226056 0.02165247 -0.1072885 0.04226056 0.0781795 -0.1293083 0.2623524 0.09573973 -0.1293083 0.2623524 0.09573973 -0.05823618 0.04226056 0.1172974 -0.07045631 0.2623524 0.1426727 -0.1072885 0.04226056 0.0781795 -0.07045631 0.2623524 0.1426727 0.00293105 0.04226058 0.1312584 0.00293099 0.2623524 0.1594228 -0.05823618 0.04226056 0.1172974 0.00293099 0.2623524 0.1594228 0.06409828 0.04226061 0.1172974 0.0763183 0.2623524 0.1426727 0.00293105 0.04226058 0.1312584 0.06409828 0.04226061 0.1172974 0.1351703 0.2623524 0.09573972 0.0763183 0.2623524 0.1426727 0.1131506 0.04226061 0.07817947 0.1678308 0.2623525 0.02791962 0.1131506 0.04226061 0.07817947 0.1403726 0.04226062 0.02165244 0.1351703 0.2623524 0.09573972 0.1678308 0.2623525 -0.04735498 0.1403726 0.04226062 0.02165244 0.1403726 0.04226064 -0.04108784 0.1678308 0.2623525 0.02791962 0.1678308 0.2623525 -0.04735498 0.1131506 0.04226064 -0.09761486 0.1351703 0.2623525 -0.115175 0.1403726 0.04226064 -0.04108784 0.1351703 0.2623525 -0.115175 0.06409825 0.04226063 -0.1367328 0.07631828 0.2623525 -0.162108 0.1131506 0.04226064 -0.09761486 0.07631828 0.2623525 -0.162108 0.06409825 0.04226063 -0.1367328 0.002931014 0.04226061 -0.1506938 0.00293096 0.2623524 -0.1788581 0.00293096 0.2623524 -0.1788581 -0.1293083 0.2623524 0.09573973 -0.1619688 0.2623524 0.02791966 -0.1619688 0.2623524 -0.04735494 -0.1293084 0.2623524 -0.115175 -0.07045634 0.2623524 -0.162108 0.002931014 0.04226061 -0.1506938 0.06409825 0.04226063 -0.1367328 0.002931044 0.0008944066 -0.1454003 -0.05593942 0.0008943859 -0.1319634 0.06180152 0.0008944137 -0.1319635 0.1131506 0.04226064 -0.09761486 0.109012 0.0008944122 -0.0943144 0.1403726 0.04226064 -0.04108784 0.1352118 0.0008944186 -0.03990992 0.1352118 0.0008943872 0.02047454 0.1403726 0.04226062 0.02165244 0.109012 0.0008943892 0.07487904 0.1131506 0.04226061 0.07817947 0.06180154 0.0008943855 0.1125281 0.06409828 0.04226061 0.1172974 0.00293105 0.04226058 0.1312584 0.002931065 0.000894354 0.1259649 -0.05823618 0.04226056 0.1172974 -0.05593941 0.000894346 0.1125281 -0.1072885 0.04226056 0.0781795 -0.1031499 0.0008943453 0.07487905 -0.1345105 0.04226056 0.02165247 -0.1293497 0.0008943512 0.02047456 -0.1293497 0.0008943542 -0.0399099 -0.1345105 0.04226056 -0.04108781 -0.1031499 0.0008943632 -0.09431438 -0.1072885 0.04226058 -0.09761484 -0.0582362 0.0422606 -0.1367327 0.07582183 0.1173132 -0.009717812 0.03719938 0.08824345 0.02859819 0.0478143 0.07847629 -0.009717822 0.08041957 0.1590442 -0.03563258 0.08781916 0.1532097 -0.009717798 0.06553939 0.1259412 0.02607627 0.007424039 0.1123677 0.04300792 0.01004851 0.06804593 0.02078213 0.01087232 0.05862984 -0.009717827 0.01004851 0.06804596 -0.04021777 0.03719939 0.08824347 -0.04803385 0.06553939 0.1259412 -0.04551189 0.08041957 0.1590442 0.01619701 0.06075209 0.1759217 0.02561575 0.03811952 0.1489492 0.03949907 0.007424035 0.1123677 -0.06244353 -0.02662783 0.07178627 -0.009717822 -0.01761195 0.08253099 -0.04690139 0.03811952 0.1489492 -0.05893466 0.04071579 0.1923596 -0.03563258 0.06075209 0.1759217 -0.04505133 0.01069965 0.1719572 -0.04551187 -0.02150418 0.1375016 -0.04803381 -0.04609624 0.1064321 -0.009717811 -0.03668013 0.1072559 -0.04021776 -0.03296622 0.1462592 -0.009717796 0.0004172084 0.1805852 -0.009717785 -0.03668012 0.1072559 0.02078214 -0.02150418 0.1375015 0.02859823 0.0407158 0.1923596 0.01619702 0.03368502 0.1986336 -0.009717782 0.01069966 0.1719572 0.0260763 -0.01761195 0.08253095 0.02746576 0.05893918 0.1984698 -0.02560018 0.05893917 0.1984697 0.006164625 0.05929263 0.2019718 -0.009717774 0.07297625 0.1904899 0.00814492 0.07690157 0.1951679 -0.009717778 0.07297625 0.1904899 -0.02758048 0.08327242 0.1780517 -0.02560018 0.08665988 0.1790079 -0.009717785 0.08327244 0.1780517 0.006164607 0.09315133 0.2025888 -0.00971777 0.08114065 0.1881712 -0.003713154 0.08201545 0.1874068 -0.009717782 0.09238472 0.2032309 -0.004693629 0.09021269 0.2050502 -0.002721231 0.07224494 0.1735644 -0.001637463 0.07340492 0.1725387 -0.009717786 0.09238471 0.2032309 -0.01474192 0.1045636 0.2205571 -0.001435876 0.07865709 0.1903311 -0.00133188 0.08114065 0.1881712 -0.01572241 0.07224495 0.1735644 -0.01779811 0.06894975 0.1764602 -0.02108157 0.07865708 0.1903311 -0.01810368 0.0843367 0.2099757 -0.01671778 0.0752687 0.1932197 -0.01829746 0.07183528 0.1960547 -0.01810412 0.09450905 0.2289793 -0.01564191 0.09722433 0.2267032 -0.01800969 0.08727443 0.2075124 -0.01686257 0.06444302 0.1803203 -0.02140056 0.08216559 0.2117969 -0.01474586 0.05985898 0.1840883 -0.02108157 0.06927666 0.1981252 -0.0157229 0.05643492 0.1868306 -0.01779811 0.06837184 0.1988539 -0.009717773 0.0552234 0.1877948 -0.009717783 0.05643492 0.1868306 -0.001637459 0.08139936 0.2124397 -0.009717775 0.06927665 0.1981252 -0.003712661 0.08216559 0.2117969 -0.004689676 0.0843367 0.2099757 -0.002717778 0.07183529 0.1960547 -0.001331442 0.09357095 0.2298098 -0.009717767 0.08727442 0.2075124 -0.00257298 0.06894974 0.1764602 0.00164599 0.1010167 0.2237894 -0.001304417 0.07526869 0.1932197 -0.00113809 0.09722433 0.2267031 -0.001425855 0.06444302 0.1803203 0.001964986 0.1074366 0.2424584 0.001643746 0.1072978 0.218275 -0.003804932 0.1152117 0.2401532 0.0002271665 0.1246871 0.2279186 -0.009717772 0.1230898 0.2291508 -0.00155818 0.1082863 0.2174946 -0.009717772 0.1188829 0.2328496 0.001628741 0.1233152 0.2435453 0.001023638 0.1297361 0.2379833 0.004908669 0.1186154 0.2439026 -0.009717762 0.1119552 0.253034 0.004909579 0.1059504 0.2582672 -0.0203736 0.1142492 0.2600445 -0.0249641 0.1119552 0.253034 -0.0243451 0.1074366 0.2424584 -0.02107928 0.1031545 0.2458327 -0.01789276 0.1016953 0.2471444 -0.009717764 0.1037329 0.2602431 -0.009717748 0.09450906 0.2289793 -0.003793641 0.1031545 0.2458328 -0.001542773 0.1073093 0.2661652 -0.02082654 0.1059504 0.2582672 0.0009380693 0.1073092 0.2661652 0.001391051 0.1142492 0.2600445 0.005528587 0.1172533 0.2654329 0.001283391 0.1047068 0.2684604 -0.009717744 0.1115398 0.270327 -0.001620658 0.1115398 0.270327 -0.01781484 0.1172533 0.2654329 -0.02071891 0.1010167 0.2237894 -0.01813113 0.09021269 0.2050502 -0.01671433 0.1152117 0.2401531 -0.0196627 0.1182752 0.2480287 -0.0204594 0.1045636 0.2205571 -0.01799965 0.1072978 0.218275 -0.0156306 0.1230898 0.2291508 -0.01787737 0.1388197 0.230848 -0.009717773 0.1188829 0.2328496 -0.02106428 0.1297361 0.2379833 -0.02434421 0.1363371 0.2327673 0.0009375018 0.1233152 0.2435453 -0.02045915 0.1264443 0.2485861 -0.009717762 0.121219 0.2457198 -0.009717764 0.1294044 0.2462775 0.001416279 0.1372981 0.2401213 0.005625624 0.1356018 0.2481772 -0.001432738 0.1451918 0.2339651 0.00146585 0.1422243 0.2430143 0.001567794 0.1481519 0.2316565 -0.009717772 0.05985898 0.1840883 0.001646003 0.1332389 0.2501267 -0.009717768 0.1401743 0.248608 -0.01458128 0.1356018 0.2481772 -0.0180028 0.1401743 0.248608 -0.004854238 0.1399754 0.2495679 -0.009717758 0.1294044 0.2462775 -0.0208518 0.1372981 0.2401213 -0.02506115 0.1448389 0.2456468 -0.01506279 0.1422243 0.2430143 -0.02100332 0.1456731 0.2466156 -0.009717766 0.1448389 0.2456468 -0.004372711 0.1363371 0.2327673 -0.02037304 0.1487685 0.2377603 -0.001413841 0.1451918 0.2339651 -0.02090139 0.1487685 0.2377603 -0.0180217 0.1228762 0.2604299 -0.01780389 0.1237917 0.2516286 -0.009717761 0.1211892 0.2539239 -0.02078547 0.1230318 0.2651871 -0.01435325 0.1207075 0.2464492 -0.009717755 0.1198901 0.2688558 -0.01475818 0.1095223 0.2721804 -0.009717745 0.1208539 0.2700141 -0.009717756 0.1158299 0.2714205 -0.01435678 0.1158164 0.2723704 -0.009717747 0.1239638 0.2653411 -0.009717741 0.1182752 0.2480287 0.001023862 0.1211892 0.2539239 0.001349965 0.1249843 0.2586853 -0.009717755 0.1228762 0.2604299 -0.001631614 0.1487085 0.2417622 -0.01458899 0.1497024 0.2417256 -0.009717764 0.1487085 0.2417622 -0.004846538 0.1512098 0.2359018 -0.009717766 0.1158299 0.2714205 -0.00507872 0.1198901 0.2688558 -0.004677332 0.1230318 0.2651871 -0.005082252 -0.01984185 0.1247959 0.03994898 0.005299961 0.1722608 0.008912151 0.01941018 0.134563 0.03361879 0.02362828 0.1143655 0.06155566 -0.004436741 0.1049494 0.07352563 -0.03181469 0.1143655 0.08699312 -0.05024088 0.1345631 0.06557499 -0.05976671 0.1722608 0.03876501 -0.03152124 0.1636328 0.01449283 0.04492377 0.1586873 0.05467271 -0.05699257 0.2053638 0.02112061 -0.03652423 0.1995293 0.00358842 -0.009884512 0.2053638 -0.0004927586 0.04123768 0.1288506 0.0839092 0.01120113 0.1181059 0.1076096 -0.05092133 0.1586873 0.09864683 -0.02635482 0.1288506 0.1149209 -0.06053241 0.1952688 0.06928439 -0.01232846 0.1535755 0.1294649 -0.02576102 0.1838212 0.1189308 -0.03689809 0.2182768 0.08860897 -0.04043577 0.2386792 0.05720747 -0.05735179 0.2222412 0.04292413 0.01384428 0.1925788 0.1133706 0.01931961 0.1527517 0.1253045 -7.689429e-05 0.2269048 0.08302828 0.02816858 0.2182768 0.0587561 0.0431145 0.1535755 0.1040274 0.04389005 0.1838212 0.08697459 0.006672285 0.2386792 0.0355941 -0.01394985 0.2449532 0.05279107 0.02893428 0.1952688 0.02823671 0.00687771 0.2222413 0.01345536 -0.0389166 0.2447893 0.03646059 -0.01004549 0.2447893 0.02321441 -0.02462844 0.2482914 0.02951625 -0.01409917 0.2368094 0.009630274 -0.03197151 0.2414874 0.01351145 -0.04657008 0.2368094 0.02452806 -0.02019265 0.2243713 0.001097859 -0.0360408 0.2253275 0.00464209 -0.04906376 0.2243713 0.01434405 -0.03410404 0.2337264 0.008863431 -0.03386165 0.2495504 -0.002656339 -0.02828162 0.2344908 0.007154545 -0.04299457 0.2495504 0.001533882 -0.0387478 0.2489084 -0.00125802 -0.04505919 0.2638142 -0.0150142 -0.0392728 0.2645945 -0.01658147 -0.03597938 0.2668767 -0.01508427 -0.03116318 0.2513698 -0.001504695 -0.0250816 0.2366507 0.008418854 -0.03051338 0.2188583 0.01668956 -0.01832696 0.2227798 0.01600009 -0.02268543 0.219884 0.0143743 -0.03919686 0.2344908 0.0121625 -0.03737388 0.219884 0.02111342 -0.0389841 0.2227798 0.02547767 -0.04032555 0.2366507 0.01541284 -0.04388154 0.2513698 0.004330543 -0.05103424 0.2668767 -0.008177041 -0.05002118 0.2645945 -0.01165007 -0.03908869 0.2395393 0.01857336 -0.04143434 0.2562953 0.009672693 -0.042791 0.253832 0.00706297 -0.03748119 0.2423743 0.02161337 -0.04967465 0.270109 -0.004898446 -0.04798282 0.2730227 -0.00150217 -0.03873671 0.2581165 0.0108237 -0.03739469 0.2266399 0.02970687 -0.03519318 0.2304079 0.03374028 -0.03424993 0.2444448 0.02294593 -0.02293153 0.2341144 0.03321479 -0.02841454 0.2451735 0.02126413 -0.03078097 0.2331502 0.03548319 -0.03892279 0.2761294 -0.001639417 -0.04469845 0.2752989 -2.164997e-05 -0.03384713 0.2587593 0.009423381 -0.02959661 0.2581165 0.006630189 -0.02333379 0.2444448 0.01793756 -0.01609252 0.2331502 0.02874407 -0.01453604 0.2304079 0.0242627 -0.02223646 0.2423743 0.01461903 -0.0287097 0.2562953 0.003834575 -0.03290972 0.2730227 -0.008417772 -0.03392952 0.2752989 -0.004962476 -0.02349249 0.2395393 0.01141776 -0.02980315 0.253832 0.001104094 -0.03438081 0.270109 -0.01191532 -0.01615768 0.2266399 0.01996324 -0.03437837 0.288778 -0.01897979 -0.0391652 0.2791691 -0.02937707 -0.05189849 0.2742382 -0.02992099 -0.04381613 0.2754703 -0.03187181 -0.0415635 0.2898648 -0.03315326 -0.03890819 0.2864727 -0.02545588 -0.04070993 0.2843028 -0.04060932 -0.05779188 0.2771676 -0.0427661 -0.04707202 0.2790868 -0.04495299 -0.04231072 0.293464 -0.009023687 -0.03548894 0.2921523 -0.01375895 -0.04316039 0.3065627 -0.01087561 -0.05034947 0.2921523 -0.006940876 -0.04356652 0.31478 -0.01176079 -0.05377025 0.3045868 -0.008447577 -0.03440002 0.3045868 -0.01733472 -0.05988402 0.2993536 -0.01224924 -0.05503139 0.288778 -0.009504093 -0.06140326 0.3063641 -0.01407614 -0.05474859 0.3124847 -0.009493752 -0.03329438 0.2993536 -0.02444868 -0.03368837 0.3063641 -0.02679183 -0.03455498 0.3124847 -0.01875867 -0.05377544 0.3166466 -0.01459484 -0.03905652 0.3166466 -0.02134796 -0.04557466 0.3185 -0.01613769 -0.03879956 0.3117524 -0.02775196 -0.05879751 0.3117524 -0.01857682 -0.05979094 0.2791691 -0.0199139 -0.05898778 0.2943483 -0.01961384 -0.05698614 0.2864727 -0.01716164 -0.05864868 0.2754703 -0.02506658 -0.06729795 0.2843028 -0.02841063 -0.06644122 0.2790868 -0.03606632 -0.06108925 0.2898648 -0.02419476 -0.05263124 0.2949056 -0.03151808 -0.05045227 0.2920393 -0.02676883 -0.0437459 0.2925971 -0.03885155 -0.06168351 0.2779761 -0.05124821 -0.0502843 0.2802847 -0.05322142 -0.04321174 0.2864409 -0.04778147 -0.04891971 0.2944968 -0.04329629 -0.04895419 0.2893338 -0.05056678 -0.03946158 0.2943483 -0.02857255 -0.05546465 0.2964463 -0.0376937 -0.06398029 0.2944968 -0.03638643 -0.0639854 0.2925971 -0.02956558 -0.07110303 0.2864409 -0.03498483 -0.05393631 0.2949276 -0.04602544 -0.05827385 0.2958875 -0.04381658 -0.06277724 0.2949276 -0.04196919 -0.05544383 0.2919663 -0.0504659 -0.06064983 0.2929352 -0.04899522 -0.06516006 0.2919663 -0.04600805 -0.06946913 0.2893338 -0.04115444 -0.07061394 0.2802847 -0.04389408 -0.0694881 0.2840799 -0.04834583 -0.06295867 0.2822214 -0.05402753 -0.05439317 0.2840799 -0.05527144 -0.04936655 0.2902222 -0.02440241 -0.05023895 0.2927688 -0.02630387 -0.05849284 0.3067494 -0.02490305 -0.06049933 0.3002435 -0.02212643 -0.0515251 0.2979482 -0.02910716 -0.05242138 0.3177401 -0.01993612 -0.05542142 0.3115067 -0.02648342 -0.04819935 0.31869 -0.0218584 -0.05447936 0.3151753 -0.02345908 -0.05030004 0.3163337 -0.02643702 -0.04038037 0.3002435 -0.03135709 -0.04379382 0.3067494 -0.03164703 -0.05202241 0.3050049 -0.03019108 -0.06634307 0.2880818 -0.04972271 -0.06233005 0.2880452 -0.05265738 -0.05748811 0.2880817 -0.05378538 -0.05159686 0.3116607 -0.02926356 -0.04699499 0.3115067 -0.0303495 -0.04398853 0.3177401 -0.02380514 -0.04531686 0.3151754 -0.02766289 -0.01442733 0.1187292 -0.05960231 0.002560509 0.1115092 -0.1184593 0.02114111 0.0984212 -0.08440555 -0.04956034 0.1525398 -0.06713266 -0.03132455 0.1307002 -0.09173585 0.04685367 0.1127238 -0.05593642 -0.02897175 0.1639231 -0.1104999 0.005559746 0.1468372 -0.1389318 0.03449258 0.1071923 -0.1314172 0.05535038 0.09904895 -0.1086527 0.06975038 0.1081592 -0.08164837 -0.04790358 0.1767001 -0.08031994 0.04436201 0.1331932 -0.147106 0.07659231 0.1287804 -0.1242787 0.06651044 0.1485086 -0.05289565 0.08734605 0.1343719 -0.08643105 0.01005325 0.1318349 -0.03332819 0.02792271 0.1654833 -0.03018936 -0.03746191 0.1442547 -0.04377978 -0.007058161 0.1778202 -0.02266378 -0.01960296 0.1533613 -0.02484571 0.03027551 0.1987063 -0.04895339 -0.004962106 0.2017759 -0.03615829 0.06850072 0.1843067 -0.07266253 0.08698166 0.1651399 -0.09496253 0.05092909 0.1969246 -0.1074219 0.01337829 0.2106773 -0.08108695 0.07635766 0.1685162 -0.1248844 -0.01110229 0.1975716 -0.1073611 0.02420757 0.1830921 -0.1351854 0.05172387 0.1641731 -0.1447314 -0.01749983 0.2102656 -0.05920393 -0.03491949 0.2009544 -0.07844524 -0.02614611 0.1980922 -0.03337566 -0.0369945 0.2007281 -0.04520803 -0.05236496 0.1837592 -0.05588312 -0.04450609 0.1975887 -0.05929206 -0.04671556 0.1862201 -0.03803947 -0.03171576 0.1843254 -0.02673533 -0.03511904 0.1684203 -0.02644252 -0.04708622 0.1673565 -0.03741042 -0.05347903 0.1679169 -0.05235892 -0.0612333 0.1848004 -0.02772708 -0.05035671 0.1779509 -0.04265897 -0.04719633 0.1769528 -0.03751884 -0.04341539 0.1781412 -0.03286081 -0.06385406 0.1856546 -0.03204495 -0.04007523 0.1735637 -0.05642598 -0.03933953 0.1694833 -0.0528435 -0.03507567 0.1681512 -0.0459345 -0.02999872 0.1697395 -0.03965827 -0.07799178 0.1904619 -0.01596484 -0.081025 0.1915307 -0.02108392 -0.08138116 0.1948166 -0.0237991 -0.06419187 0.1882691 -0.03427393 -0.05084801 0.1810079 -0.04528896 -0.04115394 0.1812738 -0.0316051 -0.05610389 0.1884909 -0.02285718 -0.05804617 0.1858138 -0.0238467 -0.07180735 0.1950791 -0.01028497 -0.0741898 0.1917181 -0.01143553 -0.05393306 0.1956516 -0.02452995 -0.06909017 0.204018 -0.01237125 -0.05493337 0.1920732 -0.02357432 -0.03981084 0.1854483 -0.03240019 -0.03863787 0.1895917 -0.03354862 -0.02693876 0.173924 -0.03788293 -0.02512429 0.1794931 -0.03888555 -0.02358651 0.1850092 -0.04047311 -0.05427199 0.1982673 -0.02675754 -0.07052713 0.19963 -0.01111919 -0.03903978 0.1926072 -0.03624105 -0.02416874 0.1890181 -0.04416294 -0.02837121 0.1903217 -0.05111487 -0.04216471 0.1935886 -0.04140659 -0.05689563 0.1991219 -0.03107824 -0.06008445 0.1981079 -0.03496223 -0.0694566 0.2072895 -0.01507734 -0.07630487 0.2071017 -0.02474416 -0.07255235 0.2083774 -0.02016634 -0.04598167 0.1924168 -0.04604002 -0.03350955 0.188762 -0.05734815 -0.06319272 0.1918467 -0.03523296 -0.08025293 0.1993633 -0.02484784 -0.04972892 0.1851763 -0.04640025 -0.0786756 0.2037551 -0.02590175 -0.06202503 0.1954297 -0.03595233 -0.03862953 0.1791227 -0.05794914 -0.04833244 0.1893258 -0.04723318 -0.03672299 0.184649 -0.05901616 -0.09406453 0.2125042 -0.01893202 -0.09782102 0.2067313 -0.01442239 -0.09383249 0.1915923 -0.004764748 -0.09791592 0.1933162 -0.01190632 -0.09827496 0.1985431 -0.0156596 -0.1053962 0.2057412 -0.01001289 -0.1099389 0.1976978 -0.01140019 -0.09600259 0.2085093 -0.003556028 -0.09207449 0.2300227 -0.006756756 -0.08668655 0.2273869 0.002537937 -0.08110483 0.2178443 -0.00427162 -0.09058534 0.2336331 0.005733788 -0.1034271 0.233281 -0.01239318 -0.09609167 0.2367279 -0.004041124 -0.08532724 0.2195702 -0.01133365 -0.09063262 0.2249764 0.0110067 -0.08652657 0.2199577 0.007436648 -0.08093068 0.2128643 -0.0003926439 -0.09900464 0.2270491 -0.01484992 -0.1082573 0.2244931 -0.01387182 -0.1034357 0.219494 -0.01643177 -0.09055511 0.2175851 -0.0176113 -0.1101137 0.2278068 -0.007417868 -0.1063688 0.2349072 -0.006649402 -0.09700863 0.2351638 0.006563173 -0.1010098 0.2376359 -0.0005746393 -0.09739645 0.2281555 0.01053347 -0.08632473 0.2070466 0.001805433 -0.09122355 0.2124497 0.006147442 -0.08848346 0.1935749 0.001408236 -0.08515845 0.1989028 0.002855282 -0.09303078 0.1981614 0.01246678 -0.097891 0.1903313 0.0111947 -0.1102084 0.1899936 -0.006192224 -0.09297915 0.2060817 0.007514564 -0.1034456 0.2087934 0.001711344 -0.098583 0.2088306 -0.001734219 -0.1110436 0.2051605 -0.006482001 -0.1165767 0.1958765 -0.00754111 -0.1050315 0.1872783 0.00325281 -0.1172724 0.1867253 -0.00177197 -0.1119708 0.1834461 0.008243275 -0.1158563 0.1856678 0.01095268 -0.1196787 0.188347 0.003430768 -0.1188929 0.1960725 -0.0009305141 -0.114557 0.2038513 -0.0004757015 -0.1088834 0.2068349 0.005601707 -0.1049795 0.2041139 0.01304355 -0.1058468 0.1964302 0.01748489 -0.09883981 0.1963629 0.01749575 -0.09817274 0.2055134 0.01168616 -0.11343 0.2030705 0.008895781 -0.1103712 0.2022123 0.01270649 -0.1183776 0.1971949 0.005963702 -0.1159934 0.2020581 0.004770359 -0.1162715 0.1977203 0.0110127 -0.1121987 0.1973643 0.01468557 -0.1043442 0.1870798 0.01647711 -0.1100795 0.1886103 0.01698086 -0.09851592 0.2097166 -0.00179896 -0.09548662 0.2161878 0.009494567 -0.1050703 0.2250297 0.008228462 -0.1010394 0.2210039 0.009680383 -0.1065004 0.2183265 0.003690234 -0.1027983 0.2127415 0.001176021 -0.1040958 0.229769 0.007942339 -0.1084723 0.2246374 0.004964589 -0.1024896 0.2339779 0.006230686 -0.1055461 0.2347408 0.00269527 -0.1081611 0.2302323 0.004635404 -0.1036408 0.2121092 -0.01138042 -0.1082808 0.215837 -0.008565379 -0.110387 0.2207476 -0.003514326 -0.1192725 0.1919268 0.00728073 -0.1171463 0.1914887 0.01175347 -0.1136414 0.1920812 0.01522945 -0.110429 0.2248827 0.0006644123 -0.1078523 0.2338309 -0.001339121 -0.1099226 0.2296092 -0.0002824724</float_array>
          <technique_common>
            <accessor count="872" source="#verts-array-array" stride="3">
              <param type="float" name="X" />
              <param type="float" name="Y" />
              <param type="float" name="Z" />
            </accessor>
          </technique_common>
        </source>
        <source id="normals-array">
          <float_array count="2616" id="normals-array-array">-0.2810168 -0.7388337 -0.6124984 0.3484558 -0.276847 -0.8955078 0.4450899 -0.5403185 -0.7141084 0.4947513 -0.8180848 -0.2931866 -0.03267363 -0.9969257 -0.07121488 -0.9060965 -0.276847 -0.3199139 -0.3694857 -0.4636103 -0.8053234 -0.5449279 -0.8180849 0.1838227 -0.8316139 -0.5403187 -0.1283513 0.936451 -0.1017404 -0.3357208 -0.8858145 -0.00877504 -0.4639565 -0.4110795 -0.1680269 -0.8959803 0.2260378 -0.008775048 -0.974079 0.8281943 -0.546439 0.1244938 0.2680478 -0.7660445 0.5842313 -0.8652507 -0.1017405 0.4909075 -0.4457838 -0.5464389 0.7090002 -0.9452357 0.1642314 0.2820596 -0.465166 0.6103885 0.641129 -0.1795177 -0.08281043 0.9802631 -0.3828981 0.3625826 0.8496605 -0.4950381 0.7775411 0.387772 -0.9198734 0.3868007 0.06494688 0.4150843 -0.09595208 0.9047089 0.3522172 0.5353528 0.7676851 0.2545528 0.7920732 0.554818 0.7893864 0.6103886 0.06553515 0.8601615 -0.08281028 0.503254 0.8938058 0.3625827 0.2639034 0.6168144 0.7775412 -0.1223506 0.1403873 0.9416286 0.3059854 0.8303027 0.1642313 -0.5325649 0.6491811 0.3868009 -0.6549419 -0.4716138 0.8805136 0.04771056 0.3437567 0.8805136 -0.3263848 -0.04947922 0.9929358 -0.1078437 0.2731616 0.6411035 -0.7171953 -0.2680479 0.7660443 -0.5842315 -0.721821 0.6411034 -0.2606931 0.05718305 0.3038732 -0.9509948 -0.39918 0.2892714 -0.8700444 -0.7581874 0.3038731 -0.5768994 -0.3494196 -0.545793 -0.7615878 0.2325318 -0.5435654 -0.8065145 0.1774823 -0.4335143 -0.8834961 -0.7630297 -0.5435653 -0.3497464 -0.3153994 -0.6541801 -0.6874384 0.7094403 -0.1036202 -0.6971064 0.8047357 -0.2927607 -0.5164219 0.7609431 -0.1984359 -0.6177287 -0.2589592 -0.7838161 -0.5644222 0.3037145 -0.6631995 -0.6840496 0.6757223 -0.07403175 -0.7334294 0.1558316 -0.3890645 -0.9079347 -0.3609772 -0.5006744 -0.7867786 -0.785481 -0.4335142 -0.4416843 -0.7898854 -0.3890645 -0.4740358 -0.9966804 -0.07403151 0.03387605 -0.9911372 -0.1036204 0.08312575 -0.9163236 -0.2927606 0.2732075 -0.7166221 -0.6631995 -0.2159149 -0.9645563 -0.1984352 0.1739386 -0.9358334 0.09841303 0.3384238 -0.7633831 0.2065132 0.6120446 -0.9112976 0.005455677 0.4117123 -0.7832777 0.3147378 0.5361121 -0.7313925 0.08834983 0.6762095 -0.8769484 -0.07990665 0.473895 -0.2289251 0.5349557 0.8132746 -0.9422007 0.1370897 0.3057193 -0.7779191 0.366175 0.5106444 -0.2507004 0.6429727 0.7236957 -0.2580345 0.6812194 0.6850973 0.2682459 0.7656455 0.5846633 0.2846439 0.7308054 0.6204041 0.3611323 0.5000313 0.7871163 -0.2035972 0.3928227 0.8967935 0.322221 0.6347756 0.7023059 0.7658011 0.534956 0.3568904 0.7120991 0.6429728 0.281959 0.8944541 0.3661751 -0.256647 0.9172543 0.3147377 -0.2440997 0.6876231 0.6812195 0.251226 0.9896139 0.0883507 -0.1133948 0.8125926 0.392823 0.4305617 0.9618389 0.2065141 -0.1794933 0.866897 0.09841338 -0.4886762 0.90645 0.005455669 -0.4222779 0.9311842 -0.07990648 -0.3556838 0.8462584 0.1370896 -0.5148331 0.973384 -0.08304833 -0.2136037 0.9090277 -0.2158628 -0.3564715 -0.1525532 -0.9306825 -0.332502 0.4137332 -0.7798662 -0.4697165 0.775785 0.626746 0.07312352 0.8649886 0.07678193 -0.4958823 -0.05977946 -0.9896716 -0.1302943 0.4851296 -0.8077818 -0.3348699 0.9492244 -0.1244958 -0.2889183 0.3995556 0.2862758 0.8708625 0.4129112 0.1398348 0.8999725 -0.1898462 0.184778 0.9642694 0.854774 0.1847779 0.4849934 0.3571923 0.5160485 0.7785291 -0.216815 0.09130337 0.9719336 0.878173 0.09130339 0.4695487 -0.8463834 -0.1487211 0.5113875 -0.7967692 -0.08304855 0.5985497 -0.3670121 0.4642343 0.8060947 -0.9290213 0.187961 0.3187319 0.9396701 -0.1487213 -0.3080617 0.8475273 0.1879606 -0.4963549 0.8504204 0.464234 0.2475316 0.5517278 0.8266627 -0.1105682 0.1536483 0.9296455 0.3348903 -0.4436558 0.8266632 0.3461178 0.5036879 0.5228466 -0.687699 -0.8498116 0.5228482 -0.06670797 -0.8630949 -0.2158627 0.4565857 -0.8678972 -0.3972771 -0.2982035 -0.9400512 0.07678177 0.3322776 -0.6259041 -0.7798661 0.007273454 -0.8381034 -0.1244959 0.5311153 -0.5702503 -0.8077817 0.149343 -0.4505431 0.6267458 0.6357677 0.1464376 0.9363146 0.3191724 0.2206079 0.8486061 0.4808325 0.6612634 0.7450164 -0.08764343 -0.2215609 -0.8471771 -0.4829097 0.4324897 -0.5505402 -0.7140435 0.8217309 0.1027426 -0.5605376 0.4037182 0.8735289 -0.2719537 0.4532422 0.5190668 -0.7246662 0.3399992 -0.3972773 -0.8523915 0.04046413 0.995281 0.08819504 -0.4694603 0.8735288 0.1286638 -0.4977189 0.7450161 0.4441024 -0.9608493 0.1027427 0.2573178 0.1697663 0.8928313 -0.4171711 -0.1109271 0.9639712 -0.2417741 -0.4269557 0.8928311 -0.1433927 0.1119151 0.7171509 -0.6878732 -0.261873 0.778229 -0.5707732 -0.5944274 0.7171515 -0.3637992 -0.8449343 0.5190667 -0.1290571 -0.823347 -0.55054 -0.1378604 0.1546887 0.004882842 -0.9879512 -0.849796 0.004882538 -0.527089 -0.4060711 -0.2275237 -0.8850645 -0.3089115 0.6717476 -0.673297 -0.3413314 -0.5744721 -0.7439588 -0.8141935 0.1421578 -0.5629211 -0.8940528 -0.1775877 -0.4112569 -0.3920302 -0.3408944 -0.8544608 -0.4384376 0.8962089 -0.06769061 -0.6843524 0.3904816 -0.6157807 -0.2721223 0.7577409 -0.5931089 -0.6470795 0.6789118 -0.3469393 -0.08184116 0.9805531 -0.1783749 0.2713594 -0.1775871 -0.9459529 0.1043072 0.1421576 -0.9843329 -0.4168005 -0.03156851 -0.9084497 -0.03613106 0.4700477 -0.8819012 -0.3739779 0.4424084 -0.8151168 -0.6449515 0.4700479 -0.6025716 -0.02044632 0.3904809 -0.920384 -0.3896469 0.3562623 -0.8492659 0.2346392 0.8962093 -0.3765013 0.1590353 0.6789111 -0.7167897 0.4024085 0.3739298 0.8356099 0.7251147 0.3739308 0.5782598 0.2487892 0.9480191 0.1984031 0.1380676 0.948019 0.2867008 7.048874e-08 0.3739314 0.9274564 0.3461025 -0.6030748 0.718689 -3.531183e-07 0.9480191 0.3182134 0.6236553 -0.6030742 0.4973485 0.9042038 0.3739295 0.2063787 0.3102378 0.9480182 0.07080997 -1.800254e-06 1 -2.767898e-07 -1.10286e-06 1 -5.432024e-07 -2.185019e-07 1 -2.66625e-07 0.3461022 -0.6030748 -0.7186891 0.623655 -0.6030745 -0.4973485 0.2825404 -0.9324176 -0.2253185 0.1567976 -0.9324181 -0.3255933 0.7251144 0.3739321 -0.5782593 -1.379449e-08 -0.6030735 -0.7976857 0.4024088 0.3739294 -0.83561 0.9042027 0.3739322 -0.2063787 0.777685 -0.6030748 -0.1775017 0.3523216 -0.9324178 -0.08041542 0.352323 -0.9324173 0.08041501 -0.3102363 0.9480187 0.07080942 -0.7251144 0.3739317 0.5782596 -0.2487887 0.9480194 0.1984022 -0.1380676 0.9480193 0.2866997 -0.3461024 -0.6030738 0.7186899 -0.4024083 0.3739318 0.8356091 -0.9042034 0.3739304 0.2063788 -4.267349e-07 1 1.6109e-07 -0.3102346 0.9480193 -0.07080894 -0.9042032 0.3739312 -0.2063783 -0.7776848 -0.603075 -0.1775015 -0.7776852 -0.6030745 0.1775017 -0.6236549 -0.6030745 0.4973487 0.2825407 -0.9324175 0.2253182 0.7776863 -0.603073 0.1775019 0.1380682 0.9480184 -0.2867023 2.110751e-07 1 3.682822e-08 0.2487881 0.9480196 -0.1984019 -1.262298e-07 0.3739325 -0.9274559 -4.169332e-07 0.9480193 -0.3182129 -0.4024086 0.3739301 -0.8356097 -0.1380681 0.9480189 -0.2867008 -6.679845e-07 1 8.174148e-07 -0.2487908 0.9480186 -0.1984034 -0.7251148 0.3739305 -0.5782599 -0.3461019 -0.6030758 -0.7186884 -1.282457e-06 1 -4.676317e-07 4.373932e-07 1 1.207487e-06 -2.017936e-07 1 3.013172e-08 0.3102333 0.9480197 -0.07080899 -6.163418e-07 1 -5.677569e-10 0.1567988 -0.9324171 0.3255955 2.914743e-07 -0.6030755 0.7976841 3.457443e-07 -0.9324189 0.3613792 2.002371e-07 1 -8.731654e-08 -0.1567988 -0.9324168 0.3255963 -3.574459e-08 0.1348581 -0.9908649 -1.41101e-07 0.7093465 -0.70486 0.42992 0.1348582 -0.8927385 -0.3058277 0.7093464 -0.6350568 0.5510817 0.7093465 0.4394731 0.3058273 0.7093465 -0.6350568 0.7746892 0.1348583 -0.6177943 0.6871876 0.7093465 0.1568461 0.5510815 0.7093467 -0.439473 -0.6236552 -0.6030743 -0.4973486 8.008073e-08 1 1.181189e-07 9.434497e-08 -1 -1.040704e-07 7.579204e-08 -1 -9.513575e-08 -1.255089e-07 -1 -4.91901e-08 1.489141e-07 -1 -1.165254e-07 2.675564e-07 -1 -2.783547e-07 -5.646211e-08 -1 -1.223156e-07 1.28178e-07 -1 -1.644585e-07 1.321435e-06 -1 -5.188958e-07 -3.407433e-08 -1 -8.632186e-08 2.576991e-07 -1 -1.689135e-07 3.623684e-07 -1 -1.928036e-07 2.378761e-07 -1 -1.483928e-07 3.327031e-07 -1 -1.785175e-07 2.713543e-07 -1 -1.645151e-07 -3.149187e-07 1 -7.462891e-08 -8.42959e-07 1 9.608709e-07 0.3058272 0.7093465 0.635057 0.9660219 0.1348583 0.2204881 0.7746894 0.1348582 0.6177941 3.422593e-08 0.1348579 0.9908649 0.4299201 0.1348581 0.8927385 0.6871877 0.7093465 -0.156846 0.9660218 0.1348583 -0.2204883 -6.051463e-08 0.7093463 0.7048602 -0.4299201 0.1348578 0.8927385 -0.551082 0.7093464 -0.4394728 -0.3058275 0.7093462 0.6350571 -0.9660219 0.1348578 -0.2204882 -0.6871879 0.7093462 -0.156846 -0.7746893 0.1348577 0.6177944 -0.4299202 0.134858 -0.8927384 -0.7746895 0.1348579 -0.617794 -0.5510817 0.7093464 0.4394731 -0.9660219 0.1348578 0.2204884 -0.6871879 0.7093462 0.1568464 -0.2208093 -0.1237984 -0.9674281 -0.2208094 -0.1237984 -0.9674281 -0.2208094 -0.1237984 -0.9674281 -0.2208092 -0.1237984 -0.9674282 -0.6186934 -0.1237985 -0.7758173 -0.6186935 -0.1237986 -0.7758172 -0.6186935 -0.1237986 -0.7758171 -0.6186933 -0.1237985 -0.7758173 -0.894038 -0.1237986 -0.4305461 -0.894038 -0.1237986 -0.4305461 -0.894038 -0.1237986 -0.4305461 -0.894038 -0.1237986 -0.4305461 -0.9923073 -0.1237988 6.994388e-08 -0.9923073 -0.1237987 -3.860804e-08 -0.9923074 -0.1237987 -6.981573e-08 -0.9923073 -0.1237988 1.062704e-07 -0.8940378 -0.1237987 0.4305465 -0.8940379 -0.1237988 0.4305463 -0.8940379 -0.1237988 0.4305464 -0.8940378 -0.1237987 0.4305465 -0.6186937 -0.1237987 0.775817 -0.6186935 -0.1237987 0.7758171 -0.6186937 -0.1237988 0.775817 -0.6186935 -0.1237987 0.7758172 -0.2208089 -0.1237986 0.9674282 -0.220809 -0.1237987 0.9674282 -0.2208088 -0.1237986 0.9674282 -0.220809 -0.1237987 0.9674282 0.2208093 -0.1237986 0.9674281 0.2208095 -0.1237985 0.9674281 0.2208092 -0.1237986 0.9674281 0.2208096 -0.1237985 0.9674281 0.6186935 -0.1237984 0.7758172 0.6186936 -0.1237985 0.7758171 0.6186937 -0.1237985 0.775817 0.6186935 -0.1237984 0.7758172 0.8940381 -0.1237983 0.4305459 0.8940381 -0.1237982 0.4305461 0.894038 -0.1237982 0.4305462 0.8940382 -0.1237983 0.4305459 0.9923074 -0.1237981 -9.202133e-08 0.9923074 -0.1237981 -7.297976e-08 0.9923074 -0.1237981 -6.660756e-08 0.9923074 -0.1237981 -9.749561e-08 0.8940379 -0.123798 -0.4305465 0.8940379 -0.1237981 -0.4305464 0.8940379 -0.123798 -0.4305465 0.894038 -0.1237981 -0.4305464 0.6186937 -0.1237982 -0.7758171 0.6186934 -0.1237981 -0.7758173 0.6186938 -0.1237983 -0.775817 0.6186933 -0.1237981 -0.7758174 0.2208089 -0.1237983 -0.9674282 0.220809 -0.1237983 -0.9674282 0.220809 -0.1237983 -0.9674282 0.2208089 -0.1237983 -0.9674282 1.421039e-07 -0.9324176 -0.3613827 -0.2825404 -0.9324176 0.2253184 -0.3523214 -0.9324179 0.08041501 -0.3523214 -0.9324178 -0.08041531 -0.2825402 -0.9324176 -0.2253184 -0.1567966 -0.9324188 -0.3255918 -2.469289e-07 -0.126932 -0.9919114 0.430374 -0.1269316 -0.8936815 -1.194456e-07 -0.126932 -0.9919114 -0.4303743 -0.1269321 -0.8936813 0.4303742 -0.1269317 -0.8936814 0.7755074 -0.1269317 -0.6184469 0.7755075 -0.1269318 -0.6184467 0.9670421 -0.1269317 -0.2207214 0.9670421 -0.1269317 -0.2207213 0.9670422 -0.1269314 0.2207212 0.9670422 -0.1269314 0.220721 0.7755076 -0.1269313 0.6184467 0.7755076 -0.1269313 0.6184467 0.4303745 -0.1269313 0.8936813 0.4303744 -0.1269313 0.8936813 2.451891e-07 -0.1269317 0.9919115 2.201978e-07 -0.1269317 0.9919115 -0.4303742 -0.1269318 0.8936814 -0.4303741 -0.1269318 0.8936814 -0.7755075 -0.1269317 0.6184469 -0.7755075 -0.1269317 0.6184468 -0.9670421 -0.1269318 0.2207212 -0.9670421 -0.1269319 0.2207212 -0.9670421 -0.1269319 -0.2207211 -0.9670421 -0.126932 -0.2207211 -0.7755075 -0.1269321 -0.6184468 -0.7755074 -0.1269321 -0.6184468 -0.4303742 -0.1269321 -0.8936813 0.8863373 -0.4630399 0.0004863576 0.4634209 -0.5403472 0.702329 0.6738739 -0.7388464 -1.792083e-05 0.7910834 -0.008774502 -0.6116454 0.9856436 -0.1688365 0.000942242 0.6692839 -0.2757437 0.6899453 -0.0853946 -0.1017699 0.991136 0.06016287 -0.818085 0.5719417 0.07835267 -0.9969257 -3.945178e-07 0.06016262 -0.8180846 -0.5719423 0.4634488 -0.5403182 -0.7023329 0.6686205 -0.2768464 -0.6901468 0.7905889 -0.0103205 0.6122603 0.3236518 0.3857129 0.8639879 0.1386145 0.1651938 0.9764717 -0.09529859 -0.1029902 -0.9901067 -0.6484496 -0.7612212 -0.007438293 -0.4723149 -0.534753 -0.7006839 0.1378065 0.1642318 -0.9767483 -0.1460121 0.7775414 -0.6116452 0.3245646 0.3868011 -0.8631586 -0.3887461 0.6103886 -0.6901465 -0.6224519 0.3484554 -0.7008084 -0.9952185 -0.09598537 -0.01808157 -0.8161753 -0.08312743 -0.5717934 -0.8485639 0.529049 -0.006819381 -0.61041 0.7920856 -1.999148e-05 -0.8161034 -0.08281074 0.571942 -0.6126103 0.3625494 0.7023294 -0.1461746 0.7766976 0.6126776 -0.3366538 0.9416285 3.894593e-07 -0.3879792 0.610602 0.6903893 -0.4585166 -0.5464394 0.7008327 0.1533027 0.8805137 -0.4485463 0.1533024 0.8805134 0.448547 0.1186523 0.9929359 5.031962e-07 0.5529598 0.6376326 0.5363396 0.6518767 0.7582302 0.01198561 0.5379501 0.6411035 -0.5473536 0.8405158 0.3038734 -0.4485466 0.9533023 0.3017057 0.0137291 0.8398841 0.3270623 0.4331569 0.7570894 -0.6533107 -0.0008601331 0.7279874 -0.4332915 0.5313123 0.8378407 -0.5459147 -0.000378832 0.6353022 -0.5436579 0.5484772 0.2436723 -0.1996757 0.9490803 0.7604854 -0.3872892 0.5212188 0.8654974 -0.5009134 -0.0002057804 0.6364648 -0.5441839 -0.5466045 0.1381142 -0.2669086 0.9537737 0.3377061 -0.1046748 0.9354132 0.7290004 -0.4335134 -0.52974 0.760242 -0.389064 -0.5202512 0.384933 -0.0726575 -0.9200801 0.3368593 -0.1035889 -0.9358393 -0.2380604 0.2054941 -0.9492625 0.08291778 0.09758447 -0.9917671 -0.1606401 0.3147383 -0.9354863 -0.7344157 0.3929108 -0.5534028 -0.308803 0.08323324 -0.9474772 0.005789819 0.005111258 -0.9999702 0.1164083 0.1374062 -0.9836507 -0.6443164 0.535221 -0.5462553 -0.1397276 0.3661758 -0.9199954 -0.5532248 0.6429727 -0.5296494 -0.5150843 0.68122 -0.5202187 -0.6826889 0.730709 -0.0003726585 -0.6434729 0.7654689 -0.0002040252 -0.5133774 0.6817703 0.5211841 -0.7720175 0.6356007 -0.0008005817 -0.5528242 0.6420201 0.5312209 -0.6436926 0.5341663 0.5480203 -0.2390584 0.2061945 0.9488598 -0.1618538 0.3153904 0.9350573 -0.8651921 0.5014355 -0.002256264 0.00578997 0.005110888 0.9999702 0.3868544 -0.07193988 0.9193304 -0.04155478 -0.07590553 0.9962487 0.08291732 0.09758399 0.9917672 -0.3096128 0.08835037 0.9467492 0.1164089 0.1374045 0.9836508 -0.2398118 -0.09655541 0.9660059 0.4950833 -0.6631997 0.5613009 0.09756887 0.01576752 0.9951039 0.3682595 -0.9297169 0.00338246 0.2595168 -0.7800978 0.5692964 0.6225065 -0.7826102 -0.002616644 -0.07534711 -0.2161536 0.9734477 -0.3899705 0.626745 0.6746211 -0.133236 -0.1244969 0.9832338 0.7504705 0.6106155 -0.252869 -0.1161991 -0.1258835 0.9852163 -0.7969677 0.09677685 -0.5962187 0.09771372 0.1879623 -0.9773035 -0.10592 -0.1460116 -0.9835962 -0.2068544 -0.0877439 -0.9744292 -0.8041877 0.1881323 -0.5638159 -0.9562198 0.2926475 -0.001110038 -0.9898471 0.1421362 -2.089465e-07 -0.7301959 0.3928221 0.5590212 -0.7979484 0.189867 0.5720392 -0.5849892 0.4619782 -0.6666061 -0.7967093 0.0931876 0.5971351 -0.5849888 0.4619769 0.6666074 0.1051492 0.1895477 0.976225 0.4186734 0.5150438 0.7479588 -0.8599504 0.5103777 -1.898763e-07 -0.1295786 0.8266624 0.5475752 -0.120418 0.8279072 -0.5477856 0.4144009 0.5283945 -0.7409934 -0.04155313 -0.07590618 -0.9962488 0.2426976 -0.1988474 -0.9495038 0.08754502 0.06646862 -0.9939405 0.6394523 -0.3941926 -0.6600856 0.1323433 -0.2668736 -0.9546013 0.4958047 -0.6681913 -0.5547055 0.2569069 -0.7807053 -0.5696473 0.1445791 -0.9894643 0.007566521 -0.07418605 -0.2117138 -0.974512 -0.1332363 -0.1244951 -0.983234 0.1035364 -0.8114254 0.5752121 -0.3899708 0.6267463 -0.6746198 -0.3544224 0.9350806 0.00300812 -0.5290248 0.8486064 4.670898e-08 -0.1960925 0.745016 0.6375727 0.1668053 0.1027425 0.9806222 0.07882513 0.873529 0.4803475 0.4664319 -0.5563358 0.6877003 0.4696448 0.5190669 0.7141451 0.528657 -0.8488298 0.003124997 -0.1393537 0.3681939 0.9192463 -0.09253349 0.995687 0.006711111 0.3139355 0.8808192 -0.3544038 0.09371411 0.8708291 -0.4825705 0.3083727 0.8928315 0.3282656 0.266007 0.9639711 2.078703e-06 -0.1975659 0.7419733 -0.6406585 0.1668056 0.1027437 -0.9806221 0.56925 0.7208714 -0.3953466 0.4689589 0.5254442 -0.7099197 0.635239 0.7722617 0.009130489 0.5883361 0.7137819 0.3799685 0.1020613 -0.8077814 -0.5805796 0.8334456 0.004883207 0.55258 0.4686452 -0.5505388 -0.6908537 0.8334448 0.004884192 -0.5525812 0.8511657 0.1421583 -0.5052801 0.93722 -0.3486112 -0.00943358 0.7481126 -0.1832587 -0.6377646 0.8450651 0.3904816 -0.3652247 0.8386814 -0.5432517 -0.03861455 0.5753847 0.6821879 -0.4511676 -0.3684552 0.9296455 -4.342089e-07 0.66099 0.7503133 0.01104838 0.249329 0.8851104 -0.3929562 0.1962529 0.9805533 -1.481425e-06 0.9300899 0.3671484 0.01160824 0.6710365 -0.354202 0.6513455 0.7441652 -0.1725125 0.6453352 0.9995997 -0.02780756 -0.005222948 0.8427076 0.1468607 0.5179535 0.8166286 0.4700484 -0.3349211 0.892678 0.4506149 0.008498327 0.8129228 0.4852189 0.3220547 0.9737726 -0.2275234 1.100455e-07 0.2443574 0.8962089 0.3702689 0.5981811 0.6746445 0.4324744 0.8424395 0.4092781 0.35041 -0.2810168 -0.7388337 -0.6124984 0.3484559 -0.2768471 -0.8955078 0.4450898 -0.5403186 -0.7141085 0.4947514 -0.8180848 -0.2931864 -0.03267369 -0.9969257 -0.07121476 -0.5449279 -0.8180848 0.1838226 -0.8316139 -0.5403186 -0.1283513 -0.9060965 -0.2768471 -0.3199138 -0.3694856 -0.4636104 -0.8053234 0.936451 -0.1017405 -0.3357207 -0.8858145 -0.008775088 -0.4639565 -0.4110795 -0.1680269 -0.8959803 0.2260378 -0.008775096 -0.974079 0.8281943 -0.5464389 0.1244941 0.2680478 -0.7660444 0.5842314 -0.8652506 -0.1017405 0.4909075 -0.4457836 -0.546439 0.7090003 -0.9452357 0.1642313 0.2820595 -0.1795176 -0.08281032 0.9802632 -0.3828979 0.3625826 0.8496606 -0.4651659 0.6103886 0.6411291 -0.4950381 0.7775411 0.3877719 -0.9198734 0.3868009 0.06494684 0.3522171 0.5353528 0.7676852 0.4150842 -0.09595216 0.9047089 0.2545529 0.7920731 0.554818 0.7893864 0.6103886 0.06553518 0.8601615 -0.08281031 0.503254 0.8938057 0.3625828 0.2639036 0.6168144 0.7775412 -0.1223506 0.1403873 0.9416286 0.3059853 0.8303028 0.1642313 -0.5325649 0.6491811 0.386801 -0.6549419 -0.4716138 0.8805135 0.04771056 0.3437568 0.8805136 -0.3263849 -0.04947917 0.9929358 -0.1078436 0.2731616 0.6411036 -0.7171952 -0.2680479 0.7660443 -0.5842315 -0.7218209 0.6411035 -0.2606931 0.05718304 0.3038732 -0.9509948 -0.3991801 0.2892714 -0.8700444 -0.7581874 0.3038732 -0.5768995 -0.3494197 -0.5457927 -0.7615879 0.2325315 -0.5435654 -0.8065145 0.177482 -0.4335141 -0.8834963 -0.7630289 -0.5435657 -0.3497474 -0.3153994 -0.6541804 -0.6874381 -0.2589587 -0.783816 -0.5644226 0.3037147 -0.6631994 -0.6840496 0.8047354 -0.292761 -0.5164223 0.7609428 -0.1984364 -0.6177289 0.7094405 -0.1036198 -0.6971062 -0.3609772 -0.5006742 -0.7867787 0.675722 -0.07403184 -0.7334296 0.1558315 -0.3890644 -0.9079347 -0.7854806 -0.4335142 -0.441685 -0.7898853 -0.3890645 -0.4740359 -0.9966803 -0.07403195 0.03387562 -0.9911372 -0.1036202 0.08312577 -0.9645563 -0.1984366 0.1739371 -0.9163236 -0.2927607 0.2732072 -0.7166219 -0.6631997 -0.2159149 -0.9358331 0.09841371 0.3384244 -0.7633824 0.206514 0.6120451 -0.9112974 0.00545595 0.4117125 -0.7832776 0.314738 0.5361121 -0.8769482 -0.0799064 0.4738953 -0.7313918 0.08835081 0.6762102 -0.2289247 0.5349558 0.8132747 -0.9422006 0.1370898 0.3057194 -0.777919 0.3661752 0.5106444 -0.2507006 0.6429727 0.7236956 0.2682458 0.7656456 0.5846631 0.284644 0.7308054 0.6204041 -0.2580342 0.6812196 0.6850972 0.3611322 0.5000314 0.7871163 -0.2035969 0.3928229 0.8967934 0.3222209 0.6347754 0.7023061 0.7658012 0.5349558 0.3568903 0.712099 0.6429728 0.2819592 0.6876229 0.6812197 0.2512259 0.894454 0.3661754 -0.2566471 0.9172543 0.314738 -0.2440993 0.9618389 0.2065139 -0.1794938 0.989614 0.08835085 -0.1133946 0.8125928 0.392823 0.4305614 0.8668971 0.0984138 -0.488676 0.90645 0.005455784 -0.4222779 0.9311843 -0.07990646 -0.3556836 0.8462584 0.1370899 -0.5148331 0.9733839 -0.08304857 -0.2136039 0.9090277 -0.2158627 -0.3564716 -0.1525532 -0.9306825 -0.3325021 0.4137331 -0.7798664 -0.4697162 0.7757852 0.6267458 0.07312316 0.8649886 0.07678204 -0.4958823 0.9492245 -0.1244957 -0.2889181 -0.05977923 -0.9896717 -0.1302937 0.4851293 -0.807782 -0.3348698 0.3995553 0.2862762 0.8708625 0.854774 0.184778 0.4849933 0.4129112 0.1398347 0.8999726 -0.1898463 0.1847779 0.9642694 0.3571924 0.5160478 0.7785295 -0.2168151 0.09130363 0.9719336 0.8781729 0.09130361 0.4695487 -0.8463835 -0.1487211 0.5113873 -0.7967692 -0.08304868 0.5985497 -0.9290213 0.1879616 0.3187317 -0.3670121 0.4642345 0.8060946 0.9396702 -0.148721 -0.3080617 0.8475273 0.1879607 -0.496355 0.8504204 0.4642341 0.2475316 -0.4436555 0.8266628 0.3461191 0.5517271 0.8266631 -0.1105682 0.1536486 0.9296454 0.3348905 0.5036876 0.5228464 -0.6876994 -0.8498119 0.5228478 -0.06670835 -0.863095 -0.2158627 0.4565855 -0.867897 -0.3972774 -0.2982038 -0.9400512 0.07678191 0.3322774 -0.6259037 -0.7798664 0.00727339 -0.8381033 -0.1244958 0.5311155 -0.57025 -0.807782 0.1493425 -0.4505432 0.6267457 0.6357677 0.1464373 0.9363148 0.3191719 0.2206078 0.8486062 0.4808323 0.6612636 0.7450163 -0.08764282 -0.2215613 -0.8471767 -0.4829101 0.4324897 -0.5505395 -0.7140441 0.8217306 0.1027433 -0.5605378 0.4037181 0.8735288 -0.2719541 0.4532416 0.5190667 -0.7246667 0.3399992 -0.3972773 -0.8523915 0.0404643 0.995281 0.08819528 -0.4694604 0.8735288 0.1286639 -0.4977183 0.7450162 0.444103 -0.9608494 0.1027431 0.2573175 0.1697662 0.892831 -0.4171718 -0.1109268 0.9639714 -0.2417735 -0.4269558 0.892831 -0.1433932 0.1119161 0.7171499 -0.6878741 -0.2618728 0.7782286 -0.570774 -0.594428 0.7171513 -0.3637986 -0.8449344 0.5190665 -0.1290577 -0.8233473 -0.5505394 -0.1378607 -0.8497961 0.004882115 -0.527089 -0.4060711 -0.2275224 -0.8850649 0.1546885 0.004884105 -0.9879512 -0.3089118 0.6717469 -0.6732975 -0.3413312 -0.5744728 -0.7439584 -0.8141935 0.142157 -0.5629212 -0.8940527 -0.1775872 -0.4112573 -0.3920302 -0.3408945 -0.8544608 -0.4384378 0.8962089 -0.06769016 -0.6843531 0.390481 -0.6157803 -0.08183907 0.9805534 -0.1783746 -0.6470804 0.6789112 -0.3469388 -0.2721221 0.7577412 -0.5931086 0.2713591 -0.1775866 -0.9459531 0.1043072 0.142157 -0.984333 -0.4168005 -0.03156917 -0.9084496 -0.644951 0.4700487 -0.6025715 -0.3739769 0.4424078 -0.8151175 -0.03613087 0.4700483 -0.8819009 -0.3896469 0.3562615 -0.8492662 -0.02044599 0.3904798 -0.9203844 0.2346397 0.8962095 -0.3765007 0.1590363 0.678912 -0.7167887 -0.440209 -0.8355626 0.3287113 -0.5154936 -0.7085726 -0.4818623 -0.178268 -0.9732103 0.1451973 -0.910365 -0.4019864 -0.09819622 -0.7610431 -0.5773235 -0.2958225 0.296396 -0.6863083 0.6641764 -0.7294753 0.06143952 -0.6812422 -0.4630384 -0.05931208 -0.8843515 -0.0419652 -0.753027 -0.65665 0.3481409 -0.9090484 -0.2289735 0.6191973 -0.7348961 0.276627 -0.885661 0.1715001 -0.4315001 0.135997 -0.2552541 -0.9572618 0.765587 -0.3566282 -0.5354371 0.6815172 -0.02792521 0.7312691 0.9526557 -0.2328591 0.1955093 0.036246 -0.5554577 0.8307545 0.3997268 0.09170639 0.9120353 -0.6297829 -0.622545 0.4645548 0.1128505 0.1926276 0.9747612 -0.2091702 -0.3825923 0.8999283 0.4271852 0.7332526 0.5290117 0.1421544 0.7599878 0.6342009 0.7004785 0.6176275 0.3575837 0.9431757 0.3286916 0.04879968 0.383053 0.8747804 -0.2966978 0.1109829 0.9889333 -0.09845702 0.7362129 0.4073802 -0.5403998 -0.3715054 0.7116346 -0.5962885 -0.1051461 0.5960327 -0.7960461 0.2640921 0.3307547 -0.9060114 -0.149395 0.9855044 0.08038786 -0.570733 0.7403753 -0.3551172 -0.2058749 0.701795 0.6819819 -0.4860287 0.8140117 0.3180582 -0.9551107 0.2961484 -0.007728597 -0.7168357 0.693668 -0.07050817 -0.765587 0.3566279 0.5354373 -0.3243517 0.3071381 0.8946855 -0.4652044 -0.1590608 0.8707953 -0.788975 -0.2200853 0.5736558 -0.9778043 -0.1504095 0.1458617 -0.2715734 -0.9390852 0.2106344 -0.6471929 -0.7415431 -0.1767911 -0.3724662 -0.8844662 0.2810488 -0.03324432 -0.7241606 0.6888297 -0.5475383 -0.7926112 -0.268271 -0.7751106 -0.2652657 -0.5734436 -0.6816913 -0.7179209 -0.1410197 -0.4101929 -0.8586758 0.3072746 -0.0807298 -0.6999363 0.709628 -0.1234477 -0.9863175 0.1092633 -0.4066701 -0.8290632 -0.3837625 -0.5410627 -0.315467 -0.7795715 -0.6410279 -0.307059 -0.7034188 -0.7376351 -0.2691583 -0.6192319 0.3437843 -0.2408576 0.9076343 0.4567724 -0.2779048 0.8450609 0.0870316 -0.7752312 0.6256533 0.5614956 -0.2852313 0.7767663 0.2388678 -0.8119537 0.53261 0.6335323 0.3111836 0.7083795 0.7308071 0.242768 0.6379535 0.571809 0.01749945 0.8202001 0.4749803 0.06064668 0.8779041 0.5270861 0.3679166 0.7660402 0.2864115 -0.2364181 0.9284799 0.4304369 0.07901862 0.8991552 0.482489 0.4024378 0.777977 0.5550245 0.7896209 0.2616229 0.6360043 -0.03031455 0.7710899 0.4377589 0.8391666 0.3227483 0.3897995 0.8538819 0.3448797 0.1457445 0.9817311 -0.1223219 0.1877118 0.9704179 -0.1518331 0.2893722 0.9308582 -0.2230844 -0.07594546 0.7722792 -0.6307275 0.6816932 0.7070673 0.1880163 0.041381 0.6916589 -0.7210379 0.4093144 0.8585094 -0.3089067 -0.1745142 0.8223766 -0.5415178 -0.2115722 0.8373907 -0.5039981 -0.5841525 -0.01420103 -0.8115197 -0.5156546 -0.06189573 -0.8545579 -0.6714978 0.0292075 -0.7404307 -0.3625536 0.207878 -0.9084831 -0.4632095 0.2802563 -0.8407695 -0.7066587 0.04783674 -0.7059356 -0.5543317 0.3382617 -0.7604574 -0.581022 0.3732734 -0.723243 -0.3811336 0.008499923 -0.9244809 -0.654223 -0.006826332 -0.7562709 0.1126633 -0.9918791 -0.05901489 -0.1970601 -0.8167514 -0.5422955 -0.4217468 -0.1676238 -0.8910847 -0.3674027 0.7265068 -0.580692 -0.4235009 -0.05955077 -0.9039362 -0.6327909 0.1724807 0.7548683 0.6409835 0.6078825 -0.4686353 0.8707932 0.4794409 0.1088833 0.8221967 0.5582705 0.1110257 0.6127089 0.6986639 0.3694002 -0.1578848 0.6775323 -0.718347 0.4026257 0.8641045 -0.3020198 0.558322 0.7177467 -0.4160724 0.4130091 0.1299308 0.9014108 0.7027496 -0.03784809 0.7104299 0.7673511 0.04758642 0.639459 0.1808562 0.46269 -0.8678762 -0.7102135 0.1011962 -0.696675 -0.4343513 -0.09163879 -0.8960699 0.167711 0.5465262 -0.8204768 -0.9358429 0.2483364 -0.2500542 -0.5665212 0.7731637 -0.2850816 0.06671679 0.7905287 0.6087801 -0.1153593 0.9913578 0.06246538 -0.07675244 0.2632974 0.9616567 0.488966 -0.01166012 0.8722249 0.04146958 -0.6405895 0.7667629 0.4616417 -0.7994181 0.3844706 0.7035545 -0.1367643 0.6973568 0.7131132 -0.02838155 0.7004742 0.5876608 -0.7501204 0.3032724 -0.07728199 -0.7683547 -0.6353412 0.4124553 0.7478928 0.5201317 -0.1246999 0.9897845 0.06911295 0.03121631 0.9986501 -0.04151468 -0.5360118 0.7314697 -0.4214777 -0.7300939 0.0009698372 -0.6833461 0.2972607 -0.9352061 -0.1924205 -0.5017288 -0.7218507 -0.4766548 -0.0215372 -0.9988966 0.04173292 -0.5963491 -0.6690105 0.4436132 -0.9170133 -0.3981043 -0.0244871 -0.9528019 0.2256932 -0.2030545 -0.7020233 0.7018332 -0.1208039 -0.3433674 0.9117183 0.2255405 -0.136377 0.7274132 0.6725112 -0.1301401 0.2363861 0.9629045 0.4070143 0.02417894 0.9131017 0.2098516 0.7544467 0.6219104 -0.5758909 0.7162843 0.3940641 -0.388489 0.6416724 0.6613115 -0.9237046 0.3466598 0.1630853 -0.778693 0.6178761 0.108933 -0.7600295 0.3744746 0.5311534 -0.4756775 0.351319 0.8064154 0.2922811 -0.7019723 0.6494665 -0.2730843 -0.3923085 0.8783615 -0.3516219 -0.8845984 0.3063459 -0.084391 -0.502397 0.8605088 -0.5600533 -0.04659726 0.8271451 -0.3571489 -0.2733286 0.8931608 -0.6999785 -0.5105164 0.4994028 -0.5277469 -0.7570167 0.3852388 -0.437041 0.3131462 0.8431694 -0.8009192 -0.1314021 0.5841763 -0.3079025 0.6582294 0.6869717 -0.5360698 0.7611943 0.3649828 -0.7657277 0.3342067 0.5495152 -0.6828647 -0.6503688 -0.3327406 -0.8276374 -0.5284143 -0.189195 -0.9526633 -0.2977674 0.06137716 -0.962489 0.008182756 0.2711974 -0.8145261 -0.04965189 0.5779982 -0.5753221 0.01880076 0.8177108 -0.9679347 -0.07563981 0.2395435 -0.7621585 0.6457713 0.04575832 -0.9446523 0.3089974 0.1102386</float_array>
          <technique_common>
            <accessor count="872" source="#normals-array-array" stride="3">
              <param type="float" name="X" />
              <param type="float" name="Y" />
              <param type="float" name="Z" />
            </accessor>
          </technique_common>
        </source>
        <source id="texcoords-array">
          <float_array count="1744" id="texcoords-array-array">0.8833116 0.9173993 0.9008141 0.8517607 0.8982071 0.9164935 0.9062866 0.9617489 0.8993777 0.9709356 0.9008141 0.8517607 0.8869388 0.8517607 0.9062866 0.9617489 0.8982071 0.9164935 0.9378148 0.9173993 0.9110264 0.8037581 0.9012901 0.8033638 0.9110264 0.8037581 0.9378148 0.9709356 0.9378148 0.9902149 0.9378148 0.9173993 0.9378148 0.9709356 0.9378148 0.8517607 0.9748156 0.8517607 0.9693429 0.9617489 0.9774225 0.9164935 0.9646032 0.8037581 0.9378148 0.8033638 0.9762519 0.9709356 0.992318 0.9173993 0.9886909 0.8517607 0.9748155 0.8517607 0.9693429 0.9617489 0.9774225 0.9164935 0.9646032 0.8037581 0.9743395 0.8033638 0.9378148 0.8517607 0.9378148 0.8033638 0.9542326 0.7812236 0.9542326 0.7812236 0.9562796 0.7772238 0.9378148 0.7772238 0.9378148 0.7688301 0.9378148 0.7772238 0.921397 0.7812236 0.9193499 0.7772238 0.921397 0.7812236 0.5718377 0.5492924 0.568663 0.589685 0.5701828 0.5493424 0.568663 0.589685 0.5700877 0.5896869 0.5654939 0.5494676 0.5660877 0.6350524 0.5646261 0.5896797 0.5729555 0.6351532 0.571162 0.6350724 0.5676023 0.5132066 0.573851 0.5129911 0.5760565 0.5129049 0.5701828 0.5493424 0.573851 0.5129911 0.5676024 0.5132066 0.5654939 0.5494676 0.5660877 0.6350524 0.571162 0.6350724 0.5646261 0.5896797 0.5591502 0.5495423 0.5537018 0.5896713 0.5591642 0.5896742 0.5528064 0.5494666 0.5524484 0.6350321 0.5592561 0.6354743 0.5496642 0.5896704 0.5591483 0.5133359 0.5506941 0.5132066 0.5481175 0.5493406 0.5444455 0.5129911 0.54224 0.5129049 0.5464626 0.5492902 0.5456157 0.6350998 0.5474002 0.6350285 0.5482391 0.5896702 0.5496642 0.5896704 0.5481175 0.5493406 0.5506941 0.5132066 0.5528064 0.5494666 0.5444455 0.5129911 0.5524484 0.6350321 0.5474002 0.6350285 0.5537018 0.5896713 0.5591502 0.5495423 0.5591642 0.5896742 0.5592561 0.6354743 0.5591483 0.5133359 0.5491652 0.6750944 0.5704586 0.6750873 0.5813096 0.6749875 0.5784378 0.6748094 0.5655007 0.6988285 0.5597627 0.6820427 0.5940518 0.6993433 0.5895844 0.6990733 0.5776027 0.6985415 0.5386074 0.6748778 0.5288349 0.6992673 0.5414012 0.6747341 0.5414012 0.6747341 0.5223722 0.7141469 0.5330649 0.6990775 0.5330649 0.6990775 0.5444117 0.6987571 0.5491652 0.6750944 0.5273148 0.7139633 0.540495 0.7134738 0.5444117 0.6987571 0.540495 0.7134737 0.5273148 0.7139633 0.5281206 0.7266647 0.5242212 0.7269289 0.5281206 0.7266647 0.5388389 0.7264999 0.5388389 0.7264999 0.5704586 0.6750873 0.5558937 0.6992475 0.5597627 0.6820427 0.5784378 0.6748094 0.5776027 0.6985415 0.5895844 0.6990733 0.5655007 0.6988285 0.5642994 0.7114551 0.5612214 0.6995131 0.5696446 0.7117438 0.603497 0.7135721 0.5981519 0.7132834 0.5838982 0.7125136 0.5746689 0.7234374 0.5866255 0.7240864 0.5558937 0.6992475 0.5703045 0.7233826 0.5746689 0.7234374 0.5696446 0.7117438 0.5838982 0.7125136 0.579265 0.7304661 0.5781689 0.7317722 0.579265 0.7304661 0.5870682 0.7320353 0.5870914 0.734784 0.5870682 0.7320353 0.5866255 0.7240863 0.5981519 0.7132834 0.59858 0.7244771 0.59858 0.7244771 0.6029466 0.72479 0.5600438 0.6929221 0.5599949 0.7000075 0.549558 0.7260309 0.5536752 0.712984 0.5586178 0.7128004 0.5318016 0.7343943 0.5453709 0.734081 0.5385732 0.7390212 0.538582 0.7357814 0.5309169 0.7359403 0.5536752 0.712984 0.549558 0.7260309 0.5534566 0.7260708 0.5948493 0.7309852 0.5959676 0.7322985 0.5948493 0.7309852 0.5453709 0.734081 0.5462471 0.7356226 0.5318016 0.7343943 0.538582 0.7357816 0.5975502 0.2273651 0.617801 0.2273638 0.6169603 0.245906 0.5970837 0.245906 0.5722979 0.2273651 0.5973295 0.1505667 0.5722979 0.245906 0.6174033 0.1505667 0.6290393 0.2273638 0.627991 0.245906 0.6240024 0.245906 0.6137617 0.245906 0.5722979 0.245906 0.5973295 0.1505667 0.6174033 0.1505667 0.6165626 0.1393977 0.596863 0.1393977 0.617801 0.2273638 0.5722979 0.1505667 0.5975502 0.2273638 0.6290393 0.2273638 0.6285434 0.1505667 0.6274951 0.1393977 0.6274951 0.1393977 0.5166049 0.245906 0.5267949 0.2273638 0.5276356 0.245906 0.5475122 0.245906 0.5472664 0.1505667 0.5470456 0.2273651 0.5155566 0.2273638 0.5205935 0.245906 0.5166049 0.245906 0.5155566 0.2273638 0.5160525 0.1505667 0.5160525 0.1505667 0.5271926 0.1505667 0.6165626 0.1393977 0.6285434 0.1505667 0.5970837 0.245906 0.6137617 0.245906 0.6169603 0.245906 0.5722979 0.2273638 0.5722979 0.245906 0.5470456 0.2273638 0.5475122 0.245906 0.5953086 0.245906 0.5276356 0.245906 0.5267949 0.2273638 0.5472664 0.1505667 0.5308342 0.245906 0.5492873 0.245906 0.5722979 0.245906 0.627991 0.245906 0.6240024 0.245906 0.596863 0.1393977 0.5722979 0.1505667 0.5722979 0.1393977 0.5308342 0.245906 0.5477329 0.1393977 0.5614465 0.9787574 0.5614465 0.7744306 0.5384359 0.9787574 0.5794684 0.7744306 0.5289722 0.7744306 0.5434247 0.7744306 0.5199828 0.9787574 0.5209517 0.7744306 0.5289722 0.7744306 0.5271926 0.1505667 0.5205935 0.245906 0.517168 0.1389409 0.5259379 0.138941 0.517168 0.1389409 0.5417408 0.138941 0.5969552 0.1389409 0.6057251 0.1389409 0.5811524 0.1389409 0.6057251 0.1389409 0.5969552 0.138941 0.5259379 0.1389409 0.5614465 0.138941 0.5614465 0.1389409 0.5417408 0.1389409 0.5811524 0.138941 0.5953086 0.245906 0.5492873 0.245906 0.5434247 0.7744306 0.5097421 0.9787574 0.5199828 0.9787574 0.5614465 0.9787574 0.5384359 0.9787574 0.5209517 0.7744306 0.5097421 0.9787574 0.5614465 0.7744306 0.5844572 0.9787574 0.5939209 0.7744306 0.5794684 0.7744306 0.613151 0.9787574 0.6019414 0.7744306 0.6029103 0.9787574 0.5844572 0.9787574 0.6029103 0.9787574 0.5939209 0.7744306 0.613151 0.9787574 0.6019414 0.7744306 0.5614465 0.9691442 0.5614465 0.7909592 0.5409719 0.7909592 0.5368815 0.9691442 0.7936539 0.2824948 0.7698638 0.4606798 0.7895635 0.4606798 0.7772346 0.2824948 0.5245526 0.7909592 0.5062494 0.9691442 0.5171819 0.9691442 0.5154405 0.7909592 0.7681225 0.2824948 0.7589314 0.4606798 0.7589314 0.4606798 0.7681225 0.2824948 0.5062494 0.9691442 0.5154405 0.7909592 0.5245526 0.7909592 0.5171819 0.9691442 0.7698638 0.4606798 0.7936539 0.2824948 0.7895635 0.4606798 0.7772346 0.2824948 0.5368815 0.9691442 0.5614465 0.7909592 0.5614465 0.9691442 0.5409719 0.7909592 0.8141285 0.4606798 0.8346031 0.2824948 0.8386936 0.4606798 0.8141285 0.2824948 0.5819212 0.7909592 0.6057112 0.9691442 0.5860116 0.9691442 0.5983405 0.7909592 0.8693257 0.4606798 0.8510225 0.2824948 0.8601345 0.2824948 0.8583932 0.4606798 0.6166437 0.9691442 0.6074526 0.7909592 0.6074526 0.7909592 0.6166437 0.9691442 0.8693257 0.4606798 0.8510225 0.2824948 0.8583932 0.4606798 0.8601345 0.2824948 0.6057112 0.9691442 0.5819212 0.7909592 0.5860116 0.9691442 0.5983405 0.7909592 0.8386936 0.4606798 0.8346031 0.2824948 0.8141285 0.2824948 0.8141285 0.4606798 0.5722979 0.1393977 0.5280333 0.1393977 0.5171008 0.1393977 0.5171008 0.1393977 0.5280333 0.1393977 0.5477329 0.1393977 0.5815991 0.24529 0.6020737 0.24529 0.5815991 0.1234388 0.5618933 0.1234388 0.6013049 0.1234388 0.6184931 0.24529 0.6171077 0.1234388 0.6276051 0.24529 0.6258777 0.1234388 0.6258777 0.1234388 0.6276051 0.24529 0.6171077 0.123439 0.6184931 0.24529 0.6013049 0.123439 0.6020737 0.24529 0.5815991 0.24529 0.5815991 0.123439 0.5611245 0.24529 0.5618933 0.123439 0.5447052 0.24529 0.5460905 0.123439 0.5355931 0.24529 0.5373206 0.1234388 0.5373206 0.1234388 0.5355931 0.24529 0.5460905 0.1234388 0.5447052 0.24529 0.5611245 0.24529 0.8869388 0.8517607 0.8982071 0.9164935 0.8833116 0.9173993 0.9110264 0.8037581 0.9012901 0.8033638 0.9008141 0.8517607 0.9378148 0.9173993 0.9062866 0.9617489 0.8993777 0.9709356 0.9062866 0.9617489 0.8982071 0.9164935 0.9008141 0.8517607 0.9110264 0.8037581 0.9378148 0.8033638 0.9378148 0.8517607 0.9378148 0.9173993 0.9378148 0.9902149 0.9378148 0.9709356 0.9378148 0.8517607 0.9646032 0.8037581 0.9378148 0.8033638 0.9748156 0.8517607 0.9774225 0.9164935 0.9762519 0.9709356 0.9693429 0.9617489 0.992318 0.9173993 0.9886909 0.8517607 0.9693429 0.9617489 0.9774225 0.9164935 0.9646032 0.8037581 0.9743395 0.8033638 0.9748155 0.8517607 0.9378148 0.9709356 0.9542326 0.7812236 0.9542326 0.7812236 0.9562796 0.7772238 0.9378148 0.7772238 0.9378148 0.7688301 0.9378148 0.7772238 0.921397 0.7812236 0.9193499 0.7772238 0.921397 0.7812236 0.5700877 0.5896869 0.5701828 0.5493424 0.5718377 0.5492924 0.568663 0.589685 0.5646261 0.5896797 0.573851 0.5129911 0.5760565 0.5129049 0.568663 0.589685 0.5660877 0.6350524 0.5654939 0.5494676 0.5701828 0.5493424 0.573851 0.5129911 0.5676024 0.5132066 0.5654939 0.5494676 0.5537018 0.5896713 0.5591502 0.5495423 0.5528064 0.5494666 0.5474002 0.6350285 0.5524484 0.6350321 0.5591642 0.5896742 0.5591483 0.5133359 0.5496642 0.5896704 0.5506941 0.5132066 0.5481175 0.5493406 0.5444455 0.5129911 0.5464626 0.5492902 0.54224 0.5129049 0.5444455 0.5129911 0.5482391 0.5896702 0.5481175 0.5493406 0.5496642 0.5896704 0.5537018 0.5896713 0.5528064 0.5494666 0.5456157 0.6350998 0.5591642 0.5896742 0.5676023 0.5132066 0.5592561 0.6354743 0.5591502 0.5495423 0.5524484 0.6350321 0.5591483 0.5133359 0.5491652 0.6750944 0.571162 0.6350724 0.5597627 0.6820427 0.5813096 0.6749875 0.5784378 0.6748094 0.5729555 0.6351532 0.5704586 0.6750873 0.5655007 0.6988285 0.5776027 0.6985415 0.5600438 0.6929221 0.5444117 0.6987571 0.5330649 0.6990775 0.540495 0.7134738 0.5444117 0.6987571 0.5491652 0.6750944 0.5414012 0.6747341 0.5386074 0.6748778 0.5288349 0.6992673 0.5474002 0.6350285 0.5414012 0.6747341 0.5273148 0.7139633 0.5330649 0.6990775 0.5273148 0.7139633 0.540495 0.7134737 0.5388389 0.7264999 0.5223722 0.7141469 0.5281206 0.7266647 0.5281206 0.7266647 0.5388389 0.7264999 0.5592561 0.6354743 0.5646261 0.5896797 0.5597627 0.6820427 0.5558937 0.6992475 0.5660877 0.6350524 0.571162 0.6350724 0.5784378 0.6748094 0.5940518 0.6993433 0.5704586 0.6750873 0.5776027 0.6985415 0.5895844 0.6990733 0.5655007 0.6988285 0.5642994 0.7114551 0.5612214 0.6995131 0.5696446 0.7117438 0.5838982 0.7125136 0.5746689 0.7234374 0.5981519 0.7132834 0.5866255 0.7240864 0.603497 0.7135721 0.5506941 0.5132066 0.5703045 0.7233826 0.579265 0.7304661 0.5746689 0.7234374 0.579265 0.7304661 0.5781689 0.7317722 0.5696446 0.7117438 0.5838982 0.7125136 0.5870682 0.7320353 0.5866255 0.7240863 0.5870914 0.734784 0.5870682 0.7320353 0.5895844 0.6990733 0.59858 0.7244771 0.5981519 0.7132834 0.59858 0.7244771 0.549558 0.7260309 0.5586178 0.7128004 0.5536752 0.712984 0.5453709 0.734081 0.5599949 0.7000075 0.538582 0.7357814 0.5242212 0.7269289 0.5385732 0.7390212 0.5318016 0.7343943 0.5309169 0.7359403 0.5462471 0.7356226 0.5558937 0.6992475 0.5536752 0.712984 0.5534566 0.7260708 0.549558 0.7260309 0.5948493 0.7309852 0.5959676 0.7322985 0.5948493 0.7309852 0.6029466 0.72479 0.5318016 0.7343943 0.538582 0.7357816 0.5453709 0.734081 0.8833116 0.9173993 0.9008141 0.8517607 0.8982071 0.9164935 0.9062866 0.9617489 0.8993777 0.9709356 0.9062866 0.9617489 0.8982071 0.9164935 0.9008141 0.8517607 0.8869388 0.8517607 0.9378148 0.9173993 0.9110264 0.8037581 0.9012901 0.8033638 0.9110264 0.8037581 0.9378148 0.9709356 0.9378148 0.9902149 0.9378148 0.9173993 0.9378148 0.9709356 0.9378148 0.8517607 0.9693429 0.9617489 0.9774225 0.9164935 0.9748156 0.8517607 0.9646032 0.8037581 0.9378148 0.8033638 0.992318 0.9173993 0.9762519 0.9709356 0.9886909 0.8517607 0.9748155 0.8517607 0.9693429 0.9617489 0.9774225 0.9164935 0.9646032 0.8037581 0.9743395 0.8033638 0.9378148 0.8517607 0.9378148 0.8033638 0.9542326 0.7812236 0.9542326 0.7812236 0.9562796 0.7772238 0.9378148 0.7772238 0.9378148 0.7688301 0.9378148 0.7772238 0.921397 0.7812236 0.9193499 0.7772238 0.921397 0.7812236 0.5718377 0.5492924 0.568663 0.589685 0.5701828 0.5493424 0.568663 0.589685 0.5700877 0.5896869 0.5729555 0.6351532 0.571162 0.6350724 0.5660877 0.6350524 0.5646261 0.5896797 0.5654939 0.5494676 0.5760565 0.5129049 0.5676023 0.5132066 0.573851 0.5129911 0.5701828 0.5493424 0.573851 0.5129911 0.5676024 0.5132066 0.5654939 0.5494676 0.5646261 0.5896797 0.5660877 0.6350524 0.571162 0.6350724 0.5591502 0.5495423 0.5537018 0.5896713 0.5591642 0.5896742 0.5528064 0.5494666 0.5592561 0.6354743 0.5524484 0.6350321 0.5496642 0.5896704 0.5591483 0.5133359 0.5506941 0.5132066 0.5481175 0.5493406 0.54224 0.5129049 0.5464626 0.5492902 0.5444455 0.5129911 0.5456157 0.6350998 0.5474002 0.6350285 0.5482391 0.5896702 0.5496642 0.5896704 0.5481175 0.5493406 0.5444455 0.5129911 0.5506941 0.5132066 0.5528064 0.5494666 0.5537018 0.5896713 0.5524484 0.6350321 0.5474002 0.6350285 0.5591502 0.5495423 0.5591642 0.5896742 0.5592561 0.6354743 0.5591483 0.5133359 0.5491652 0.6750944 0.5704586 0.6750873 0.5813096 0.6749875 0.5784378 0.6748094 0.5655007 0.6988285 0.5597627 0.6820427 0.5776027 0.6985415 0.5940518 0.6993433 0.5895844 0.6990733 0.5386074 0.6748778 0.5414012 0.6747341 0.5288349 0.6992673 0.5414012 0.6747341 0.5223722 0.7141469 0.5330649 0.6990775 0.5330649 0.6990775 0.5444117 0.6987571 0.5491652 0.6750944 0.540495 0.7134738 0.5273148 0.7139633 0.5444117 0.6987571 0.540495 0.7134737 0.5273148 0.7139633 0.5281206 0.7266647 0.5281206 0.7266647 0.5242212 0.7269289 0.5388389 0.7264999 0.5388389 0.7264999 0.5704586 0.6750873 0.5558937 0.6992475 0.5597627 0.6820427 0.5784378 0.6748094 0.5776027 0.6985415 0.5895844 0.6990733 0.5655007 0.6988285 0.5642994 0.7114551 0.5612214 0.6995131 0.5696446 0.7117438 0.603497 0.7135721 0.5981519 0.7132834 0.5838982 0.7125136 0.5746689 0.7234374 0.5866255 0.7240864 0.5558937 0.6992475 0.5703045 0.7233826 0.5746689 0.7234374 0.5696446 0.7117438 0.5838982 0.7125136 0.579265 0.7304661 0.5781689 0.7317722 0.579265 0.7304661 0.5870682 0.7320353 0.5870914 0.734784 0.5870682 0.7320353 0.5866255 0.7240863 0.5981519 0.7132834 0.59858 0.7244771 0.6029466 0.72479 0.59858 0.7244771 0.5600438 0.6929221 0.5599949 0.7000075 0.549558 0.7260309 0.5536752 0.712984 0.5586178 0.7128004 0.5318016 0.7343943 0.5453709 0.734081 0.5309169 0.7359403 0.538582 0.7357814 0.5385732 0.7390212 0.5536752 0.712984 0.549558 0.7260309 0.5534566 0.7260708 0.5948493 0.7309852 0.5959676 0.7322985 0.5948493 0.7309852 0.5462471 0.7356226 0.5453709 0.734081 0.5318016 0.7343943 0.538582 0.7357816 0.8869388 0.8517607 0.8982071 0.9164935 0.8833116 0.9173993 0.9110264 0.8037581 0.9008141 0.8517607 0.8982071 0.9164935 0.9378148 0.8517607 0.9378148 0.9173993 0.9062866 0.9617489 0.8993777 0.9709356 0.9062866 0.9617489 0.9378148 0.8033638 0.9378148 0.9709356 0.9378148 0.9902149 0.9378148 0.9173993 0.9378148 0.9709356 0.9008141 0.8517607 0.9378148 0.8517607 0.9012901 0.8033638 0.9378148 0.8033638 0.9110264 0.8037581 0.9748156 0.8517607 0.9646032 0.8037581 0.9774225 0.9164935 0.9693429 0.9617489 0.992318 0.9173993 0.9886909 0.8517607 0.9762519 0.9709356 0.9748155 0.8517607 0.9774225 0.9164935 0.9693429 0.9617489 0.9743395 0.8033638 0.9646032 0.8037581 0.9542326 0.7812236 0.9562796 0.7772238 0.9378148 0.7772238 0.9542326 0.7812236 0.9378148 0.7688301 0.9378148 0.7772238 0.921397 0.7812236 0.9193499 0.7772238 0.921397 0.7812236 0.5700877 0.5896869 0.5701828 0.5493424 0.5718377 0.5492924 0.5701828 0.5493424 0.568663 0.589685 0.5676023 0.5132066 0.573851 0.5129911 0.5760565 0.5129049 0.573851 0.5129911 0.5729555 0.6351532 0.571162 0.6350724 0.5660877 0.6350524 0.5646261 0.5896797 0.5654939 0.5494676 0.5654939 0.5494676 0.5646261 0.5896797 0.568663 0.589685 0.5660877 0.6350524 0.571162 0.6350724 0.5537018 0.5896713 0.5524484 0.6350321 0.5591642 0.5896742 0.5591502 0.5495423 0.5528064 0.5494666 0.5676024 0.5132066 0.5591483 0.5133359 0.5506941 0.5132066 0.5496642 0.5896704 0.5592561 0.6354743 0.5481175 0.5493406 0.5444455 0.5129911 0.54224 0.5129049 0.5464626 0.5492902 0.5482391 0.5896702 0.5496642 0.5896704 0.5474002 0.6350285 0.5474002 0.6350285 0.5456157 0.6350998 0.5481175 0.5493406 0.5444455 0.5129911 0.5591642 0.5896742 0.5592561 0.6354743 0.5591502 0.5495423 0.5524484 0.6350321 0.5537018 0.5896713 0.5591483 0.5133359 0.5528064 0.5494666 0.5506941 0.5132066 0.5491652 0.6750944 0.5597627 0.6820427 0.5813096 0.6749875 0.5784378 0.6748094 0.5704586 0.6750873 0.5655007 0.6988285 0.5776027 0.6985415 0.5600438 0.6929221 0.5288349 0.6992673 0.5330649 0.6990775 0.5414012 0.6747341 0.5273148 0.7139633 0.5273148 0.7139633 0.5223722 0.7141469 0.5386074 0.6748778 0.540495 0.7134738 0.5444117 0.6987571 0.5491652 0.6750944 0.5330649 0.6990775 0.540495 0.7134737 0.5444117 0.6987571 0.5414012 0.6747341 0.5388389 0.7264999 0.5281206 0.7266647 0.5281206 0.7266647 0.5242212 0.7269289 0.5388389 0.7264999 0.5597627 0.6820427 0.5558937 0.6992475 0.5784378 0.6748094 0.5704586 0.6750873 0.5776027 0.6985415 0.5895844 0.6990733 0.5895844 0.6990733 0.5655007 0.6988285 0.5642994 0.7114551 0.5612214 0.6995131 0.5696446 0.7117438 0.5838982 0.7125136 0.5940518 0.6993433 0.5981519 0.7132834 0.603497 0.7135721 0.6029466 0.72479 0.59858 0.7244771 0.5866255 0.7240864 0.5746689 0.7234374 0.5703045 0.7233826 0.5746689 0.7234374 0.5866255 0.7240863 0.5838982 0.7125136 0.5696446 0.7117438 0.5781689 0.7317722 0.579265 0.7304661 0.5870682 0.7320353 0.579265 0.7304661 0.5870914 0.734784 0.5870682 0.7320353 0.5981519 0.7132834 0.59858 0.7244771 0.5599949 0.7000075 0.5536752 0.712984 0.5453709 0.734081 0.549558 0.7260309 0.5534566 0.7260708 0.5586178 0.7128004 0.538582 0.7357814 0.5462471 0.7356226 0.5318016 0.7343943 0.5309169 0.7359403 0.5385732 0.7390212 0.5558937 0.6992475 0.5536752 0.712984 0.549558 0.7260309 0.5948493 0.7309852 0.5959676 0.7322985 0.5948493 0.7309852 0.5453709 0.734081 0.5318016 0.7343943 0.538582 0.7357816</float_array>
          <technique_common>
            <accessor count="872" source="#texcoords-array-array" stride="2">
              <param type="float" name="S" />
              <param type="float" name="T" />
            </accessor>
          </technique_common>
        </source>
        <vertices id="verts-array-vertices">
          <input semantic="POSITION" source="#verts-array" />
        </vertices>
        <triangles count="1500" material="material0">
          <input offset="0" semantic="VERTEX" source="#verts-array-vertices" />
          <input offset="1" semantic="NORMAL" source="#normals-array" />
          <input offset="2" semantic="TEXCOORD" source="#texcoords-array" />
          <p>0 0 0 1 1 1 2 2 2 0 0 0 3 3 3 4 4 4 0 0 0 5 5 5 6 6 6 0 0 0 7 7 7 8 8 8 1 1 1 0 0 0 6 6 6 1 1 1 9 9 9 2 2 2 6 6 6 10 10 10 11 11 11 6 6 6 12 12 12 1 1 1 3 3 3 9 9 9 13 13 13 3 3 3 0 0 0 2 2 2 4 4 4 3 3 3 14 14 14 7 7 7 15 15 15 8 8 8 7 7 7 0 0 0 4 4 4 7 7 7 14 14 14 16 16 16 5 5 5 0 0 0 8 8 8 5 5 5 10 10 10 6 6 6 5 5 5 15 15 15 17 17 17 15 15 15 18 18 18 17 17 17 15 15 15 19 19 19 20 20 20 15 15 15 7 7 7 16 16 16 15 15 15 5 5 5 8 8 8 17 17 17 10 10 10 5 5 5 17 17 17 21 21 21 22 22 22 16 16 16 14 14 14 19 19 19 19 19 19 14 14 14 23 23 23 19 19 19 24 24 24 20 20 20 19 19 19 15 15 15 16 16 16 18 18 18 24 24 24 25 25 25 18 18 18 15 15 15 20 20 20 18 18 18 21 21 21 17 17 17 24 24 24 26 26 26 25 25 25 24 24 24 27 27 27 28 28 28 24 24 24 19 19 19 23 23 23 24 24 24 18 18 18 20 20 20 25 25 25 21 21 21 18 18 18 25 25 25 29 29 29 30 30 30 27 27 27 14 14 14 13 13 13 27 27 27 9 9 9 28 28 28 27 27 27 24 24 24 23 23 23 26 26 26 29 29 29 25 25 25 26 26 26 24 24 24 28 28 28 26 26 26 9 9 9 31 31 31 9 9 9 1 1 1 31 31 31 9 9 9 3 3 3 2 2 2 9 9 9 26 26 26 28 28 28 9 9 9 27 27 27 13 13 13 31 31 31 29 29 29 26 26 26 31 31 31 12 12 12 32 32 32 21 21 21 33 33 33 22 22 22 21 21 21 25 25 25 30 30 30 30 30 30 34 34 34 35 35 35 30 30 30 33 33 33 21 21 21 29 29 29 34 34 34 30 30 30 29 29 29 31 31 31 32 32 32 34 34 34 32 32 32 36 36 36 34 34 34 37 37 37 35 35 35 34 34 34 36 36 36 37 37 37 33 33 33 30 30 30 35 35 35 33 33 33 37 37 37 38 38 38 14 14 14 7 7 7 4 4 4 14 14 14 3 3 3 13 13 13 14 14 14 27 27 27 23 23 23 37 37 37 39 39 39 40 40 40 37 37 37 40 40 40 41 41 41 37 37 37 33 33 33 35 35 35 37 37 37 41 41 41 38 38 38 41 41 41 22 22 22 38 38 38 39 39 39 11 11 11 40 40 40 39 39 39 37 37 37 36 36 36 32 32 32 34 34 34 29 29 29 32 32 32 39 39 39 36 36 36 12 12 12 6 6 6 11 11 11 12 12 12 39 39 39 32 32 32 12 12 12 31 31 31 1 1 1 10 10 10 17 17 17 22 22 22 10 10 10 41 41 41 11 11 11 22 22 22 33 33 33 38 38 38 22 22 22 41 41 41 10 10 10 11 11 11 39 39 39 12 12 12 11 11 11 41 41 41 40 40 40 42 42 42 43 43 43 44 44 44 42 42 42 45 45 45 46 46 46 43 43 43 42 42 42 46 46 46 43 43 43 47 47 47 44 44 44 43 43 43 48 48 48 49 49 49 43 43 43 50 50 50 51 51 51 44 44 44 52 52 52 53 53 53 44 44 44 54 54 54 42 42 42 46 46 46 50 50 50 43 43 43 54 54 54 55 55 55 42 42 42 54 54 54 44 44 44 53 53 53 55 55 55 54 54 54 56 56 56 55 55 55 57 57 57 58 58 58 45 45 45 50 50 50 46 46 46 45 45 45 59 59 59 60 60 60 45 45 45 42 42 42 55 55 55 45 45 45 58 58 58 61 61 61 62 62 62 63 63 63 64 64 64 62 62 62 61 61 61 58 58 58 63 63 63 62 62 62 65 65 65 64 64 64 66 66 66 67 67 67 64 64 64 67 67 67 61 61 61 65 65 65 68 68 68 63 63 63 65 65 65 69 69 69 70 70 70 69 69 69 58 58 58 57 57 57 69 69 69 65 65 65 62 62 62 70 70 70 71 71 71 65 65 65 71 71 71 70 70 70 72 72 72 71 71 71 73 73 73 74 74 74 68 68 68 75 75 75 76 76 76 68 68 68 66 66 66 63 63 63 68 68 68 74 74 74 77 77 77 68 68 68 65 65 65 71 71 71 74 74 74 78 78 78 77 77 77 74 74 74 68 68 68 71 71 71 77 77 77 75 75 75 68 68 68 73 73 73 71 71 71 72 72 72 73 73 73 79 79 79 74 74 74 79 79 79 80 80 80 81 81 81 79 79 79 73 73 73 82 82 82 78 78 78 74 74 74 79 79 79 78 78 78 75 75 75 77 77 77 78 78 78 83 83 83 84 84 84 78 78 78 81 81 81 85 85 85 86 86 86 85 85 85 81 81 81 86 86 86 49 49 49 87 87 87 49 49 49 86 86 86 47 47 47 49 49 49 88 88 88 87 87 87 87 87 87 83 83 83 85 85 85 47 47 47 43 43 43 49 49 49 47 47 47 89 89 89 52 52 52 89 89 89 81 81 81 80 80 80 89 89 89 47 47 47 86 86 86 52 52 52 44 44 44 47 47 47 88 88 88 90 90 90 83 83 83 88 88 88 49 49 49 48 48 48 48 48 48 43 43 43 51 51 51 48 48 48 91 91 91 88 88 88 51 51 51 91 91 91 48 48 48 51 51 51 92 92 92 93 93 93 91 91 91 51 51 51 93 93 93 91 91 91 94 94 94 95 95 95 93 93 93 96 96 96 97 97 97 93 93 93 98 98 98 91 91 91 95 95 95 88 88 88 91 91 91 99 99 99 100 100 100 101 101 101 99 99 99 84 84 84 102 102 102 100 100 100 103 103 103 104 104 104 100 100 100 102 102 102 105 105 105 101 101 101 100 100 100 104 104 104 101 101 101 106 106 106 107 107 107 104 104 104 103 103 103 108 108 108 104 104 104 109 109 109 106 106 106 102 102 102 100 100 100 99 99 99 102 102 102 110 110 110 105 105 105 105 105 105 103 103 103 100 100 100 105 105 105 111 111 111 112 112 112 103 103 103 113 113 113 114 114 114 103 103 103 105 105 105 112 112 112 103 103 103 115 115 115 108 108 108 112 112 112 113 113 113 103 103 103 112 112 112 116 116 116 113 113 113 108 108 108 117 117 117 109 109 109 66 66 66 64 64 64 63 63 63 66 66 66 68 68 68 76 76 76 66 66 66 107 107 107 67 67 67 67 67 67 118 118 118 59 59 59 76 76 76 99 99 99 101 101 101 76 76 76 107 107 107 66 66 66 107 107 107 119 119 119 120 120 120 107 107 107 76 76 76 101 101 101 120 120 120 67 67 67 107 107 107 50 50 50 92 92 92 51 51 51 50 50 50 45 45 45 60 60 60 60 60 60 118 118 118 121 121 121 60 60 60 92 92 92 50 50 50 92 92 92 60 60 60 121 121 121 92 92 92 96 96 96 93 93 93 121 121 121 122 122 122 123 123 123 121 121 121 96 96 96 92 92 92 75 75 75 78 78 78 84 84 84 75 75 75 99 99 99 76 76 76 84 84 84 90 90 90 102 102 102 84 84 84 99 99 99 75 75 75 61 61 61 62 62 62 64 64 64 61 61 61 67 67 67 59 59 59 61 61 61 59 59 59 45 45 45 59 59 59 118 118 118 60 60 60 118 118 118 124 124 124 122 122 122 118 118 118 122 122 122 121 121 121 118 118 118 67 67 67 120 120 120 94 94 94 91 91 91 98 98 98 94 94 94 125 125 125 126 126 126 98 98 98 93 93 93 97 97 97 98 98 98 127 127 127 94 94 94 97 97 97 128 128 128 129 129 129 97 97 97 130 130 130 98 98 98 130 130 130 131 131 131 127 127 127 130 130 130 97 97 97 129 129 129 129 129 129 132 132 132 130 130 130 127 127 127 98 98 98 130 130 130 85 85 85 83 83 83 78 78 78 85 85 85 86 86 86 87 87 87 83 83 83 87 87 87 88 88 88 83 83 83 90 90 90 84 84 84 90 90 90 110 110 110 102 102 102 90 90 90 133 133 133 110 110 110 90 90 90 88 88 88 95 95 95 81 81 81 89 89 89 86 86 86 81 81 81 78 78 78 79 79 79 80 80 80 79 79 79 82 82 82 58 58 58 45 45 45 55 55 55 58 58 58 69 69 69 62 62 62 57 57 57 55 55 55 56 56 56 125 125 125 131 131 131 134 134 134 125 125 125 135 135 135 136 136 136 125 125 125 94 94 94 127 127 127 125 125 125 124 124 124 126 126 126 135 135 135 125 125 125 134 134 134 136 136 136 135 135 135 137 137 137 134 134 134 131 131 131 138 138 138 134 134 134 138 138 138 139 139 139 134 134 134 140 140 140 135 135 135 131 131 131 125 125 125 127 127 127 131 131 131 130 130 130 132 132 132 138 138 138 132 132 132 141 141 141 138 138 138 142 142 142 139 139 139 138 138 138 141 141 141 142 142 142 140 140 140 143 143 143 144 144 144 140 140 140 134 134 134 139 139 139 140 140 140 142 142 142 143 143 143 96 96 96 121 121 121 123 123 123 123 123 123 128 128 128 96 96 96 123 123 123 137 137 137 145 145 145 128 128 128 146 146 146 129 129 129 128 128 128 123 123 123 145 145 145 128 128 128 147 147 147 148 148 148 128 128 128 97 97 97 96 96 96 145 145 145 144 144 144 147 147 147 145 145 145 147 147 147 128 128 128 122 122 122 137 137 137 123 123 123 122 122 122 136 136 136 137 137 137 124 124 124 118 118 118 120 120 120 124 124 124 136 136 136 122 122 122 124 124 124 149 149 149 126 126 126 124 124 124 125 125 125 136 136 136 137 137 137 135 135 135 144 144 144 137 137 137 144 144 144 145 145 145 149 149 149 124 124 124 120 120 120 149 149 149 94 94 94 126 126 126 149 149 149 95 95 95 94 94 94 149 149 149 119 119 119 150 150 150 149 149 149 120 120 120 119 119 119 149 149 149 133 133 133 95 95 95 109 109 109 104 104 104 108 108 108 109 109 109 151 151 151 152 152 152 151 151 151 153 153 153 152 152 152 151 151 151 109 109 109 117 117 117 152 152 152 106 106 106 109 109 109 117 117 117 115 115 115 154 154 154 117 117 117 155 155 155 151 151 151 117 117 117 108 108 108 115 115 115 115 115 115 103 103 103 114 114 114 154 154 154 156 156 156 157 157 157 154 154 154 157 157 157 117 117 117 154 154 154 114 114 114 158 158 158 155 155 155 117 117 117 157 157 157 110 110 110 159 159 159 111 111 111 110 110 110 111 111 111 105 105 105 133 133 133 90 90 90 95 95 95 133 133 133 159 159 159 110 110 110 133 133 133 153 153 153 159 159 159 133 133 133 149 149 149 150 150 150 159 159 159 160 160 160 111 111 111 111 111 111 160 160 160 116 116 116 111 111 111 116 116 116 112 112 112 119 119 119 107 107 107 106 106 106 119 119 119 153 153 153 150 150 150 106 106 106 101 101 101 104 104 104 106 106 106 152 152 152 119 119 119 153 153 153 160 160 160 159 159 159 153 153 153 133 133 133 150 150 150 153 153 153 119 119 119 152 152 152 153 153 153 151 151 151 161 161 161 142 142 142 162 162 162 163 163 163 142 142 142 140 140 140 139 139 139 142 142 142 164 164 164 143 143 143 142 142 142 163 163 163 164 164 164 164 164 164 144 144 144 143 143 143 162 162 162 132 132 132 146 146 146 162 162 162 142 142 142 141 141 141 162 162 162 148 148 148 163 163 163 144 144 144 164 164 164 147 147 147 144 144 144 135 135 135 140 140 140 132 132 132 138 138 138 131 131 131 132 132 132 162 162 162 141 141 141 132 132 132 129 129 129 146 146 146 146 146 146 128 128 128 148 148 148 148 148 148 164 164 164 163 163 163 148 148 148 147 147 147 164 164 164 148 148 148 162 162 162 146 146 146 156 156 156 165 165 165 166 166 166 156 156 156 166 166 166 155 155 155 156 156 156 155 155 155 157 157 157 156 156 156 154 154 154 158 158 158 166 166 166 161 161 161 155 155 155 167 167 167 116 116 116 168 168 168 167 167 167 156 156 156 158 158 158 167 167 167 168 168 168 156 156 156 165 165 165 116 116 116 160 160 160 165 165 165 156 156 156 168 168 168 165 165 165 161 161 161 166 166 166 114 114 114 113 113 113 167 167 167 114 114 114 154 154 154 115 115 115 114 114 114 167 167 167 158 158 158 160 160 160 153 153 153 161 161 161 161 161 161 165 165 165 160 160 160 161 161 161 151 151 151 155 155 155 116 116 116 165 165 165 168 168 168 116 116 116 167 167 167 113 113 113 169 169 169 170 170 170 171 171 171 169 169 169 171 171 171 172 172 172 169 169 169 173 173 173 174 174 174 169 169 169 175 175 175 173 173 173 170 170 170 174 174 174 176 176 176 170 170 170 177 177 177 178 178 178 171 171 171 179 179 179 180 180 180 172 172 172 171 171 171 180 180 180 172 172 172 181 181 181 175 175 175 182 182 182 183 183 183 184 184 184 182 182 182 184 184 184 185 185 185 182 182 182 186 186 186 183 183 183 182 182 182 187 187 187 188 188 188 183 183 183 189 189 189 190 190 190 191 191 191 184 184 184 183 183 183 191 191 191 183 183 183 190 190 190 190 190 190 192 192 192 191 191 191 193 193 193 194 194 194 195 195 195 194 194 194 196 196 196 195 195 195 194 194 194 197 197 197 198 198 198 194 194 194 193 193 193 199 199 199 195 195 195 200 200 200 193 193 193 199 199 199 201 201 201 202 202 202 199 199 199 203 203 203 204 204 204 199 199 199 205 205 205 194 194 194 192 192 192 176 176 176 206 206 206 192 192 192 190 190 190 207 207 207 207 207 207 189 189 189 177 177 177 208 208 208 209 209 209 210 210 210 208 208 208 211 211 211 212 212 212 208 208 208 210 210 210 186 186 186 211 211 211 188 188 188 187 187 187 211 211 211 208 208 208 188 188 188 212 212 212 213 213 213 214 214 214 212 212 212 215 215 215 208 208 208 213 213 213 216 216 216 214 214 214 213 213 213 217 217 217 216 216 216 213 213 213 211 211 211 218 218 218 213 213 213 212 212 212 211 211 211 214 214 214 219 219 219 220 220 220 214 214 214 216 216 216 219 219 219 214 214 214 221 221 221 212 212 212 177 177 177 176 176 176 207 207 207 178 178 178 189 189 189 222 222 222 178 178 178 171 171 171 170 170 170 178 178 178 223 223 223 179 179 179 178 178 178 222 222 222 223 223 223 176 176 176 177 177 177 170 170 170 176 176 176 192 192 192 207 207 207 206 206 206 174 174 174 224 224 224 174 174 174 170 170 170 169 169 169 174 174 174 206 206 206 176 176 176 174 174 174 225 225 225 226 226 226 196 196 196 173 173 173 175 175 175 196 196 196 194 194 194 198 198 198 196 196 196 227 227 227 195 195 195 225 225 225 228 228 228 226 226 226 225 225 225 174 174 174 173 173 173 226 226 226 224 224 224 174 174 174 229 229 229 230 230 230 231 231 231 229 229 229 232 232 232 230 230 230 230 230 230 233 233 233 234 234 234 231 231 231 234 234 234 235 235 235 231 231 231 230 230 230 234 234 234 234 234 234 236 236 236 237 237 237 217 217 217 218 218 218 238 238 238 216 216 216 201 201 201 239 239 239 216 216 216 202 202 202 201 201 201 216 216 216 239 239 239 219 219 219 189 189 189 186 186 186 210 210 210 189 189 189 207 207 207 190 190 190 189 189 189 183 183 183 186 186 186 189 189 189 178 178 178 177 177 177 240 240 240 241 241 241 242 242 242 241 241 241 240 240 240 243 243 243 244 244 244 245 245 245 246 246 246 245 245 245 244 244 244 247 247 247 246 246 246 245 245 245 248 248 248 249 249 249 243 243 243 240 240 240 243 243 243 249 249 249 250 250 250 248 248 248 251 251 251 246 246 246 250 250 250 252 252 252 253 253 253 252 252 252 250 250 250 249 249 249 253 253 253 251 251 251 248 248 248 253 253 253 252 252 252 251 251 251 215 215 215 212 212 212 221 221 221 221 221 221 214 214 214 220 220 220 209 209 209 208 208 208 215 215 215 210 210 210 222 222 222 189 189 189 210 210 210 223 223 223 222 222 222 223 223 223 210 210 210 209 209 209 179 179 179 171 171 171 178 178 178 180 180 180 254 254 254 172 172 172 181 181 181 172 172 172 254 254 254 175 175 175 255 255 255 196 196 196 175 175 175 169 169 169 172 172 172 255 255 255 175 175 175 181 181 181 227 227 227 196 196 196 255 255 255 200 200 200 195 195 195 227 227 227 200 200 200 239 239 239 201 201 201 201 201 201 199 199 199 193 193 193 201 201 201 193 193 193 200 200 200 233 233 233 230 230 230 256 256 256 233 233 233 257 257 257 236 236 236 256 256 256 258 258 258 233 233 233 256 256 256 259 259 259 260 260 260 237 237 237 236 236 236 261 261 261 237 237 237 235 235 235 234 234 234 236 236 236 234 234 234 233 233 233 236 236 236 262 262 262 261 261 261 261 261 261 262 262 262 237 237 237 263 263 263 259 259 259 256 256 256 263 263 263 264 264 264 259 259 259 263 263 263 232 232 232 265 265 265 263 263 263 265 265 265 266 266 266 265 265 265 267 267 267 268 268 268 266 266 266 265 265 265 268 268 268 266 266 266 264 264 264 263 263 263 266 266 266 269 269 269 264 264 264 232 232 232 256 256 256 230 230 230 232 232 232 263 263 263 256 256 256 232 232 232 229 229 229 270 270 270 232 232 232 271 271 271 265 265 265 268 268 268 272 272 272 266 266 266 268 268 268 273 273 273 274 274 274 272 272 272 273 273 273 269 269 269 272 272 272 268 268 268 274 274 274 235 235 235 237 237 237 262 262 262 269 269 269 266 266 266 272 272 272 262 262 262 236 236 236 257 257 257 273 273 273 268 268 268 267 267 267 273 273 273 272 272 272 274 274 274 257 257 257 233 233 233 258 258 258 267 267 267 265 265 265 271 271 271 258 258 258 256 256 256 260 260 260 271 271 271 232 232 232 270 270 270 275 275 275 276 276 276 277 277 277 277 277 277 278 278 278 275 275 275 279 279 279 280 280 280 281 281 281 280 280 280 279 279 279 282 282 282 283 283 283 284 284 284 285 285 285 284 284 284 283 283 283 286 286 286 287 287 287 288 288 288 289 289 289 288 288 288 287 287 287 290 290 290 291 291 291 292 292 292 293 293 293 291 291 291 293 293 293 294 294 294 295 295 295 296 296 296 297 297 297 295 295 295 298 298 298 296 296 296 299 299 299 300 300 300 301 301 301 299 299 299 302 302 302 300 300 300 303 303 303 304 304 304 305 305 305 303 303 303 306 306 306 304 304 304 307 307 307 308 308 308 309 309 309 308 308 308 307 307 307 310 310 310 311 311 311 312 312 312 313 313 313 312 312 312 311 311 311 314 314 314 315 315 315 316 316 316 317 317 317 316 316 316 315 315 315 318 318 318 319 319 319 320 320 320 321 321 321 320 320 320 319 319 319 322 322 322 323 323 323 324 324 324 325 325 325 324 324 324 323 323 323 326 326 326 327 327 327 328 328 328 329 329 329 329 329 329 330 330 330 327 327 327 187 187 187 218 218 218 211 211 211 187 187 187 185 185 185 331 331 331 187 187 187 182 182 182 185 185 185 186 186 186 188 188 188 208 208 208 186 186 186 182 182 182 188 188 188 173 173 173 196 196 196 198 198 198 173 173 173 198 198 198 225 225 225 197 197 197 225 225 225 198 198 198 205 205 205 228 228 228 197 197 197 205 205 205 197 197 197 194 194 194 204 204 204 205 205 205 199 199 199 204 204 204 332 332 332 205 205 205 203 203 203 199 199 199 202 202 202 203 203 203 333 333 333 204 204 204 202 202 202 216 216 216 217 217 217 202 202 202 238 238 238 203 203 203 238 238 238 334 334 334 203 203 203 238 238 238 202 202 202 217 217 217 218 218 218 335 335 335 238 238 238 218 218 218 331 331 331 336 336 336 218 218 218 217 217 217 213 213 213 331 331 331 218 218 218 187 187 187 335 335 335 218 218 218 336 336 336 334 334 334 238 238 238 335 335 335 333 333 333 203 203 203 334 334 334 332 332 332 204 204 204 333 333 333 228 228 228 205 205 205 332 332 332 228 228 228 225 225 225 197 197 197 337 337 337 338 338 338 339 339 339 339 339 339 340 340 340 337 337 337 341 341 341 339 339 339 338 338 338 341 341 341 342 342 342 343 343 343 342 342 342 341 341 341 338 338 338 343 343 343 344 344 344 345 345 345 344 344 344 343 343 343 342 342 342 344 344 344 346 346 346 345 345 345 346 346 346 344 344 344 347 347 347 347 347 347 348 348 348 346 346 346 348 348 348 347 347 347 349 349 349 349 349 349 350 350 350 348 348 348 350 350 350 349 349 349 351 351 351 350 350 350 351 351 351 352 352 352 353 353 353 350 350 350 352 352 352 353 353 353 354 354 354 355 355 355 354 354 354 353 353 353 352 352 352 355 355 355 356 356 356 357 357 357 356 356 356 355 355 355 354 354 354 357 357 357 358 358 358 359 359 359 358 358 358 357 357 357 356 356 356 358 358 358 360 360 360 359 359 359 360 360 360 358 358 358 361 361 361 361 361 361 362 362 362 360 360 360 362 362 362 361 361 361 363 363 363 363 363 363 340 340 340 362 362 362 340 340 340 363 363 363 364 364 364 364 364 364 337 337 337 340 340 340 365 365 365 366 366 366 367 367 367 365 365 365 368 368 368 369 369 369 366 366 366 365 365 365 370 370 370 366 366 366 371 371 371 372 372 372 367 367 367 372 372 372 373 373 373 367 367 367 374 374 374 375 375 375 367 367 367 376 376 376 365 365 365 370 370 370 369 369 369 377 377 377 370 370 370 378 378 378 379 379 379 370 370 370 379 379 379 366 366 366 372 372 372 367 367 367 366 366 366 373 373 373 374 374 374 367 367 367 374 374 374 380 380 380 375 375 375 374 374 374 381 381 381 382 382 382 376 376 376 367 367 367 375 375 375 376 376 376 375 375 375 380 380 380 383 383 383 384 384 384 385 385 385 383 383 383 368 368 368 376 376 376 383 383 383 376 376 376 380 380 380 380 380 380 374 374 374 382 382 382 380 380 380 386 386 386 383 383 383 382 382 382 387 387 387 380 380 380 382 382 382 388 388 388 389 389 389 387 387 387 388 388 388 390 390 390 387 387 387 382 382 382 389 389 389 387 387 387 389 389 389 388 388 388 386 386 386 380 380 380 387 387 387 386 386 386 390 390 390 391 391 391 386 386 386 384 384 384 383 383 383 390 390 390 388 388 388 392 392 392 390 390 390 386 386 386 387 387 387 391 391 391 390 390 390 393 393 393 391 391 391 384 384 384 386 386 386 391 391 391 394 394 394 395 395 395 388 388 388 382 382 382 381 381 381 393 393 393 390 390 390 392 392 392 393 393 393 379 379 379 396 396 396 392 392 392 371 371 371 393 393 393 392 392 392 381 381 381 397 397 397 396 396 396 391 391 391 393 393 393 396 396 396 379 379 379 378 378 378 379 379 379 393 393 393 371 371 371 379 379 379 371 371 371 366 366 366 371 371 371 397 397 397 372 372 372 371 371 371 392 392 392 397 397 397 397 397 397 381 381 381 372 372 372 384 384 384 391 391 391 395 395 395 384 384 384 398 398 398 385 385 385 395 395 395 398 398 398 384 384 384 395 395 395 399 399 399 400 400 400 394 394 394 391 391 391 396 396 396 399 399 399 395 395 395 394 394 394 399 399 399 378 378 378 401 401 401 399 399 399 402 402 402 400 400 400 398 398 398 402 402 402 403 403 403 398 398 398 395 395 395 400 400 400 381 381 381 392 392 392 388 388 388 381 381 381 373 373 373 372 372 372 381 381 381 374 374 374 373 373 373 403 403 403 385 385 385 398 398 398 403 403 403 402 402 402 404 404 404 402 402 402 398 398 398 400 400 400 402 402 402 399 399 399 401 401 401 402 402 402 401 401 401 405 405 405 404 404 404 402 402 402 405 405 405 404 404 404 385 385 385 403 403 403 405 405 405 401 401 401 406 406 406 401 401 401 378 378 378 406 406 406 406 406 406 369 369 369 405 405 405 378 378 378 377 377 377 406 406 406 378 378 378 394 394 394 396 396 396 378 378 378 370 370 370 377 377 377 378 378 378 399 399 399 394 394 394 368 368 368 383 383 383 385 385 385 368 368 368 365 365 365 376 376 376 385 385 385 404 404 404 368 368 368 369 369 369 370 370 370 365 365 365 369 369 369 368 368 368 404 404 404 369 369 369 404 404 404 405 405 405 369 369 369 406 406 406 377 377 377 407 407 407 408 408 408 409 409 409 408 408 408 407 407 407 410 410 410 408 408 408 410 410 410 411 411 411 409 409 409 412 412 412 413 413 413 409 409 409 414 414 414 407 407 407 410 410 410 415 415 415 411 411 411 412 412 412 409 409 409 408 408 408 412 412 412 408 408 408 416 416 416 413 413 413 417 417 417 409 409 409 417 417 417 413 413 413 418 418 418 417 417 417 418 418 418 419 419 419 414 414 414 409 409 409 417 417 417 414 414 414 417 417 417 420 420 420 421 421 421 422 422 422 423 423 423 421 421 421 424 424 424 425 425 425 422 422 422 421 421 421 426 426 426 422 422 422 419 419 419 427 427 427 423 423 423 428 428 428 421 421 421 423 423 423 427 427 427 429 429 429 426 426 426 420 420 420 422 422 422 427 427 427 423 423 423 422 422 422 429 429 429 430 430 430 423 423 423 430 430 430 429 429 429 431 431 431 428 428 428 423 423 423 430 430 430 432 432 432 433 433 433 434 434 434 432 432 432 428 428 428 430 430 430 432 432 432 435 435 435 428 428 428 435 435 435 432 432 432 436 436 436 435 435 435 424 424 424 428 428 428 433 433 433 430 430 430 431 431 431 433 433 433 432 432 432 430 430 430 436 436 436 437 437 437 435 435 435 436 436 436 432 432 432 434 434 434 436 436 436 438 438 438 437 437 437 434 434 434 439 439 439 436 436 436 437 437 437 440 440 440 435 435 435 416 416 416 411 411 411 441 441 441 416 416 416 442 442 442 412 412 412 411 411 411 416 416 416 408 408 408 411 411 411 443 443 443 441 441 441 441 441 441 444 444 444 416 416 416 441 441 441 445 445 445 438 438 438 444 444 444 441 441 441 438 438 438 444 444 444 446 446 446 442 442 442 444 444 444 442 442 442 416 416 416 446 446 446 444 444 444 439 439 439 443 443 443 447 447 447 445 445 445 443 443 443 411 411 411 415 415 415 415 415 415 410 410 410 448 448 448 415 415 415 449 449 449 443 443 443 448 448 448 450 450 450 451 451 451 448 448 448 410 410 410 452 452 452 448 448 448 453 453 453 415 415 415 453 453 453 448 448 448 451 451 451 453 453 453 454 454 454 449 449 449 451 451 451 455 455 455 453 453 453 449 449 449 415 415 415 453 453 453 449 449 449 454 454 454 456 456 456 449 449 449 457 457 457 447 447 447 458 458 458 459 459 459 460 460 460 458 458 458 461 461 461 462 462 462 458 458 458 463 463 463 464 464 464 463 463 463 458 458 458 462 462 462 463 463 463 465 465 465 466 466 466 464 464 464 467 467 467 458 458 458 464 464 464 468 468 468 469 469 469 464 464 464 463 463 463 468 468 468 462 462 462 425 425 425 424 424 424 462 462 462 440 440 440 463 463 463 468 468 468 457 457 457 470 470 470 468 468 468 463 463 463 466 466 466 466 466 466 465 465 465 447 447 447 469 469 469 470 470 470 471 471 471 469 469 469 472 472 472 464 464 464 472 472 472 469 469 469 473 473 473 472 472 472 474 474 474 467 467 467 467 467 467 464 464 464 472 472 472 467 467 467 475 475 475 459 459 459 476 476 476 426 426 426 425 425 425 476 476 476 477 477 477 426 426 426 476 476 476 461 461 461 478 478 478 425 425 425 426 426 426 421 421 421 425 425 425 462 462 462 461 461 461 424 424 424 435 435 435 440 440 440 424 424 424 421 421 421 428 428 428 461 461 461 458 458 458 460 460 460 461 461 461 479 479 479 478 478 478 461 461 461 476 476 476 425 425 425 478 478 478 480 480 480 476 476 476 452 452 452 407 407 407 481 481 481 452 452 452 410 410 410 407 407 407 452 452 452 482 482 482 450 450 450 481 481 481 477 477 477 480 480 480 481 481 481 407 407 407 414 414 414 482 482 482 483 483 483 450 450 450 482 482 482 484 484 484 485 485 485 482 482 482 452 452 452 481 481 481 482 482 482 480 480 480 484 484 484 450 450 450 448 448 448 452 452 452 450 450 450 486 486 486 451 451 451 440 440 440 462 462 462 424 424 424 440 440 440 437 437 437 465 465 465 465 465 465 463 463 463 440 440 440 465 465 465 437 437 437 445 445 445 477 477 477 481 481 481 414 414 414 480 480 480 477 477 477 476 476 476 480 480 480 482 482 482 481 481 481 484 484 484 487 487 487 485 485 485 484 484 484 480 480 480 478 478 478 454 454 454 453 453 453 455 455 455 454 454 454 488 488 488 489 489 489 455 455 455 490 490 490 454 454 454 455 455 455 451 451 451 486 486 486 486 486 486 450 450 450 483 483 483 486 486 486 491 491 491 455 455 455 491 491 491 492 492 492 490 490 490 491 491 491 486 486 486 493 493 493 493 493 493 494 494 494 491 491 491 493 493 493 483 483 483 495 495 495 490 490 490 455 455 455 491 491 491 445 445 445 441 441 441 443 443 443 445 445 445 437 437 437 438 438 438 438 438 438 436 436 436 439 439 439 438 438 438 439 439 439 444 444 444 447 447 447 443 443 443 449 449 449 447 447 447 465 465 465 445 445 445 439 439 439 434 434 434 496 496 496 439 439 439 496 496 496 446 446 446 420 420 420 477 477 477 414 414 414 420 420 420 426 426 426 477 477 477 419 419 419 420 420 420 417 417 417 419 419 419 422 422 422 420 420 420 497 497 497 498 498 498 499 499 499 497 497 497 500 500 500 501 501 501 497 497 497 502 502 502 488 488 488 502 502 502 499 499 499 503 503 503 502 502 502 497 497 497 499 499 499 488 488 488 454 454 454 490 490 490 488 488 488 487 487 487 489 489 489 488 488 488 492 492 492 497 497 497 499 499 499 504 504 504 505 505 505 492 492 492 491 491 491 494 494 494 492 492 492 488 488 488 490 490 490 500 500 500 506 506 506 501 501 501 500 500 500 494 494 494 507 507 507 500 500 500 497 497 497 492 492 492 498 498 498 497 497 497 501 501 501 498 498 498 506 506 506 504 504 504 483 483 483 493 493 493 486 486 486 483 483 483 482 482 482 508 508 508 508 508 508 485 485 485 503 503 503 508 508 508 495 495 495 483 483 483 508 508 508 482 482 482 485 485 485 495 495 495 509 509 509 493 493 493 495 495 495 510 510 510 511 511 511 495 495 495 508 508 508 510 510 510 510 510 510 503 503 503 505 505 505 485 485 485 502 502 502 503 503 503 487 487 487 484 484 484 478 478 478 487 487 487 488 488 488 502 502 502 487 487 487 502 502 502 485 485 485 487 487 487 456 456 456 489 489 489 503 503 503 510 510 510 508 508 508 503 503 503 499 499 499 505 505 505 456 456 456 454 454 454 489 489 489 456 456 456 487 487 487 478 478 478 512 512 512 513 513 513 514 514 514 512 512 512 459 459 459 475 475 475 459 459 459 458 458 458 467 467 467 459 459 459 512 512 512 514 514 514 475 475 475 515 515 515 512 512 512 475 475 475 467 467 467 474 474 474 514 514 514 460 460 460 459 459 459 514 514 514 513 513 513 516 516 516 514 514 514 516 516 516 479 479 479 474 474 474 517 517 517 475 475 475 474 474 474 472 472 472 518 518 518 517 517 517 519 519 519 515 515 515 517 517 517 474 474 474 520 520 520 520 520 520 519 519 519 517 517 517 520 520 520 518 518 518 521 521 521 515 515 515 475 475 475 517 517 517 515 515 515 519 519 519 522 522 522 457 457 457 468 468 468 466 466 466 457 457 457 466 466 466 447 447 447 457 457 457 449 449 449 523 523 523 524 524 524 457 457 457 523 523 523 524 524 524 525 525 525 526 526 526 524 524 524 471 471 471 470 470 470 524 524 524 470 470 470 457 457 457 470 470 470 469 469 469 468 468 468 479 479 479 516 516 516 456 456 456 479 479 479 456 456 456 478 478 478 479 479 479 461 461 461 460 460 460 460 460 460 514 514 514 479 479 479 516 516 516 523 523 523 449 449 449 516 516 516 449 449 449 456 456 456 513 513 513 524 524 524 523 523 523 513 513 513 512 512 512 525 525 525 513 513 513 523 523 523 516 516 516 504 504 504 499 499 499 498 498 498 504 504 504 506 506 506 527 527 527 506 506 506 500 500 500 507 507 507 506 506 506 498 498 498 501 501 501 527 527 527 505 505 505 504 504 504 527 527 527 506 506 506 528 528 528 528 528 528 507 507 507 529 529 529 507 507 507 528 528 528 506 506 506 507 507 507 494 494 494 529 529 529 529 529 529 530 530 530 528 528 528 511 511 511 530 530 530 495 495 495 511 511 511 510 510 510 505 505 505 505 505 505 527 527 527 511 511 511 494 494 494 493 493 493 509 509 509 494 494 494 509 509 509 529 529 529 494 494 494 500 500 500 492 492 492 509 509 509 495 495 495 530 530 530 530 530 530 529 529 529 509 509 509 530 530 530 527 527 527 528 528 528 530 530 530 511 511 511 527 527 527 519 519 519 520 520 520 521 521 521 519 519 519 531 531 531 532 532 532 522 522 522 532 532 532 533 533 533 531 531 531 519 519 519 521 521 521 531 531 531 471 471 471 532 532 532 531 531 531 518 518 518 473 473 473 532 532 532 522 522 522 519 519 519 532 532 532 471 471 471 533 533 533 533 533 533 525 525 525 522 522 522 518 518 518 520 520 520 474 474 474 518 518 518 531 531 531 521 521 521 473 473 473 518 518 518 472 472 472 525 525 525 515 515 515 522 522 522 525 525 525 533 533 533 526 526 526 525 525 525 524 524 524 513 513 513 525 525 525 512 512 512 515 515 515 471 471 471 531 531 531 473 473 473 471 471 471 526 526 526 533 533 533 471 471 471 524 524 524 526 526 526 471 471 471 473 473 473 469 469 469 534 534 534 535 535 535 536 536 536 534 534 534 537 537 537 538 538 538 534 534 534 539 539 539 540 540 540 534 534 534 541 541 541 542 542 542 535 535 535 534 534 534 542 542 542 535 535 535 543 543 543 536 536 536 542 542 542 544 544 544 545 545 545 542 542 542 546 546 546 535 535 535 537 537 537 534 534 534 536 536 536 537 537 537 543 543 543 547 547 547 538 538 538 537 537 537 548 548 548 539 539 539 549 549 549 540 540 540 539 539 539 534 534 534 538 538 538 539 539 539 548 548 548 550 550 550 541 541 541 544 544 544 542 542 542 541 541 541 549 549 549 551 551 551 541 541 541 534 534 534 540 540 540 549 549 549 539 539 539 550 550 550 549 549 549 552 552 552 553 553 553 549 549 549 554 554 554 551 551 551 549 549 549 541 541 541 540 540 540 551 551 551 544 544 544 541 541 541 551 551 551 555 555 555 556 556 556 550 550 550 548 548 548 552 552 552 552 552 552 557 557 557 553 553 553 552 552 552 549 549 549 550 550 550 552 552 552 548 548 548 558 558 558 554 554 554 549 549 549 553 553 553 554 554 554 557 557 557 559 559 559 557 557 557 560 560 560 559 559 559 557 557 557 561 561 561 562 562 562 557 557 557 554 554 554 553 553 553 557 557 557 552 552 552 558 558 558 559 559 559 555 555 555 554 554 554 559 559 559 563 563 563 564 564 564 561 561 561 543 543 543 562 562 562 561 561 561 557 557 557 558 558 558 561 561 561 548 548 548 547 547 547 560 560 560 563 563 563 559 559 559 560 560 560 543 543 543 565 565 565 560 560 560 557 557 557 562 562 562 543 543 543 535 535 535 565 565 565 543 543 543 537 537 537 536 536 536 543 543 543 561 561 561 547 547 547 543 543 543 560 560 560 562 562 562 565 565 565 563 563 563 560 560 560 565 565 565 546 546 546 566 566 566 555 555 555 567 567 567 556 556 556 555 555 555 551 551 551 554 554 554 555 555 555 559 559 559 564 564 564 564 564 564 567 567 567 555 555 555 564 564 564 568 568 568 569 569 569 563 563 563 568 568 568 564 564 564 563 563 563 565 565 565 566 566 566 568 568 568 570 570 570 571 571 571 568 568 568 571 571 571 569 569 569 568 568 568 566 566 566 570 570 570 567 567 567 564 564 564 569 569 569 567 567 567 571 571 571 572 572 572 548 548 548 537 537 537 547 547 547 548 548 548 561 561 561 558 558 558 548 548 548 539 539 539 538 538 538 571 571 571 573 573 573 574 574 574 571 571 571 567 567 567 569 569 569 571 571 571 575 575 575 572 572 572 571 571 571 574 574 574 575 575 575 575 575 575 556 556 556 572 572 572 573 573 573 545 545 545 574 574 574 573 573 573 571 571 571 570 570 570 566 566 566 573 573 573 570 570 570 566 566 566 568 568 568 563 563 563 546 546 546 542 542 542 545 545 545 546 546 546 565 565 565 535 535 535 546 546 546 573 573 573 566 566 566 544 544 544 551 551 551 556 556 556 544 544 544 575 575 575 545 545 545 556 556 556 575 575 575 544 544 544 556 556 556 567 567 567 572 572 572 545 545 545 573 573 573 546 546 546 545 545 545 575 575 575 574 574 574 576 576 576 577 577 577 578 578 578 576 576 576 579 579 579 580 580 580 577 577 577 576 576 576 580 580 580 577 577 577 581 581 581 582 582 582 577 577 577 583 583 583 584 584 584 577 577 577 585 585 585 578 578 578 578 578 578 586 586 586 576 576 576 578 578 578 587 587 587 588 588 588 580 580 580 581 581 581 577 577 577 586 586 586 578 578 578 588 588 588 586 586 586 589 589 589 576 576 576 589 589 589 586 586 586 590 590 590 589 589 589 591 591 591 592 592 592 579 579 579 592 592 592 593 593 593 579 579 579 581 581 581 580 580 580 579 579 579 576 576 576 589 589 589 579 579 579 594 594 594 595 595 595 596 596 596 597 597 597 598 598 598 596 596 596 593 593 593 592 592 592 597 597 597 596 596 596 599 599 599 598 598 598 600 600 600 593 593 593 598 598 598 601 601 601 600 600 600 599 599 599 602 602 602 597 597 597 599 599 599 603 603 603 604 604 604 603 603 603 592 592 592 591 591 591 603 603 603 599 599 599 596 596 596 604 604 604 605 605 605 599 599 599 605 605 605 606 606 606 607 607 607 605 605 605 604 604 604 608 608 608 602 602 602 601 601 601 597 597 597 602 602 602 609 609 609 610 610 610 602 602 602 599 599 599 605 605 605 602 602 602 607 607 607 611 611 611 607 607 607 612 612 612 611 611 611 607 607 607 602 602 602 605 605 605 611 611 611 609 609 609 602 602 602 606 606 606 613 613 613 607 607 607 606 606 606 605 605 605 608 608 608 613 613 613 606 606 606 614 614 614 613 613 613 615 615 615 616 616 616 612 612 612 616 616 616 617 617 617 612 612 612 609 609 609 611 611 611 612 612 612 618 618 618 619 619 619 612 612 612 607 607 607 613 613 613 620 620 620 617 617 617 616 616 616 620 620 620 584 584 584 621 621 621 584 584 584 622 622 622 621 621 621 584 584 584 620 620 620 585 585 585 621 621 621 618 618 618 617 617 617 585 585 585 577 577 577 584 584 584 585 585 585 623 623 623 587 587 587 623 623 623 616 616 616 615 615 615 623 623 623 585 585 585 620 620 620 587 587 587 578 578 578 585 585 585 622 622 622 624 624 624 618 618 618 622 622 622 584 584 584 583 583 583 583 583 583 577 577 577 582 582 582 583 583 583 625 625 625 622 622 622 582 582 582 626 626 626 627 627 627 582 582 582 625 625 625 583 583 583 625 625 625 628 628 628 629 629 629 625 625 625 582 582 582 627 627 627 627 627 627 630 630 630 625 625 625 627 627 627 631 631 631 632 632 632 629 629 629 622 622 622 625 625 625 633 633 633 619 619 619 634 634 634 633 633 633 635 635 635 636 636 636 635 635 635 637 637 637 638 638 638 635 635 635 634 634 634 639 639 639 636 636 636 640 640 640 641 641 641 636 636 636 635 635 635 638 638 638 638 638 638 642 642 642 640 640 640 638 638 638 637 637 637 643 643 643 634 634 634 644 644 644 639 639 639 634 634 634 635 635 635 633 633 633 639 639 639 637 637 637 635 635 635 639 639 639 645 645 645 646 646 646 637 637 637 647 647 647 643 643 643 637 637 637 639 639 639 646 646 646 637 637 637 648 648 648 649 649 649 646 646 646 650 650 650 648 648 648 646 646 646 648 648 648 637 637 637 643 643 643 651 651 651 642 642 642 601 601 601 641 641 641 600 600 600 601 601 601 598 598 598 597 597 597 601 601 601 602 602 602 610 610 610 600 600 600 652 652 652 594 594 594 610 610 610 633 633 633 636 636 636 610 610 610 641 641 641 601 601 601 641 641 641 653 653 653 654 654 654 641 641 641 610 610 610 636 636 636 654 654 654 600 600 600 641 641 641 581 581 581 626 626 626 582 582 582 581 581 581 579 579 579 595 595 595 595 595 595 652 652 652 655 655 655 595 595 595 626 626 626 581 581 581 626 626 626 595 595 595 655 655 655 626 626 626 631 631 631 627 627 627 655 655 655 631 631 631 626 626 626 655 655 655 656 656 656 657 657 657 609 609 609 612 612 612 619 619 619 609 609 609 633 633 633 610 610 610 619 619 619 624 624 624 634 634 634 619 619 619 633 633 633 609 609 609 593 593 593 600 600 600 594 594 594 593 593 593 594 594 594 579 579 579 593 593 593 596 596 596 598 598 598 594 594 594 652 652 652 595 595 595 652 652 652 656 656 656 655 655 655 652 652 652 600 600 600 654 654 654 652 652 652 658 658 658 656 656 656 628 628 628 659 659 659 660 660 660 628 628 628 625 625 625 630 630 630 630 630 630 661 661 661 628 628 628 630 630 630 627 627 627 632 632 632 632 632 632 662 662 662 663 663 663 632 632 632 664 664 664 630 630 630 664 664 664 665 665 665 661 661 661 664 664 664 632 632 632 663 663 663 663 663 663 666 666 666 664 664 664 661 661 661 630 630 630 664 664 664 617 617 617 618 618 618 612 612 612 617 617 617 620 620 620 621 621 621 618 618 618 624 624 624 619 619 619 618 618 618 621 621 621 622 622 622 624 624 624 667 667 667 644 644 644 624 624 624 644 644 644 634 634 634 624 624 624 622 622 622 629 629 629 616 616 616 612 612 612 613 613 613 616 616 616 623 623 623 620 620 620 615 615 615 613 613 613 614 614 614 592 592 592 603 603 603 596 596 596 592 592 592 579 579 579 589 589 589 591 591 591 589 589 589 590 590 590 659 659 659 665 665 665 668 668 668 659 659 659 658 658 658 660 660 660 659 659 659 628 628 628 661 661 661 659 659 659 669 669 669 670 670 670 669 669 669 659 659 659 668 668 668 670 670 670 669 669 669 671 671 671 668 668 668 672 672 672 673 673 673 668 668 668 665 665 665 672 672 672 668 668 668 674 674 674 669 669 669 665 665 665 664 664 664 666 666 666 665 665 665 659 659 659 661 661 661 672 672 672 675 675 675 676 676 676 672 672 672 676 676 676 673 673 673 672 672 672 666 666 666 675 675 675 674 674 674 668 668 668 673 673 673 674 674 674 676 676 676 677 677 677 674 674 674 677 677 677 678 678 678 631 631 631 655 655 655 657 657 657 657 657 657 662 662 662 631 631 631 657 657 657 671 671 671 679 679 679 662 662 662 657 657 657 679 679 679 662 662 662 680 680 680 681 681 681 662 662 662 682 682 682 663 663 663 662 662 662 632 632 632 631 631 631 679 679 679 678 678 678 680 680 680 679 679 679 680 680 680 662 662 662 656 656 656 671 671 671 657 657 657 656 656 656 670 670 670 671 671 671 658 658 658 652 652 652 654 654 654 658 658 658 683 683 683 660 660 660 658 658 658 670 670 670 656 656 656 658 658 658 659 659 659 670 670 670 671 671 671 678 678 678 679 679 679 671 671 671 669 669 669 678 678 678 683 683 683 629 629 629 628 628 628 683 683 683 628 628 628 660 660 660 683 683 683 667 667 667 629 629 629 683 683 683 654 654 654 653 653 653 683 683 683 653 653 653 684 684 684 683 683 683 658 658 658 654 654 654 642 642 642 638 638 638 643 643 643 642 642 642 685 685 685 686 686 686 685 685 685 687 687 687 686 686 686 685 685 685 642 642 642 651 651 651 686 686 686 640 640 640 642 642 642 651 651 651 647 647 647 688 688 688 651 651 651 689 689 689 685 685 685 651 651 651 643 643 643 647 647 647 647 647 647 637 637 637 649 649 649 688 688 688 649 649 649 690 690 690 688 688 688 691 691 691 651 651 651 688 688 688 692 692 692 691 691 691 689 689 689 651 651 651 691 691 691 644 644 644 693 693 693 645 645 645 644 644 644 645 645 645 639 639 639 667 667 667 693 693 693 644 644 644 667 667 667 687 687 687 693 693 693 667 667 667 624 624 624 629 629 629 667 667 667 683 683 683 684 684 684 693 693 693 694 694 694 645 645 645 645 645 645 650 650 650 646 646 646 645 645 645 694 694 694 650 650 650 653 653 653 687 687 687 684 684 684 653 653 653 641 641 641 640 640 640 640 640 640 686 686 686 653 653 653 640 640 640 636 636 636 638 638 638 687 687 687 653 653 653 686 686 686 687 687 687 694 694 694 693 693 693 687 687 687 685 685 685 695 695 695 687 687 687 667 667 667 684 684 684 676 676 676 674 674 674 673 673 673 676 676 676 696 696 696 677 677 677 676 676 676 697 697 697 696 696 696 676 676 676 698 698 698 697 697 697 696 696 696 678 678 678 677 677 677 698 698 698 681 681 681 697 697 697 698 698 698 666 666 666 682 682 682 698 698 698 676 676 676 675 675 675 678 678 678 696 696 696 680 680 680 678 678 678 669 669 669 674 674 674 666 666 666 672 672 672 665 665 665 666 666 666 698 698 698 675 675 675 666 666 666 663 663 663 682 682 682 682 682 682 662 662 662 681 681 681 681 681 681 698 698 698 682 682 682 681 681 681 696 696 696 697 697 697 681 681 681 680 680 680 696 696 696 692 692 692 689 689 689 691 691 691 692 692 692 699 699 699 689 689 689 692 692 692 700 700 700 699 699 699 692 692 692 688 688 688 690 690 690 699 699 699 695 695 695 689 689 689 701 701 701 650 650 650 702 702 702 701 701 701 702 702 702 692 692 692 701 701 701 692 692 692 690 690 690 700 700 700 650 650 650 694 694 694 700 700 700 692 692 692 702 702 702 700 700 700 695 695 695 699 699 699 649 649 649 701 701 701 690 690 690 649 649 649 648 648 648 701 701 701 649 649 649 688 688 688 647 647 647 694 694 694 687 687 687 695 695 695 695 695 695 700 700 700 694 694 694 695 695 695 685 685 685 689 689 689 650 650 650 701 701 701 648 648 648 650 650 650 700 700 700 702 702 702 703 703 703 704 704 704 705 705 705 703 703 703 706 706 706 707 707 707 703 703 703 705 705 705 708 708 708 704 704 704 703 703 703 707 707 707 704 704 704 707 707 707 709 709 709 704 704 704 710 710 710 711 711 711 705 705 705 711 711 711 712 712 712 705 705 705 712 712 712 713 713 713 707 707 707 714 714 714 709 709 709 711 711 711 715 715 715 716 716 716 711 711 711 705 705 705 704 704 704 713 713 713 717 717 717 708 708 708 713 713 713 708 708 708 705 705 705 713 713 713 716 716 716 718 718 718 708 708 708 719 719 719 703 703 703 708 708 708 720 720 720 719 719 719 719 719 719 721 721 721 703 703 703 719 719 719 722 722 722 723 723 723 720 720 720 724 724 724 725 725 725 720 720 720 708 708 708 717 717 717 717 717 717 724 724 724 720 720 720 717 717 717 713 713 713 718 718 718 718 718 718 726 726 726 717 717 717 726 726 726 718 718 718 727 727 727 726 726 726 728 728 728 724 724 724 727 727 727 728 728 728 726 726 726 724 724 724 728 728 728 729 729 729 724 724 724 717 717 717 726 726 726 728 728 728 727 727 727 730 730 730 728 728 728 731 731 731 729 729 729 729 729 729 725 725 725 724 724 724 730 730 730 732 732 732 728 728 728 732 732 732 730 730 730 733 733 733 733 733 733 716 716 716 715 715 715 731 731 731 734 734 734 729 729 729 731 731 731 714 714 714 735 735 735 731 731 731 728 728 728 732 732 732 710 710 710 709 709 709 731 731 731 710 710 710 715 715 715 711 711 711 710 710 710 731 731 731 732 732 732 709 709 709 710 710 710 704 704 704 715 715 715 710 710 710 732 732 732 715 715 715 732 732 732 733 733 733 725 725 725 729 729 729 734 734 734 734 734 734 736 736 736 725 725 725 734 734 734 731 731 731 735 735 735 735 735 735 737 737 737 734 734 734 735 735 735 738 738 738 739 739 739 737 737 737 735 735 735 739 739 739 739 739 739 738 738 738 740 740 740 739 739 739 740 740 740 737 737 737 736 736 736 734 734 734 737 737 737 736 736 736 740 740 740 741 741 741 736 736 736 741 741 741 722 722 722 716 716 716 712 712 712 711 711 711 716 716 716 713 713 713 712 712 712 716 716 716 733 733 733 730 730 730 716 716 716 727 727 727 718 718 718 716 716 716 730 730 730 727 727 727 740 740 740 742 742 742 741 741 741 740 740 740 743 743 743 742 742 742 740 740 740 736 736 736 737 737 737 740 740 740 744 744 744 743 743 743 743 743 743 723 723 723 742 742 742 742 742 742 722 722 722 741 741 741 738 738 738 735 735 735 714 714 714 744 744 744 721 721 721 743 743 743 744 744 744 714 714 714 706 706 706 744 744 744 740 740 740 738 738 738 714 714 714 744 744 744 738 738 738 714 714 714 731 731 731 709 709 709 714 714 714 707 707 707 706 706 706 706 706 706 703 703 703 721 721 721 722 722 722 725 725 725 736 736 736 722 722 722 742 742 742 723 723 723 722 722 722 720 720 720 725 725 725 722 722 722 719 719 719 720 720 720 723 723 723 743 743 743 721 721 721 721 721 721 719 719 719 723 723 723 721 721 721 744 744 744 706 706 706 745 745 745 746 746 746 747 747 747 745 745 745 747 747 747 748 748 748 746 746 746 745 745 745 749 749 749 746 746 746 750 750 750 751 751 751 747 747 747 751 751 751 752 752 752 747 747 747 752 752 752 753 753 753 749 749 749 754 754 754 755 755 755 749 749 749 756 756 756 757 757 757 749 749 749 758 758 758 746 746 746 751 751 751 747 747 747 746 746 746 753 753 753 759 759 759 748 748 748 753 753 753 748 748 748 747 747 747 748 748 748 760 760 760 761 761 761 748 748 748 761 761 761 745 745 745 761 761 761 762 762 762 763 763 763 761 761 761 754 754 754 745 745 745 764 764 764 765 765 765 766 766 766 764 764 764 767 767 767 768 768 768 767 767 767 764 764 764 766 766 766 767 767 767 769 769 769 770 770 770 768 768 768 770 770 770 771 771 771 768 768 768 772 772 772 764 764 764 766 766 766 759 759 759 767 767 767 766 766 766 773 773 773 760 760 760 770 770 770 768 768 768 767 767 767 771 771 771 774 774 774 768 768 768 774 774 774 775 775 775 776 776 776 774 774 774 776 776 776 777 777 777 774 774 774 771 771 771 775 775 775 772 772 772 765 765 765 764 764 764 772 772 772 768 768 768 774 774 774 772 772 772 774 774 774 777 777 777 772 772 772 777 777 777 778 778 778 777 777 777 779 779 779 778 778 778 778 778 778 780 780 780 772 772 772 778 778 778 781 781 781 782 782 782 776 776 776 783 783 783 777 777 777 783 783 783 776 776 776 784 784 784 779 779 779 777 777 777 783 783 783 758 758 758 749 749 749 757 757 757 758 758 758 757 757 757 785 785 785 757 757 757 786 786 786 785 785 785 785 785 785 787 787 787 758 758 758 785 785 785 788 788 788 789 789 789 787 787 787 785 785 785 789 789 789 787 787 787 790 790 790 750 750 750 750 750 750 746 746 746 758 758 758 750 750 750 758 758 758 787 787 787 790 790 790 791 791 791 792 792 792 790 790 790 787 787 787 791 791 791 786 786 786 793 793 793 788 788 788 786 786 786 757 757 757 756 756 756 756 756 756 794 794 794 786 786 786 756 756 756 749 749 749 755 755 755 755 755 755 795 795 795 796 796 796 755 755 755 797 797 797 756 756 756 797 797 797 798 798 798 794 794 794 797 797 797 755 755 755 796 796 796 796 796 796 799 799 799 797 797 797 794 794 794 798 798 798 800 800 800 794 794 794 756 756 756 797 797 797 801 801 801 802 802 802 803 803 803 801 801 801 804 804 804 802 802 802 801 801 801 805 805 805 806 806 806 801 801 801 803 803 803 807 807 807 802 802 802 808 808 808 809 809 809 803 803 803 809 809 809 810 810 810 807 807 807 811 811 811 801 801 801 807 807 807 803 803 803 780 780 780 807 807 807 780 780 780 782 782 782 811 811 811 812 812 812 805 805 805 811 811 811 793 793 793 813 813 813 811 811 811 807 807 807 814 814 814 814 814 814 782 782 782 781 781 781 814 814 814 788 788 788 793 793 793 805 805 805 801 801 801 811 811 811 805 805 805 815 815 815 816 816 816 806 806 806 817 817 817 804 804 804 806 806 806 816 816 816 818 818 818 804 804 804 819 819 819 808 808 808 804 804 804 801 801 801 806 806 806 765 765 765 772 772 772 780 780 780 773 773 773 766 766 766 765 765 765 773 773 773 810 810 810 820 820 820 773 773 773 820 820 820 762 762 762 780 780 780 778 778 778 782 782 782 780 780 780 810 810 810 765 765 765 810 810 810 780 780 780 803 803 803 810 810 810 773 773 773 765 765 765 820 820 820 809 809 809 821 821 821 754 754 754 749 749 749 745 745 745 754 754 754 761 761 761 763 763 763 754 754 754 822 822 822 795 795 795 763 763 763 823 823 823 822 822 822 822 822 822 754 754 754 763 763 763 822 822 822 824 824 824 825 825 825 795 795 795 755 755 755 754 754 754 795 795 795 826 826 826 796 796 796 782 782 782 814 814 814 807 807 807 781 781 781 778 778 778 779 779 779 781 781 781 789 789 789 788 788 788 762 762 762 760 760 760 773 773 773 762 762 762 761 761 761 760 760 760 760 760 760 748 748 748 759 759 759 823 823 823 820 820 820 827 827 827 823 823 823 762 762 762 820 820 820 823 823 823 763 763 763 762 762 762 798 798 798 828 828 828 829 829 829 798 798 798 797 797 797 799 799 799 799 799 799 830 830 830 798 798 798 799 799 799 796 796 796 826 826 826 826 826 826 831 831 831 799 799 799 826 826 826 795 795 795 832 832 832 831 831 831 826 826 826 833 833 833 833 833 833 832 832 832 834 834 834 833 833 833 835 835 835 836 836 836 833 833 833 837 837 837 831 831 831 830 830 830 837 837 837 838 838 838 830 830 830 799 799 799 831 831 831 830 830 830 839 839 839 828 828 828 789 789 789 781 781 781 779 779 779 789 789 789 791 791 791 787 787 787 788 788 788 785 785 785 786 786 786 788 788 788 814 814 814 781 781 781 793 793 793 811 811 811 814 814 814 793 793 793 786 786 786 794 794 794 791 791 791 779 779 779 783 783 783 791 791 791 789 789 789 779 779 779 792 792 792 783 783 783 784 784 784 792 792 792 791 791 791 783 783 783 759 759 759 753 753 753 769 769 769 759 759 759 766 766 766 760 760 760 769 769 769 767 767 767 759 759 759 840 840 840 841 841 841 842 842 842 840 840 840 843 843 843 839 839 839 840 840 840 844 844 844 845 845 845 843 843 843 827 827 827 828 828 828 843 843 843 828 828 828 839 839 839 843 843 843 842 842 842 824 824 824 839 839 839 844 844 844 840 840 840 839 839 839 830 830 830 838 838 838 828 828 828 798 798 798 830 830 830 838 838 838 837 837 837 846 846 846 838 838 838 846 846 846 847 847 847 838 838 838 844 844 844 839 839 839 844 844 844 838 838 838 847 847 847 847 847 847 848 848 848 844 844 844 847 847 847 846 846 846 848 848 848 845 845 845 848 848 848 849 849 849 832 832 832 833 833 833 826 826 826 825 825 825 795 795 795 822 822 822 825 825 825 832 832 832 795 795 795 850 850 850 842 842 842 841 841 841 850 850 850 834 834 834 832 832 832 850 850 850 832 832 832 825 825 825 834 834 834 851 851 851 835 835 835 824 824 824 823 823 823 827 827 827 824 824 824 827 827 827 843 843 843 824 824 824 822 822 822 823 823 823 827 827 827 829 829 829 828 828 828 827 827 827 800 800 800 829 829 829 842 842 842 843 843 843 840 840 840 842 842 842 850 850 850 825 825 825 842 842 842 825 825 825 824 824 824 800 800 800 798 798 798 829 829 829 800 800 800 827 827 827 820 820 820 800 800 800 821 821 821 852 852 852 819 819 819 853 853 853 808 808 808 819 819 819 804 804 804 817 817 817 819 819 819 854 854 854 855 855 855 853 853 853 809 809 809 808 808 808 853 853 853 856 856 856 857 857 857 853 853 853 819 819 819 855 855 855 808 808 808 802 802 802 804 804 804 817 817 817 858 858 858 819 819 819 817 817 817 806 806 806 818 818 818 858 858 858 859 859 859 854 854 854 858 858 858 817 817 817 860 860 860 860 860 860 818 818 818 861 861 861 860 860 860 862 862 862 858 858 858 854 854 854 819 819 819 858 858 858 863 863 863 813 813 813 793 793 793 863 863 863 793 793 793 794 794 794 864 864 864 812 812 812 813 813 813 864 864 864 813 813 813 863 863 863 812 812 812 811 811 811 813 813 813 812 812 812 865 865 865 815 815 815 809 809 809 803 803 803 802 802 802 809 809 809 820 820 820 810 810 810 809 809 809 853 853 853 821 821 821 821 821 821 800 800 800 820 820 820 821 821 821 857 857 857 852 852 852 852 852 852 863 863 863 794 794 794 852 852 852 794 794 794 800 800 800 857 857 857 865 865 865 864 864 864 857 857 857 864 864 864 863 863 863 857 857 857 863 863 863 852 852 852 857 857 857 821 821 821 853 853 853 848 848 848 866 866 866 867 867 867 848 848 848 867 867 867 868 868 868 848 848 848 868 868 868 849 849 849 848 848 848 845 845 845 844 844 844 867 867 867 835 835 835 868 868 868 868 868 868 841 841 841 849 849 849 866 866 866 837 837 837 836 836 836 866 866 866 848 848 848 846 846 846 866 866 866 835 835 835 867 867 867 841 841 841 851 851 851 850 850 850 841 841 841 868 868 868 851 851 851 841 841 841 845 845 845 849 849 849 841 841 841 840 840 840 845 845 845 851 851 851 834 834 834 850 850 850 837 837 837 866 866 866 846 846 846 837 837 837 833 833 833 836 836 836 837 837 837 830 830 830 831 831 831 835 835 835 866 866 866 836 836 836 835 835 835 851 851 851 868 868 868 835 835 835 833 833 833 834 834 834 859 859 859 858 858 858 862 862 862 859 859 859 856 856 856 854 854 854 862 862 862 869 869 869 859 859 859 862 862 862 860 860 860 861 861 861 870 870 870 871 871 871 862 862 862 870 870 870 862 862 862 861 861 861 870 870 870 818 818 818 816 816 816 869 869 869 862 862 862 871 871 871 869 869 869 856 856 856 859 859 859 869 869 869 815 815 815 865 865 865 818 818 818 860 860 860 817 817 817 818 818 818 870 870 870 861 861 861 816 816 816 871 871 871 870 870 870 816 816 816 806 806 806 805 805 805 865 865 865 812 812 812 864 864 864 865 865 865 857 857 857 856 856 856 856 856 856 869 869 869 865 865 865 856 856 856 855 855 855 854 854 854 856 856 856 853 853 853 855 855 855 815 815 815 805 805 805 812 812 812 815 815 815 869 869 869 871 871 871 815 815 815 871 871 871 816 816 816</p>
        </triangles>
      </mesh>
    </geometry>
  </library_geometries>
  <library_materials>
    <material id="a5c64c561100440f8c34cad16cce0be2" name="pbrmaterial">
      <instance_effect url="#0010813c649d45db8921b8bb8cef912d" />
    </material>
  </library_materials>
  <library_visual_scenes>
    <visual_scene id="scene">
      <node id="node0" name="node0">
        <instance_geometry url="#f462b9bc728349a3b3d4291f714e6ad4">
          <bind_material>
            <technique_common>
              <instance_material symbol="material0" target="#a5c64c561100440f8c34cad16cce0be2" />
            </technique_common>
          </bind_material>
        </instance_geometry>
      </node>
    </visual_scene>
  </library_visual_scenes>
  <scene>
    <instance_visual_scene url="#scene" />
  </scene>
</COLLADA>
