<COLLADA xmlns="http://www.collada.org/2005/11/COLLADASchema" version="1.4.1">
  <asset>
    <created>2026-01-11T12:32:02.250988</created>
    <modified>2026-01-11T12:32:02.250993</modified>
    <up_axis>Y_UP</up_axis>
  </asset>
  <library_effects>
    <effect id="831bdb715c9b47da82a5c3093c4c41ef" name="831bdb715c9b47da82a5c3093c4c41ef">
      <profile_COMMON>
        <technique sid="common">
          <phong>
            <ambient>
              <color>0.0 0.0 0.0 1.0</color>
            </ambient>
            <diffuse>
              <color>1.0 1.0 1.0 1.0</color>
            </diffuse>
            <specular>
              <color>1.0 1.0 1.0 1.0</color>
            </specular>
            <shininess>
              <float>0.0</float>
            </shininess>
            <reflective>
              <color>0.0 0.0 0.0 1.0</color>
            </reflective>
            <reflectivity>
              <float>0.0</float>
            </reflectivity>
            <transparent>
              <color>0.0 0.0 0.0 1.0</color>
            </transparent>
            <transparency>
              <float>1.0</float>
            </transparency>
          </phong>
        </technique>
        <extra>
          <technique profile="GOOGLEEARTH">
            <double_sided>0</double_sided>
          </technique>
        </extra>
      </profile_COMMON>
    </effect>
  </library_effects>
  <library_geometries>
    <geometry id="b53a320a5239493b8c2d11cb78865de4" name="e2357b5e13be49459ac20e21f57985ab">
      <mesh>
        <source id="verts-array">
          <float_array count="8475" id="verts-array-array">-0.2247586 0.9434474 0.3666993 -0.09937224 0.9578601 0.3658155 -0.2253472 0.9578601 0.365866 -0.2382922 0.4518438 0.3924993 -0.09629906 0.9434474 0.3666717 0.09397729 0.9434474 0.3666993 -0.2391894 0.9434474 0.3652722 -0.2545035 0.4516372 0.3900612 0.2382922 0.4518438 0.3924992 0.2247586 0.9434474 0.3666993 0.2391894 0.9434474 0.3652722 -0.2392062 0.4355043 0.39232 0.2392063 0.4355043 0.3923201 0.0985169 0.9578601 0.365866 0.09397729 0.9434474 0.3666993 0.2987558 0.9434474 0.292702 0.3245557 0.4518437 -0.1703487 0.2987558 0.9434473 -0.1568151 0.2979226 0.95786 -0.1574037 0.2979226 0.9578601 0.2932906 0.3243765 0.4355043 0.3071497 0.3243766 0.4355042 -0.1712627 0.3245557 0.4518437 0.3062358 0.2973287 0.9434473 -0.171246 0.2973287 0.9434474 0.3071329 -0.2987558 0.9434474 0.292702 -0.2979226 0.95786 -0.1574037 -0.2987558 0.9434473 -0.1568151 -0.3245557 0.4518437 -0.1703487 -0.3245557 0.4518437 0.3062358 -0.2973287 0.9434473 -0.171246 -0.2973287 0.9434474 0.3071329 -0.3243765 0.4355042 -0.1712626 -0.3243766 0.4355043 0.3071498 0.2247586 0.9434473 -0.2308124 -0.2382922 0.4518436 -0.2566121 -0.2247586 0.9434473 -0.2308124 -0.2391894 0.9434473 -0.2293852 0.2392062 0.4355042 -0.2564329 -0.2392063 0.4355042 -0.256433 0.2382923 0.4518436 -0.2566122 0.2253472 0.95786 -0.2299791 0.2391894 0.9434473 -0.2293852 -0.2413054 0.3674202 0.3265339 -0.2585903 0.3674202 0.309249 -0.2412251 0.3657206 0.3091686 -0.2753047 0.3724513 -0.173468 -0.2585903 0.3674201 -0.1733619 -0.2412251 0.3657205 -0.1732815 -0.2591326 0.369418 0.3272983 -0.2753047 0.3724514 0.3093552 -0.2414116 0.3724514 0.3432483 -0.2591267 0.3747901 0.3440019 -0.2753454 0.3801532 0.3433702 -0.276007 0.3748133 0.3272685 0.2413054 0.3674202 0.3265339 0.2414116 0.3724514 0.3432483 -0.2413784 0.3806007 0.3584552 -0.2587659 0.382766 0.3582061 -0.2739641 0.3873059 0.3562377 -0.2582772 0.3926682 0.3697138 0.2413784 0.3806007 0.3584552 -0.272895 0.3957846 0.3661945 -0.241128 0.3915081 0.3714294 -0.257873 0.404483 0.3788538 0.241128 0.3915081 0.3714295 -0.2905116 0.3806007 -0.1734348 -0.2903426 0.3828509 0.3268136 -0.2905117 0.3806007 0.309322 -0.2883063 0.387339 0.3419525 -0.2855305 0.392834 0.353474 -0.2837905 0.3995506 0.3620346 -0.2982682 0.3958027 0.3408376 -0.3018409 0.3927426 0.3262173 -0.3034859 0.3915081 0.3090716 -0.2940912 0.3995506 0.3517342 -0.2906434 0.4026981 0.3585869 -0.284413 0.4084123 0.3681258 -0.3109917 0.4045663 0.325707 -0.3136775 0.4046877 -0.1727126 -0.3034858 0.391508 -0.1731844 -0.3136777 0.4046878 0.3085998 -0.2530669 0.9434474 0.3610574 -0.2702858 0.4515239 0.3847415 -0.2563116 0.434839 0.389646 -0.2400009 0.4195642 0.3886584 -0.2723493 0.4347249 0.3839675 -0.2658576 0.9434474 0.3542169 -0.2849547 0.4514678 0.3765943 -0.2863138 0.43483 0.3759173 -0.2573059 0.418648 0.3857278 -0.2858843 0.4199836 0.3726918 -0.2730497 0.4190155 0.3800447 -0.2770701 0.9434474 0.3450135 -0.2979416 0.45146 0.3658852 -0.2980674 0.4349066 0.3660849 -0.2961836 0.4205493 0.3641453 -0.3078982 0.4347271 0.3543476 0.2406562 0.4046878 0.3816212 0.2400011 0.4195642 0.3886587 -0.2406562 0.4046878 0.3816211 -0.2728765 0.4060914 0.3739508 -0.2932897 0.4096534 0.3612332 -0.304719 0.4199385 0.3538452 -0.3001824 0.4084123 0.3523566 -0.322118 0.4516373 0.3224472 -0.3217296 0.4346297 0.3240578 -0.2931139 0.9434474 0.3210103 -0.3207149 0.4195641 -0.1720574 -0.3207151 0.4195642 0.3079447 -0.3178173 0.418601 0.3250606 -0.3167977 0.4515239 0.3382292 -0.30604 0.4061053 0.3407734 -0.3160187 0.4345356 0.3402581 -0.2862734 0.9434474 0.3338011 -0.3086504 0.4514676 0.3528978 -0.312109 0.4189374 0.3409196 -0.1039805 0.9717189 0.3621452 -0.2259143 0.9717189 0.3622223 -0.2402458 0.9584868 0.3642143 -0.2408404 0.9724588 0.360284 -0.1096632 0.9844912 0.355805 -0.2264381 0.9844912 0.3559081 -0.2412062 0.9845409 0.354071 -0.2541561 0.9831911 0.3501689 -0.2545676 0.9721149 0.3557557 -0.2543806 0.9584909 0.359689 -0.1158066 0.9956861 0.3470431 -0.2268986 0.9956861 0.347166 -0.2415468 0.9946139 0.3461058 -0.2540214 0.9919982 0.3433273 -0.1216867 1.004874 0.3362012 -0.227278 1.004874 0.3363321 -0.2657033 0.9712214 0.3496476 -0.2665846 0.958285 0.3529175 -0.2641004 0.9811938 0.3453896 -0.2633398 0.9887946 0.3399699 -0.2745057 0.9706858 0.3424337 -0.2766586 0.958121 0.3445389 -0.2716691 0.9801221 0.3396126 -0.2692164 0.9861002 0.3371598 -0.2646495 0.9945178 0.3325929 -0.285042 0.9581946 0.3344532 -0.2817306 0.9711822 0.3336332 -0.2774461 0.9811938 0.3320439 -0.2720265 0.9887946 0.3312833 -0.2375474 1.015348 0.305429 -0.2558792 1.011701 0.2955051 -0.2565341 1.009741 0.31032 -0.2425426 1.009721 0.324435 -0.2275617 1.011701 0.3238227 -0.2558792 1.0117 -0.1596182 -0.2683577 1.003043 0.309912 -0.2683886 1.004874 -0.1593345 -0.2683886 1.004874 0.2952214 -0.2668444 0.9992058 0.3227594 -0.2560005 1.005238 0.3238759 -0.2792225 0.995686 -0.1589551 -0.2792225 0.9956861 0.294842 -0.2781017 0.9946769 0.3094928 -0.2753691 0.9920135 0.3219655 -0.2860589 0.9846118 0.3092431 -0.2879646 0.9844911 -0.1584947 -0.2879646 0.9844912 0.2943816 -0.254854 0.9991778 0.3347987 -0.2420561 1.002971 0.3363693 -0.1309792 1.015905 0.3100157 -0.2821978 0.983203 0.3221393 -0.1267086 1.011701 0.3236998 -0.2979226 0.9578601 0.2932906 -0.2942788 0.9717188 -0.1579708 -0.2962632 0.9583016 0.3083671 -0.2917581 0.9583243 0.3223589 -0.2942788 0.9717189 0.2938577 -0.2923193 0.9724172 0.3089489 -0.2878094 0.972047 0.3225763 -0.2413054 0.3674201 -0.1906467 0.2414116 0.3724513 -0.2073611 0.2413054 0.3674201 -0.1906467 -0.2593547 0.3694179 -0.191189 -0.2760582 0.37479 -0.1911831 -0.2754266 0.3801531 -0.2074018 -0.2593249 0.3748132 -0.2080634 -0.2414116 0.3724513 -0.2073611 -0.2902625 0.3827659 -0.1908223 -0.2882941 0.3873058 -0.2060205 -0.3017702 0.3926681 -0.1903336 -0.298251 0.3957845 -0.2049514 -0.3109103 0.4044829 -0.1899294 0.2413784 0.3806006 -0.2225681 -0.25887 0.3828508 -0.2223991 -0.2413784 0.3806006 -0.2225681 -0.2740089 0.3873389 -0.2203627 -0.2855305 0.3928339 -0.2175869 -0.2940911 0.3995505 -0.2158469 -0.272894 0.3958026 -0.2303246 -0.2582737 0.3927425 -0.2338974 -0.241128 0.391508 -0.2355424 0.241128 0.391508 -0.2355422 -0.2837907 0.3995505 -0.2261476 -0.2906434 0.402698 -0.2226998 -0.3001823 0.4084122 -0.2164695 -0.2577634 0.4045662 -0.2430481 -0.2406562 0.4046877 -0.2457341 0.2406562 0.4046877 -0.245734 -0.3221176 0.4516371 -0.1865599 -0.2931139 0.9434473 -0.1851234 -0.3217025 0.4348389 -0.188368 -0.316798 0.4515238 -0.2023423 -0.316024 0.4347248 -0.2044057 -0.2862734 0.9434473 -0.1979141 -0.3047483 0.4199835 -0.2179407 -0.3121011 0.4190154 -0.2051061 -0.3177842 0.4186479 -0.1893623 -0.3086509 0.4514677 -0.2170112 -0.3079738 0.4348299 -0.2183702 -0.2770701 0.9434473 -0.2091266 -0.2979416 0.4514599 -0.229998 -0.2981414 0.4349065 -0.2301239 -0.2962018 0.4205492 -0.2282401 -0.286404 0.434727 -0.2399546 -0.3060073 0.4060913 -0.2049329 -0.2932897 0.4096533 -0.2253461 -0.2859017 0.4199384 -0.2367755 -0.2844131 0.4084122 -0.2322388 -0.2545037 0.4516372 -0.2541744 -0.2561142 0.4346296 -0.253786 -0.2530669 0.9434473 -0.2251705 0.2400009 0.4195641 -0.2527713 -0.2400011 0.4195641 -0.2527716 -0.2571171 0.4186009 -0.2498738 -0.2702856 0.4515238 -0.2488541 -0.2723146 0.4345355 -0.2480752 -0.2728298 0.4061052 -0.2380965 -0.2658576 0.9434473 -0.2183299 -0.2729761 0.4189373 -0.2441655 -0.2849543 0.4514675 -0.2407069 -0.2374856 1.015348 -0.169604 -0.2564916 1.009721 -0.1745991 0.2275617 1.0117 -0.1879358 -0.2275617 1.0117 -0.1879358 0.2375474 1.015348 -0.1695421 -0.1584116 1.017324 -0.0156169 -0.2113106 1.016002 -0.1434085 0.08356035 1.017324 -0.0904682 -0.2423766 1.009741 -0.1885906 -0.2419685 1.003043 -0.2004143 -0.254816 0.9992057 -0.198901 -0.2559324 1.005237 -0.188057 -0.227278 1.004874 -0.2004452 -0.254022 0.9920134 -0.2074256 -0.2415494 0.9946768 -0.2101582 0.227278 1.004874 -0.2004452 -0.2268986 0.995686 -0.2112791 0.2268986 0.995686 -0.2112791 0.2264381 0.9844911 -0.2200211 -0.2264381 0.9844911 -0.2200211 -0.2412996 0.9846117 -0.2181154 -0.2668552 0.9991777 -0.1869106 -0.2684259 1.002971 -0.1741127 -0.2646495 0.9945177 -0.196706 -0.2633398 0.9887945 -0.204083 -0.2541958 0.9832029 -0.2142544 -0.2753838 0.9919981 -0.1860779 -0.2781623 0.9946138 -0.1736033 -0.2720265 0.9887945 -0.1953963 -0.2692164 0.9861001 -0.2012729 -0.2641004 0.9811937 -0.2095026 -0.2861276 0.9845408 -0.1732627 -0.2822254 0.983191 -0.1862127 -0.2774461 0.9811937 -0.196157 -0.2253472 0.95786 -0.2299791 -0.2404237 0.9583015 -0.2283197 -0.2544155 0.9583242 -0.2238147 -0.2259143 0.9717188 -0.2263353 -0.2665098 0.9581946 -0.2170985 -0.2410055 0.9724171 -0.2243758 -0.2765954 0.9581209 -0.2087152 -0.2744903 0.9706857 -0.2065622 -0.2849741 0.9582849 -0.1986411 0.2259143 0.9717188 -0.2263354 -0.2546329 0.9720469 -0.219866 -0.2656898 0.9711821 -0.2137871 -0.2716691 0.980122 -0.2037257 -0.2817042 0.9712213 -0.1977598 -0.2962708 0.9584867 -0.1723023 -0.2923405 0.9724587 -0.1728969 -0.2878123 0.9721148 -0.1866242 -0.2917455 0.9584908 -0.1864372 0.2412251 0.3657206 0.3091686 0.2585903 0.3674202 0.309249 0.2593547 0.369418 0.3270762 0.2753047 0.3724514 0.3093551 0.2760582 0.3747901 0.3270703 0.2412251 0.3657205 -0.1732815 0.2585903 0.3674201 -0.1733618 0.2753047 0.3724513 -0.173468 0.2905116 0.3806007 -0.1734348 0.2905116 0.3806007 0.3093219 0.2902625 0.382766 0.3267094 0.3017702 0.3926682 0.3262207 0.298251 0.3957846 0.3408386 0.3034858 0.3915081 0.3090715 0.3109103 0.404483 0.3258166 0.3034859 0.391508 -0.1731844 0.2593249 0.3748133 0.3439506 0.2754266 0.3801532 0.343289 0.2882941 0.3873059 0.3419077 0.2855305 0.392834 0.353474 0.294091 0.3995506 0.3517341 0.25887 0.3828509 0.3582861 0.2740089 0.387339 0.3562498 0.2837906 0.3995506 0.3620347 0.2906434 0.4026981 0.3585869 0.3001823 0.4084123 0.3523566 0.2582737 0.3927426 0.3697845 0.272894 0.3958027 0.3662117 0.2577634 0.4045663 0.3789352 0.3221176 0.4516372 0.322447 0.2931139 0.9434474 0.3210103 0.3217025 0.434839 0.3242552 0.3207149 0.4195642 0.3079445 0.316798 0.4515239 0.3382294 0.316024 0.4347249 0.3402928 0.2862734 0.9434474 0.333801 0.3047483 0.4199836 0.3538279 0.3121011 0.4190154 0.3409932 0.3177842 0.418648 0.3252494 0.3086508 0.4514678 0.3528983 0.3079738 0.43483 0.3542573 0.2770701 0.9434474 0.3450135 0.2962018 0.4205493 0.3641272 0.2979416 0.45146 0.3658852 0.2981413 0.4349066 0.366011 0.286404 0.4347272 0.3758417 0.3136777 0.4046877 -0.1727127 0.3207151 0.4195641 -0.1720575 0.3060073 0.4060914 0.3408201 0.3136775 0.4046878 0.3085997 0.2932897 0.4096534 0.3612332 0.2859017 0.4199385 0.3726626 0.2844131 0.4084123 0.3681259 0.2545037 0.4516373 0.3900615 0.2561142 0.4346298 0.3896731 0.2530669 0.9434474 0.3610574 0.2571171 0.418601 0.3857609 0.2702856 0.4515239 0.3847412 0.2723146 0.4345356 0.3839623 0.2728298 0.4061053 0.3739836 0.2658576 0.9434474 0.3542168 0.2849543 0.4514676 0.3765939 0.2729761 0.4189374 0.3800525 0.2374856 1.015348 0.3054908 0.2275617 1.011701 0.3238227 0.2423766 1.009741 0.3244775 0.1584116 1.017324 -0.0156169 0.1584116 1.017324 0.2263551 0.2564916 1.009721 0.310486 0.2558792 1.011701 0.2955051 0.1326489 1.015905 0.3101184 0.1272524 1.011701 0.3238227 0.227278 1.004874 0.3363321 0.2419685 1.003043 0.3363011 0.254816 0.9992058 0.3347879 0.2415494 0.9946769 0.3460452 0.1214372 1.004874 0.3363321 0.2268986 0.9956861 0.347166 0.254022 0.9920135 0.3433125 0.2412996 0.9846118 0.3540023 0.1154266 0.9956861 0.347166 0.2559324 1.005238 0.3239439 0.2668552 0.9991777 0.3227975 0.2558792 1.0117 -0.1596182 0.2683886 1.004874 -0.1593345 0.2684259 1.002971 0.3099996 0.2646495 0.9945178 0.3325929 0.2633398 0.9887946 0.3399699 0.2541958 0.983203 0.3501413 0.2683886 1.004874 0.2952214 0.2781623 0.9946138 0.3094902 0.2753838 0.9919982 0.3219648 0.2720265 0.9887946 0.3312833 0.2692164 0.9861002 0.3371598 0.2641004 0.9811938 0.3453895 0.2792225 0.9956861 0.294842 0.2792225 0.995686 -0.1589551 0.2861276 0.9845409 0.3091496 0.2879646 0.9844912 0.2943816 0.2822254 0.9831911 0.3220996 0.2774461 0.9811938 0.3320439 0.2253472 0.9578601 0.365866 0.2404237 0.9583016 0.3642067 0.1037419 0.9717189 0.3622222 0.2259143 0.9717189 0.3622222 0.2544155 0.9583243 0.3597016 0.2665098 0.9581946 0.3529854 0.2410055 0.9724172 0.3602628 0.2765954 0.958121 0.3446021 0.2744903 0.9706858 0.3424492 0.2849741 0.958285 0.334528 0.1094516 0.9844912 0.355908 0.2264381 0.9844912 0.355908 0.2546329 0.972047 0.3557529 0.2656898 0.9711822 0.349674 0.2716691 0.9801221 0.3396126 0.2817042 0.9712214 0.3336467 0.2962708 0.9584868 0.3081893 0.2942788 0.9717189 0.2938577 0.2923405 0.9724588 0.3087838 0.2878123 0.9721149 0.3225111 0.2917455 0.9584909 0.3223241 0.2942788 0.9717188 -0.1579708 0.2879646 0.9844911 -0.1584947 0.2591326 0.3694179 -0.1914111 0.2591267 0.37479 -0.2081147 0.2753454 0.3801531 -0.207483 0.2587659 0.3827659 -0.2223189 0.2739641 0.3873058 -0.2203505 0.2582772 0.3926681 -0.2338267 0.272895 0.3957845 -0.2303075 0.257873 0.4044829 -0.2429667 0.276007 0.3748132 -0.1913814 0.2903426 0.3828508 -0.1909264 0.2883063 0.3873389 -0.2060653 0.2855305 0.3928339 -0.2175869 0.2837905 0.3995505 -0.2261475 0.3018409 0.3927425 -0.1903301 0.2982682 0.3958026 -0.2049505 0.2940911 0.3995505 -0.2158471 0.2906434 0.402698 -0.2226998 0.284413 0.4084122 -0.2322387 0.3109917 0.4045662 -0.1898198 0.2545035 0.4516371 -0.2541741 0.2530669 0.9434473 -0.2251705 0.2563116 0.4348389 -0.2537589 0.2702858 0.4515239 -0.2488544 0.2723493 0.4347248 -0.2480805 0.2658576 0.9434473 -0.2183299 0.2849547 0.4514677 -0.2407073 0.2863138 0.4348299 -0.2400302 0.2573059 0.4186479 -0.2498407 0.2858843 0.4199835 -0.2368047 0.2730497 0.4190153 -0.2441576 0.2770701 0.9434473 -0.2091266 0.2961836 0.4205492 -0.2282582 0.2979416 0.4514599 -0.229998 0.2980675 0.4349065 -0.2301978 0.3078982 0.4347271 -0.2184605 0.2728765 0.4060913 -0.2380637 0.2932897 0.4096533 -0.2253461 0.304719 0.4199384 -0.2179581 0.3001824 0.4084122 -0.2164696 0.322118 0.4516372 -0.1865601 0.2931139 0.9434473 -0.1851234 0.3217296 0.4346297 -0.1881706 0.3178173 0.4186009 -0.1891735 0.3167977 0.4515238 -0.2023421 0.3160187 0.4345355 -0.204371 0.30604 0.4061052 -0.2048862 0.2862734 0.9434473 -0.1979141 0.3086504 0.4514675 -0.2170107 0.312109 0.4189373 -0.2050325 0.2425426 1.009721 -0.1885481 0.2113519 1.016002 -0.1433671 0.2565341 1.009741 -0.1744331 0.2683577 1.003043 -0.1740251 0.2781017 0.9946768 -0.1736059 0.2753691 0.9920134 -0.1860786 0.2860589 0.9846117 -0.1733562 0.2560005 1.005237 -0.187989 0.2668444 0.9992057 -0.1868726 0.2646495 0.9945177 -0.196706 0.2720265 0.9887945 -0.1953963 0.2821978 0.983203 -0.1862523 0.2420561 1.002971 -0.2004824 0.254854 0.9991777 -0.1989118 0.2633398 0.9887945 -0.204083 0.2692164 0.9861001 -0.2012729 0.2774461 0.9811937 -0.196157 0.2415468 0.9946138 -0.2102189 0.2412062 0.9845408 -0.2181841 0.2540214 0.9919981 -0.2074404 0.2541561 0.983191 -0.214282 0.2641004 0.9811937 -0.2095027 0.2962632 0.9583015 -0.1724802 0.2917581 0.9583242 -0.186472 0.2923193 0.9724171 -0.173062 0.285042 0.9581946 -0.1985663 0.2766586 0.9581209 -0.208652 0.2745057 0.9706857 -0.2065468 0.2665846 0.9582849 -0.2170306 0.2878094 0.9720469 -0.1866894 0.2817306 0.9711821 -0.1977463 0.2716691 0.980122 -0.2037257 0.2657033 0.9712213 -0.2137607 0.2402458 0.9584867 -0.2283274 0.2408404 0.9724587 -0.2243971 0.2543806 0.9584908 -0.2238021 0.2545676 0.9721148 -0.2198688 -0.08356035 1.017324 -0.0904682 -0.1364882 1.017324 -0.06854475 -0.1584116 1.017324 0.2263551 -0.1739054 1.016937 -0.08405061 -0.1547171 1.017102 -0.08678062 -0.1519819 1.016937 -0.1059741 -0.3388635 1.761766 0.582001 0.3388635 1.084039 0.5820011 0.3388635 1.761766 0.582001 0.3388634 1.796034 0.5781419 -0.3388634 1.796034 0.5781419 -0.3388635 1.084039 0.5820011 -0.3388634 1.049772 0.578142 0.3388634 1.049772 0.578142 0.3731308 1.084039 0.578142 -0.3731308 1.761766 0.5781419 -0.3731308 1.084039 0.578142 0.4929342 1.761766 0.4279302 0.4929342 1.084039 -0.2497966 0.4929342 1.761766 -0.2497968 0.4890751 1.796034 -0.2497967 0.4890751 1.796034 0.4279302 0.4929342 1.084039 0.4279303 0.4890751 1.049772 0.4279303 0.4890751 1.049772 -0.2497966 0.4890751 1.084039 -0.284064 0.4890751 1.761766 0.4621976 -0.3388635 1.915837 -0.2497968 -0.3388635 1.915837 0.4279302 0.3388635 1.915837 -0.2497968 -0.3731308 1.911978 -0.2497967 -0.3731308 1.911978 0.4279302 0.3388635 1.915837 0.4279302 0.3731308 1.911978 0.4279302 -0.3388634 1.911978 0.4621975 0.3388634 1.911978 0.4621975 -0.4929342 1.761766 -0.2497968 -0.4890751 1.796034 0.4279302 -0.4890751 1.796034 -0.2497967 -0.4929342 1.084039 0.4279303 -0.4929342 1.761766 0.4279302 -0.4929342 1.084039 -0.2497966 -0.4890751 1.049772 -0.2497966 -0.4890751 1.049772 0.4279303 -0.4890751 1.084039 0.4621977 -0.4890751 1.761766 0.4621976 -0.4890751 1.761766 -0.2840641 0.3388635 1.761766 -0.4038674 -0.3388634 1.796034 -0.4000083 0.3388634 1.796034 -0.4000083 -0.3388635 1.084039 -0.4038673 -0.3388635 1.761766 -0.4038674 0.3388634 1.049772 -0.4000082 -0.3388634 1.049772 -0.4000082 0.3388635 1.084039 -0.4038673 -0.3731308 1.084039 -0.4000082 0.3731308 1.761766 -0.4000083 -0.3388634 0.9338278 0.4621977 -0.3731308 0.9338278 0.4279303 -0.3388635 0.9299687 0.4279304 -0.3388635 0.9299686 -0.2497966 -0.3742294 0.9384031 0.4636666 -0.4056969 0.9452192 0.4279303 -0.4049182 0.9615677 0.4940758 -0.406843 0.9504182 0.463454 -0.3388634 0.9452192 0.4947637 -0.3740833 0.9503479 0.4959298 -0.3736381 0.9676047 0.522648 -0.4024719 0.9761498 0.5176609 -0.3388634 0.9635779 0.5239865 -0.4025075 0.9942864 0.5357802 -0.3737453 0.9891708 0.5442101 -0.3388634 0.9879833 0.5483919 -0.3388634 1.017206 0.5667506 -0.3743872 1.01606 0.5615516 -0.4337321 0.9677597 0.4628122 -0.4349197 0.9635779 0.4279303 -0.3731308 0.9338277 -0.2497966 -0.4286166 0.9761896 0.4915744 -0.4230862 0.9863111 0.5121531 -0.4230863 0.9998167 0.5256586 -0.4552983 0.9893219 0.4627049 -0.4056969 0.9452191 -0.2497966 -0.459325 0.9879833 0.4279303 -0.4467531 0.994309 0.4915388 -0.4365918 0.9998167 0.5121531 -0.4056969 1.761766 0.5667505 -0.4056969 1.084039 0.5667506 -0.3745997 1.048674 0.5735667 -0.4068629 1.04882 0.5616218 -0.4050089 1.017985 0.5504021 -0.4349197 1.761766 0.5483918 -0.4349197 1.084039 0.5483918 -0.4335811 1.049265 0.5443651 -0.428594 1.020431 0.53582 -0.4551433 1.049158 0.522799 -0.459325 1.761766 0.5239863 -0.4593251 1.084039 0.5239865 -0.4467133 1.020396 0.5176834 -0.4776838 1.761766 0.4947636 -0.4776838 1.084039 0.4947637 -0.4724847 1.048516 0.4959098 -0.4613352 1.017894 0.493985 -0.4844998 1.048303 0.4632962 -0.4776838 1.017206 -0.2497966 -0.4776838 1.017206 0.4279303 -0.472555 1.01604 0.4631502 -0.4593251 0.9879831 -0.2497966 -0.4349197 0.9635778 -0.2497966 -0.3742294 1.797503 0.5735666 -0.3388634 1.8286 0.5667505 -0.3740833 1.829766 0.5616216 -0.4049182 1.827912 0.5504019 -0.406843 1.79729 0.5615515 -0.3736381 1.856484 0.544365 -0.4024719 1.851497 0.5358199 -0.3388634 1.857823 0.5483917 -0.4025075 1.869616 0.5176833 -0.3737453 1.878046 0.5227988 -0.3388634 1.882228 0.5239863 -0.3388634 1.900587 0.4947636 -0.3743872 1.895388 0.4959097 -0.4337321 1.796648 0.54421 -0.4286166 1.82541 0.53578 -0.4230862 1.845989 0.5256584 -0.4230863 1.859495 0.512153 -0.4365918 1.845989 0.512153 -0.4056969 1.900587 -0.2497967 -0.4056969 1.900587 0.4279302 -0.3745997 1.907403 0.4632961 -0.4050089 1.884238 0.4939849 -0.4068629 1.895458 0.46315 -0.4349197 1.882228 -0.2497967 -0.4349197 1.882228 0.4279302 -0.4335811 1.878201 0.4627048 -0.428594 1.869656 0.4915387 -0.4467133 1.85152 0.4915742 -0.4551433 1.856635 0.462812 -0.459325 1.857822 -0.2497967 -0.4593251 1.857823 0.4279302 -0.4776838 1.8286 -0.2497967 -0.4776838 1.8286 0.4279302 -0.4724847 1.829746 0.4634539 -0.4613352 1.827821 0.4940757 -0.4467531 1.825375 0.5176607 -0.4844998 1.797132 0.4636665 -0.472555 1.796986 0.4959296 -0.4552983 1.796541 0.5226479 -0.3388634 0.9338277 -0.284064 -0.3745997 0.938403 -0.2851625 -0.3388634 0.9452191 -0.31663 -0.4050089 0.9615676 -0.3158513 -0.3743872 0.950418 -0.3177761 -0.4068629 0.9503478 -0.2850164 -0.4335811 0.9676045 -0.2845712 -0.428594 0.9761497 -0.3134051 -0.4551433 0.9891707 -0.2846784 -0.4467133 0.9942862 -0.3134406 -0.4724847 1.01606 -0.2853203 -0.3737453 0.9677596 -0.3446652 -0.3388634 0.9635778 -0.3458528 -0.4025075 0.9761895 -0.3395497 -0.4230863 0.986311 -0.3340194 -0.4365918 0.9998165 -0.3340194 -0.3736381 0.9893217 -0.3662315 -0.3388634 0.9879831 -0.3702581 -0.4024719 0.9943088 -0.3576863 -0.4230862 0.9998165 -0.3475249 -0.4890751 1.084039 -0.284064 -0.4776838 1.761766 -0.3166301 -0.4844998 1.048673 -0.2855329 -0.4776838 1.084039 -0.31663 -0.472555 1.04882 -0.317796 -0.4613352 1.017985 -0.3159421 -0.4593251 1.761766 -0.3458529 -0.4552983 1.049265 -0.3445143 -0.4467531 1.020431 -0.3395271 -0.459325 1.084039 -0.3458528 -0.4349197 1.761766 -0.3702583 -0.4337321 1.049157 -0.3660764 -0.4286166 1.020395 -0.3576465 -0.4349197 1.084039 -0.3702582 -0.4056969 1.084039 -0.3886169 -0.4056969 1.761766 -0.3886171 -0.406843 1.048516 -0.3834179 -0.4049182 1.017894 -0.3722684 -0.3731308 1.761766 -0.4000083 -0.3742294 1.048303 -0.3954329 0.3388634 1.017206 -0.3886169 -0.3388634 1.017206 -0.3886169 -0.3740833 1.01604 -0.3834882 0.3388634 0.9879831 -0.3702582 0.3388634 0.9635778 -0.3458528 -0.3388634 1.911978 -0.2840641 -0.3742294 1.907403 -0.285533 -0.3388634 1.900587 -0.3166302 -0.3740833 1.895458 -0.3177962 -0.4049182 1.884238 -0.3159422 -0.406843 1.895387 -0.2853205 -0.3736381 1.878201 -0.3445144 -0.4024719 1.869656 -0.3395273 -0.4025075 1.851519 -0.3576466 -0.3388634 1.882228 -0.3458529 -0.3737453 1.856635 -0.3660765 0.3388634 1.882228 -0.3458529 0.3388634 1.857822 -0.3702583 -0.3388634 1.857822 -0.3702583 -0.3388634 1.8286 -0.3886171 -0.3743872 1.829746 -0.383418 0.3388634 1.8286 -0.3886171 -0.4337321 1.878046 -0.2846786 -0.4286166 1.869616 -0.3134408 -0.4230862 1.859494 -0.3340196 -0.4230863 1.845989 -0.347525 -0.4050089 1.827821 -0.3722685 -0.4552983 1.856484 -0.2845714 -0.4467531 1.851497 -0.3134052 -0.4365918 1.845989 -0.3340195 -0.428594 1.825375 -0.3576864 -0.3745997 1.797132 -0.3954331 -0.4068629 1.796986 -0.3834883 -0.4335811 1.796541 -0.3662316 -0.4551433 1.796648 -0.3446653 -0.4467133 1.82541 -0.3395498 -0.4724847 1.79729 -0.3177762 -0.4613352 1.827912 -0.3158515 -0.4844998 1.797502 -0.2851626 -0.472555 1.829766 -0.2850166 0.3388634 0.9338278 0.4621977 0.3731308 0.9338278 0.4279303 0.3745997 0.9384031 0.4632963 0.3388635 0.9299687 0.4279304 0.3731308 0.9338277 -0.2497966 0.4056969 0.9452191 -0.2497966 0.3388634 0.9452192 0.4947637 0.4056969 0.9452192 0.4279303 0.4068629 0.9503479 0.4631502 0.3388635 0.9299686 -0.2497966 0.4349197 0.9635778 -0.2497966 0.4335811 0.9676046 0.462705 0.428594 0.9761498 0.4915388 0.4349197 0.9635779 0.4279303 0.4551433 0.9891708 0.4628122 0.4467133 0.9942864 0.4915744 0.459325 0.9879831 -0.2497966 0.4776838 1.017206 0.4279303 0.4724847 1.01606 0.463454 0.4593251 0.9879833 0.4279303 0.3743872 0.9504182 0.4959098 0.4050089 0.9615677 0.4939851 0.4230863 0.9863111 0.5121531 0.4365918 0.9998167 0.5121531 0.3737453 0.9677597 0.522799 0.3388634 0.9635779 0.5239865 0.4025075 0.9761896 0.5176834 0.3736381 0.9893219 0.5443651 0.3388634 0.9879833 0.5483919 0.4024719 0.994309 0.53582 0.4230862 0.9998167 0.5256586 0.4890751 1.084039 0.4621977 0.4776838 1.761766 0.4947636 0.4844998 1.048674 0.4636666 0.4776838 1.084039 0.4947637 0.472555 1.04882 0.4959298 0.4613352 1.017985 0.4940758 0.4552983 1.049265 0.522648 0.4593251 1.761766 0.5239863 0.4467531 1.020431 0.5176609 0.459325 1.084039 0.5239865 0.4337321 1.049158 0.5442101 0.4349197 1.761766 0.5483917 0.4286166 1.020396 0.5357802 0.4349197 1.084039 0.5483919 0.4056969 1.761766 0.5667505 0.4056969 1.084039 0.5667506 0.406843 1.048516 0.5615516 0.4049182 1.017894 0.5504021 0.3742294 1.048303 0.5735667 0.3731308 1.761766 0.5781419 0.3388634 1.017206 0.5667506 0.3740833 1.01604 0.5616218 0.3742294 1.907403 0.4636664 0.3731308 1.911978 -0.2497967 0.3388634 1.900587 0.4947636 0.3740833 1.895458 0.4959296 0.4049182 1.884238 0.4940756 0.4056969 1.900587 0.4279302 0.3388634 1.882228 0.5239863 0.3736381 1.878201 0.5226478 0.4024719 1.869656 0.5176607 0.3737453 1.856635 0.54421 0.3388634 1.857823 0.5483918 0.3388634 1.8286 0.5667505 0.4025075 1.85152 0.53578 0.3743872 1.829746 0.5615515 0.406843 1.895388 0.4634539 0.4337321 1.878046 0.462812 0.4056969 1.900587 -0.2497967 0.4286166 1.869616 0.4915742 0.4230862 1.859495 0.512153 0.4230863 1.845989 0.5256584 0.4050089 1.827821 0.5504019 0.4349197 1.882228 0.4279302 0.4349197 1.882228 -0.2497967 0.459325 1.857823 0.4279302 0.4552983 1.856484 0.4627048 0.4467531 1.851497 0.4915387 0.4365918 1.845989 0.5121529 0.428594 1.825375 0.5358199 0.3745997 1.797132 0.5735666 0.4068629 1.796986 0.5616216 0.4335811 1.796541 0.544365 0.4551433 1.796648 0.5227988 0.4467133 1.82541 0.5176833 0.4724847 1.79729 0.4959097 0.4613352 1.827912 0.4939849 0.4844998 1.797503 0.4632961 0.4776838 1.8286 0.4279302 0.472555 1.829766 0.46315 0.3388634 0.9338277 -0.284064 0.3742294 0.938403 -0.2855328 0.3388634 0.9452191 -0.31663 0.3740833 0.9503478 -0.317796 0.4049182 0.9615676 -0.3159421 0.3736381 0.9676045 -0.3445142 0.4024719 0.9761497 -0.3395271 0.3737453 0.9891707 -0.3660764 0.3743872 1.01606 -0.3834178 0.4025075 0.9942862 -0.3576465 0.406843 0.9504181 -0.2853203 0.4337321 0.9677596 -0.2846784 0.4286166 0.9761895 -0.3134406 0.4230862 0.986311 -0.3340194 0.4230863 0.9998165 -0.3475249 0.4552983 0.9893218 -0.2845712 0.4467531 0.9943089 -0.3134051 0.4365918 0.9998165 -0.3340194 0.3731308 1.084039 -0.4000082 0.4056969 1.761766 -0.3886171 0.3745997 1.048673 -0.3954329 0.4050089 1.017985 -0.3722684 0.4056969 1.084039 -0.3886169 0.4068629 1.04882 -0.3834882 0.4349197 1.761766 -0.3702583 0.4335811 1.049265 -0.3662315 0.428594 1.020431 -0.3576863 0.4349197 1.084039 -0.3702581 0.459325 1.761766 -0.3458529 0.4551433 1.049157 -0.3446652 0.4467133 1.020395 -0.3395497 0.4593251 1.084039 -0.3458528 0.4776838 1.761766 -0.3166301 0.4776838 1.084039 -0.31663 0.4724847 1.048516 -0.3177761 0.4613352 1.017894 -0.3158513 0.4844998 1.048303 -0.2851625 0.4890751 1.761766 -0.2840641 0.4776838 1.017206 -0.2497966 0.472555 1.01604 -0.2850164 0.3388634 1.911978 -0.2840641 0.3745997 1.907403 -0.2851627 0.3388634 1.900587 -0.3166302 0.4068629 1.895458 -0.2850166 0.4335811 1.878201 -0.2845714 0.428594 1.869656 -0.3134052 0.4551433 1.856635 -0.2846786 0.4467133 1.851519 -0.3134408 0.4593251 1.857822 -0.2497967 0.4776838 1.8286 -0.2497967 0.4724847 1.829746 -0.2853204 0.3743872 1.895387 -0.3177762 0.4050089 1.884238 -0.3158515 0.4230863 1.859494 -0.3340195 0.4365918 1.845989 -0.3340196 0.4613352 1.827821 -0.3159422 0.3737453 1.878046 -0.3446654 0.4025075 1.869616 -0.3395499 0.3736381 1.856484 -0.3662316 0.4230862 1.845989 -0.347525 0.4024719 1.851497 -0.3576864 0.4467531 1.825375 -0.3395273 0.4844998 1.797132 -0.285533 0.472555 1.796986 -0.3177962 0.4552983 1.796541 -0.3445144 0.4337321 1.796648 -0.3660765 0.4286166 1.82541 -0.3576466 0.406843 1.79729 -0.383418 0.4049182 1.827912 -0.3722685 0.3742294 1.797502 -0.3954331 0.3740833 1.829766 -0.3834883 -0.03451434 1.250068 0.625965 0.03451437 1.242997 0.621685 0.03420603 1.259738 0.6295442 -0.05104174 1.242819 0.6146346 -0.03420601 1.235342 0.6147767 -0.03430088 1.226708 0.6005346 -0.0397641 1.260146 0.628829 -0.05910546 1.254872 0.6161347 0.03444748 1.228539 0.6053635 -0.06733807 1.267097 0.6109396 -0.04124348 1.432227 0.5670964 -0.07429022 1.261903 0.5921938 -0.05033131 1.274529 0.6254979 -0.06419015 1.243469 0.5976054 -0.03397394 1.435237 0.576519 -0.03409683 1.276042 0.63068 0.03466796 1.275991 0.6305531 0.01437432 1.439531 0.5874828 -0.01163841 1.441172 0.5870161 -0.02105602 1.438472 0.585097 -0.05032266 1.232077 0.5998302 -0.04730081 1.214164 0.5408912 -0.01814475 1.444777 0.5818768 -0.0126932 1.450203 0.5754239 -0.01986006 1.447768 0.5760036 -0.02653872 1.443448 0.576535 -0.01683322 1.451678 0.5665015 -0.03512171 1.44087 0.5665013 -0.02626559 1.447576 0.5671132 0.0676029 1.247193 0.5965391 0.04648877 1.213663 0.5410143 0.07353139 1.24198 0.5340526 0.07426596 1.267928 0.5956541 0.05126519 1.242766 0.6144176 0.05033131 1.232069 0.5997957 0.06306172 1.255802 0.6120692 0.05083126 1.256262 0.622824 0.0166786 1.452645 0.5672093 -0.01197458 1.446857 0.5819347 0.02513047 1.450244 0.5651922 0.03320509 1.447123 0.499973 0.02173894 1.448056 0.5757757 0.0139374 1.449064 0.5785524 -0.02702306 1.447521 0.5038084 0.02041405 1.444444 0.5816761 0.01296479 1.44469 0.5843951 0.03338008 1.444682 0.5658886 0.02892555 1.443612 0.5752233 0.04130364 1.434734 0.5667014 0.02339676 1.438289 0.5839431 0.03345551 1.43546 0.5770793 0.05554884 1.434007 0.5020251 0.06419017 1.271184 0.6143823 -0.0735314 1.24198 0.5340526 0.06572363 1.413119 0.5047716 0.05032269 1.274495 0.6255067 -0.04437745 1.441302 0.5046749 -0.06239153 1.42062 0.5058947 -0.2799333 0.1376137 0.0127736 -0.2467855 0.01464057 -0.02040546 -0.2922349 0.01442382 0.000944221 -0.3179825 0.02095691 0.04523356 -0.3061811 0.1376375 0.0533666 -0.2730226 0.1826305 0.01471877 -0.3354686 0.02325483 0.1070026 -0.3231682 0.1379494 0.1107958 -0.2483693 -0.0086639 -0.01884306 -0.2912779 -0.008597661 0.001668475 -0.313565 -0.008593533 0.04576766 -0.3001478 0.1827187 0.05463058 -0.2383056 0.1374586 -0.007566887 -0.2692625 0.216815 0.0165271 -0.3157148 0.1834497 0.1133527 -0.2329693 0.1824863 -0.005065168 -0.1788238 0.01568824 -0.01738271 -0.1805688 0.1373424 -0.007225264 -0.1790726 -0.008067831 -0.01621897 -0.1270586 0.137439 0.01435303 -0.1149122 0.01463129 0.00584478 -0.1808818 0.1824032 -0.004788419 -0.1325839 0.1824671 0.01463953 -0.1357855 0.2167694 0.01639487 -0.1029702 0.1825985 0.04807055 -0.09620158 0.1375832 0.04898113 -0.08089033 0.01441173 0.04302521 -0.08703901 0.1376125 0.09651917 -0.100348 0.1834393 0.1555597 -0.09266437 0.1379384 0.1561815 -0.08023185 0.02324878 0.1577725 -0.07352394 0.02094633 0.09390441 -0.1044499 0.138494 0.2087761 -0.08954602 0.02360928 0.2106801 -0.09564591 -0.00863768 0.2094425 -0.08606878 -0.008618079 0.15641 -0.07782126 -0.00859436 0.09274009 -0.09279765 0.1826916 0.09526663 -0.1456807 0.2179983 0.2004644 -0.1353531 0.1868355 0.2099691 -0.1053128 0.2171691 0.1540129 -0.1489405 0.1780288 0.2308381 -0.1115268 0.1380503 0.2364474 -0.09500952 0.02363797 0.2393513 -0.1011138 -0.008644768 0.2381167 -0.3716826 0.0207377 0.322775 -0.3304393 0.1357702 0.3678012 -0.3565665 0.137332 0.3278795 -0.3641406 -0.008579411 0.2861607 -0.3658597 -0.008446881 0.3231684 -0.3702246 0.02364445 0.2851225 -0.3354487 -0.009194973 0.3600375 -0.3402983 0.01253929 0.3621893 -0.3563565 -0.008645288 0.2457383 -0.3541161 0.1379507 0.2898913 -0.3460226 0.1379967 0.2482704 -0.2615409 0.01488331 0.4091723 -0.2597576 -0.008525882 0.4009268 -0.1069392 0.2167941 0.04825677 -0.1814442 0.2167617 -0.001575167 -0.1400542 0.239501 0.02169296 -0.2305268 0.2167822 -0.002140863 -0.2647003 0.239492 0.02143513 -0.2285228 0.2395057 0.004415225 -0.1827613 0.2395125 0.005257494 -0.2554244 0.2487216 0.03328998 -0.2247438 0.2487286 0.01899114 -0.1490265 0.2487285 0.03377279 -0.1856273 0.2487386 0.01994887 -0.1259733 0.2487213 0.05855595 -0.1129335 0.2394844 0.05106143 -0.1822703 0.1357954 0.3969774 -0.1700718 0.01255709 0.3960418 -0.1799725 0.1752341 0.368437 -0.2002501 0.1670419 0.3920277 -0.1736898 -0.009190743 0.3922155 -0.2617109 0.1359846 0.4079134 -0.1315607 -0.008439468 0.3698387 -0.1260683 0.02075909 0.3716734 -0.142712 0.1373636 0.3700405 -0.2589291 0.1729347 0.3934428 -0.312329 0.1670336 0.3699467 -0.2530579 0.188508 0.3637694 -0.3220258 0.1752236 0.3404778 -0.2446002 0.1906733 0.3211732 -0.1693822 0.1770594 0.3295795 -0.3170665 0.1770526 0.3005332 -0.2351517 0.190675 0.2734581 -0.1307305 0.1379741 0.3339381 -0.1134992 0.02366104 0.3362043 -0.1194861 -0.008576847 0.3348772 -0.1057206 0.02365566 0.2955604 -0.1226526 0.1380102 0.2922868 -0.1608819 0.1770807 0.2860662 -0.1395512 0.2419511 0.06640961 -0.1451478 0.2250488 0.06994913 -0.1329309 0.2418385 0.09730355 -0.1178447 0.2487353 0.09612957 -0.1582171 0.2419135 0.04632089 -0.1619239 0.2250608 0.05150689 -0.1629675 0.2122998 0.05442094 -0.1471987 0.2122581 0.0721478 -0.1444415 0.2251227 0.134254 -0.1387322 0.2419493 0.1373098 -0.1391155 0.225016 0.09792646 -0.1474827 0.2122995 0.1324411 -0.1420499 0.2123378 0.09852883 -0.1885428 0.2418361 0.03487405 -0.1897172 0.2250445 0.04084733 -0.1903318 0.2123652 0.04393134 -0.09655145 0.2168301 0.09470732 -0.1116881 0.239512 0.1510268 -0.1031908 0.2394868 0.09498728 -0.1249368 0.2487166 0.1443131 -0.2963334 0.2168478 0.055664 -0.3104809 0.2171755 0.1139161 -0.3318158 0.1384923 0.1640099 -0.303646 0.1868299 0.1769961 -0.2902395 0.2394931 0.05847124 -0.2905173 0.2179947 0.1721617 -0.2225748 0.1992821 0.2092648 -0.2217334 0.2188554 0.2049492 -0.3355527 0.1380441 0.1923366 -0.284075 0.2395 0.1680528 -0.2205697 0.2394394 0.1989912 -0.3034309 0.2395143 0.1135934 -0.2723836 0.2486926 0.1588572 -0.288627 0.2487167 0.1123625 -0.2770833 0.2487354 0.06504827 -0.2988562 0.1780249 0.2014393 -0.1500941 0.2395011 0.1942076 -0.1574676 0.2486926 0.181286 -0.2178614 0.2487166 0.1851158 -0.2458003 0.2419479 0.0456709 -0.2635487 0.2418352 0.07180488 -0.2209496 0.2419117 0.03407185 -0.2419714 0.2250391 0.05103345 -0.2732127 0.2419477 0.1110557 -0.2194815 0.2250553 0.04025631 -0.1683115 0.2252247 0.1613115 -0.1650552 0.2420627 0.167402 -0.2601334 0.2420626 0.1488433 -0.2149829 0.2418957 0.170368 -0.2548321 0.2252239 0.1444139 -0.2137427 0.2251541 0.1640106 -0.2667879 0.2251174 0.1103519 -0.2580758 0.2250065 0.07468711 -0.2409269 0.2122538 0.05381394 -0.2517399 0.2122683 0.1418197 -0.2633108 0.2122973 0.1097916 -0.2556169 0.2123336 0.07632233 -0.213036 0.2123465 0.1603741 -0.1702182 0.2122684 0.1577539 -0.2196339 0.2122974 0.04333107 -0.153923 0.1770744 0.2504385 -0.1159934 0.1379897 0.2578793 -0.10531 -0.008644504 0.2601566 -0.09920255 0.0236518 0.261356 -0.2241929 0.1917215 0.2175877 -0.2278648 0.1906725 0.2363991 -0.1118235 -0.008644081 0.2943692 -0.3015634 0.1770727 0.221477 -0.3393858 0.1379823 0.2138897 -0.3085019 0.1770772 0.2570659 -0.3517726 0.02363567 0.1883371 -0.3401953 -0.008637167 0.1608087 -0.3456467 -0.008644829 0.1894872 -0.3463084 0.02361068 0.1596643 -0.3498428 -0.008645086 0.2115272 -0.355966 0.02364616 0.2103414 -0.329555 -0.00861621 0.107926 -0.3624835 0.02364548 0.2445427 -0.1474827 0.2122995 0.1324411 -0.213036 0.2123465 0.1603741 -0.1702182 0.2122684 0.1577539 -0.2633108 0.2122973 0.1097916 -0.2517399 0.2122683 0.1418197 -0.1903318 0.2123652 0.04393134 -0.2556169 0.2123336 0.07632233 -0.1420499 0.2123378 0.09852883 -0.1629675 0.2122998 0.05442094 -0.2196339 0.2122974 0.04333107 -0.2409269 0.2122538 0.05381394 -0.1471987 0.2122581 0.0721478 -0.08206287 -0.00860193 0.04334307 -0.114054 -0.008666034 0.007904361 0.3062705 0.1376375 0.05344761 0.3355117 0.02325483 0.1071089 0.3180789 0.02095691 0.04532477 0.2800578 0.1376137 0.01283197 0.2923697 0.01442382 0.001013182 0.2469386 0.01464052 -0.02037572 0.2384477 0.1374586 -0.007544487 0.2485211 -0.0086639 -0.01881194 0.3136609 -0.008593533 0.04585506 0.291412 -0.008597661 0.001736602 0.2731454 0.1826305 0.01477117 0.3002362 0.1827187 0.05470639 0.2331092 0.1824863 -0.005047358 0.3157524 0.1834497 0.1134419 0.323208 0.1379494 0.1108915 0.2693837 0.216815 0.01657624 0.2964209 0.2168479 0.05573651 0.1789744 0.01568824 -0.01741164 0.1807105 0.1373424 -0.007252704 0.1810215 0.1824032 -0.004815572 0.1792222 -0.008067831 -0.01624768 0.1150427 0.01463129 0.005760662 0.1271817 0.137439 0.01427939 0.1359069 0.2167695 0.01632876 0.1815811 0.2167617 -0.001601857 0.2306641 0.2167823 -0.002125165 0.1327069 0.1824671 0.01457066 0.08098874 0.01441173 0.04291169 0.09629485 0.1375832 0.04888084 0.1141827 -0.008666086 0.007819487 0.08709122 0.1376125 0.09641096 0.08023119 0.02324878 0.1576584 0.09266507 0.1379384 0.1560782 0.07357843 0.02094633 0.09378451 0.09560062 -0.00863768 0.2093417 0.08949969 0.02360928 0.210574 0.1044052 0.138494 0.2086829 0.08606931 -0.008618079 0.156301 0.1003492 0.1834393 0.1554629 0.09285097 0.1826916 0.09516338 0.1353074 0.1868355 0.2099026 0.1456431 0.2179983 0.2004068 0.1053154 0.2171691 0.1539205 0.1030643 0.1825985 0.04797611 0.09660525 0.2168301 0.09460732 0.1114582 0.1380503 0.2363602 0.1488767 0.1780288 0.2307833 0.1010438 -0.008644768 0.2380205 0.09493842 0.02363797 0.2392499 0.3715394 0.0207377 0.3229124 0.3302572 0.1357702 0.367903 0.340121 0.01253929 0.3622996 0.364029 -0.008579411 0.2862916 0.3701139 0.02364445 0.2852587 0.3657161 -0.008446881 0.3233008 0.3562797 -0.008645288 0.2458625 0.3624079 0.02364548 0.2446723 0.3564189 0.1373319 0.3280038 0.3352733 -0.009195025 0.3601436 0.2613231 0.01488331 0.4092146 0.2595469 -0.008525882 0.4009675 0.1070331 0.2167941 0.04816574 0.2286545 0.2395057 0.004429215 0.140171 0.2395011 0.02163056 0.1828923 0.2395125 0.005231958 0.2648173 0.239492 0.02148032 0.224863 0.2487286 0.01900184 0.1491329 0.2487285 0.03371811 0.1857456 0.2487386 0.01992581 0.113025 0.2394844 0.05097558 0.1260583 0.2487213 0.05848134 0.182063 0.1357953 0.3969512 0.2614942 0.1359846 0.4079557 0.1797899 0.1752341 0.3684088 0.142528 0.1373636 0.3699802 0.1734866 -0.009190743 0.3921819 0.1698654 0.01255709 0.3960051 0.312145 0.1670336 0.3700328 0.200047 0.1670419 0.3920171 0.1258829 0.02075909 0.3715987 0.1313769 -0.00843952 0.3697687 0.2587249 0.1729347 0.3934828 0.2528793 0.188508 0.3638044 0.3218672 0.1752236 0.3405723 0.2444584 0.1906733 0.321201 0.1692332 0.1770594 0.3295423 0.3169425 0.1770526 0.3006234 0.2350511 0.190675 0.2734777 0.1607704 0.1770807 0.2860217 0.3540012 0.1379507 0.2900135 0.1305777 0.1379741 0.3338675 0.1056009 0.02365566 0.2954682 0.1133444 0.02366104 0.3361188 0.1225358 0.1380102 0.2922092 0.1396294 0.2419511 0.06634676 0.1452229 0.2250488 0.06989111 0.162015 0.2250608 0.05146337 0.1329824 0.2418385 0.09723495 0.1178972 0.2487353 0.09604796 0.1444612 0.2251227 0.1341953 0.1391665 0.225016 0.09786323 0.1472719 0.2122581 0.07209154 0.163056 0.2122998 0.0543783 0.1475039 0.2122996 0.1323851 0.1421004 0.2123378 0.09846813 0.1583127 0.2419136 0.04627415 0.1886483 0.2418361 0.03485349 0.1898175 0.2250445 0.04082777 0.1116933 0.239512 0.1509399 0.1032443 0.2394868 0.09489302 0.1249478 0.2487166 0.1442376 0.2903245 0.2394931 0.05853848 0.2905041 0.2179947 0.1722291 0.3036287 0.1868299 0.1770749 0.3318097 0.1384923 0.164113 0.310518 0.2171755 0.1140008 0.3034683 0.2395143 0.113672 0.2840654 0.2395001 0.1681146 0.2225297 0.1992821 0.2092736 0.2988178 0.1780249 0.201514 0.3355221 0.1380441 0.1924429 0.221692 0.2188554 0.2049573 0.2723819 0.2486926 0.158909 0.2555312 0.2487216 0.03332715 0.2771626 0.2487354 0.06510414 0.2241406 0.1917215 0.2175979 0.150062 0.2395011 0.1941538 0.2205334 0.2394394 0.1989982 0.1574466 0.2486926 0.1812386 0.2178371 0.2487166 0.1851205 0.2886654 0.2487167 0.1124284 0.2458964 0.2419479 0.04569977 0.2636222 0.2418352 0.07184906 0.2210557 0.2419118 0.03407927 0.2420629 0.2250391 0.05105901 0.2581468 0.2250065 0.07472658 0.2732523 0.2419477 0.1111083 0.2195823 0.2250553 0.04026246 0.1387492 0.2419493 0.1372462 0.1683077 0.2252247 0.1612735 0.1650462 0.2420627 0.1673612 0.2149713 0.2418957 0.1703702 0.2601404 0.2420626 0.1488845 0.254843 0.225224 0.1444506 0.2137366 0.2251542 0.1640118 0.241016 0.2122538 0.05383859 0.2556865 0.2123337 0.07635968 0.2668282 0.2251174 0.1103989 0.2633516 0.2122973 0.1098356 0.251753 0.2122683 0.1418537 0.213033 0.2123465 0.1603746 0.1702175 0.2122684 0.1577175 0.1904294 0.2123652 0.04391233 0.219732 0.2122974 0.04333736 0.1159063 0.1379897 0.2577961 0.1538423 0.1770744 0.250388 0.1052209 -0.008644504 0.2600641 0.09911243 0.0236518 0.2612583 0.1117049 -0.008644081 0.2942823 0.2277962 0.1906725 0.2364124 0.3393366 0.1379823 0.2139993 0.3015076 0.1770727 0.2215539 0.3084154 0.1770772 0.2571488 0.3459437 0.1379967 0.2483856 0.3517454 0.02363567 0.1884574 0.3401919 -0.008637167 0.160919 0.346306 0.02361068 0.1597799 0.3456185 -0.008644881 0.1896023 0.3295974 -0.00861621 0.1080272 0.3559199 0.02364616 0.2104654 0.3497956 -0.008645086 0.2116458 0.1904294 0.2123652 0.04391233 0.2556865 0.2123337 0.07635968 0.219732 0.2122974 0.04333736 0.213033 0.2123465 0.1603746 0.2633516 0.2122973 0.1098356 0.1421004 0.2123378 0.09846813 0.1475039 0.2122996 0.1323851 0.1702175 0.2122684 0.1577175 0.163056 0.2122998 0.0543783 0.1472719 0.2122581 0.07209154 0.251753 0.2122683 0.1418537 0.241016 0.2122538 0.05383859 0.07787676 -0.00859436 0.09262393 0.08216102 -0.00860193 0.04323058 0.1193324 -0.008576847 0.3347969 -0.5896291 0.5267684 0.09923701 -0.6223083 0.4482425 0.05130296 -0.6013115 0.4367159 0.1080652 -0.5900966 0.4488878 0.1450002 -0.5742896 0.5271517 0.1388528 -0.5516882 0.5948396 0.1319358 -0.5678758 0.5977681 0.09180444 -0.6065928 0.5270783 0.04619843 -0.6345548 0.3945387 0.005453039 -0.6287336 0.3946872 0.05206352 -0.6057767 0.3965807 0.09363764 -0.576524 0.4036258 0.1010015 -0.5712368 0.4272308 0.1030518 -0.627385 0.4493101 0.003019325 -0.5860386 0.5948397 0.04031693 -0.5970691 0.5806728 0.004777893 -0.6129946 0.5257091 0.0001985468 -0.5245189 0.6234456 0.1267005 -0.5440565 0.6276846 0.08488737 -0.5648962 0.6235691 0.03211492 -0.5826846 0.5948396 -0.01008988 -0.5966488 0.5273023 -0.02527771 -0.607355 0.449138 -0.02307831 -0.6164385 0.3949111 -0.01895078 -0.5607724 0.5279967 -0.03889037 -0.5518785 0.5977681 -0.02261073 -0.5102785 0.4666764 -0.03539038 -0.5635217 0.4477984 -0.02540598 -0.536783 0.4379989 0.02154926 -0.5143886 0.5295364 -0.05080149 -0.5863024 0.3977052 -0.01164876 -0.5092266 0.5948397 -0.03502452 -0.4766514 0.5806728 -0.03609679 -0.4730583 0.5297797 -0.04523759 -0.4766514 0.4805947 -0.03609676 -0.5350512 0.6276847 0.02173981 -0.4931303 0.6235691 0.00795543 -0.4442813 0.5300048 -0.008436192 -0.4569692 0.5948398 -0.003202464 -0.4572635 0.468794 -0.003394604 -0.4939682 0.4475523 0.007788384 -0.4117548 0.5279824 0.08909961 -0.4391112 0.4676546 0.04809649 -0.424851 0.5302184 0.04442417 -0.4367572 0.5977681 0.0496338 -0.4202629 0.594444 0.09541627 -0.426911 0.4634703 0.09089419 -0.4616166 0.4424709 0.1009929 -0.4763793 0.4498596 0.06079548 -0.4529487 0.4232246 0.1264442 -0.451173 0.6234061 0.1072948 -0.4368607 0.5937126 0.1394653 -0.4098846 0.5711755 0.1278295 -0.4329383 0.5251992 0.1582628 -0.4076639 0.5151132 0.1467093 -0.4036148 0.514934 0.1203828 -0.4181103 0.4415267 0.1221854 -0.4008404 0.4928209 0.1371398 -0.4064671 0.4403116 0.1403586 -0.427663 0.3953678 0.1343911 -0.4905733 0.5158045 0.1599823 -0.4618855 0.5169936 0.1656532 -0.4751225 0.5881948 0.1520513 -0.5351524 0.4483884 0.1639942 -0.4915132 0.4329983 0.1480476 -0.4771857 0.4932722 0.1646913 -0.5543477 0.5257971 0.1596171 -0.5694592 0.4500141 0.164473 -0.5206258 0.3986892 0.1482737 -0.5223204 0.5260129 0.1624484 -0.4684489 0.3952306 0.1624175 -0.4769648 0.4396344 0.1646119 -0.5208962 0.4066471 0.1232572 -0.4990884 0.4364736 0.1149595 -0.5405318 0.5806728 0.1515702 -0.5146872 0.5941084 0.1523573 -0.4904915 0.6271908 0.1194339 -0.5461114 0.3968071 0.1653562 -0.5285839 0.4470761 0.0833785 -0.541647 0.4123794 0.104967 -0.5712368 0.4272308 0.1030518 -0.467195 0.3946907 0.1478832 -0.4489346 0.3936153 0.1362005 -0.5130539 0.6319584 0.07553199 -0.4719183 0.6276847 0.06200695 -0.5280683 0.3656398 0.1258227 -0.5448129 0.3308019 0.1085185 -0.5463461 0.3675096 0.1080105 -0.5284346 0.3625237 0.1499635 -0.5276868 0.3302118 0.1256932 -0.5658059 0.3077822 0.1166729 -0.5716226 0.3302119 0.108974 -0.5738091 0.3656398 0.1083264 -0.5454296 0.3113955 0.1137035 -0.5336418 0.3113956 0.1457269 -0.5344575 0.3077824 0.1279915 -0.5290603 0.3301787 0.1491474 -0.5506894 0.3610693 0.1665239 -0.5507815 0.3296406 0.1651653 -0.551882 0.3077824 0.1558656 -0.5578797 0.3001997 0.1359419 -0.6199418 0.3568452 -0.01758088 -0.6164719 0.3234152 -0.01596954 -0.6362645 0.3566376 0.006033363 -0.6063988 0.3001587 2.363403e-05 -0.6335671 0.3237683 0.007181717 -0.5926169 0.3582997 -0.008782407 -0.5889716 0.323976 -0.007955824 -0.623543 0.3040035 0.01376425 -0.6297789 0.3568453 0.05202823 -0.5663603 0.3239865 0.03050136 -0.5860096 0.3040035 0.001023909 -0.5913309 0.2920904 0.03897741 -0.5696143 0.3001587 0.03160588 -0.6163571 0.3001588 0.04747231 -0.5564878 0.4102527 0.07690697 -0.5622434 0.4047658 0.0293133 -0.5771964 0.3967387 0.1665883 -0.5950365 0.3987075 0.1230895 -0.5956089 0.3968725 0.1483958 -0.6015386 0.3040036 0.07858958 -0.5640053 0.3040034 0.06584925 -0.5795725 0.3001587 0.07905453 -0.6279403 0.3234151 0.05140413 -0.5778285 0.3239865 0.09787499 -0.6054843 0.323976 0.08991405 -0.5608888 0.3245993 0.07477652 -0.6069255 0.3582996 0.09246715 -0.5632778 0.3632855 0.07765138 -0.5796006 0.3614158 0.1012656 -0.5697635 0.3614157 0.03165655 -0.5734514 0.3113956 0.15924 -0.5832302 0.3077824 0.1445469 -0.5846906 0.3113956 0.1270303 -0.5947173 0.3296406 0.1484461 -0.5949667 0.3625237 0.1245143 -0.5928452 0.3301787 0.1248226 -0.5964302 0.3610693 0.1490275 -0.5782711 0.3299709 0.1658516 -0.5792496 0.3608617 0.1672122 -0.4122166 0.4455854 0.1552316 -0.4351666 0.4484346 0.1674024 -0.4612389 0.4455854 0.1718717 -0.4197446 0.3965014 0.1592309 -0.4368838 0.3964808 0.1699849 -0.4169002 0.3953998 0.1449014 -0.4570849 0.3965014 0.1719057 -0.4515006 0.3745157 0.167398 -0.4579006 0.3745157 0.1485433 -0.4466149 0.3706954 0.1424085 -0.4564214 0.3706954 0.1585547 -0.4427136 0.362678 0.1539017 -0.4388124 0.3706953 0.165395 -0.4339266 0.3745157 0.1404055 -0.4290059 0.3706954 0.1492488 -0.4275266 0.3745157 0.1592602 -0.5720761 0.4057379 0.1070139 0.5896385 0.5267684 0.09917227 0.5517325 0.5948396 0.1319115 0.5743413 0.5271517 0.1388044 0.5901548 0.4488878 0.1449349 0.6013302 0.4367159 0.107988 0.6222666 0.4482424 0.05120343 0.6065456 0.5270784 0.04611563 0.6286927 0.3946872 0.05195711 0.6344643 0.3945387 0.005340445 0.6057801 0.3965808 0.09355568 0.5678773 0.5977681 0.09176288 0.6272918 0.44931 0.002914346 0.6128984 0.5257091 0.0001089526 0.5765353 0.4036258 0.1009507 0.6163219 0.3949111 -0.01904401 0.607234 0.449138 -0.02316189 0.5965255 0.5273022 -0.02534988 0.5969777 0.5806728 0.004705268 0.5648341 0.6235691 0.03207658 0.5859852 0.5948396 0.04025605 0.5825775 0.5948396 -0.01014716 0.5440506 0.6276846 0.0848712 0.5245575 0.6234456 0.1267051 0.5606346 0.5279967 -0.03892427 0.5101445 0.4666764 -0.03537045 0.5142381 0.5295363 -0.05078596 0.5633983 0.4477984 -0.02544282 0.5367097 0.4379991 0.0215409 0.4938802 0.4475523 0.007825668 0.551758 0.5977681 -0.02263515 0.4765166 0.4805947 -0.03604098 0.4729138 0.5297796 -0.04517794 0.4571635 0.468794 -0.003318166 0.4765166 0.5806728 -0.03604099 0.444176 0.5300048 -0.008345919 0.4568694 0.5948398 -0.003125732 0.4930425 0.6235691 0.007993607 0.509093 0.5948396 -0.03500346 0.5349779 0.6276847 0.02173331 0.4117535 0.5279824 0.08922449 0.4390661 0.4676546 0.04819224 0.4269116 0.4634703 0.09100292 0.4367138 0.5977681 0.04973206 0.424802 0.5302184 0.04453512 0.461628 0.442471 0.1010646 0.4529871 0.4232246 0.1265252 0.4181443 0.4415266 0.1223035 0.4036469 0.514934 0.1205163 0.407724 0.5151131 0.1468385 0.4099246 0.5711755 0.1279564 0.4008903 0.4928209 0.1372762 0.42771 0.3953678 0.134499 0.4065205 0.4403116 0.1404891 0.4202683 0.594444 0.09553209 0.4330108 0.5251992 0.1583651 0.4369131 0.5937127 0.1395635 0.4511911 0.6234061 0.1073776 0.4906476 0.5158044 0.1600232 0.4619658 0.5169936 0.1657246 0.477265 0.4932721 0.1647464 0.5352309 0.4483884 0.1639875 0.5223973 0.5260129 0.1624554 0.5695381 0.4500142 0.1644297 0.5544214 0.5257971 0.1595899 0.5206876 0.3986892 0.1482825 0.5461913 0.3968071 0.1653378 0.4915746 0.4329983 0.1480874 0.4751882 0.5881947 0.1521085 0.5405971 0.5806728 0.1515578 0.5209313 0.4066471 0.1232657 0.4685257 0.3952306 0.1624818 0.4672564 0.3946908 0.147949 0.4770439 0.4396344 0.1646673 0.5772775 0.3967387 0.1665367 0.5147533 0.5941085 0.1523724 0.4905225 0.6271908 0.1194748 0.4763478 0.4498595 0.0608515 0.5285764 0.4470761 0.08337884 0.4991147 0.4364736 0.1149913 0.5712502 0.4272308 0.1030067 0.5416625 0.4123796 0.1049534 0.5564734 0.4102527 0.07687756 0.4489835 0.3936154 0.1362857 0.5130381 0.6319584 0.0755489 0.471888 0.6276847 0.06206771 0.5281061 0.3656398 0.1258236 0.5448322 0.3308019 0.1085015 0.5277244 0.3302118 0.1256945 0.5463649 0.3675096 0.1079919 0.5658338 0.3077824 0.1166335 0.5454544 0.3113955 0.1136859 0.5284982 0.3625237 0.149964 0.5344977 0.3077824 0.1279855 0.5337008 0.3113956 0.1457219 0.5716424 0.3302119 0.1089285 0.5579282 0.3001997 0.135911 0.529123 0.3301785 0.1491472 0.5507706 0.3610694 0.1665006 0.5508612 0.3296406 0.1651419 0.5519518 0.3077824 0.155841 0.5861936 0.3977054 -0.01170989 0.6198266 0.3568452 -0.01767786 0.6361745 0.3566375 0.005918983 0.6163585 0.3234151 -0.01606283 0.6297379 0.3568453 0.05192069 0.6334783 0.3237683 0.007070192 0.5925112 0.3582996 -0.008850266 0.6278986 0.3234152 0.05129855 0.6234613 0.3040034 0.01366341 0.6063024 0.3001588 -5.891934e-05 0.5888667 0.323976 -0.008019798 0.5859144 0.3040035 0.000963078 0.591276 0.2920904 0.03891089 0.5695515 0.3001587 0.03156252 0.5662964 0.3239865 0.03046144 0.5621783 0.4047658 0.02927779 0.5956707 0.3968725 0.1483246 0.5950714 0.3987075 0.123019 0.6163113 0.3001587 0.04737911 0.601526 0.3040035 0.07851214 0.5795604 0.3001587 0.07900053 0.5639791 0.3040035 0.06581183 0.6054838 0.323976 0.0898324 0.5778365 0.3239864 0.09782282 0.5608722 0.3245993 0.07474243 0.6069275 0.3582996 0.09238398 0.5796121 0.3614158 0.1012116 0.5632642 0.3632855 0.07761474 0.5697009 0.3614157 0.03161302 0.5847296 0.3113956 0.1269708 0.583288 0.3077822 0.144489 0.5735248 0.3113956 0.1591924 0.5928819 0.3301785 0.1247544 0.5947792 0.3296406 0.1483759 0.5783515 0.3299709 0.1657989 0.5738282 0.3656398 0.1082785 0.5950031 0.3625236 0.1244438 0.5964928 0.3610693 0.1489555 0.5793315 0.3608617 0.1671585 0.4352488 0.4484346 0.1675023 0.4122858 0.4455854 0.1553559 0.4198181 0.3965014 0.1593472 0.4369687 0.3964809 0.170083 0.4613259 0.4455854 0.1719438 0.4571718 0.3965014 0.1719822 0.4169583 0.3953998 0.1450207 0.4515827 0.3745157 0.1674804 0.4564941 0.3706954 0.1586319 0.4579627 0.3745157 0.1486189 0.4427814 0.362678 0.1539936 0.43398 0.3745157 0.1405067 0.4466704 0.3706954 0.1424962 0.4276001 0.3745157 0.1593683 0.4290686 0.3706953 0.1493552 0.4388924 0.3706954 0.165491 0.5720937 0.4057379 0.1069678 0.5712502 0.4272308 0.1030067 0.1519941 1.016937 -0.1059619 0.1739175 1.016937 -0.0840385 0.1364882 1.017324 -0.06854475 0.1547241 1.017102 -0.08677367 0.5152668 1.947999 0.4432826 0.5152668 1.068687 -0.265149 0.5152668 2.013154 -0.2651492 0.5152668 1.068687 0.4432827 0.5112329 2.013153 -0.300969 0.5112329 2.000832 0.4432826 0.5112329 1.032867 -0.2651489 0.5112329 1.929689 0.4791024 -0.3542159 2.305273 -0.2651492 -0.3542159 2.270568 0.4432825 0.3542159 2.305273 -0.2651492 -0.3900357 2.29694 -0.2651492 -0.3900357 2.259565 0.4432825 0.3542159 2.270545 0.4432825 0.3900357 2.29694 -0.2651492 -0.3542159 2.246181 0.4791024 0.3542159 2.246154 0.4791024 -0.5152668 1.947992 0.4432826 -0.5152668 1.068687 -0.265149 -0.5152668 1.068687 0.4432827 -0.5152668 2.013154 -0.2651492 -0.5112329 2.013153 -0.300969 -0.5112329 1.032867 -0.2651489 -0.5112329 1.032867 0.4432827 -0.5112329 1.92968 0.4791024 -0.5112329 2.000833 0.4432826 0.3542159 2.013153 -0.4262002 -0.3542159 1.068687 -0.4262 -0.3542159 2.013153 -0.4262002 0.3542159 1.068687 -0.4262 0.3542159 1.032867 -0.422166 -0.3542159 1.032867 -0.422166 -0.3900357 1.068687 -0.422166 0.3900357 2.013153 -0.4221662 -0.3542159 0.91167 0.4791026 -0.3900357 0.91167 0.4432827 -0.3542159 0.9076361 0.4432828 -0.391184 0.9164525 0.4806381 -0.3900357 0.9116699 -0.2651489 -0.3542159 0.907636 -0.265149 -0.4232632 0.9406666 0.512425 -0.4252752 0.929012 0.4804159 -0.4240772 0.9235773 0.4432827 -0.3542159 0.9235773 0.513144 -0.3910313 0.9289385 0.5143629 -0.3905659 0.9469771 0.5422916 -0.4207062 0.9559094 0.5370785 -0.3542159 0.9427679 0.5436908 -0.4207433 0.9748676 0.5560188 -0.390678 0.9695204 0.5648306 -0.3542159 0.9682789 0.5692019 -0.3542159 0.9988257 0.5883924 -0.391349 0.9976277 0.5829578 -0.4533825 0.9471392 0.4797449 -0.4546239 0.9427679 0.4432827 -0.4480353 0.955951 0.5098102 -0.4422544 0.9665311 0.5313213 -0.4422544 0.9806485 0.5454386 -0.4759258 0.9696782 0.4796328 -0.480135 0.9682789 0.4432827 -0.4240772 0.9235772 -0.2651489 -0.4669935 0.9748912 0.509773 -0.4563717 0.9806485 0.5313212 -0.3900357 1.068687 0.6002998 -0.3386794 1.084223 0.6033694 -0.3650299 1.116191 0.6031158 -0.3542159 1.650566 0.6043336 -0.3900079 1.821136 0.6003027 -0.3542159 1.234367 0.6043336 -0.4240772 1.068687 0.5883923 -0.3900357 1.068687 0.6002998 -0.3650299 1.74147 0.6031157 -0.3056892 1.117214 0.6043336 -0.4240772 1.84665 0.5883922 -0.3915711 1.031719 0.5955172 -0.4532247 1.032337 0.5649927 -0.425296 1.031872 0.5830312 -0.3646991 1.058204 0.6019725 -0.3542159 1.032867 0.6002998 -0.423358 0.9996397 0.5713031 -0.4480117 1.002197 0.5560604 -0.4546239 1.068687 0.5692019 -0.4669519 1.00216 0.5371022 -0.4546239 1.86903 0.5692018 -0.4757638 1.032225 0.5424494 -0.480135 1.068687 0.5436908 -0.480135 1.888694 0.5436906 -0.4993255 1.068687 0.513144 -0.4938909 1.031554 0.514342 -0.1885355 1.068687 0.6043337 -0.3067123 1.057873 0.6031159 0.3542159 0.9988257 0.5883924 0.3542159 1.032895 0.6003028 -0.4822362 0.9995448 0.51233 -0.5112329 1.068687 0.4791026 -0.5064503 1.031332 0.4802509 -0.4993255 1.909485 0.5131438 -0.4993255 0.9988256 -0.2651489 -0.4993255 0.9988257 0.4432827 -0.4939643 0.9976069 0.4800982 -0.480135 0.9682788 -0.2651489 -0.4546239 0.9427678 -0.2651489 0.3542159 1.873688 0.6002997 -0.3542159 1.957324 0.5883922 -0.3542159 1.873622 0.6003027 0.1885355 1.772701 0.6043335 0.3067123 1.810451 0.6031157 -0.1885355 1.772701 0.6043335 0.3646991 1.824133 0.6019724 0.3542159 1.873688 0.6002997 -0.3542159 1.873622 0.6003027 -0.3067123 1.810451 0.6031157 -0.3646991 1.824115 0.6019724 -0.3386794 1.767538 0.6033693 -0.3056892 1.729097 0.6043335 -0.391184 1.889421 0.5955171 0.3542159 1.957306 0.5883922 -0.3910313 1.965051 0.5830311 -0.3900079 1.821136 0.6003027 -0.3542159 2.042554 0.5692017 -0.3905659 2.042642 0.5649925 -0.4252752 1.905428 0.5829576 -0.390678 2.115816 0.5424492 -0.4207433 2.096929 0.537102 -0.4207062 2.037615 0.5560602 -0.4232632 1.972112 0.571303 -0.3542159 2.126553 0.5436906 -0.423358 2.151416 0.5123298 -0.391349 2.181402 0.5143418 -0.4422544 2.032967 0.5454385 -0.4480353 1.980249 0.5560186 -0.4533825 1.920978 0.5648305 -0.4422544 2.075303 0.5313211 -0.4480117 2.114619 0.5097728 -0.4759258 1.939285 0.5422914 -0.4669935 1.995238 0.5370783 -0.4563717 2.043417 0.5313211 -0.4669519 2.070702 0.50981 -0.4240772 2.273086 -0.2651491 -0.4240772 2.228283 0.4432825 -0.3915711 2.232374 0.4802507 -0.425296 2.198823 0.480098 -0.3542159 2.197064 0.5131438 -0.4546239 2.235943 -0.2651491 -0.4546239 2.180566 0.4432825 -0.4532247 2.153255 0.4796326 -0.480135 2.18826 -0.2651491 -0.480135 2.122185 0.4432825 -0.4757638 2.100604 0.4797447 -0.4993255 2.133111 -0.2651491 -0.4993255 2.060152 0.4432825 -0.4938909 2.042064 0.4804157 -0.4822362 2.017862 0.5124248 -0.5064503 1.982157 0.4806379 -0.5112329 2.073692 -0.2651491 -0.4939643 1.960381 0.5143627 -0.3542159 0.9116699 -0.3009688 -0.3915711 0.9164524 -0.3021171 -0.423358 0.9406665 -0.3341963 -0.391349 0.9290118 -0.3362083 -0.425296 0.9289384 -0.3019644 -0.3542159 0.9235772 -0.3350103 -0.4532247 0.9469769 -0.301499 -0.4480117 0.9559092 -0.3316393 -0.4757638 0.9695202 -0.3016111 -0.4669519 0.9748675 -0.3316764 -0.4938909 0.9976275 -0.3022821 -0.390678 0.947139 -0.3643157 -0.3542159 0.9427677 -0.365557 -0.4207433 0.9559509 -0.3589684 -0.4422544 0.9665309 -0.3531875 -0.4563717 0.9806483 -0.3531875 -0.3905659 0.969678 -0.386859 -0.3542159 0.9682787 -0.3910681 -0.4207062 0.974891 -0.3779266 -0.4422544 0.9806483 -0.3673049 -0.5112329 1.068687 -0.3009688 -0.4993255 2.013153 -0.3350105 -0.5064503 1.031719 -0.3025043 -0.4993255 1.068687 -0.3350103 -0.4939643 1.031871 -0.3362291 -0.4822362 0.9996395 -0.3342912 -0.4759258 1.032337 -0.3641578 -0.480135 2.013153 -0.3655572 -0.4669935 1.002197 -0.3589448 -0.4480353 1.002159 -0.377885 -0.480135 1.068687 -0.365557 -0.4533825 1.032225 -0.3866968 -0.4546239 2.013153 -0.3910682 -0.4546239 1.068687 -0.3910681 -0.4240772 2.013153 -0.4102588 -0.4240772 1.068687 -0.4102586 -0.4252752 1.031554 -0.404824 -0.4232632 0.9995447 -0.3931694 -0.3900357 2.013153 -0.4221662 -0.391184 1.031332 -0.4173834 0.3542159 0.9988256 -0.4102586 -0.3542159 0.9988256 -0.4102586 -0.3910313 0.9976067 -0.4048974 0.3542159 0.9682787 -0.3910681 -0.3542159 2.29694 -0.300969 -0.391184 2.287259 -0.3025045 -0.3542159 2.273086 -0.3350105 -0.3910313 2.262575 -0.3362293 -0.4232632 2.23995 -0.3342914 -0.4252752 2.262431 -0.3022823 0.3542159 2.235943 -0.3655572 -0.3542159 2.235943 -0.3655572 -0.3905659 2.227957 -0.3641581 0.3542159 2.18826 -0.3910683 -0.3542159 2.18826 -0.3910683 -0.390678 2.185981 -0.386697 0.3542159 2.133111 -0.4102588 -0.3542159 2.133111 -0.4102588 -0.4207062 2.211172 -0.358945 -0.391349 2.135239 -0.4048242 -0.4533825 2.22765 -0.3016113 -0.4207433 2.176201 -0.3778852 -0.4480353 2.211094 -0.3316766 -0.423358 2.131666 -0.3931695 -0.4422544 2.165698 -0.3673051 -0.4422544 2.191476 -0.3531878 -0.4759258 2.185691 -0.3014992 -0.4563717 2.165698 -0.3531877 -0.4669935 2.176158 -0.3316395 -0.4480117 2.127136 -0.3779268 -0.3542159 2.073692 -0.4221662 0.3542159 2.073692 -0.4221662 -0.3915711 2.075665 -0.4173836 -0.425296 2.075403 -0.4048976 -0.4532247 2.074603 -0.3868592 -0.4757638 2.074796 -0.3643158 -0.4669519 2.127202 -0.3589686 -0.4938909 2.075949 -0.3362085 -0.4822362 2.131834 -0.3341965 -0.5064503 2.076331 -0.3021173 -0.4939643 2.135276 -0.3019647 0.3542159 0.91167 0.4791026 0.3900357 0.91167 0.4432827 0.3915711 0.9164525 0.4802509 0.3542159 0.9076361 0.4432828 0.3900357 0.9116699 -0.2651489 0.4240772 0.9235772 -0.2651489 0.3542159 0.9235773 0.513144 0.4240772 0.9235773 0.4432827 0.425296 0.9289385 0.4800983 0.3542159 0.907636 -0.265149 0.4546239 0.9427678 -0.2651489 0.4532247 0.9469771 0.4796328 0.4480117 0.9559094 0.509773 0.4546239 0.9427679 0.4432827 0.4757638 0.9695204 0.4797449 0.4669519 0.9748676 0.5098102 0.480135 0.9682788 -0.2651489 0.4993255 0.9988257 0.4432827 0.4938909 0.9976277 0.4804158 0.480135 0.9682789 0.4432827 0.391349 0.929012 0.514342 0.423358 0.9406666 0.51233 0.4422544 0.9665311 0.5313212 0.4563717 0.9806485 0.5313213 0.390678 0.9471392 0.5424494 0.4207433 0.955951 0.5371022 0.3905659 0.9696782 0.5649927 0.3542159 0.9427679 0.5436908 0.3542159 0.9682789 0.5692019 0.4207062 0.9748912 0.5560604 0.4422544 0.9806485 0.5454386 0.5112329 1.068687 0.4791026 0.4993255 1.909495 0.5131438 0.5112329 1.032867 0.4432827 0.5064503 1.031719 0.480638 0.4993255 1.068687 0.513144 0.4939643 1.031872 0.5143629 0.4822362 0.9996397 0.512425 0.480135 1.888706 0.5436906 0.4759258 1.032337 0.5422916 0.4669935 1.002197 0.5370785 0.480135 1.068687 0.5436908 0.4546239 1.869044 0.5692018 0.4533825 1.032225 0.5648306 0.4480352 1.00216 0.5560188 0.4546239 1.068687 0.5692019 0.4240772 1.84667 0.5883922 0.4240772 1.068687 0.5883923 0.4252752 1.031554 0.5829578 0.4232632 0.9995448 0.5713031 0.3915711 1.888757 0.5955171 0.425296 1.904875 0.5830311 0.3542159 1.873688 0.6002997 0.3900079 1.821157 0.6003027 0.3900079 1.068687 0.6003028 0.3386794 1.767538 0.6033693 0.3900079 1.821157 0.6003027 0.391184 1.031332 0.5955172 0.3910313 0.9976069 0.5830312 0.3646991 1.058204 0.6019725 0.3542159 1.234367 0.6043336 0.3650298 1.116191 0.6031158 0.3542159 1.650566 0.6043336 0.3900357 2.259542 0.4432825 0.391184 2.232181 0.4806378 0.3542159 2.197033 0.5131438 0.3910313 2.181561 0.5143627 0.4240772 2.22826 0.4432825 0.3542159 2.126522 0.5436906 0.4252752 2.198455 0.4804156 0.3905659 2.116316 0.5422914 0.3542159 2.042526 0.5692017 0.4232632 2.151333 0.5124248 0.390678 2.043123 0.5648304 0.391349 1.965062 0.5829576 0.4207062 2.097021 0.5370783 0.4207433 2.037678 0.5560186 0.4240772 2.273086 -0.2651491 0.4546239 2.235943 -0.2651491 0.4546239 2.180545 0.4432825 0.4533825 2.152777 0.4797447 0.4480352 2.11447 0.50981 0.4422544 2.075278 0.5313211 0.423358 1.97191 0.571303 0.4422544 2.032945 0.5454385 0.480135 2.18826 -0.2651491 0.4759258 2.100297 0.4796326 0.480135 2.122168 0.4432825 0.4669935 2.070653 0.5097728 0.4563717 2.043397 0.531321 0.4669519 1.995278 0.537102 0.4532247 1.920666 0.5649925 0.4757638 1.939335 0.5424493 0.4480117 1.98013 0.5560602 0.4938909 1.960893 0.5143419 0.4822362 2.018095 0.5123299 0.5064503 1.983002 0.4802507 0.5112329 2.073692 -0.2651491 0.4939643 2.042281 0.4800981 0.4993255 2.060142 0.4432825 0.4993255 2.133111 -0.2651491 0.3542159 0.9116699 -0.3009688 0.391184 0.9164524 -0.3025042 0.3542159 0.9235772 -0.3350103 0.3910313 0.9289384 -0.3362291 0.4232632 0.9406665 -0.3342912 0.3542159 0.9427677 -0.365557 0.3905659 0.9469769 -0.3641578 0.4207062 0.9559092 -0.3589448 0.390678 0.9695202 -0.3866968 0.391349 0.9976275 -0.404824 0.4207433 0.9748675 -0.377885 0.4252752 0.9290118 -0.3022821 0.4533825 0.947139 -0.3016111 0.4480352 0.9559509 -0.3316764 0.4422544 0.9665309 -0.3531875 0.4422544 0.9806483 -0.3673049 0.4759258 0.9696781 -0.301499 0.4669935 0.9748911 -0.3316393 0.4563717 0.9806483 -0.3531875 0.3900357 1.068687 -0.422166 0.4240772 2.013153 -0.4102588 0.3915711 1.031719 -0.4173834 0.423358 0.9996395 -0.3931694 0.4240772 1.068687 -0.4102586 0.425296 1.031871 -0.4048974 0.4546239 2.013153 -0.3910683 0.4532247 1.032337 -0.386859 0.4480117 1.002197 -0.3779266 0.4669519 1.002159 -0.3589684 0.4546239 1.068687 -0.3910681 0.4757638 1.032225 -0.3643157 0.480135 2.013153 -0.3655572 0.480135 1.068687 -0.365557 0.4993255 1.068687 -0.3350103 0.4993255 2.013153 -0.3350105 0.4938909 1.031554 -0.3362083 0.4822362 0.9995447 -0.3341963 0.5112329 1.068687 -0.3009688 0.5064503 1.031332 -0.3021171 0.4993255 0.9988256 -0.2651489 0.4939643 0.9976067 -0.3019645 0.3542159 2.29694 -0.300969 0.3915711 2.287259 -0.3021173 0.425296 2.262575 -0.3019647 0.3542159 2.273086 -0.3350105 0.4532247 2.227957 -0.3014992 0.423358 2.23995 -0.3341965 0.4757638 2.185981 -0.3016113 0.4480117 2.211172 -0.3316395 0.4938909 2.135239 -0.3022823 0.391349 2.262431 -0.3362085 0.390678 2.22765 -0.3643159 0.4207433 2.211094 -0.3589686 0.4669519 2.176201 -0.3316766 0.4422544 2.191476 -0.3531877 0.4822362 2.131667 -0.3342914 0.4563717 2.165698 -0.3531877 0.3905659 2.185691 -0.3868592 0.4422544 2.165698 -0.3673051 0.4207062 2.176158 -0.3779268 0.4669935 2.127137 -0.358945 0.5064503 2.075665 -0.3025044 0.4939643 2.075403 -0.3362293 0.4759258 2.074603 -0.364158 0.4533825 2.074796 -0.386697 0.4480352 2.127202 -0.3778852 0.4252752 2.075949 -0.4048242 0.4232632 2.131834 -0.3931695 0.391184 2.076331 -0.4173836 0.3910313 2.135276 -0.4048976 0.3900079 1.068687 0.6003028 -0.3542159 1.032867 0.6002998 0.3650298 1.74147 0.6031157 0.3056892 1.729097 0.6043335 -0.3067123 1.057873 0.6031159 -0.1885355 1.068687 0.6043337 -0.3542159 1.032867 0.6002998 -0.3650299 1.74147 0.6031157 -0.3542159 1.650566 0.6043336 0.3056892 1.117214 0.6043336 0.3067123 1.057873 0.6031159 0.3386794 1.084223 0.6033694 0.3650298 1.116191 0.6031158 0.3542159 1.234367 0.6043336 0.1885355 1.068687 0.6043337 0.3900079 1.068687 0.6003028 0.3542159 1.032895 0.6003028 0.3542159 1.032895 0.6003028 0.3067123 1.810451 0.6031157 0.1885355 1.772701 0.6043335 0.5699907 1.98827 0.2820014 0.5591261 2.027368 0.3136225 0.5610383 1.98827 0.3210901 0.583042 1.797642 0.1245192 0.583042 1.98827 0.1245191 0.5699907 1.797642 0.2820014 0.5643166 1.749757 0.2815312 0.5773679 1.749757 0.124049 0.5775311 1.758544 0.09154092 0.5643166 2.036155 0.2815311 0.5806465 1.797642 0.08449005 0.5806465 1.98827 0.08449002 0.5775311 2.027368 0.09154087 0.5591261 1.758544 0.3136226 0.4897645 2.05599 0.1167888 0.5506182 2.05599 0.2803959 0.5636695 2.05599 0.1229136 0.4767132 2.05599 0.274271 0.4734348 2.036155 0.31383 0.5773679 2.036155 0.1240489 0.5473398 2.036155 0.3199548 0.4720768 1.98827 0.3302157 0.5459818 1.797642 0.3363407 0.5459818 1.98827 0.3363406 0.4734348 1.749757 0.31383 0.5473398 1.749757 0.3199549 0.4720768 1.797642 0.3302158 0.5610383 1.797642 0.3210901 0.5683059 1.98827 0.06696892 0.4944009 1.797642 0.06084409 0.4944009 1.98827 0.06084406 0.566948 2.036155 0.08335477 0.5683059 1.797642 0.06696895 0.566948 1.749757 0.08335482 0.4930429 1.749757 0.07722994 0.5506182 1.729922 0.2803959 0.4897645 1.729922 0.1167888 0.5636695 1.729922 0.1229137 0.4767132 1.729922 0.2742711 0.4930429 2.036155 0.07722989 -0.5699907 1.98827 0.2820014 -0.583042 1.98827 0.1245191 -0.583042 1.797642 0.1245192 -0.5699907 1.797642 0.2820014 -0.5610383 1.98827 0.3210901 -0.5591261 2.027368 0.3136225 -0.5643166 2.036155 0.2815311 -0.5773679 2.036155 0.1240489 -0.5775311 2.027368 0.09154087 -0.5806465 1.98827 0.08449002 -0.5806465 1.797642 0.08449005 -0.5775311 1.758544 0.09154092 -0.5773679 1.749757 0.124049 -0.5643166 1.749757 0.2815312 -0.5591261 1.758544 0.3136226 -0.4897645 2.05599 0.1167888 -0.566948 2.036155 0.08335477 -0.5636695 2.05599 0.1229136 -0.5506182 2.05599 0.2803959 -0.4767132 2.05599 0.274271 -0.4734348 2.036155 0.31383 -0.5459818 1.98827 0.3363406 -0.5610383 1.797642 0.3210901 -0.5459818 1.797642 0.3363407 -0.5473398 2.036155 0.3199548 -0.4720768 1.98827 0.3302157 -0.4734348 1.749757 0.31383 -0.4720768 1.797642 0.3302158 -0.4944009 1.98827 0.06084406 -0.4930429 2.036155 0.07722989 -0.4944009 1.797642 0.06084409 -0.5683059 1.98827 0.06696892 -0.566948 1.749757 0.08335482 -0.5683059 1.797642 0.06696895 -0.5473398 1.749757 0.3199549 -0.5506182 1.729922 0.2803959 -0.4897645 1.729922 0.1167888 -0.4767132 1.729922 0.2742711 -0.5636695 1.729922 0.1229137 -0.4930429 1.749757 0.07722994 -0.2861733 1.930931 0.6938983 -0.2861733 1.926179 0.6121051 -0.2593592 1.926035 0.6831881 -0.2593592 1.965126 0.5496636 -0.2593592 1.92117 0.6198072 -0.2428691 1.933267 0.7447295 0.2593592 1.926035 0.6831881 0.2861733 1.926179 0.6121051 0.2861733 1.930931 0.6938983 0.2593592 1.92117 0.6198072 0.2593592 1.965126 0.5496636 0.2861733 2.028958 0.5342338 0.2428691 1.933267 0.7447295 -0.239573 2.115888 0.5342338 -7.726515e-15 2.064537 0.5752732 -7.143311e-15 2.115888 0.5342338 -0.239573 2.064537 0.5752732 0.2395729 2.04293 0.5998439 0.239573 2.064537 0.5752732 0.239573 2.115888 0.5342338 -1.490117e-08 2.04293 0.5998439 -0.2861733 2.028958 0.5342338 -0.1978176 1.944085 0.7897812 -0.1503651 1.963337 0.8297065 -0.2182692 1.949432 0.8115117 -0.136276 1.956361 0.8062713 -1.134223e-14 1.980175 0.8297065 -0.239573 1.83465 0.6116294 -0.1442301 1.863162 0.7707709 -0.239573 1.840291 0.6754279 -1.490117e-08 1.878849 0.7707708 -0.2628731 1.842007 0.6116294 -0.1941471 1.853214 0.7573955 -0.2261977 1.845765 0.725345 0.239573 1.83465 0.6116294 0.14423 1.863162 0.7707709 -0.239573 1.826811 0.5342339 0.239573 1.826811 0.5342339 0.2628731 1.835464 0.5342339 0.239573 1.840291 0.6754279 -1.490117e-08 1.889645 0.794071 0.1941471 1.853214 0.7573955 0.2628731 1.842007 0.6116294 0.2628731 1.847061 0.6784955 0.2261977 1.845765 0.725345 0.1472976 1.873385 0.794071 0.2470881 1.852733 0.737406 0.2062082 1.861532 0.778286 -0.2062082 1.861532 0.778286 -0.2470881 1.852733 0.737406 -0.2628731 1.847061 0.6784955 -0.2679785 1.937995 0.7618024 -1.100919e-14 1.970593 0.8062713 0.2593592 1.926035 0.6831881 0.2679785 1.917716 0.749467 0.2861733 1.911314 0.6815629 0.2428691 1.933267 0.7447295 0.2593592 1.92117 0.6198072 0.2182692 1.928825 0.7991763 0.1978176 1.944085 0.7897812 0.1503651 1.94259 0.8173712 0.136276 1.956361 0.8062713 -1.116693e-14 1.959428 0.8173712 0.1442301 2.047023 0.7707708 1.490115e-08 2.062711 0.7707708 1.490115e-08 2.051653 0.794071 0.1472976 2.035393 0.794071 -8.905399e-15 2.022814 0.6582298 0.239573 2.022814 0.6582298 0.239573 2.024153 0.6754278 0.2628731 2.008932 0.6784954 0.2623597 2.005367 0.643767 -0.14423 2.047023 0.7707708 0.1941471 2.037075 0.7573955 0.2261977 2.029627 0.7253449 0.2062082 2.023516 0.778286 -0.2792694 1.970581 0.6268695 -0.2794297 1.976175 0.6062812 -0.2861733 1.926179 0.6121051 -0.2861733 1.930931 0.6938983 -0.2799301 1.975078 0.680741 -0.2741843 1.995618 0.6159569 -0.2799301 2.071452 0.5342338 -0.2861733 2.028958 0.5342338 -0.2623597 2.005367 0.643767 -0.2616651 2.012327 0.6237044 -0.2617791 2.01928 0.6073116 -0.2628731 2.008932 0.6784954 -0.239573 2.027684 0.6301605 -0.239573 2.022814 0.6582298 -0.239573 2.024153 0.6754278 -0.239573 2.04293 0.5998439 -0.2624938 2.026673 0.5930678 -1.490117e-08 2.027684 0.6301605 -0.2628731 2.10311 0.5342338 0.2624938 2.026673 0.5930678 0.2741843 1.995618 0.6159569 0.2794297 1.976175 0.6062812 0.2617791 2.01928 0.6073116 0.2395729 2.027684 0.6301605 0.2616652 2.012327 0.6237044 0.2628731 2.10311 0.5342338 0.2799301 1.975078 0.680741 0.2792694 1.970581 0.6268695 0.2799301 2.071452 0.5342338 0.2861733 1.926179 0.6121051 0.2861733 2.028958 0.5342338 0.2799301 1.863403 0.5342339 0.2799301 1.868827 0.6116294 0.2799301 1.873311 0.680741 0.2861733 1.90273 0.5342339 0.2861733 1.907315 0.6116294 0.2861733 1.911314 0.6815629 -0.2799301 1.863403 0.5342339 -0.2628731 1.835464 0.5342339 -0.2799301 1.868827 0.6116294 -0.2861733 1.90273 0.5342339 -0.2799301 1.873311 0.680741 -0.2861733 1.907315 0.6116294 -0.2861733 1.911314 0.6815629 -0.1472976 1.873385 0.794071 -0.2150375 1.889138 0.7935789 -0.1495432 1.902456 0.8111279 -0.2623809 1.878874 0.7462353 -0.2679785 1.917716 0.749467 -0.2182692 1.928825 0.7991763 -1.107821e-14 1.919139 0.8111279 -0.1503651 1.94259 0.8173712 -1.116693e-14 1.959428 0.8173712 -0.1941471 2.037075 0.7573955 -0.1472976 2.035393 0.794071 -0.2261977 2.029627 0.7253449 -1.107821e-14 2.021443 0.8111278 -0.2062082 2.023516 0.778286 -0.2470881 2.014674 0.737406 -0.1495432 2.00476 0.8111279 -0.2623809 1.980901 0.7462353 -0.2150375 1.991364 0.7935788 -1.134223e-14 1.980175 0.8297065 -0.1503651 1.963337 0.8297065 -0.2679785 1.937995 0.7618024 -0.2182692 1.949432 0.8115117 0.1495432 2.00476 0.8111279 0.2150375 1.991364 0.7935788 0.2470881 2.014674 0.737406 0.2623809 1.980901 0.7462353 0.1503651 1.963337 0.8297065 0.2679785 1.937995 0.7618024 0.2182692 1.949432 0.8115117 0.2150375 1.889138 0.7935789 0.2623809 1.878874 0.7462353 0.1495432 1.902456 0.8111279 0.2182692 1.928825 0.7991763 0.1503651 1.94259 0.8173712 0.2861733 1.930931 0.6938983 0.2679785 1.917716 0.749467 0.2182692 1.949432 0.8115117 0.1503651 1.963337 0.8297065 0.1978176 1.944085 0.7897812 0.2679785 1.937995 0.7618024 0.136276 1.956361 0.8062713 -0.1978176 1.944085 0.7897812 -0.2428691 1.933267 0.7447295 -0.2182692 1.928825 0.7991763 -0.1503651 1.94259 0.8173712 -0.2679785 1.917716 0.749467 -0.2593592 1.926035 0.6831881 -0.136276 1.956361 0.8062713 -1.100919e-14 1.970593 0.8062713 -0.2861733 1.911314 0.6815629 -0.2593592 1.92117 0.6198072 -0.2593592 1.965126 0.5496636 -0.2861733 1.907315 0.6116294 -0.2861733 1.90273 0.5342339 0.2861733 1.907315 0.6116294 0.2593592 1.965126 0.5496636 0.2861733 1.90273 0.5342339 -0.1205808 2.466691 0.1205805 -0.1767878 2.277082 -2.859318e-07 -0.1285729 2.277082 0.1285727 -1.862648e-09 2.277082 0.1767875 -6.984942e-10 2.468878 0.1658603 -0.1658606 2.468878 -3.182661e-07 -0.1205808 2.466691 -0.1205811 -0.1285729 2.277082 -0.1285732 -0.09349932 2.580706 0.09349896 -0.1136876 2.602884 -3.408579e-07 -0.0934993 2.580706 -0.09349965 1.396982e-09 2.602884 0.1136873 -1.862645e-09 2.649427 -3.487045e-07 6.984942e-10 2.468878 -0.1658609 -1.164151e-09 2.602884 -0.113688 2.512306e-15 2.277082 -0.1767881 0.1205808 2.466691 -0.1205811 0.1285729 2.277082 -0.1285732 0.09349932 2.580706 -0.09349964 0.1658606 2.468878 -3.182661e-07 0.1136876 2.602884 -3.408579e-07 0.1767878 2.277082 -2.859318e-07 0.1205808 2.466691 0.1205805 0.1285729 2.277082 0.1285727 0.0934993 2.580706 0.09349899 -0.1767878 2.180587 -0.1641917 -0.1205808 2.480427 -0.09923119 -0.1658606 2.43683 -0.2459524 -0.1205808 2.387391 -0.3908095 -0.1285729 2.131199 -0.3189779 -0.1285729 2.229976 -0.00940554 -6.912093e-16 2.248496 0.04863926 -6.984913e-10 2.500821 -0.04540066 -0.09349932 2.622386 -0.1803261 -0.1136876 2.615866 -0.3030784 -0.0934993 2.550085 -0.406922 1.396986e-09 2.659847 -0.1652394 -1.862641e-09 2.678049 -0.3229195 6.984983e-10 2.372839 -0.4465043 -1.164147e-09 2.571885 -0.4409175 1.86265e-09 2.112678 -0.3770227 0.1285729 2.131199 -0.3189779 0.09349932 2.550085 -0.406922 0.1205808 2.387391 -0.3908094 0.1658606 2.43683 -0.2459524 0.1136876 2.615866 -0.3030785 0.1767878 2.180587 -0.1641917 0.1205808 2.480427 -0.09923119 0.1285729 2.229976 -0.00940554 0.0934993 2.622386 -0.1803261 -0.1767878 2.157737 -0.2917708 -0.1205808 2.36584 -0.3765307 -0.1658606 2.268799 -0.4481377 -0.1205808 2.169225 -0.5161793 -0.1285729 2.26256 -0.2173186 -0.09349932 2.409783 -0.485167 -0.1136876 2.346398 -0.5573908 -0.0934993 2.257327 -0.5934514 -6.984869e-10 2.404022 -0.3520935 1.396991e-09 2.439085 -0.4915581 -1.862637e-09 2.373349 -0.5953364 -0.1285729 2.052914 -0.3662231 1.862651e-09 2.013605 -0.3941426 -1.164144e-09 2.25371 -0.6232234 6.984996e-10 2.133576 -0.5441819 0.1205808 2.169225 -0.5161792 0.1767878 2.157737 -0.2917708 0.1285729 2.052914 -0.3662231 0.09349932 2.257327 -0.5934516 0.1658606 2.268799 -0.4481377 0.1205808 2.36584 -0.3765308 0.1136876 2.346398 -0.5573908 0.0934993 2.409783 -0.485167 0.1285729 2.26256 -0.2173186 2.691518e-15 2.301868 -0.189399 -0.08380998 2.141915 -0.4649974 -0.1239658 2.02614 -0.3734204 -0.09015695 2.112329 -0.3469681 -0.1152618 2.062205 -0.4909272 -0.08381 1.981672 -0.5141776 -0.09015696 1.939951 -0.3998728 -2.56113e-09 2.172394 -0.4571091 -0.07856192 2.087402 -0.5730287 -0.06468733 2.021392 -0.5784203 -0.06468732 2.145072 -0.5404614 2.095483e-09 2.162507 -0.5499785 -4.656527e-10 2.096154 -0.6015443 9.313283e-10 1.90763 -0.4097924 1.164161e-09 1.952016 -0.5247453 -1.629806e-09 2.012298 -0.596079 0.08380998 1.981672 -0.5141776 0.06468733 2.021392 -0.5784202 0.1239658 2.02614 -0.3734204 0.09015695 1.939951 -0.3998728 0.1152618 2.062205 -0.4909272 0.08380998 2.141915 -0.4649975 0.07856192 2.087402 -0.5730288 0.06468733 2.145072 -0.5404614 0.09015695 2.112329 -0.3469681 4.789745e-15 2.14465 -0.3370486 -0.1069532 0.6424438 -0.3720358 -0.07420618 0.6617476 -0.2811931 -0.08334489 0.723995 -0.3779725 -0.1083104 0.5810592 -0.4556015 -0.1096643 0.5685063 -0.381149 -0.1083511 0.660623 -0.4463433 -0.1029795 0.5194985 -0.5334069 -0.1047565 0.5052607 -0.4658409 -0.105095 0.4980141 -0.3918567 -0.105095 0.4963836 -0.3046478 -0.1096643 0.5555214 -0.2956649 -0.1053691 0.6153579 -0.2869784 -0.08972535 0.6042098 -0.539025 -0.104242 0.7431417 -0.4537212 -1.164152e-10 0.7396303 -0.3614184 -0.1048377 0.6858165 -0.5223814 -0.07107534 0.819348 -0.4447933 -0.07167105 0.6772741 -0.6164548 -0.08334489 0.7640888 -0.5219637 -0.09684305 0.8273672 -0.4895607 -0.09699198 0.7306921 -0.6087257 3.492461e-10 0.6166937 -0.570001 -0.07107534 0.7833324 -0.6010205 1.326606e-16 0.7925321 -0.5438752 -4.656612e-10 0.8041997 -0.6015726 -0.06684785 0.7706085 -0.6763822 0.08334488 0.7640888 -0.5219637 0.07107534 0.7833324 -0.6010205 -0.05483216 0.8032303 -0.6588466 0.05483216 0.8032303 -0.6588466 0.06684783 0.7706085 -0.6763824 0.09699198 0.7306921 -0.6087257 0.09684304 0.8273672 -0.4895607 0.104242 0.7431417 -0.4537212 1.396984e-09 0.8188452 -0.6690552 -1.629814e-09 0.7851823 -0.7005698 0.1053691 0.6153579 -0.2869784 0.1096643 0.5685063 -0.381149 0.1069532 0.6424438 -0.3720358 0.07310955 0.6175109 -0.1909945 0.105095 0.5851548 -0.1959093 0.1096643 0.5555214 -0.2956649 0.105095 0.4963836 -0.3046478 0.105095 0.4980141 -0.3918567 0.1083104 0.5810592 -0.4556015 0.1083511 0.660623 -0.4463433 0.0742062 0.6617476 -0.2811931 0.1096643 0.5413787 -0.2025588 0.105095 0.4976028 -0.2092083 1.294947e-16 0.6775261 -0.2781512 0.08334489 0.723995 -0.3779725 1.280981e-16 0.6289308 -0.1892599 -2.328305e-10 0.4372458 -0.3136307 -0.07310953 0.452673 -0.3112874 -0.07310952 0.4459112 -0.399771 1.208449e-16 0.427522 -0.4025643 0.07310953 0.4459112 -0.399771 0.07310954 0.452673 -0.3112873 -0.07310954 0.4495749 -0.4739727 0.07310954 0.4495749 -0.4739727 1.207391e-16 0.429966 -0.4769513 0.1047565 0.5052607 -0.4658409 9.313227e-10 0.4538268 -0.2158578 0.07310954 0.4652466 -0.2141232 -0.07310954 0.4652466 -0.2141232 -0.07310954 0.6175109 -0.1909945 -0.105095 0.5851548 -0.1959094 -0.0699787 0.4862848 -0.6029852 -0.07310953 0.4634871 -0.5406078 -0.07167105 0.5904908 -0.5897149 -0.09671782 0.5377539 -0.5962771 -0.05483216 0.5119377 -0.6396357 4.656614e-10 0.467592 -0.6066078 1.210293e-16 0.443704 -0.5436128 -0.05483216 0.5910702 -0.6276155 -0.06684785 0.5545118 -0.6411139 3.492461e-10 0.6166937 -0.570001 4.656614e-10 0.6099461 -0.5906431 6.98492e-10 0.6027484 -0.633787 -1.629814e-09 0.5608239 -0.6568288 1.862645e-09 0.5062751 -0.6484409 -0.05483216 0.7240976 -0.6708667 0.05483216 0.7240976 -0.6708667 1.862645e-09 0.7223719 -0.6837093 -3.259629e-09 0.6610872 -0.6229604 0.1048377 0.6858164 -0.5223814 0.07167105 0.6772741 -0.6164548 0.08972535 0.6042098 -0.539025 0.05483216 0.5119377 -0.6396357 0.05483216 0.5910702 -0.6276155 0.06684783 0.5545118 -0.6411139 0.09671782 0.5377539 -0.5962771 0.07167104 0.5904908 -0.5897149 0.1029795 0.5194985 -0.5334069 0.0699787 0.4862848 -0.6029852 0.07310953 0.4634871 -0.5406078 -0.105095 0.4976028 -0.2092083 -0.1096643 0.5413787 -0.2025588 0.07107534 0.8346014 -0.5324278 0.06684785 0.888741 -0.5258373 1.326606e-16 0.7925321 -0.5438752 4.656614e-10 0.8403714 -0.5494353 -0.07107534 0.8346014 -0.5324278 0.05483216 0.8833334 -0.5513367 -0.05483216 0.8833334 -0.5513367 -0.06684785 0.888741 -0.5258373 -1.862645e-09 0.8946567 -0.5647818 -9.313224e-10 0.9102728 -0.5393625 0.07107534 0.819348 -0.4447933 0.05483216 0.8736288 -0.4874479 -0.05483216 0.8736288 -0.4874479 -2.095476e-09 0.8828255 -0.4868927 -4.656612e-10 0.8191923 -0.4294597 -0.2791078 1.327635 0.6017212 -0.1822135 1.326134 0.599361 -0.2786134 1.33362 0.6093067 -0.2824889 1.325775 0.593732 -0.2716171 1.324932 0.5943122 -0.2926848 1.331543 0.6028427 -0.292762 1.32835 0.5937504 -0.2794423 1.325118 0.5652561 -0.1746964 1.325015 0.5653061 -0.3031125 1.332716 0.5654613 -0.2930268 1.328251 0.5653383 -0.2910648 1.339217 0.6112355 -0.1750362 1.340559 0.6139868 -0.2782627 1.340085 0.6137519 -0.3023564 1.334083 0.5994983 -0.2781531 1.346478 0.6165815 -0.3006673 1.343849 0.6110511 -0.3083107 1.34843 0.6100669 -0.3106924 1.339542 0.5992085 -0.2983039 1.352678 0.6155952 -0.3119834 1.356903 0.6118993 -0.2893569 1.350709 0.6168019 -0.318193 1.347157 0.5993865 -0.311986 1.338755 0.5655011 -0.3195619 1.34642 0.565466 -0.2936802 1.370636 0.6195958 -0.3049938 1.370562 0.6170197 -0.3005432 1.360775 0.6170013 -0.2894226 1.360722 0.6190409 -0.3011781 1.547645 0.6167908 -0.2776494 1.356619 0.6194625 -0.3253726 1.356037 0.5940232 -0.3255023 1.355752 0.5653549 -0.3253176 1.366077 0.6034056 -0.3289696 1.366493 0.5940321 -0.3216019 1.356624 0.6036946 -0.3192844 1.369914 0.6104186 -0.3283873 1.37683 0.6000802 -0.3298578 1.369245 0.5652692 -0.3120738 1.370354 0.6144755 -0.314729 1.548392 0.6100451 -0.2747719 1.56111 0.6194935 -0.2855208 1.557394 0.6190162 -0.2753518 1.547421 0.6211086 -0.2879788 1.566876 0.6164756 -0.1789187 1.547622 0.6211395 -0.1789435 1.5617 0.6193804 -0.2747652 1.571107 0.6167371 -0.2904943 1.547395 0.6194566 -0.2962922 1.557371 0.6168974 -0.2990168 1.565154 0.6139514 -0.3084056 1.55927 0.6116052 -0.2779389 1.370683 0.6211382 -0.2885837 1.589599 0.5936364 -0.2787966 1.589439 0.6023339 -0.2782465 1.592338 0.5936097 -0.2885199 1.586447 0.6027263 -0.2984973 1.585133 0.5654316 -0.2973974 1.584217 0.5990208 -0.2751404 1.584254 0.6094177 -0.2679561 1.591933 0.5993238 -0.2888143 1.589687 0.5653272 -0.2981784 1.575252 0.6092074 -0.2869072 1.578912 0.611108 -0.1788846 1.578035 0.6137088 -0.1786207 1.584804 0.6089595 -0.1850994 1.59212 0.5987897 -0.2748408 1.577548 0.6139517 -0.305805 1.578362 0.5989279 -0.2949755 1.570432 0.6132601 -0.1789212 1.571635 0.6165551 -0.3213829 1.549194 0.602542 -0.3234695 1.552653 0.5939315 -0.3248669 1.542447 0.5946836 -0.3165869 1.561635 0.6030747 -0.3199338 1.562073 0.5940681 -0.3200919 1.562268 0.5652796 -0.3244002 1.549714 0.5652445 -0.3079321 1.547834 0.614165 -0.3099385 1.569367 0.6051639 -0.314182 1.571204 0.5941009 -0.1608742 1.32978 0.5995732 -0.1605811 1.328219 0.5654117 -0.1516045 1.333597 0.5990055 -0.1708807 1.328717 0.6025743 -0.1714408 1.325674 0.5935037 -0.160363 1.340146 0.6113304 -0.1745778 1.333832 0.609449 -0.1510932 1.343276 0.6099012 -0.1505738 1.332622 0.5654857 -0.1552427 1.352738 0.6156239 -0.1641408 1.350887 0.6168557 -0.1426426 1.339711 0.5992565 -0.1339578 1.346418 0.5654636 -0.1354383 1.347138 0.5995902 -0.1415152 1.338768 0.5654934 -0.1457043 1.350156 0.6112599 -0.1753871 1.349569 0.617681 -0.1529536 1.360762 0.6169964 -0.1269948 1.369486 0.6027633 -0.1236971 1.376568 0.5950012 -0.1300555 1.542115 0.5999649 -0.1281147 1.356124 0.5941174 -0.1246822 1.365923 0.594109 -0.1318672 1.356643 0.6036497 -0.1280032 1.35578 0.5653426 -0.1338605 1.370156 0.61019 -0.140246 1.358718 0.6117385 -0.1409303 1.370567 0.6142716 -0.1390196 1.548614 0.6101808 -0.1460686 1.548042 0.6143686 -0.147937 1.370646 0.616851 -0.175347 1.370476 0.6211232 -0.1707058 1.360263 0.6197988 -0.1590662 1.370753 0.619472 -0.1528883 1.547725 0.6169606 -0.1637281 1.547532 0.6195766 -0.1749964 1.591081 0.598992 -0.1665934 1.578884 0.6111204 -0.164943 1.586383 0.6027933 -0.164786 1.589562 0.5935115 -0.2755462 1.59301 0.5652929 -0.1772664 1.592877 0.5652892 -0.1553814 1.583723 0.5991576 -0.1573615 1.574296 0.6108447 -0.1681689 1.567417 0.6167461 -0.1598731 1.587785 0.5653332 -0.1595624 1.565482 0.6154817 -0.1472384 1.577918 0.5990016 -0.1499625 1.569725 0.6097955 -0.1463086 1.561363 0.6116275 -0.1392479 1.571453 0.5654317 -0.1466068 1.579125 0.5654231 -0.1400935 1.570271 0.5991416 -0.1572734 1.557431 0.6168988 -0.1679402 1.557399 0.6190075 -0.1335858 1.562158 0.5938372 -0.1332866 1.552471 0.6030022 -0.1299 1.552125 0.5938561 -0.1370901 1.561589 0.6033402 -0.1290151 1.549534 0.5652498 -0.1335205 1.562437 0.565323 -0.1237735 1.36906 0.5652413 -0.3068927 1.579149 0.565443 -0.3142539 1.571487 0.5653586 0.2791078 1.327635 0.6017212 0.2927621 1.32835 0.5937504 0.2926849 1.331543 0.6028427 0.271617 1.324932 0.5943122 0.2824889 1.325775 0.593732 0.2794422 1.325118 0.5652561 0.1746963 1.325015 0.5653061 0.1822135 1.326134 0.599361 0.2930269 1.328251 0.5653383 0.3031125 1.332716 0.5654613 0.3023564 1.334083 0.5994983 0.2786133 1.33362 0.6093067 0.1750362 1.340559 0.6139868 0.1745778 1.333832 0.609449 0.2910649 1.339217 0.6112355 0.2782627 1.340085 0.6137519 0.3006673 1.343849 0.6110511 0.2781531 1.346478 0.6165815 0.3106925 1.339542 0.5992085 0.3119834 1.356903 0.6118993 0.298304 1.352678 0.6155952 0.3083108 1.34843 0.6100669 0.3195619 1.34642 0.565466 0.318193 1.347157 0.5993865 0.311986 1.338755 0.5655011 0.2936802 1.370636 0.6195958 0.3011782 1.547645 0.6167908 0.2904943 1.547395 0.6194566 0.2894227 1.360722 0.6190409 0.3005433 1.360775 0.6170013 0.3049938 1.370562 0.6170197 0.2779389 1.370683 0.6211382 0.2776494 1.356619 0.6194625 0.2893569 1.350709 0.6168019 0.175387 1.349569 0.617681 0.3253726 1.356037 0.5940232 0.3253176 1.366077 0.6034056 0.3216019 1.356624 0.6036946 0.3289696 1.366493 0.5940321 0.3283874 1.37683 0.6000802 0.3298578 1.369245 0.5652692 0.3255023 1.355752 0.5653549 0.3192844 1.369914 0.6104186 0.3120739 1.370354 0.6144755 0.314729 1.548392 0.6100451 0.3079322 1.547834 0.614165 0.2747718 1.56111 0.6194935 0.2753518 1.547421 0.6211086 0.2855208 1.557394 0.6190162 0.2879788 1.566876 0.6164756 0.2747651 1.571107 0.6167371 0.1789187 1.547622 0.6211395 0.1789435 1.5617 0.6193804 0.2962923 1.557371 0.6168974 0.2990168 1.565154 0.6139514 0.3084056 1.55927 0.6116052 0.2885837 1.589599 0.5936364 0.2782464 1.592338 0.5936097 0.2787966 1.589439 0.6023339 0.2984974 1.585133 0.5654316 0.2888143 1.589687 0.5653272 0.2885199 1.586447 0.6027263 0.2755461 1.59301 0.5652929 0.2679561 1.591933 0.5993238 0.2751404 1.584254 0.6094177 0.2973974 1.584217 0.5990208 0.2869073 1.578912 0.611108 0.2981784 1.575252 0.6092074 0.1788846 1.578035 0.6137088 0.2748407 1.577548 0.6139517 0.1786207 1.584804 0.6089595 0.305805 1.578362 0.5989279 0.2949755 1.570432 0.6132601 0.1789212 1.571635 0.6165551 0.3213829 1.549194 0.602542 0.3248669 1.542447 0.5946836 0.3234695 1.552653 0.5939315 0.3199339 1.562073 0.5940681 0.316587 1.561635 0.6030747 0.3244002 1.549714 0.5652445 0.314182 1.571204 0.5941009 0.3099386 1.569367 0.6051639 0.320092 1.562268 0.5652796 0.314254 1.571487 0.5653586 0.1608742 1.32978 0.5995732 0.1605811 1.328219 0.5654117 0.1714407 1.325674 0.5935037 0.1708807 1.328717 0.6025743 0.160363 1.340146 0.6113304 0.1516045 1.333597 0.5990055 0.1505738 1.332622 0.5654857 0.1510932 1.343276 0.6099012 0.1641408 1.350887 0.6168557 0.1552427 1.352738 0.6156239 0.1426426 1.339711 0.5992565 0.1415152 1.338768 0.5654934 0.1339578 1.346418 0.5654636 0.1457043 1.350156 0.6112599 0.1354383 1.347138 0.5995902 0.1529536 1.360762 0.6169964 0.1269948 1.369486 0.6027633 0.1236971 1.376568 0.5950012 0.1246822 1.365923 0.594109 0.1281147 1.356124 0.5941174 0.1318672 1.356643 0.6036497 0.1300555 1.542115 0.5999649 0.1290151 1.549534 0.5652498 0.1237735 1.36906 0.5652413 0.1280032 1.35578 0.5653426 0.1338605 1.370156 0.61019 0.140246 1.358718 0.6117385 0.1390196 1.548614 0.6101808 0.1409303 1.370567 0.6142716 0.1460686 1.548042 0.6143686 0.147937 1.370646 0.616851 0.175347 1.370476 0.6211232 0.1637281 1.547532 0.6195766 0.1590662 1.370753 0.619472 0.1707058 1.360263 0.6197988 0.1528883 1.547725 0.6169606 0.1850994 1.59212 0.5987897 0.1749964 1.591081 0.598992 0.164943 1.586383 0.6027933 0.1665934 1.578884 0.6111204 0.1772664 1.592877 0.5652892 0.164786 1.589562 0.5935115 0.1553814 1.583723 0.5991576 0.1573615 1.574296 0.6108447 0.1681689 1.567417 0.6167461 0.1598731 1.587785 0.5653332 0.1466068 1.579125 0.5654231 0.1472384 1.577918 0.5990016 0.1499625 1.569725 0.6097955 0.1595624 1.565482 0.6154817 0.1463086 1.561363 0.6116275 0.1392479 1.571453 0.5654317 0.1400935 1.570271 0.5991416 0.1679402 1.557399 0.6190075 0.1572734 1.557431 0.6168988 0.1335858 1.562158 0.5938372 0.1332866 1.552471 0.6030022 0.1370901 1.561589 0.6033401 0.1335205 1.562437 0.565323 0.1299 1.552125 0.5938561 0.3068928 1.579149 0.565443</float_array>
          <technique_common>
            <accessor count="2825" source="#verts-array-array" stride="3">
              <param type="float" name="X" />
              <param type="float" name="Y" />
              <param type="float" name="Z" />
            </accessor>
          </technique_common>
        </source>
        <source id="normals-array">
          <float_array count="8475" id="normals-array-array">-0.04797056 0.05472213 0.9973486 3.543358e-05 0.1584097 0.9873735 -0.04983297 0.154082 0.9868006 -0.07368627 0.0234239 0.9970063 6.775488e-06 0.0558875 0.9984371 -4.493347e-05 0.05243938 0.9986241 -0.1935007 0.05459986 0.9795797 -0.2332511 0.0289398 0.9719858 0.07367718 0.02342391 0.997007 0.04812409 0.0546894 0.997343 0.1931374 0.05406812 0.9796809 -0.07410547 -0.1128523 0.9908445 0.07356414 -0.1124869 0.9909263 -0.0001605956 0.1568488 0.9876226 -0.0001496557 0.05780135 0.9983281 0.997343 0.05468926 0.04812416 0.997007 0.02342368 -0.07367733 0.997343 0.05468926 -0.04812422 0.9867127 0.1543849 -0.05062935 0.986795 0.1540367 0.05008399 0.9908445 -0.112852 0.07410591 0.9909263 -0.1124872 -0.0735642 0.9970062 0.02341915 0.07368934 0.9796808 0.05406793 -0.1931375 0.9795798 0.05459956 0.1935001 -0.9973431 0.0546892 0.04812406 -0.986795 0.1540367 -0.05008403 -0.997343 0.05468926 -0.04812422 -0.9970063 0.02341988 -0.07368873 -0.997007 0.02342376 0.07367716 -0.9795797 0.05459961 -0.1935007 -0.979681 0.05406784 0.1931369 -0.9908445 -0.1128514 -0.07410573 -0.9909263 -0.112487 0.07356413 0.0481242 0.05468912 -0.9973431 -0.07367717 0.02342358 -0.997007 -0.04812409 0.05468906 -0.9973431 -0.1931374 0.05406778 -0.9796809 0.0741069 -0.1128518 -0.9908444 -0.07356362 -0.1124871 -0.9909264 0.07368938 0.02341892 -0.9970062 0.05008336 0.1540364 -0.986795 0.1935005 0.0545989 -0.9795798 -0.04920019 -0.9800347 0.192643 -0.192996 -0.9799379 0.04974103 -0.0484507 -0.9976498 0.04845072 -0.3813432 -0.9230749 -0.05010153 -0.1926429 -0.9800347 -0.04920001 -0.04845069 -0.9976498 -0.04845054 -0.2027129 -0.9577326 0.2040976 -0.3833957 -0.9220551 0.05312318 -0.05010143 -0.9230748 0.3813435 -0.2084778 -0.8958333 0.3924533 -0.3901408 -0.8334985 0.3912421 -0.3945612 -0.8952847 0.2068496 0.04974075 -0.979938 0.1929957 0.05312291 -0.922055 0.3833962 -0.0539539 -0.8251539 0.5623256 -0.2074521 -0.7973672 0.5667179 -0.3809485 -0.7417643 0.5519637 -0.2100321 -0.6701631 0.7118764 0.05729462 -0.8265516 0.5599373 -0.3787848 -0.6246402 0.6828958 -0.05922229 -0.6899306 0.7214489 -0.2230406 -0.5081138 0.8319094 0.05931225 -0.690018 0.7213579 -0.5623251 -0.8251542 -0.05395386 -0.5655911 -0.7986488 0.2055888 -0.5599365 -0.8265521 0.05729476 -0.5518197 -0.7414842 0.3817018 -0.5251179 -0.6695346 0.5253328 -0.5069349 -0.5724654 0.644438 -0.6833592 -0.6241203 0.378806 -0.7129515 -0.6690322 0.2099908 -0.7213578 -0.6900181 0.05931219 -0.6445195 -0.5723621 0.5069479 -0.6030255 -0.5222137 0.6030366 -0.5301553 -0.4357736 0.7273492 -0.8324829 -0.507424 0.2224704 -0.8528515 -0.5182084 -0.06406542 -0.7214487 -0.6899307 -0.05922237 -0.8527535 -0.5184172 0.06368027 -0.3806955 0.05259788 0.9232033 -0.4027634 0.03446977 0.9146548 -0.2404424 -0.1081901 0.9646151 -0.07002283 -0.3218561 0.9441957 -0.4164576 -0.09895881 0.9037534 -0.5542641 0.05053627 0.8308053 -0.5625429 0.03782002 0.8259026 -0.5701867 -0.09002615 0.8165675 -0.2356508 -0.3190862 0.9179612 -0.5584257 -0.276219 0.7822172 -0.4111829 -0.2996079 0.8609087 -0.706212 0.04973985 0.706251 -0.7066148 0.03861029 0.7065442 -0.7040244 -0.0850043 0.7050701 -0.681451 -0.2657621 0.6819055 -0.8160396 -0.09065097 0.570843 0.06368021 -0.5184169 0.8527536 0.06922656 -0.3220346 0.9441935 -0.06406566 -0.5182082 0.8528516 -0.3926919 -0.4757464 0.7870568 -0.6449047 -0.4099683 0.6449992 -0.7820324 -0.2769941 0.5583007 -0.7273554 -0.4359921 0.529967 -0.971913 0.02841184 0.2336192 -0.9647481 -0.1098445 0.2391553 -0.9231957 0.05181822 0.380821 -0.9441955 -0.3218564 -0.07002311 -0.9441935 -0.3220347 0.06922668 -0.9179804 -0.3199878 0.2343497 -0.9147142 0.03367505 0.4026958 -0.7872846 -0.4759442 0.3919949 -0.9038649 -0.1004458 0.4158591 -0.8307134 0.05015307 0.5544366 -0.8260322 0.03742013 0.5623793 -0.8609691 -0.3008597 0.410141 7.426667e-05 0.3520932 0.9359649 -0.04952991 0.3477129 0.9362919 -0.2026258 0.1569044 0.9666043 -0.2038612 0.3527703 0.9132326 0.0001139571 0.5332465 0.8459599 -0.04908677 0.5299264 0.8466218 -0.2004315 0.5255379 0.8268235 -0.3734802 0.5013791 0.7804688 -0.3886239 0.3396815 0.8564975 -0.3940243 0.1512034 0.9065773 0.000172459 0.6932769 0.7206713 -0.04995165 0.6913755 0.7207668 -0.1959479 0.6752492 0.7110858 -0.366084 0.6366503 0.6787186 0.0001997632 0.8246006 0.5657154 -0.05252475 0.8235704 0.5647769 -0.5443786 0.3188939 0.7758599 -0.5601946 0.142884 0.815945 -0.515875 0.4665232 0.7184909 -0.4957235 0.5910107 0.6363683 -0.6728249 0.3086059 0.6723608 -0.7009645 0.1371868 0.6998775 -0.6340473 0.4428127 0.6339566 -0.5927126 0.5453305 0.592711 -0.5182862 0.6804132 0.5180901 -0.8165247 0.1422745 0.5595046 -0.7760699 0.3181461 0.5445167 -0.7184851 0.4663135 0.5160726 -0.6362817 0.5911045 0.4957227 -0.1216354 0.9855886 0.1175579 -0.3495941 0.9357651 0.04612577 -0.3780418 0.9042865 0.1983693 -0.1998504 0.904085 0.3777434 -0.05062703 0.9339511 0.353797 -0.3494773 0.9357869 -0.04656691 -0.5671315 0.7994318 0.1981681 -0.564745 0.8235701 -0.05287103 -0.5648617 0.8235183 0.0524294 -0.5495462 0.7466651 0.3748202 -0.3927698 0.8320698 0.3916525 -0.7207524 0.6913602 -0.05036922 -0.7208384 0.6912758 0.0502969 -0.7100463 0.6763239 0.1960108 -0.6782645 0.6371373 0.3660784 -0.8262346 0.5262272 0.2010507 -0.846619 0.5298924 -0.04950032 -0.8467141 0.5297041 0.04988905 -0.3755562 0.7464071 0.5493942 -0.1987451 0.7987529 0.5678857 -0.001524324 0.9877206 0.156223 -0.7802315 0.5012022 0.3742127 0.0001615531 0.9215123 0.3883492 -0.9867127 0.1543848 0.05062937 -0.9362903 0.3476675 -0.04987818 -0.9665478 0.155411 0.2040412 -0.9065095 0.1498015 0.394715 -0.9363052 0.3475141 0.0506606 -0.9132256 0.3519953 0.2052276 -0.8564608 0.3385075 0.3897277 -0.04974088 -0.979938 -0.1929959 0.05010182 -0.9230751 -0.3813426 0.04920008 -0.9800348 -0.1926426 -0.2040978 -0.9577326 -0.2027127 -0.3924529 -0.8958336 -0.2084777 -0.3912417 -0.8334989 -0.3901404 -0.2068495 -0.8952849 -0.3945607 -0.05312277 -0.9220554 -0.3833951 -0.5667171 -0.7973677 -0.2074522 -0.5519632 -0.7417648 -0.3809482 -0.7118764 -0.6701632 -0.2100317 -0.6828958 -0.6246403 -0.3787847 -0.8319094 -0.5081138 -0.2230406 0.05395418 -0.8251541 -0.5623253 -0.2055891 -0.7986488 -0.565591 -0.05729436 -0.8265524 -0.5599362 -0.3817016 -0.7414845 -0.5518194 -0.5253323 -0.6695354 -0.5251174 -0.6444386 -0.5724664 -0.506933 -0.378805 -0.6241216 -0.6833587 -0.2099908 -0.6690315 -0.7129521 -0.0593124 -0.6900181 -0.7213578 0.05922215 -0.6899305 -0.721449 -0.5069467 -0.5723632 -0.6445195 -0.6030369 -0.522214 -0.6030249 -0.7273495 -0.4357741 -0.5301544 -0.2224695 -0.5074251 -0.8324825 -0.06368061 -0.5184174 -0.8527533 0.06406584 -0.5182097 -0.8528507 -0.971986 0.02894109 -0.23325 -0.9232034 0.05259763 -0.3806955 -0.9646153 -0.1081893 -0.2404422 -0.9146559 0.03446994 -0.4027609 -0.9037535 -0.09895993 -0.4164571 -0.8308056 0.05053609 -0.5542636 -0.7822175 -0.2762195 -0.5584251 -0.8609088 -0.2996086 -0.411182 -0.917961 -0.3190867 -0.2356508 -0.8259024 0.03781889 -0.5625434 -0.8165675 -0.09002718 -0.5701865 -0.7062508 0.04974012 -0.7062122 -0.7065439 0.03861023 -0.7066152 -0.7050696 -0.08500407 -0.7040249 -0.6819056 -0.2657626 -0.6814507 -0.5708438 -0.09065098 -0.8160391 -0.7870569 -0.4757465 -0.3926916 -0.6449995 -0.4099678 -0.6449047 -0.5583016 -0.2769937 -0.7820319 -0.5299674 -0.4359923 -0.7273549 -0.2336188 0.02841216 -0.9719131 -0.2391546 -0.1098447 -0.9647483 -0.3808212 0.05181756 -0.9231956 0.07002324 -0.321856 -0.9441957 -0.06922628 -0.3220351 -0.9441934 -0.234349 -0.3199889 -0.9179802 -0.4026954 0.03367529 -0.9147144 -0.4158595 -0.100446 -0.9038647 -0.3919939 -0.4759458 -0.7872842 -0.5544358 0.0501523 -0.830714 -0.4101408 -0.3008597 -0.8609692 -0.5623804 0.03741914 -0.8260316 -0.118333 0.985871 -0.1185567 -0.3777433 0.9040849 -0.1998509 0.04656678 0.9357869 -0.3494774 -0.0461259 0.935765 -0.3495943 0.1185562 0.9858711 -0.1183328 -0.01246769 0.9999222 -0.0003597249 -0.01229315 0.999849 -0.01228343 0.0003595564 0.9999222 -0.01246786 -0.1983695 0.9042864 -0.378042 -0.198168 0.7994317 -0.5671318 -0.3748207 0.7466651 -0.5495459 -0.3916525 0.8320698 -0.3927698 -0.05242954 0.8235182 -0.5648618 -0.3660778 0.6371371 -0.678265 -0.1960109 0.6763237 -0.7100464 0.0528709 0.82357 -0.5647451 -0.05029718 0.6912761 -0.7208381 0.05036917 0.6913601 -0.7207525 0.04950027 0.5298923 -0.8466191 -0.04988984 0.5297037 -0.8467142 -0.2010513 0.5262266 -0.8262348 -0.5493944 0.7464067 -0.3755568 -0.5678865 0.7987523 -0.1987452 -0.5180909 0.6804133 -0.5182852 -0.4957229 0.5911038 -0.6362822 -0.374213 0.5012017 -0.7802317 -0.6787187 0.6366501 -0.3660841 -0.7110859 0.6752488 -0.1959487 -0.6363695 0.5910107 -0.4957219 -0.5927123 0.5453298 -0.592712 -0.5160724 0.4663127 -0.7184858 -0.8268232 0.5255383 -0.2004317 -0.7804681 0.50138 -0.3734806 -0.7184909 0.4665233 -0.5158748 -0.05062933 0.1543847 -0.9867127 -0.2040413 0.1554112 -0.9665477 -0.3947151 0.1498011 -0.9065096 -0.05066115 0.3475133 -0.9363055 -0.559505 0.142274 -0.8165245 -0.2052281 0.3519951 -0.9132255 -0.6998773 0.1371872 -0.7009646 -0.6723609 0.3086054 -0.6728251 -0.8159448 0.142884 -0.5601948 0.04987791 0.3476676 -0.9362903 -0.3897273 0.3385078 -0.8564608 -0.5445167 0.3181464 -0.7760698 -0.6339569 0.442812 -0.6340475 -0.7758596 0.3188941 -0.5443789 -0.9666043 0.1569041 -0.2026258 -0.9132327 0.3527701 -0.2038611 -0.8564974 0.3396813 -0.3886242 -0.9065774 0.1512027 -0.3940244 0.04845065 -0.9976498 0.04845079 0.1926429 -0.9800347 0.04920031 0.2040979 -0.9577325 0.2027129 0.3813432 -0.9230749 0.05010171 0.392453 -0.8958335 0.2084778 0.0484507 -0.9976498 -0.04845053 0.192996 -0.979938 -0.04974081 0.3833959 -0.9220551 -0.05312271 0.5599366 -0.8265521 -0.05729365 0.5623251 -0.8251542 0.05395409 0.5667171 -0.7973677 0.2074523 0.7118762 -0.6701632 0.2100321 0.6828954 -0.6246399 0.3787861 0.7214487 -0.6899308 0.05922248 0.8319093 -0.508114 0.2230407 0.7213574 -0.6900185 -0.05931217 0.2068499 -0.8952843 0.394562 0.3912416 -0.8334985 0.3901414 0.5519633 -0.7417643 0.3809493 0.525332 -0.6695342 0.5251192 0.644438 -0.572466 0.5069343 0.2055895 -0.7986483 0.5655917 0.3817016 -0.7414839 0.5518202 0.506946 -0.5723628 0.6445204 0.6030359 -0.5222145 0.6030254 0.7273489 -0.4357747 0.5301547 0.209991 -0.6690321 0.7129515 0.3788065 -0.6241206 0.6833587 0.2224707 -0.5074238 0.832483 0.9719859 0.02894098 0.2332504 0.9232035 0.05259797 0.3806951 0.9646153 -0.1081892 0.2404423 0.9441956 -0.3218563 0.07002273 0.9146551 0.03446973 0.4027629 0.9037531 -0.09895992 0.416458 0.830805 0.05053669 0.5542645 0.7822176 -0.2762196 0.5584249 0.8609087 -0.2996081 0.4111828 0.9179609 -0.3190863 0.2356515 0.8259023 0.03781979 0.5625434 0.8165675 -0.09002584 0.5701868 0.7062506 0.04973985 0.7062124 0.6819051 -0.2657617 0.6814515 0.7065441 0.03861013 0.7066149 0.7050696 -0.0850043 0.7040249 0.5708439 -0.09065076 0.816039 0.8527535 -0.5184172 -0.06368018 0.9441935 -0.3220347 -0.06922637 0.7870566 -0.4757456 0.3926933 0.8528515 -0.5182084 0.06406561 0.6449985 -0.4099686 0.6449051 0.5583004 -0.2769944 0.7820324 0.5299661 -0.4359931 0.7273554 0.2336192 0.02841197 0.971913 0.2391548 -0.1098445 0.9647483 0.3808212 0.05181786 0.9231956 0.2343494 -0.319988 0.9179804 0.4026957 0.03367563 0.9147142 0.4158592 -0.1004458 0.9038649 0.3919953 -0.4759443 0.7872843 0.5544363 0.05015254 0.8307136 0.5623796 0.03741994 0.826032 0.4101406 -0.3008608 0.8609689 0.121489 0.9855829 0.1177569 0.05044612 0.9339102 0.3539308 0.1983693 0.9042863 0.3780422 0.01246434 0.9999223 -0.000357278 0.01042734 0.9999233 0.00667982 0.3777431 0.9040852 0.1998503 0.3494773 0.9357869 0.04656664 0.001622461 0.9877416 0.1560895 -7.942312e-05 0.9216062 0.3881264 0.05242974 0.8235185 0.5648613 0.1981679 0.7994322 0.567131 0.3748206 0.7466655 0.5495454 0.1960106 0.6763241 0.7100461 -0.0001380397 0.8245321 0.5658152 0.05029657 0.6912758 0.7208384 0.3660784 0.6371371 0.6782646 0.2010506 0.526227 0.8262347 -0.0001796869 0.6927417 0.7211858 0.3916526 0.83207 0.3927692 0.5493942 0.7464067 0.375557 0.349594 0.9357652 -0.04612602 0.5648617 0.8235183 -0.0524296 0.5678865 0.7987523 0.1987451 0.5180909 0.6804131 0.5182855 0.4957242 0.5911035 0.6362815 0.3742134 0.5012015 0.7802317 0.564745 0.8235701 0.05287069 0.7110862 0.6752487 0.1959481 0.678719 0.6366502 0.3660835 0.6363688 0.5910109 0.4957225 0.592712 0.5453303 0.5927118 0.5160725 0.4663131 0.7184854 0.7207524 0.6913602 0.05036908 0.7208384 0.6912758 -0.05029713 0.8268233 0.5255383 0.2004312 0.846619 0.5298924 0.04950025 0.7804682 0.5013802 0.37348 0.7184904 0.466523 0.5158757 0.05062933 0.1543851 0.9867127 0.2040411 0.1554109 0.9665478 -0.0002006728 0.3505934 0.9365278 0.05066054 0.3475142 0.9363052 0.3947153 0.1498011 0.9065095 0.5595047 0.1422739 0.8165247 0.2052277 0.3519955 0.9132255 0.6998773 0.1371861 0.7009649 0.6723609 0.3086065 0.6728245 0.815945 0.1428846 0.5601944 -0.0001968476 0.5321429 0.8466545 0.04988907 0.5297042 0.846714 0.389728 0.338508 0.8564604 0.5445161 0.3181469 0.77607 0.6339563 0.4428132 0.6340472 0.7758601 0.3188941 0.5443782 0.9666043 0.1569044 0.2026258 0.9362903 0.3476676 0.04987814 0.9132327 0.3527703 0.2038606 0.8564977 0.339681 0.3886239 0.9065773 0.1512034 0.3940243 0.9363052 0.347514 -0.05066061 0.8467141 0.5297041 -0.04988919 0.2027129 -0.9577325 -0.2040977 0.2084783 -0.8958337 -0.3924524 0.3901408 -0.833499 -0.3912411 0.2074523 -0.7973682 -0.5667164 0.3809489 -0.7417656 -0.5519616 0.2100307 -0.670163 -0.7118768 0.3787856 -0.6246394 -0.6828961 0.2230406 -0.5081144 -0.8319091 0.3945609 -0.8952848 -0.2068499 0.5655915 -0.7986486 -0.2055885 0.5518195 -0.7414846 -0.3817013 0.5251185 -0.6695356 -0.5253311 0.5069347 -0.5724656 -0.644438 0.7129516 -0.6690322 -0.2099903 0.6833591 -0.6241205 -0.378806 0.6445199 -0.5723639 -0.5069454 0.6030256 -0.5222142 -0.603036 0.5301544 -0.4357744 -0.7273493 0.8324827 -0.5074243 -0.2224705 0.233251 0.02893952 -0.9719858 0.3806957 0.0525973 -0.9232033 0.2404408 -0.1081883 -0.9646157 0.4027606 0.03447064 -0.914656 0.4164561 -0.09895886 -0.9037541 0.5542636 0.05053605 -0.8308056 0.5625442 0.03781934 -0.8259018 0.5701886 -0.09002666 -0.8165661 0.2356504 -0.3190865 -0.9179612 0.5584263 -0.2762198 -0.7822166 0.4111829 -0.2996108 -0.8609076 0.7062122 0.0497401 -0.7062508 0.6814512 -0.2657625 -0.6819051 0.7066161 0.03861051 -0.706543 0.7040246 -0.08500403 -0.70507 0.8160397 -0.09065039 -0.570843 0.3926921 -0.4757459 -0.787057 0.6449047 -0.4099676 -0.6449996 0.7820327 -0.2769942 -0.5583002 0.7273557 -0.4359929 -0.529966 0.971913 0.02841158 -0.2336191 0.9231956 0.05181764 -0.3808212 0.9647484 -0.1098444 -0.2391544 0.9179804 -0.3199879 -0.2343497 0.9147141 0.03367512 -0.4026961 0.9038651 -0.1004459 -0.4158587 0.7872847 -0.4759448 -0.3919941 0.830714 0.05015231 -0.5544358 0.8260321 0.03742067 -0.5623794 0.860969 -0.3008608 -0.4101404 0.1998506 0.904085 -0.3777434 0.01228326 0.999849 -0.01229334 0.3780416 0.9042865 -0.1983698 0.5671317 0.7994316 -0.1981683 0.7100464 0.6763237 -0.1960109 0.6782648 0.6371369 -0.3660785 0.8262345 0.5262273 -0.2010508 0.3927696 0.8320697 -0.3916529 0.5495458 0.7466649 -0.3748212 0.5182857 0.6804133 -0.5180904 0.6362824 0.5911041 -0.4957224 0.7802314 0.501202 -0.3742133 0.1987451 0.7987522 -0.5678868 0.3755566 0.7464068 -0.5493944 0.4957224 0.5910105 -0.6363693 0.5927127 0.5453298 -0.5927116 0.7184855 0.4663132 -0.5160723 0.1959482 0.6752488 -0.7110861 0.2004317 0.5255381 -0.8268233 0.3660834 0.6366502 -0.678719 0.3734803 0.5013798 -0.7804683 0.5158749 0.4665229 -0.7184911 0.9665478 0.1554107 -0.2040411 0.9065095 0.1498009 -0.3947153 0.9132255 0.3519953 -0.2052278 0.8165245 0.1422741 -0.559505 0.7009646 0.1371872 -0.6998773 0.672825 0.3086054 -0.6723609 0.5601947 0.142884 -0.8159449 0.8564605 0.3385078 -0.3897281 0.7760698 0.3181465 -0.5445168 0.6340474 0.442812 -0.6339569 0.5443789 0.3188941 -0.7758597 0.2026258 0.1569041 -0.9666043 0.203861 0.3527706 -0.9132325 0.3940249 0.1512029 -0.9065771 0.3886239 0.3396812 -0.8564976 -0.0003583627 0.9999223 -0.01246131 -0.003884974 0.9999849 -0.003884551 -0.01041885 0.9999232 0.006710919 -0.01634674 0.9998587 -0.003923912 -0.007253348 0.9999474 -0.00725326 -0.003924144 0.9998588 -0.01633696 -0.05584518 0.05584507 0.9968764 0.05584518 -0.05584523 0.9968764 0.05584518 0.05584507 0.9968764 0.05699439 0.221547 0.9734827 -0.05647497 0.2212076 0.9735902 -0.05584518 -0.05584523 0.9968764 -0.05699423 -0.2215472 0.9734827 0.05647468 -0.2212077 0.9735901 0.2215471 -0.05699464 0.9734827 -0.2215471 0.05699458 0.9734827 -0.2212075 -0.05647469 0.9735902 0.9968765 0.05584491 0.05584517 0.9968764 -0.05584541 -0.05584517 0.9968765 0.05584489 -0.05584519 0.9734829 0.2215461 -0.05699445 0.9735903 0.2212067 0.05647495 0.9968764 -0.05584539 0.05584518 0.9734828 -0.2215467 0.05699429 0.9735902 -0.2212072 -0.05647466 0.9734828 -0.05699486 -0.2215464 0.9734828 0.05699447 0.2215465 -0.05584522 0.9968764 -0.05584539 -0.05584522 0.9968764 0.05584505 0.05584522 0.9968764 -0.05584539 -0.2215461 0.9734828 -0.05699568 -0.2212065 0.9735904 0.05647555 0.05584522 0.9968764 0.05584505 0.2215461 0.9734829 0.05699536 -0.05699552 0.9734829 0.2215459 0.05647571 0.9735904 0.2212063 -0.9968765 0.05584489 -0.05584519 -0.9734829 0.2215461 0.05699437 -0.9735903 0.2212067 -0.05647503 -0.9968764 -0.05584539 0.05584518 -0.9968765 0.05584491 0.05584517 -0.9968764 -0.05584541 -0.05584517 -0.9734828 -0.2215467 -0.05699422 -0.9735902 -0.2212072 0.05647474 -0.9734828 -0.05699478 0.2215464 -0.9735904 0.05647447 0.2212068 -0.9734828 0.0569944 -0.2215465 0.05584518 0.05584473 -0.9968765 -0.05699443 0.2215453 -0.9734831 0.05647502 0.2212059 -0.9735905 -0.05584518 -0.05584557 -0.9968764 -0.05584518 0.05584473 -0.9968765 0.05699428 -0.2215462 -0.9734829 -0.05647472 -0.2212067 -0.9735904 0.05584518 -0.05584557 -0.9968764 -0.2215457 -0.05699501 -0.973483 0.2215458 0.05699429 -0.973483 -0.0564749 -0.9735901 0.2212078 -0.2215472 -0.9734826 0.05699489 -0.05584522 -0.9968764 0.05584539 -0.05584522 -0.9968764 -0.05584505 -0.2292357 -0.945677 0.2305343 -0.4335228 -0.8992947 0.05768124 -0.4191727 -0.8048772 0.4200797 -0.4380816 -0.8703378 0.224937 -0.05698685 -0.8992628 0.4336806 -0.2238308 -0.8704074 0.4385096 -0.2149969 -0.7600375 0.6132856 -0.3979962 -0.7091508 0.581983 -0.05678591 -0.7815231 0.6212865 -0.398351 -0.5820468 0.7088991 -0.2153126 -0.6141678 0.7592354 -0.05704372 -0.6211387 0.7816219 -0.05768064 -0.4335218 0.8992951 -0.2249372 -0.4380807 0.8703382 -0.6141688 -0.7592347 0.2153122 -0.621139 -0.7816216 0.05704466 -0.2212076 -0.9735902 -0.05647474 -0.5820481 -0.7088987 0.3983499 -0.5395355 -0.6463348 0.5395857 -0.5395854 -0.5395353 0.6463352 -0.7600377 -0.6132853 0.2149973 -0.4336802 -0.899263 -0.05698682 -0.7815232 -0.6212864 0.05678684 -0.7091513 -0.5819823 0.3979962 -0.6463357 -0.5395849 0.5395353 -0.4335228 0.05768097 0.8992947 -0.4336808 -0.05698768 0.8992627 -0.230535 -0.2292361 0.9456767 -0.4385103 -0.2238307 0.8704071 -0.4200799 -0.4191712 0.8048779 -0.6211396 0.05704418 0.7816211 -0.621287 -0.056786 0.7815228 -0.6132845 -0.2149974 0.7600384 -0.5819821 -0.3979961 0.7091516 -0.7592347 -0.215313 0.6141685 -0.7815228 0.05678599 0.621287 -0.7816212 -0.05704376 0.6211395 -0.7088991 -0.3983504 0.5820473 -0.8992629 0.05698706 0.4336805 -0.8992948 -0.05768128 0.4335224 -0.870338 -0.2249381 0.4380807 -0.8048772 -0.4200799 0.4191725 -0.9456771 -0.2305342 0.2292354 -0.8992953 -0.4335215 -0.05768106 -0.8992634 -0.4336794 0.05698724 -0.8704075 -0.4385094 0.2238309 -0.7816219 -0.6211386 -0.05704423 -0.6212863 -0.7815233 -0.05678625 -0.2292361 0.2305352 0.9456767 -0.05698815 0.4336816 0.8992622 -0.2238323 0.4385094 0.8704071 -0.4191722 0.4200795 0.8048775 -0.4380813 0.2249381 0.8703376 -0.2149973 0.6132842 0.7600386 -0.3979966 0.5819828 0.7091507 -0.05678543 0.6212872 0.7815227 -0.3983508 0.7088995 0.5820465 -0.2153156 0.7592349 0.6141673 -0.05704262 0.7816197 0.6211415 -0.05768312 0.8992945 0.4335227 -0.224941 0.8703372 0.4380807 -0.6141689 0.2153122 0.7592347 -0.5820471 0.3983506 0.7088991 -0.539536 0.5395847 0.6463352 -0.5395848 0.6463358 0.5395353 -0.6463339 0.5395363 0.5395861 -0.4335227 0.8992946 -0.05768343 -0.43368 0.899263 0.05698878 -0.2305363 0.945676 0.2292378 -0.4200793 0.8048771 0.4191733 -0.4385083 0.8704071 0.2238347 -0.6211416 0.7816196 -0.05704348 -0.6212892 0.781521 0.0567851 -0.6132848 0.7600376 0.2149992 -0.581981 0.7091512 0.3979983 -0.7088985 0.5820478 0.3983507 -0.7592361 0.6141672 0.2153118 -0.7815228 0.621287 -0.05678574 -0.7816215 0.6211391 0.05704418 -0.8992626 0.4336808 -0.05698797 -0.8992945 0.4335231 0.0576813 -0.8703374 0.4380819 0.2249377 -0.8048769 0.4191735 0.4200795 -0.7091503 0.397996 0.5819837 -0.945677 0.2292357 0.2305342 -0.8704071 0.2238318 0.4385098 -0.7600371 0.2149961 0.6132864 -0.05699472 -0.9734827 -0.221547 -0.2305342 -0.945677 -0.2292356 -0.05768109 -0.8992947 -0.4335226 -0.4200796 -0.8048774 -0.4191724 -0.2249369 -0.8703379 -0.4380814 -0.4385095 -0.8704076 -0.2238306 -0.6132855 -0.7600376 -0.214997 -0.5819826 -0.7091513 -0.3979958 -0.7592354 -0.6141679 -0.2153123 -0.7088995 -0.5820469 -0.3983502 -0.8703381 -0.4380807 -0.2249376 -0.215312 -0.759235 -0.6141685 -0.05704452 -0.7816215 -0.621139 -0.3983495 -0.7088992 -0.5820478 -0.5395853 -0.6463354 -0.5395353 -0.6463354 -0.5395349 -0.5395856 -0.2149968 -0.6132859 -0.7600374 -0.05678628 -0.621287 -0.7815227 -0.3979961 -0.5819827 -0.7091511 -0.5395354 -0.5395847 -0.6463358 -0.9735903 -0.05647492 -0.2212068 -0.8992949 0.05768122 -0.4335222 -0.9456768 -0.2292363 -0.2305343 -0.899263 -0.05698763 -0.4336801 -0.8704073 -0.2238315 -0.4385094 -0.8048779 -0.4191716 -0.4200794 -0.7816211 0.05704452 -0.6211396 -0.7600377 -0.2149978 -0.6132851 -0.7091515 -0.3979963 -0.581982 -0.7815227 -0.05678637 -0.6212871 -0.6212874 0.05678576 -0.7815225 -0.614168 -0.2153134 -0.759235 -0.5820476 -0.3983502 -0.708899 -0.6211397 -0.05704438 -0.781621 -0.433522 -0.0576819 -0.899295 -0.43368 0.05698681 -0.8992631 -0.4380806 -0.2249384 -0.8703379 -0.4191728 -0.4200794 -0.8048773 -0.2212061 0.0564743 -0.9735905 -0.2292352 -0.2305339 -0.9456772 0.05768137 -0.4335215 -0.8992953 -0.05698704 -0.4336794 -0.8992634 -0.2238309 -0.438509 -0.8704077 0.057044 -0.621139 -0.7816216 0.05678631 -0.7815233 -0.6212863 -0.05647571 0.9735903 -0.2212066 -0.229238 0.9456759 -0.2305364 -0.05698893 0.8992629 -0.4336802 -0.2238348 0.870407 -0.4385085 -0.4191735 0.8048769 -0.4200794 -0.438081 0.870337 -0.2249411 -0.2149993 0.7600374 -0.6132849 -0.3979986 0.7091511 -0.581981 -0.3983504 0.5820478 -0.7088986 -0.05678517 0.7815208 -0.6212895 -0.2153119 0.6141669 -0.7592363 0.0570433 0.7816193 -0.6211419 0.05678517 0.6212873 -0.7815226 -0.05704399 0.6211393 -0.7816213 -0.05768162 0.4335228 -0.8992946 -0.2249379 0.4380816 -0.8703376 0.05698775 0.4336805 -0.8992628 -0.6141672 0.7592351 -0.2153156 -0.5820467 0.7088992 -0.3983511 -0.5395351 0.6463363 -0.5395844 -0.5395858 0.5395366 -0.6463338 -0.4200789 0.4191736 -0.8048772 -0.7600381 0.6132847 -0.2149976 -0.7091507 0.5819827 -0.3979968 -0.6463353 0.5395855 -0.5395352 -0.5819837 0.3979958 -0.7091505 -0.2305337 0.2292354 -0.9456772 -0.4385093 0.2238316 -0.8704074 -0.6132868 0.2149957 -0.7600369 -0.759235 0.2153118 -0.6141686 -0.7088998 0.3983498 -0.5820468 -0.8703376 0.2249383 -0.4380812 -0.8048777 0.420079 -0.4191724 -0.9456769 0.2305343 -0.2292361 -0.8704075 0.4385085 -0.2238328 0.05699472 -0.9734826 0.2215474 0.2212076 -0.9735901 0.05647506 0.2305342 -0.945677 0.2292359 0.05584522 -0.9968764 0.05584539 0.2215472 -0.9734826 -0.05699456 0.4335228 -0.8992947 -0.05768095 0.05768094 -0.8992945 0.4335232 0.4336802 -0.899263 0.0569871 0.4385094 -0.8704075 0.223831 0.05584522 -0.9968764 -0.05584505 0.621139 -0.7816216 -0.05704444 0.6132855 -0.7600376 0.2149972 0.5819826 -0.7091511 0.3979963 0.6212863 -0.7815233 0.0567865 0.7592354 -0.6141678 0.2153127 0.7088994 -0.5820467 0.3983507 0.7815231 -0.6212864 -0.05678664 0.8992953 -0.4335215 0.05768119 0.8703381 -0.4380806 0.2249378 0.7816219 -0.6211386 0.0570444 0.2249369 -0.8703378 0.4380816 0.4200796 -0.8048772 0.4191728 0.5395855 -0.6463349 0.5395357 0.646335 -0.5395348 0.5395862 0.215312 -0.7592344 0.6141692 0.05704385 -0.7816215 0.6211392 0.3983498 -0.7088988 0.5820481 0.214997 -0.6132846 0.7600383 0.05678654 -0.6212864 0.7815232 0.3979959 -0.5819823 0.7091515 0.5395357 -0.5395843 0.6463358 0.9735903 -0.05647484 0.2212068 0.8992948 0.05768122 0.4335225 0.9456768 -0.2292362 0.2305344 0.8992629 -0.05698738 0.4336804 0.8704073 -0.2238314 0.4385095 0.8048779 -0.4191715 0.4200796 0.7600378 -0.2149974 0.6132852 0.7816212 0.05704405 0.6211394 0.7091512 -0.3979963 0.5819824 0.7815228 -0.05678576 0.621287 0.6141683 -0.2153131 0.7592348 0.621287 0.05678628 0.7815227 0.5820476 -0.3983507 0.7088987 0.6211396 -0.05704383 0.7816211 0.4336809 0.05698752 0.8992627 0.4335227 -0.05768087 0.8992947 0.4380809 -0.2249375 0.870338 0.4191722 -0.4200802 0.8048772 0.2292354 -0.2305347 0.9456769 0.2212075 0.05647457 0.9735902 0.05698744 -0.4336799 0.8992631 0.2238303 -0.4385102 0.8704073 0.229238 0.945676 0.2305361 0.2212065 0.9735903 -0.05647588 0.05698883 0.8992629 0.4336802 0.2238348 0.8704071 0.4385082 0.4191736 0.804877 0.4200792 0.4335227 0.8992946 0.05768312 0.05678477 0.7815211 0.6212892 0.2149991 0.7600377 0.6132847 0.3979988 0.7091509 0.581981 0.2153119 0.6141675 0.7592359 0.0570437 0.6211395 0.7816212 0.05768089 0.4335238 0.8992942 0.3983512 0.582048 0.708898 0.2249373 0.4380822 0.8703374 0.438081 0.8703371 0.2249408 0.6141671 0.7592351 0.2153155 0.43368 0.899263 -0.0569891 0.5820466 0.7088992 0.3983512 0.5395352 0.6463361 0.5395845 0.5395856 0.5395371 0.6463336 0.4200799 0.4191733 0.8048768 0.6211416 0.7816196 0.05704317 0.6212892 0.781521 -0.05678538 0.7815228 0.621287 0.05678552 0.7600381 0.6132848 0.2149974 0.7091505 0.5819828 0.3979968 0.6463349 0.5395859 0.5395353 0.5819835 0.3979959 0.7091506 0.2305349 0.2292358 0.9456768 0.4385107 0.2238313 0.8704067 0.6132858 0.2149961 0.7600376 0.7592346 0.215312 0.614169 0.7088996 0.3983503 0.5820468 0.8703377 0.2249386 0.438081 0.8048777 0.4200791 0.4191724 0.9456769 0.2305344 0.229236 0.8992627 0.4336808 0.0569878 0.8704075 0.4385085 0.2238328 0.0564749 -0.9735902 -0.2212074 0.2292357 -0.945677 -0.230534 0.05698695 -0.8992631 -0.4336801 0.2238308 -0.8704076 -0.4385093 0.4191727 -0.8048774 -0.4200794 0.2149971 -0.7600377 -0.6132854 0.3979959 -0.7091513 -0.5819825 0.2153126 -0.6141678 -0.7592354 0.2249378 -0.4380806 -0.8703381 0.3983502 -0.5820471 -0.7088994 0.4380816 -0.8703378 -0.2249367 0.6141688 -0.7592348 -0.2153118 0.5820482 -0.708899 -0.3983493 0.5395355 -0.6463354 -0.5395851 0.5395856 -0.5395352 -0.6463351 0.7600377 -0.6132854 -0.2149971 0.7091514 -0.5819825 -0.3979957 0.6463361 -0.5395849 -0.5395348 0.2212061 -0.05647507 -0.9735905 0.4335221 0.05768139 -0.899295 0.2305338 -0.2292363 -0.9456769 0.4200788 -0.4191721 -0.804878 0.4336799 -0.05698758 -0.8992631 0.4385089 -0.2238316 -0.8704076 0.6211397 0.0570442 -0.781621 0.6132855 -0.2149974 -0.7600375 0.5819823 -0.3979965 -0.7091512 0.6212873 -0.056786 -0.7815225 0.7815227 0.05678618 -0.6212871 0.759235 -0.2153132 -0.614168 0.7088993 -0.3983503 -0.5820471 0.7816211 -0.05704464 -0.6211396 0.899263 0.05698702 -0.4336802 0.8992949 -0.05768157 -0.4335221 0.8703379 -0.2249382 -0.4380807 0.8048773 -0.42008 -0.4191722 0.9456771 -0.2305343 -0.2292353 0.9735904 0.0564744 -0.2212068 0.8992634 -0.4336794 -0.05698711 0.8704075 -0.4385096 -0.2238307 0.05699552 0.9734828 -0.2215462 0.2305363 0.9456759 -0.2292382 0.05768327 0.8992945 -0.4335228 0.4385084 0.870407 -0.2238349 0.6132848 0.7600375 -0.2149995 0.5819809 0.7091511 -0.3979987 0.7592361 0.6141672 -0.2153118 0.7088986 0.5820477 -0.3983506 0.7816215 0.6211391 -0.05704443 0.8992945 0.4335231 -0.05768145 0.8703374 0.4380819 -0.2249378 0.2249409 0.870337 -0.4380811 0.4200793 0.8048769 -0.4191736 0.5395843 0.6463363 -0.5395351 0.6463339 0.5395363 -0.5395859 0.8048769 0.4191733 -0.4200796 0.2153155 0.7592351 -0.6141672 0.3983511 0.7088993 -0.5820465 0.214997 0.613285 -0.760038 0.5395355 0.5395853 -0.6463351 0.3979969 0.5819829 -0.7091505 0.7091506 0.3979956 -0.5819836 0.945677 0.2292356 -0.2305342 0.8704071 0.2238316 -0.4385099 0.7600371 0.2149961 -0.6132865 0.6141685 0.2153119 -0.759235 0.5820472 0.3983496 -0.7088996 0.438081 0.2249384 -0.8703377 0.4191728 0.4200782 -0.8048779 0.2292359 0.2305337 -0.9456771 0.2238329 0.4385077 -0.8704079 -0.1504214 -0.4597813 0.8751997 0.152199 -0.5897949 0.793081 0.1528543 -0.2385143 0.9590342 -0.4741231 -0.596509 0.6475989 -0.1661629 -0.7423956 0.649029 -0.1540252 -0.912345 0.3793453 -0.2634002 -0.2231609 0.9385199 -0.6564073 -0.3309657 0.6779315 0.1519328 -0.874543 0.4605333 -0.8408527 -0.01708738 0.5409942 -0.8460674 0.4072527 0.3439699 -0.9679338 -0.1211488 0.2200617 -0.5170043 0.1064622 0.8493364 -0.7701553 -0.5545259 0.3152171 -0.68907 0.4282341 0.584635 -0.148197 0.1062648 0.9832321 0.1657252 0.1083474 0.980202 0.1903443 0.3979873 0.897427 -0.131523 0.4687131 0.8735043 -0.4319918 0.4135619 0.8014672 -0.4697256 -0.7993628 0.3746692 -0.4038665 -0.8944483 0.191974 -0.35406 0.6860681 0.6355723 -0.135773 0.9285578 0.3454652 -0.3674059 0.8404538 0.3983092 -0.5582801 0.6674971 0.4927179 -0.2138604 0.9720493 0.09687099 -0.6942188 0.6760632 0.2469794 -0.4932289 0.8521937 0.1746172 0.8178813 -0.4990669 0.2863606 0.3946258 -0.8970796 0.1987929 0.9377211 -0.3420195 0.06084288 0.9637777 -0.02591084 0.2654453 0.4877378 -0.6038165 0.6304899 0.4964091 -0.7938177 0.3513282 0.7479697 -0.3128665 0.5853681 0.4716599 -0.2914805 0.8322115 0.1384294 0.9806301 0.1385708 -0.1346713 0.7840779 0.6058758 0.4233546 0.8940164 0.1466481 0.2960484 0.9549833 -0.01903059 0.3845299 0.8197581 0.4244212 0.1289432 0.8717972 0.4725921 -0.1899453 0.9812095 -0.03389276 0.39473 0.633546 0.665438 0.1298301 0.6645682 0.7358623 0.6410012 0.732284 0.2299514 0.5887603 0.6370731 0.4974929 0.8255046 0.4306852 0.3647635 0.4903069 0.3911688 0.7788364 0.6834145 0.3782853 0.6243755 0.7393055 0.6618102 0.124236 0.7749134 0.06793543 0.6284059 -0.9409808 -0.3333927 0.05834775 0.9302749 0.3025423 0.2075014 0.4873864 0.09874651 0.867585 -0.5825774 0.8098182 0.06926767 -0.8967575 0.4034479 0.1818126 -0.6628678 0.1318237 -0.7370406 -0.1958774 0.03290367 -0.9800762 -0.6835005 0.03124011 -0.7292813 -0.9199429 -0.005630783 -0.392012 -0.9010692 0.1280296 -0.4143462 -0.6508567 0.1182499 -0.749935 -0.9716846 -0.03205368 -0.2340974 -0.9652759 0.1401214 -0.220473 -0.1524227 -0.6805417 -0.71668 -0.525018 -0.6595783 -0.5378779 -0.6299316 -0.7336629 -0.2548037 -0.8994992 0.1276588 -0.417857 -0.2224299 0.09601505 -0.9702093 -0.6367608 0.1953015 -0.7459176 -0.9722939 0.2248245 -0.06401993 -0.2182644 0.08735165 -0.9719724 0.1948628 0.02375578 -0.9805428 0.1926549 0.06947948 -0.9788037 0.1409609 -0.6909143 -0.709061 0.5731518 0.09292839 -0.8141629 0.5544886 0.02979524 -0.8316578 0.1920943 0.07236058 -0.9787051 0.5709345 0.08490361 -0.8165936 0.5589856 0.1883367 -0.807505 0.8833088 0.1142215 -0.4546636 0.891671 0.1231796 -0.4356026 0.9084629 0.02772619 -0.4170448 0.9914206 0.1240803 -0.0410997 0.9284263 0.2226546 0.2974046 0.9784882 0.1374456 0.1538489 0.9892037 -0.03271529 0.1428484 0.9997938 -0.01070252 -0.0172572 0.9042407 0.3089956 0.2947378 0.9827945 -0.02677628 0.182751 0.6275297 -0.7699629 0.1156015 0.6395694 -0.7629011 0.09451429 0.6821763 -0.731185 0.001978031 0.9916124 0.1234064 -0.0384158 0.4238122 0.336008 0.8411194 0.5604158 0.5273331 0.6386344 0.8864486 0.2222294 0.4059839 0.4400872 0.8258307 0.3526001 0.8750402 0.4368611 0.2084637 0.9819949 -0.02174126 0.1876519 0.6253216 -0.771229 0.1190746 -0.9571355 -0.04153463 0.286647 -0.688859 0.213487 0.6927457 -0.8979947 0.3776757 0.2257576 -0.655026 -0.7515585 -0.07810778 -0.6821191 -0.6957304 0.2251061 -0.9929116 -0.02070545 -0.1170374 -0.4214797 -0.7509479 0.5083622 -0.6607484 -0.0980024 0.7441822 -0.625097 -0.7712991 -0.1197976 -0.8914911 0.438802 -0.1126786 -0.8787232 0.4460277 -0.1700142 -0.193653 -0.1500894 0.9695214 -0.1245848 -0.7688324 0.6271965 0.8692976 0.1915396 -0.4556691 0.1885054 0.1903642 -0.9634455 0.457494 0.5850352 -0.6696515 -0.2102906 0.1909326 -0.9588131 -0.5252962 0.5820881 -0.6206749 -0.1695989 0.5870346 -0.7915975 0.1544905 0.5923047 -0.7907641 -0.09798528 0.989053 -0.1103316 -0.0252515 0.9908713 -0.1324252 0.07342321 0.9908286 -0.1134359 0.02173035 0.9935437 -0.1113497 0.132746 0.9889753 -0.06562278 0.7209787 0.5793261 -0.3802248 0.3773997 0.2118227 0.9014991 0.3293283 -0.08677134 0.94022 0.4328112 0.8111835 0.3932631 0.2683821 0.5990672 0.7543802 0.1944486 -0.7501473 0.6320355 -0.1918606 0.1673847 0.9670429 0.5497793 -0.6935926 0.4654803 0.7750313 -0.03043536 0.6311895 0.7416476 0.3754091 0.5559018 -0.1458781 0.6613279 0.7357751 -0.5381494 0.5970863 0.5948808 -0.05112603 0.9653023 0.2560812 -0.5532598 0.8089667 0.1986869 -0.005768259 0.9996193 0.02697936 0.4562078 0.8804312 0.1292876 -0.4739807 0.8789271 -0.05319337 -0.000218534 1 -5.851628e-07 0.8666489 0.443118 0.2292728 0.9654698 -0.01777828 0.2599076 0.6382501 -0.750546 0.1712235 0.9820774 -0.01982131 0.1874329 0.8774792 0.4484477 0.1700735 0.4568655 0.8850393 0.08932691 -0.6088841 0.7275544 0.3161087 -0.8496122 0.2928832 0.4386098 -0.7115013 0.7022807 0.02382466 0.1212646 0.9926192 -0.001433114 -0.3881212 0.717798 0.5780381 -0.5332715 0.2953481 0.7927112 -0.5578186 0.2312181 0.7971051 -0.8766699 0.2204981 0.4275868 -0.859959 0.3157687 -0.4009497 -0.6223479 0.7276794 -0.2883847 -0.95741 0.2874826 0.02682956 -0.8752545 0.2612721 -0.4070215 -0.9740581 0.2259993 0.0116239 -0.1368268 0.700747 0.7001658 -0.1833554 0.2926537 0.9384746 -0.1858857 0.2403565 0.9527199 0.9801088 0.1952684 -0.035455 0.7353585 0.5837347 0.3442406 0.8118484 0.5831782 -0.02837918 0.1412449 0.987994 0.06259218 -0.8917023 0.2003129 -0.4058838 -0.9729801 0.2257825 0.04829088 -0.9528481 0.2886895 -0.09348182 -0.7403984 0.5696706 0.3567711 -0.7399601 0.5851048 -0.3318304 -0.7091894 0.3348761 0.6204098 -0.162177 0.5361263 0.8284125 -0.1855406 0.251631 0.9498719 -0.9119859 0.396782 -0.1041428 -0.6010295 0.5870415 0.5423521 -0.1574454 0.5697515 0.8065942 -0.8100314 0.5847363 0.04396179 -0.1352826 0.981967 0.1320583 -0.1542384 0.9880213 0.004949083 -0.11142 0.9926738 -0.0467368 -0.5035232 0.8416785 0.1950428 0.3529724 0.5873888 0.7282753 0.07569601 0.9819807 0.1731587 -0.02959538 0.9879917 0.151646 0.4442682 0.7277669 0.5224759 0.6510298 0.7014226 0.2901148 0.1432737 0.7182946 0.6808271 0.620106 0.2910728 0.7285226 0.6855914 0.7272088 -0.0336426 0.1985474 0.2943532 0.934845 -0.4117833 0.3415465 -0.8448553 -0.2866164 0.7548178 -0.590001 0.4873798 0.754839 -0.4389523 0.1334345 0.7176313 -0.6835207 0.6991991 0.3415755 -0.6280501 0.1814648 0.3220107 -0.9291822 0.9482978 0.3132715 -0.05091457 0.8771367 0.283856 0.3873719 0.6495561 0.2150661 0.7292623 0.7087052 0.2946328 -0.6410371 0.9631731 0.263563 -0.05321802 0.8960733 0.2270357 0.3814543 0.1842532 0.2778599 -0.9427856 -0.4153191 0.2946847 -0.8606224 0.220365 0.2260518 0.9488624 0.4530316 0.8835123 0.1190308 0.8767816 0.4474699 0.1761382 0.6254337 -0.7711315 0.1191169 0.9820952 -0.02054725 0.1872612 -0.07547072 0.9199938 0.3845979 -0.005310107 0.9996279 0.02675406 0.625626 -0.7710865 0.1183963 -0.4619304 0.8852147 -0.05491061 -0.8823592 0.4428048 -0.1592677 -0.4583788 0.8842463 -0.08942798 -0.9824256 -0.02603337 -0.1848302 -0.6259757 -0.7701197 -0.1227604 -0.6252564 -0.7712834 -0.1190643 -0.9810679 -0.03286829 -0.1908545 -0.6252805 -0.7712611 -0.1190826 -0.9821517 -0.02229892 -0.1867638 -0.6278387 -0.7646312 -0.145457 -0.9820474 -0.02208469 -0.1873369 0.001408916 0.9999977 0.001624017 -0.0002039028 0.9999995 0.0009670951 0.002011808 0.9999934 0.003038895 -0.001901048 0.9999978 0.000915991 -0.002969595 0.9999936 0.001978045 0.0001431854 0.9999996 -0.0009316071 -0.001398022 0.9999987 -0.0007886852 0.001526058 0.9999988 -0.0001951061 0.003795402 0.9999893 -0.002662068 -0.002597885 0.9999889 -0.003930728 -0.005593743 0.9999584 -0.007198223 0.007735447 0.9999598 -0.004530561 0.688202 -0.6606106 -0.2999526 0.4142368 -0.6810573 -0.6037953 0.9014265 0.1280296 -0.4135683 0.9718864 -0.0320536 -0.2332583 0.9202811 -0.005631258 -0.3912172 0.663504 0.1318236 -0.7364679 0.68413 0.03124025 -0.7286907 0.1967233 0.03290334 -0.9799068 0.2232677 0.09601513 -0.9700168 0.153041 -0.680542 -0.716548 0.6301509 -0.7336634 -0.2542593 0.5254825 -0.659578 -0.5374245 0.6515041 0.1182502 -0.7493726 0.8998596 0.1276591 -0.4170801 0.2191036 0.08735182 -0.9717836 0.9723488 0.2248244 -0.06318054 0.9654659 0.1401216 -0.2196395 0.6374046 0.1953007 -0.7453677 0.8920524 0.2003127 -0.405114 -0.1940163 0.0237554 -0.9807106 -0.19181 0.06947963 -0.9789696 -0.1912491 0.07236061 -0.9788706 -0.1403485 -0.6909145 -0.7091823 -0.5537702 0.02979536 -0.8321363 -0.5724488 0.0929284 -0.8146574 -0.5582882 0.1883373 -0.8079872 -0.1876733 0.1903643 -0.9636079 0.2111182 0.1909329 -0.9586312 -0.5702292 0.08490351 -0.8170863 -0.9081025 0.02772602 -0.4178291 -0.8912946 0.1231796 -0.4363722 -0.4137148 -0.6810577 -0.6041526 -0.9913848 0.1240805 -0.04195577 -0.9893267 -0.03271537 0.1419943 -0.9786206 0.1374457 0.1530042 -0.9997785 -0.01070262 -0.01812047 -0.6276294 -0.7699627 0.1150598 -0.982952 -0.02677616 0.1819024 -0.9044949 0.3089957 0.2939567 -0.6396506 -0.7629012 0.09396195 -0.9286828 0.2226545 0.2966028 -0.9915788 0.1234065 -0.03927194 -0.560967 0.5273331 0.6381503 -0.4245383 0.3360079 0.8407532 -0.8867988 0.2222293 0.4052185 -0.8829161 0.1142214 -0.4554258 -0.9800778 0.1952682 -0.03630117 -0.8752199 0.436861 0.207708 -0.4403917 0.8258307 0.3522197 -0.625424 -0.7712291 0.1185345 -0.9821566 -0.02174129 0.1868038 0.9568876 -0.04153381 0.2874735 0.6882602 0.213487 0.6933406 0.6601051 -0.09800165 0.7447529 0.6550944 -0.7515574 -0.07754288 0.9930124 -0.02070485 -0.1161799 0.6819257 -0.695729 0.2256955 0.6252 -0.7712993 -0.1192578 0.982209 -0.02208529 -0.1864878 0.8977997 0.3776753 0.2265328 0.4210403 -0.750948 0.5087261 0.1928157 -0.150089 0.9696883 0.1240436 -0.7688323 0.6273038 -0.8689039 0.1915398 -0.4564192 0.170282 0.5870348 -0.7914506 -0.456915 0.5850365 -0.6700455 -0.1538076 0.5923049 -0.790897 0.5258327 0.5820869 -0.6202216 0.02536573 0.9908711 -0.1324046 -0.07332515 0.9908286 -0.1134992 -0.02163429 0.9935436 -0.1113687 -0.7206503 0.5793262 -0.3808469 -0.1326891 0.9889753 -0.06573704 -0.3781779 0.2118221 0.901173 0.1910256 0.1673841 0.9672082 -0.4331505 0.8111834 0.3928894 -0.7421272 0.3754092 0.5552613 -0.1949947 -0.7501466 0.6318679 -0.33014 -0.08677056 0.9399353 0.5376352 0.5970862 0.5953456 -0.2690339 0.5990666 0.7541485 -0.7755759 -0.03043548 0.6305201 -0.5501801 -0.6935939 0.4650046 0.1452433 0.6613276 0.7359009 0.05090493 0.9653023 0.2561253 0.5530881 0.8089666 0.1991646 0.005745286 0.9996193 0.02698463 -0.4563195 0.8804311 0.1288936 0.4740268 0.8789269 -0.05278424 0.0002186788 1 -3.342176e-07 -0.4569425 0.8850393 0.08893241 0.8915879 0.4388023 -0.1119084 -0.8668468 0.4431176 0.2285242 -0.9822389 -0.01982137 0.1865848 -0.9656939 -0.01777844 0.2590739 -0.8776256 0.4484478 0.1693158 0.6086108 0.7275544 0.3166346 0.8492331 0.2928827 0.4393436 0.5325869 0.2953475 0.7931715 0.7114803 0.702281 0.02443907 -0.1212629 0.9926192 -0.001538209 0.8603046 0.3157699 -0.4002066 0.9573863 0.2874833 0.02765557 0.8763006 0.2204975 0.4283434 0.5571304 0.2312163 0.7975868 0.8756053 0.2612735 -0.4062653 0.9740477 0.2259993 0.01246424 0.3876209 0.7177996 0.5783717 0.1362225 0.7007469 0.7002836 0.1825454 0.292654 0.9386324 -0.7356559 0.583734 0.3436059 -0.8118237 0.583178 -0.02908024 -0.141299 0.9879939 0.06247055 0.7402464 0.585105 -0.3311911 0.7086536 0.3348757 0.621022 0.7400901 0.5696706 0.3574102 0.9529285 0.2886895 -0.0926584 0.9729381 0.2257823 0.04913079 0.8099924 0.5847372 0.04466086 0.6005605 0.5870425 0.5428703 0.1614618 0.5361273 0.8285515 0.5033547 0.8416785 0.1954774 0.9120755 0.3967821 -0.1033554 0.1847204 0.2516312 0.9500317 0.135167 0.9819674 0.132174 0.09808014 0.989053 -0.1102469 0.1114597 0.9926739 -0.04663972 0.07513856 0.919994 0.3846624 -0.3536006 0.5873894 0.72797 0.1567488 0.5697521 0.8067294 -0.07584503 0.9819809 0.1730928 0.02946455 0.9879915 0.1516726 0.1542333 0.9880214 0.005082288 -0.4447196 0.7277661 0.5220929 -0.6512804 0.701422 0.2895531 -0.143861 0.7182954 0.6807024 -0.6207348 0.2910724 0.7279871 -0.8774709 0.2838556 0.3866145 -0.6855624 0.7272085 -0.03423454 -0.1993544 0.2943531 0.9346732 0.6225974 0.7276787 -0.2878476 0.4125129 0.3415471 -0.8444991 0.2871256 0.7548177 -0.5897534 -0.1328441 0.7176324 -0.6836345 -0.4870008 0.7548386 -0.4393733 -0.6986563 0.3415756 -0.6286536 -0.1806624 0.3220108 -0.9293385 -0.6501853 0.2150662 0.7287013 -0.8964023 0.2270357 0.3806805 -0.9482537 0.3132709 -0.05173332 -0.9631275 0.2635605 -0.05404963 -0.7081511 0.2946332 -0.6416489 -0.1834395 0.2778607 -0.942944 0.4160616 0.2946853 -0.8602635 0.1850634 0.2403562 0.9528801 -0.2211837 0.2260527 0.9486717 -0.8769333 0.4474699 0.1753813 -0.4531343 0.8835123 0.1186398 -0.6255365 -0.7711314 0.1185767 -0.9822566 -0.02054717 0.186413 -0.625728 -0.7710865 0.1178561 0.005287308 0.9996279 0.02675993 0.8824962 0.4428048 -0.1585065 0.4619776 0.8852148 -0.05451145 0.4584558 0.8842464 -0.08903157 0.8788698 0.4460278 -0.1692547 0.9825846 -0.02603315 -0.1839831 0.6260814 -0.7701196 -0.1222203 0.9812324 -0.0328684 -0.1900069 0.6253587 -0.7712837 -0.1185243 0.6279643 -0.7646309 -0.144915 0.9823125 -0.02229944 -0.1859161 0.6253827 -0.7712616 -0.1185412 -0.0001421815 0.9999996 -0.0009315009 0.00139867 0.9999987 -0.0007875282 0.00260143 0.9999889 -0.003930231 0.0002033498 0.9999995 0.0009671017 0.001901311 0.9999978 0.0009186835 -0.00152559 0.9999988 -0.0001966851 -0.001408804 0.9999977 0.001621121 -0.002013138 0.9999934 0.003035995 -0.003790977 0.9999893 -0.002663148 -0.007735756 0.9999598 -0.004538057 0.002967888 0.9999936 0.001980612 0.005601625 0.9999584 -0.007196792 -0.6821777 -0.7311851 0.001389153 -0.6879433 -0.6606101 -0.3005466 -0.6383976 -0.7505461 0.1706722 -0.9120504 0.2519832 0.323525 -0.9582629 0.1421252 0.2480579 -0.9392238 -0.07725784 0.3344995 -0.8598242 0.1350392 0.4924091 -0.8148089 0.2566941 0.5198025 -0.6799213 0.5115106 0.5254178 -0.8116831 0.4905002 0.3171436 -0.9448107 0.2465292 0.2157685 -0.9659153 0.07890042 -0.2465408 -0.9480464 0.07173463 0.3099391 -0.6530988 -0.04520771 0.7559221 0.3706899 -0.1633518 0.9142785 0.4663763 -0.2838705 0.8378011 -0.9533735 0.1451107 -0.2646164 -0.8599598 0.4775986 0.179913 -0.898234 0.4059018 -0.1685804 -0.9499319 0.2172526 -0.224568 -0.2718266 0.8138656 0.5135495 -0.4440053 0.8742914 0.1961475 -0.5132794 0.854101 -0.08399788 -0.5871934 0.5795563 -0.5650827 -0.5979732 0.1374271 -0.7896467 -0.443239 -0.009539538 -0.8963527 -0.3421383 -0.01781504 -0.9394807 -0.2918425 0.04016808 -0.9556226 -0.2695981 0.5968953 -0.7556672 0.09712242 -0.5997484 -0.7942727 0.1619924 -0.4279828 -0.8891508 0.4931494 -0.8437216 -0.2119847 -0.07639916 0.001631372 -0.997076 0.5337412 -0.2656139 -0.8028509 -0.003823415 0.5747387 -0.818328 0.4541241 0.4059223 -0.7930942 0.4918318 -0.002945776 -0.8706852 0.4542475 -0.4521985 -0.7675778 -0.116502 0.9512707 -0.2855019 0.2223556 0.8970548 -0.3819039 0.8801072 -0.00612217 -0.4747355 0.7130932 0.5291966 -0.4598359 0.6820213 -0.6079924 -0.4064386 0.2721952 -0.9240288 -0.2684782 0.9611372 -0.01674422 -0.2755629 0.7360968 -0.6143998 -0.2840323 0.9488898 -0.01371874 -0.3153094 0.8048204 0.5151976 -0.2946786 0.8600239 0.5030941 -0.08517747 0.7517646 -0.5242471 -0.4000187 0.1745721 -0.8794535 -0.4428162 0.2347771 -0.9604012 -0.1500307 -0.1306019 -0.6069826 -0.7839102 0.4358858 0.8707709 0.2275119 0.4561673 0.5780918 0.676551 0.8789002 0.3450075 0.3293998 0.3538472 0.1965527 0.9144174 0.7742705 0.1687931 0.6099296 0.99017 -0.002869624 -0.13984 0.6579103 -0.3913797 -0.6434097 0.9956629 -0.03650674 0.0855722 0.9783425 -0.1770456 -0.107242 0.3590637 -0.3240458 -0.8752529 -0.05688726 0.04329176 0.9974416 0.01058658 0.1385888 0.9902934 0.1346723 0.4321136 0.8917069 0.1613757 -0.05035937 0.9856073 -0.2149556 -0.7389503 0.6385503 -0.354559 0.002435518 0.9350305 -0.4115941 0.1734321 0.8947131 -0.3643818 0.1115106 0.9245492 0.823268 -0.2988436 0.4826202 -0.003866367 0.0826693 0.9965695 -0.8193237 -0.3766728 0.432234 -0.6015488 -0.05605088 0.7968672 0.7582651 -0.440346 -0.4807592 0.2505466 -0.8873849 -0.387007 -0.4136241 0.3696725 0.83202 -0.09147919 0.4532429 0.8866806 0.1122414 0.8956384 0.4303879 0.3084161 -0.0259021 0.9508988 0.3696885 -0.9024636 -0.2211105 0.2236206 -0.3524913 -0.9087044 -0.230868 -0.3137081 -0.9210251 -0.7662525 -0.4286132 -0.4786938 -0.3011556 -0.3053438 -0.9033662 -0.01357107 0.9997253 0.01911019 0.3408217 0.9308978 -0.1314151 0.9137051 -0.09578453 -0.3949283 0.3619812 -0.1322395 -0.922758 0.3445632 -0.05318016 -0.9372556 0.8750962 -0.08087777 0.4771429 0.9260167 -0.1345578 -0.3526858 -0.2059589 -0.7105944 -0.6727827 -0.3124543 -0.1956249 -0.9295715 -0.3284818 -0.03168922 -0.9439785 0.3026664 -0.5634339 -0.7687232 0.7135749 -0.5856 0.3845562 0.6729084 -0.6983092 -0.2440462 0.86813 -0.1547921 0.4715821 0.3149209 -0.02613692 0.948758 0.3132554 -0.1976219 0.9288793 0.2308671 -0.7215698 0.6527154 0.01458913 -0.9998751 -0.006082723 -0.3483163 -0.0451154 -0.9362907 -0.2991199 -0.3287725 -0.8957879 -0.9716938 -0.02951776 -0.2343925 -0.1503018 -0.8103148 -0.5663915 -0.9173294 -0.301851 -0.2596012 0.6064852 -0.04631648 -0.7937446 0.5777981 -0.1396162 -0.8041497 -0.6745457 -0.7110389 -0.1985242 -0.9468938 -0.0200298 0.3209219 0.9472168 -0.01836307 -0.3200675 0.5084267 -0.5834416 -0.6333232 0.02501614 -0.999651 -0.008491306 0.73494 -0.6305774 -0.24947 -0.6069892 -0.7675365 0.2060385 0.865645 -0.3894038 0.3146798 0.8733209 -0.425129 -0.2378572 -0.371944 0.06034556 0.9262916 -0.9011218 -0.05461521 -0.4301123 -0.924969 0.06866986 0.3737871 -0.4328809 -0.7191136 0.5435897 0.7897878 -0.5811353 0.1962576 0.2402819 -0.8130818 0.5302476 -0.9155176 -0.2551363 0.3110194 0.3183502 -0.3081517 0.8964908 -0.5802196 -0.2825609 0.7638747 0.9492739 -0.1348864 0.2840506 -0.6304208 -0.04581354 0.7749005 0.9644087 -0.04870478 0.2598916 0.3057352 -0.05022259 0.9507911 0.9474308 -0.0462848 -0.3165953 -0.2785261 -0.6433269 0.7131296 -0.59743 -0.774571 0.2076468 -0.6566902 -0.6459241 -0.3892815 -0.9129398 -0.253194 0.3200526 -0.8858634 -0.03653252 -0.4625057 -0.8564541 -0.2223294 -0.4658927 -0.9390217 -0.01361076 0.3435883 -0.381848 -0.2166097 0.8984834 -0.3914714 -0.007267529 0.9201616 0.7346745 -0.02312757 0.6780254 0.325904 0.05822295 0.9436083 -0.1301523 0.02679561 0.9911319 0.7946217 -0.1768061 0.580789 0.3236763 -0.08134302 0.9426648 0.9055346 -0.3258212 -0.2717491 -0.2744787 -0.1576781 0.9485774 -0.2891154 -0.4934612 0.8203099 -0.7196047 -0.5339839 -0.4438809 -0.2532496 -0.6138744 -0.7476783 -0.664125 -0.7126269 0.2260551 6.365118e-07 -1 -1.283732e-06 0.2606267 -0.5822329 0.770116 0.300521 -0.5287664 -0.7937841 0.663184 -0.7140124 -0.2244399 0.7263122 -0.4979895 0.4737901 -0.309348 -0.09674256 -0.9460152 0.912395 0.251983 0.3225522 0.6804818 0.511511 0.5246913 0.8153626 0.2566939 0.5189336 0.8603496 0.1350388 0.4914907 0.9395804 -0.07725722 0.3334966 0.9585266 0.1421254 0.2470367 0.9450401 0.2465292 0.2147615 0.9483761 0.07173414 0.3089286 0.9656519 0.07890113 -0.2475704 0.6539048 -0.0452074 0.755225 0.8120205 0.4905009 0.3162776 0.953091 0.1451109 -0.2656322 0.9496921 0.2172527 -0.2255795 -0.3697138 -0.1633523 0.9146736 0.3411373 -0.01781507 -0.9398447 0.442284 -0.009539836 -0.8968243 0.597131 0.1374268 -0.7902838 0.8980544 0.4059011 -0.1695365 0.5131894 0.8541013 -0.08454391 0.8601515 0.4775975 0.1789971 0.5865914 0.5795558 -0.5657081 0.4442147 0.874291 0.1956743 0.2723743 0.8138664 0.5132579 0.2908233 0.04016833 -0.9559332 -0.09796882 -0.599749 -0.7941683 0.0753358 0.001630765 -0.9971569 -0.1629408 -0.4279833 -0.8889773 -0.4933749 -0.8437216 -0.2114594 -0.27248 -0.9240293 -0.2681876 0.2687913 0.5968954 -0.7559544 -0.455066 -0.4521983 -0.7670929 -0.4927595 -0.002946098 -0.8701605 -0.6824541 -0.6079924 -0.4057113 -0.4549691 0.4059222 -0.7926098 -0.8806125 -0.006122142 -0.4737976 -0.713583 0.5291965 -0.4590756 -0.2227625 0.8970547 -0.3816671 0.002951855 0.5747382 -0.818332 0.1161966 0.9512708 -0.2856259 -0.9614306 -0.01674413 -0.2745375 -0.7363992 -0.6144 -0.2832471 -0.7521902 -0.5242477 -0.399217 -0.8051342 0.5151976 -0.2938203 -0.9492254 -0.0137186 -0.3142975 -0.1750435 -0.8794536 -0.4426299 0.129767 -0.6069819 -0.7840495 -0.658595 -0.3913797 -0.6427087 -0.9903185 -0.002869543 -0.1387842 -0.7736197 0.1687934 0.6107547 -0.8785491 0.3450066 0.330336 -0.9955712 -0.03650643 0.08663294 -0.359996 -0.3240461 -0.8748697 -0.9784563 -0.177045 -0.1061993 -0.8601144 0.5030938 -0.08426103 -0.3528724 0.1965526 0.914794 -0.455445 0.5780926 0.6770367 -0.4356429 0.870771 0.2279762 0.05795069 0.04329152 0.9973803 -0.009530753 0.1385889 0.9903041 0.3555566 0.002434984 0.9346516 -0.1603254 -0.05035922 0.9857787 0.004928712 0.08266916 0.9965649 0.3653667 0.1115103 0.9241605 0.4125469 0.1734316 0.8942743 -0.8227529 -0.2988434 0.4834981 -0.3074017 -0.02590204 0.9512273 0.215638 -0.7389516 0.6383188 -0.1337215 0.4321127 0.8918504 0.414512 0.369672 0.8315783 -0.7587776 -0.440345 -0.4799509 0.8197837 -0.3766721 0.4313617 0.7657418 -0.4286135 -0.4795102 0.6023992 -0.05605163 0.7962244 0.3729298 0.06034588 0.9258951 0.09242421 0.4532439 0.886582 -0.1117828 0.8956385 0.4305071 -0.2349369 -0.9604014 -0.1497793 -0.3699238 -0.9024637 -0.2207165 -0.2509604 -0.8873841 -0.3867406 0.2298854 -0.3137073 -0.9212711 -0.2245889 -0.3524927 -0.908465 -0.8653092 -0.3894037 0.3156022 0.3001922 -0.3053441 -0.9036867 0.01359244 0.9997253 0.01909587 -0.3409617 0.9308977 -0.1310517 -0.9141259 -0.09578387 -0.3939534 -0.3629637 -0.1322396 -0.9223719 -0.9263919 -0.1345588 -0.3516987 -0.3455625 -0.05318009 -0.9368876 0.2052413 -0.7105923 -0.6730041 -0.3034845 -0.5634343 -0.7684002 -0.8745867 -0.08087746 0.4780763 -0.6731672 -0.6983103 -0.2433281 -0.7131637 -0.5856011 0.3853165 0.3114625 -0.1956257 -0.9299041 -0.01459731 -0.999875 -0.006069359 -0.867626 -0.1547946 0.4725079 -0.3139089 -0.02613715 0.9490933 -0.3122635 -0.1976221 0.9292131 -0.2301712 -0.7215694 0.6529615 -0.5345962 -0.265614 -0.8022818 0.3473165 -0.04511454 -0.9366621 0.9714436 -0.02951873 -0.2354273 0.2981657 -0.3287756 -0.8961048 0.9472351 -0.02003028 0.3199131 0.9170521 -0.3018519 -0.2605779 -0.6073306 -0.04631614 -0.7930979 0.9158494 -0.2551338 0.3100429 0.6743323 -0.7110388 -0.1992482 0.1496961 -0.8103134 -0.5665539 -0.5786543 -0.1396163 -0.8035338 -0.509099 -0.5834427 -0.6327819 -0.02502769 -0.9996509 -0.008465478 -0.7352059 -0.6305777 -0.2486847 -0.9475575 -0.01836307 -0.3190575 -0.8735744 -0.4251272 -0.2369275 0.9253662 0.06867035 0.3728025 0.9006627 -0.0546147 -0.4310731 0.6072089 -0.7675361 0.2053916 0.4334593 -0.7191142 0.5431278 -0.2397203 -0.8130819 0.5305017 -0.7895793 -0.581134 0.1970987 0.5810349 -0.2825593 0.7632553 -0.3173942 -0.3081521 0.8968295 -0.9489705 -0.1348868 0.2850622 0.6312461 -0.04581335 0.7742283 -0.3047224 -0.05022262 0.9511162 -0.9641311 -0.04870517 0.2609195 -0.9477676 -0.04628526 -0.3155856 0.6562715 -0.6459251 -0.3899854 0.5976507 -0.7745716 0.2070082 0.2792847 -0.6433254 0.7128341 0.8559559 -0.2223326 -0.4668058 0.9132799 -0.2531947 0.3190802 0.3828039 -0.2166098 0.8980765 0.3274751 -0.03168933 -0.9443283 0.8853689 -0.03653171 -0.4634515 0.9393873 -0.0136099 0.3425876 0.3924508 -0.007267766 0.9197443 -0.3248981 0.05822284 0.9439551 -0.7339516 -0.02312751 0.6788079 -0.7940017 -0.1768077 0.5816359 -0.322671 -0.08134331 0.9430094 0.1312104 0.0267949 0.9909924 0.275489 -0.1576775 0.9482846 -0.9058239 -0.3258214 -0.270783 0.2899897 -0.4934608 0.8200015 0.6643657 -0.7126267 0.2253473 0.7191313 -0.533983 -0.4446486 1.217194e-06 -1 2.501005e-08 -0.3013627 -0.5287657 -0.7934654 0.2524526 -0.6138747 -0.7479476 -0.7258043 -0.4979884 0.4745689 -0.6634221 -0.7140141 -0.2237296 -0.2598083 -0.5822303 0.7703944 0.3083392 -0.09674149 -0.9463445 -0.4654828 -0.2838724 0.8382972 0.003923747 0.9998587 -0.0163469 0.01633677 0.9998588 -0.00392432 0.003884383 0.9999849 -0.003885144 0.007253101 0.9999474 -0.007253512 0.9963705 0.04433268 0.07266671 0.9968764 -0.05584578 -0.05584569 0.9979455 0.03426174 -0.05413746 0.9968764 -0.05584572 0.05584561 0.9745018 0.03326485 -0.2219002 0.983698 0.1436866 0.1081314 0.9735903 -0.2212071 -0.05647459 0.9684529 0.04254718 0.2455375 -0.1125077 0.9897207 -0.08828903 -0.1379192 0.9410871 0.3087609 0.1125119 0.9897213 -0.08827715 -0.4009076 0.912268 -0.08390652 -0.4648286 0.8374639 0.2873823 0.1379421 0.9410681 0.3088088 0.4017263 0.9121621 -0.08109419 -0.1150164 0.7125995 0.6920789 0.1144636 0.712999 0.6917591 -0.9963667 0.04434259 0.07271321 -0.9968764 -0.05584578 -0.05584569 -0.9968764 -0.05584572 0.05584561 -0.9979455 0.03426172 -0.05413748 -0.9744445 0.03358336 -0.2221036 -0.9734829 -0.2215461 -0.05699458 -0.9735904 -0.2212064 0.05647469 -0.9685329 0.04224177 0.2452748 -0.9836098 0.1438009 0.1087798 0.05594666 0.03317058 -0.9978826 -0.0558456 -0.05584589 -0.9968764 -0.05594658 0.03317058 -0.9978826 0.05584568 -0.05584589 -0.9968764 0.05699513 -0.2215471 -0.9734826 -0.05647512 -0.2212074 -0.9735902 -0.2215467 -0.05699526 -0.9734827 0.2221042 0.03358345 -0.9744444 -0.05647453 -0.9735906 0.2212057 -0.221545 -0.9734831 0.05699454 -0.05584438 -0.9968765 0.05584454 -0.2292356 -0.9456769 0.2305345 -0.2212055 -0.9735907 -0.05647443 -0.05584441 -0.9968765 -0.05584431 -0.4191726 -0.8048771 0.4200799 -0.4380815 -0.8703374 0.2249385 -0.4335225 -0.8992948 0.05768185 -0.05698772 -0.8992631 0.4336799 -0.223832 -0.870407 0.4385098 -0.2149977 -0.7600371 0.6132859 -0.397996 -0.7091511 0.5819826 -0.05678684 -0.7815228 0.6212869 -0.39835 -0.5820476 0.708899 -0.2153129 -0.6141683 0.7592349 -0.05704553 -0.6211392 0.7816214 -0.05768163 -0.433522 0.899295 -0.2249376 -0.4380812 0.8703378 -0.6141686 -0.7592346 0.2153132 -0.6211395 -0.7816211 0.05704452 -0.5820474 -0.7088995 0.3983495 -0.5395354 -0.6463353 0.5395853 -0.5395862 -0.5395352 0.6463347 -0.7600373 -0.6132858 0.2149972 -0.7815223 -0.6212875 0.05678706 -0.4336799 -0.8992631 -0.05698763 -0.7091509 -0.5819825 0.3979967 -0.6463354 -0.5395847 0.5395358 -0.06954975 -0.01027878 0.9975255 -0.02653014 -0.02652999 0.9992959 -0.06593115 -0.00941638 0.9977797 -0.1119102 2.668828e-07 0.9937183 -0.2997755 0.01673138 0.953863 -0.0994193 -0.001156243 0.995045 -0.4336789 -0.05698547 0.8992637 -0.2697241 -0.07308332 0.9601603 -0.09090285 0.006662407 0.9958375 -0.01448573 -0.01448556 0.9997901 -0.4140495 0.03519946 0.9095735 -0.2298246 -0.2285344 0.9460194 -0.6132852 -0.2149977 0.7600377 -0.4385092 -0.2238316 0.8704074 -0.06153051 -0.06152233 0.9962073 -0.04659509 -0.3007832 0.9525536 -0.4200795 -0.4191725 0.8048774 -0.5819819 -0.3979967 0.7091514 -0.6212866 -0.05678669 0.781523 -0.7088987 -0.3983518 0.5820468 -0.6063606 0.03885951 0.7942397 -0.7592353 -0.2153121 0.614168 -0.7816215 -0.05704424 0.6211392 -0.7679605 0.0396727 0.6392674 -0.8992952 -0.05768151 0.4335217 -0.8703379 -0.2249379 0.4380808 1.034957e-08 -0.1119078 0.9937186 -0.009900736 -0.09331056 0.9955878 0.05696915 -0.4336202 0.8992931 0.07303239 -0.2695827 0.9602038 -0.8048778 -0.4200791 0.4191723 -0.9734829 -0.0569946 0.221546 -0.9456771 -0.2305341 0.2292356 -0.889946 0.04150033 0.4541737 -0.8992953 -0.4335215 -0.05768154 -0.8992633 -0.4336796 0.05698782 -0.8704072 -0.4385093 0.2238321 -0.7816209 -0.6211398 -0.05704485 -0.621287 -0.7815227 -0.05678653 0.02181802 0.1164087 0.9929617 -0.0483359 0.1819122 0.9821261 -0.05423629 0.1105778 0.9923865 -0.0004337246 0.04062297 0.9991745 0.00293971 0.03823 0.9992646 -0.0007038482 0.0357273 0.9993613 0.04623024 0.02479803 0.998623 0.01118561 0.03609772 0.9992857 -0.004271443 0.03987153 0.9991957 -0.004395884 0.03116146 0.9995047 -0.04623954 0.02478871 0.9986228 -0.02255257 0.01532141 0.9996282 -0.01303765 0.01270343 0.9998343 -0.1908144 0.1112942 0.9752966 0.04888081 0.1818778 0.9821055 -0.1991234 0.1932351 0.9607341 -0.06953169 0.03155635 0.9970805 -0.05470103 0.2565563 0.9649801 -0.2126374 0.2596117 0.9420123 -0.394523 0.1214624 0.910823 -0.2483329 0.3354871 0.908724 -0.4412211 0.314052 0.8406517 -0.3935761 0.2529337 0.8838113 -0.3851998 0.1958695 0.9018072 -0.06615934 0.3471603 0.9354692 -0.5329485 0.3945908 0.7485078 -0.3143732 0.4547357 0.8332977 -0.5302261 0.2410064 0.8128814 -0.5427511 0.1949573 0.8169534 -0.5748934 0.1230217 0.8089272 -0.5739889 0.2891675 0.7661063 -0.6676845 0.3376491 0.6634685 -0.7248113 0.1247614 0.6775568 -0.6802013 0.1998732 0.7052496 -0.6502571 0.2500271 0.7173926 -0.7481034 0.2806703 0.6013032 -0.6729287 0.7364 -0.06987073 -0.7352529 0.632633 0.2432668 -0.4043888 0.6400217 0.6533314 -0.6502406 0.5096457 0.5634256 -0.08679604 0.4907759 0.8669518 -0.8275668 0.5585691 -0.05597935 -0.860116 0.46816 0.2025506 -0.7796851 0.4021945 0.4799279 -0.9140988 0.4024252 -0.04977402 -0.9216076 0.3482748 0.1713013 -0.8515901 0.3160789 0.4181966 -0.9628276 0.2657112 -0.04858644 -0.9578844 0.2490038 0.1430197 -0.8994818 0.2351168 0.3683104 -0.7987538 0.2163106 0.5614286 -0.9410549 0.137797 0.3089137 -0.9897864 0.1331169 -0.05101728 -0.8487206 0.1310074 0.5123577 -0.05699443 -0.9734832 -0.2215447 -0.2305342 -0.9456771 -0.2292354 -0.4200791 -0.8048775 -0.4191727 -0.2249387 -0.8703377 -0.438081 -0.4385094 -0.8704072 -0.2238321 -0.0576818 -0.899295 -0.4335221 -0.6132858 -0.7600374 -0.214997 -0.5819823 -0.7091515 -0.3979959 -0.7592348 -0.6141686 -0.2153124 -0.7088991 -0.5820473 -0.3983503 -0.8703379 -0.4380808 -0.224938 -0.2153133 -0.7592349 -0.6141682 -0.05704438 -0.7816211 -0.6211396 -0.3983496 -0.7088994 -0.5820474 -0.539585 -0.6463355 -0.5395354 -0.6463348 -0.5395356 -0.5395856 -0.2149977 -0.6132854 -0.7600375 -0.05678653 -0.6212876 -0.7815222 -0.3979963 -0.5819827 -0.7091509 -0.5395352 -0.539585 -0.6463357 -0.9735905 -0.05647492 -0.2212061 -0.9002249 0.03419829 -0.4340801 -0.9456772 -0.2292353 -0.2305338 -0.8992632 -0.05698781 -0.4336797 -0.8704074 -0.2238324 -0.4385088 -0.8048777 -0.4191723 -0.4200791 -0.760037 -0.2149972 -0.6132861 -0.7820296 0.03388724 -0.6223193 -0.7091511 -0.3979966 -0.5819824 -0.5820469 -0.3983504 -0.7088994 -0.7815222 -0.0567866 -0.6212876 -0.6141681 -0.2153125 -0.7592352 -0.6224027 0.03373213 -0.7819699 -0.6211396 -0.05704502 -0.781621 -0.4341803 0.03375891 -0.9001932 -0.4335225 -0.05768211 -0.8992947 -0.4380816 -0.2249381 -0.8703375 -0.4191725 -0.4200794 -0.8048775 -0.2219004 0.03326503 -0.9745017 -0.2292361 -0.230535 -0.9456767 0.05768196 -0.4335222 -0.8992949 -0.05698781 -0.4336801 -0.899263 -0.223832 -0.4385093 -0.8704073 0.05704559 -0.6211397 -0.7816209 -0.1061182 0.9102601 -0.4002067 -0.3861453 0.8366944 -0.388374 -0.08971247 0.7346887 -0.6724464 -0.3354641 0.6836603 -0.64813 -0.5741083 0.5831189 -0.57478 -0.6473737 0.6835654 -0.3371137 0.07531527 0.557418 -0.8268088 -0.07495438 0.5572167 -0.8269772 -0.2833024 0.5318893 -0.7980185 0.06674707 0.4011196 -0.9135907 -0.0670207 0.4009607 -0.9136404 -0.2525048 0.3962069 -0.8827579 0.06146893 0.263925 -0.9625825 -0.06213695 0.2638038 -0.9625729 -0.5003467 0.4770126 -0.7225733 -0.2411798 0.2684614 -0.9326097 -0.7983934 0.5310759 -0.2837715 -0.4576014 0.3680662 -0.8093999 -0.7226197 0.4768985 -0.5003884 -0.4486691 0.253712 -0.8569284 -0.6045792 0.3327784 -0.7237006 -0.6425252 0.4175605 -0.6424987 -0.8832256 0.3954487 -0.2520571 -0.723713 0.3328476 -0.6045262 -0.8096286 0.3681337 -0.4571424 -0.6162811 0.2386396 -0.750499 -0.05852401 0.1313073 -0.9896127 0.05800408 0.1309543 -0.9896901 -0.2342924 0.1371885 -0.9624377 -0.4456749 0.1333662 -0.8852047 -0.6232609 0.1270923 -0.7716174 -0.7709027 0.1272809 -0.6241063 -0.750341 0.2388952 -0.6163744 -0.8852636 0.1340589 -0.4453499 -0.8571522 0.2543331 -0.4478892 -0.9626084 0.1380722 -0.2330688 -0.932835 0.2687287 -0.2400076 0.05699442 -0.9734831 0.2215453 0.2212052 -0.9735907 0.05647464 0.2305342 -0.945677 0.2292358 0.05584446 -0.9968765 0.05584454 0.2215449 -0.9734832 -0.05699414 0.4335223 -0.8992949 -0.05768151 0.05768166 -0.8992948 0.4335224 0.4336798 -0.8992632 0.05698788 0.4385094 -0.870407 0.2238327 0.0558445 -0.9968765 -0.05584431 0.6211395 -0.7816212 -0.05704425 0.6132858 -0.7600372 0.2149976 0.5819827 -0.709151 0.3979963 0.621287 -0.7815227 0.05678683 0.7592348 -0.6141683 0.2153133 0.7088989 -0.5820475 0.3983504 0.7815226 -0.6212871 -0.05678684 0.8992952 -0.4335216 0.0576814 0.8703379 -0.438081 0.2249376 0.7816213 -0.6211393 0.05704507 0.2249386 -0.8703375 0.4380814 0.4200793 -0.8048774 0.4191727 0.5395856 -0.6463353 0.539535 0.6463352 -0.5395355 0.5395852 0.2153129 -0.7592348 0.6141684 0.3983499 -0.7088994 0.5820473 0.2149979 -0.6132852 0.7600376 0.05704449 -0.7816216 0.621139 0.05678741 -0.6212867 0.7815229 0.3979963 -0.5819827 0.709151 0.539536 -0.5395848 0.6463352 0.9735903 -0.05647479 0.221207 0.8898345 0.04183255 0.4543618 0.9734827 -0.2215467 0.05699464 0.9456772 -0.2292351 0.2305341 0.8992632 -0.0569872 0.4336798 0.8704075 -0.2238313 0.4385092 0.8048773 -0.4191727 0.4200796 0.7679448 0.03983025 0.6392764 0.7600373 -0.2149973 0.6132858 0.709151 -0.3979966 0.5819825 0.781523 -0.05678642 0.6212866 0.6065502 0.03870513 0.7941025 0.6141682 -0.2153126 0.7592351 0.5820473 -0.3983503 0.7088991 0.6211393 -0.05704477 0.7816213 0.4143969 0.0347953 0.9094309 0.4334621 -0.05766074 0.8993252 0.4380816 -0.2249373 0.8703377 0.4191728 -0.4200791 0.8048775 0.192126 0.1106929 0.9751075 0.3948202 0.1209495 0.9107625 0.09337594 0.06367918 0.9935924 0.2435801 0.03074721 0.9693933 0.3006583 -0.04652242 0.9525966 0.02255053 0.01532011 0.9996283 0.06518291 0.003779444 0.9978662 0.2285177 -0.2298082 0.9460274 0.2238312 -0.4385094 0.8704074 0.06153407 -0.06154175 0.9962059 0.111911 1.982351e-07 0.9937182 0.09331411 -0.009890015 0.9955876 0.0949241 0.00204443 0.9954824 0.4665993 0.8369149 0.2861093 0.401832 0.6393327 0.6555798 0.08572542 0.4905292 0.867198 0.3127731 0.4545966 0.8339754 0.7342913 0.633889 0.2429012 0.06580733 0.3469539 0.9355706 0.6491699 0.5092901 0.5649797 0.2480693 0.3360471 0.908589 0.05489855 0.2564486 0.9649975 0.5322154 0.3945301 0.7490612 0.214282 0.2584697 0.9419536 0.2009919 0.1944764 0.9600944 0.4411227 0.3141193 0.8406782 0.3923609 0.2510014 0.8849018 0.672291 0.7372891 -0.06655445 0.8277299 0.5583645 -0.05560922 0.8599092 0.4682904 0.2031264 0.7798026 0.4016652 0.4801801 0.667745 0.3375516 0.6634573 0.5739971 0.2891891 0.766092 0.383814 0.1979041 0.9019539 0.5302468 0.2410056 0.8128681 0.914153 0.4022689 -0.05004132 0.8520356 0.3157611 0.4175287 0.9215714 0.3484133 0.1712145 0.7484119 0.2807015 0.6009046 0.6502696 0.2500869 0.7173604 0.6799858 0.2001136 0.7053891 0.574311 0.1227455 0.8093828 0.7240759 0.1248963 0.6783178 0.5425808 0.1950514 0.8170441 0.8484877 0.1317035 0.5125649 0.7989926 0.2167182 0.5609314 0.9411974 0.1386468 0.3080983 0.9897118 0.1334715 -0.05153656 0.8999043 0.2353152 0.3671499 0.9579455 0.2490638 0.142505 0.9628264 0.2655928 -0.04925152 0.05647462 -0.9735907 -0.2212051 0.2292356 -0.9456771 -0.230534 0.05698789 -0.8992633 -0.4336796 0.2238324 -0.8704073 -0.4385091 0.4191728 -0.8048775 -0.4200789 0.05678684 -0.7815225 -0.6212872 0.2149974 -0.760037 -0.6132861 0.3979957 -0.7091512 -0.5819829 0.2153127 -0.6141685 -0.7592348 0.2249382 -0.4380815 -0.8703375 0.3983495 -0.5820474 -0.7088995 0.4380814 -0.8703375 -0.2249384 0.6141686 -0.7592346 -0.2153131 0.5820472 -0.7089001 -0.3983487 0.5395354 -0.6463354 -0.5395851 0.5395859 -0.5395347 -0.6463353 0.7600374 -0.6132859 -0.2149968 0.7091507 -0.5819832 -0.397996 0.6463356 -0.5395839 -0.5395363 0.2212069 -0.05647543 -0.9735903 0.4340808 0.0341984 -0.9002246 0.2305346 -0.2292359 -0.9456768 0.4200795 -0.4191727 -0.8048773 0.4336801 -0.05698781 -0.899263 0.4385087 -0.2238327 -0.8704074 0.6223189 0.03388755 -0.78203 0.6132853 -0.2149979 -0.7600375 0.5819822 -0.3979968 -0.7091511 0.7088987 -0.3983513 -0.5820472 0.6212873 -0.05678608 -0.7815225 0.7592353 -0.2153128 -0.6141678 0.78197 0.0337325 -0.6224027 0.7816211 -0.05704444 -0.6211396 0.8992951 -0.05768151 -0.4335218 0.9001935 0.03375886 -0.4341797 0.870338 -0.2249377 -0.4380808 0.8048776 -0.4200787 -0.4191729 0.9734828 -0.05699468 -0.2215463 0.9456771 -0.2305342 -0.2292353 0.8992632 -0.4336797 -0.05698736 0.8704075 -0.4385095 -0.223831 0.1068948 0.9099538 -0.4006963 0.3883718 0.8366965 -0.3861428 0.6481336 0.6836574 -0.3354631 0.09083598 0.7348156 -0.6721568 0.7980183 0.5318896 -0.2833023 0.5747803 0.5831178 -0.574109 0.8827578 0.3962072 -0.2525044 0.7225729 0.4770129 -0.500347 0.9326099 0.2684612 -0.2411791 0.3371127 0.6835625 -0.6473772 0.2837716 0.5310759 -0.7983934 0.5003887 0.476898 -0.7226199 0.8093995 0.3680662 -0.4576021 0.6424981 0.4175607 -0.6425257 0.8569288 0.2537124 -0.448668 0.7237004 0.3327796 -0.6045787 0.2520577 0.3954482 -0.8832257 0.604525 0.3328485 -0.7237136 0.4571425 0.3681335 -0.8096286 0.750498 0.2386397 -0.6162823 0.9624379 0.1371883 -0.2342917 0.8852047 0.1333656 -0.4456751 0.7716167 0.1270918 -0.6232619 0.6241063 0.1272812 -0.7709026 0.6163731 0.2388938 -0.7503426 0.4453507 0.1340588 -0.8852632 0.4478896 0.2543331 -0.857152 0.2330695 0.1380724 -0.9626082 0.240008 0.2687284 -0.932835 0.1158216 -0.1226283 0.9856712 -0.1226351 -0.1158148 0.9856711 0.06516066 0.00795529 0.9978431 0.01303765 0.01270343 0.9998343 -0.008597262 -0.02036873 0.9997556 -0.008438239 -0.0203715 0.9997569 -0.01366767 -0.05553848 0.998363 -0.01837232 0.01028928 0.9997783 -0.01817575 0.01123142 0.9997717 0.01448575 -0.01448556 0.9997901 0.009410054 -0.06593309 0.9977797 0.02652217 -0.02652199 0.9992963 0.02036892 -0.00859708 0.9997556 0.02037169 -0.008438063 0.9997569 0.001156532 -0.09942152 0.9950447 0.05550975 -0.01366854 0.9983646 0.01366892 -0.05550955 0.9983646 -3.616866e-07 -0.1119127 0.993718 0.007746504 0.01486977 0.9998594 0.005544699 0.01489767 0.9998736 0.9872418 0.05512192 0.1493827 0.8136117 0.3592033 0.4571751 0.8688833 0.06780576 0.4903511 0.9983643 -0.05512212 0.01517439 0.9983643 0.05512202 0.01517424 0.9872418 -0.05512197 0.1493826 0.9095248 -0.3757061 0.1777908 0.9298743 -0.3677636 -0.009149432 0.8842239 -0.3317213 -0.3287994 0.9095244 0.3757068 0.1777913 0.9377506 -0.0678057 -0.3406261 0.9377506 0.06780595 -0.3406262 0.8842266 0.3317158 -0.3287979 0.8136078 -0.3592132 0.4571741 0.01896546 0.9732782 -0.2288445 0.4159978 0.8784888 0.2349536 0.4431169 0.8827184 -0.1563828 -0.01896539 0.9732784 0.2288439 -0.06214315 0.6586905 0.7498434 0.9298736 0.3677653 -0.009152231 0.3089319 0.6269028 0.71523 -0.0814649 0.1646221 0.9829868 0.3234499 -0.138984 0.9359827 0.3234502 0.1389841 0.9359826 -0.06214317 -0.65869 0.7498438 0.3089284 -0.6269036 0.7152308 -0.0814649 -0.1646225 0.9829867 0.8688834 -0.06780523 0.4903511 0.4731179 0.1389843 -0.8699671 0.08146485 -0.1646234 -0.9829866 0.08146486 0.1646224 -0.9829867 0.4113931 0.6215956 -0.6666143 0.4731176 -0.1389849 -0.8699672 0.4113884 -0.621596 -0.6666169 0.06214332 -0.6586903 -0.7498435 0.4159986 -0.8784882 0.2349547 0.01896555 -0.9732781 -0.2288452 0.4431171 -0.8827184 -0.1563823 -0.01896547 -0.973278 0.2288453 0.0621433 0.6586903 -0.7498435 -0.9872418 0.05512192 0.1493827 -0.9983643 0.05512202 0.01517424 -0.9983643 -0.05512212 0.01517439 -0.9872418 -0.05512197 0.1493826 -0.8688833 0.06780576 0.4903511 -0.8136117 0.3592033 0.4571751 -0.9095244 0.3757068 0.1777913 -0.9298736 0.3677653 -0.009152231 -0.8842266 0.3317158 -0.3287979 -0.9377506 0.06780595 -0.3406262 -0.9377506 -0.0678057 -0.3406261 -0.8842239 -0.3317213 -0.3287994 -0.9298743 -0.3677636 -0.009149432 -0.9095248 -0.3757061 0.1777908 -0.8136078 -0.3592132 0.4571741 -0.01896546 0.9732782 -0.2288445 -0.4113931 0.6215956 -0.6666143 -0.4431169 0.8827184 -0.1563828 -0.4159978 0.8784888 0.2349536 0.01896539 0.9732784 0.2288439 0.06214315 0.6586905 0.7498434 -0.3234502 0.1389841 0.9359826 -0.8688834 -0.06780523 0.4903511 -0.3234499 -0.138984 0.9359827 -0.3089319 0.6269028 0.71523 0.0814649 0.1646221 0.9829868 0.06214317 -0.65869 0.7498438 0.0814649 -0.1646225 0.9829867 -0.08146486 0.1646224 -0.9829867 -0.0621433 0.6586903 -0.7498435 -0.08146485 -0.1646234 -0.9829866 -0.4731179 0.1389843 -0.8699671 -0.4113884 -0.621596 -0.6666169 -0.4731176 -0.1389849 -0.8699672 -0.3089284 -0.6269036 0.7152308 -0.4159986 -0.8784882 0.2349547 -0.01896555 -0.9732781 -0.2288452 0.01896547 -0.973278 0.2288453 -0.4431171 -0.8827184 -0.1563823 -0.06214332 -0.6586903 -0.7498435 -0.1321399 -0.9853569 0.1077532 -0.1993494 -0.9214359 -0.3334902 -0.1468165 -0.984344 0.09752864 -0.625699 -0.5123186 -0.5882435 -0.1306994 -0.9750964 -0.1791777 -0.06142796 -0.9809141 0.1844833 0.1468165 -0.984344 0.09752864 0.1993494 -0.9214359 -0.3334902 0.1321399 -0.9853569 0.1077532 0.1306994 -0.9750964 -0.1791777 0.625699 -0.5123186 -0.5882435 0.6995438 -0.4315409 -0.5695708 0.06142796 -0.9809141 0.1844833 -0.1412104 0.6180541 0.7733491 0 0.6902722 0.7235498 0 0.6243099 0.7811768 -0.2098714 0.650334 0.7300819 0.3276434 0.7787242 0.5350125 0.2098714 0.650334 0.730082 0.1412104 0.6180541 0.7733491 0 0.8289178 0.5593704 -0.6995438 -0.4315409 -0.5695708 0.05537707 -0.9556847 0.2891368 0.1007536 -0.9360279 0.3371951 0.04049975 -0.9598497 0.2775757 0.1009885 -0.9345329 0.3412472 5.247138e-10 -0.927296 0.3743288 -0.1317317 -0.9848166 0.1130621 0.1044997 -0.9566515 0.2718414 -0.07436195 -0.991522 0.1065568 1.87787e-09 -0.9475641 0.3195656 -0.6101352 -0.7894197 0.06746528 0.06779416 -0.9691302 0.2370455 -0.03517088 -0.984915 0.169427 0.1342708 -0.9848476 0.1097568 -0.1044996 -0.9566515 0.2718414 -0.169528 -0.9811215 0.09306404 0.1740539 -0.9797234 0.09923356 0.6220163 -0.7796103 0.07282563 0.07436197 -0.991522 0.1065568 9.185387e-09 -0.7289078 0.6846119 -0.06779411 -0.9691302 0.2370455 0.6082705 -0.7911231 0.0642742 0.5955543 -0.7903052 0.1439891 0.03517088 -0.984915 0.169427 -0.01867842 -0.7286637 0.6846169 0.4922598 -0.7804973 0.3853625 0.2161773 -0.753851 0.6204644 -0.2161773 -0.753851 0.6204644 -0.4922598 -0.7804973 0.3853625 -0.5955543 -0.7903052 0.1439891 -0.05557925 -0.980258 0.1897505 7.156072e-15 -0.9256186 0.3784577 0.4862529 0.8738089 -0.004001826 0.4980764 0.8573509 0.1298821 0.4754414 0.879608 -0.01565758 0.4942751 0.8492892 0.1854721 0.499983 0.8458539 0.1858711 0.43794 0.8201735 0.3681357 0.3705312 0.7941749 0.4816565 0.2448954 0.7472209 0.6178083 0.1430052 0.7067777 0.692831 2.364048e-10 0.7027524 0.7114345 0.1363764 0.9814785 0.1345416 5.602716e-09 0.9987546 0.0498929 9.201088e-09 0.7409354 0.6715763 0.1939232 0.7121613 0.6747 -2.439773e-09 0.9983889 -0.0567408 0.3405154 0.9402326 0.003467722 0.3780702 0.9250435 -0.03684428 0.7561102 0.6536539 0.03215323 0.7859034 0.6139385 0.0737255 -0.1363763 0.9814785 0.1345415 0.2993648 0.9371877 0.1790531 0.3706524 0.9257762 0.07453304 0.4614074 0.6754046 0.5752668 -0.9709264 0.2348516 0.04633127 -0.9688767 0.203924 0.1403315 -0.9866684 0.1530223 0.05540479 -0.9755927 0.1802126 0.1254682 -0.9474757 0.3098438 0.07928856 -0.9253301 0.3617031 0.1137321 -0.8137897 0.3509719 0.4632117 -0.9699282 0.1439599 0.1962518 -0.7859035 0.6139383 0.07372523 -0.7242896 0.6469668 0.2384083 -0.7136912 0.6213809 0.323312 -0.7561102 0.6536539 0.03215323 -0.343431 0.8898891 0.3002542 -0.3405153 0.9402326 0.003467972 -0.3780702 0.9250435 -0.03684429 -0.3276434 0.7787246 0.535012 -0.7039032 0.5299667 0.4729224 0 0.9495914 0.3134902 -0.465081 0.5469111 0.6961235 0.7039022 0.5299666 0.472924 0.92533 0.3617034 0.1137323 0.9688768 0.2039237 0.1403316 0.7136897 0.621382 0.3233131 0.3434306 0.8898894 0.3002537 0.7242889 0.6469682 0.2384067 0.465081 0.5469111 0.6961235 0.9474757 0.3098438 0.07928856 0.9709265 0.2348514 0.04633186 0.8137897 0.350972 0.4632117 0.9866684 0.1530221 0.05540483 0.9699283 0.1439598 0.1962514 0.934416 -0.3550882 0.02791069 0.9342419 -0.355779 0.02476488 0.921437 -0.359329 0.1477715 0.9874219 -0.1577554 0.01054757 0.9869915 -0.1604755 0.009769159 0.9757226 -0.1630158 0.1462575 -0.934416 -0.3550882 0.02791069 -0.6260268 -0.7770294 0.0656946 -0.9342419 -0.355779 0.02476488 -0.9874219 -0.1577554 0.01054757 -0.921437 -0.359329 0.1477715 -0.9869915 -0.1604755 0.009769159 -0.9757226 -0.1630158 0.1462575 0.01867842 -0.7286637 0.6846169 -0.4197409 -0.3476913 0.8384082 -0.07538248 -0.328191 0.9415987 -0.7867054 -0.36248 0.4997028 -0.8333355 -0.1637835 0.527946 -0.4430208 -0.1605101 0.8820256 -8.247769e-09 -0.32091 0.9471097 -0.09320823 -0.1548886 0.9835252 -6.876458e-10 -0.1531364 0.9882051 -0.2993647 0.9371877 0.1790531 -0.1939231 0.7121613 0.6747 -0.3706524 0.9257762 0.07453304 -8.162969e-09 0.4539391 0.8910327 -0.4614073 0.6754046 0.5752668 -0.6886315 0.6551019 0.3108505 -0.1852283 0.4467689 0.8752646 -0.8377542 0.359726 0.4108104 -0.5246272 0.4203398 0.7403248 -2.112331e-09 0.4104184 0.9118973 -0.1897867 0.4049015 0.8944472 -0.8435163 0.2775536 0.4598306 -0.5276561 0.368072 0.765573 0.1852284 0.4467689 0.8752646 0.5246272 0.4203398 0.7403248 0.6886315 0.6551019 0.3108505 0.8377542 0.359726 0.4108104 0.1897867 0.4049015 0.8944472 0.8435163 0.2775536 0.4598306 0.5276561 0.368072 0.765573 0.4197409 -0.3476913 0.8384082 0.7867054 -0.36248 0.4997028 0.07538247 -0.328191 0.9415987 0.4430207 -0.1605101 0.8820256 0.09320821 -0.1548886 0.9835252 0.9755927 0.1802126 0.1254682 0.8333355 -0.1637835 0.527946 -0.04049976 -0.9598497 0.2775757 -0.1007536 -0.9360279 0.3371951 -0.05537707 -0.9556847 0.2891368 0.05557925 -0.980258 0.1897505 -0.1009885 -0.9345328 0.3412472 -0.3705312 0.7941749 0.4816564 -0.4942751 0.8492892 0.1854721 -0.43794 0.8201736 0.3681357 -0.2448955 0.747221 0.6178082 -0.4980764 0.8573509 0.1298821 -0.4862529 0.8738089 -0.004001826 -0.1430052 0.7067778 0.692831 -5.26335e-15 0.7050335 0.709174 -0.4754414 0.879608 -0.01565758 -0.499983 0.8458539 0.1858711 -0.8521047 0.5119229 0.1088694 -0.6343259 0.7587447 0.148112 -0.9163596 0.3996555 -0.02367487 0.6343259 0.7587447 0.148112 0.8521047 0.5119229 0.1088694 0.9163596 0.3996555 -0.02367487 -0.6951926 0.1827963 0.6951926 -0.9983462 0.05748769 -1.885094e-08 -0.7058538 0.05950434 0.7058538 1.041058e-08 0.05748786 0.9983462 1.314325e-08 0.1934364 0.9811128 -0.9811129 0.1934362 -3.690612e-08 -0.6951926 0.1827961 -0.6951926 -0.7058538 0.05950413 -0.7058538 -0.5780642 0.5759199 0.578064 -0.7105064 0.7036907 -1.367336e-07 -0.5780642 0.5759196 -0.5780644 -5.160479e-08 0.7036909 0.7105062 -1.060581e-08 1 -1.705259e-07 2.368337e-08 0.193436 -0.9811129 1.888728e-08 0.7036906 -0.7105066 6.505179e-09 0.05748765 -0.9983462 0.6951926 0.1827961 -0.6951927 0.7058538 0.05950418 -0.7058538 0.5780642 0.5759196 -0.5780643 0.9811129 0.1934362 -8.175036e-08 0.7105064 0.7036907 -1.076072e-07 0.9983462 0.0574877 -4.578146e-08 0.6951927 0.1827963 0.6951925 0.7058538 0.05950436 0.7058538 0.5780642 0.5759199 0.5780641 -0.9991766 0.03865282 -0.01233311 -0.7493195 0.3367047 0.5702194 -0.989895 0.1350921 -0.04310469 -0.7494678 -0.05538968 -0.6597196 -0.7577306 -0.1547783 -0.6339464 -0.7573939 0.2417187 0.6065695 -6.008706e-09 0.3504363 0.9365866 -1.584025e-08 0.4630071 0.8863545 -0.6568127 0.6539346 0.3754552 -0.7764805 0.6003225 -0.1915487 -0.6568132 0.3156265 -0.6848185 3.15959e-08 0.8736816 0.4864982 -2.131442e-08 0.9526792 -0.3039775 2.400903e-07 -0.1352658 -0.9908094 -2.756737e-08 0.430449 -0.9026149 6.68322e-09 -0.2580283 -0.9661373 0.7577306 -0.1547782 -0.6339464 0.6568132 0.3156264 -0.6848185 0.7494681 -0.05538976 -0.6597193 0.989895 0.1350921 -0.0431048 0.7764805 0.6003225 -0.1915487 0.9991766 0.03865284 -0.01233318 0.7493195 0.3367048 0.5702194 0.7573938 0.2417187 0.6065696 0.6568127 0.6539346 0.3754552 -0.9983462 0.03328962 -0.04686808 -0.6952776 0.6726177 0.2533267 -0.9811129 0.1120127 -0.1577045 -0.6899949 -0.45896 -0.5596988 -0.7060446 0.6096098 0.3603842 -0.5679297 0.8079973 -0.1568321 -0.7042624 0.4192466 -0.5729282 -0.5696391 -0.1568818 -0.8067833 3.822914e-08 0.9120215 0.4101423 1.9354e-08 0.9837195 -0.1797107 -1.828033e-07 0.5920653 -0.80589 -0.7058542 -0.5410121 -0.457248 1.526375e-07 -0.7806431 -0.624977 -4.640019e-07 -0.1865954 -0.9824369 2.883416e-07 -0.6777016 -0.7353371 0.689995 -0.4589603 -0.5596985 0.9983462 0.03328964 -0.04686812 0.7058542 -0.5410119 -0.4572482 0.5696387 -0.1568824 -0.8067835 0.9811129 0.1120126 -0.1577045 0.6952777 0.6726177 0.2533266 0.7042625 0.4192471 -0.5729278 0.5679297 0.8079973 -0.156832 0.7060446 0.6096098 0.3603842 7.965933e-10 0.8468981 0.5317552 -0.6923801 0.7214853 0.008290379 -0.9974599 0.0208994 -0.0680955 -0.705379 0.6955188 0.1367265 -0.9766454 0.06304071 -0.2054012 -0.6922949 -0.6020894 -0.3977639 -0.7051857 -0.6525357 -0.2773272 1.601903e-08 0.9967266 0.08084558 -0.6928732 0.2115607 -0.6893249 -0.565188 -0.3639974 -0.7403165 -0.5651888 0.7166294 -0.4086611 2.076273e-09 0.8739397 -0.4860343 -1.048423e-07 0.2934022 -0.9559891 2.043096e-08 -0.9326612 -0.3607535 1.13924e-07 -0.8706222 -0.4919522 6.037485e-07 -0.4508187 -0.8926155 0.6922948 -0.6020893 -0.3977642 0.5651881 -0.3639979 -0.7403161 0.9974599 0.02089937 -0.06809553 0.7051857 -0.6525356 -0.2773272 0.9766454 0.06304056 -0.2054012 0.6923802 0.7214853 0.008290146 0.6928727 0.2115601 -0.6893256 0.5651887 0.7166295 -0.408661 0.705379 0.6955188 0.1367265 4.529542e-09 0.9743256 0.2251434 -0.9773335 0.1850043 0.1029203 -0.5795563 0.709132 0.4015549 -0.71847 0.4992814 0.4842717 -0.9964858 0.01305576 -0.08273827 -0.9999216 -0.0111546 -0.005693196 -0.9989106 0.0456852 0.00951054 -0.9742028 -0.1619544 -0.1571615 -0.9589299 -0.2792249 -0.04986831 -0.9501515 -0.3115292 -0.0127189 -0.9330643 -0.3595028 0.01219929 -0.999985 -0.002993403 0.004594579 -0.9397093 0.3172269 0.1277247 -0.9153187 0.04052754 -0.400686 -0.9770219 0.1807597 0.1129339 -4.551947e-09 0.7266624 0.6869948 -0.9896628 -0.005342566 -0.1433146 -0.5265652 0.5461112 0.6515302 -0.6043441 -0.5489255 -0.5774504 -0.8992543 0.3139091 -0.3046356 -0.9480158 0.3157416 0.03966537 -0.9669312 0.03280281 -0.2529191 2.059189e-09 -0.733528 -0.6796592 -0.6578518 0.7504293 0.06392919 5.518901e-09 0.9805078 0.1964804 -2.898713e-09 0.9762402 0.2166913 -0.7166931 0.1735223 -0.6754562 0.8992543 0.3139091 -0.3046356 0.6578518 0.7504293 0.06392922 -0.5692954 0.7837595 -0.2482412 0.5692953 0.7837599 -0.2482406 0.7166921 0.173522 -0.6754573 0.9669312 0.03280283 -0.2529191 0.9480158 0.3157416 0.03966536 0.9770219 0.1807598 0.1129339 1.603247e-08 0.9471603 -0.3207607 -3.819187e-07 0.2647749 -0.9643102 0.9397093 0.3172268 0.1277245 0.9999216 -0.01115453 -0.005693258 0.9773335 0.1850043 0.1029203 0.5086621 0.7823458 0.3594409 0.9194907 0.3746547 0.1190404 0.999985 -0.002993465 0.004594552 0.9330643 -0.3595027 0.01219929 0.9501515 -0.3115291 -0.0127189 0.9964858 0.01305576 -0.08273823 0.9989106 0.04568515 0.009510624 0.5795564 0.7091319 0.4015548 1 -1.282193e-07 -1.94763e-08 0.9188951 -0.3945001 -0.001246101 -1.545895e-08 0.8461131 0.5330034 0.71847 0.4992813 0.4842717 -6.688352e-09 0.8774421 0.4796825 -2.94842e-08 -0.9918179 0.1276611 -0.5381826 -0.838846 0.08183418 -0.5843545 -0.8114227 0.01109097 -1.105387e-08 -0.9994926 0.03185093 0.5843546 -0.8114227 0.01109094 0.5381827 -0.838846 0.08183422 -0.6036604 -0.7910434 -0.09921886 0.6036604 -0.7910434 -0.09921882 2.125201e-08 -0.9929174 -0.1188071 0.9589299 -0.2792249 -0.0498682 -1.121994e-08 -0.9895294 0.1443311 0.4955405 -0.8649211 0.07969382 -0.4955405 -0.8649211 0.07969379 -0.5086622 0.7823458 0.359441 -0.9194907 0.3746547 0.1190405 -0.5970767 -0.6631422 -0.4513776 -0.6136137 -0.7548297 -0.2317551 -0.6621122 0.6892861 -0.2940952 -0.954523 0.03404025 -0.2961875 -0.4383803 -0.4168354 -0.7962857 1.932839e-09 -0.8614837 -0.5077853 -1.286803e-10 -0.9607105 -0.2775526 -0.4726703 0.7091591 -0.5231407 -0.6072566 0.1499054 -0.7802357 9.703891e-09 0.9468741 -0.3216045 1.020776e-08 0.9732242 -0.229858 6.07064e-09 0.8201984 -0.5720792 5.883019e-09 0.1810963 -0.9834654 1.084214e-08 -0.4720563 -0.8815684 -0.4862762 -0.4318311 -0.7596429 0.4862759 -0.4318319 -0.7596427 1.429617e-08 -0.4865144 -0.8736726 -1.498443e-08 -0.7424061 -0.6699501 0.9896628 -0.00534272 -0.1433147 0.604344 -0.5489256 -0.5774504 0.9153187 0.04052749 -0.400686 0.4383804 -0.4168354 -0.7962857 0.4726704 0.709159 -0.5231407 0.6072564 0.1499054 -0.7802359 0.954523 0.03404046 -0.2961875 0.6621122 0.6892862 -0.2940952 0.9742027 -0.1619548 -0.1571614 0.5970766 -0.6631423 -0.4513777 0.6136135 -0.7548298 -0.231755 -0.9188951 -0.3945001 -0.001246101 -1 1.466003e-09 2.226836e-10 0.6204013 -0.02856764 -0.7837641 0.702466 0.7098692 -0.05125726 3.187915e-09 -0.1123523 -0.9936684 2.739738e-09 -0.2082822 -0.9780688 -0.6204012 -0.02856762 -0.7837641 0.526654 0.3261302 -0.7850316 -0.526654 0.3261302 -0.7850316 -0.702466 0.7098692 -0.05125727 -1.431199e-08 0.3937345 -0.9192242 -2.174465e-09 0.9973552 -0.07268168 0.5265653 0.5461112 0.6515302 0.3775806 0.7312264 0.5681028 -0.3775805 0.7312264 0.5681028 -6.896289e-09 0.7966937 0.6043833 -1.193535e-09 0.6532721 0.7571232 -0.1069203 -0.8807817 0.4612935 0.01806914 -0.9402025 0.3401365 -0.08051757 -0.6840335 0.7249932 -0.1716634 -0.9737717 0.149333 -0.02984158 -0.9861703 0.1630267 -0.3007915 -0.7989802 0.5207255 -0.3383397 -0.9290565 0.1496002 -0.1147077 -0.993398 -0.001575143 0.103677 -0.9945254 0.01305032 -0.4939158 -0.869026 0.02900082 -0.318158 -0.9480312 0.003515007 -0.2352394 -0.566781 0.7895706 0.06645718 -0.4704684 0.8799107 -0.06880838 -0.481266 0.8738698 -0.4708902 -0.8074428 0.355385 -0.06126251 -0.347598 0.9356402 -0.344102 -0.5334869 0.7726484 -0.4714805 -0.4648098 0.7494384 -0.5964718 -0.7307351 0.3320356 -0.2522397 -0.3063582 0.9178888 -0.4865412 -0.3067223 0.8180459 -0.1534382 -0.3153954 0.9364734 -0.7206455 -0.5990155 0.3490709 -0.6400134 -0.7671893 0.04246587 -0.7752856 -0.630861 0.03076901 -0.1613226 -0.05271646 0.9854928 -0.2903658 -0.0685954 0.954454 -0.2618989 -0.1799226 0.9481755 -0.13178 -0.160783 0.9781528 -0.3107826 0.08165375 0.9469672 -0.04346329 -0.196362 0.9795677 -0.8817493 -0.4421727 0.164321 -0.904035 -0.4274232 0.005487018 -0.8201799 -0.1938673 0.5382568 -0.9718899 -0.1767443 0.1555361 -0.729786 -0.3891363 0.5621257 -0.6202719 -0.09238892 0.7789269 -0.9260604 -0.005586406 0.3773341 -0.9911106 -0.1319054 0.01734297 -0.4105485 -0.08075316 0.908256 -0.6367029 0.1226456 0.7612933 -0.05011962 0.1954928 0.9794236 -0.1391748 0.1628794 0.9767808 -0.05188357 0.05708851 0.9970201 -0.1789092 0.3119897 0.9330884 0.0482299 0.05982225 0.9970432 0.04764996 0.2005071 0.9785328 -0.06849748 0.3402458 0.9378384 -0.1761329 0.05842522 0.982631 -0.2745369 0.1858128 0.9434527 -0.3674271 0.3278414 0.8703547 -0.5054367 0.2863286 0.8139715 -0.04660513 -0.05624496 0.9973287 -0.353206 0.9245512 0.1430054 -0.1618754 0.8614791 0.4813005 -0.1426975 0.9805778 0.1345536 -0.325985 0.7905843 0.5183727 -0.5128037 0.8581009 0.02636808 -0.4837493 0.8103395 0.3306607 -0.08216845 0.6836202 0.7251977 -0.0177985 0.941478 0.3366043 -0.3373158 0.9413843 0.003699287 -0.4131879 0.5742213 0.7067854 -0.2436543 0.5725984 0.7827923 0.07429009 0.4860387 0.870774 0.08699041 0.7073989 0.701441 0.03671815 0.9495457 0.311472 -0.07655841 0.4725469 0.8779739 -0.6072465 0.7308586 0.3116047 -0.2990639 0.4065048 0.8633161 0.06520536 0.3500197 0.9344702 -0.8488338 0.165297 0.5021535 -0.9527244 0.255822 0.1639247 -0.9802623 0.0712701 0.1844082 -0.7657589 0.3860006 0.5144092 -0.8845692 0.4332084 0.1728229 -0.9003478 0.4351561 0.003606557 -0.9834782 0.1810057 -0.002768345 -0.4323655 0.09533107 0.8966449 -0.6218549 0.5115947 0.5929312 -0.7672204 0.6184647 0.1699245 0.3260155 -0.8762272 0.35488 0.3247793 -0.9454716 0.02453284 0.4489327 -0.8318672 0.3262766 0.1583149 -0.8489202 0.5042528 0.1557381 -0.979846 0.1250895 0.2497315 -0.5731487 0.7804709 0.08589236 -0.6817434 0.7265317 0.3839263 -0.551876 0.7402929 0.4841413 -0.8740508 0.04052676 0.2541127 -0.3052573 0.9177389 0.1545798 -0.3057277 0.9394869 0.6051206 -0.7220198 0.3354347 0.7756386 -0.6304018 0.03127768 0.7140556 -0.598534 0.3631551 0.6393561 -0.7677189 0.04279577 0.4586664 -0.4194021 0.7834073 0.04714606 -0.2970839 0.9536867 0.2596389 -0.184167 0.9479822 0.84623 -0.1309958 0.5164638 0.9802411 -0.01868904 0.1969214 0.92807 0.05349303 0.3685439 0.8810248 -0.4417503 0.1692692 0.9583689 -0.2276564 0.1723417 0.7328163 -0.3850908 0.5609682 0.9045167 -0.4264139 0.004550062 0.6261394 -0.09383691 0.7740439 0.4988024 -0.2922438 0.8159594 0.4185739 -0.0770516 0.9049083 0.6340872 0.1201075 0.7638767 0.4250392 0.1005506 0.8995728 0.2979157 -0.06946375 0.9520615 0.04461529 -0.0553286 0.9974709 0.08006921 -0.160588 0.9837685 0.1671918 -0.0558353 0.9843421 0.3034911 0.08194522 0.949304 0.1694094 0.05931847 0.983759 0.1548644 0.9357417 0.3168665 0.2501588 0.5684653 0.7837523 0.3234411 0.789754 0.521224 0.343656 0.9303363 0.1279645 -0.1127799 0.9934997 0.01546308 0.1325348 0.9910687 0.01474401 0.4961012 0.7985264 0.3409388 0.3619559 0.5376004 0.7615601 0.1644434 0.3196909 0.9331431 0.4291061 0.9031826 0.01136799 0.2674826 0.3128895 0.9113469 0.6202048 0.7146681 0.3234122 0.4893502 0.4709368 0.7339993 0.5032895 0.3175153 0.8036689 0.7808029 0.6241869 0.02715952 0.6401246 0.7674958 0.03450472 0.7343228 0.5885263 0.3382407 0.2773817 0.1885886 0.9420689 0.1407196 0.1648231 0.9762332 0.879274 0.4506965 0.1541101 0.8262199 0.221475 0.517986 0.9677169 0.2055711 0.1458234 0.7373978 0.3995612 0.5446057 0.9848177 0.1727869 0.0166975 0.899244 0.4374291 0.003988756 0.990029 -0.1408274 -0.00319921 -0.6467972 0.7621904 0.02681871 -0.7870281 0.616865 0.008026749 0.1069194 -0.8807816 0.4612939 0.3383393 -0.9290566 0.1496004 0.3007908 -0.7989805 0.5207256 0.02984159 -0.9861702 0.1630267 0.1716631 -0.9737717 0.1493337 0.1147068 -0.9933981 -0.001575366 -0.1036769 -0.9945254 0.01305029 -0.01806909 -0.9402025 0.3401365 0.3181573 -0.9480314 0.00351484 0.4939158 -0.869026 0.02900082 0.4708902 -0.8074428 0.355385 0.08051682 -0.6840336 0.7249931 -0.06645724 -0.4704684 0.8799107 -0.08589212 -0.6817434 0.7265318 0.235239 -0.5667813 0.7895705 0.06880821 -0.4812662 0.8738697 0.344102 -0.5334869 0.7726484 0.06126224 -0.347598 0.9356402 0.5964718 -0.7307351 0.3320356 0.4865412 -0.3067223 0.8180459 0.2522397 -0.3063582 0.9178888 0.4714805 -0.4648098 0.7494384 0.7752856 -0.630861 0.03076901 0.7206455 -0.5990155 0.3490709 0.6400134 -0.7671893 0.04246587 0.1613225 -0.05271643 0.9854928 0.3107826 0.08165375 0.9469672 0.1761327 0.05842519 0.982631 0.1317798 -0.160783 0.9781528 0.2618989 -0.1799226 0.9481755 0.2903658 -0.0685954 0.954454 0.04660496 -0.05624495 0.9973287 0.04346309 -0.196362 0.9795677 0.153438 -0.3153954 0.9364734 -0.04714613 -0.2970839 0.9536867 0.8817493 -0.4421727 0.164321 0.8201799 -0.1938673 0.5382568 0.729786 -0.3891363 0.5621257 0.9718899 -0.1767443 0.1555361 0.9260604 -0.005586406 0.3773341 0.9911106 -0.1319054 0.01734297 0.904035 -0.4274232 0.005487018 0.6202719 -0.09238892 0.7789269 0.4105485 -0.08075316 0.908256 0.6367029 0.1226456 0.7612933 0.4323655 0.09533107 0.8966449 0.05011946 0.1954929 0.9794236 0.05188337 0.0570885 0.9970201 0.1391746 0.1628795 0.9767808 0.1789087 0.3119898 0.9330885 0.06849715 0.3402458 0.9378384 -0.04822996 0.05982226 0.9970432 -0.04764993 0.2005071 0.9785328 0.2745368 0.1858129 0.9434527 0.3674269 0.3278414 0.8703548 0.5054367 0.2863286 0.8139715 0.3532049 0.9245516 0.1430054 0.1426969 0.9805779 0.1345533 0.1618751 0.8614792 0.4813003 0.5128033 0.8581011 0.02636808 0.3373149 0.9413846 0.003699321 0.325984 0.7905849 0.5183724 0.1127794 0.9934997 0.01546313 0.01779853 0.941478 0.3366043 0.08216824 0.6836202 0.7251978 0.4837488 0.8103398 0.3306607 0.2436538 0.5725985 0.7827923 0.4131879 0.5742213 0.7067854 -0.07429006 0.4860387 0.870774 0.07655752 0.472547 0.877974 -0.08699048 0.7073989 0.701441 0.6072465 0.7308586 0.3116047 0.2990636 0.4065046 0.8633162 -0.06520532 0.3500197 0.9344702 0.8488338 0.165297 0.5021535 0.9802623 0.0712701 0.1844082 0.9527244 0.255822 0.1639247 0.8845692 0.4332084 0.1728229 0.7657589 0.3860006 0.5144092 0.9834782 0.1810057 -0.002768345 0.7672204 0.6184647 0.1699245 0.6218549 0.5115947 0.5929312 0.9003478 0.4351561 0.003606557 0.7870281 0.616865 0.008026749 -0.3260157 -0.8762271 0.35488 -0.3247792 -0.9454716 0.02453278 -0.155738 -0.9798461 0.1250894 -0.1583149 -0.8489202 0.5042529 -0.2497315 -0.5731485 0.780471 -0.4489332 -0.831867 0.3262765 -0.4841414 -0.8740507 0.04052685 -0.3839266 -0.5518757 0.7402929 -0.1545797 -0.3057276 0.939487 -0.2541129 -0.3052571 0.9177389 -0.6051209 -0.7220196 0.3354346 -0.6393568 -0.7677183 0.04279602 -0.7756391 -0.6304012 0.03127773 -0.4586666 -0.4194019 0.7834073 -0.714056 -0.5985337 0.3631549 -0.2596388 -0.184167 0.9479822 -0.8462297 -0.1309959 0.5164643 -0.980241 -0.01868902 0.1969219 -0.9583686 -0.2276569 0.1723423 -0.8810247 -0.4417503 0.1692693 -0.7328166 -0.3850904 0.5609681 -0.92807 0.05349264 0.3685438 -0.9848177 0.1727869 0.01669764 -0.990029 -0.1408274 -0.003199651 -0.9045167 -0.426414 0.004549894 -0.62614 -0.09383688 0.7740435 -0.4988028 -0.2922437 0.8159592 -0.6340878 0.1201079 0.7638761 -0.4185746 -0.07705174 0.9049079 -0.4250398 0.1005506 0.8995725 -0.2979157 -0.06946393 0.9520615 -0.04461526 -0.05532861 0.9974709 -0.1694093 0.05931845 0.983759 -0.1671918 -0.0558354 0.9843421 -0.08006919 -0.160588 0.9837685 -0.3034913 0.08194522 0.949304 -0.0367182 0.9495457 0.311472 -0.1548643 0.9357418 0.3168665 -0.3234411 0.7897539 0.5212242 -0.2501587 0.5684653 0.7837524 -0.1325348 0.9910687 0.01474402 -0.3436559 0.9303364 0.1279645 -0.4961012 0.7985264 0.3409388 -0.3619558 0.5376003 0.7615602 -0.1644434 0.3196909 0.9331431 -0.4291061 0.9031826 0.01136799 -0.6401253 0.7674953 0.03450471 -0.6202047 0.7146683 0.3234121 -0.48935 0.4709364 0.7339996 -0.2674826 0.3128894 0.9113469 -0.5032904 0.3175147 0.8036685 -0.7808034 0.6241862 0.02715933 -0.7343237 0.5885252 0.3382408 -0.1407195 0.1648231 0.9762332 -0.2773817 0.1885888 0.9420688 -0.8792746 0.4506954 0.1541098 -0.8262195 0.2214752 0.5179865 -0.7373994 0.3995597 0.5446045 -0.899244 0.4374291 0.003988756 -0.967717 0.2055705 0.1458235 0.6467972 0.7621904 0.02681871</float_array>
          <technique_common>
            <accessor count="2825" source="#normals-array-array" stride="3">
              <param type="float" name="X" />
              <param type="float" name="Y" />
              <param type="float" name="Z" />
            </accessor>
          </technique_common>
        </source>
        <source id="texcoords-array">
          <float_array count="5650" id="texcoords-array-array">0.2671361 0.6942334 0.2926452 0.6990545 0.2670164 0.6990545 0.2712763 0.5256929 0.2932705 0.6942334 0.3175693 0.6618519 0.2642002 0.6942334 0.2683404 0.5256929 0.3544476 0.5256929 0.3585877 0.6942334 0.3615236 0.6942334 0.2713934 0.5208719 0.3543305 0.5208719 0.3329046 0.6990545 0.3319811 0.6942334 0.373642 0.6942334 0.3695019 0.5256929 0.373642 0.6942334 0.3734725 0.6990545 0.3734725 0.6990545 0.3690955 0.5208719 0.3690955 0.5208718 0.3695019 0.5256929 0.3733517 0.6942334 0.3733517 0.6942334 0.2520818 0.6942334 0.2522513 0.6990545 0.2520818 0.6942334 0.256222 0.5256929 0.256222 0.5256929 0.2523722 0.6942334 0.2523722 0.6942334 0.2566284 0.5208718 0.2566284 0.5208719 0.3585877 0.6942334 0.2712763 0.5256929 0.2671361 0.6942334 0.2642002 0.6942334 0.3543305 0.5208718 0.2713934 0.5208718 0.3544476 0.5256929 0.3587075 0.6990545 0.3615236 0.6942334 0.2718607 0.5014556 0.2689238 0.5014556 0.2718711 0.5009808 0.2660666 0.5028619 0.2689238 0.5014556 0.2718711 0.5009808 0.2688215 0.5020139 0.2660667 0.5028619 0.2718277 0.5028619 0.2687815 0.5035175 0.2659496 0.5050239 0.2659096 0.5035241 0.3538631 0.5014556 0.3538962 0.5028619 0.2717732 0.5051455 0.2687544 0.5057579 0.2660776 0.5070415 0.2687022 0.5085564 0.3539506 0.5051455 0.2661209 0.5094473 0.2716994 0.5082188 0.2685876 0.5119233 0.3540244 0.5082188 0.2634095 0.5051455 0.2633707 0.5057818 0.2634095 0.5051455 0.2636278 0.5070508 0.264 0.5086096 0.2641724 0.5105241 0.2617747 0.5094525 0.2612525 0.5085775 0.2610544 0.5082188 0.2624051 0.510524 0.2629326 0.5114254 0.2638927 0.5130666 0.2594665 0.511947 0.2590919 0.5119635 0.2610544 0.5082188 0.2590919 0.5119637 0.261377 0.6942334 0.2655171 0.5256929 0.2683334 0.5207241 0.2715058 0.516236 0.2654873 0.5207165 0.2587748 0.6942334 0.2629149 0.5256929 0.2630246 0.5207599 0.268447 0.5160024 0.2634048 0.5164155 0.2656685 0.5161262 0.2564937 0.6942334 0.2606338 0.5256929 0.2609715 0.5207846 0.2616063 0.5165815 0.2592696 0.5207297 0.3541148 0.5119637 0.3542181 0.516236 0.2716091 0.5119637 0.2659408 0.5123945 0.2623353 0.5134251 0.2601475 0.5164024 0.2611776 0.5130666 0.2565123 0.5256929 0.2569747 0.5206622 0.2532296 0.6942334 0.2575974 0.516236 0.2575974 0.516236 0.2580039 0.5159885 0.2573698 0.5256929 0.2602381 0.5123985 0.2578954 0.5206608 0.2546213 0.6942334 0.2587615 0.5256929 0.2589195 0.5161035 0.2917077 0.7036904 0.266901 0.7036904 0.2639853 0.6992642 0.2638644 0.7039379 0.2905516 0.7079628 0.2667944 0.7079628 0.26379 0.7079794 0.2611554 0.7075279 0.2610717 0.7038229 0.2611097 0.6992655 0.2893018 0.7117076 0.2667007 0.7117076 0.2637207 0.7113489 0.2611828 0.7104739 0.2881055 0.7147809 0.2666236 0.7147809 0.2588062 0.703524 0.2586269 0.6991966 0.2591323 0.7068598 0.259287 0.7094023 0.2570154 0.7033448 0.2565773 0.6991418 0.2575924 0.7065013 0.2580914 0.7085009 0.2590206 0.7113168 0.2548718 0.6991665 0.2555455 0.7035108 0.2564172 0.7068598 0.2575198 0.7094023 0.2645343 0.7182845 0.2608048 0.7170645 0.2606716 0.7164088 0.2635181 0.7164023 0.2665658 0.7170645 0.2608048 0.7170645 0.2582661 0.7141684 0.2582598 0.7147809 0.2582599 0.7147809 0.258574 0.7128849 0.2607802 0.7149026 0.2560558 0.7117076 0.2560558 0.7117076 0.2562838 0.71137 0.2568397 0.710479 0.2546649 0.7080031 0.2542772 0.7079628 0.2542772 0.7079628 0.2610134 0.7128756 0.263617 0.7141445 0.286215 0.7184708 0.2554504 0.7075319 0.2870838 0.7170645 0.2522513 0.6990545 0.2529927 0.7036904 0.2525889 0.6992022 0.2535055 0.6992098 0.2529927 0.7036904 0.2533913 0.7039239 0.2543088 0.7038001 0.2718607 0.5014556 0.3538962 0.5028619 0.3538631 0.5014556 0.2687837 0.5020139 0.2659012 0.5035175 0.2659358 0.5050238 0.2687474 0.5035239 0.2718277 0.5028619 0.2633857 0.5057579 0.2636305 0.5070415 0.2612658 0.5085564 0.261778 0.5094473 0.2594816 0.5119232 0.3539507 0.5051455 0.2687354 0.5057818 0.2717732 0.5051455 0.2660694 0.5070508 0.264 0.5086096 0.2624051 0.510524 0.2661208 0.5094525 0.2687017 0.5085775 0.2716994 0.5082188 0.3540244 0.5082188 0.2641724 0.510524 0.2629326 0.5114253 0.2611776 0.5130666 0.2686054 0.511947 0.2716091 0.5119635 0.3541148 0.5119635 0.2565123 0.5256929 0.2532296 0.6942334 0.2569732 0.5207241 0.2573698 0.5256929 0.2578901 0.5207165 0.2546213 0.6942334 0.2601415 0.5164155 0.258919 0.5161262 0.2580076 0.5160024 0.2587615 0.5256929 0.2592543 0.5207599 0.2564937 0.6942334 0.2606338 0.5256929 0.2609587 0.5207846 0.2616032 0.5165815 0.2630109 0.5207297 0.260244 0.5123945 0.2623353 0.5134251 0.2634028 0.5164024 0.2638927 0.5130666 0.2683404 0.5256929 0.2683727 0.5206622 0.261377 0.6942334 0.3542181 0.516236 0.2715058 0.516236 0.2684813 0.5159884 0.2655171 0.5256929 0.2654971 0.5206608 0.2659487 0.5123985 0.2587748 0.6942334 0.2656829 0.5161035 0.2629149 0.5256929 0.2645469 0.7182845 0.2606803 0.7164023 0.359158 0.7170645 0.2665658 0.7170645 0.3611896 0.7182845 0.280634 0.7189456 0.269872 0.7185034 0.3298618 0.7189456 0.2635518 0.7164088 0.2636349 0.7141684 0.2610211 0.7128849 0.260794 0.7149026 0.2666236 0.7147809 0.2611827 0.710479 0.2637202 0.71137 0.3591003 0.7147809 0.2667007 0.7117076 0.3590231 0.7117076 0.3589294 0.7079628 0.2667944 0.7079628 0.2637709 0.7080031 0.2585718 0.7128756 0.2582523 0.7141445 0.2590206 0.7113168 0.259287 0.7094023 0.2611473 0.7075319 0.2568367 0.7104739 0.2562715 0.7113489 0.2575198 0.7094023 0.2580914 0.7085009 0.2591323 0.7068598 0.254651 0.7079794 0.2554448 0.7075279 0.2564172 0.7068598 0.2670164 0.6990545 0.2639492 0.6992022 0.2611026 0.6992098 0.266901 0.7036904 0.2586421 0.6991665 0.2638308 0.7039239 0.2565902 0.6991418 0.2570185 0.7033448 0.2548856 0.6991966 0.3588229 0.7036904 0.2610584 0.7038001 0.2588089 0.7035108 0.2575924 0.7065013 0.2555509 0.703524 0.2525874 0.6992642 0.253387 0.7039379 0.2543082 0.7038229 0.253508 0.6992655 0.3538528 0.5009808 0.3568001 0.5014556 0.3569401 0.5020139 0.3596572 0.5028619 0.3598226 0.5035175 0.3538528 0.5009808 0.3568001 0.5014556 0.3596572 0.5028619 0.3623144 0.5051455 0.3623144 0.5051455 0.3623382 0.5057579 0.364458 0.5085564 0.3639458 0.5094473 0.3646694 0.5082188 0.3662423 0.5119233 0.3646694 0.5082188 0.3569765 0.5035241 0.3597881 0.5050239 0.3620934 0.5070415 0.3617239 0.5086096 0.3633187 0.510524 0.3569885 0.5057818 0.3596545 0.5070509 0.3615515 0.5105241 0.3627913 0.5114254 0.3645462 0.5130666 0.3570222 0.5085776 0.359603 0.5094525 0.3571184 0.511947 0.3692116 0.5256929 0.3724942 0.6942334 0.3687507 0.5207241 0.3681265 0.516236 0.3683541 0.5256929 0.3678338 0.5207165 0.3711026 0.6942334 0.3655824 0.5164155 0.3668049 0.5161262 0.3677163 0.5160024 0.3669624 0.5256929 0.3664695 0.5207599 0.3692302 0.6942334 0.3641207 0.5165815 0.36509 0.5256929 0.3647652 0.5207846 0.362713 0.5207297 0.366632 0.5119635 0.3681265 0.516236 0.3654799 0.5123945 0.366632 0.5119637 0.3633886 0.5134251 0.3623211 0.5164024 0.3618311 0.5130666 0.3573835 0.5256929 0.3573512 0.5206622 0.3643469 0.6942334 0.3572426 0.5159885 0.3602068 0.5256929 0.3602268 0.5206608 0.3597752 0.5123985 0.3669491 0.6942334 0.3628089 0.5256929 0.360041 0.5161035 0.361177 0.7182845 0.359158 0.7170645 0.362172 0.7164088 0.3450899 0.7189456 0.3450899 0.7189456 0.3650436 0.7164023 0.3649191 0.7170645 0.3398486 0.7184708 0.3387507 0.7170645 0.3591003 0.7147809 0.362089 0.7141684 0.3647028 0.7128849 0.3620037 0.71137 0.3375676 0.7147809 0.3590231 0.7117076 0.3645412 0.710479 0.3619529 0.7080031 0.3363448 0.7117076 0.3649299 0.7149026 0.367152 0.7128756 0.3649191 0.7170645 0.367464 0.7147809 0.3674716 0.7141445 0.3667033 0.7113168 0.3664369 0.7094023 0.3645766 0.7075319 0.367464 0.7147809 0.3694524 0.7113489 0.3688872 0.7104739 0.3682041 0.7094023 0.3676324 0.7085009 0.3665916 0.7068598 0.3696681 0.7117076 0.3696681 0.7117076 0.3710729 0.7079794 0.3714466 0.7079628 0.3702791 0.7075279 0.3693067 0.7068598 0.3587075 0.6990545 0.3617747 0.6992022 0.3339676 0.7036904 0.3588229 0.7036904 0.3646213 0.6992098 0.3670818 0.6991665 0.3618931 0.7039239 0.3691337 0.6991418 0.3687054 0.7033448 0.3708382 0.6991966 0.3351292 0.7079628 0.3589294 0.7079628 0.3646655 0.7038001 0.366915 0.7035108 0.3681314 0.7065013 0.370173 0.703524 0.3731365 0.6992642 0.3727312 0.7036904 0.3723369 0.7039379 0.3714156 0.7038229 0.3722159 0.6992655 0.3727312 0.7036904 0.3714466 0.7079628 0.3569024 0.5020139 0.3569424 0.5035175 0.3597743 0.5050238 0.3569694 0.5057579 0.3596463 0.5070415 0.3570217 0.5085564 0.3596029 0.5094473 0.3571363 0.5119232 0.3598143 0.5035239 0.3623532 0.5057818 0.362096 0.5070508 0.3617239 0.5086096 0.3615515 0.510524 0.3644714 0.5085775 0.3639491 0.5094525 0.3633187 0.510524 0.3627913 0.5114253 0.3618311 0.5130666 0.3662574 0.511947 0.3573835 0.5256929 0.3643469 0.6942334 0.3573904 0.5207241 0.3602068 0.5256929 0.3602366 0.5207165 0.3669491 0.6942334 0.3628089 0.5256929 0.3626993 0.5207599 0.3572768 0.5160024 0.362319 0.5164155 0.3600553 0.5161262 0.3692302 0.6942334 0.3641176 0.5165815 0.36509 0.5256929 0.3647524 0.5207846 0.3664542 0.5207297 0.3597831 0.5123945 0.3633886 0.5134251 0.3655764 0.5164024 0.3645462 0.5130666 0.3692116 0.5256929 0.3724942 0.6942334 0.3687492 0.5206622 0.36772 0.5159884 0.3683541 0.5256929 0.3678285 0.5206608 0.3654857 0.5123985 0.3711026 0.6942334 0.3669624 0.5256929 0.3668044 0.5161035 0.3622058 0.7164023 0.3558602 0.7185034 0.3650523 0.7164088 0.3674577 0.7141684 0.3694401 0.71137 0.3688841 0.710479 0.3710589 0.7080031 0.3649437 0.7149026 0.3671499 0.7128849 0.3667033 0.7113168 0.3682041 0.7094023 0.3702734 0.7075319 0.3621068 0.7141445 0.3647105 0.7128756 0.3664369 0.7094023 0.3676324 0.7085009 0.3693067 0.7068598 0.3620032 0.7113489 0.3619339 0.7079794 0.3645411 0.7104739 0.3645685 0.7075279 0.3665916 0.7068598 0.3731349 0.6992022 0.3722184 0.6992098 0.3723326 0.7039239 0.3708521 0.6991665 0.3691465 0.6991418 0.3687085 0.7033448 0.367097 0.6991966 0.3714151 0.7038001 0.3701783 0.7035108 0.3681314 0.7065013 0.3669177 0.703524 0.3617385 0.6992642 0.3618595 0.7039379 0.3646142 0.6992655 0.3646522 0.7038229 0.2958621 0.7189456 0.2850942 0.7189456 0.280634 0.7189456 0.2774819 0.718816 0.2813857 0.7188712 0.2819421 0.718816 0.4072287 0.6581685 0.4694469 0.5678191 0.4694469 0.6581685 0.4694469 0.6627368 0.4072287 0.6627368 0.4072287 0.5678191 0.4072287 0.5632508 0.4694469 0.5632508 0.4725928 0.5678191 0.4040828 0.6581685 0.4040828 0.5678191 0.4835912 0.6581685 0.4835912 0.5678191 0.4835912 0.6581685 0.483237 0.6627368 0.483237 0.6627368 0.4835912 0.5678191 0.483237 0.5632508 0.483237 0.5632508 0.483237 0.5678191 0.483237 0.6581685 0.4072287 0.6787081 0.4072287 0.6787081 0.4694469 0.6787081 0.4040828 0.6781936 0.4040828 0.6781936 0.4694469 0.6787081 0.4725928 0.6781936 0.4072287 0.6781936 0.4694469 0.6781936 0.3930844 0.6581685 0.3934387 0.6627368 0.3934387 0.6627368 0.3930844 0.5678191 0.3930844 0.6581685 0.3930844 0.5678191 0.3934387 0.5632508 0.3934387 0.5632508 0.3934387 0.5678191 0.3934387 0.6581685 0.3934387 0.6581685 0.4694469 0.6581685 0.4072287 0.6627368 0.4694469 0.6627368 0.4072287 0.5678191 0.4072287 0.6581685 0.4694469 0.5632508 0.4072287 0.5632508 0.4694469 0.5678191 0.4040828 0.5678191 0.4725928 0.6581685 0.4072287 0.5477939 0.4040828 0.5477939 0.4072287 0.5472794 0.4072287 0.5472794 0.403982 0.5484039 0.4010931 0.5493125 0.4011646 0.551492 0.4009879 0.5500056 0.4072287 0.5493125 0.4039954 0.5499963 0.4040363 0.5522968 0.4013892 0.553436 0.4072287 0.55176 0.4013859 0.5558538 0.4040264 0.5551719 0.4072287 0.5550136 0.4072287 0.5589094 0.4039675 0.5587565 0.3985194 0.5523175 0.3984104 0.55176 0.4040828 0.5477939 0.398989 0.5534412 0.3994967 0.5547907 0.3994967 0.556591 0.3965395 0.555192 0.4010931 0.5493125 0.3961698 0.5550135 0.397324 0.5558568 0.3982568 0.556591 0.4010931 0.6581685 0.4010931 0.5678191 0.403948 0.5631043 0.4009861 0.5631238 0.4011563 0.5590131 0.3984104 0.6581685 0.3984104 0.5678191 0.3985333 0.5631832 0.3989911 0.5593392 0.3965538 0.5631688 0.3961698 0.6581685 0.3961698 0.5678191 0.3973276 0.5593345 0.3944844 0.6581685 0.3944844 0.5678191 0.3949617 0.5630833 0.3959853 0.5590011 0.3938587 0.5630549 0.3944844 0.5589094 0.3944844 0.5589094 0.3949553 0.5587538 0.3961698 0.5550135 0.3984104 0.55176 0.403982 0.6629326 0.4072287 0.6670782 0.4039954 0.6672337 0.4011646 0.6669865 0.4009879 0.6629043 0.4040363 0.6707956 0.4013892 0.6701307 0.4072287 0.670974 0.4013859 0.6725463 0.4040264 0.6736701 0.4072287 0.6742275 0.4072287 0.676675 0.4039675 0.6759819 0.3985194 0.6628187 0.398989 0.6666531 0.3994967 0.6693965 0.3994967 0.6711969 0.3982568 0.6693965 0.4010931 0.676675 0.4010931 0.676675 0.403948 0.6775837 0.4011563 0.6744955 0.4009861 0.6759914 0.3984104 0.6742275 0.3984104 0.6742275 0.3985333 0.6736907 0.3989911 0.6725516 0.3973276 0.6701337 0.3965538 0.6708157 0.3961698 0.670974 0.3961698 0.670974 0.3944844 0.6670782 0.3944844 0.6670782 0.3949617 0.6672311 0.3959853 0.6669744 0.397324 0.6666483 0.3938587 0.6628832 0.3949553 0.6628639 0.3965395 0.6628044 0.4072287 0.5477939 0.403948 0.5484039 0.4072287 0.5493125 0.4011563 0.551492 0.4039675 0.5500056 0.4009861 0.5499963 0.3985333 0.5522968 0.3989911 0.553436 0.3965538 0.5551718 0.3973276 0.5558538 0.3949617 0.5587565 0.4040264 0.5523175 0.4072287 0.55176 0.4013859 0.5534412 0.3994967 0.5547907 0.3982568 0.556591 0.4040363 0.555192 0.4072287 0.5550135 0.4013892 0.5558568 0.3994967 0.556591 0.3934387 0.5678191 0.3944844 0.6581685 0.3938587 0.5631043 0.3944844 0.5678191 0.3949553 0.5631238 0.3959853 0.5590131 0.3961698 0.6581685 0.3965395 0.5631831 0.397324 0.5593392 0.3961698 0.5678191 0.3984104 0.6581685 0.3985194 0.5631688 0.398989 0.5593345 0.3984104 0.5678191 0.4010931 0.5678191 0.4010931 0.6581685 0.4009879 0.5630833 0.4011646 0.559001 0.4040828 0.6581685 0.403982 0.5630549 0.4694469 0.5589094 0.4072287 0.5589094 0.4039954 0.5587538 0.4694469 0.5550135 0.4694469 0.55176 0.4072287 0.6781936 0.403982 0.6775837 0.4072287 0.676675 0.4039954 0.6759912 0.4011646 0.6744955 0.4009879 0.6759819 0.4040363 0.6736907 0.4013892 0.6725516 0.4013859 0.6701337 0.4072287 0.6742275 0.4040264 0.6708157 0.4694469 0.6742275 0.4694469 0.670974 0.4072287 0.670974 0.4072287 0.6670782 0.4039675 0.667231 0.4694469 0.6670782 0.3985194 0.6736701 0.398989 0.6725462 0.3994967 0.6711969 0.3994967 0.6693965 0.4011563 0.6669744 0.3965395 0.6707956 0.397324 0.6701307 0.3982568 0.6693965 0.3989911 0.6666483 0.403948 0.6628832 0.4009861 0.6628637 0.3985333 0.6628044 0.3965538 0.6628187 0.3973276 0.6666531 0.3949617 0.6629043 0.3959853 0.6669865 0.3938587 0.6629325 0.3949553 0.6672337 0.4694469 0.5477939 0.4725928 0.5477939 0.4727276 0.5484039 0.4694469 0.5472794 0.4725928 0.5477939 0.4755825 0.5493125 0.4694469 0.5493125 0.4755825 0.5493125 0.4756895 0.5499963 0.4694469 0.5472794 0.4782653 0.55176 0.4781424 0.5522968 0.4776845 0.553436 0.4782653 0.55176 0.4801219 0.5551719 0.479348 0.5558538 0.4805058 0.5550135 0.4821912 0.5589094 0.4817139 0.5587565 0.4805058 0.5550135 0.4727081 0.5500056 0.4755193 0.551492 0.4771789 0.5547907 0.4784188 0.556591 0.4726492 0.5523175 0.4694469 0.55176 0.4752897 0.5534412 0.4726393 0.555192 0.4694469 0.5550136 0.4752864 0.5558568 0.4771789 0.556591 0.483237 0.5678191 0.4821912 0.6581685 0.4828169 0.5631043 0.4821912 0.5678191 0.4817203 0.5631238 0.4806903 0.5590131 0.4801361 0.5631832 0.4805058 0.6581685 0.4793516 0.5593392 0.4805058 0.5678191 0.4781562 0.5631688 0.4782653 0.6581685 0.4776866 0.5593345 0.4782653 0.5678191 0.4755825 0.6581685 0.4755825 0.5678191 0.4756877 0.5630833 0.475511 0.5590011 0.4726937 0.5630549 0.4725928 0.6581685 0.4694469 0.5589094 0.4726802 0.5587538 0.4726937 0.6775837 0.4725928 0.6781936 0.4694469 0.676675 0.4726802 0.6759914 0.475511 0.6744955 0.4755825 0.676675 0.4694469 0.6742275 0.4726393 0.6736907 0.4752864 0.6725516 0.4726492 0.6708157 0.4694469 0.670974 0.4694469 0.6670782 0.4752897 0.6701337 0.4727081 0.6672311 0.4756877 0.6759819 0.4781562 0.6736701 0.4755825 0.676675 0.4776866 0.6725463 0.4771789 0.6711969 0.4771789 0.6693965 0.4755193 0.6669744 0.4782653 0.6742275 0.4782653 0.6742275 0.4805058 0.670974 0.4801361 0.6707956 0.4793516 0.6701307 0.4784188 0.6693965 0.4776845 0.6666483 0.4727276 0.6628832 0.4756895 0.6628639 0.4781424 0.6628044 0.4801219 0.6628187 0.479348 0.6666531 0.4817139 0.6629043 0.4806903 0.6669865 0.4828169 0.6629326 0.4821912 0.6670782 0.4817203 0.6672337 0.4694469 0.5477939 0.4726937 0.5484039 0.4694469 0.5493125 0.4726802 0.5499963 0.475511 0.551492 0.4726393 0.5522968 0.4752864 0.553436 0.4726492 0.5551718 0.4727081 0.5587565 0.4752897 0.5558538 0.4756877 0.5500056 0.4781562 0.5523175 0.4776866 0.5534412 0.4771789 0.5547907 0.4771789 0.556591 0.4801361 0.555192 0.4793516 0.5558568 0.4784188 0.556591 0.4725928 0.5678191 0.4755825 0.6581685 0.4727276 0.5631043 0.4755193 0.5590131 0.4755825 0.5678191 0.4756895 0.5631238 0.4782653 0.6581685 0.4781424 0.5631831 0.4776845 0.5593392 0.4782653 0.5678191 0.4805058 0.6581685 0.4801219 0.5631688 0.479348 0.5593345 0.4805058 0.5678191 0.4821912 0.6581685 0.4821912 0.5678191 0.4817139 0.5630833 0.4806903 0.559001 0.4828169 0.5630549 0.483237 0.6581685 0.4821912 0.5589094 0.4817203 0.5587538 0.4694469 0.6781936 0.4727276 0.6775837 0.4694469 0.676675 0.4756895 0.6759912 0.4781424 0.6736907 0.4776845 0.6725516 0.4801219 0.6708157 0.479348 0.6701337 0.4805058 0.670974 0.4821912 0.6670782 0.4817139 0.667231 0.4727081 0.6759819 0.4755193 0.6744955 0.4771789 0.6711969 0.4784188 0.6693965 0.4806903 0.6669744 0.4726492 0.6736701 0.4752897 0.6725462 0.4726393 0.6707956 0.4771789 0.6693965 0.4752864 0.6701307 0.4793516 0.6666483 0.4828169 0.6628832 0.4817203 0.6628637 0.4801361 0.6628044 0.4781562 0.6628187 0.4776866 0.6666531 0.4756877 0.6629043 0.475511 0.6669865 0.4726937 0.6629325 0.4726802 0.6672337 0.9092909 0.3262986 0.9385636 0.323187 0.9384911 0.3299996 0.9025983 0.3229842 0.9093634 0.3202507 0.9093125 0.3164719 0.9069942 0.3308793 0.8994198 0.3281429 0.9386637 0.3173678 0.8956355 0.3335071 0.8923314 0.4002199 0.8928189 0.3311955 0.9024621 0.3364854 0.8968247 0.3232921 0.8945652 0.4017042 0.9092328 0.3371174 0.9386911 0.3371195 0.9404014 0.4040865 0.909358 0.4061415 0.9010281 0.4033651 0.9026103 0.3186808 0.9042107 0.3118609 0.9032006 0.4100491 0.9092834 0.4160574 0.9022736 0.4132867 0.8973607 0.4082924 0.9072861 0.4161469 0.8946053 0.4067026 0.8994304 0.4123942 0.9521756 0.3250183 0.9432104 0.3117229 0.9545394 0.3229015 0.9550588 0.3334842 0.9453099 0.3229715 0.9453924 0.3187397 0.95066 0.3287603 0.9452222 0.3289753 0.9385304 0.4166313 0.9092238 0.4128416 0.9453895 0.4143847 0.9406791 0.4101768 0.9452221 0.4133723 0.9385305 0.4147156 0.9093906 0.4107244 0.9453099 0.40953 0.9385436 0.410304 0.9510931 0.4097977 0.95066 0.4086152 0.9550227 0.4021203 0.9484731 0.4031419 0.9532492 0.4016768 0.9511274 0.403397 0.9510299 0.3352742 0.893315 0.3229015 0.9558709 0.3938208 0.9452443 0.3364622 0.9005998 0.4071311 0.8930277 0.3968816 0.5315632 0.3574849 0.541789 0.2864231 0.5261735 0.2862979 0.5194538 0.290073 0.5244119 0.3574986 0.5342805 0.3834986 0.5169834 0.2914009 0.5218418 0.357679 0.5412989 0.2729562 0.5265799 0.2729945 0.5211439 0.272997 0.5267555 0.3835495 0.5458137 0.3573954 0.5358084 0.4032524 0.5248027 0.3839719 0.547978 0.3834152 0.5674477 0.2870285 0.5674649 0.3573281 0.5674313 0.2733008 0.5889356 0.357384 0.5929237 0.2864178 0.5675086 0.3833672 0.5868846 0.3834041 0.5858012 0.4032262 0.6001864 0.38348 0.6027821 0.3574673 0.6081244 0.2862909 0.6093546 0.3574841 0.6082687 0.3839658 0.6111882 0.3576726 0.6159506 0.2913975 0.6142447 0.290067 0.6102473 0.3579937 0.6159561 0.2916057 0.6135893 0.2729714 0.613674 0.2729828 0.612558 0.2729964 0.6071146 0.3835337 0.5942529 0.4039363 0.5987495 0.3859283 0.6063067 0.4034571 0.5950381 0.3808393 0.609424 0.3577372 0.6158033 0.2916224 0.613435 0.2729673 0.5176699 0.2899464 0.536094 0.3564196 0.5236697 0.357322 0.5180767 0.2730051 0.5198772 0.2730817 0.515729 0.2916261 0.5337047 0.2726494 0.5320301 0.2852088 0.5183226 0.272967 0.5220783 0.3576797 0.522361 0.3577062 0.5646366 0.2865633 0.56476 0.2730361 0.5987119 0.4032405 0.5675102 0.4032217 0.5845521 0.4163619 0.5490861 0.4032336 0.5378417 0.4163568 0.5502699 0.4163647 0.5674681 0.4163687 0.5420996 0.4216903 0.5526483 0.4216943 0.5819889 0.4216942 0.5673649 0.4217001 0.5922619 0.42169 0.5966516 0.4163523 0.5935265 0.3564341 0.5980343 0.2852191 0.5925021 0.3792244 0.5864642 0.3744904 0.5964263 0.2726518 0.5644898 0.3565435 0.6107301 0.273086 0.6129088 0.2899587 0.6065661 0.3573403 0.564576 0.3778957 0.5430201 0.3744856 0.5648154 0.3868949 0.537441 0.3792183 0.5651702 0.3881462 0.5939026 0.3802791 0.5366603 0.3802752 0.5655578 0.3881472 0.6086697 0.3576932 0.6152744 0.2916357 0.6129441 0.2730066 0.6155037 0.2916326 0.6089445 0.357714 0.5942127 0.3802915 0.5876942 0.4177778 0.5858315 0.4080105 0.5922149 0.4177126 0.5977888 0.421698 0.5793749 0.4177561 0.5783289 0.4080175 0.5781304 0.4006434 0.5852085 0.4006193 0.5903437 0.4080532 0.5926843 0.4177768 0.5899393 0.4079916 0.5890847 0.4006432 0.5888798 0.4006653 0.5672586 0.4177113 0.5672132 0.408008 0.5671867 0.4006811 0.6056715 0.4032612 0.6037213 0.4163684 0.6032028 0.4163537 0.5983147 0.4216873 0.5282526 0.4032714 0.5268007 0.4034608 0.5221173 0.3579926 0.5335277 0.3859252 0.5307209 0.4163574 0.5381265 0.4039342 0.566029 0.3931208 0.5660592 0.4044316 0.5225885 0.3577337 0.5402684 0.4163614 0.5661016 0.4163263 0.5294203 0.4163696 0.5440407 0.4216734 0.5348847 0.4216874 0.5360838 0.4216982 0.5369365 0.3808371 0.5921863 0.416362 0.5885706 0.4216734 0.5661996 0.4216873 0.5465227 0.4177759 0.5416002 0.4177108 0.5550658 0.4177551 0.5483112 0.4080049 0.5405726 0.4177759 0.5560242 0.4080143 0.583189 0.4081122 0.5848112 0.4178423 0.5479683 0.4178421 0.5663038 0.4177458 0.5496616 0.4081118 0.5663484 0.4080715 0.5429329 0.4080501 0.5438408 0.407986 0.5488862 0.4006168 0.5506486 0.4006251 0.5441985 0.4006419 0.54487 0.400663 0.566373 0.4006703 0.5822397 0.4006252 0.5561702 0.4006419 0.5944662 0.3802879 0.6091664 0.3577021 0.613319 0.2729674 0.6156861 0.2916304 0.5659727 0.3887519 0.5658397 0.3881456 0.6131388 0.2729677 0.537246 0.3802868 0.5225762 0.3576979 0.5369976 0.3802894 0.5162482 0.2916211 0.5187668 0.2729717 0.518619 0.2729673 0.5164012 0.2916067 0.518503 0.2729672 0.5161308 0.2916271 0.5192596 0.2729838 0.5159484 0.2916266 0.08984844 0.8679966 0.06713675 0.8680238 0.08300354 0.8679786 0.04496224 0.8679954 0.05141239 0.8679786 0.0679505 0.8680346 0.04563372 0.8680164 0.08964361 0.8680187 0.07889421 0.8679968 0.056934 0.8679954 0.04964994 0.8679702 0.08597225 0.8679727 0.6077062 0.2729921 0.5933812 0.272955 0.60798 0.3586761 0.6153893 0.2925784 0.61294 0.2912505 0.6008433 0.3586624 0.606236 0.2874753 0.5906301 0.2876006 0.5866017 0.3585729 0.5911195 0.2741337 0.61125 0.2741745 0.6058295 0.274172 0.5981258 0.3846761 0.6056363 0.3847269 0.584437 0.3845927 0.6075692 0.3851494 0.6105306 0.3588565 0.5965974 0.4044299 0.604139 0.4044489 0.5649743 0.288206 0.5649537 0.3585056 0.5649092 0.3845447 0.5649903 0.2744783 0.5394945 0.2875953 0.5434791 0.3585615 0.5466122 0.4044037 0.5649065 0.4043992 0.5833279 0.4044111 0.5455296 0.3845816 0.5242836 0.2874684 0.5296231 0.3586448 0.5390363 0.2741325 0.5230358 0.3586616 0.5164204 0.2925749 0.5211826 0.3588501 0.5181473 0.2912445 0.518764 0.2741489 0.5163972 0.2927832 0.5221058 0.3591712 0.5186971 0.2741603 0.5241018 0.3851433 0.5252759 0.3847112 0.5336015 0.3871059 0.5381005 0.4051138 0.526064 0.4046346 0.5322187 0.3846575 0.526719 0.4044387 0.5229198 0.3589147 0.5373054 0.3820168 0.5189087 0.2741448 0.5165405 0.2927999 0.6146311 0.2911239 0.5961947 0.3575971 0.6002599 0.2863863 0.6142366 0.2741826 0.6165842 0.2928036 0.612424 0.2742592 0.6140041 0.2741445 0.6163784 0.2928041 0.6086305 0.3584995 0.5985863 0.2738269 0.5676427 0.2877408 0.5675221 0.2742136 0.533693 0.404418 0.5821422 0.4175422 0.5478594 0.4175394 0.5649463 0.4175462 0.5945628 0.4175343 0.5797594 0.4228718 0.5504182 0.4228716 0.5650446 0.4228776 0.5357519 0.4175298 0.5401386 0.4228675 0.5387613 0.3576116 0.56779 0.357721 0.539795 0.3804018 0.5257327 0.3585178 0.5358636 0.2738293 0.5342544 0.2863966 0.5892691 0.375663 0.5458242 0.3756679 0.5193904 0.2911362 0.5215694 0.2742636 0.5677085 0.3790731 0.5674791 0.3880724 0.594857 0.3803958 0.5671386 0.3893237 0.5384077 0.3814566 0.595651 0.3814527 0.5667669 0.3893247 0.5381122 0.381469 0.6102343 0.3588572 0.5236414 0.3588707 0.5168213 0.2928101 0.5170369 0.2928132 0.5233805 0.3588915 0.5447029 0.4189553 0.5465642 0.409188 0.5540718 0.4091949 0.5401726 0.4188902 0.5346 0.4228755 0.5420312 0.4092307 0.5424477 0.4091691 0.5471863 0.4017968 0.5542693 0.4018209 0.5432907 0.4018207 0.5435067 0.4018428 0.5530277 0.4189336 0.5651459 0.4188888 0.5651893 0.4091855 0.5286502 0.4175459 0.5291872 0.4175312 0.534058 0.4228648 0.6016702 0.4175349 0.5942278 0.4051117 0.5988243 0.3871027 0.6102373 0.3591701 0.6055714 0.4046383 0.6029522 0.4175472 0.5920876 0.4175389 0.5663171 0.3942983 0.5954078 0.3820146 0.6097567 0.3589112 0.5662885 0.4056091 0.5883189 0.4228509 0.5903016 0.4228678 0.596306 0.4228757 0.5663708 0.3899294 0.5401689 0.4175395 0.5662481 0.4175038 0.5437884 0.4228509 0.5661547 0.4228648 0.5974891 0.4228649 0.5858751 0.4189534 0.5907881 0.4188883 0.5773371 0.4189325 0.584085 0.4091824 0.5885469 0.4091635 0.5918024 0.4189534 0.5763768 0.4091918 0.53969 0.4189543 0.5491758 0.4092897 0.5475518 0.4190198 0.5660554 0.4189233 0.5843953 0.4190196 0.5827037 0.4092893 0.5660129 0.4092489 0.5835092 0.4017943 0.5875174 0.4018404 0.5894427 0.4092277 0.5881776 0.4018194 0.5817177 0.4018026 0.5659896 0.4018478 0.5501261 0.4018027 0.5652148 0.4018586 0.5762298 0.4018194 0.5231701 0.3588796 0.5378706 0.3814654 0.5190175 0.2741449 0.5166503 0.2928079 0.5191862 0.2741452 0.5664974 0.3893231 0.6097618 0.3588754 0.5950918 0.3814643 0.5953283 0.3814669 0.6099656 0.3588837 0.6160973 0.2927986 0.6135883 0.2741492 0.6159539 0.2927842 0.6137266 0.2741448 0.6131132 0.2741613 0.6162074 0.2928046 0.6138353 0.2741446 0.06597854 0.869212 0.08828114 0.8691939 0.0769936 0.8691728 0.06675337 0.8692013 0.08894132 0.8691728 0.04427053 0.8691962 0.04405446 0.8691741 0.05088986 0.8691561 0.05503301 0.8691744 0.0479501 0.8691502 0.08248152 0.869156 0.084273 0.8691477 0.5198342 0.2741739 0.5247017 0.2741696 0.5193674 0.2741841 0.4033007 0.6162105 0.3974983 0.5868853 0.3981099 0.5825806 0.3976422 0.5871261 0.4039699 0.6163535 0.4127927 0.6416315 0.4118855 0.6427249 0.4036685 0.6163262 0.3986712 0.5668297 0.3951348 0.5668851 0.3982626 0.5675923 0.4077233 0.5702232 0.4093469 0.5790384 0.4014988 0.587284 0.4116429 0.6416315 0.4120082 0.6363409 0.4069262 0.615815 0.423029 0.6523143 0.421139 0.6538973 0.4201041 0.6523603 0.4188797 0.6416315 0.4157646 0.6164098 0.4117147 0.5872195 0.408007 0.5669687 0.4300855 0.6166691 0.4312767 0.6427249 0.4475216 0.5937693 0.4274948 0.5867192 0.431314 0.5830597 0.4479181 0.6172442 0.4177875 0.5680121 0.4478497 0.6416315 0.4594981 0.6363409 0.4618658 0.6173351 0.4594981 0.5989671 0.4319036 0.6538973 0.4483827 0.6523604 0.4676248 0.617419 0.4625097 0.6416315 0.4624287 0.5945601 0.4481065 0.5866274 0.4674192 0.6166639 0.462667 0.5941344 0.4681507 0.6174988 0.463315 0.6427249 0.4636523 0.6414837 0.4618441 0.5925719 0.448359 0.5847297 0.4479637 0.5874891 0.4483692 0.5775422 0.4512957 0.6522996 0.4524954 0.6412105 0.4634316 0.6327943 0.451626 0.6156243 0.4619506 0.6118577 0.4665427 0.611791 0.4612002 0.5843772 0.4655124 0.6035329 0.4631362 0.5839232 0.4563571 0.5671393 0.4310382 0.6121159 0.4405022 0.6125602 0.437454 0.6391499 0.4147922 0.5869397 0.4321385 0.5811922 0.4352072 0.6037013 0.4085295 0.6158478 0.4026029 0.5875468 0.4218162 0.5683796 0.4195153 0.6159284 0.4385698 0.5670879 0.4352949 0.5836704 0.4247234 0.5713516 0.4334314 0.5824901 0.414381 0.6363409 0.423426 0.6413582 0.4359344 0.6537128 0.4107532 0.5676768 0.4267918 0.5864496 0.4195808 0.5734922 0.4093469 0.5790384 0.4407578 0.5668864 0.4486176 0.5664849 0.4332255 0.6554933 0.4493958 0.6538973 0.4218792 0.5560375 0.4180351 0.5430272 0.4175538 0.5567355 0.4188519 0.5548737 0.4220298 0.5428069 0.4096324 0.5344307 0.4084995 0.5428069 0.4078041 0.5560375 0.4171944 0.5357802 0.417519 0.5357802 0.4193595 0.5344307 0.4187285 0.5427946 0.4089941 0.5543306 0.4091247 0.5425935 0.4098517 0.5344307 0.4101224 0.5315991 0.4066037 0.552753 0.4076373 0.5402688 0.3979969 0.5526756 0.4092797 0.5315836 0.3988129 0.5404006 0.4152104 0.5532963 0.4164003 0.5404783 0.4015677 0.5330194 0.3947695 0.5527533 0.41978 0.540482 0.4163698 0.5330194 0.4099323 0.5285705 0.4184969 0.5315836 0.4000625 0.5315836 0.4177009 0.572698 0.4213786 0.5706489 0.3996128 0.5676511 0.3985254 0.5683866 0.3952852 0.5677012 0.4015677 0.5330197 0.4163698 0.5330194 0.4092797 0.5315836 0.3954945 0.5402688 0.4076373 0.540482 0.3988129 0.5404783 0.4164003 0.540711 0.3979969 0.5532963 0.4152104 0.5551582 0.4066037 0.55446 0.418438 0.55446 0.4018192 0.5357802 0.4001248 0.5344307 0.4017109 0.5357802 0.3955945 0.5425935 0.398379 0.5548737 0.3990923 0.5427946 0.394919 0.5543306 0.3993211 0.542717 0.3988117 0.554253 0.4593176 0.5858929 0.449741 0.5869569 0.4399846 0.5858929 0.4561755 0.5675626 0.4488238 0.567555 0.4589015 0.5671512 0.4414495 0.5675626 0.4439653 0.5593522 0.4439653 0.5593522 0.4486926 0.5579254 0.4432867 0.5579254 0.4486927 0.5549313 0.4486926 0.5579254 0.45342 0.5593522 0.4540987 0.5579254 0.45342 0.5593522 0.4085745 0.571012 0.4782694 0.6162105 0.4687773 0.6416315 0.4776002 0.6163535 0.4839279 0.5871261 0.4834604 0.5825806 0.4840719 0.5868853 0.4779017 0.6163262 0.4864354 0.5668851 0.4828991 0.5668297 0.4833075 0.5675923 0.4696846 0.6427249 0.4800715 0.587284 0.4746438 0.615815 0.4738467 0.5702232 0.4735632 0.5669687 0.4698555 0.5872195 0.4658054 0.6164098 0.469562 0.6363409 0.4614659 0.6523604 0.4699271 0.6416315 0.4626905 0.6416315 0.4604312 0.6538973 0.458541 0.6523143 0.4514845 0.6166691 0.4340484 0.5937693 0.433652 0.6172442 0.4540754 0.5867192 0.4502562 0.5830597 0.4334638 0.5866274 0.4502935 0.6427249 0.4220721 0.5989671 0.4197044 0.6173351 0.4191414 0.5945601 0.4220721 0.6363409 0.4139455 0.617419 0.4190605 0.6416315 0.4331874 0.6523604 0.4337204 0.6416315 0.4496665 0.6538973 0.4141508 0.6166638 0.4189031 0.5941344 0.4197261 0.5925719 0.4182551 0.6427249 0.4134194 0.6174988 0.4332112 0.5847298 0.433201 0.5775422 0.4203699 0.5843772 0.4150275 0.611791 0.4196196 0.6118577 0.4181385 0.6327943 0.4160577 0.6035329 0.4252131 0.5671392 0.418434 0.5839235 0.4179179 0.6414837 0.4299442 0.6156243 0.4290746 0.6412107 0.4302746 0.6522996 0.450532 0.6121159 0.4410679 0.6125602 0.4463629 0.6037013 0.466778 0.5869397 0.4620548 0.6159284 0.4789673 0.5875468 0.4730408 0.6158478 0.4597541 0.5683796 0.470817 0.5676768 0.4494318 0.5811922 0.4441162 0.6391499 0.4671891 0.6363409 0.4568468 0.5713513 0.4430006 0.5670879 0.4408124 0.5668865 0.4462754 0.5836704 0.4819573 0.5676511 0.4581441 0.6413582 0.4456357 0.6537128 0.4336067 0.5874891 0.4547784 0.5864496 0.4481387 0.5824901 0.4722231 0.5790384 0.4619893 0.5734922 0.4638693 0.572698 0.4329526 0.5664849 0.4483447 0.6554933 0.4321745 0.6538973 0.4596908 0.5560375 0.4635352 0.5430272 0.4595405 0.5428069 0.4640163 0.5567355 0.4719377 0.5344307 0.4643756 0.5357802 0.4627183 0.5548737 0.4622108 0.5344307 0.4640511 0.5357802 0.4730704 0.5428069 0.4714478 0.5315991 0.4628415 0.5427944 0.472576 0.5543306 0.4724455 0.5425935 0.4717185 0.5344307 0.4637826 0.5680121 0.4749665 0.552753 0.4835733 0.5526756 0.4739329 0.5402688 0.4868007 0.5527533 0.4827572 0.5404006 0.4663597 0.5532963 0.4860757 0.5402688 0.4800024 0.5330194 0.4722905 0.5315836 0.46517 0.5404783 0.4652004 0.5330194 0.4716377 0.5285705 0.4630734 0.5315836 0.4617902 0.540482 0.4601915 0.5706489 0.4862848 0.5677012 0.4830447 0.5683866 0.4815077 0.5315836 0.4800024 0.5330194 0.4722905 0.5315836 0.4652004 0.5330194 0.4827572 0.5404783 0.4739329 0.540482 0.46517 0.540711 0.4835733 0.5532963 0.4749666 0.55446 0.4663597 0.5551582 0.4631321 0.55446 0.4798593 0.5357802 0.4814455 0.5344307 0.4797511 0.5357802 0.482478 0.5427944 0.4859755 0.5425935 0.482249 0.542717 0.4737663 0.5560375 0.483191 0.5548737 0.4866512 0.5543306 0.4827583 0.554253 0.4318293 0.5869569 0.4222525 0.5858929 0.4253947 0.5675626 0.4327466 0.567555 0.4415857 0.5858929 0.4401205 0.5675626 0.4226687 0.5671512 0.4376049 0.5593522 0.4382835 0.5579254 0.4376049 0.5593522 0.4328775 0.5549313 0.4281501 0.5593522 0.4328775 0.5579254 0.4281501 0.5593522 0.4274715 0.5579254 0.4328775 0.5579254 0.4729957 0.571012 0.4722231 0.5790384 0.3437842 0.718816 0.3482444 0.718816 0.3406297 0.7189456 0.3443396 0.7188712 0.364392 0.7048239 0.364392 0.5955732 0.364392 0.7048239 0.364392 0.5955732 0.3639636 0.7048239 0.3639636 0.7103478 0.3639636 0.5900493 0.3639636 0.7048239 0.2720544 0.7296604 0.2720544 0.7296604 0.3472887 0.7296604 0.2682504 0.7290382 0.2682504 0.7290382 0.3472887 0.7296604 0.3510927 0.7290382 0.2720544 0.7290382 0.3472887 0.7290382 0.254951 0.7048239 0.254951 0.5955732 0.254951 0.5955732 0.254951 0.7048239 0.2553794 0.7048239 0.2553794 0.5900493 0.2553794 0.5900493 0.2553794 0.7048239 0.2553794 0.7103478 0.3472887 0.7048239 0.2720544 0.5955732 0.2720544 0.7048239 0.3472887 0.5955732 0.3472887 0.5900493 0.2720544 0.5900493 0.2682504 0.5955732 0.3510927 0.7048239 0.2720544 0.5713588 0.2682504 0.5713588 0.2720544 0.5707366 0.2681284 0.5720963 0.2682504 0.5713588 0.2720544 0.5707366 0.2647217 0.5758306 0.264508 0.5740332 0.2646352 0.5731951 0.2720544 0.5731951 0.2681447 0.5740219 0.2681941 0.5768037 0.2649932 0.5781812 0.2720544 0.5761546 0.2649893 0.5811049 0.2681822 0.5802802 0.2720544 0.5800889 0.2720544 0.5847996 0.2681109 0.5846148 0.2615231 0.5768287 0.2613912 0.5761546 0.2620909 0.5781875 0.2627049 0.5798193 0.2627049 0.5819963 0.259129 0.5803046 0.258682 0.5800887 0.2646352 0.5731951 0.2600776 0.5811085 0.2612056 0.5819963 0.2682533 0.5955732 0.2724617 0.5961722 0.2709059 0.602899 0.2720544 0.6792734 0.2682504 0.7048239 0.2720544 0.6211235 0.2646352 0.5955732 0.2682504 0.5955732 0.2709059 0.6974981 0.2771433 0.6030568 0.2646352 0.7048239 0.2680873 0.5898722 0.2615398 0.5899675 0.2645058 0.5898957 0.2709416 0.5939573 0.2720544 0.5900493 0.2647116 0.5849251 0.2620934 0.5853194 0.2613912 0.5955732 0.260082 0.5853136 0.2613912 0.7048239 0.2591462 0.5899501 0.258682 0.5955732 0.258682 0.7048239 0.256644 0.5955732 0.2572211 0.5898467 0.2896493 0.5955732 0.2770992 0.5939056 0.3472887 0.5847996 0.3472887 0.5900493 0.2584589 0.5849105 0.2553794 0.5955732 0.2558873 0.5898124 0.256644 0.7048239 0.256644 0.5847996 0.256644 0.5847996 0.2572133 0.5846115 0.258682 0.5800887 0.2613912 0.5761546 0.3472887 0.7103478 0.2720544 0.7155975 0.2720544 0.7103478 0.3296937 0.7048239 0.3422439 0.7064915 0.2896494 0.7048239 0.3484015 0.7064398 0.3472887 0.7103435 0.2720544 0.7103435 0.2770992 0.7064915 0.2709416 0.7064398 0.2724669 0.7042323 0.2772078 0.6974341 0.2681284 0.7105846 0.3472887 0.7155975 0.2681447 0.7157855 0.2682533 0.7048239 0.2720544 0.7203082 0.2681941 0.7200925 0.264508 0.7105503 0.2681822 0.7235683 0.2649893 0.7222095 0.2649932 0.7192886 0.2647217 0.7154865 0.2720544 0.7242424 0.2647116 0.7245665 0.2681109 0.7263638 0.2627049 0.7184008 0.2620909 0.7150834 0.2615231 0.7104469 0.2627049 0.7205778 0.2620934 0.7222158 0.259129 0.7104295 0.2600776 0.7150776 0.2612056 0.7184008 0.260082 0.7192922 0.2646352 0.7272019 0.2646352 0.7272019 0.2680873 0.7283007 0.2645058 0.7263752 0.2720544 0.7272019 0.2613912 0.7242424 0.2613912 0.7242424 0.2615398 0.7235934 0.258682 0.7203082 0.258682 0.7203082 0.2591462 0.7201169 0.256644 0.7155975 0.256644 0.7155975 0.2572211 0.7157823 0.2584589 0.715472 0.2558873 0.7105249 0.2553794 0.7103478 0.2572133 0.7105014 0.2720544 0.5713588 0.2680873 0.5720963 0.2647116 0.5758306 0.2681109 0.5740332 0.2645058 0.5740219 0.2720544 0.5731951 0.2615398 0.5768037 0.2620934 0.5781812 0.2591462 0.5802802 0.260082 0.5811048 0.2572211 0.5846148 0.2681822 0.5768287 0.2720544 0.5761546 0.2649893 0.5781875 0.2627049 0.5798193 0.2612056 0.5819963 0.2681941 0.5803046 0.2720544 0.5800887 0.2649932 0.5811085 0.2627049 0.5819963 0.2553794 0.5955732 0.256644 0.7048239 0.2558873 0.5898722 0.256644 0.5955732 0.2572133 0.5898957 0.2584589 0.5849251 0.259129 0.5899674 0.258682 0.7048239 0.2600776 0.5853194 0.2620909 0.5853136 0.258682 0.5955732 0.2615231 0.5899501 0.2613912 0.7048239 0.2613912 0.5955732 0.2646352 0.7048239 0.2646352 0.5955732 0.264508 0.5898467 0.2647217 0.5849104 0.2682504 0.7048239 0.2681284 0.5898124 0.3472887 0.5847996 0.2720544 0.5847996 0.2681447 0.5846115 0.3472887 0.5800887 0.2720544 0.7290382 0.2681284 0.7283007 0.2720544 0.7272019 0.2681447 0.7263751 0.2647217 0.7245665 0.264508 0.7263638 0.3472887 0.7242424 0.2720544 0.7242424 0.2681941 0.7235934 0.3472887 0.7203082 0.2720544 0.7203082 0.2681822 0.7201169 0.3472887 0.7155975 0.2720544 0.7155975 0.2649932 0.7222158 0.2681109 0.7157822 0.2615231 0.7235683 0.2649893 0.7192922 0.2620909 0.7222094 0.2647116 0.715472 0.2627049 0.7184007 0.2627049 0.7205778 0.259129 0.7200925 0.2612056 0.7184007 0.2600776 0.7192886 0.2620934 0.7150776 0.2720544 0.7103478 0.3472887 0.7103478 0.2680873 0.7105249 0.2645058 0.7105013 0.2615398 0.7104295 0.2591462 0.7104469 0.260082 0.7150834 0.2572211 0.7105503 0.2584589 0.7154865 0.2558873 0.7105845 0.2572133 0.7157855 0.3472887 0.5713588 0.3510927 0.5713588 0.3512557 0.5720963 0.3472887 0.5707366 0.3510927 0.5713588 0.3547078 0.5731951 0.3472887 0.5731951 0.3547078 0.5731951 0.3548373 0.5740219 0.3472887 0.5707366 0.3579518 0.5761546 0.3578033 0.5768037 0.3572496 0.5781812 0.3579518 0.5761546 0.3601968 0.5802802 0.3592611 0.5811049 0.3606611 0.5800887 0.3626991 0.5847996 0.3621219 0.5846148 0.3606611 0.5800887 0.3512321 0.5740332 0.3546315 0.5758306 0.3566382 0.5798193 0.3581375 0.5819963 0.3511609 0.5768287 0.3543538 0.5781875 0.351149 0.5803046 0.3472887 0.5761546 0.3472887 0.5800889 0.3543498 0.5811085 0.3566382 0.5819963 0.3639636 0.5955732 0.3626991 0.7048239 0.3639636 0.5900493 0.3634557 0.5898722 0.3626991 0.5955732 0.3621297 0.5898957 0.3608842 0.5849251 0.3606611 0.7048239 0.3602141 0.5899675 0.3592655 0.5853194 0.3606611 0.5955732 0.3579518 0.7048239 0.35782 0.5899501 0.3572521 0.5853136 0.3579518 0.5955732 0.3547078 0.7048239 0.3547078 0.5955732 0.3548351 0.5898467 0.3546214 0.5849105 0.3512557 0.7105249 0.3548373 0.7105014 0.3472887 0.7103435 0.3510927 0.7048239 0.3510927 0.5955732 0.3468814 0.7042249 0.3510897 0.7048239 0.3512146 0.5898124 0.3511984 0.5846115 0.3484015 0.5939572 0.3472887 0.6211235 0.3484371 0.602899 0.3472887 0.6792735 0.3510927 0.7290382 0.3512146 0.7283007 0.3472887 0.7272019 0.3511984 0.7263752 0.3547078 0.7272019 0.3472887 0.7242424 0.3548351 0.7263638 0.351149 0.7235934 0.3472887 0.7203082 0.3546214 0.7245665 0.3511609 0.7201169 0.3512321 0.7157823 0.3543498 0.7222158 0.3543538 0.7192922 0.3547078 0.7272019 0.3579518 0.7242424 0.3579518 0.7242424 0.35782 0.7235683 0.3572521 0.7222095 0.3566382 0.7205778 0.3546315 0.715472 0.3566382 0.7184008 0.3606611 0.7203082 0.3602141 0.7200925 0.3606611 0.7203082 0.3592655 0.7192886 0.3581375 0.7184008 0.3592611 0.7150834 0.3578033 0.7104296 0.3601968 0.7104469 0.3572496 0.7150776 0.3621219 0.7105503 0.3608842 0.7154865 0.3634557 0.7105846 0.3639636 0.7103478 0.3621297 0.7157855 0.3626991 0.7155975 0.3626991 0.7155975 0.3472887 0.5713588 0.3512146 0.5720963 0.3472887 0.5731951 0.3511984 0.5740219 0.3546214 0.5758306 0.3472887 0.5761546 0.351149 0.5768037 0.3543498 0.5781812 0.3511609 0.5802802 0.3512321 0.5846148 0.3543538 0.5811048 0.3548351 0.5740332 0.35782 0.5768287 0.3572521 0.5781875 0.3566382 0.5798193 0.3566382 0.5819963 0.3602141 0.5803046 0.3592655 0.5811085 0.3581375 0.5819963 0.3510927 0.5955732 0.3547078 0.7048239 0.3512557 0.5898722 0.3546315 0.5849251 0.3547078 0.5955732 0.3548373 0.5898957 0.3579518 0.7048239 0.3578033 0.5899674 0.3572496 0.5853194 0.3592611 0.5853136 0.3579518 0.5955732 0.3601968 0.5899501 0.3606611 0.7048239 0.3606611 0.5955732 0.3626991 0.5955732 0.3626991 0.7048239 0.3621219 0.5898467 0.3608842 0.5849104 0.3639636 0.5955732 0.3634557 0.5898124 0.3626991 0.5847996 0.3621297 0.5846115 0.3472887 0.7290382 0.3512557 0.7283007 0.3548373 0.7263751 0.3472887 0.7272019 0.3578033 0.7235934 0.3546315 0.7245665 0.3601968 0.7201169 0.3572496 0.7222158 0.3621219 0.7157822 0.3512321 0.7263638 0.3511609 0.7235683 0.3543538 0.7222094 0.3592611 0.7192922 0.3566382 0.7205778 0.3608842 0.715472 0.3581375 0.7184007 0.351149 0.7200925 0.3566382 0.7184007 0.3543498 0.7192886 0.3592655 0.7150776 0.3634557 0.7105249 0.3621297 0.7105013 0.3602141 0.7104295 0.35782 0.7104469 0.3572521 0.7150834 0.3548351 0.7105503 0.3546214 0.7154865 0.3512146 0.7105845 0.3511984 0.7157855 0.3510897 0.5955731 0.2720544 0.5900536 0.3484371 0.6974981 0.3421997 0.6973401 0.2770217 0.5939056 0.2894289 0.5955735 0.2720544 0.5900536 0.2709059 0.6976107 0.2720544 0.6795931 0.3421352 0.602963 0.3422439 0.5939056 0.3468762 0.5961647 0.348437 0.6027862 0.3472886 0.6208036 0.3296937 0.5955732 0.3510897 0.5955732 0.3472887 0.5900536 0.3472886 0.5900536 0.3423215 0.7064915 0.3299138 0.7048236 0.1098022 0.928413 0.1088684 0.9495895 0.1090328 0.928413 0.1109239 0.8251614 0.1109239 0.928413 0.1098022 0.8251614 0.1093145 0.7992251 0.1104362 0.7992251 0.1104502 0.8039845 0.1093145 0.9543493 0.110718 0.8251614 0.110718 0.928413 0.1104502 0.9495895 0.1088684 0.8039845 0.1029073 0.9650927 0.1081372 0.9650927 0.1092589 0.9650927 0.1017856 0.9650927 0.1015038 0.9543493 0.1104362 0.9543493 0.1078555 0.9543493 0.1013871 0.928413 0.1077388 0.8251614 0.1077388 0.928413 0.1015038 0.7992251 0.1078555 0.7992251 0.1013871 0.8251614 0.1090328 0.8251614 0.1096574 0.928413 0.1033057 0.8251614 0.1033057 0.928413 0.1095407 0.9543493 0.1096574 0.8251614 0.1095407 0.7992251 0.103189 0.7992251 0.1081372 0.7884817 0.1029073 0.7884817 0.1092589 0.7884817 0.1017856 0.7884817 0.103189 0.9543493 0.01182801 0.928413 0.01070635 0.928413 0.01070635 0.8251614 0.01182801 0.8251614 0.01259743 0.928413 0.01276176 0.9495895 0.01231566 0.9543493 0.01119399 0.9543493 0.01117998 0.9495895 0.01091223 0.928413 0.01091223 0.8251614 0.01117998 0.8039845 0.01119399 0.7992251 0.01231566 0.7992251 0.01276176 0.8039845 0.01872294 0.9650927 0.01208954 0.9543493 0.01237129 0.9650927 0.01349296 0.9650927 0.01984463 0.9650927 0.02012639 0.9543493 0.01389143 0.928413 0.01259743 0.8251614 0.01389143 0.8251614 0.01377473 0.9543493 0.0202431 0.928413 0.02012639 0.7992251 0.0202431 0.8251614 0.01832448 0.928413 0.01844119 0.9543493 0.01832448 0.8251614 0.01197281 0.928413 0.01208954 0.7992251 0.01197281 0.8251614 0.01377473 0.7992251 0.01349296 0.7884817 0.01872294 0.7884817 0.01984463 0.7884817 0.01237129 0.7884817 0.01844119 0.7992251 0.5110689 0.3148475 0.5110689 0.3134909 0.516139 0.3134497 0.516139 0.3246099 0.516139 0.3120608 0.5192569 0.3155144 0.6142201 0.3134497 0.6192902 0.3134909 0.6192902 0.3148475 0.6142201 0.3120608 0.6142201 0.3246099 0.6192902 0.3428332 0.611102 0.3155144 0.5192651 0.4126012 0.5645643 0.3916107 0.5645643 0.4126012 0.5192651 0.3916107 0.6098636 0.3827782 0.6098637 0.3916107 0.6098637 0.4126012 0.5645643 0.3827782 0.5110689 0.3428332 0.5277755 0.3186029 0.5367479 0.3240991 0.5239084 0.3201295 0.539412 0.3221078 0.5651795 0.3289062 0.5192651 0.2976404 0.5372928 0.3092953 0.5192651 0.2999463 0.5645643 0.3157077 0.5148594 0.3006479 0.5278543 0.3052288 0.5217941 0.302184 0.6098637 0.2976404 0.5918359 0.3092953 0.5192651 0.2944361 0.6098637 0.2944361 0.6142694 0.2979733 0.6098637 0.2999463 0.5645643 0.3201205 0.6012744 0.3052288 0.6142694 0.3006479 0.6142694 0.3027136 0.6073346 0.302184 0.5924159 0.3134741 0.6112847 0.3050323 0.6035549 0.3086288 0.5255738 0.3086288 0.517844 0.3050323 0.5148594 0.3027136 0.5145092 0.3168644 0.5651795 0.3261707 0.6142201 0.3134497 0.6158499 0.311075 0.6192902 0.309247 0.611102 0.3155144 0.6142201 0.3120608 0.6064507 0.3142464 0.6025836 0.3186029 0.5936111 0.318176 0.5909471 0.3221078 0.5651795 0.3229831 0.5918359 0.3844518 0.5645643 0.3908644 0.5645643 0.3863444 0.5924159 0.3796979 0.5645643 0.3745557 0.6098637 0.3745557 0.6098637 0.3751031 0.6142694 0.3688812 0.6141723 0.367424 0.5372928 0.3844518 0.6012744 0.3803854 0.6073346 0.3773405 0.6035549 0.3748426 0.5117591 0.3532045 0.5117288 0.3554913 0.5104537 0.3350545 0.5104537 0.3369968 0.5116342 0.355043 0.5127206 0.3634387 0.5116342 0.3944371 0.5104537 0.3770671 0.5149564 0.367424 0.5150878 0.3702688 0.5150662 0.3731112 0.5148594 0.3688811 0.5192651 0.3765464 0.5192651 0.3745557 0.5192651 0.3751031 0.5192651 0.3827782 0.5149311 0.3761332 0.5645643 0.3765464 0.5148594 0.4073783 0.6141976 0.3761332 0.6164081 0.3634387 0.6173999 0.3554913 0.6140625 0.3731112 0.6098636 0.3765464 0.6140409 0.3702688 0.6142694 0.4073783 0.6174945 0.355043 0.6173697 0.3532045 0.6174945 0.3944371 0.6186751 0.3350545 0.6186751 0.3770671 0.6174945 0.3093936 0.6174945 0.3116109 0.6174945 0.313444 0.6186751 0.3254695 0.6186751 0.3273438 0.6186751 0.3289779 0.5116342 0.3093936 0.5148594 0.2979733 0.5116342 0.3116109 0.5104537 0.3254695 0.5116342 0.313444 0.5104537 0.3273438 0.5104537 0.3289779 0.5367128 0.3134741 0.5239043 0.3199136 0.5362882 0.3253574 0.5149524 0.315718 0.513894 0.3315953 0.5232932 0.3361361 0.5645643 0.3321768 0.5361328 0.3417627 0.5645643 0.3486456 0.5278543 0.3803854 0.5367128 0.3796979 0.5217941 0.3773405 0.5645643 0.3739953 0.5255738 0.3748426 0.517844 0.3712285 0.5362882 0.3671761 0.5149524 0.3574232 0.5239043 0.3617002 0.5645643 0.3571262 0.5361328 0.3502434 0.513894 0.3398846 0.5232932 0.3445597 0.5928405 0.3671761 0.6052244 0.3617002 0.6112847 0.3712285 0.6141763 0.3574232 0.5929959 0.3502434 0.6152347 0.3398846 0.6058355 0.3445597 0.6052244 0.3199136 0.6141763 0.315718 0.5928405 0.3253574 0.6058355 0.3361361 0.5929959 0.3417627 0.6186751 0.3369968 0.6152347 0.3315953 0.6064507 0.3201295 0.5936111 0.3240991 0.6025836 0.3186029 0.6158499 0.3168644 0.5909471 0.3221078 0.5277755 0.3186029 0.5192569 0.3155144 0.5239084 0.3142464 0.5367479 0.318176 0.5145092 0.311075 0.516139 0.3134497 0.539412 0.3221078 0.5651795 0.3261707 0.5110689 0.309247 0.516139 0.3120608 0.516139 0.3246099 0.5110689 0.3081056 0.5110689 0.3067966 0.6192902 0.3081056 0.6142201 0.3246099 0.6192902 0.3067966 0.789323 0.3949481 0.7776275 0.3554941 0.78766 0.3554941 0.8144135 0.3554941 0.8144135 0.395403 0.7799011 0.395403 0.789323 0.3949481 0.78766 0.3554941 0.7949581 0.4186724 0.7907574 0.4232873 0.7949582 0.4186724 0.8144135 0.4232873 0.8144135 0.4329721 0.8144135 0.395403 0.8144135 0.4232873 0.8144135 0.3554941 0.8395041 0.3949481 0.8411672 0.3554941 0.833869 0.4186724 0.8489259 0.395403 0.8380698 0.4232873 0.8511997 0.3554941 0.8395041 0.3949481 0.8411672 0.3554941 0.833869 0.4186724 0.7776275 0.3354154 0.789323 0.3978062 0.7799011 0.3887347 0.789323 0.3784473 0.78766 0.3251386 0.78766 0.3456922 0.8144135 0.349546 0.8144135 0.4020499 0.7949581 0.4273453 0.7907574 0.4259886 0.7949582 0.4123007 0.8144135 0.4351403 0.8144135 0.4389275 0.8144135 0.3754193 0.8144135 0.4168369 0.8144135 0.3212849 0.8411672 0.3251386 0.833869 0.4123007 0.8395041 0.3784473 0.8489259 0.3887347 0.8380698 0.4259886 0.8511997 0.3354154 0.8395041 0.3978062 0.8411672 0.3456922 0.833869 0.4273453 0.7776275 0.3306607 0.789323 0.3739629 0.7799011 0.3537705 0.789323 0.3330512 0.78766 0.3524723 0.7949581 0.3831067 0.7907574 0.3699174 0.7949582 0.3513834 0.8144135 0.3819078 0.8144135 0.3892038 0.8144135 0.3755255 0.78766 0.308849 0.8144135 0.3006696 0.8144135 0.3506309 0.8144135 0.3256332 0.8395041 0.3330512 0.8511997 0.3306607 0.8411672 0.308849 0.833869 0.3513834 0.8489259 0.3537705 0.8395041 0.3739629 0.8380698 0.3699174 0.833869 0.3831067 0.8411672 0.3524723 0.8144135 0.3606517 0.7969743 0.3273684 0.7886187 0.303278 0.7956537 0.3212123 0.7904298 0.3107822 0.7969743 0.2940249 0.7956536 0.2853436 0.8144135 0.3337104 0.7980664 0.3160254 0.8009534 0.3022898 0.8009534 0.3280255 0.8144135 0.3316531 0.8144135 0.3178464 0.8144135 0.2786183 0.8144135 0.287854 0.8144135 0.3003976 0.8318528 0.2940249 0.8278738 0.3022898 0.8402085 0.303278 0.8331735 0.2853436 0.8383974 0.3107822 0.8318528 0.3273684 0.8307608 0.3160254 0.8278738 0.3280255 0.8331735 0.3212123 0.8144135 0.3279376 0.8450594 0.363847 0.8347503 0.3606947 0.827747 0.3390302 0.8543371 0.3841718 0.8564805 0.3882203 0.8427234 0.3576472 0.8621109 0.4052256 0.8645972 0.4097934 0.8657332 0.412175 0.8659714 0.4127184 0.8583774 0.3925484 0.8486539 0.373034 0.8467048 0.378318 0.8297292 0.3305537 0.8064022 0.3421723 0.8382396 0.3496018 0.8110115 0.3084766 0.8319024 0.3557734 0.82189 0.325666 0.8157331 0.3032209 0.8298897 0.3354301 0.8243611 0.3831499 0.8162728 0.3204815 0.7986741 0.3245388 0.7969697 0.3206497 0.8171647 0.3251464 0.7837684 0.3423733 0.7837633 0.3347292 0.8096513 0.3154771 0.7845713 0.3264687 0.7865888 0.3385466 0.7855261 0.354873 0.7714375 0.322634 0.7820494 0.3514499 0.7948302 0.3157681 0.7997478 0.3269887 0.8004587 0.3941562 0.8063205 0.4102035 0.7961396 0.3852867 0.8075218 0.3902052 0.8049335 0.4041961 0.8082175 0.4145317 0.8179015 0.4337857 0.8176633 0.4332423 0.8047965 0.4058837 0.7931643 0.3793672 0.8008087 0.3755699 0.8102834 0.4192457 0.8177234 0.4333793 0.8154746 0.3628731 0.7896255 0.3557374 0.8225735 0.379071 0.8505755 0.4429641 0.8650419 0.4304941 0.8660296 0.432748 0.851996 0.4462053 0.8325896 0.4474034 0.8316019 0.4451497 0.8654944 0.4315268 0.8320544 0.4461823 0.8516389 0.4453906 0.8166821 0.4307928 0.8481533 0.4374372 0.8297651 0.4409585 0.8632051 0.426303 0.8409618 0.3755497 0.8530034 0.3831289 0.8594157 0.4196043 0.863462 0.4268895 0.8445799 0.3847003 0.8580121 0.3997684 0.8522043 0.4125717 0.8461424 0.432849 0.8496321 0.4408115 0.8406443 0.3861949 0.8487328 0.3971764 0.8243611 0.3831499 0.8253469 0.385399 0.8263984 0.3877982 0.8325228 0.4017725 0.8404915 0.419955 0.8212112 0.3418539 0.7961313 0.3528454 0.8089234 0.3479248 0.817876 0.3683524 0.7902874 0.3706175 0.7991204 0.3701406 0.805665 0.3963042 0.8271243 0.4235634 0.8155643 0.3971866 0.818157 0.4105767 0.8137738 0.4191564 0.8117979 0.3990675 0.8150085 0.4258689 0.8274077 0.4336321 0.8300221 0.441545 0.8657933 0.4123121 0.8604434 0.3972626 0.7762737 0.3176399 0.7693316 0.2991703 0.7986741 0.3245388 0.7916856 0.3085929 0.8087833 0.3033923 0.7728696 0.2997684 0.7979496 0.2887768 0.7999075 0.28577 0.7837554 0.2904983 0.7814742 0.2852931 0.778502 0.3227243 0.7742873 0.3030032 0.7993672 0.2920116 0.7854838 0.2944419 0.7947795 0.3156524 0.01823384 0.7655525 0.0276991 0.7654828 0.01824122 0.7657718 0.01802833 0.7655234 0.01883794 0.7654486 0.01721361 0.7658496 0.01725187 0.7657452 0.01822811 0.7654862 0.02826359 0.7654737 0.01653768 0.7661053 0.01725109 0.7657452 0.01724651 0.7661805 0.02833143 0.7661597 0.0182477 0.7661194 0.01654783 0.7661431 0.01824546 0.7665777 0.01648987 0.7666178 0.01592512 0.7670168 0.01596355 0.7665891 0.01657279 0.7671962 0.01560514 0.7676787 0.01729341 0.7669883 0.01546058 0.7671635 0.01591571 0.7665899 0.01540934 0.7671804 0.01688386 0.7687597 0.01598512 0.7687701 0.01635905 0.7678826 0.01725098 0.7678369 0.01638751 0.7888157 0.0182737 0.7674403 0.01504072 0.7678542 0.01503803 0.7678542 0.01491097 0.7685521 0.01481864 0.7685852 0.01514939 0.7678151 0.01511358 0.7687573 0.01478991 0.7693658 0.01476926 0.7687891 0.01549311 0.768768 0.01558614 0.7888138 0.01857466 0.7901215 0.01765513 0.7897639 0.01851383 0.788834 0.01748545 0.7905546 0.02797421 0.7888544 0.02796919 0.7901849 0.01859612 0.7909717 0.01721727 0.7888235 0.01681311 0.7897151 0.01668993 0.7903216 0.01601277 0.7897518 0.01824995 0.7687679 0.01770447 0.791852 0.01839397 0.7919857 0.01842762 0.7920737 0.01766452 0.7917486 0.01703423 0.7914919 0.01706986 0.791482 0.01859384 0.791797 0.01919673 0.7921143 0.01770411 0.791852 0.0168648 0.7910051 0.01768701 0.7914168 0.02793912 0.7914777 0.0279384 0.7918254 0.02738715 0.7921271 0.01859987 0.7914375 0.01648705 0.7910092 0.01699292 0.7907715 0.02795047 0.7910194 0.01536813 0.7888193 0.01534384 0.789012 0.01525082 0.7882517 0.01568528 0.7897798 0.01558089 0.789743 0.01558045 0.789743 0.01530175 0.788824 0.01593169 0.7888101 0.01609441 0.7904119 0.01595214 0.7904167 0.0293185 0.7657889 0.02930762 0.7657452 0.02998169 0.7661152 0.02856524 0.7656115 0.02853063 0.7655234 0.02948884 0.7662814 0.02834538 0.7658002 0.03018857 0.7665921 0.03002093 0.7661053 0.02999132 0.7672008 0.02926539 0.7669911 0.03059422 0.766588 0.03114906 0.7671804 0.03109707 0.7671618 0.0306428 0.7665899 0.03060523 0.7671289 0.02832409 0.7668476 0.0302032 0.7678822 0.03170652 0.7687778 0.03180571 0.7693454 0.03127421 0.7882313 0.03151828 0.7678542 0.03174043 0.7685852 0.03140859 0.7678173 0.03152028 0.7678542 0.03147513 0.7687833 0.03105848 0.7678455 0.03110835 0.768787 0.03094374 0.7888398 0.03058662 0.7888292 0.03062448 0.7687815 0.02833868 0.7687369 0.02873628 0.7677825 0.02974242 0.7687737 0.03012361 0.7888271 0.02927821 0.7888374 0.02813441 0.7920352 0.02886881 0.7914168 0.02889159 0.7917476 0.02885375 0.791852 0.01862855 0.7921212 0.02798305 0.7921084 0.02954286 0.7914441 0.02958326 0.7909793 0.02884504 0.7906088 0.02920154 0.7916981 0.02952237 0.7904009 0.03011816 0.7909627 0.03012139 0.7905803 0.03044221 0.7899184 0.03060561 0.7904167 0.03011478 0.7910072 0.03059723 0.7903808 0.02974287 0.7897146 0.02890707 0.7897603 0.03097763 0.789743 0.03112647 0.789045 0.03121474 0.789012 0.03087424 0.789782 0.03126612 0.7888081 0.0309769 0.789743 0.03177854 0.7687731 0.01644266 0.7910072 0.01595178 0.7904167 0.01823384 0.7655525 0.01725187 0.7657452 0.01721361 0.7658496 0.01883794 0.7654486 0.01802833 0.7655234 0.01822811 0.7654862 0.02826359 0.7654737 0.0276991 0.7654828 0.01725109 0.7657452 0.01653768 0.7661053 0.01654783 0.7661431 0.01824122 0.7657718 0.02833143 0.7661597 0.02834538 0.7658002 0.01724651 0.7661805 0.0182477 0.7661194 0.01648987 0.7666178 0.01824546 0.7665777 0.01596355 0.7665891 0.01560514 0.7676787 0.01657279 0.7671962 0.01592512 0.7670168 0.01540934 0.7671804 0.01546058 0.7671635 0.01591571 0.7665899 0.01688386 0.7687597 0.01638751 0.7888157 0.01721727 0.7888235 0.01725098 0.7678369 0.01635905 0.7678826 0.01598512 0.7687701 0.01824995 0.7687679 0.0182737 0.7674403 0.01729341 0.7669883 0.02832409 0.7668476 0.01504072 0.7678542 0.01491097 0.7685521 0.01514939 0.7678151 0.01481864 0.7685852 0.01478991 0.7693658 0.01476926 0.7687891 0.01503803 0.7678542 0.01511358 0.7687573 0.01549311 0.768768 0.01558614 0.7888138 0.01593169 0.7888101 0.01857466 0.7901215 0.01851383 0.788834 0.01765513 0.7897639 0.01748545 0.7905546 0.01859612 0.7909717 0.02797421 0.7888544 0.02796919 0.7901849 0.01681311 0.7897151 0.01668993 0.7903216 0.01601277 0.7897518 0.01770447 0.791852 0.01842762 0.7920737 0.01839397 0.7919857 0.01703423 0.7914919 0.01770411 0.791852 0.01766452 0.7917486 0.01862855 0.7921212 0.01919673 0.7921143 0.01859384 0.791797 0.01706986 0.791482 0.01768701 0.7914168 0.0168648 0.7910051 0.02793912 0.7914777 0.01859987 0.7914375 0.0279384 0.7918254 0.01648705 0.7910092 0.01699292 0.7907715 0.02795047 0.7910194 0.01536813 0.7888193 0.01525082 0.7882517 0.01534384 0.789012 0.01558089 0.789743 0.01568528 0.7897798 0.01530175 0.788824 0.01595214 0.7904167 0.01609441 0.7904119 0.01558045 0.789743 0.01595178 0.7904167 0.0293185 0.7657889 0.02930762 0.7657452 0.02853063 0.7655234 0.02856524 0.7656115 0.02948884 0.7662814 0.02998169 0.7661152 0.03002093 0.7661053 0.03018857 0.7665921 0.02926539 0.7669911 0.02999132 0.7672008 0.03059422 0.766588 0.0306428 0.7665899 0.03114906 0.7671804 0.03060523 0.7671289 0.03109707 0.7671618 0.0302032 0.7678822 0.03170652 0.7687778 0.03180571 0.7693454 0.03174043 0.7685852 0.03151828 0.7678542 0.03140859 0.7678173 0.03127421 0.7882313 0.03126612 0.7888081 0.03177854 0.7687731 0.03152028 0.7678542 0.03147513 0.7687833 0.03105848 0.7678455 0.03094374 0.7888398 0.03110835 0.768787 0.03058662 0.7888292 0.03062448 0.7687815 0.02833868 0.7687369 0.02927821 0.7888374 0.02974242 0.7687737 0.02873628 0.7677825 0.03012361 0.7888271 0.02738715 0.7921271 0.02813441 0.7920352 0.02889159 0.7917476 0.02886881 0.7914168 0.02798305 0.7921084 0.02885375 0.791852 0.02954286 0.7914441 0.02958326 0.7909793 0.02884504 0.7906088 0.02920154 0.7916981 0.03011478 0.7910072 0.03011816 0.7909627 0.03012139 0.7905803 0.02952237 0.7904009 0.03044221 0.7899184 0.03060561 0.7904167 0.03059723 0.7903808 0.02890707 0.7897603 0.02974287 0.7897146 0.03097763 0.789743 0.03112647 0.789045 0.03087424 0.789782 0.0309769 0.789743 0.03121474 0.789012 0.01644266 0.7910072</float_array>
          <technique_common>
            <accessor count="2825" source="#texcoords-array-array" stride="2">
              <param type="float" name="S" />
              <param type="float" name="T" />
            </accessor>
          </technique_common>
        </source>
        <vertices id="verts-array-vertices">
          <input semantic="POSITION" source="#verts-array" />
        </vertices>
        <triangles count="5263" material="material0">
          <input offset="0" semantic="VERTEX" source="#verts-array-vertices" />
          <input offset="1" semantic="NORMAL" source="#normals-array" />
          <input offset="2" semantic="TEXCOORD" source="#texcoords-array" />
          <p>0 0 0 1 1 1 2 2 2 0 0 0 3 3 3 4 4 4 3 3 3 5 5 5 4 4 4 3 3 3 6 6 6 7 7 7 5 5 5 8 8 8 9 9 9 8 8 8 5 5 5 3 3 3 8 8 8 10 10 10 9 9 9 8 8 8 11 11 11 12 12 12 8 8 8 3 3 3 11 11 11 9 9 9 13 13 13 14 14 14 15 15 15 16 16 16 17 17 17 15 15 15 18 18 18 19 19 19 16 16 16 20 20 20 21 21 21 16 16 16 22 22 22 20 20 20 16 16 16 23 23 23 17 17 17 16 16 16 15 15 15 22 22 22 22 22 22 15 15 15 24 24 24 25 25 25 26 26 26 27 27 27 25 25 25 28 28 28 29 29 29 28 28 28 27 27 27 30 30 30 28 28 28 25 25 25 27 27 27 29 29 29 31 31 31 25 25 25 29 29 29 32 32 32 33 33 33 29 29 29 28 28 28 32 32 32 34 34 34 35 35 35 36 36 36 35 35 35 37 37 37 36 36 36 35 35 35 38 38 38 39 39 39 35 35 35 40 40 40 38 38 38 35 35 35 34 34 34 40 40 40 36 36 36 41 41 41 34 34 34 40 40 40 34 34 34 42 42 42 43 43 43 44 44 44 45 45 45 44 44 44 46 46 46 47 47 47 44 44 44 48 48 48 45 45 45 44 44 44 43 43 43 49 49 49 49 49 49 50 50 50 44 44 44 49 49 49 51 51 51 52 52 52 49 49 49 53 53 53 54 54 54 51 51 51 49 49 49 43 43 43 51 51 51 55 55 55 56 56 56 52 52 52 57 57 57 58 58 58 52 52 52 59 59 59 53 53 53 57 57 57 60 60 60 58 58 58 57 57 57 52 52 52 51 51 51 57 57 57 56 56 56 61 61 61 58 58 58 62 62 62 59 59 59 60 60 60 57 57 57 63 63 63 63 63 63 64 64 64 60 60 60 63 63 63 61 61 61 65 65 65 50 50 50 66 66 66 46 46 46 50 50 50 67 67 67 68 68 68 50 50 50 49 49 49 54 54 54 54 54 54 69 69 69 67 67 67 53 53 53 49 49 49 52 52 52 53 53 53 70 70 70 69 69 69 59 59 59 52 52 52 58 58 58 59 59 59 71 71 71 70 70 70 62 62 62 58 58 58 60 60 60 67 67 67 50 50 50 54 54 54 67 67 67 72 72 72 73 73 73 68 68 68 73 73 73 74 74 74 69 69 69 54 54 54 53 53 53 69 69 69 75 75 75 72 72 72 70 70 70 76 76 76 75 75 75 70 70 70 53 53 53 59 59 59 71 71 71 59 59 59 62 62 62 71 71 71 77 77 77 76 76 76 73 73 73 68 68 68 67 67 67 73 73 73 72 72 72 78 78 78 74 74 74 66 66 66 68 68 68 74 74 74 79 79 79 80 80 80 74 74 74 78 78 78 81 81 81 72 72 72 67 67 67 69 69 69 75 75 75 69 69 69 70 70 70 76 76 76 70 70 70 71 71 71 7 7 7 11 11 11 3 3 3 7 7 7 82 82 82 83 83 83 11 11 11 7 7 7 84 84 84 84 84 84 85 85 85 11 11 11 84 84 84 83 83 83 86 86 86 83 83 83 87 87 87 88 88 88 83 83 83 84 84 84 7 7 7 86 86 86 88 88 88 89 89 89 86 86 86 90 90 90 84 84 84 86 86 86 91 91 91 92 92 92 88 88 88 86 86 86 83 83 83 88 88 88 93 93 93 94 94 94 89 89 89 94 94 94 95 95 95 89 89 89 91 91 91 86 86 86 89 89 89 96 96 96 91 91 91 94 94 94 97 97 97 95 95 95 94 94 94 89 89 89 88 88 88 95 95 95 97 97 97 96 96 96 95 95 95 96 96 96 89 89 89 85 85 85 98 98 98 99 99 99 85 85 85 84 84 84 90 90 90 90 90 90 100 100 100 85 85 85 90 90 90 101 101 101 64 64 64 90 90 90 86 86 86 92 92 92 92 92 92 101 101 101 90 90 90 92 92 92 77 77 77 101 101 101 91 91 91 102 102 102 77 77 77 91 91 91 77 77 77 92 92 92 96 96 96 102 102 102 91 91 91 96 96 96 103 103 103 102 102 102 100 100 100 90 90 90 64 64 64 64 64 64 63 63 63 100 100 100 64 64 64 101 101 101 62 62 62 64 64 64 62 62 62 60 60 60 101 101 101 71 71 71 62 62 62 77 77 77 71 71 71 101 101 101 102 102 102 104 104 104 76 76 76 102 102 102 76 76 76 77 77 77 105 105 105 33 33 33 106 106 106 105 105 105 107 107 107 31 31 31 33 33 33 108 108 108 109 109 109 33 33 33 32 32 32 108 108 108 33 33 33 105 105 105 29 29 29 106 106 106 109 109 109 110 110 110 106 106 106 111 111 111 105 105 105 109 109 109 106 106 106 33 33 33 110 110 110 81 81 81 78 78 78 110 110 110 78 78 78 112 112 112 110 110 110 113 113 113 106 106 106 81 81 81 108 108 108 79 79 79 81 81 81 110 110 110 109 109 109 78 78 78 74 74 74 73 73 73 111 111 111 114 114 114 107 107 107 111 111 111 106 106 106 113 113 113 113 113 113 115 115 115 111 111 111 113 113 113 110 110 110 116 116 116 113 113 113 116 116 116 103 103 103 116 116 116 110 110 110 112 112 112 116 116 116 112 112 112 104 104 104 112 112 112 78 78 78 72 72 72 112 112 112 72 72 72 75 75 75 115 115 115 93 93 93 114 114 114 115 115 115 113 113 113 97 97 97 97 97 97 113 113 113 103 103 103 97 97 97 103 103 103 96 96 96 97 97 97 94 94 94 115 115 115 103 103 103 104 104 104 102 102 102 103 103 103 116 116 116 104 104 104 104 104 104 112 112 112 75 75 75 104 104 104 75 75 75 76 76 76 2 2 2 6 6 6 0 0 0 2 2 2 117 117 117 118 118 118 6 6 6 2 2 2 119 119 119 6 6 6 3 3 3 0 0 0 119 119 119 82 82 82 6 6 6 119 119 119 118 118 118 120 120 120 118 118 118 121 121 121 122 122 122 118 118 118 119 119 119 2 2 2 120 120 120 122 122 122 123 123 123 120 120 120 124 124 124 125 125 125 120 120 120 126 126 126 119 119 119 122 122 122 120 120 120 118 118 118 122 122 122 127 127 127 128 128 128 123 123 123 128 128 128 129 129 129 123 123 123 130 130 130 124 124 124 128 128 128 123 123 123 122 122 122 128 128 128 131 131 131 132 132 132 82 82 82 119 119 119 126 126 126 82 82 82 7 7 7 6 6 6 126 126 126 133 133 133 134 134 134 126 126 126 120 120 120 125 125 125 126 126 126 87 87 87 82 82 82 125 125 125 135 135 135 133 133 133 124 124 124 120 120 120 123 123 123 124 124 124 136 136 136 135 135 135 130 130 130 123 123 123 129 129 129 87 87 87 83 83 83 82 82 82 87 87 87 126 126 126 134 134 134 134 134 134 93 93 93 87 87 87 134 134 134 137 137 137 138 138 138 133 133 133 139 139 139 137 137 137 133 133 133 126 126 126 125 125 125 135 135 135 140 140 140 139 139 139 135 135 135 125 125 125 124 124 124 136 136 136 124 124 124 130 130 130 136 136 136 141 141 141 140 140 140 93 93 93 134 134 134 138 138 138 93 93 93 142 142 142 114 114 114 93 93 93 88 88 88 87 87 87 93 93 93 115 115 115 94 94 94 137 137 137 134 134 134 133 133 133 137 137 137 143 143 143 142 142 142 139 139 139 133 133 133 135 135 135 139 139 139 144 144 144 143 143 143 140 140 140 145 145 145 144 144 144 140 140 140 135 135 135 136 136 136 146 146 146 147 147 147 148 148 148 146 146 146 149 149 149 150 150 150 146 146 146 151 151 151 147 147 147 147 147 147 152 152 152 148 148 148 147 147 147 153 153 153 154 154 154 148 148 148 155 155 155 156 156 156 148 148 148 149 149 149 146 146 146 154 154 154 152 152 152 147 147 147 154 154 154 157 157 157 158 158 158 154 154 154 159 159 159 152 152 152 152 152 152 160 160 160 155 155 155 152 152 152 155 155 155 148 148 148 158 158 158 159 159 159 154 154 154 158 158 158 161 161 161 159 159 159 158 158 158 162 162 162 163 163 163 158 158 158 157 157 157 162 162 162 159 159 159 160 160 160 152 152 152 149 149 149 148 148 148 156 156 156 149 149 149 164 164 164 165 165 165 150 150 150 166 166 166 146 146 146 150 150 150 165 165 165 132 132 132 156 156 156 141 141 141 164 164 164 156 156 156 164 164 164 149 149 149 155 155 155 141 141 141 156 156 156 155 155 155 145 145 145 141 141 141 160 160 160 145 145 145 155 155 155 160 160 160 159 159 159 161 161 161 160 160 160 161 161 161 167 167 167 165 165 165 130 130 130 129 129 129 165 165 165 150 150 150 149 149 149 165 165 165 164 164 164 130 130 130 165 165 165 129 129 129 132 132 132 132 132 132 168 168 168 150 150 150 132 132 132 129 129 129 128 128 128 164 164 164 136 136 136 130 130 130 141 141 141 136 136 136 164 164 164 145 145 145 167 167 167 144 144 144 145 145 145 160 160 160 167 167 167 145 145 145 140 140 140 141 141 141 169 169 169 170 170 170 26 26 26 169 169 169 31 31 31 171 171 171 31 31 31 169 169 169 25 25 25 31 31 31 29 29 29 105 105 105 171 171 171 107 107 107 172 172 172 171 171 171 173 173 173 169 169 169 107 107 107 171 171 171 31 31 31 107 107 107 105 105 105 111 111 111 172 172 172 174 174 174 171 171 171 172 172 172 114 114 114 142 142 142 114 114 114 111 111 111 115 115 115 114 114 114 172 172 172 107 107 107 142 142 142 138 138 138 137 137 137 142 142 142 93 93 93 138 138 138 173 173 173 171 171 171 174 174 174 174 174 174 172 172 172 175 175 175 174 174 174 163 163 163 173 173 173 175 175 175 143 143 143 144 144 144 143 143 143 175 175 175 172 172 172 143 143 143 172 172 172 142 142 142 143 143 143 137 137 137 139 139 139 163 163 163 170 170 170 173 173 173 163 163 163 162 162 162 170 170 170 163 163 163 174 174 174 161 161 161 161 161 161 158 158 158 163 163 163 167 167 167 161 161 161 174 174 174 167 167 167 174 174 174 175 175 175 144 144 144 167 167 167 175 175 175 144 144 144 139 139 139 140 140 140 47 47 47 176 176 176 48 48 48 176 176 176 177 177 177 178 178 178 176 176 176 47 47 47 179 179 179 48 48 48 44 44 44 47 47 47 179 179 179 46 46 46 180 180 180 179 179 179 181 181 181 182 182 182 179 179 179 183 183 183 176 176 176 46 46 46 179 179 179 47 47 47 46 46 46 44 44 44 50 50 50 180 180 180 66 66 66 184 184 184 180 180 180 185 185 185 181 181 181 180 180 180 181 181 181 179 179 179 66 66 66 50 50 50 68 68 68 66 66 66 74 74 74 80 80 80 66 66 66 186 186 186 184 184 184 66 66 66 180 180 180 46 46 46 184 184 184 185 185 185 180 180 180 184 184 184 187 187 187 185 185 185 80 80 80 186 186 186 66 66 66 80 80 80 188 188 188 186 186 186 186 186 186 187 187 187 184 184 184 183 183 183 189 189 189 177 177 177 183 183 183 179 179 179 182 182 182 183 183 183 190 190 190 191 191 191 182 182 182 192 192 192 190 190 190 181 181 181 192 192 192 182 182 182 181 181 181 193 193 193 192 192 192 185 185 185 193 193 193 181 181 181 185 185 185 194 194 194 193 193 193 187 187 187 194 194 194 185 185 185 190 190 190 192 192 192 195 195 195 190 190 190 195 195 195 196 196 196 190 190 190 196 196 196 191 191 191 190 190 190 183 183 183 182 182 182 191 191 191 196 196 196 197 197 197 191 191 191 198 198 198 189 189 189 192 192 192 199 199 199 195 195 195 192 192 192 193 193 193 199 199 199 194 194 194 200 200 200 193 193 193 194 194 194 201 201 201 200 200 200 196 196 196 195 195 195 202 202 202 197 197 197 202 202 202 203 203 203 197 197 197 204 204 204 198 198 198 199 199 199 193 193 193 200 200 200 205 205 205 30 30 30 206 206 206 205 205 205 32 32 32 28 28 28 32 32 32 205 205 205 207 207 207 207 207 207 208 208 208 209 209 209 207 207 207 108 108 108 32 32 32 208 208 208 206 206 206 210 210 210 208 208 208 207 207 207 205 205 205 209 209 209 211 211 211 212 212 212 209 209 209 213 213 213 207 207 207 209 209 209 214 214 214 215 215 215 214 214 214 209 209 209 208 208 208 214 214 214 210 210 210 216 216 216 215 215 215 217 217 217 218 218 218 215 215 215 219 219 219 211 211 211 215 215 215 211 211 211 209 209 209 217 217 217 215 215 215 214 214 214 217 217 217 220 220 220 218 218 218 218 218 218 219 219 219 215 215 215 218 218 218 220 220 220 219 219 219 108 108 108 207 207 207 213 213 213 108 108 108 81 81 81 109 109 109 213 213 213 221 221 221 188 188 188 213 213 213 79 79 79 108 108 108 213 213 213 209 209 209 212 212 212 212 212 212 221 221 221 213 213 213 212 212 212 201 201 201 221 221 221 211 211 211 201 201 201 212 212 212 211 211 211 222 222 222 201 201 201 219 219 219 222 222 222 211 211 211 219 219 219 223 223 223 222 222 222 79 79 79 213 213 213 188 188 188 79 79 79 74 74 74 81 81 81 188 188 188 80 80 80 79 79 79 188 188 188 221 221 221 187 187 187 188 188 188 187 187 187 186 186 186 221 221 221 194 194 194 187 187 187 201 201 201 194 194 194 221 221 221 222 222 222 200 200 200 201 201 201 222 222 222 224 224 224 200 200 200 225 225 225 39 39 39 226 226 226 225 225 225 227 227 227 37 37 37 39 39 39 225 225 225 35 35 35 39 39 39 38 38 38 228 228 228 39 39 39 228 228 228 229 229 229 226 226 226 229 229 229 230 230 230 226 226 226 231 231 231 225 225 225 229 229 229 226 226 226 39 39 39 230 230 230 203 203 203 202 202 202 230 230 230 232 232 232 226 226 226 230 230 230 202 202 202 233 233 233 203 203 203 228 228 228 204 204 204 203 203 203 230 230 230 229 229 229 202 202 202 197 197 197 196 196 196 231 231 231 234 234 234 227 227 227 231 231 231 226 226 226 232 232 232 232 232 232 235 235 235 223 223 223 232 232 232 236 236 236 231 231 231 232 232 232 230 230 230 235 235 235 235 235 235 230 230 230 233 233 233 235 235 235 233 233 233 224 224 224 233 233 233 202 202 202 195 195 195 233 233 233 195 195 195 199 199 199 236 236 236 216 216 216 234 234 234 236 236 236 232 232 232 220 220 220 220 220 220 217 217 217 236 236 236 220 220 220 223 223 223 219 219 219 220 220 220 232 232 232 223 223 223 223 223 223 235 235 235 224 224 224 223 223 223 224 224 224 222 222 222 224 224 224 233 233 233 199 199 199 224 224 224 199 199 199 200 200 200 237 237 237 238 238 238 151 151 151 237 237 237 239 239 239 240 240 240 237 237 237 241 241 241 239 239 239 237 237 237 242 242 242 243 243 243 237 237 237 244 244 244 241 241 241 237 237 237 240 240 240 245 245 245 240 240 240 246 246 246 245 245 245 245 245 245 247 247 247 248 248 248 245 245 245 238 238 238 237 237 237 246 246 246 240 240 240 249 249 249 246 246 246 250 250 250 247 247 247 249 249 249 251 251 251 246 246 246 249 249 249 239 239 239 252 252 252 251 251 251 249 249 249 253 253 253 253 253 253 254 254 254 255 255 255 253 253 253 255 255 255 256 256 256 253 253 253 257 257 257 251 251 251 238 238 238 258 258 258 259 259 259 238 238 238 245 245 245 248 248 248 151 151 151 146 146 146 237 237 237 151 151 151 259 259 259 153 153 153 248 248 248 260 260 260 258 258 258 247 247 247 245 245 245 246 246 246 247 247 247 261 261 261 260 260 260 250 250 250 257 257 257 262 262 262 250 250 250 251 251 251 257 257 257 250 250 250 246 246 246 251 251 251 259 259 259 263 263 263 264 264 264 259 259 259 151 151 151 238 238 238 153 153 153 264 264 264 157 157 157 153 153 153 147 147 147 151 151 151 258 258 258 265 265 265 263 263 263 258 258 258 238 238 238 248 248 248 260 260 260 266 266 266 265 265 265 260 260 260 248 248 248 247 247 247 261 261 261 247 247 247 250 250 250 261 261 261 250 250 250 262 262 262 261 261 261 262 262 262 267 267 267 264 264 264 153 153 153 259 259 259 157 157 157 154 154 154 153 153 153 157 157 157 268 268 268 162 162 162 263 263 263 259 259 259 258 258 258 263 263 263 268 268 268 264 264 264 265 265 265 269 269 269 263 263 263 265 265 265 258 258 258 260 260 260 266 266 266 270 270 270 265 265 265 266 266 266 261 261 261 267 267 267 266 266 266 260 260 260 261 261 261 271 271 271 37 37 37 272 272 272 37 37 37 271 271 271 36 36 36 37 37 37 35 35 35 225 225 225 272 272 272 227 227 227 273 273 273 272 272 272 274 274 274 271 271 271 227 227 227 225 225 225 231 231 231 227 227 227 272 272 272 37 37 37 273 273 273 234 234 234 275 275 275 273 273 273 276 276 276 272 272 272 234 234 234 273 273 273 227 227 227 234 234 234 231 231 231 236 236 236 275 275 275 216 216 216 277 277 277 275 275 275 277 277 277 278 278 278 216 216 216 279 279 279 277 277 277 216 216 216 275 275 275 234 234 234 216 216 216 217 217 217 214 214 214 216 216 216 236 236 236 217 217 217 274 274 274 272 272 272 276 276 276 274 274 274 41 41 41 271 271 271 274 274 274 280 280 280 41 41 41 276 276 276 256 256 256 274 274 274 276 276 276 273 273 273 281 281 281 281 281 281 282 282 282 267 267 267 282 282 282 273 273 273 275 275 275 282 282 282 281 281 281 273 273 273 282 282 282 278 278 278 283 283 283 278 278 278 282 282 282 275 275 275 278 278 278 279 279 279 284 284 284 256 256 256 276 276 276 257 257 257 256 256 256 280 280 280 274 274 274 256 256 256 255 255 255 280 280 280 257 257 257 253 253 253 256 256 256 262 262 262 276 276 276 281 281 281 262 262 262 257 257 257 276 276 276 267 267 267 262 262 262 281 281 281 267 267 267 283 283 283 266 266 266 283 283 283 284 284 284 270 270 270 283 283 283 267 267 267 282 282 282 26 26 26 25 25 25 169 169 169 26 26 26 30 30 30 27 27 27 30 30 30 26 26 26 285 285 285 30 30 30 205 205 205 28 28 28 285 285 285 206 206 206 30 30 30 285 285 285 170 170 170 286 286 286 170 170 170 285 285 285 26 26 26 170 170 170 169 169 169 173 173 173 286 286 286 269 269 269 287 287 287 286 286 286 288 288 288 285 285 285 286 286 286 162 162 162 268 268 268 162 162 162 286 286 286 170 170 170 268 268 268 263 263 263 269 269 269 268 268 268 157 157 157 264 264 264 206 206 206 208 208 208 205 205 205 206 206 206 285 285 285 288 288 288 288 288 288 210 210 210 206 206 206 288 288 288 284 284 284 279 279 279 288 288 288 286 286 286 287 287 287 287 287 287 270 270 270 284 284 284 269 269 269 265 265 265 270 270 270 269 269 269 286 286 286 268 268 268 210 210 210 214 214 214 208 208 208 210 210 210 288 288 288 279 279 279 279 279 279 216 216 216 210 210 210 279 279 279 278 278 278 277 277 277 284 284 284 283 283 283 278 278 278 284 284 284 288 288 288 287 287 287 270 270 270 266 266 266 283 283 283 270 270 270 287 287 287 269 269 269 55 55 55 51 51 51 43 43 43 55 55 55 45 45 45 289 289 289 55 55 55 43 43 43 45 45 45 55 55 55 290 290 290 291 291 291 290 290 290 55 55 55 289 289 289 291 291 291 56 56 56 55 55 55 291 291 291 292 292 292 293 293 293 289 289 289 45 45 45 48 48 48 289 289 289 48 48 48 294 294 294 289 289 289 294 294 294 295 295 295 292 292 292 296 296 296 297 297 297 292 292 292 295 295 295 296 296 296 292 292 292 291 291 291 290 290 290 293 293 293 298 298 298 299 299 299 298 298 298 293 293 293 292 292 292 299 299 299 300 300 300 301 301 301 300 300 300 299 299 299 298 298 298 300 300 300 298 298 298 302 302 302 302 302 302 303 303 303 300 300 300 302 302 302 297 297 297 304 304 304 56 56 56 57 57 57 51 51 51 56 56 56 291 291 291 305 305 305 306 306 306 307 307 307 308 308 308 306 306 306 305 305 305 291 291 291 306 306 306 291 291 291 293 293 293 307 307 307 293 293 293 299 299 299 307 307 307 306 306 306 293 293 293 307 307 307 299 299 299 301 301 301 307 307 307 301 301 301 309 309 309 310 310 310 61 61 61 56 56 56 310 310 310 56 56 56 305 305 305 61 61 61 63 63 63 57 57 57 311 311 311 305 305 305 306 306 306 311 311 311 308 308 308 312 312 312 311 311 311 310 310 310 305 305 305 308 308 308 309 309 309 313 313 313 308 308 308 307 307 307 309 309 309 308 308 308 311 311 311 306 306 306 309 309 309 314 314 314 313 313 313 315 315 315 61 61 61 310 310 310 315 315 315 65 65 65 61 61 61 315 315 315 316 316 316 317 317 317 65 65 65 317 317 317 98 98 98 316 316 316 315 315 315 310 310 310 316 316 316 310 310 310 311 311 311 312 312 312 316 316 316 311 311 311 313 313 313 312 312 312 308 308 308 318 318 318 24 24 24 319 319 319 318 318 318 20 20 20 22 22 22 20 20 20 318 318 318 320 320 320 320 320 320 321 321 321 20 20 20 320 320 320 322 322 322 323 323 323 322 322 322 319 319 319 324 324 324 322 322 322 320 320 320 318 318 318 323 323 323 325 325 325 326 326 326 323 323 323 327 327 327 320 320 320 323 323 323 328 328 328 329 329 329 328 328 328 323 323 323 322 322 322 328 328 328 324 324 324 330 330 330 329 329 329 331 331 331 325 325 325 329 329 329 332 332 332 333 333 333 329 329 329 325 325 325 323 323 323 332 332 332 334 334 334 333 333 333 332 332 332 329 329 329 328 328 328 333 333 333 331 331 331 329 329 329 333 333 333 334 334 334 331 331 331 321 321 321 335 335 335 336 336 336 321 321 321 320 320 320 327 327 327 327 327 327 337 337 337 303 303 303 327 327 327 338 338 338 321 321 321 327 327 327 323 323 323 326 326 326 326 326 326 314 314 314 337 337 337 326 326 326 337 337 337 327 327 327 325 325 325 339 339 339 314 314 314 325 325 325 314 314 314 326 326 326 331 331 331 339 339 339 325 325 325 331 331 331 340 340 340 339 339 339 338 338 338 327 327 327 303 303 303 338 338 338 304 304 304 335 335 335 303 303 303 302 302 302 338 338 338 303 303 303 337 337 337 301 301 301 303 303 303 301 301 301 300 300 300 337 337 337 309 309 309 301 301 301 314 314 314 309 309 309 337 337 337 339 339 339 313 313 313 314 314 314 339 339 339 341 341 341 313 313 313 342 342 342 12 12 12 343 343 343 342 342 342 344 344 344 10 10 10 12 12 12 342 342 342 8 8 8 12 12 12 85 85 85 99 99 99 12 12 12 11 11 11 85 85 85 343 343 343 99 99 99 345 345 345 343 343 343 346 346 346 342 342 342 99 99 99 343 343 343 12 12 12 345 345 345 347 347 347 343 343 343 345 345 345 98 98 98 317 317 317 345 345 345 317 317 317 348 348 348 98 98 98 63 63 63 65 65 65 98 98 98 100 100 100 63 63 63 98 98 98 345 345 345 99 99 99 98 98 98 85 85 85 100 100 100 317 317 317 65 65 65 315 315 315 346 346 346 343 343 343 347 347 347 346 346 346 349 349 349 344 344 344 347 347 347 350 350 350 346 346 346 347 347 347 345 345 345 351 351 351 347 347 347 351 351 351 340 340 340 351 351 351 348 348 348 341 341 341 351 351 351 345 345 345 348 348 348 348 348 348 317 317 317 316 316 316 348 348 348 316 316 316 312 312 312 350 350 350 330 330 330 349 349 349 350 350 350 347 347 347 334 334 334 334 334 334 347 347 347 340 340 340 334 334 334 340 340 340 331 331 331 334 334 334 332 332 332 350 350 350 340 340 340 341 341 341 339 339 339 340 340 340 351 351 351 341 341 341 341 341 341 312 312 312 313 313 313 341 341 341 348 348 348 312 312 312 352 352 352 353 353 353 354 354 354 352 352 352 355 355 355 356 356 356 352 352 352 357 357 357 358 358 358 353 353 353 359 359 359 360 360 360 353 353 353 361 361 361 362 362 362 354 354 354 357 357 357 352 352 352 354 354 354 353 353 353 362 362 362 354 354 354 362 362 362 363 363 363 362 362 362 361 361 361 364 364 364 361 361 361 360 360 360 365 365 365 361 361 361 366 366 366 364 364 364 364 364 364 367 367 367 362 362 362 366 366 366 368 368 368 364 364 364 366 366 366 365 365 365 369 369 369 357 357 357 354 354 354 370 370 370 357 357 357 370 370 370 371 371 371 358 358 358 372 372 372 241 241 241 358 358 358 373 373 373 372 372 372 358 358 358 357 357 357 374 374 374 370 370 370 354 354 354 363 363 363 370 370 370 363 363 363 375 375 375 363 363 363 362 362 362 367 367 367 363 363 363 367 367 367 376 376 376 367 367 367 368 368 368 377 377 377 367 367 367 364 364 364 368 368 368 378 378 378 374 374 374 379 379 379 378 378 378 358 358 358 374 374 374 374 374 374 371 371 371 380 380 380 374 374 374 357 357 357 371 371 371 371 371 371 375 375 375 381 381 381 371 371 371 370 370 370 375 375 375 375 375 375 363 363 363 376 376 376 375 375 375 376 376 376 382 382 382 376 376 376 367 367 367 377 377 377 376 376 376 377 377 377 383 383 383 384 384 384 378 378 378 379 379 379 384 384 384 385 385 385 373 373 373 384 384 384 386 386 386 387 387 387 379 379 379 374 374 374 380 380 380 380 380 380 371 371 371 381 381 381 380 380 380 386 386 386 379 379 379 381 381 381 388 388 388 380 380 380 381 381 381 375 375 375 382 382 382 382 382 382 389 389 389 381 381 381 382 382 382 376 376 376 383 383 383 390 390 390 10 10 10 391 391 391 390 390 390 392 392 392 13 13 13 10 10 10 390 390 390 9 9 9 10 10 10 8 8 8 342 342 342 391 391 391 393 393 393 390 390 390 391 391 391 344 344 344 394 394 394 344 344 344 391 391 391 10 10 10 344 344 344 342 342 342 346 346 346 394 394 394 349 349 349 395 395 395 394 394 394 396 396 396 391 391 391 349 349 349 346 346 346 350 350 350 349 349 349 394 394 394 344 344 344 395 395 395 397 397 397 398 398 398 395 395 395 330 330 330 397 397 397 330 330 330 399 399 399 397 397 397 330 330 330 332 332 332 328 328 328 330 330 330 395 395 395 349 349 349 330 330 330 350 350 350 332 332 332 393 393 393 391 391 391 396 396 396 393 393 393 400 400 400 392 392 392 396 396 396 401 401 401 393 393 393 396 396 396 394 394 394 402 402 402 402 402 402 403 403 403 383 383 383 403 403 403 394 394 394 395 395 395 403 403 403 402 402 402 394 394 394 403 403 403 398 398 398 404 404 404 398 398 398 399 399 399 405 405 405 398 398 398 403 403 403 395 395 395 401 401 401 396 396 396 368 368 368 401 401 401 369 369 369 400 400 400 368 368 368 366 366 366 401 401 401 377 377 377 368 368 368 396 396 396 377 377 377 396 396 396 402 402 402 383 383 383 377 377 377 402 402 402 383 383 383 404 404 404 382 382 382 404 404 404 383 383 383 403 403 403 404 404 404 405 405 405 389 389 389 19 19 19 24 24 24 15 15 15 24 24 24 19 19 19 406 406 406 24 24 24 318 318 318 22 22 22 406 406 406 407 407 407 408 408 408 406 406 406 319 319 319 24 24 24 407 407 407 406 406 406 19 19 19 408 408 408 388 388 388 409 409 409 408 408 408 387 387 387 386 386 386 408 408 408 410 410 410 406 406 406 387 387 387 408 408 408 407 407 407 387 387 387 411 411 411 412 412 412 386 386 386 384 384 384 379 379 379 386 386 386 380 380 380 388 388 388 319 319 319 406 406 406 410 410 410 319 319 319 322 322 322 318 318 318 410 410 410 408 408 408 409 409 409 410 410 410 324 324 324 319 319 319 410 410 410 405 405 405 399 399 399 409 409 409 389 389 389 405 405 405 388 388 388 408 408 408 386 386 386 388 388 388 381 381 381 389 389 389 324 324 324 410 410 410 399 399 399 324 324 324 328 328 328 322 322 322 399 399 399 330 330 330 324 324 324 399 399 399 398 398 398 397 397 397 405 405 405 410 410 410 409 409 409 405 405 405 404 404 404 398 398 398 389 389 389 409 409 409 388 388 388 389 389 389 382 382 382 404 404 404 295 295 295 292 292 292 290 290 290 295 295 295 178 178 178 413 413 413 295 295 295 290 290 290 289 289 289 178 178 178 295 295 295 294 294 294 413 413 413 177 177 177 414 414 414 413 413 413 296 296 296 295 295 295 413 413 413 414 414 414 415 415 415 294 294 294 176 176 176 178 178 178 294 294 294 48 48 48 176 176 176 177 177 177 413 413 413 178 178 178 177 177 177 176 176 176 183 183 183 414 414 414 189 189 189 416 416 416 414 414 414 416 416 416 417 417 417 189 189 189 183 183 183 191 191 191 189 189 189 198 198 198 418 418 418 189 189 189 414 414 414 177 177 177 416 416 416 189 189 189 418 418 418 418 418 418 419 419 419 416 416 416 198 198 198 420 420 420 418 418 418 198 198 198 191 191 191 197 197 197 296 296 296 413 413 413 421 421 421 296 296 296 421 421 421 422 422 422 421 421 421 413 413 413 415 415 415 421 421 421 415 415 415 423 423 423 415 415 415 414 414 414 417 417 417 415 415 415 417 417 417 424 424 424 417 417 417 416 416 416 419 419 419 419 419 419 425 425 425 417 417 417 297 297 297 296 296 296 422 422 422 297 297 297 422 422 422 426 426 426 297 297 297 302 302 302 298 298 298 297 297 297 298 298 298 292 292 292 422 422 422 421 421 421 423 423 423 422 422 422 423 423 423 427 427 427 423 423 423 424 424 424 428 428 428 423 423 423 415 415 415 424 424 424 424 424 424 425 425 425 429 429 429 424 424 424 417 417 417 425 425 425 425 425 425 430 430 430 429 429 429 304 304 304 431 431 431 335 335 335 304 304 304 338 338 338 302 302 302 304 304 304 297 297 297 426 426 426 426 426 426 422 422 422 427 427 427 426 426 426 427 427 427 431 431 431 427 427 427 423 423 423 428 428 428 428 428 428 424 424 424 429 429 429 432 432 432 42 42 42 433 433 433 432 432 432 38 38 38 40 40 40 38 38 38 432 432 432 434 434 434 434 434 434 435 435 435 436 436 436 434 434 434 228 228 228 38 38 38 435 435 435 434 434 434 432 432 432 435 435 435 433 433 433 437 437 437 436 436 436 438 438 438 439 439 439 436 436 436 440 440 440 434 434 434 436 436 436 441 441 441 442 442 442 438 438 438 436 436 436 435 435 435 438 438 438 437 437 437 443 443 443 439 439 439 441 441 441 436 436 436 439 439 439 444 444 444 441 441 441 439 439 439 445 445 445 446 446 446 445 445 445 447 447 447 446 446 446 445 445 445 439 439 439 438 438 438 446 446 446 447 447 447 444 444 444 446 446 446 444 444 444 439 439 439 228 228 228 203 203 203 229 229 229 228 228 228 434 434 434 440 440 440 440 440 440 204 204 204 228 228 228 440 440 440 436 436 436 442 442 442 440 440 440 448 448 448 420 420 420 442 442 442 430 430 430 448 448 448 442 442 442 448 448 448 440 440 440 441 441 441 449 449 449 430 430 430 441 441 441 430 430 430 442 442 442 444 444 444 449 449 449 441 441 441 444 444 444 450 450 450 449 449 449 204 204 204 197 197 197 203 203 203 204 204 204 440 440 440 420 420 420 420 420 420 198 198 198 204 204 204 420 420 420 448 448 448 419 419 419 420 420 420 419 419 419 418 418 418 448 448 448 425 425 425 419 419 419 430 430 430 425 425 425 448 448 448 449 449 449 451 451 451 429 429 429 449 449 449 429 429 429 430 430 430 452 452 452 453 453 453 23 23 23 452 452 452 21 21 21 454 454 454 21 21 21 452 452 452 16 16 16 21 21 21 20 20 20 321 321 321 21 21 21 321 321 321 336 336 336 454 454 454 336 336 336 455 455 455 454 454 454 456 456 456 452 452 452 336 336 336 454 454 454 21 21 21 455 455 455 457 457 457 454 454 454 455 455 455 335 335 335 431 431 431 455 455 455 431 431 431 458 458 458 335 335 335 455 455 455 336 336 336 335 335 335 321 321 321 338 338 338 431 431 431 304 304 304 426 426 426 456 456 456 459 459 459 453 453 453 456 456 456 454 454 454 457 457 457 457 457 457 460 460 460 456 456 456 457 457 457 461 461 461 450 450 450 457 457 457 455 455 455 461 461 461 461 461 461 455 455 455 458 458 458 461 461 461 458 458 458 451 451 451 458 458 458 431 431 431 427 427 427 458 458 458 427 427 427 428 428 428 460 460 460 443 443 443 459 459 459 460 460 460 457 457 457 447 447 447 447 447 447 457 457 457 450 450 450 447 447 447 450 450 450 444 444 444 447 447 447 445 445 445 460 460 460 450 450 450 451 451 451 449 449 449 450 450 450 461 461 461 451 451 451 451 451 451 428 428 428 429 429 429 451 451 451 458 458 458 428 428 428 241 241 241 462 462 462 239 239 239 241 241 241 244 244 244 463 463 463 241 241 241 372 372 372 464 464 464 241 241 241 352 352 352 358 358 358 464 464 464 462 462 462 241 241 241 465 465 465 466 466 466 467 467 467 465 465 465 464 464 464 372 372 372 465 465 465 372 372 372 373 373 373 373 373 373 378 378 378 384 384 384 373 373 373 358 358 358 378 378 378 466 466 466 373 373 373 385 385 385 466 466 466 465 465 465 373 373 373 385 385 385 384 384 384 387 387 387 385 385 385 468 468 468 466 466 466 385 385 385 387 387 387 412 412 412 462 462 462 464 464 464 469 469 469 239 239 239 249 249 249 240 240 240 469 469 469 470 470 470 471 471 471 470 470 470 465 465 465 467 467 467 470 470 470 467 467 467 472 472 472 470 470 470 464 464 464 465 465 465 470 470 470 469 469 469 464 464 464 467 467 467 468 468 468 473 473 473 467 467 467 466 466 466 468 468 468 474 474 474 252 252 252 239 239 239 474 474 474 239 239 239 462 462 462 475 475 475 462 462 462 469 469 469 475 475 475 471 471 471 476 476 476 475 475 475 474 474 474 462 462 462 471 471 471 472 472 472 477 477 477 471 471 471 475 475 475 469 469 469 472 472 472 471 471 471 470 470 470 472 472 472 467 467 467 473 473 473 472 472 472 473 473 473 478 478 478 479 479 479 252 252 252 474 474 474 479 479 479 254 254 254 252 252 252 254 254 254 480 480 480 255 255 255 254 254 254 249 249 249 252 252 252 254 254 254 253 253 253 249 249 249 481 481 481 480 480 480 479 479 479 481 481 481 479 479 479 474 474 474 481 481 481 474 474 474 475 475 475 476 476 476 482 482 482 481 481 481 476 476 476 481 481 481 475 475 475 477 477 477 483 483 483 476 476 476 477 477 477 472 472 472 478 478 478 477 477 477 476 476 476 471 471 471 18 18 18 15 15 15 17 17 17 18 18 18 23 23 23 484 484 484 23 23 23 16 16 16 452 452 452 23 23 23 18 18 18 17 17 17 484 484 484 411 411 411 18 18 18 484 484 484 453 453 453 485 485 485 453 453 453 452 452 452 456 456 456 453 453 453 484 484 484 23 23 23 485 485 485 486 486 486 484 484 484 485 485 485 459 459 459 487 487 487 459 459 459 485 485 485 453 453 453 459 459 459 456 456 456 460 460 460 487 487 487 488 488 488 489 489 489 487 487 487 443 443 443 488 488 488 443 443 443 445 445 445 438 438 438 443 443 443 460 460 460 445 445 445 443 443 443 487 487 487 459 459 459 443 443 443 490 490 490 488 488 488 411 411 411 407 407 407 19 19 19 411 411 411 387 387 387 407 407 407 411 411 411 484 484 484 486 486 486 411 411 411 19 19 19 18 18 18 486 486 486 412 412 412 411 411 411 486 486 486 485 485 485 491 491 491 491 491 491 492 492 492 478 478 478 492 492 492 491 491 491 485 485 485 492 492 492 485 485 485 487 487 487 492 492 492 489 489 489 493 493 493 489 489 489 492 492 492 487 487 487 489 489 489 490 490 490 494 494 494 412 412 412 486 486 486 468 468 468 468 468 468 385 385 385 412 412 412 473 473 473 468 468 468 486 486 486 473 473 473 486 486 486 491 491 491 478 478 478 473 473 473 491 491 491 478 478 478 493 493 493 477 477 477 493 493 493 478 478 478 492 492 492 493 493 493 494 494 494 483 483 483 41 41 41 36 36 36 271 271 271 41 41 41 42 42 42 34 34 34 42 42 42 432 432 432 40 40 40 42 42 42 41 41 41 495 495 495 495 495 495 280 280 280 496 496 496 495 495 495 433 433 433 42 42 42 280 280 280 495 495 495 41 41 41 496 496 496 497 497 497 495 495 495 496 496 496 482 482 482 498 498 498 496 496 496 255 255 255 480 480 480 255 255 255 496 496 496 280 280 280 480 480 480 254 254 254 479 479 479 480 480 480 481 481 481 482 482 482 433 433 433 435 435 435 432 432 432 433 433 433 495 495 495 497 497 497 497 497 497 496 496 496 498 498 498 497 497 497 437 437 437 433 433 433 497 497 497 494 494 494 490 490 490 498 498 498 483 483 483 494 494 494 482 482 482 476 476 476 483 483 483 482 482 482 496 496 496 480 480 480 437 437 437 438 438 438 435 435 435 437 437 437 497 497 497 490 490 490 490 490 490 443 443 443 437 437 437 490 490 490 489 489 489 488 488 488 494 494 494 497 497 497 498 498 498 494 494 494 493 493 493 489 489 489 483 483 483 498 498 498 482 482 482 483 483 483 477 477 477 493 493 493 242 242 242 355 355 355 244 244 244 242 242 242 244 244 244 499 499 499 242 242 242 499 499 499 500 500 500 242 242 242 146 146 146 501 501 501 242 242 242 237 237 237 146 146 146 243 243 243 242 242 242 502 502 502 502 502 502 500 500 500 503 503 503 502 502 502 504 504 504 243 243 243 359 359 359 352 352 352 356 356 356 359 359 359 353 353 353 352 352 352 360 360 360 361 361 361 353 353 353 360 360 360 166 166 166 168 168 168 365 365 365 366 366 366 361 361 361 365 365 365 168 168 168 131 131 131 369 369 369 401 401 401 366 366 366 369 369 369 127 127 127 121 121 121 369 369 369 121 121 121 400 400 400 369 369 369 131 131 131 127 127 127 400 400 400 393 393 393 401 401 401 392 392 392 390 390 390 393 393 393 392 392 392 121 121 121 117 117 117 13 13 13 9 9 9 390 390 390 13 13 13 117 117 117 1 1 1 14 14 14 1 1 1 4 4 4 131 131 131 369 369 369 365 365 365 131 131 131 128 128 128 127 127 127 127 127 127 122 122 122 121 121 121 166 166 166 150 150 150 168 168 168 166 166 166 501 501 501 146 146 146 166 166 166 360 360 360 359 359 359 166 166 166 356 356 356 501 501 501 1 1 1 0 0 0 4 4 4 1 1 1 14 14 14 13 13 13 121 121 121 118 118 118 117 117 117 121 121 121 392 392 392 400 400 400 168 168 168 132 132 132 131 131 131 168 168 168 365 365 365 360 360 360 117 117 117 2 2 2 1 1 1 117 117 117 13 13 13 392 392 392 356 356 356 166 166 166 359 359 359 356 356 356 242 242 242 501 501 501 505 505 505 506 506 506 507 507 507 505 505 505 508 508 508 509 509 509 506 506 506 505 505 505 510 510 510 506 506 506 510 510 510 511 511 511 506 506 506 511 511 511 512 512 512 507 507 507 506 506 506 513 513 513 510 510 510 514 514 514 515 515 515 516 516 516 517 517 517 518 518 518 516 516 516 519 519 519 520 520 520 517 517 517 516 516 516 521 521 521 517 517 517 521 521 521 522 522 522 517 517 517 522 522 522 523 523 523 518 518 518 517 517 517 524 524 524 521 521 521 516 516 516 525 525 525 526 526 526 527 527 527 528 528 528 527 527 527 529 529 529 530 530 530 528 528 528 531 531 531 532 532 532 528 528 528 527 527 527 531 531 531 531 531 531 533 533 533 534 534 534 531 531 531 527 527 527 533 533 533 535 535 535 536 536 536 537 537 537 535 535 535 538 538 538 539 539 539 538 538 538 535 535 535 540 540 540 538 538 538 541 541 541 542 542 542 538 538 538 540 540 540 541 541 541 539 539 539 543 543 543 544 544 544 540 540 540 535 535 535 545 545 545 546 546 546 547 547 547 548 548 548 546 546 546 549 549 549 550 550 550 549 549 549 551 551 551 552 552 552 549 549 549 553 553 553 551 551 551 549 549 549 546 546 546 553 553 553 550 550 550 549 549 549 554 554 554 553 553 553 546 546 546 555 555 555 556 556 556 557 557 557 558 558 558 557 557 557 559 559 559 558 558 558 557 557 557 556 556 556 560 560 560 560 560 560 561 561 561 557 557 557 560 560 560 562 562 562 563 563 563 560 560 560 564 564 564 565 565 565 564 564 564 566 566 566 565 565 565 564 564 564 560 560 560 556 556 556 565 565 565 567 567 567 562 562 562 566 566 566 564 564 564 568 568 568 566 566 566 569 569 569 567 567 567 568 568 568 570 570 570 566 566 566 570 570 570 568 568 568 571 571 571 570 570 570 572 572 572 573 573 573 561 561 561 574 574 574 575 575 575 561 561 561 560 560 560 563 563 563 561 561 561 576 576 576 557 557 557 563 563 563 577 577 577 574 574 574 562 562 562 578 578 578 577 577 577 562 562 562 560 560 560 565 565 565 567 567 567 565 565 565 566 566 566 567 567 567 579 579 579 578 578 578 569 569 569 566 566 566 570 570 570 574 574 574 561 561 561 563 563 563 574 574 574 577 577 577 580 580 580 575 575 575 581 581 581 561 561 561 575 575 575 574 574 574 582 582 582 577 577 577 578 578 578 583 583 583 577 577 577 563 563 563 562 562 562 578 578 578 579 579 579 584 584 584 578 578 578 562 562 562 567 567 567 579 579 579 567 567 567 569 569 569 515 515 515 585 585 585 586 586 586 515 515 515 511 511 511 510 510 510 511 511 511 515 515 515 587 587 587 587 587 587 572 572 572 511 511 511 587 587 587 586 586 586 588 588 588 587 587 587 589 589 589 573 573 573 586 586 586 590 590 590 591 591 591 586 586 586 587 587 587 515 515 515 586 586 586 592 592 592 588 588 588 588 588 588 589 589 589 587 587 587 588 588 588 593 593 593 589 589 589 591 591 591 594 594 594 592 592 592 591 591 591 595 595 595 596 596 596 591 591 591 592 592 592 586 586 586 592 592 592 593 593 593 588 588 588 592 592 592 597 597 597 593 593 593 596 596 596 594 594 594 591 591 591 596 596 596 598 598 598 599 599 599 596 596 596 599 599 599 594 594 594 594 594 594 600 600 600 597 597 597 594 594 594 597 597 597 592 592 592 572 572 572 587 587 587 573 573 573 572 572 572 570 570 570 571 571 571 573 573 573 569 569 569 570 570 570 589 589 589 579 579 579 569 569 569 589 589 589 569 569 569 573 573 573 593 593 593 579 579 579 589 589 589 593 593 593 584 584 584 579 579 579 597 597 597 601 601 601 584 584 584 597 597 597 584 584 584 593 593 593 584 584 584 583 583 583 578 578 578 543 543 543 539 539 539 538 538 538 543 543 543 542 542 542 602 602 602 542 542 542 603 603 603 604 604 604 542 542 542 541 541 541 603 603 603 542 542 542 543 543 543 538 538 538 602 602 602 604 604 604 605 605 605 602 602 602 605 605 605 601 601 601 602 602 602 599 599 599 543 543 543 604 604 604 606 606 606 582 582 582 604 604 604 603 603 603 606 606 606 604 604 604 582 582 582 580 580 580 604 604 604 602 602 602 542 542 542 605 605 605 604 604 604 580 580 580 605 605 605 580 580 580 583 583 583 580 580 580 582 582 582 574 574 574 582 582 582 607 607 607 575 575 575 599 599 599 602 602 602 600 600 600 599 599 599 544 544 544 543 543 543 599 599 599 600 600 600 594 594 594 600 600 600 601 601 601 597 597 597 600 600 600 602 602 602 601 601 601 601 601 601 605 605 605 583 583 583 601 601 601 583 583 583 584 584 584 583 583 583 580 580 580 577 577 577 509 509 509 514 514 514 505 505 505 514 514 514 510 510 510 505 505 505 514 514 514 509 509 509 608 608 608 608 608 608 609 609 609 610 610 610 608 608 608 611 611 611 612 612 612 608 608 608 585 585 585 514 514 514 609 609 609 608 608 608 509 509 509 609 609 609 613 613 613 610 610 610 610 610 610 614 614 614 611 611 611 613 613 613 609 609 609 615 615 615 613 613 613 616 616 616 614 614 614 615 615 615 617 617 617 613 613 613 617 617 617 615 615 615 618 618 618 617 617 617 619 619 619 620 620 620 585 585 585 621 621 621 590 590 590 585 585 585 608 608 608 612 612 612 585 585 585 515 515 515 514 514 514 612 612 612 622 622 622 621 621 621 611 611 611 623 623 623 622 622 622 611 611 611 608 608 608 610 610 610 614 614 614 624 624 624 623 623 623 614 614 614 610 610 610 613 613 613 616 616 616 613 613 613 617 617 617 621 621 621 595 595 595 590 590 590 621 621 621 585 585 585 612 612 612 590 590 590 586 586 586 585 585 585 622 622 622 612 612 612 611 611 611 623 623 623 611 611 611 614 614 614 623 623 623 624 624 624 625 625 625 624 624 624 614 614 614 616 616 616 530 530 530 626 626 626 627 627 627 530 530 530 533 533 533 527 527 527 533 533 533 530 530 530 628 628 628 628 628 628 619 619 619 533 533 533 628 628 628 629 629 629 620 620 620 628 628 628 627 627 627 630 630 630 627 627 627 628 628 628 530 530 530 627 627 627 631 631 631 632 632 632 627 627 627 633 633 633 630 630 630 630 630 630 629 629 629 628 628 628 630 630 630 634 634 634 629 629 629 633 633 633 635 635 635 634 634 634 633 633 633 627 627 627 632 632 632 633 633 633 634 634 634 630 630 630 632 632 632 636 636 636 633 633 633 632 632 632 631 631 631 637 637 637 632 632 632 637 637 637 638 638 638 638 638 638 636 636 636 632 632 632 638 638 638 639 639 639 640 640 640 638 638 638 637 637 637 639 639 639 636 636 636 638 638 638 640 640 640 636 636 636 640 640 640 641 641 641 636 636 636 635 635 635 633 633 633 619 619 619 628 628 628 620 620 620 619 619 619 617 617 617 618 618 618 620 620 620 616 616 616 617 617 617 629 629 629 624 624 624 616 616 616 629 629 629 616 616 616 620 620 620 634 634 634 625 625 625 624 624 624 634 634 634 624 624 624 629 629 629 635 635 635 636 636 636 641 641 641 635 635 635 641 641 641 642 642 642 635 635 635 625 625 625 634 634 634 625 625 625 635 635 635 642 642 642 625 625 625 643 643 643 623 623 623 536 536 536 535 535 535 539 539 539 536 536 536 544 544 544 644 644 644 544 544 544 599 599 599 598 598 598 544 544 544 536 536 536 539 539 539 644 644 644 598 598 598 645 645 645 644 644 644 640 640 640 536 536 536 598 598 598 596 596 596 595 595 595 598 598 598 644 644 644 544 544 544 645 645 645 646 646 646 643 643 643 646 646 646 598 598 598 595 595 595 646 646 646 645 645 645 598 598 598 646 646 646 621 621 621 622 622 622 646 646 646 595 595 595 621 621 621 595 595 595 591 591 591 590 590 590 640 640 640 644 644 644 641 641 641 640 640 640 537 537 537 536 536 536 640 640 640 639 639 639 537 537 537 642 642 642 641 641 641 644 644 644 642 642 642 644 644 644 645 645 645 642 642 642 643 643 643 625 625 625 643 643 643 642 642 642 645 645 645 643 643 643 646 646 646 622 622 622 643 643 643 622 622 622 623 623 623 576 576 576 561 561 561 581 581 581 576 576 576 647 647 647 559 559 559 647 647 647 576 576 576 648 648 648 559 559 559 557 557 557 576 576 576 648 648 648 649 649 649 647 647 647 648 648 648 650 650 650 651 651 651 648 648 648 581 581 581 652 652 652 581 581 581 575 575 575 607 607 607 581 581 581 653 653 653 652 652 652 581 581 581 648 648 648 576 576 576 652 652 652 650 650 650 648 648 648 652 652 652 654 654 654 650 650 650 607 607 607 653 653 653 581 581 581 607 607 607 655 655 655 653 653 653 607 607 607 582 582 582 606 606 606 653 653 653 654 654 654 652 652 652 653 653 653 656 656 656 654 654 654 606 606 606 655 655 655 607 607 607 655 655 655 603 603 603 657 657 657 655 655 655 656 656 656 653 653 653 649 649 649 658 658 658 659 659 659 649 649 649 648 648 648 651 651 651 651 651 651 660 660 660 658 658 658 650 650 650 661 661 661 660 660 660 650 650 650 660 660 660 651 651 651 654 654 654 661 661 661 650 650 650 654 654 654 662 662 662 661 661 661 656 656 656 662 662 662 654 654 654 658 658 658 660 660 660 663 663 663 658 658 658 649 649 649 651 651 651 659 659 659 658 658 658 664 664 664 660 660 660 661 661 661 665 665 665 661 661 661 662 662 662 666 666 666 667 667 667 545 545 545 668 668 668 667 667 667 541 541 541 540 540 540 541 541 541 667 667 667 669 669 669 669 669 669 670 670 670 671 671 671 669 669 669 603 603 603 541 541 541 669 669 669 672 672 672 657 657 657 670 670 670 668 668 668 673 673 673 670 670 670 674 674 674 671 671 671 670 670 670 669 669 669 667 667 667 671 671 671 672 672 672 669 669 669 671 671 671 675 675 675 672 672 672 676 676 676 673 673 673 677 677 677 676 676 676 678 678 678 674 674 674 676 676 676 674 674 674 670 670 670 674 674 674 675 675 675 671 671 671 674 674 674 679 679 679 675 675 675 680 680 680 681 681 681 678 678 678 680 680 680 677 677 677 682 682 682 680 680 680 678 678 678 676 676 676 678 678 678 683 683 683 679 679 679 678 678 678 679 679 679 674 674 674 603 603 603 655 655 655 606 606 606 603 603 603 669 669 669 657 657 657 657 657 657 656 656 656 655 655 655 672 672 672 656 656 656 657 657 657 672 672 672 662 662 662 656 656 656 675 675 675 662 662 662 672 672 672 675 675 675 666 666 666 662 662 662 679 679 679 666 666 666 675 675 675 679 679 679 684 684 684 666 666 666 666 666 666 665 665 665 661 661 661 554 554 554 685 685 685 550 550 550 554 554 554 552 552 552 686 686 686 552 552 552 551 551 551 687 687 687 552 552 552 687 687 687 688 688 688 552 552 552 554 554 554 549 549 549 686 686 686 689 689 689 684 684 684 686 686 686 681 681 681 554 554 554 686 686 686 688 688 688 689 689 689 688 688 688 687 687 687 690 690 690 688 688 688 690 690 690 664 664 664 688 688 688 664 664 664 663 663 663 688 688 688 686 686 686 552 552 552 689 689 689 663 663 663 665 665 665 689 689 689 688 688 688 663 663 663 663 663 663 664 664 664 658 658 658 664 664 664 691 691 691 659 659 659 664 664 664 690 690 690 691 691 691 681 681 681 683 683 683 678 678 678 681 681 681 686 686 686 683 683 683 681 681 681 682 682 682 685 685 685 683 683 683 684 684 684 679 679 679 683 683 683 686 686 686 684 684 684 684 684 684 689 689 689 665 665 665 684 684 684 665 665 665 666 666 666 665 665 665 663 663 663 660 660 660 692 692 692 529 529 529 526 526 526 529 529 529 527 527 527 526 526 526 529 529 529 692 692 692 693 693 693 693 693 693 694 694 694 695 695 695 693 693 693 626 626 626 529 529 529 693 693 693 696 696 696 697 697 697 694 694 694 693 693 693 692 692 692 694 694 694 698 698 698 695 695 695 695 695 695 699 699 699 696 696 696 698 698 698 700 700 700 699 699 699 698 698 698 694 694 694 701 701 701 701 701 701 702 702 702 698 698 698 701 701 701 703 703 703 704 704 704 701 701 701 704 704 704 705 705 705 702 702 702 701 701 701 705 705 705 702 702 702 705 705 705 706 706 706 702 702 702 706 706 706 707 707 707 705 705 705 708 708 708 706 706 706 705 705 705 704 704 704 708 708 708 626 626 626 693 693 693 697 697 697 626 626 626 709 709 709 631 631 631 626 626 626 530 530 530 529 529 529 697 697 697 710 710 710 709 709 709 696 696 696 711 711 711 710 710 710 696 696 696 693 693 693 695 695 695 699 699 699 695 695 695 698 698 698 699 699 699 712 712 712 711 711 711 700 700 700 702 702 702 707 707 707 700 700 700 698 698 698 702 702 702 700 700 700 707 707 707 713 713 713 709 709 709 626 626 626 697 697 697 709 709 709 637 637 637 631 631 631 631 631 631 627 627 627 626 626 626 710 710 710 697 697 697 696 696 696 710 710 710 714 714 714 709 709 709 711 711 711 696 696 696 699 699 699 711 711 711 715 715 715 710 710 710 711 711 711 712 712 712 716 716 716 712 712 712 699 699 699 700 700 700 712 712 712 717 717 717 716 716 716 712 712 712 700 700 700 713 713 713 547 547 547 685 685 685 718 718 718 547 547 547 546 546 546 550 550 550 685 685 685 547 547 547 550 550 550 685 685 685 554 554 554 681 681 681 718 718 718 706 706 706 547 547 547 718 718 718 682 682 682 719 719 719 682 682 682 718 718 718 685 685 685 682 682 682 681 681 681 680 680 680 719 719 719 720 720 720 717 717 717 720 720 720 677 677 677 721 721 721 720 720 720 719 719 719 682 682 682 720 720 720 721 721 721 722 722 722 720 720 720 682 682 682 677 677 677 677 677 677 680 680 680 676 676 676 721 721 721 668 668 668 723 723 723 721 721 721 677 677 677 673 673 673 673 673 673 676 676 676 670 670 670 706 706 706 718 718 718 707 707 707 706 706 706 548 548 548 547 547 547 706 706 706 708 708 708 548 548 548 713 713 713 718 718 718 719 719 719 713 713 713 707 707 707 718 718 718 713 713 713 717 717 717 712 712 712 717 717 717 713 713 713 719 719 719 717 717 717 720 720 720 722 722 722 717 717 717 722 722 722 716 716 716 722 722 722 723 723 723 724 724 724 716 716 716 724 724 724 715 715 715 537 537 537 545 545 545 535 535 535 545 545 545 667 667 667 540 540 540 545 545 545 537 537 537 725 725 725 725 725 725 639 639 639 726 726 726 725 725 725 668 668 668 545 545 545 725 725 725 724 724 724 723 723 723 639 639 639 714 714 714 726 726 726 639 639 639 725 725 725 537 537 537 726 726 726 715 715 715 724 724 724 714 714 714 639 639 639 637 637 637 714 714 714 710 710 710 715 715 715 637 637 637 709 709 709 714 714 714 668 668 668 721 721 721 673 673 673 668 668 668 670 670 670 667 667 667 668 668 668 725 725 725 723 723 723 723 723 723 722 722 722 721 721 721 724 724 724 716 716 716 722 722 722 724 724 724 725 725 725 726 726 726 715 715 715 726 726 726 714 714 714 715 715 715 711 711 711 716 716 716 727 727 727 728 728 728 729 729 729 727 727 727 558 558 558 730 730 730 727 727 727 556 556 556 558 558 558 728 728 728 731 731 731 732 732 732 728 728 728 727 727 727 730 730 730 729 729 729 733 733 733 727 727 727 729 729 729 734 734 734 735 735 735 730 730 730 558 558 558 559 559 559 730 730 730 736 736 736 731 731 731 730 730 730 559 559 559 736 736 736 734 734 734 732 732 732 737 737 737 734 734 734 729 729 729 728 728 728 735 735 735 738 738 738 739 739 739 738 738 738 740 740 740 741 741 741 738 738 738 734 734 734 740 740 740 738 738 738 735 735 735 734 734 734 738 738 738 741 741 741 742 742 742 740 740 740 737 737 737 743 743 743 741 741 741 744 744 744 745 745 745 741 741 741 740 740 740 746 746 746 733 733 733 556 556 556 727 727 727 733 733 733 564 564 564 556 556 556 733 733 733 729 729 729 747 747 747 748 748 748 747 747 747 729 729 729 748 748 748 729 729 729 735 735 735 748 748 748 739 739 739 749 749 749 739 739 739 742 742 742 750 750 750 739 739 739 748 748 748 735 735 735 739 739 739 738 738 738 742 742 742 751 751 751 733 733 733 747 747 747 751 751 751 752 752 752 733 733 733 751 751 751 753 753 753 754 754 754 752 752 752 751 751 751 755 755 755 752 752 752 568 568 568 564 564 564 752 752 752 564 564 564 733 733 733 753 753 753 749 749 749 756 756 756 753 753 753 747 747 747 748 748 748 753 753 753 751 751 751 747 747 747 749 749 749 753 753 753 748 748 748 749 749 749 739 739 739 750 750 750 749 749 749 750 750 750 757 757 757 758 758 758 525 525 525 759 759 759 758 758 758 522 522 522 521 521 521 522 522 522 758 758 758 760 760 760 760 760 760 761 761 761 762 762 762 760 760 760 744 744 744 522 522 522 760 760 760 763 763 763 745 745 745 761 761 761 764 764 764 762 762 762 761 761 761 759 759 759 765 765 765 761 761 761 760 760 760 758 758 758 762 762 762 763 763 763 760 760 760 762 762 762 766 766 766 763 763 763 767 767 767 764 764 764 761 761 761 767 767 767 768 768 768 764 764 764 767 767 767 765 765 765 769 769 769 764 764 764 770 770 770 766 766 766 764 764 764 766 766 766 762 762 762 771 771 771 769 769 769 772 772 772 771 771 771 773 773 773 768 768 768 771 771 771 768 768 768 767 767 767 768 768 768 770 770 770 764 764 764 768 768 768 774 774 774 770 770 770 744 744 744 741 741 741 746 746 746 744 744 744 760 760 760 745 745 745 745 745 745 742 742 742 741 741 741 763 763 763 742 742 742 745 745 745 763 763 763 750 750 750 742 742 742 766 766 766 750 750 750 763 763 763 766 766 766 757 757 757 750 750 750 770 770 770 757 757 757 766 766 766 770 770 770 775 775 775 757 757 757 757 757 757 756 756 756 749 749 749 513 513 513 512 512 512 776 776 776 513 513 513 777 777 777 507 507 507 512 512 512 511 511 511 572 572 572 512 512 512 572 572 572 778 778 778 512 512 512 513 513 513 506 506 506 776 776 776 778 778 778 779 779 779 776 776 776 773 773 773 513 513 513 776 776 776 779 779 779 775 775 775 778 778 778 755 755 755 754 754 754 778 778 778 776 776 776 512 512 512 778 778 778 571 571 571 755 755 755 778 778 778 572 572 572 571 571 571 779 779 779 754 754 754 756 756 756 779 779 779 778 778 778 754 754 754 754 754 754 755 755 755 751 751 751 755 755 755 568 568 568 752 752 752 755 755 755 571 571 571 568 568 568 773 773 773 774 774 774 768 768 768 773 773 773 776 776 776 774 774 774 773 773 773 772 772 772 777 777 777 774 774 774 775 775 775 770 770 770 774 774 774 776 776 776 775 775 775 775 775 775 756 756 756 757 757 757 775 775 775 779 779 779 756 756 756 756 756 756 754 754 754 753 753 753 532 532 532 534 534 534 780 780 780 532 532 532 781 781 781 528 528 528 534 534 534 532 532 532 531 531 531 534 534 534 619 619 619 782 782 782 534 534 534 533 533 533 619 619 619 780 780 780 783 783 783 784 784 784 780 780 780 785 785 785 532 532 532 780 780 780 782 782 782 783 783 783 782 782 782 619 619 619 618 618 618 782 782 782 780 780 780 534 534 534 782 782 782 618 618 618 786 786 786 782 782 782 786 786 786 787 787 787 783 783 783 787 787 787 788 788 788 783 783 783 782 782 782 787 787 787 787 787 787 786 786 786 789 789 789 786 786 786 618 618 618 615 615 615 786 786 786 615 615 615 790 790 790 790 790 790 615 615 615 609 609 609 790 790 790 789 789 789 786 786 786 790 790 790 609 609 609 791 791 791 789 789 789 792 792 792 787 787 787 789 789 789 790 790 790 791 791 791 789 789 789 791 791 791 793 793 793 785 785 785 794 794 794 795 795 795 785 785 785 796 796 796 781 781 781 785 785 785 780 780 780 794 794 794 794 794 794 780 780 780 784 784 784 794 794 794 784 784 784 797 797 797 784 784 784 788 788 788 798 798 798 784 784 784 783 783 783 788 788 788 788 788 788 787 787 787 792 792 792 792 792 792 789 789 789 793 793 793 792 792 792 799 799 799 788 788 788 792 792 792 793 793 793 800 800 800 801 801 801 785 785 785 795 795 795 801 801 801 802 802 802 796 796 796 795 795 795 803 803 803 801 801 801 795 795 795 794 794 794 797 797 797 797 797 797 784 784 784 798 798 798 797 797 797 804 804 804 795 795 795 798 798 798 805 805 805 797 797 797 798 798 798 788 788 788 799 799 799 798 798 798 799 799 799 806 806 806 799 799 799 807 807 807 806 806 806 799 799 799 792 792 792 800 800 800 508 508 508 505 505 505 507 507 507 508 508 508 777 777 777 808 808 808 777 777 777 508 508 508 507 507 507 777 777 777 513 513 513 773 773 773 808 808 808 791 791 791 508 508 508 808 808 808 772 772 772 809 809 809 772 772 772 773 773 773 771 771 771 772 772 772 808 808 808 777 777 777 809 809 809 810 810 810 807 807 807 810 810 810 811 811 811 812 812 812 810 810 810 769 769 769 811 811 811 810 810 810 809 809 809 772 772 772 810 810 810 772 772 772 769 769 769 769 769 769 771 771 771 767 767 767 811 811 811 769 769 769 765 765 765 811 811 811 759 759 759 813 813 813 765 765 765 767 767 767 761 761 761 791 791 791 509 509 509 508 508 508 791 791 791 808 808 808 793 793 793 791 791 791 609 609 609 509 509 509 800 800 800 793 793 793 808 808 808 800 800 800 808 808 808 809 809 809 800 800 800 807 807 807 799 799 799 807 807 807 800 800 800 809 809 809 807 807 807 810 810 810 812 812 812 807 807 807 812 812 812 806 806 806 812 812 812 813 813 813 814 814 814 806 806 806 814 814 814 805 805 805 520 520 520 525 525 525 516 516 516 525 525 525 520 520 520 815 815 815 525 525 525 758 758 758 521 521 521 815 815 815 814 814 814 813 813 813 815 815 815 816 816 816 817 817 817 815 815 815 759 759 759 525 525 525 816 816 816 804 804 804 817 817 817 816 816 816 815 815 815 520 520 520 817 817 817 805 805 805 814 814 814 804 804 804 797 797 797 805 805 805 804 804 804 816 816 816 803 803 803 803 803 803 795 795 795 804 804 804 759 759 759 815 815 815 813 813 813 759 759 759 761 761 761 758 758 758 759 759 759 811 811 811 765 765 765 813 813 813 812 812 812 811 811 811 814 814 814 806 806 806 812 812 812 814 814 814 815 815 815 817 817 817 805 805 805 798 798 798 806 806 806 805 805 805 817 817 817 804 804 804 731 731 731 728 728 728 730 730 730 731 731 731 818 818 818 819 819 819 818 818 818 649 649 649 820 820 820 818 818 818 731 731 731 736 736 736 818 818 818 647 647 647 649 649 649 819 819 819 821 821 821 822 822 822 819 819 819 732 732 732 731 731 731 819 819 819 820 820 820 821 821 821 736 736 736 647 647 647 818 818 818 736 736 736 559 559 559 647 647 647 820 820 820 649 649 649 659 659 659 820 820 820 659 659 659 691 691 691 820 820 820 691 691 691 823 823 823 820 820 820 819 819 819 818 818 818 821 821 821 823 823 823 824 824 824 821 821 821 820 820 820 823 823 823 823 823 823 691 691 691 825 825 825 690 690 690 825 825 825 691 691 691 825 825 825 687 687 687 826 826 826 825 825 825 827 827 827 823 823 823 732 732 732 828 828 828 829 829 829 732 732 732 819 819 819 828 828 828 732 732 732 734 734 734 728 728 728 828 828 828 822 822 822 830 830 830 828 828 828 819 819 819 822 822 822 822 822 822 824 824 824 831 831 831 822 822 822 821 821 821 824 824 824 824 824 824 823 823 823 827 827 827 827 827 827 832 832 832 824 824 824 737 737 737 740 740 740 734 734 734 737 737 737 829 829 829 743 743 743 737 737 737 732 732 732 829 829 829 829 829 829 828 828 828 830 830 830 829 829 829 830 830 830 833 833 833 830 830 830 822 822 822 831 831 831 830 830 830 831 831 831 834 834 834 831 831 831 824 824 824 832 832 832 831 831 831 832 832 832 835 835 835 836 836 836 551 551 551 553 553 553 836 836 836 555 555 555 837 837 837 551 551 551 836 836 836 838 838 838 838 838 838 839 839 839 826 826 826 838 838 838 840 840 840 841 841 841 838 838 838 687 687 687 551 551 551 840 840 840 838 838 838 836 836 836 840 840 840 837 837 837 842 842 842 840 840 840 843 843 843 841 841 841 841 841 841 839 839 839 838 838 838 841 841 841 844 844 844 839 839 839 845 845 845 842 842 842 846 846 846 845 845 845 847 847 847 843 843 843 845 845 845 843 843 843 840 840 840 843 843 843 848 848 848 844 844 844 843 843 843 844 844 844 841 841 841 849 849 849 847 847 847 845 845 845 849 849 849 846 846 846 850 850 850 849 849 849 851 851 851 847 847 847 847 847 847 848 848 848 843 843 843 847 847 847 852 852 852 848 848 848 687 687 687 825 825 825 690 690 690 687 687 687 838 838 838 826 826 826 826 826 826 827 827 827 825 825 825 839 839 839 832 832 832 827 827 827 839 839 839 827 827 827 826 826 826 844 844 844 835 835 835 832 832 832 844 844 844 832 832 832 839 839 839 848 848 848 853 853 853 835 835 835 848 848 848 835 835 835 844 844 844 835 835 835 834 834 834 831 831 831 524 524 524 523 523 523 854 854 854 524 524 524 855 855 855 518 518 518 523 523 523 522 522 522 744 744 744 523 523 523 524 524 524 517 517 517 523 523 523 744 744 744 856 856 856 854 854 854 851 851 851 524 524 524 854 854 854 857 857 857 853 853 853 854 854 854 856 856 856 857 857 857 856 856 856 743 743 743 833 833 833 856 856 856 746 746 746 743 743 743 856 856 856 744 744 744 746 746 746 856 856 856 854 854 854 523 523 523 857 857 857 856 856 856 833 833 833 857 857 857 833 833 833 834 834 834 833 833 833 743 743 743 829 829 829 743 743 743 746 746 746 740 740 740 851 851 851 854 854 854 852 852 852 851 851 851 850 850 850 855 855 855 851 851 851 852 852 852 847 847 847 852 852 852 854 854 854 853 853 853 852 852 852 853 853 853 848 848 848 853 853 853 834 834 834 835 835 835 853 853 853 857 857 857 834 834 834 834 834 834 833 833 833 830 830 830 858 858 858 692 692 692 526 526 526 858 858 858 781 781 781 859 859 859 858 858 858 526 526 526 528 528 528 781 781 781 858 858 858 528 528 528 781 781 781 532 532 532 785 785 785 859 859 859 860 860 860 858 858 858 859 859 859 796 796 796 861 861 861 796 796 796 785 785 785 801 801 801 796 796 796 859 859 859 781 781 781 861 861 861 862 862 862 863 863 863 862 862 862 864 864 864 865 865 865 862 862 862 802 802 802 864 864 864 862 862 862 796 796 796 802 802 802 862 862 862 861 861 861 796 796 796 802 802 802 801 801 801 803 803 803 802 802 802 803 803 803 866 866 866 864 864 864 802 802 802 866 866 866 864 864 864 867 867 867 868 868 868 864 864 864 866 866 866 867 867 867 866 866 866 803 803 803 816 816 816 866 866 866 816 816 816 867 867 867 860 860 860 694 694 694 692 692 692 860 860 860 859 859 859 869 869 869 860 860 860 692 692 692 858 858 858 870 870 870 869 869 869 859 859 859 870 870 870 863 863 863 871 871 871 870 870 870 859 859 859 861 861 861 863 863 863 870 870 870 861 861 861 863 863 863 862 862 862 865 865 865 863 863 863 865 865 865 872 872 872 865 865 865 864 864 864 868 868 868 865 865 865 868 868 868 873 873 873 874 874 874 860 860 860 869 869 869 874 874 874 703 703 703 860 860 860 874 874 874 704 704 704 703 703 703 703 703 703 694 694 694 860 860 860 703 703 703 701 701 701 694 694 694 875 875 875 869 869 869 870 870 870 875 875 875 874 874 874 869 869 869 875 875 875 876 876 876 874 874 874 871 871 871 872 872 872 877 877 877 871 871 871 863 863 863 872 872 872 871 871 871 875 875 875 870 870 870 871 871 871 878 878 878 875 875 875 872 872 872 865 865 865 873 873 873 872 872 872 879 879 879 877 877 877 519 519 519 516 516 516 518 518 518 519 519 519 855 855 855 880 880 880 855 855 855 519 519 519 518 518 518 855 855 855 524 524 524 851 851 851 880 880 880 867 867 867 519 519 519 880 880 880 850 850 850 881 881 881 850 850 850 880 880 880 855 855 855 850 850 850 851 851 851 849 849 849 881 881 881 882 882 882 879 879 879 882 882 882 850 850 850 846 846 846 882 882 882 846 846 846 883 883 883 882 882 882 881 881 881 850 850 850 882 882 882 883 883 883 884 884 884 846 846 846 849 849 849 845 845 845 883 883 883 837 837 837 885 885 885 883 883 883 846 846 846 842 842 842 842 842 842 845 845 845 840 840 840 867 867 867 880 880 880 868 868 868 867 867 867 816 816 816 520 520 520 867 867 867 520 520 520 519 519 519 873 873 873 880 880 880 881 881 881 873 873 873 868 868 868 880 880 880 873 873 873 879 879 879 872 872 872 879 879 879 882 882 882 884 884 884 879 879 879 873 873 873 881 881 881 879 879 879 884 884 884 877 877 877 884 884 884 885 885 885 886 886 886 877 877 877 886 886 886 878 878 878 548 548 548 555 555 555 546 546 546 555 555 555 836 836 836 553 553 553 555 555 555 548 548 548 887 887 887 887 887 887 708 708 708 888 888 888 887 887 887 837 837 837 555 555 555 887 887 887 886 886 886 885 885 885 708 708 708 887 887 887 548 548 548 708 708 708 876 876 876 888 888 888 888 888 888 878 878 878 886 886 886 876 876 876 708 708 708 704 704 704 876 876 876 875 875 875 878 878 878 704 704 704 874 874 874 876 876 876 837 837 837 883 883 883 842 842 842 837 837 837 887 887 887 885 885 885 837 837 837 840 840 840 836 836 836 885 885 885 884 884 884 883 883 883 886 886 886 877 877 877 884 884 884 886 886 886 887 887 887 888 888 888 878 878 878 888 888 888 876 876 876 878 878 878 871 871 871 877 877 877 889 889 889 890 890 890 891 891 891 889 889 889 892 892 892 893 893 893 892 892 892 894 894 894 893 893 893 892 892 892 895 895 895 896 896 896 893 893 893 897 897 897 890 890 890 898 898 898 899 899 899 900 900 900 898 898 898 896 896 896 901 901 901 896 896 896 900 900 900 902 902 902 896 896 896 895 895 895 901 901 901 901 901 901 903 903 903 898 898 898 901 901 901 895 895 895 904 904 904 895 895 895 892 892 892 889 889 889 895 895 895 891 891 891 904 904 904 904 904 904 905 905 905 906 906 906 904 904 904 907 907 907 908 908 908 902 902 902 892 892 892 896 896 896 902 902 902 909 909 909 892 892 892 902 902 902 910 910 910 909 909 909 911 911 911 912 912 912 913 913 913 911 911 911 913 913 913 914 914 914 913 913 913 912 912 912 915 915 915 914 914 914 916 916 916 903 903 903 914 914 914 913 913 913 917 917 917 914 914 914 908 908 908 911 911 911 918 918 918 919 919 919 920 920 920 918 918 918 920 920 920 921 921 921 918 918 918 922 922 922 923 923 923 922 922 922 918 918 918 924 924 924 922 922 922 897 897 897 923 923 923 924 924 924 925 925 925 922 922 922 912 912 912 926 926 926 915 915 915 912 912 912 911 911 911 927 927 927 926 926 926 928 928 928 929 929 929 926 926 926 930 930 930 928 928 928 926 926 926 912 912 912 931 931 931 926 926 926 932 932 932 915 915 915 931 931 931 933 933 933 930 930 930 931 931 931 927 927 927 934 934 934 935 935 935 929 929 929 928 928 928 935 935 935 936 936 936 937 937 937 936 936 936 928 928 928 930 930 930 936 936 936 933 933 933 938 938 938 936 936 936 939 939 939 937 937 937 936 936 936 930 930 930 933 933 933 937 937 937 940 940 940 935 935 935 939 939 939 941 941 941 921 921 921 933 933 933 931 931 931 934 934 934 933 933 933 906 906 906 938 938 938 930 930 930 926 926 926 931 931 931 934 934 934 927 927 927 907 907 907 934 934 934 907 907 907 906 906 906 934 934 934 906 906 906 933 933 933 908 908 908 907 907 907 911 911 911 908 908 908 914 914 914 903 903 903 908 908 908 901 901 901 904 904 904 903 903 903 901 901 901 908 908 908 907 907 907 904 904 904 906 906 906 927 927 927 911 911 911 907 907 907 927 927 927 931 931 931 912 912 912 925 925 925 890 890 890 922 922 922 910 910 910 902 902 902 942 942 942 942 942 942 902 902 902 900 900 900 928 928 928 936 936 936 935 935 935 897 897 897 893 893 893 894 894 894 897 897 897 919 919 919 923 923 923 897 897 897 922 922 922 890 890 890 890 890 890 889 889 889 893 893 893 921 921 921 924 924 924 918 918 918 921 921 921 943 943 943 937 937 937 921 921 921 941 941 941 924 924 924 921 921 921 937 937 937 939 939 939 941 941 941 925 925 925 924 924 924 941 941 941 939 939 939 944 944 944 891 891 891 895 895 895 889 889 889 891 891 891 890 890 890 925 925 925 929 929 929 935 935 935 940 940 940 940 940 940 937 937 937 943 943 943 916 916 916 914 914 914 917 917 917 916 916 916 945 945 945 946 946 946 916 916 916 946 946 946 899 899 899 946 946 946 942 942 942 900 900 900 899 899 899 903 903 903 916 916 916 899 899 899 898 898 898 903 903 903 919 919 919 918 918 918 923 923 923 944 944 944 925 925 925 941 941 941 944 944 944 938 938 938 905 905 905 944 944 944 891 891 891 925 925 925 938 938 938 944 944 944 939 939 939 938 938 938 939 939 939 936 936 936 905 905 905 891 891 891 944 944 944 905 905 905 904 904 904 891 891 891 906 906 906 905 905 905 938 938 938 917 917 917 932 932 932 945 945 945 917 917 917 913 913 913 915 915 915 894 894 894 909 909 909 910 910 910 894 894 894 892 892 892 909 909 909 894 894 894 910 910 910 919 919 919 894 894 894 919 919 919 897 897 897 943 943 943 921 921 921 920 920 920 932 932 932 926 926 926 929 929 929 932 932 932 917 917 917 915 915 915 900 900 900 899 899 899 946 946 946 900 900 900 896 896 896 898 898 898 945 945 945 916 916 916 917 917 917 947 947 947 948 948 948 949 949 949 947 947 947 950 950 950 951 951 951 950 950 950 947 947 947 949 949 949 951 951 951 952 952 952 947 947 947 951 951 951 953 953 953 954 954 954 949 949 949 955 955 955 956 956 956 949 949 949 957 957 957 950 950 950 952 952 952 951 951 951 958 958 958 952 952 952 959 959 959 947 947 947 958 958 958 960 960 960 952 952 952 958 958 958 954 954 954 961 961 961 959 959 959 952 952 952 962 962 962 959 959 959 963 963 963 948 948 948 962 962 962 964 964 964 959 959 959 948 948 948 965 965 965 955 955 955 948 948 948 947 947 947 959 959 959 963 963 963 959 959 959 964 964 964 963 963 963 966 966 966 967 967 967 964 964 964 962 962 962 968 968 968 964 964 964 969 969 969 966 966 966 968 968 968 970 970 970 969 969 969 969 969 969 964 964 964 968 968 968 966 966 966 971 971 971 972 972 972 966 966 966 973 973 973 967 967 967 966 966 966 963 963 963 964 964 964 967 967 967 965 965 965 963 963 963 974 974 974 975 975 975 976 976 976 974 974 974 977 977 977 978 978 978 977 977 977 974 974 974 976 976 976 977 977 977 979 979 979 980 980 980 977 977 977 981 981 981 982 982 982 978 978 978 972 972 972 974 974 974 978 978 978 982 982 982 983 983 983 975 975 975 974 974 974 984 984 984 975 975 975 985 985 985 986 986 986 975 975 975 979 979 979 976 976 976 984 984 984 972 972 972 971 971 971 984 984 984 987 987 987 975 975 975 979 979 979 977 977 977 976 976 976 979 979 979 988 988 988 989 989 989 979 979 979 975 975 975 986 986 986 980 980 980 989 989 989 990 990 990 980 980 980 991 991 991 981 981 981 992 992 992 993 993 993 994 994 994 992 992 992 995 995 995 996 996 996 995 995 995 992 992 992 997 997 997 995 995 995 998 998 998 996 996 996 996 996 996 999 999 999 992 992 992 997 997 997 1000 1000 1000 995 995 995 997 997 997 994 994 994 1001 1001 1001 997 997 997 1001 1001 1001 1002 1002 1002 999 999 999 996 996 996 998 998 998 998 998 998 1003 1003 1003 999 999 999 998 998 998 1000 1000 1000 1004 1004 1004 970 970 970 971 971 971 969 969 969 970 970 970 1005 1005 1005 971 971 971 970 970 970 968 968 968 1006 1006 1006 1006 1006 1006 1007 1007 1007 970 970 970 1008 1008 1008 960 960 960 1009 1009 1009 1008 1008 1008 968 968 968 962 962 962 1008 1008 1008 1006 1006 1006 968 968 968 1010 1010 1010 1011 1011 1011 1006 1006 1006 1010 1010 1010 1006 1006 1006 1008 1008 1008 1010 1010 1010 1009 1009 1009 1012 1012 1012 1011 1011 1011 1010 1010 1010 1013 1013 1013 1011 1011 1011 1014 1014 1014 1007 1007 1007 1011 1011 1011 1013 1013 1013 1015 1015 1015 1007 1007 1007 1006 1006 1006 1011 1011 1011 1007 1007 1007 1016 1016 1016 1017 1017 1017 1007 1007 1007 1017 1017 1017 1005 1005 1005 1018 1018 1018 1003 1003 1003 1019 1019 1019 1018 1018 1018 1020 1020 1020 1021 1021 1021 1003 1003 1003 998 998 998 1004 1004 1004 1003 1003 1003 1022 1022 1022 1019 1019 1019 1003 1003 1003 1018 1018 1018 1023 1023 1023 1003 1003 1003 993 993 993 999 999 999 1019 1019 1019 1024 1024 1024 1025 1025 1025 1019 1019 1019 1026 1026 1026 1018 1018 1018 1023 1023 1023 1021 1021 1021 1027 1027 1027 1023 1023 1023 1028 1028 1028 993 993 993 1021 1021 1021 1029 1029 1029 1027 1027 1027 1021 1021 1021 1023 1023 1023 1018 1018 1018 1028 1028 1028 1030 1030 1030 993 993 993 1028 1028 1028 1023 1023 1023 1027 1027 1027 993 993 993 992 992 992 999 999 999 993 993 993 1003 1003 1003 1023 1023 1023 1031 1031 1031 1020 1020 1020 1032 1032 1032 1031 1031 1031 1033 1033 1033 1030 1030 1030 1031 1031 1031 1030 1030 1030 1029 1029 1029 1020 1020 1020 1018 1018 1018 1026 1026 1026 1020 1020 1020 1031 1031 1031 1029 1029 1029 1032 1032 1032 1034 1034 1034 1031 1031 1031 1032 1032 1032 1026 1026 1026 1035 1035 1035 1029 1029 1029 1030 1030 1030 1028 1028 1028 1029 1029 1029 1028 1028 1028 1027 1027 1027 1029 1029 1029 1021 1021 1021 1020 1020 1020 1033 1033 1033 1001 1001 1001 994 994 994 1030 1030 1030 1033 1033 1033 994 994 994 1030 1030 1030 994 994 994 993 993 993 1026 1026 1026 1036 1036 1036 1035 1035 1035 1026 1026 1026 1032 1032 1032 1020 1020 1020 1026 1026 1026 1019 1019 1019 1025 1025 1025 1036 1036 1036 1026 1026 1026 1025 1025 1025 1036 1036 1036 1024 1024 1024 1037 1037 1037 1035 1035 1035 1038 1038 1038 1039 1039 1039 1035 1035 1035 1040 1040 1040 1032 1032 1032 1041 1041 1041 1042 1042 1042 1043 1043 1043 1041 1041 1041 1044 1044 1044 1016 1016 1016 1041 1041 1041 1043 1043 1043 1044 1044 1044 1041 1041 1041 1014 1014 1014 1045 1045 1045 1041 1041 1041 1046 1046 1046 1042 1042 1042 1042 1042 1042 1047 1047 1047 1048 1048 1048 1043 1043 1043 1049 1049 1049 1050 1050 1050 1043 1043 1043 1042 1042 1042 1051 1051 1051 1051 1051 1051 1042 1042 1042 1048 1048 1048 1051 1051 1051 1052 1052 1052 1049 1049 1049 1051 1051 1051 1048 1048 1048 1053 1053 1053 1045 1045 1045 1015 1015 1015 1054 1054 1054 1045 1045 1045 1046 1046 1046 1041 1041 1041 1046 1046 1046 1047 1047 1047 1042 1042 1042 1046 1046 1046 1054 1054 1054 1055 1055 1055 1047 1047 1047 1055 1055 1055 1056 1056 1056 1057 1057 1057 971 971 971 1005 1005 1005 1057 1057 1057 1058 1058 1058 987 987 987 971 971 971 1057 1057 1057 984 984 984 971 971 971 966 966 966 969 969 969 1005 1005 1005 970 970 970 1007 1007 1007 1017 1017 1017 1059 1059 1059 1057 1057 1057 1017 1017 1017 1057 1057 1057 1005 1005 1005 1059 1059 1059 1060 1060 1060 1058 1058 1058 1061 1061 1061 1009 1009 1009 960 960 960 1061 1061 1061 961 961 961 1062 1062 1062 961 961 961 1061 1061 1061 958 958 958 961 961 961 1063 1063 1063 1064 1064 1064 1062 1062 1062 1065 1065 1065 1061 1061 1061 1066 1066 1066 1062 1062 1062 961 961 961 1066 1066 1066 1067 1067 1067 1068 1068 1068 1066 1066 1066 961 961 961 1064 1064 1064 1064 1064 1064 1063 1063 1063 1069 1069 1069 1070 1070 1070 1068 1068 1068 1071 1071 1071 1070 1070 1070 1072 1072 1072 1062 1062 1062 1070 1070 1070 1062 1062 1062 1066 1066 1066 1072 1072 1072 1073 1073 1073 1074 1074 1074 1072 1072 1072 1070 1070 1070 1073 1073 1073 1065 1065 1065 1062 1062 1062 1072 1072 1072 1065 1065 1065 1074 1074 1074 1075 1075 1075 1065 1065 1065 1012 1012 1012 1009 1009 1009 1067 1067 1067 1064 1064 1064 1076 1076 1076 1067 1067 1067 988 988 988 986 986 986 1067 1067 1067 1066 1066 1066 1064 1064 1064 1067 1067 1067 986 986 986 985 985 985 1068 1068 1068 1070 1070 1070 1066 1066 1066 985 985 985 975 975 975 987 987 987 985 985 985 1068 1068 1068 1067 1067 1067 1077 1077 1077 987 987 987 1058 1058 1058 1077 1077 1077 1071 1071 1071 1068 1068 1068 1077 1077 1077 1068 1068 1068 985 985 985 1071 1071 1071 1073 1073 1073 1070 1070 1070 1071 1071 1071 1078 1078 1078 1079 1079 1079 1080 1080 1080 1075 1075 1075 1081 1081 1081 1080 1080 1080 1082 1082 1082 1013 1013 1013 1080 1080 1080 1083 1083 1083 1082 1082 1082 1075 1075 1075 1084 1084 1084 1081 1081 1081 1075 1075 1075 1080 1080 1080 1012 1012 1012 1081 1081 1081 1083 1083 1083 1080 1080 1080 1012 1012 1012 1013 1013 1013 1010 1010 1010 1012 1012 1012 1065 1065 1065 1075 1075 1075 1013 1013 1013 1012 1012 1012 1080 1080 1080 1082 1082 1082 1083 1083 1083 1085 1085 1085 1009 1009 1009 1010 1010 1010 1008 1008 1008 1009 1009 1009 1061 1061 1061 1065 1065 1065 1015 1015 1015 1013 1013 1013 1082 1082 1082 1015 1015 1015 1082 1082 1082 1054 1054 1054 1015 1015 1015 1045 1045 1045 1014 1014 1014 1054 1054 1054 1046 1046 1046 1045 1045 1045 1054 1054 1054 1082 1082 1082 1085 1085 1085 1054 1054 1054 1085 1085 1085 1055 1055 1055 1014 1014 1014 1041 1041 1041 1016 1016 1016 1014 1014 1014 1011 1011 1011 1015 1015 1015 1044 1044 1044 1050 1050 1050 1060 1060 1060 1050 1050 1050 1044 1044 1044 1043 1043 1043 1050 1050 1050 1086 1086 1086 1087 1087 1087 1060 1060 1060 1087 1087 1087 1078 1078 1078 1060 1060 1060 1059 1059 1059 1044 1044 1044 1087 1087 1087 1060 1060 1060 1050 1050 1050 1087 1087 1087 1079 1079 1079 1078 1078 1078 1078 1078 1078 1071 1071 1071 1077 1077 1077 1078 1078 1078 1058 1058 1058 1060 1060 1060 1058 1058 1058 1078 1078 1078 1077 1077 1077 1058 1058 1058 1057 1057 1057 1059 1059 1059 1079 1079 1079 1088 1088 1088 1073 1073 1073 1079 1079 1079 1087 1087 1087 1089 1089 1089 1089 1089 1089 1090 1090 1090 1088 1088 1088 1089 1089 1089 1086 1086 1086 1091 1091 1091 1089 1089 1089 1087 1087 1087 1086 1086 1086 1088 1088 1088 1079 1079 1079 1089 1089 1089 1073 1073 1073 1071 1071 1071 1079 1079 1079 1084 1084 1084 1075 1075 1075 1074 1074 1074 1084 1084 1084 1090 1090 1090 1092 1092 1092 1084 1084 1084 1088 1088 1088 1090 1090 1090 1084 1084 1084 1093 1093 1093 1081 1081 1081 1093 1093 1093 1084 1084 1084 1092 1092 1092 1093 1093 1093 1094 1094 1094 1083 1083 1083 1092 1092 1092 1090 1090 1090 1095 1095 1095 1092 1092 1092 1095 1095 1095 1096 1096 1096 1092 1092 1092 1097 1097 1097 1093 1093 1093 1090 1090 1090 1089 1089 1089 1091 1091 1091 1095 1095 1095 1091 1091 1091 1098 1098 1098 1097 1097 1097 1092 1092 1092 1096 1096 1096 1091 1091 1091 1086 1086 1086 1099 1099 1099 1091 1091 1091 1095 1095 1095 1090 1090 1090 1091 1091 1091 1099 1099 1099 1098 1098 1098 1086 1086 1086 1050 1050 1050 1049 1049 1049 1099 1099 1099 1049 1049 1049 1052 1052 1052 1055 1055 1055 1047 1047 1047 1046 1046 1046 1085 1085 1085 1056 1056 1056 1055 1055 1055 1085 1085 1085 1094 1094 1094 1100 1100 1100 1056 1056 1056 1085 1085 1085 1100 1100 1100 989 989 989 980 980 980 979 979 979 989 989 989 1101 1101 1101 1102 1102 1102 990 990 990 1103 1103 1103 991 991 991 990 990 990 1102 1102 1102 1104 1104 1104 988 988 988 979 979 979 986 986 986 988 988 988 1067 1067 1067 1105 1105 1105 1101 1101 1101 1039 1039 1039 1102 1102 1102 1101 1101 1101 1105 1105 1105 1106 1106 1106 1101 1101 1101 989 989 989 988 988 988 1102 1102 1102 990 990 990 989 989 989 1104 1104 1104 1107 1107 1107 1103 1103 1103 1104 1104 1104 1039 1039 1039 1038 1038 1038 1105 1105 1105 1101 1101 1101 988 988 988 1105 1105 1105 1076 1076 1076 1108 1108 1108 1105 1105 1105 1108 1108 1108 1106 1106 1106 1076 1076 1076 1069 1069 1069 1109 1109 1109 1076 1076 1076 1105 1105 1105 1067 1067 1067 1108 1108 1108 1002 1002 1002 1110 1110 1110 1106 1106 1106 1108 1108 1108 1110 1110 1110 1106 1106 1106 1110 1110 1110 1034 1034 1034 1106 1106 1106 1040 1040 1040 1101 1101 1101 1111 1111 1111 1112 1112 1112 1113 1113 1113 1111 1111 1111 1069 1069 1069 1063 1063 1063 1112 1112 1112 1111 1111 1111 1114 1114 1114 1113 1113 1113 991 991 991 1115 1115 1115 1113 1113 1113 981 981 981 991 991 991 1113 1113 1113 1116 1116 1116 1111 1111 1111 1114 1114 1114 954 954 954 953 953 953 1114 1114 1114 1117 1117 1117 1112 1112 1112 1116 1116 1116 1113 1113 1113 1115 1115 1115 1116 1116 1116 1109 1109 1109 1069 1069 1069 1115 1115 1115 1103 1103 1103 1000 1000 1000 1115 1115 1115 1118 1118 1118 1116 1116 1116 1083 1083 1083 1081 1081 1081 1093 1093 1093 1094 1094 1094 1085 1085 1085 1083 1083 1083 1094 1094 1094 1093 1093 1093 1097 1097 1097 1119 1119 1119 1120 1120 1120 1121 1121 1121 1120 1120 1120 1122 1122 1122 1123 1123 1123 1120 1120 1120 1124 1124 1124 1125 1125 1125 1122 1122 1122 1120 1120 1120 1125 1125 1125 1124 1124 1124 1126 1126 1126 1127 1127 1127 1124 1124 1124 1120 1120 1120 1126 1126 1126 1125 1125 1125 1128 1128 1128 1129 1129 1129 1125 1125 1125 1124 1124 1124 1128 1128 1128 1126 1126 1126 1120 1120 1120 1119 1119 1119 1127 1127 1127 1126 1126 1126 1130 1130 1130 1016 1016 1016 1044 1044 1044 1059 1059 1059 1016 1016 1016 1059 1059 1059 1017 1017 1017 1016 1016 1016 1007 1007 1007 1014 1014 1014 1074 1074 1074 1065 1065 1065 1072 1072 1072 1074 1074 1074 1088 1088 1088 1084 1084 1084 1074 1074 1074 1073 1073 1073 1088 1088 1088 960 960 960 958 958 958 1061 1061 1061 960 960 960 962 962 962 952 952 952 960 960 960 1008 1008 1008 962 962 962 987 987 987 1077 1077 1077 985 985 985 987 987 987 984 984 984 1057 1057 1057 1049 1049 1049 1043 1043 1043 1051 1051 1051 1049 1049 1049 1099 1099 1099 1086 1086 1086 1052 1052 1052 1051 1051 1051 1053 1053 1053 973 973 973 983 983 983 1131 1131 1131 973 973 973 1132 1132 1132 967 967 967 973 973 973 966 966 966 972 972 972 972 972 972 978 978 978 973 973 973 972 972 972 984 984 984 974 974 974 954 954 954 958 958 958 951 951 951 954 954 954 1114 1114 1114 1063 1063 1063 1063 1063 1063 961 961 961 954 954 954 1063 1063 1063 1114 1114 1114 1111 1111 1111 953 953 953 957 957 957 1117 1117 1117 953 953 953 951 951 951 950 950 950 1039 1039 1039 1101 1101 1101 1040 1040 1040 1039 1039 1039 1104 1104 1104 1102 1102 1102 1038 1038 1038 1037 1037 1037 1107 1107 1107 1038 1038 1038 1035 1035 1035 1036 1036 1036 1040 1040 1040 1035 1035 1035 1039 1039 1039 1040 1040 1040 1106 1106 1106 1034 1034 1034 1034 1034 1034 1110 1110 1110 1033 1033 1033 1034 1034 1034 1033 1033 1033 1031 1031 1031 1034 1034 1034 1032 1032 1032 1040 1040 1040 1110 1110 1110 1001 1001 1001 1033 1033 1033 1118 1118 1118 1002 1002 1002 1109 1109 1109 1118 1118 1118 1115 1115 1115 1000 1000 1000 1000 1000 1000 998 998 998 995 995 995 1000 1000 1000 997 997 997 1118 1118 1118 1109 1109 1109 1108 1108 1108 1076 1076 1076 1109 1109 1109 1002 1002 1002 1108 1108 1108 1109 1109 1109 1116 1116 1116 1118 1118 1118 1002 1002 1002 1118 1118 1118 997 997 997 1002 1002 1002 1001 1001 1001 1110 1110 1110 1107 1107 1107 1004 1004 1004 1000 1000 1000 1107 1107 1107 1104 1104 1104 1038 1038 1038 1107 1107 1107 1000 1000 1000 1103 1103 1103 1103 1103 1103 990 990 990 1104 1104 1104 1103 1103 1103 1115 1115 1115 991 991 991 1037 1037 1037 1038 1038 1038 1036 1036 1036 1117 1117 1117 1114 1114 1114 953 953 953 957 957 957 953 953 953 950 950 950 957 957 957 949 949 949 956 956 956 1132 1132 1132 983 983 983 965 965 965 1132 1132 1132 973 973 973 1131 1131 1131 983 983 983 1132 1132 1132 1131 1131 1131 983 983 983 973 973 973 978 978 978 1069 1069 1069 1111 1111 1111 1116 1116 1116 1069 1069 1069 1076 1076 1076 1064 1064 1064 991 991 991 980 980 980 990 990 990 981 981 981 977 977 977 980 980 980 981 981 981 1113 1113 1113 1112 1112 1112 981 981 981 1112 1112 1112 982 982 982 1024 1024 1024 1019 1019 1019 1022 1022 1022 1024 1024 1024 1036 1036 1036 1025 1025 1025 1022 1022 1022 1003 1003 1003 1004 1004 1004 1022 1022 1022 1037 1037 1037 1024 1024 1024 1022 1022 1022 1107 1107 1107 1037 1037 1037 1004 1004 1004 1107 1107 1107 1022 1022 1022 994 994 994 997 997 997 992 992 992 982 982 982 1117 1117 1117 983 983 983 982 982 982 1112 1112 1112 1117 1117 1117 982 982 982 978 978 978 977 977 977 965 965 965 957 957 957 955 955 955 965 965 965 983 983 983 1117 1117 1117 965 965 965 948 948 948 963 963 963 965 965 965 967 967 967 1132 1132 1132 965 965 965 1117 1117 1117 957 957 957 955 955 955 957 957 957 956 956 956 955 955 955 949 949 949 948 948 948 1133 1133 1133 1134 1134 1134 1135 1135 1135 1133 1133 1133 1135 1135 1135 1136 1136 1136 1135 1135 1135 1137 1137 1137 1136 1136 1136 1136 1136 1136 1138 1138 1138 1139 1139 1139 1137 1137 1137 1140 1140 1140 1138 1138 1138 1137 1137 1137 1141 1141 1141 1142 1142 1142 1137 1137 1137 1135 1135 1135 1141 1141 1141 1143 1143 1143 1144 1144 1144 1133 1133 1133 1143 1143 1143 1133 1133 1133 1136 1136 1136 1143 1143 1143 1139 1139 1139 1145 1145 1145 1144 1144 1144 1146 1146 1146 1147 1147 1147 1144 1144 1144 1147 1147 1147 1133 1133 1133 1144 1144 1144 1148 1148 1148 1149 1149 1149 1139 1139 1139 1143 1143 1143 1136 1136 1136 1139 1139 1139 1150 1150 1150 1151 1151 1151 1145 1145 1145 1151 1151 1151 1152 1152 1152 1145 1145 1145 1148 1148 1148 1143 1143 1143 1138 1138 1138 1153 1153 1153 1150 1150 1150 1138 1138 1138 1136 1136 1136 1137 1137 1137 1150 1150 1150 1154 1154 1154 1155 1155 1155 1150 1150 1150 1139 1139 1139 1138 1138 1138 1151 1151 1151 1150 1150 1150 1155 1155 1155 1151 1151 1151 1145 1145 1145 1139 1139 1139 1152 1152 1152 1156 1156 1156 1157 1157 1157 1152 1152 1152 1158 1158 1158 1145 1145 1145 1159 1159 1159 1151 1151 1151 1155 1155 1155 1159 1159 1159 1152 1152 1152 1151 1151 1151 1155 1155 1155 1160 1160 1160 1161 1161 1161 1154 1154 1154 1153 1153 1153 1162 1162 1162 1154 1154 1154 1150 1150 1150 1153 1153 1153 1163 1163 1163 1164 1164 1164 1165 1165 1165 1164 1164 1164 1163 1163 1163 1166 1166 1166 1164 1164 1164 1167 1167 1167 1168 1168 1168 1165 1165 1165 1164 1164 1164 1169 1169 1169 1166 1166 1166 1161 1161 1161 1160 1160 1160 1166 1166 1166 1170 1170 1170 1164 1164 1164 1171 1171 1171 1172 1172 1172 1163 1163 1163 1171 1171 1171 1169 1169 1169 1173 1173 1173 1171 1171 1171 1163 1163 1163 1165 1165 1165 1171 1171 1171 1174 1174 1174 1175 1175 1175 1172 1172 1172 1176 1176 1176 1161 1161 1161 1172 1172 1172 1175 1175 1175 1177 1177 1177 1172 1172 1172 1161 1161 1161 1163 1163 1163 1169 1169 1169 1164 1164 1164 1168 1168 1168 1169 1169 1169 1168 1168 1168 1178 1178 1178 1169 1169 1169 1171 1171 1171 1165 1165 1165 1169 1169 1169 1178 1178 1178 1179 1179 1179 1173 1173 1173 1169 1169 1169 1179 1179 1179 1168 1168 1168 1180 1180 1180 1181 1181 1181 1182 1182 1182 1183 1183 1183 1184 1184 1184 1182 1182 1182 1185 1185 1185 1186 1186 1186 1185 1185 1185 1182 1182 1182 1187 1187 1187 1186 1186 1186 1188 1188 1188 1189 1189 1189 1186 1186 1186 1190 1190 1190 1182 1182 1182 1187 1187 1187 1184 1184 1184 1191 1191 1191 1184 1184 1184 1187 1187 1187 1182 1182 1182 1191 1191 1191 1192 1192 1192 1193 1193 1193 1191 1191 1191 1185 1185 1185 1187 1187 1187 1191 1191 1191 1188 1188 1188 1185 1185 1185 1156 1156 1156 1176 1176 1176 1194 1194 1194 1156 1156 1156 1152 1152 1152 1159 1159 1159 1157 1157 1157 1195 1195 1195 1158 1158 1158 1157 1157 1157 1196 1196 1196 1197 1197 1197 1158 1158 1158 1152 1152 1152 1157 1157 1157 1158 1158 1158 1198 1198 1198 1148 1148 1148 1195 1195 1195 1157 1157 1157 1197 1197 1197 1197 1197 1197 1199 1199 1199 1195 1195 1195 1197 1197 1197 1200 1200 1200 1201 1201 1201 1196 1196 1196 1157 1157 1157 1156 1156 1156 1196 1196 1196 1194 1194 1194 1202 1202 1202 1196 1196 1196 1203 1203 1203 1200 1200 1200 1204 1204 1204 1192 1192 1192 1205 1205 1205 1204 1204 1204 1206 1206 1206 1207 1207 1207 1192 1192 1192 1191 1191 1191 1184 1184 1184 1192 1192 1192 1208 1208 1208 1193 1193 1193 1192 1192 1192 1209 1209 1209 1208 1208 1208 1192 1192 1192 1204 1204 1204 1209 1209 1209 1205 1205 1205 1183 1183 1183 1210 1210 1210 1205 1205 1205 1192 1192 1192 1183 1183 1183 1205 1205 1205 1211 1211 1211 1204 1204 1204 1209 1209 1209 1212 1212 1212 1213 1213 1213 1209 1209 1209 1213 1213 1213 1208 1208 1208 1209 1209 1209 1207 1207 1207 1212 1212 1212 1211 1211 1211 1205 1205 1205 1214 1214 1214 1211 1211 1211 1215 1215 1215 1206 1206 1206 1214 1214 1214 1210 1210 1210 1215 1215 1215 1210 1210 1210 1214 1214 1214 1205 1205 1205 1183 1183 1183 1192 1192 1192 1184 1184 1184 1183 1183 1183 1216 1216 1216 1210 1210 1210 1183 1183 1183 1182 1182 1182 1190 1190 1190 1206 1206 1206 1204 1204 1204 1211 1211 1211 1206 1206 1206 1217 1217 1217 1218 1218 1218 1217 1217 1217 1206 1206 1206 1215 1215 1215 1217 1217 1217 1219 1219 1219 1220 1220 1220 1218 1218 1218 1220 1220 1220 1221 1221 1221 1218 1218 1218 1207 1207 1207 1206 1206 1206 1215 1215 1215 1216 1216 1216 1217 1217 1217 1215 1215 1215 1211 1211 1211 1214 1214 1214 1216 1216 1216 1190 1190 1190 1219 1219 1219 1216 1216 1216 1183 1183 1183 1190 1190 1190 1216 1216 1216 1215 1215 1215 1210 1210 1210 1219 1219 1219 1217 1217 1217 1216 1216 1216 1219 1219 1219 1190 1190 1190 1222 1222 1222 1223 1223 1223 1224 1224 1224 1225 1225 1225 1223 1223 1223 1225 1225 1225 1207 1207 1207 1223 1223 1223 1221 1221 1221 1226 1226 1226 1225 1225 1225 1213 1213 1213 1212 1212 1212 1207 1207 1207 1225 1225 1225 1212 1212 1212 1207 1207 1207 1218 1218 1218 1223 1223 1223 1207 1207 1207 1209 1209 1209 1204 1204 1204 1227 1227 1227 1200 1200 1200 1203 1203 1203 1227 1227 1227 1228 1228 1228 1229 1229 1229 1227 1227 1227 1230 1230 1230 1228 1228 1228 1227 1227 1227 1231 1231 1231 1230 1230 1230 1230 1230 1230 1232 1232 1232 1233 1233 1233 1230 1230 1230 1233 1233 1233 1228 1228 1228 1228 1228 1228 1233 1233 1233 1234 1234 1234 1228 1228 1228 1234 1234 1234 1235 1235 1235 1233 1233 1233 1236 1236 1236 1237 1237 1237 1238 1238 1238 1227 1227 1227 1229 1229 1229 1238 1238 1238 1201 1201 1201 1200 1200 1200 1229 1229 1229 1239 1239 1239 1238 1238 1238 1229 1229 1229 1228 1228 1228 1235 1235 1235 1235 1235 1235 1240 1240 1240 1229 1229 1229 1237 1237 1237 1234 1234 1234 1233 1233 1233 1177 1177 1177 1241 1241 1241 1242 1242 1242 1177 1177 1177 1202 1202 1202 1194 1194 1194 1177 1177 1177 1176 1176 1176 1172 1172 1172 1176 1176 1176 1155 1155 1155 1161 1161 1161 1176 1176 1176 1159 1159 1159 1155 1155 1155 1176 1176 1176 1177 1177 1177 1194 1194 1194 1176 1176 1176 1156 1156 1156 1159 1159 1159 1194 1194 1194 1196 1196 1196 1156 1156 1156 1202 1202 1202 1177 1177 1177 1242 1242 1242 1202 1202 1202 1242 1242 1242 1203 1203 1203 1242 1242 1242 1243 1243 1243 1231 1231 1231 1149 1149 1149 1198 1198 1198 1244 1244 1244 1149 1149 1149 1146 1146 1146 1144 1144 1144 1146 1146 1146 1245 1245 1245 1246 1246 1246 1146 1146 1146 1247 1247 1247 1147 1147 1147 1146 1146 1146 1246 1246 1246 1247 1247 1247 1146 1146 1146 1149 1149 1149 1248 1248 1248 1248 1248 1248 1244 1244 1244 1249 1249 1249 1248 1248 1248 1250 1250 1250 1245 1245 1245 1245 1245 1245 1146 1146 1146 1248 1248 1248 1245 1245 1245 1251 1251 1251 1246 1246 1246 1246 1246 1246 1251 1251 1251 1252 1252 1252 1246 1246 1246 1253 1253 1253 1247 1247 1247 1250 1250 1250 1248 1248 1248 1249 1249 1249 1250 1250 1250 1254 1254 1254 1245 1245 1245 1249 1249 1249 1255 1255 1255 1250 1250 1250 1244 1244 1244 1256 1256 1256 1257 1257 1257 1244 1244 1244 1248 1248 1248 1149 1149 1149 1251 1251 1251 1174 1174 1174 1173 1173 1173 1251 1251 1251 1245 1245 1245 1254 1254 1254 1251 1251 1251 1179 1179 1179 1258 1258 1258 1254 1254 1254 1259 1259 1259 1174 1174 1174 1254 1254 1254 1250 1250 1250 1260 1260 1260 1174 1174 1174 1171 1171 1171 1173 1173 1173 1174 1174 1174 1251 1251 1251 1254 1254 1254 1259 1259 1259 1260 1260 1260 1261 1261 1261 1259 1259 1259 1175 1175 1175 1174 1174 1174 1259 1259 1259 1254 1254 1254 1260 1260 1260 1260 1260 1260 1255 1255 1255 1262 1262 1262 1257 1257 1257 1263 1263 1263 1244 1244 1244 1257 1257 1257 1264 1264 1264 1265 1265 1265 1264 1264 1264 1266 1266 1266 1267 1267 1267 1264 1264 1264 1257 1257 1257 1256 1256 1256 1264 1264 1264 1199 1199 1199 1266 1266 1266 1265 1265 1265 1267 1267 1267 1268 1268 1268 1265 1265 1265 1269 1269 1269 1257 1257 1257 1256 1256 1256 1244 1244 1244 1198 1198 1198 1256 1256 1256 1195 1195 1195 1199 1199 1199 1256 1256 1256 1199 1199 1199 1264 1264 1264 1199 1199 1199 1197 1197 1197 1201 1201 1201 1266 1266 1266 1239 1239 1239 1270 1270 1270 1266 1266 1266 1201 1201 1201 1239 1239 1239 1266 1266 1266 1270 1270 1270 1267 1267 1267 1198 1198 1198 1195 1195 1195 1256 1256 1256 1198 1198 1198 1149 1149 1149 1148 1148 1148 1198 1198 1198 1158 1158 1158 1195 1195 1195 1201 1201 1201 1266 1266 1266 1199 1199 1199 1201 1201 1201 1238 1238 1238 1239 1239 1239 1239 1239 1239 1229 1229 1229 1240 1240 1240 1200 1200 1200 1227 1227 1227 1238 1238 1238 1200 1200 1200 1197 1197 1197 1196 1196 1196 1231 1231 1231 1271 1271 1271 1230 1230 1230 1271 1271 1271 1231 1231 1231 1243 1243 1243 1271 1271 1271 1272 1272 1272 1232 1232 1232 1243 1243 1243 1273 1273 1273 1271 1271 1271 1243 1243 1243 1242 1242 1242 1241 1241 1241 1273 1273 1273 1274 1274 1274 1272 1272 1272 1273 1273 1273 1243 1243 1243 1261 1261 1261 1261 1261 1261 1241 1241 1241 1259 1259 1259 1261 1261 1261 1262 1262 1262 1273 1273 1273 1241 1241 1241 1177 1177 1177 1175 1175 1175 1241 1241 1241 1261 1261 1261 1243 1243 1243 1262 1262 1262 1261 1261 1261 1260 1260 1260 1262 1262 1262 1275 1275 1275 1274 1274 1274 1274 1274 1274 1276 1276 1276 1277 1277 1277 1274 1274 1274 1273 1273 1273 1262 1262 1262 1275 1275 1275 1269 1269 1269 1276 1276 1276 1275 1275 1275 1262 1262 1262 1255 1255 1255 1275 1275 1275 1263 1263 1263 1269 1269 1269 1255 1255 1255 1260 1260 1260 1250 1250 1250 1255 1255 1255 1249 1249 1249 1263 1263 1263 1268 1268 1268 1278 1278 1278 1279 1279 1279 1268 1268 1268 1269 1269 1269 1265 1265 1265 1269 1269 1269 1263 1263 1263 1257 1257 1257 1269 1269 1269 1268 1268 1268 1280 1280 1280 1280 1280 1280 1279 1279 1279 1281 1281 1281 1280 1280 1280 1276 1276 1276 1269 1269 1269 1276 1276 1276 1280 1280 1280 1282 1282 1282 1276 1276 1276 1274 1274 1274 1275 1275 1275 1281 1281 1281 1282 1282 1282 1280 1280 1280 1282 1282 1282 1277 1277 1277 1276 1276 1276 1279 1279 1279 1280 1280 1280 1268 1268 1268 1277 1277 1277 1272 1272 1272 1274 1274 1274 1277 1277 1277 1282 1282 1282 1283 1283 1283 1272 1272 1272 1277 1277 1277 1284 1284 1284 1272 1272 1272 1271 1271 1271 1273 1273 1273 1283 1283 1283 1284 1284 1284 1277 1277 1277 1284 1284 1284 1232 1232 1232 1272 1272 1272 1240 1240 1240 1270 1270 1270 1239 1239 1239 1240 1240 1240 1235 1235 1235 1285 1285 1285 1270 1270 1270 1285 1285 1285 1286 1286 1286 1270 1270 1270 1286 1286 1286 1278 1278 1278 1285 1285 1285 1270 1270 1270 1240 1240 1240 1178 1178 1178 1168 1168 1168 1181 1181 1181 1178 1178 1178 1181 1181 1181 1287 1287 1287 1178 1178 1178 1287 1287 1287 1288 1288 1288 1181 1181 1181 1289 1289 1289 1290 1290 1290 1179 1179 1179 1178 1178 1178 1288 1288 1288 1179 1179 1179 1251 1251 1251 1173 1173 1173 1288 1288 1288 1226 1226 1226 1221 1221 1221 1288 1288 1288 1258 1258 1258 1179 1179 1179 1287 1287 1287 1181 1181 1181 1290 1290 1290 1287 1287 1287 1290 1290 1290 1226 1226 1226 1290 1290 1290 1291 1291 1291 1224 1224 1224 1258 1258 1258 1288 1288 1288 1292 1292 1292 1258 1258 1258 1252 1252 1252 1251 1251 1251 1252 1252 1252 1293 1293 1293 1253 1253 1253 1252 1252 1252 1258 1258 1258 1294 1294 1294 1292 1292 1292 1221 1221 1221 1220 1220 1220 1292 1292 1292 1294 1294 1294 1258 1258 1258 1294 1294 1294 1292 1292 1292 1295 1295 1295 1294 1294 1294 1293 1293 1293 1252 1252 1252 1294 1294 1294 1296 1296 1296 1293 1293 1293 1294 1294 1294 1295 1295 1295 1296 1296 1296 1297 1297 1297 1298 1298 1298 1299 1299 1299 1297 1297 1297 1247 1247 1247 1253 1253 1253 1298 1298 1298 1297 1297 1297 1300 1300 1300 1299 1299 1299 1301 1301 1301 1134 1134 1134 1300 1300 1300 1302 1302 1302 1303 1303 1303 1300 1300 1300 1167 1167 1167 1298 1298 1298 1302 1302 1302 1300 1300 1300 1297 1297 1297 1303 1303 1303 1189 1189 1189 1188 1188 1188 1303 1303 1303 1180 1180 1180 1300 1300 1300 1267 1267 1267 1270 1270 1270 1278 1278 1278 1267 1267 1267 1265 1265 1265 1264 1264 1264 1278 1278 1278 1268 1268 1268 1267 1267 1267 1304 1304 1304 1305 1305 1305 1306 1306 1306 1304 1304 1304 1307 1307 1307 1305 1305 1305 1307 1307 1307 1308 1308 1308 1305 1305 1305 1307 1307 1307 1304 1304 1304 1309 1309 1309 1307 1307 1307 1310 1310 1310 1311 1311 1311 1309 1309 1309 1312 1312 1312 1313 1313 1313 1312 1312 1312 1309 1309 1309 1304 1304 1304 1308 1308 1308 1307 1307 1307 1314 1314 1314 1306 1306 1306 1305 1305 1305 1315 1315 1315 1310 1310 1310 1307 1307 1307 1309 1309 1309 1203 1203 1203 1196 1196 1196 1202 1202 1202 1203 1203 1203 1231 1231 1231 1227 1227 1227 1203 1203 1203 1242 1242 1242 1231 1231 1231 1263 1263 1263 1275 1275 1275 1255 1255 1255 1263 1263 1263 1249 1249 1249 1244 1244 1244 1148 1148 1148 1145 1145 1145 1158 1158 1158 1148 1148 1148 1144 1144 1144 1143 1143 1143 1175 1175 1175 1259 1259 1259 1241 1241 1241 1175 1175 1175 1172 1172 1172 1171 1171 1171 1232 1232 1232 1230 1230 1230 1271 1271 1271 1232 1232 1232 1284 1284 1284 1236 1236 1236 1236 1236 1236 1233 1233 1233 1232 1232 1232 1160 1160 1160 1154 1154 1154 1162 1162 1162 1160 1160 1160 1316 1316 1316 1166 1166 1166 1160 1160 1160 1162 1162 1162 1317 1317 1317 1160 1160 1160 1155 1155 1155 1154 1154 1154 1161 1161 1161 1166 1166 1166 1163 1163 1163 1247 1247 1247 1297 1297 1297 1299 1299 1299 1247 1247 1247 1299 1299 1299 1147 1147 1147 1147 1147 1147 1134 1134 1134 1133 1133 1133 1147 1147 1147 1299 1299 1299 1134 1134 1134 1134 1134 1134 1141 1141 1141 1135 1135 1135 1226 1226 1226 1224 1224 1224 1223 1223 1223 1226 1226 1226 1288 1288 1288 1287 1287 1287 1226 1226 1226 1290 1290 1290 1224 1224 1224 1224 1224 1224 1318 1318 1318 1225 1225 1225 1221 1221 1221 1292 1292 1292 1288 1288 1288 1221 1221 1221 1223 1223 1223 1218 1218 1218 1220 1220 1220 1219 1219 1219 1295 1295 1295 1220 1220 1220 1295 1295 1295 1292 1292 1292 1220 1220 1220 1218 1218 1218 1217 1217 1217 1295 1295 1295 1219 1219 1219 1222 1222 1222 1295 1295 1295 1222 1222 1222 1296 1296 1296 1189 1189 1189 1303 1303 1303 1302 1302 1302 1188 1188 1188 1191 1191 1191 1193 1193 1193 1188 1188 1188 1289 1289 1289 1303 1303 1303 1188 1188 1188 1193 1193 1193 1291 1291 1291 1188 1188 1188 1186 1186 1186 1185 1185 1185 1296 1296 1296 1189 1189 1189 1293 1293 1293 1296 1296 1296 1186 1186 1186 1189 1189 1189 1293 1293 1293 1189 1189 1189 1302 1302 1302 1293 1293 1293 1302 1302 1302 1253 1253 1253 1222 1222 1222 1186 1186 1186 1296 1296 1296 1291 1291 1291 1208 1208 1208 1318 1318 1318 1291 1291 1291 1290 1290 1290 1289 1289 1289 1289 1289 1289 1181 1181 1181 1180 1180 1180 1289 1289 1289 1188 1188 1188 1291 1291 1291 1318 1318 1318 1224 1224 1224 1291 1291 1291 1318 1318 1318 1208 1208 1208 1213 1213 1213 1301 1301 1301 1153 1153 1153 1141 1141 1141 1301 1301 1301 1299 1299 1299 1298 1298 1298 1141 1141 1141 1140 1140 1140 1142 1142 1142 1141 1141 1141 1134 1134 1134 1301 1301 1301 1162 1162 1162 1316 1316 1316 1317 1317 1317 1316 1316 1316 1160 1160 1160 1317 1317 1317 1316 1316 1316 1162 1162 1162 1153 1153 1153 1316 1316 1316 1301 1301 1301 1170 1170 1170 1253 1253 1253 1246 1246 1246 1252 1252 1252 1253 1253 1253 1302 1302 1302 1297 1297 1297 1180 1180 1180 1168 1168 1168 1167 1167 1167 1180 1180 1180 1303 1303 1303 1289 1289 1289 1167 1167 1167 1164 1164 1164 1170 1170 1170 1167 1167 1167 1300 1300 1300 1180 1180 1180 1213 1213 1213 1225 1225 1225 1318 1318 1318 1208 1208 1208 1291 1291 1291 1193 1193 1193 1190 1190 1190 1186 1186 1186 1222 1222 1222 1170 1170 1170 1298 1298 1298 1167 1167 1167 1170 1170 1170 1301 1301 1301 1298 1298 1298 1170 1170 1170 1166 1166 1166 1316 1316 1316 1153 1153 1153 1138 1138 1138 1140 1140 1140 1153 1153 1153 1301 1301 1301 1316 1316 1316 1140 1140 1140 1137 1137 1137 1142 1142 1142 1140 1140 1140 1141 1141 1141 1153 1153 1153 1319 1319 1319 1320 1320 1320 1321 1321 1321 1319 1319 1319 1322 1322 1322 1323 1323 1323 1319 1319 1319 1324 1324 1324 1325 1325 1325 1320 1320 1320 1319 1319 1319 1326 1326 1326 1320 1320 1320 1327 1327 1327 1328 1328 1328 1320 1320 1320 1329 1329 1329 1321 1321 1321 1321 1321 1321 1330 1330 1330 1331 1331 1331 1326 1326 1326 1332 1332 1332 1320 1320 1320 1326 1326 1326 1325 1325 1325 1333 1333 1333 1326 1326 1326 1334 1334 1334 1335 1335 1335 1325 1325 1325 1326 1326 1326 1319 1319 1319 1325 1325 1325 1336 1336 1336 1337 1337 1337 1333 1333 1333 1337 1337 1337 1338 1338 1338 1334 1334 1334 1326 1326 1326 1333 1333 1333 1334 1334 1334 1338 1338 1338 1339 1339 1339 1334 1334 1334 1340 1340 1340 1335 1335 1335 1335 1335 1335 1341 1341 1341 1332 1332 1332 1332 1332 1332 1342 1342 1342 1327 1327 1327 1332 1332 1332 1326 1326 1326 1335 1335 1335 1332 1332 1332 1327 1327 1327 1320 1320 1320 1343 1343 1343 1339 1339 1339 1344 1344 1344 1343 1343 1343 1345 1345 1345 1346 1346 1346 1345 1345 1345 1347 1347 1347 1346 1346 1346 1345 1345 1345 1343 1343 1343 1348 1348 1348 1346 1346 1346 1340 1340 1340 1343 1343 1343 1346 1346 1346 1349 1349 1349 1341 1341 1341 1348 1348 1348 1344 1344 1344 1350 1350 1350 1348 1348 1348 1351 1351 1351 1352 1352 1352 1348 1348 1348 1353 1353 1353 1345 1345 1345 1344 1344 1344 1338 1338 1338 1354 1354 1354 1344 1344 1344 1348 1348 1348 1343 1343 1343 1350 1350 1350 1354 1354 1354 1355 1355 1355 1350 1350 1350 1355 1355 1355 1351 1351 1351 1351 1351 1351 1356 1356 1356 1352 1352 1352 1351 1351 1351 1348 1348 1348 1350 1350 1350 1351 1351 1351 1355 1355 1355 1357 1357 1357 1353 1353 1353 1356 1356 1356 1358 1358 1358 1353 1353 1353 1359 1359 1359 1345 1345 1345 1353 1353 1353 1348 1348 1348 1352 1352 1352 1360 1360 1360 1361 1361 1361 1362 1362 1362 1360 1360 1360 1363 1363 1363 1364 1364 1364 1361 1361 1361 1360 1360 1360 1365 1365 1365 1361 1361 1361 1366 1366 1366 1367 1367 1367 1362 1362 1362 1358 1358 1358 1356 1356 1356 1362 1362 1362 1357 1357 1357 1363 1363 1363 1365 1365 1365 1368 1368 1368 1366 1366 1366 1363 1363 1363 1369 1369 1369 1364 1364 1364 1363 1363 1363 1360 1360 1360 1362 1362 1362 1364 1364 1364 1369 1369 1369 1370 1370 1370 1371 1371 1371 1364 1364 1364 1370 1370 1370 1371 1371 1371 1372 1372 1372 1373 1373 1373 1371 1371 1371 1360 1360 1360 1364 1364 1364 1371 1371 1371 1374 1374 1374 1360 1360 1360 1374 1374 1374 1365 1365 1365 1360 1360 1360 1374 1374 1374 1375 1375 1375 1365 1365 1365 1374 1374 1374 1373 1373 1373 1376 1376 1376 1375 1375 1375 1376 1376 1376 1377 1377 1377 1375 1375 1375 1378 1378 1378 1368 1368 1368 1375 1375 1375 1374 1374 1374 1376 1376 1376 1379 1379 1379 1380 1380 1380 1381 1381 1381 1379 1379 1379 1382 1382 1382 1383 1383 1383 1379 1379 1379 1383 1383 1383 1384 1384 1384 1382 1382 1382 1385 1385 1385 1386 1386 1386 1382 1382 1382 1387 1387 1387 1383 1383 1383 1382 1382 1382 1379 1379 1379 1388 1388 1388 1383 1383 1383 1389 1389 1389 1390 1390 1390 1383 1383 1383 1391 1391 1391 1392 1392 1392 1388 1388 1388 1393 1393 1393 1385 1385 1385 1388 1388 1388 1381 1381 1381 1394 1394 1394 1381 1381 1381 1372 1372 1372 1370 1370 1370 1381 1381 1381 1369 1369 1369 1395 1395 1395 1381 1381 1381 1388 1388 1388 1379 1379 1379 1394 1394 1394 1395 1395 1395 1336 1336 1336 1394 1394 1394 1324 1324 1324 1393 1393 1393 1393 1393 1393 1388 1388 1388 1394 1394 1394 1393 1393 1393 1323 1323 1323 1385 1385 1385 1385 1385 1385 1382 1382 1382 1388 1388 1388 1386 1386 1386 1396 1396 1396 1382 1382 1382 1386 1386 1386 1323 1323 1323 1322 1322 1322 1392 1392 1392 1367 1367 1367 1366 1366 1366 1392 1392 1392 1368 1368 1368 1383 1383 1383 1367 1367 1367 1358 1358 1358 1361 1361 1361 1367 1367 1367 1397 1397 1397 1347 1347 1347 1367 1367 1367 1347 1347 1347 1359 1359 1359 1367 1367 1367 1392 1392 1392 1397 1397 1397 1366 1366 1366 1361 1361 1361 1365 1365 1365 1397 1397 1397 1398 1398 1398 1399 1399 1399 1397 1397 1397 1391 1391 1391 1398 1398 1398 1368 1368 1368 1400 1400 1400 1383 1383 1383 1368 1368 1368 1378 1378 1378 1401 1401 1401 1368 1368 1368 1392 1392 1392 1366 1366 1366 1368 1368 1368 1365 1365 1365 1375 1375 1375 1336 1336 1336 1325 1325 1325 1324 1324 1324 1336 1336 1336 1402 1402 1402 1337 1337 1337 1402 1402 1402 1355 1355 1355 1354 1354 1354 1402 1402 1402 1336 1336 1336 1395 1395 1395 1337 1337 1337 1354 1354 1354 1338 1338 1338 1337 1337 1337 1333 1333 1333 1325 1325 1325 1395 1395 1395 1403 1403 1403 1402 1402 1402 1395 1395 1395 1394 1394 1394 1381 1381 1381 1324 1324 1324 1394 1394 1394 1336 1336 1336 1324 1324 1324 1319 1319 1319 1323 1323 1323 1369 1369 1369 1381 1381 1381 1370 1370 1370 1369 1369 1369 1363 1363 1363 1403 1403 1403 1403 1403 1403 1357 1357 1357 1355 1355 1355 1403 1403 1403 1395 1395 1395 1369 1369 1369 1404 1404 1404 1405 1405 1405 1406 1406 1406 1404 1404 1404 1387 1387 1387 1407 1407 1407 1405 1405 1405 1404 1404 1404 1408 1408 1408 1405 1405 1405 1409 1409 1409 1410 1410 1410 1406 1406 1406 1391 1391 1391 1404 1404 1404 1406 1406 1406 1410 1410 1410 1411 1411 1411 1408 1408 1408 1412 1412 1412 1405 1405 1405 1408 1408 1408 1413 1413 1413 1414 1414 1414 1408 1408 1408 1407 1407 1407 1415 1415 1415 1407 1407 1407 1408 1408 1408 1404 1404 1404 1407 1407 1407 1396 1396 1396 1416 1416 1416 1415 1415 1415 1416 1416 1416 1417 1417 1417 1413 1413 1413 1408 1408 1408 1415 1415 1415 1413 1413 1413 1417 1417 1417 1418 1418 1418 1413 1413 1413 1419 1419 1419 1414 1414 1414 1412 1412 1412 1408 1408 1408 1414 1414 1414 1412 1412 1412 1419 1419 1419 1409 1409 1409 1341 1341 1341 1335 1335 1335 1340 1340 1340 1341 1341 1341 1349 1349 1349 1342 1342 1342 1341 1341 1341 1342 1342 1342 1332 1332 1332 1340 1340 1340 1334 1334 1334 1339 1339 1339 1340 1340 1340 1346 1346 1346 1341 1341 1341 1339 1339 1339 1343 1343 1343 1340 1340 1340 1420 1420 1420 1421 1421 1421 1422 1422 1422 1421 1421 1421 1423 1423 1423 1424 1424 1424 1421 1421 1421 1425 1425 1425 1426 1426 1426 1422 1422 1422 1421 1421 1421 1424 1424 1424 1422 1422 1422 1328 1328 1328 1327 1327 1327 1424 1424 1424 1423 1423 1423 1427 1427 1427 1424 1424 1424 1428 1428 1428 1422 1422 1422 1425 1425 1425 1429 1429 1429 1426 1426 1426 1425 1425 1425 1421 1421 1421 1420 1420 1420 1426 1426 1426 1423 1423 1423 1421 1421 1421 1423 1423 1423 1426 1426 1426 1430 1430 1430 1430 1430 1430 1431 1431 1431 1423 1423 1423 1430 1430 1430 1429 1429 1429 1432 1432 1432 1427 1427 1427 1431 1431 1431 1433 1433 1433 1355 1355 1355 1402 1402 1402 1403 1403 1403 1357 1357 1357 1403 1403 1403 1363 1363 1363 1357 1357 1357 1362 1362 1362 1356 1356 1356 1354 1354 1354 1350 1350 1350 1344 1344 1344 1354 1354 1354 1337 1337 1337 1402 1402 1402 1338 1338 1338 1334 1334 1334 1333 1333 1333 1338 1338 1338 1344 1344 1344 1339 1339 1339 1347 1347 1347 1345 1345 1345 1359 1359 1359 1347 1347 1347 1349 1349 1349 1346 1346 1346 1347 1347 1347 1397 1397 1397 1434 1434 1434 1347 1347 1347 1434 1434 1434 1435 1435 1435 1359 1359 1359 1353 1353 1353 1358 1358 1358 1358 1358 1358 1367 1367 1367 1359 1359 1359 1358 1358 1358 1362 1362 1362 1361 1361 1361 1356 1356 1356 1353 1353 1353 1352 1352 1352 1356 1356 1356 1351 1351 1351 1357 1357 1357 1323 1323 1323 1386 1386 1386 1385 1385 1385 1323 1323 1323 1393 1393 1393 1324 1324 1324 1322 1322 1322 1436 1436 1436 1386 1386 1386 1322 1322 1322 1319 1319 1319 1321 1321 1321 1322 1322 1322 1437 1437 1437 1438 1438 1438 1431 1431 1431 1439 1439 1439 1433 1433 1433 1431 1431 1431 1440 1440 1440 1441 1441 1441 1431 1431 1431 1430 1430 1430 1432 1432 1432 1431 1431 1431 1427 1427 1427 1423 1423 1423 1440 1440 1440 1431 1431 1431 1432 1432 1432 1439 1439 1439 1431 1431 1431 1441 1441 1441 1439 1439 1439 1442 1442 1442 1433 1433 1433 1439 1439 1439 1443 1443 1443 1444 1444 1444 1443 1443 1443 1439 1439 1439 1441 1441 1441 1443 1443 1443 1441 1441 1441 1445 1445 1445 1443 1443 1443 1446 1446 1446 1444 1444 1444 1443 1443 1443 1447 1447 1447 1448 1448 1448 1447 1447 1447 1330 1330 1330 1448 1448 1448 1447 1447 1447 1445 1445 1445 1449 1449 1449 1447 1447 1447 1443 1443 1443 1445 1445 1445 1448 1448 1448 1329 1329 1329 1446 1446 1446 1445 1445 1445 1441 1441 1441 1440 1440 1440 1446 1446 1446 1328 1328 1328 1428 1428 1428 1446 1446 1446 1443 1443 1443 1448 1448 1448 1444 1444 1444 1428 1428 1428 1442 1442 1442 1428 1428 1428 1424 1424 1424 1442 1442 1442 1428 1428 1428 1444 1444 1444 1446 1446 1446 1442 1442 1442 1439 1439 1439 1444 1444 1444 1442 1442 1442 1424 1424 1424 1427 1427 1427 1442 1442 1442 1427 1427 1427 1433 1433 1433 1449 1449 1449 1445 1445 1445 1429 1429 1429 1449 1449 1449 1429 1429 1429 1425 1425 1425 1429 1429 1429 1445 1445 1445 1440 1440 1440 1429 1429 1429 1440 1440 1440 1432 1432 1432 1429 1429 1429 1430 1430 1430 1426 1426 1426 1419 1419 1419 1412 1412 1412 1414 1414 1414 1419 1419 1419 1413 1413 1413 1418 1418 1418 1419 1419 1419 1450 1450 1450 1451 1451 1451 1419 1419 1419 1451 1451 1451 1452 1452 1452 1419 1419 1419 1452 1452 1452 1409 1409 1409 1452 1452 1452 1410 1410 1410 1409 1409 1409 1409 1409 1409 1405 1405 1405 1412 1412 1412 1450 1450 1450 1419 1419 1419 1418 1418 1418 1450 1450 1450 1453 1453 1453 1451 1451 1451 1411 1411 1411 1410 1410 1410 1454 1454 1454 1410 1410 1410 1406 1406 1406 1405 1405 1405 1410 1410 1410 1452 1452 1452 1455 1455 1455 1454 1454 1454 1410 1410 1410 1455 1455 1455 1454 1454 1454 1455 1455 1455 1456 1456 1456 1455 1455 1455 1452 1452 1452 1453 1453 1453 1456 1456 1456 1455 1455 1455 1453 1453 1453 1456 1456 1456 1457 1457 1457 1458 1458 1458 1457 1457 1457 1456 1456 1456 1453 1453 1453 1457 1457 1457 1450 1450 1450 1417 1417 1417 1457 1457 1457 1416 1416 1416 1458 1458 1458 1453 1453 1453 1452 1452 1452 1451 1451 1451 1453 1453 1453 1450 1450 1450 1457 1457 1457 1416 1416 1416 1436 1436 1436 1458 1458 1458 1416 1416 1416 1457 1457 1457 1417 1417 1417 1416 1416 1416 1415 1415 1415 1407 1407 1407 1417 1417 1417 1450 1450 1450 1418 1418 1418 1417 1417 1417 1413 1413 1413 1415 1415 1415 1373 1373 1373 1459 1459 1459 1376 1376 1376 1373 1373 1373 1374 1374 1374 1371 1371 1371 1373 1373 1373 1460 1460 1460 1459 1459 1459 1460 1460 1460 1380 1380 1380 1461 1461 1461 1460 1460 1460 1462 1462 1462 1459 1459 1459 1460 1460 1460 1373 1373 1373 1372 1372 1372 1459 1459 1459 1462 1462 1462 1377 1377 1377 1372 1372 1372 1381 1381 1381 1380 1380 1380 1372 1372 1372 1371 1371 1371 1370 1370 1370 1380 1380 1380 1379 1379 1379 1384 1384 1384 1380 1380 1380 1460 1460 1460 1372 1372 1372 1461 1461 1461 1463 1463 1463 1460 1460 1460 1461 1461 1461 1380 1380 1380 1384 1384 1384 1376 1376 1376 1459 1459 1459 1377 1377 1377 1377 1377 1377 1462 1462 1462 1464 1464 1464 1377 1377 1377 1378 1378 1378 1375 1375 1375 1384 1384 1384 1390 1390 1390 1461 1461 1461 1384 1384 1384 1383 1383 1383 1390 1390 1390 1390 1390 1390 1465 1465 1465 1461 1461 1461 1465 1465 1465 1466 1466 1466 1463 1463 1463 1465 1465 1465 1390 1390 1390 1389 1389 1389 1389 1389 1389 1466 1466 1466 1465 1465 1465 1389 1389 1389 1383 1383 1383 1400 1400 1400 1400 1400 1400 1368 1368 1368 1401 1401 1401 1467 1467 1467 1389 1389 1389 1400 1400 1400 1467 1467 1467 1401 1401 1401 1468 1468 1468 1469 1469 1469 1389 1389 1389 1467 1467 1467 1466 1466 1466 1389 1389 1389 1469 1469 1469 1466 1466 1466 1470 1470 1470 1471 1471 1471 1470 1470 1470 1466 1466 1466 1469 1469 1469 1470 1470 1470 1467 1467 1467 1468 1468 1468 1470 1470 1470 1469 1469 1469 1467 1467 1467 1470 1470 1470 1472 1472 1472 1473 1473 1473 1470 1470 1470 1474 1474 1474 1471 1471 1471 1472 1472 1472 1470 1470 1470 1468 1468 1468 1472 1472 1472 1464 1464 1464 1473 1473 1473 1473 1473 1473 1464 1464 1464 1474 1474 1474 1474 1474 1474 1463 1463 1463 1471 1471 1471 1474 1474 1474 1470 1470 1470 1473 1473 1473 1462 1462 1462 1460 1460 1460 1463 1463 1463 1462 1462 1462 1474 1474 1474 1464 1464 1464 1463 1463 1463 1461 1461 1461 1465 1465 1465 1463 1463 1463 1466 1466 1466 1471 1471 1471 1463 1463 1463 1474 1474 1474 1462 1462 1462 1401 1401 1401 1467 1467 1467 1400 1400 1400 1401 1401 1401 1472 1472 1472 1468 1468 1468 1378 1378 1378 1377 1377 1377 1464 1464 1464 1378 1378 1378 1472 1472 1472 1401 1401 1401 1464 1464 1464 1472 1472 1472 1378 1378 1378 1387 1387 1387 1404 1404 1404 1391 1391 1391 1387 1387 1387 1382 1382 1382 1396 1396 1396 1396 1396 1396 1386 1386 1386 1436 1436 1436 1396 1396 1396 1407 1407 1407 1387 1387 1387 1436 1436 1436 1456 1456 1456 1458 1458 1458 1436 1436 1436 1416 1416 1416 1396 1396 1396 1436 1436 1436 1322 1322 1322 1438 1438 1438 1438 1438 1438 1456 1456 1456 1436 1436 1436 1438 1438 1438 1454 1454 1454 1456 1456 1456 1437 1437 1437 1322 1322 1322 1321 1321 1321 1437 1437 1437 1399 1399 1399 1475 1475 1475 1437 1437 1437 1454 1454 1454 1438 1438 1438 1437 1437 1437 1411 1411 1411 1454 1454 1454 1399 1399 1399 1437 1437 1437 1321 1321 1321 1399 1399 1399 1398 1398 1398 1475 1475 1475 1475 1475 1475 1406 1406 1406 1411 1411 1411 1475 1475 1475 1411 1411 1411 1437 1437 1437 1398 1398 1398 1406 1406 1406 1475 1475 1475 1391 1391 1391 1397 1397 1397 1392 1392 1392 1391 1391 1391 1383 1383 1383 1387 1387 1387 1391 1391 1391 1406 1406 1406 1398 1398 1398 1349 1349 1349 1425 1425 1425 1342 1342 1342 1349 1349 1349 1347 1347 1347 1435 1435 1435 1349 1349 1349 1449 1449 1449 1425 1425 1425 1435 1435 1435 1449 1449 1449 1349 1349 1349 1435 1435 1435 1447 1447 1447 1449 1449 1449 1434 1434 1434 1447 1447 1447 1435 1435 1435 1434 1434 1434 1331 1331 1331 1330 1330 1330 1329 1329 1329 1320 1320 1320 1328 1328 1328 1329 1329 1329 1448 1448 1448 1330 1330 1330 1328 1328 1328 1446 1446 1446 1329 1329 1329 1328 1328 1328 1422 1422 1422 1428 1428 1428 1327 1327 1327 1420 1420 1420 1422 1422 1422 1331 1331 1331 1434 1434 1434 1397 1397 1397 1330 1330 1330 1321 1321 1321 1329 1329 1329 1330 1330 1330 1447 1447 1447 1434 1434 1434 1342 1342 1342 1420 1420 1420 1327 1327 1327 1342 1342 1342 1425 1425 1425 1420 1420 1420 1476 1476 1476 1477 1477 1477 1478 1478 1478 1476 1476 1476 1479 1479 1479 1480 1480 1480 1476 1476 1476 1478 1478 1478 1479 1479 1479 1476 1476 1476 1481 1481 1481 1482 1482 1482 1481 1481 1481 1483 1483 1483 1484 1484 1484 1481 1481 1481 1485 1485 1485 1483 1483 1483 1481 1481 1481 1476 1476 1476 1480 1480 1480 1482 1482 1482 1486 1486 1486 1476 1476 1476 1482 1482 1482 1487 1487 1487 1488 1488 1488 1480 1480 1480 1489 1489 1489 1485 1485 1485 1487 1487 1487 1481 1481 1481 1484 1484 1484 1487 1487 1487 1482 1482 1482 1481 1481 1481 1487 1487 1487 1484 1484 1484 1490 1490 1490 1488 1488 1488 1491 1491 1491 1492 1492 1492 1493 1493 1493 1482 1482 1482 1488 1488 1488 1493 1493 1493 1494 1494 1494 1495 1495 1495 1493 1493 1493 1492 1492 1492 1496 1496 1496 1493 1493 1493 1495 1495 1495 1482 1482 1482 1495 1495 1495 1497 1497 1497 1486 1486 1486 1486 1486 1486 1482 1482 1482 1495 1495 1495 1486 1486 1486 1498 1498 1498 1477 1477 1477 1499 1499 1499 1500 1500 1500 1501 1501 1501 1499 1499 1499 1496 1496 1496 1492 1492 1492 1500 1500 1500 1499 1499 1499 1502 1502 1502 1500 1500 1500 1503 1503 1503 1504 1504 1504 1501 1501 1501 1505 1505 1505 1499 1499 1499 1501 1501 1501 1506 1506 1506 1507 1507 1507 1502 1502 1502 1492 1492 1492 1491 1491 1491 1506 1506 1506 1501 1501 1501 1500 1500 1500 1506 1506 1506 1504 1504 1504 1508 1508 1508 1509 1509 1509 1510 1510 1510 1511 1511 1511 1509 1509 1509 1511 1511 1511 1512 1512 1512 1509 1509 1509 1513 1513 1513 1501 1501 1501 1509 1509 1509 1501 1501 1501 1507 1507 1507 1513 1513 1513 1512 1512 1512 1514 1514 1514 1505 1505 1505 1514 1514 1514 1494 1494 1494 1505 1505 1505 1501 1501 1501 1513 1513 1513 1515 1515 1515 1516 1516 1516 1517 1517 1517 1515 1515 1515 1518 1518 1518 1519 1519 1519 1515 1515 1515 1519 1519 1519 1516 1516 1516 1519 1519 1519 1510 1510 1510 1508 1508 1508 1519 1519 1519 1508 1508 1508 1516 1516 1516 1519 1519 1519 1511 1511 1511 1510 1510 1510 1516 1516 1516 1520 1520 1520 1517 1517 1517 1517 1517 1517 1521 1521 1521 1522 1522 1522 1523 1523 1523 1517 1517 1517 1522 1522 1522 1523 1523 1523 1515 1515 1515 1517 1517 1517 1523 1523 1523 1524 1524 1524 1525 1525 1525 1523 1523 1523 1522 1522 1522 1526 1526 1526 1522 1522 1522 1521 1521 1521 1527 1527 1527 1522 1522 1522 1528 1528 1528 1526 1526 1526 1525 1525 1525 1515 1515 1515 1523 1523 1523 1525 1525 1525 1529 1529 1529 1515 1515 1515 1525 1525 1525 1530 1530 1530 1531 1531 1531 1529 1529 1529 1531 1531 1531 1532 1532 1532 1518 1518 1518 1515 1515 1515 1529 1529 1529 1533 1533 1533 1534 1534 1534 1535 1535 1535 1533 1533 1533 1536 1536 1536 1537 1537 1537 1536 1536 1536 1538 1538 1538 1539 1539 1539 1536 1536 1536 1540 1540 1540 1541 1541 1541 1536 1536 1536 1533 1533 1533 1542 1542 1542 1537 1537 1537 1543 1543 1543 1533 1533 1533 1537 1537 1537 1539 1539 1539 1544 1544 1544 1537 1537 1537 1536 1536 1536 1539 1539 1539 1542 1542 1542 1545 1545 1545 1540 1540 1540 1542 1542 1542 1546 1546 1546 1547 1547 1547 1542 1542 1542 1535 1535 1535 1548 1548 1548 1542 1542 1542 1533 1533 1533 1535 1535 1535 1539 1539 1539 1538 1538 1538 1478 1478 1478 1538 1538 1538 1541 1541 1541 1549 1549 1549 1538 1538 1538 1479 1479 1479 1478 1478 1478 1550 1550 1550 1477 1477 1477 1498 1498 1498 1550 1550 1550 1537 1537 1537 1544 1544 1544 1544 1544 1544 1478 1478 1478 1477 1477 1477 1543 1543 1543 1531 1531 1531 1530 1530 1530 1543 1543 1543 1551 1551 1551 1532 1532 1532 1543 1543 1543 1530 1530 1530 1534 1534 1534 1543 1543 1543 1537 1537 1537 1550 1550 1550 1552 1552 1552 1508 1508 1508 1504 1504 1504 1552 1552 1552 1503 1503 1503 1553 1553 1553 1552 1552 1552 1554 1554 1554 1520 1520 1520 1554 1554 1554 1552 1552 1552 1553 1553 1553 1554 1554 1554 1521 1521 1521 1520 1520 1520 1520 1520 1520 1516 1516 1516 1552 1552 1552 1553 1553 1553 1555 1555 1555 1556 1556 1556 1553 1553 1553 1503 1503 1503 1557 1557 1557 1553 1553 1553 1556 1556 1556 1545 1545 1545 1521 1521 1521 1517 1517 1517 1520 1520 1520 1521 1521 1521 1558 1558 1558 1527 1527 1527 1521 1521 1521 1554 1554 1554 1542 1542 1542 1521 1521 1521 1547 1547 1547 1558 1558 1558 1498 1498 1498 1497 1497 1497 1559 1559 1559 1498 1498 1498 1551 1551 1551 1550 1550 1550 1498 1498 1498 1486 1486 1486 1497 1497 1497 1497 1497 1497 1494 1494 1494 1514 1514 1514 1497 1497 1497 1495 1495 1495 1494 1494 1494 1559 1559 1559 1514 1514 1514 1512 1512 1512 1559 1559 1559 1551 1551 1551 1498 1498 1498 1551 1551 1551 1543 1543 1543 1550 1550 1550 1551 1551 1551 1559 1559 1559 1560 1560 1560 1477 1477 1477 1476 1476 1476 1486 1486 1486 1477 1477 1477 1550 1550 1550 1544 1544 1544 1532 1532 1532 1531 1531 1531 1543 1543 1543 1532 1532 1532 1518 1518 1518 1529 1529 1529 1532 1532 1532 1560 1560 1560 1518 1518 1518 1560 1560 1560 1512 1512 1512 1511 1511 1511 1560 1560 1560 1532 1532 1532 1551 1551 1551 1531 1531 1531 1529 1529 1529 1525 1525 1525 1561 1561 1561 1562 1562 1562 1563 1563 1563 1561 1561 1561 1540 1540 1540 1545 1545 1545 1562 1562 1562 1561 1561 1561 1564 1564 1564 1562 1562 1562 1565 1565 1565 1566 1566 1566 1563 1563 1563 1567 1567 1567 1561 1561 1561 1563 1563 1563 1568 1568 1568 1569 1569 1569 1563 1563 1563 1566 1566 1566 1568 1568 1568 1564 1564 1564 1545 1545 1545 1556 1556 1556 1564 1564 1564 1570 1570 1570 1562 1562 1562 1566 1566 1566 1563 1563 1563 1562 1562 1562 1566 1566 1566 1571 1571 1571 1568 1568 1568 1572 1572 1572 1573 1573 1573 1567 1567 1567 1572 1572 1572 1563 1563 1563 1569 1569 1569 1569 1569 1569 1574 1574 1574 1572 1572 1572 1569 1569 1569 1571 1571 1571 1575 1575 1575 1567 1567 1567 1541 1541 1541 1540 1540 1540 1567 1567 1567 1563 1563 1563 1572 1572 1572 1491 1491 1491 1490 1490 1490 1576 1576 1576 1491 1491 1491 1488 1488 1488 1487 1487 1487 1492 1492 1492 1493 1493 1493 1488 1488 1488 1492 1492 1492 1502 1502 1502 1499 1499 1499 1496 1496 1496 1499 1499 1499 1505 1505 1505 1577 1577 1577 1578 1578 1578 1579 1579 1579 1578 1578 1578 1580 1580 1580 1581 1581 1581 1578 1578 1578 1581 1581 1581 1579 1579 1579 1579 1579 1579 1582 1582 1582 1577 1577 1577 1581 1581 1581 1583 1583 1583 1584 1584 1584 1581 1581 1581 1584 1584 1584 1585 1585 1585 1585 1585 1585 1579 1579 1579 1581 1581 1581 1585 1585 1585 1586 1586 1586 1579 1579 1579 1586 1586 1586 1585 1585 1585 1587 1587 1587 1587 1587 1587 1588 1588 1588 1589 1589 1589 1587 1587 1587 1590 1590 1590 1586 1586 1586 1582 1582 1582 1586 1586 1586 1590 1590 1590 1582 1582 1582 1579 1579 1579 1586 1586 1586 1512 1512 1512 1560 1560 1560 1559 1559 1559 1512 1512 1512 1513 1513 1513 1509 1509 1509 1511 1511 1511 1519 1519 1519 1518 1518 1518 1511 1511 1511 1518 1518 1518 1560 1560 1560 1514 1514 1514 1559 1559 1559 1497 1497 1497 1514 1514 1514 1505 1505 1505 1513 1513 1513 1494 1494 1494 1493 1493 1493 1496 1496 1496 1494 1494 1494 1496 1496 1496 1505 1505 1505 1503 1503 1503 1500 1500 1500 1502 1502 1502 1503 1503 1503 1552 1552 1552 1504 1504 1504 1503 1503 1503 1576 1576 1576 1591 1591 1591 1504 1504 1504 1506 1506 1506 1500 1500 1500 1508 1508 1508 1552 1552 1552 1516 1516 1516 1510 1510 1510 1507 1507 1507 1506 1506 1506 1510 1510 1510 1506 1506 1506 1508 1508 1508 1510 1510 1510 1509 1509 1509 1507 1507 1507 1478 1478 1478 1544 1544 1544 1539 1539 1539 1479 1479 1479 1549 1549 1549 1592 1592 1592 1479 1479 1479 1592 1592 1592 1593 1593 1593 1588 1588 1588 1584 1584 1584 1594 1594 1594 1588 1588 1588 1585 1585 1585 1584 1584 1584 1588 1588 1588 1595 1595 1595 1596 1596 1596 1588 1588 1588 1596 1596 1596 1597 1597 1597 1588 1588 1588 1597 1597 1597 1589 1589 1589 1588 1588 1588 1587 1587 1587 1585 1585 1585 1594 1594 1594 1584 1584 1584 1583 1583 1583 1595 1595 1595 1583 1583 1583 1598 1598 1598 1595 1595 1595 1588 1588 1588 1594 1594 1594 1596 1596 1596 1599 1599 1599 1600 1600 1600 1589 1589 1589 1597 1597 1597 1590 1590 1590 1599 1599 1599 1601 1601 1601 1602 1602 1602 1599 1599 1599 1596 1596 1596 1595 1595 1595 1599 1599 1599 1602 1602 1602 1603 1603 1603 1602 1602 1602 1485 1485 1485 1489 1489 1489 1603 1603 1603 1489 1489 1489 1557 1557 1557 1603 1603 1603 1604 1604 1604 1600 1600 1600 1603 1603 1603 1600 1600 1600 1599 1599 1599 1600 1600 1600 1590 1590 1590 1597 1597 1597 1600 1600 1600 1597 1597 1597 1596 1596 1596 1598 1598 1598 1580 1580 1580 1601 1601 1601 1598 1598 1598 1599 1599 1599 1595 1595 1595 1601 1601 1601 1599 1599 1599 1598 1598 1598 1601 1601 1601 1483 1483 1483 1485 1485 1485 1580 1580 1580 1583 1583 1583 1581 1581 1581 1580 1580 1580 1598 1598 1598 1583 1583 1583 1583 1583 1583 1595 1595 1595 1594 1594 1594 1604 1604 1604 1582 1582 1582 1590 1590 1590 1604 1604 1604 1590 1590 1590 1600 1600 1600 1590 1590 1590 1587 1587 1587 1589 1589 1589 1571 1571 1571 1605 1605 1605 1606 1606 1606 1571 1571 1571 1565 1565 1565 1605 1605 1605 1571 1571 1571 1607 1607 1607 1575 1575 1575 1571 1571 1571 1569 1569 1569 1568 1568 1568 1571 1571 1571 1566 1566 1566 1565 1565 1565 1605 1605 1605 1570 1570 1570 1608 1608 1608 1565 1565 1565 1562 1562 1562 1570 1570 1570 1607 1607 1607 1609 1609 1609 1610 1610 1610 1607 1607 1607 1571 1571 1571 1606 1606 1606 1611 1611 1611 1612 1612 1612 1570 1570 1570 1612 1612 1612 1608 1608 1608 1570 1570 1570 1612 1612 1612 1613 1613 1613 1608 1608 1608 1570 1570 1570 1605 1605 1605 1565 1565 1565 1570 1570 1570 1564 1564 1564 1611 1611 1611 1608 1608 1608 1609 1609 1609 1605 1605 1605 1613 1613 1613 1610 1610 1610 1609 1609 1609 1613 1613 1613 1592 1592 1592 1549 1549 1549 1613 1613 1613 1609 1609 1609 1608 1608 1608 1610 1610 1610 1613 1613 1613 1614 1614 1614 1610 1610 1610 1574 1574 1574 1607 1607 1607 1609 1609 1609 1606 1606 1606 1605 1605 1605 1609 1609 1609 1607 1607 1607 1606 1606 1606 1614 1614 1614 1573 1573 1573 1610 1610 1610 1573 1573 1573 1572 1572 1572 1574 1574 1574 1573 1573 1573 1549 1549 1549 1541 1541 1541 1573 1573 1573 1574 1574 1574 1610 1610 1610 1574 1574 1574 1569 1569 1569 1575 1575 1575 1574 1574 1574 1575 1575 1575 1607 1607 1607 1524 1524 1524 1615 1615 1615 1530 1530 1530 1524 1524 1524 1523 1523 1523 1526 1526 1526 1615 1615 1615 1524 1524 1524 1616 1616 1616 1615 1615 1615 1617 1617 1617 1618 1618 1618 1530 1530 1530 1615 1615 1615 1534 1534 1534 1530 1530 1530 1525 1525 1525 1524 1524 1524 1616 1616 1616 1524 1524 1524 1526 1526 1526 1534 1534 1534 1615 1615 1615 1619 1619 1619 1534 1534 1534 1533 1533 1533 1543 1543 1543 1534 1534 1534 1619 1619 1619 1535 1535 1535 1619 1619 1619 1618 1618 1618 1620 1620 1620 1526 1526 1526 1528 1528 1528 1616 1616 1616 1528 1528 1528 1621 1621 1621 1617 1617 1617 1528 1528 1528 1527 1527 1527 1621 1621 1621 1535 1535 1535 1619 1619 1619 1548 1548 1548 1548 1548 1548 1620 1620 1620 1546 1546 1546 1620 1620 1620 1548 1548 1548 1619 1619 1619 1620 1620 1620 1618 1618 1618 1622 1622 1622 1546 1546 1546 1622 1622 1622 1623 1623 1623 1546 1546 1546 1623 1623 1623 1624 1624 1624 1546 1546 1546 1542 1542 1542 1548 1548 1548 1622 1622 1622 1546 1546 1546 1620 1620 1620 1622 1622 1622 1625 1625 1625 1623 1623 1623 1547 1547 1547 1521 1521 1521 1542 1542 1542 1547 1547 1547 1546 1546 1546 1624 1624 1624 1624 1624 1624 1558 1558 1558 1547 1547 1547 1625 1625 1625 1624 1624 1624 1623 1623 1623 1625 1625 1625 1626 1626 1626 1627 1627 1627 1625 1625 1625 1628 1628 1628 1629 1629 1629 1625 1625 1625 1622 1622 1622 1630 1630 1630 1625 1625 1625 1627 1627 1627 1624 1624 1624 1628 1628 1628 1625 1625 1625 1630 1630 1630 1628 1628 1628 1618 1618 1618 1617 1617 1617 1626 1626 1626 1621 1621 1621 1527 1527 1527 1626 1626 1626 1625 1625 1625 1629 1629 1629 1617 1617 1617 1621 1621 1621 1628 1628 1628 1617 1617 1617 1615 1615 1615 1616 1616 1616 1617 1617 1617 1616 1616 1616 1528 1528 1528 1618 1618 1618 1619 1619 1619 1615 1615 1615 1618 1618 1618 1630 1630 1630 1622 1622 1622 1618 1618 1618 1628 1628 1628 1630 1630 1630 1558 1558 1558 1624 1624 1624 1627 1627 1627 1558 1558 1558 1627 1627 1627 1626 1626 1626 1527 1527 1527 1558 1558 1558 1626 1626 1626 1527 1527 1527 1528 1528 1528 1522 1522 1522 1621 1621 1621 1629 1629 1629 1628 1628 1628 1621 1621 1621 1626 1626 1626 1629 1629 1629 1540 1540 1540 1536 1536 1536 1542 1542 1542 1540 1540 1540 1561 1561 1561 1567 1567 1567 1541 1541 1541 1538 1538 1538 1536 1536 1536 1541 1541 1541 1567 1567 1567 1573 1573 1573 1549 1549 1549 1573 1573 1573 1614 1614 1614 1549 1549 1549 1479 1479 1479 1538 1538 1538 1549 1549 1549 1614 1614 1614 1613 1613 1613 1592 1592 1592 1613 1613 1613 1612 1612 1612 1593 1593 1593 1612 1612 1612 1611 1611 1611 1593 1593 1593 1480 1480 1480 1479 1479 1479 1593 1593 1593 1555 1555 1555 1480 1480 1480 1593 1593 1593 1592 1592 1592 1612 1612 1612 1555 1555 1555 1631 1631 1631 1556 1556 1556 1555 1555 1555 1593 1593 1593 1631 1631 1631 1631 1631 1631 1593 1593 1593 1611 1611 1611 1631 1631 1631 1611 1611 1611 1564 1564 1564 1556 1556 1556 1631 1631 1631 1564 1564 1564 1545 1545 1545 1554 1554 1554 1553 1553 1553 1545 1545 1545 1564 1564 1564 1561 1561 1561 1545 1545 1545 1542 1542 1542 1554 1554 1554 1576 1576 1576 1490 1490 1490 1582 1582 1582 1576 1576 1576 1502 1502 1502 1491 1491 1491 1576 1576 1576 1503 1503 1503 1502 1502 1502 1576 1576 1576 1582 1582 1582 1604 1604 1604 1591 1591 1591 1576 1576 1576 1604 1604 1604 1591 1591 1591 1604 1604 1604 1603 1603 1603 1591 1591 1591 1557 1557 1557 1503 1503 1503 1557 1557 1557 1591 1591 1591 1603 1603 1603 1557 1557 1557 1632 1632 1632 1553 1553 1553 1485 1485 1485 1481 1481 1481 1480 1480 1480 1485 1485 1485 1602 1602 1602 1601 1601 1601 1483 1483 1483 1601 1601 1601 1580 1580 1580 1483 1483 1483 1580 1580 1580 1578 1578 1578 1484 1484 1484 1578 1578 1578 1577 1577 1577 1484 1484 1484 1483 1483 1483 1578 1578 1578 1632 1632 1632 1557 1557 1557 1489 1489 1489 1489 1489 1489 1603 1603 1603 1602 1602 1602 1489 1489 1489 1480 1480 1480 1632 1632 1632 1490 1490 1490 1491 1491 1491 1487 1487 1487 1490 1490 1490 1484 1484 1484 1577 1577 1577 1490 1490 1490 1577 1577 1577 1582 1582 1582 463 463 463 244 244 244 1633 1633 1633 463 463 463 355 355 355 241 241 241 355 355 355 242 242 242 356 356 356 355 355 355 463 463 463 1634 1634 1634 355 355 355 352 352 352 241 241 241 1634 1634 1634 1635 1635 1635 355 355 355 1634 1634 1634 1633 1633 1633 1636 1636 1636 504 504 504 500 500 500 499 499 499 504 504 504 502 502 502 503 503 503 500 500 500 504 504 504 503 503 503 500 500 500 502 502 502 242 242 242 499 499 499 237 237 237 243 243 243 499 499 499 243 243 243 504 504 504 1633 1633 1633 1635 1635 1635 1636 1636 1636 1633 1633 1633 1634 1634 1634 463 463 463 1635 1635 1635 1634 1634 1634 1636 1636 1636 1635 1635 1635 1633 1633 1633 244 244 244 244 244 244 237 237 237 499 499 499 244 244 244 355 355 355 1635 1635 1635 1637 1637 1637 1638 1638 1638 1639 1639 1639 1638 1638 1638 1637 1637 1637 1640 1640 1640 1638 1638 1638 1641 1641 1641 1639 1639 1639 1639 1639 1639 1642 1642 1642 1637 1637 1637 1640 1640 1640 1643 1643 1643 1638 1638 1638 1640 1640 1640 1637 1637 1637 1644 1644 1644 1645 1645 1645 1646 1646 1646 1647 1647 1647 1646 1646 1646 1648 1648 1648 1649 1649 1649 1647 1647 1647 1646 1646 1646 1650 1650 1650 1650 1650 1650 1651 1651 1651 1647 1647 1647 1650 1650 1650 1646 1646 1646 1652 1652 1652 1650 1650 1650 1652 1652 1652 1653 1653 1653 1654 1654 1654 1655 1655 1655 1656 1656 1656 1655 1655 1655 1657 1657 1657 1658 1658 1658 1655 1655 1655 1654 1654 1654 1657 1657 1657 1656 1656 1656 1659 1659 1659 1660 1660 1660 1656 1656 1656 1661 1661 1661 1654 1654 1654 1656 1656 1656 1655 1655 1655 1659 1659 1659 1657 1657 1657 1654 1654 1654 1662 1662 1662 1663 1663 1663 1664 1664 1664 1665 1665 1665 1664 1664 1664 1666 1666 1666 1667 1667 1667 1664 1664 1664 1667 1667 1667 1668 1668 1668 1664 1664 1664 1663 1663 1663 1666 1666 1666 1665 1665 1665 1664 1664 1664 1669 1669 1669 1666 1666 1666 1663 1663 1663 1670 1670 1670 1671 1671 1671 1672 1672 1672 1673 1673 1673 1672 1672 1672 1671 1671 1671 1674 1674 1674 1673 1673 1673 1675 1675 1675 1676 1676 1676 1674 1674 1674 1677 1677 1677 1678 1678 1678 1674 1674 1674 1679 1679 1679 1672 1672 1672 1674 1674 1674 1680 1680 1680 1681 1681 1681 1680 1680 1680 1674 1674 1674 1671 1671 1671 1680 1680 1680 1682 1682 1682 1681 1681 1681 1681 1681 1681 1683 1683 1683 1677 1677 1677 1682 1682 1682 1680 1680 1680 1684 1684 1684 1682 1682 1682 1685 1685 1685 1683 1683 1683 1684 1684 1684 1686 1686 1686 1682 1682 1682 1686 1686 1686 1684 1684 1684 1687 1687 1687 1686 1686 1686 1688 1688 1688 1689 1689 1689 1679 1679 1679 1675 1675 1675 1672 1672 1672 1679 1679 1679 1674 1674 1674 1678 1678 1678 1679 1679 1679 1690 1690 1690 1691 1691 1691 1678 1678 1678 1692 1692 1692 1690 1690 1690 1677 1677 1677 1674 1674 1674 1681 1681 1681 1677 1677 1677 1693 1693 1693 1692 1692 1692 1683 1683 1683 1694 1694 1694 1693 1693 1693 1683 1683 1683 1681 1681 1681 1682 1682 1682 1685 1685 1685 1682 1682 1682 1686 1686 1686 1690 1690 1690 1679 1679 1679 1678 1678 1678 1690 1690 1690 1692 1692 1692 1695 1695 1695 1691 1691 1691 1690 1690 1690 1696 1696 1696 1691 1691 1691 1697 1697 1697 1679 1679 1679 1692 1692 1692 1693 1693 1693 1698 1698 1698 1692 1692 1692 1678 1678 1678 1677 1677 1677 1693 1693 1693 1677 1677 1677 1683 1683 1683 1693 1693 1693 1694 1694 1694 1699 1699 1699 1694 1694 1694 1683 1683 1683 1685 1685 1685 1700 1700 1700 1701 1701 1701 1702 1702 1702 1700 1700 1700 1703 1703 1703 1704 1704 1704 1703 1703 1703 1700 1700 1700 1705 1705 1705 1704 1704 1704 1706 1706 1706 1707 1707 1707 1704 1704 1704 1703 1703 1703 1708 1708 1708 1705 1705 1705 1700 1700 1700 1702 1702 1702 1702 1702 1702 1709 1709 1709 1705 1705 1705 1706 1706 1706 1704 1704 1704 1710 1710 1710 1706 1706 1706 1711 1711 1711 1707 1707 1707 1706 1706 1706 1712 1712 1712 1713 1713 1713 1711 1711 1711 1706 1706 1706 1713 1713 1713 1711 1711 1711 1714 1714 1714 1707 1707 1707 1711 1711 1711 1688 1688 1688 1715 1715 1715 1711 1711 1711 1716 1716 1716 1689 1689 1689 1713 1713 1713 1716 1716 1716 1711 1711 1711 1713 1713 1713 1717 1717 1717 1716 1716 1716 1712 1712 1712 1706 1706 1706 1718 1718 1718 1712 1712 1712 1717 1717 1717 1713 1713 1713 1712 1712 1712 1719 1719 1719 1717 1717 1717 1718 1718 1718 1710 1710 1710 1720 1720 1720 1718 1718 1718 1721 1721 1721 1712 1712 1712 1722 1722 1722 1720 1720 1720 1723 1723 1723 1722 1722 1722 1724 1724 1724 1721 1721 1721 1722 1722 1722 1721 1721 1721 1718 1718 1718 1721 1721 1721 1725 1725 1725 1719 1719 1719 1721 1721 1721 1719 1719 1719 1712 1712 1712 1688 1688 1688 1711 1711 1711 1689 1689 1689 1688 1688 1688 1686 1686 1686 1687 1687 1687 1715 1715 1715 1726 1726 1726 1727 1727 1727 1715 1715 1715 1728 1728 1728 1729 1729 1729 1689 1689 1689 1685 1685 1685 1686 1686 1686 1716 1716 1716 1694 1694 1694 1685 1685 1685 1716 1716 1716 1685 1685 1685 1689 1689 1689 1717 1717 1717 1699 1699 1699 1694 1694 1694 1717 1717 1717 1694 1694 1694 1716 1716 1716 1719 1719 1719 1699 1699 1699 1717 1717 1717 1719 1719 1719 1730 1730 1730 1699 1699 1699 1699 1699 1699 1698 1698 1698 1693 1693 1693 1731 1731 1731 1660 1660 1660 1732 1732 1732 1731 1731 1731 1733 1733 1733 1661 1661 1661 1660 1660 1660 1659 1659 1659 1734 1734 1734 1660 1660 1660 1731 1731 1731 1656 1656 1656 1660 1660 1660 1734 1734 1734 1735 1735 1735 1732 1732 1732 1724 1724 1724 1731 1731 1731 1732 1732 1732 1736 1736 1736 1730 1730 1730 1732 1732 1732 1735 1735 1735 1736 1736 1736 1735 1735 1735 1734 1734 1734 1737 1737 1737 1735 1735 1735 1696 1696 1696 1695 1695 1695 1735 1735 1735 1737 1737 1737 1696 1696 1696 1735 1735 1735 1732 1732 1732 1660 1660 1660 1736 1736 1736 1695 1695 1695 1698 1698 1698 1736 1736 1736 1735 1735 1735 1695 1695 1695 1695 1695 1695 1696 1696 1696 1690 1690 1690 1696 1696 1696 1738 1738 1738 1691 1691 1691 1724 1724 1724 1723 1723 1723 1733 1733 1733 1724 1724 1724 1732 1732 1732 1725 1725 1725 1724 1724 1724 1725 1725 1725 1721 1721 1721 1725 1725 1725 1732 1732 1732 1730 1730 1730 1725 1725 1725 1730 1730 1730 1719 1719 1719 1730 1730 1730 1698 1698 1698 1699 1699 1699 1730 1730 1730 1736 1736 1736 1698 1698 1698 1698 1698 1698 1695 1695 1695 1692 1692 1692 1739 1739 1739 1740 1740 1740 1741 1741 1741 1739 1739 1739 1742 1742 1742 1743 1743 1743 1742 1742 1742 1739 1739 1739 1744 1744 1744 1743 1743 1743 1745 1745 1745 1746 1746 1746 1747 1747 1747 1744 1744 1744 1739 1739 1739 1744 1744 1744 1747 1747 1747 1748 1748 1748 1748 1748 1748 1749 1749 1749 1750 1750 1750 1748 1748 1748 1751 1751 1751 1744 1744 1744 1740 1740 1740 1752 1752 1752 1741 1741 1741 1740 1740 1740 1739 1739 1739 1753 1753 1753 1752 1752 1752 1740 1740 1740 1754 1754 1754 1752 1752 1752 1710 1710 1710 1704 1704 1704 1741 1741 1741 1755 1755 1755 1749 1749 1749 1741 1741 1741 1752 1752 1752 1755 1755 1755 1754 1754 1754 1756 1756 1756 1757 1757 1757 1754 1754 1754 1758 1758 1758 1752 1752 1752 1756 1756 1756 1754 1754 1754 1740 1740 1740 1756 1756 1756 1759 1759 1759 1757 1757 1757 1757 1757 1757 1760 1760 1760 1761 1761 1761 1757 1757 1757 1762 1762 1762 1754 1754 1754 1759 1759 1759 1756 1756 1756 1763 1763 1763 1759 1759 1759 1764 1764 1764 1760 1760 1760 1763 1763 1763 1765 1765 1765 1759 1759 1759 1710 1710 1710 1752 1752 1752 1758 1758 1758 1710 1710 1710 1718 1718 1718 1706 1706 1706 1758 1758 1758 1754 1754 1754 1762 1762 1762 1758 1758 1758 1720 1720 1720 1710 1710 1710 1762 1762 1762 1766 1766 1766 1767 1767 1767 1762 1762 1762 1757 1757 1757 1761 1761 1761 1762 1762 1762 1768 1768 1768 1758 1758 1758 1761 1761 1761 1760 1760 1760 1769 1769 1769 1761 1761 1761 1769 1769 1769 1766 1766 1766 1760 1760 1760 1757 1757 1757 1759 1759 1759 1760 1760 1760 1770 1770 1770 1769 1769 1769 1720 1720 1720 1722 1722 1722 1718 1718 1718 1720 1720 1720 1758 1758 1758 1768 1768 1768 1768 1768 1768 1723 1723 1723 1720 1720 1720 1768 1768 1768 1762 1762 1762 1767 1767 1767 1767 1767 1767 1771 1771 1771 1768 1768 1768 1766 1766 1766 1772 1772 1772 1767 1767 1767 1766 1766 1766 1769 1769 1769 1773 1773 1773 1766 1766 1766 1762 1762 1762 1761 1761 1761 1769 1769 1769 1774 1774 1774 1773 1773 1773 1649 1649 1649 1775 1775 1775 1776 1776 1776 1649 1649 1649 1652 1652 1652 1646 1646 1646 1652 1652 1652 1649 1649 1649 1777 1777 1777 1777 1777 1777 1776 1776 1776 1778 1778 1778 1777 1777 1777 1779 1779 1779 1652 1652 1652 1776 1776 1776 1775 1775 1775 1780 1780 1780 1776 1776 1776 1777 1777 1777 1649 1649 1649 1778 1778 1778 1765 1765 1765 1777 1777 1777 1778 1778 1778 1781 1781 1781 1782 1782 1782 1781 1781 1781 1780 1780 1780 1783 1783 1783 1781 1781 1781 1778 1778 1778 1776 1776 1776 1782 1782 1782 1764 1764 1764 1778 1778 1778 1782 1782 1782 1784 1784 1784 1785 1785 1785 1784 1784 1784 1782 1782 1782 1781 1781 1781 1784 1784 1784 1783 1783 1783 1786 1786 1786 1785 1785 1785 1784 1784 1784 1787 1787 1787 1785 1785 1785 1787 1787 1787 1788 1788 1788 1785 1785 1785 1770 1770 1770 1782 1782 1782 1779 1779 1779 1777 1777 1777 1765 1765 1765 1765 1765 1765 1778 1778 1778 1764 1764 1764 1765 1765 1765 1763 1763 1763 1779 1779 1779 1764 1764 1764 1759 1759 1759 1765 1765 1765 1764 1764 1764 1782 1782 1782 1770 1770 1770 1770 1770 1770 1785 1785 1785 1774 1774 1774 1770 1770 1770 1760 1760 1760 1764 1764 1764 1774 1774 1774 1769 1769 1769 1770 1770 1770 1774 1774 1774 1788 1788 1788 1789 1789 1789 1774 1774 1774 1785 1785 1785 1788 1788 1788 1773 1773 1773 1774 1774 1774 1789 1789 1789 1790 1790 1790 1654 1654 1654 1661 1661 1661 1790 1790 1790 1662 1662 1662 1654 1654 1654 1661 1661 1661 1656 1656 1656 1731 1731 1731 1662 1662 1662 1791 1791 1791 1657 1657 1657 1792 1792 1792 1771 1771 1771 1772 1772 1772 1792 1792 1792 1790 1790 1790 1661 1661 1661 1792 1792 1792 1661 1661 1661 1733 1733 1733 1733 1733 1733 1731 1731 1731 1724 1724 1724 1771 1771 1771 1792 1792 1792 1733 1733 1733 1771 1771 1771 1733 1733 1733 1723 1723 1723 1771 1771 1771 1767 1767 1767 1772 1772 1772 1723 1723 1723 1768 1768 1768 1771 1771 1771 1723 1723 1723 1724 1724 1724 1722 1722 1722 1788 1788 1788 1787 1787 1787 1662 1662 1662 1788 1788 1788 1662 1662 1662 1790 1790 1790 1787 1787 1787 1786 1786 1786 1791 1791 1791 1789 1789 1789 1788 1788 1788 1790 1790 1790 1789 1789 1789 1790 1790 1790 1792 1792 1792 1789 1789 1789 1772 1772 1772 1773 1773 1773 1772 1772 1772 1789 1789 1789 1792 1792 1792 1772 1772 1772 1766 1766 1766 1773 1773 1773 1675 1675 1675 1679 1679 1679 1697 1697 1697 1675 1675 1675 1673 1673 1673 1672 1672 1672 1675 1675 1675 1793 1793 1793 1676 1676 1676 1793 1793 1793 1675 1675 1675 1794 1794 1794 1794 1794 1794 1795 1795 1795 1796 1796 1796 1794 1794 1794 1697 1697 1697 1797 1797 1797 1794 1794 1794 1798 1798 1798 1793 1793 1793 1697 1697 1697 1691 1691 1691 1738 1738 1738 1697 1697 1697 1799 1799 1799 1797 1797 1797 1697 1697 1697 1794 1794 1794 1675 1675 1675 1797 1797 1797 1795 1795 1795 1794 1794 1794 1797 1797 1797 1800 1800 1800 1795 1795 1795 1738 1738 1738 1696 1696 1696 1737 1737 1737 1738 1738 1738 1801 1801 1801 1799 1799 1799 1738 1738 1738 1799 1799 1799 1697 1697 1697 1799 1799 1799 1800 1800 1800 1797 1797 1797 1799 1799 1799 1802 1802 1802 1800 1800 1800 1737 1737 1737 1801 1801 1801 1738 1738 1738 1801 1801 1801 1734 1734 1734 1803 1803 1803 1801 1801 1801 1802 1802 1802 1799 1799 1799 1798 1798 1798 1794 1794 1794 1796 1796 1796 1798 1798 1798 1804 1804 1804 1805 1805 1805 1796 1796 1796 1806 1806 1806 1804 1804 1804 1795 1795 1795 1806 1806 1806 1796 1796 1796 1795 1795 1795 1807 1807 1807 1806 1806 1806 1800 1800 1800 1807 1807 1807 1795 1795 1795 1800 1800 1800 1808 1808 1808 1807 1807 1807 1802 1802 1802 1808 1808 1808 1800 1800 1800 1804 1804 1804 1798 1798 1798 1796 1796 1796 1804 1804 1804 1806 1806 1806 1809 1809 1809 1805 1805 1805 1804 1804 1804 1810 1810 1810 1806 1806 1806 1807 1807 1807 1811 1811 1811 1807 1807 1807 1808 1808 1808 1812 1812 1812 1813 1813 1813 1659 1659 1659 1655 1655 1655 1813 1813 1813 1658 1658 1658 1814 1814 1814 1659 1659 1659 1813 1813 1813 1815 1815 1815 1815 1815 1815 1816 1816 1816 1817 1817 1817 1815 1815 1815 1818 1818 1818 1803 1803 1803 1815 1815 1815 1734 1734 1734 1659 1659 1659 1816 1816 1816 1815 1815 1815 1813 1813 1813 1816 1816 1816 1819 1819 1819 1817 1817 1817 1816 1816 1816 1814 1814 1814 1820 1820 1820 1817 1817 1817 1818 1818 1818 1815 1815 1815 1817 1817 1817 1821 1821 1821 1818 1818 1818 1819 1819 1819 1822 1822 1822 1821 1821 1821 1819 1819 1819 1816 1816 1816 1823 1823 1823 1819 1819 1819 1821 1821 1821 1817 1817 1817 1823 1823 1823 1824 1824 1824 1819 1819 1819 1823 1823 1823 1820 1820 1820 1825 1825 1825 1826 1826 1826 1824 1824 1824 1823 1823 1823 1826 1826 1826 1825 1825 1825 1827 1827 1827 1826 1826 1826 1828 1828 1828 1824 1824 1824 1824 1824 1824 1829 1829 1829 1822 1822 1822 1824 1824 1824 1822 1822 1822 1819 1819 1819 1734 1734 1734 1815 1815 1815 1803 1803 1803 1734 1734 1734 1801 1801 1801 1737 1737 1737 1803 1803 1803 1802 1802 1802 1801 1801 1801 1818 1818 1818 1802 1802 1802 1803 1803 1803 1818 1818 1818 1808 1808 1808 1802 1802 1802 1821 1821 1821 1812 1812 1812 1808 1808 1808 1821 1821 1821 1808 1808 1808 1818 1818 1818 1822 1822 1822 1830 1830 1830 1812 1812 1812 1822 1822 1822 1812 1812 1812 1821 1821 1821 1812 1812 1812 1811 1811 1811 1807 1807 1807 1669 1669 1669 1831 1831 1831 1665 1665 1665 1669 1669 1669 1668 1668 1668 1832 1832 1832 1668 1668 1668 1833 1833 1833 1834 1834 1834 1668 1668 1668 1667 1667 1667 1833 1833 1833 1668 1668 1668 1669 1669 1669 1664 1664 1664 1832 1832 1832 1828 1828 1828 1669 1669 1669 1832 1832 1832 1835 1835 1835 1830 1830 1830 1832 1832 1832 1834 1834 1834 1835 1835 1835 1834 1834 1834 1810 1810 1810 1809 1809 1809 1834 1834 1834 1836 1836 1836 1810 1810 1810 1834 1834 1834 1832 1832 1832 1668 1668 1668 1834 1834 1834 1833 1833 1833 1836 1836 1836 1835 1835 1835 1834 1834 1834 1809 1809 1809 1835 1835 1835 1809 1809 1809 1811 1811 1811 1809 1809 1809 1810 1810 1810 1804 1804 1804 1828 1828 1828 1827 1827 1827 1831 1831 1831 1828 1828 1828 1829 1829 1829 1824 1824 1824 1828 1828 1828 1832 1832 1832 1829 1829 1829 1829 1829 1829 1832 1832 1832 1830 1830 1830 1829 1829 1829 1830 1830 1830 1822 1822 1822 1830 1830 1830 1811 1811 1811 1812 1812 1812 1830 1830 1830 1835 1835 1835 1811 1811 1811 1811 1811 1811 1809 1809 1809 1806 1806 1806 1837 1837 1837 1648 1648 1648 1645 1645 1645 1648 1648 1648 1646 1646 1646 1645 1645 1645 1648 1648 1648 1837 1837 1837 1838 1838 1838 1838 1838 1838 1775 1775 1775 1648 1648 1648 1838 1838 1838 1839 1839 1839 1840 1840 1840 1838 1838 1838 1841 1841 1841 1842 1842 1842 1839 1839 1839 1838 1838 1838 1837 1837 1837 1839 1839 1839 1843 1843 1843 1844 1844 1844 1840 1840 1840 1844 1844 1844 1845 1845 1845 1844 1844 1844 1843 1843 1843 1846 1846 1846 1844 1844 1844 1846 1846 1846 1847 1847 1847 1844 1844 1844 1840 1840 1840 1839 1839 1839 1845 1845 1845 1847 1847 1847 1848 1848 1848 1845 1845 1845 1841 1841 1841 1840 1840 1840 1847 1847 1847 1845 1845 1845 1844 1844 1844 1847 1847 1847 1849 1849 1849 1850 1850 1850 1847 1847 1847 1846 1846 1846 1849 1849 1849 1848 1848 1848 1851 1851 1851 1845 1845 1845 1848 1848 1848 1847 1847 1847 1850 1850 1850 1848 1848 1848 1850 1850 1850 1852 1852 1852 1775 1775 1775 1838 1838 1838 1842 1842 1842 1775 1775 1775 1649 1649 1649 1648 1648 1648 1842 1842 1842 1780 1780 1780 1775 1775 1775 1841 1841 1841 1853 1853 1853 1842 1842 1842 1841 1841 1841 1845 1845 1845 1851 1851 1851 1841 1841 1841 1838 1838 1838 1840 1840 1840 1851 1851 1851 1848 1848 1848 1854 1854 1854 1851 1851 1851 1855 1855 1855 1841 1841 1841 1854 1854 1854 1852 1852 1852 1856 1856 1856 1854 1854 1854 1856 1856 1856 1857 1857 1857 1854 1854 1854 1848 1848 1848 1852 1852 1852 1854 1854 1854 1858 1858 1858 1851 1851 1851 1780 1780 1780 1842 1842 1842 1853 1853 1853 1780 1780 1780 1781 1781 1781 1776 1776 1776 1853 1853 1853 1783 1783 1783 1780 1780 1780 1853 1853 1853 1841 1841 1841 1855 1855 1855 1855 1855 1855 1851 1851 1851 1858 1858 1858 1855 1855 1855 1859 1859 1859 1853 1853 1853 1858 1858 1858 1857 1857 1857 1860 1860 1860 1858 1858 1858 1860 1860 1860 1861 1861 1861 1858 1858 1858 1854 1854 1854 1857 1857 1857 1857 1857 1857 1862 1862 1862 1860 1860 1860 1863 1863 1863 1864 1864 1864 1663 1663 1663 1863 1863 1863 1663 1663 1663 1665 1665 1665 1863 1863 1863 1831 1831 1831 1865 1865 1865 1831 1831 1831 1669 1669 1669 1828 1828 1828 1831 1831 1831 1863 1863 1863 1665 1665 1665 1865 1865 1865 1827 1827 1827 1866 1866 1866 1865 1865 1865 1850 1850 1850 1863 1863 1863 1827 1827 1827 1828 1828 1828 1826 1826 1826 1827 1827 1827 1865 1865 1865 1831 1831 1831 1866 1866 1866 1827 1827 1827 1867 1867 1867 1866 1866 1866 1867 1867 1867 1862 1862 1862 1867 1867 1867 1825 1825 1825 1868 1868 1868 1867 1867 1867 1868 1868 1868 1869 1869 1869 1867 1867 1867 1827 1827 1827 1825 1825 1825 1825 1825 1825 1826 1826 1826 1823 1823 1823 1868 1868 1868 1825 1825 1825 1820 1820 1820 1868 1868 1868 1814 1814 1814 1870 1870 1870 1820 1820 1820 1823 1823 1823 1816 1816 1816 1850 1850 1850 1865 1865 1865 1852 1852 1852 1850 1850 1850 1849 1849 1849 1864 1864 1864 1850 1850 1850 1864 1864 1864 1863 1863 1863 1852 1852 1852 1865 1865 1865 1856 1856 1856 1856 1856 1856 1862 1862 1862 1857 1857 1857 1856 1856 1856 1866 1866 1866 1862 1862 1862 1856 1856 1856 1865 1865 1865 1866 1866 1866 1862 1862 1862 1867 1867 1867 1869 1869 1869 1862 1862 1862 1869 1869 1869 1860 1860 1860 1869 1869 1869 1870 1870 1870 1871 1871 1871 1860 1860 1860 1871 1871 1871 1861 1861 1861 1791 1791 1791 1662 1662 1662 1787 1787 1787 1791 1791 1791 1658 1658 1658 1657 1657 1657 1658 1658 1658 1813 1813 1813 1655 1655 1655 1658 1658 1658 1791 1791 1791 1872 1872 1872 1872 1872 1872 1814 1814 1814 1658 1658 1658 1872 1872 1872 1871 1871 1871 1870 1870 1870 1872 1872 1872 1786 1786 1786 1873 1873 1873 1786 1786 1786 1859 1859 1859 1873 1873 1873 1786 1786 1786 1872 1872 1872 1791 1791 1791 1786 1786 1786 1787 1787 1787 1784 1784 1784 1873 1873 1873 1861 1861 1861 1871 1871 1871 1859 1859 1859 1855 1855 1855 1861 1861 1861 1859 1859 1859 1786 1786 1786 1783 1783 1783 1783 1783 1783 1853 1853 1853 1859 1859 1859 1783 1783 1783 1784 1784 1784 1781 1781 1781 1814 1814 1814 1868 1868 1868 1820 1820 1820 1814 1814 1814 1872 1872 1872 1870 1870 1870 1814 1814 1814 1816 1816 1816 1813 1813 1813 1870 1870 1870 1869 1869 1869 1868 1868 1868 1871 1871 1871 1860 1860 1860 1869 1869 1869 1871 1871 1871 1872 1872 1872 1873 1873 1873 1861 1861 1861 1855 1855 1855 1858 1858 1858 1861 1861 1861 1873 1873 1873 1859 1859 1859 1874 1874 1874 1671 1671 1671 1673 1673 1673 1874 1874 1874 1875 1875 1875 1876 1876 1876 1874 1874 1874 1673 1673 1673 1877 1877 1877 1875 1875 1875 1874 1874 1874 1877 1877 1877 1875 1875 1875 1878 1878 1878 1879 1879 1879 1876 1876 1876 1880 1880 1880 1874 1874 1874 1876 1876 1876 1881 1881 1881 1882 1882 1882 1877 1877 1877 1676 1676 1676 1883 1883 1883 1877 1877 1877 1673 1673 1673 1676 1676 1676 1877 1877 1877 1883 1883 1883 1878 1878 1878 1881 1881 1881 1876 1876 1876 1875 1875 1875 1881 1881 1881 1879 1879 1879 1884 1884 1884 1882 1882 1882 1885 1885 1885 1886 1886 1886 1885 1885 1885 1882 1882 1882 1881 1881 1881 1885 1885 1885 1881 1881 1881 1887 1887 1887 1885 1885 1885 1887 1887 1887 1888 1888 1888 1885 1885 1885 1888 1888 1888 1889 1889 1889 1887 1887 1887 1884 1884 1884 1890 1890 1890 1888 1888 1888 1891 1891 1891 1892 1892 1892 1888 1888 1888 1887 1887 1887 1893 1893 1893 1880 1880 1880 1671 1671 1671 1874 1874 1874 1880 1880 1880 1680 1680 1680 1671 1671 1671 1880 1880 1880 1876 1876 1876 1894 1894 1894 1895 1895 1895 1894 1894 1894 1876 1876 1876 1895 1895 1895 1876 1876 1876 1882 1882 1882 1895 1895 1895 1886 1886 1886 1896 1896 1896 1886 1886 1886 1889 1889 1889 1897 1897 1897 1886 1886 1886 1895 1895 1895 1882 1882 1882 1886 1886 1886 1885 1885 1885 1889 1889 1889 1898 1898 1898 1899 1899 1899 1900 1900 1900 1898 1898 1898 1901 1901 1901 1880 1880 1880 1898 1898 1898 1880 1880 1880 1894 1894 1894 1901 1901 1901 1680 1680 1680 1880 1880 1880 1901 1901 1901 1684 1684 1684 1680 1680 1680 1901 1901 1901 1898 1898 1898 1902 1902 1902 1899 1899 1899 1896 1896 1896 1903 1903 1903 1899 1899 1899 1898 1898 1898 1894 1894 1894 1899 1899 1899 1894 1894 1894 1895 1895 1895 1896 1896 1896 1899 1899 1899 1895 1895 1895 1896 1896 1896 1897 1897 1897 1904 1904 1904 1896 1896 1896 1886 1886 1886 1897 1897 1897 1905 1905 1905 1644 1644 1644 1906 1906 1906 1905 1905 1905 1907 1907 1907 1640 1640 1640 1907 1907 1907 1905 1905 1905 1908 1908 1908 1908 1908 1908 1909 1909 1909 1910 1910 1910 1908 1908 1908 1891 1891 1891 1907 1907 1907 1908 1908 1908 1911 1911 1911 1892 1892 1892 1909 1909 1909 1908 1908 1908 1905 1905 1905 1909 1909 1909 1906 1906 1906 1912 1912 1912 1909 1909 1909 1913 1913 1913 1910 1910 1910 1910 1910 1910 1911 1911 1911 1908 1908 1908 1910 1910 1910 1914 1914 1914 1911 1911 1911 1915 1915 1915 1912 1912 1912 1916 1916 1916 1915 1915 1915 1913 1913 1913 1909 1909 1909 1915 1915 1915 1917 1917 1917 1913 1913 1913 1913 1913 1913 1918 1918 1918 1914 1914 1914 1913 1913 1913 1914 1914 1914 1910 1910 1910 1919 1919 1919 1916 1916 1916 1920 1920 1920 1919 1919 1919 1917 1917 1917 1915 1915 1915 1919 1919 1919 1921 1921 1921 1917 1917 1917 1917 1917 1917 1918 1918 1918 1913 1913 1913 1917 1917 1917 1922 1922 1922 1918 1918 1918 1891 1891 1891 1908 1908 1908 1892 1892 1892 1891 1891 1891 1888 1888 1888 1893 1893 1893 1892 1892 1892 1889 1889 1889 1888 1888 1888 1911 1911 1911 1889 1889 1889 1892 1892 1892 1911 1911 1911 1897 1897 1897 1889 1889 1889 1914 1914 1914 1897 1897 1897 1911 1911 1911 1914 1914 1914 1904 1904 1904 1897 1897 1897 1918 1918 1918 1923 1923 1923 1904 1904 1904 1918 1918 1918 1904 1904 1904 1914 1914 1914 1904 1904 1904 1903 1903 1903 1896 1896 1896 1924 1924 1924 1920 1920 1920 1925 1925 1925 1924 1924 1924 1753 1753 1753 1739 1739 1739 1924 1924 1924 1926 1926 1926 1927 1927 1927 1926 1926 1926 1745 1745 1745 1927 1927 1927 1927 1927 1927 1928 1928 1928 1921 1921 1921 1745 1745 1745 1743 1743 1743 1929 1929 1929 1745 1745 1745 1929 1929 1929 1930 1930 1930 1931 1931 1931 1921 1921 1921 1928 1928 1928 1931 1931 1931 1932 1932 1932 1923 1923 1923 1931 1931 1931 1728 1728 1728 1932 1932 1932 1931 1931 1931 1933 1933 1933 1729 1729 1729 1728 1728 1728 1715 1715 1715 1688 1688 1688 1728 1728 1728 1931 1931 1931 1729 1729 1729 1728 1728 1728 1687 1687 1687 1902 1902 1902 1728 1728 1728 1902 1902 1902 1900 1900 1900 1728 1728 1728 1688 1688 1688 1687 1687 1687 1932 1932 1932 1900 1900 1900 1903 1903 1903 1932 1932 1932 1728 1728 1728 1900 1900 1900 1900 1900 1900 1902 1902 1902 1898 1898 1898 1902 1902 1902 1684 1684 1684 1901 1901 1901 1902 1902 1902 1687 1687 1687 1684 1684 1684 1921 1921 1921 1931 1931 1931 1922 1922 1922 1921 1921 1921 1920 1920 1920 1927 1927 1927 1921 1921 1921 1922 1922 1922 1917 1917 1917 1922 1922 1922 1923 1923 1923 1918 1918 1918 1922 1922 1922 1931 1931 1931 1923 1923 1923 1928 1928 1928 1934 1934 1934 1935 1935 1935 1928 1928 1928 1936 1936 1936 1934 1934 1934 1923 1923 1923 1932 1932 1932 1903 1903 1903 1923 1923 1923 1903 1903 1903 1904 1904 1904 1903 1903 1903 1900 1900 1900 1899 1899 1899 1937 1937 1937 1653 1653 1653 1938 1938 1938 1653 1653 1653 1779 1779 1779 1939 1939 1939 1653 1653 1653 1652 1652 1652 1779 1779 1779 1653 1653 1653 1937 1937 1937 1650 1650 1650 1938 1938 1938 1939 1939 1939 1940 1940 1940 1938 1938 1938 1941 1941 1941 1937 1937 1937 1939 1939 1939 1779 1779 1779 1763 1763 1763 1939 1939 1939 1938 1938 1938 1653 1653 1653 1939 1939 1939 1763 1763 1763 1942 1942 1942 1940 1940 1940 1943 1943 1943 1938 1938 1938 1940 1940 1940 1942 1942 1942 1944 1944 1944 1942 1942 1942 1756 1756 1756 1945 1945 1945 1942 1942 1942 1763 1763 1763 1756 1756 1756 1942 1942 1942 1940 1940 1940 1939 1939 1939 1944 1944 1944 1946 1946 1946 1940 1940 1940 1944 1944 1944 1945 1945 1945 1947 1947 1947 1945 1945 1945 1756 1756 1756 1740 1740 1740 1945 1945 1945 1740 1740 1740 1753 1753 1753 1945 1945 1945 1948 1948 1948 1947 1947 1947 1945 1945 1945 1944 1944 1944 1942 1942 1942 1947 1947 1947 1949 1949 1949 1944 1944 1944 1947 1947 1947 1948 1948 1948 1950 1950 1950 1941 1941 1941 1938 1938 1938 1943 1943 1943 1941 1941 1941 1951 1951 1951 1651 1651 1651 1941 1941 1941 1952 1952 1952 1951 1951 1951 1943 1943 1943 1953 1953 1953 1941 1941 1941 1943 1943 1943 1940 1940 1940 1946 1946 1946 1946 1946 1946 1944 1944 1944 1949 1949 1949 1946 1946 1946 1954 1954 1954 1943 1943 1943 1949 1949 1949 1955 1955 1955 1946 1946 1946 1949 1949 1949 1947 1947 1947 1950 1950 1950 1950 1950 1950 1956 1956 1956 1949 1949 1949 1950 1950 1950 1957 1957 1957 1958 1958 1958 1950 1950 1950 1948 1948 1948 1957 1957 1957 1953 1953 1953 1943 1943 1943 1954 1954 1954 1953 1953 1953 1959 1959 1959 1952 1952 1952 1954 1954 1954 1946 1946 1946 1955 1955 1955 1954 1954 1954 1960 1960 1960 1961 1961 1961 1955 1955 1955 1949 1949 1949 1956 1956 1956 1955 1955 1955 1962 1962 1962 1960 1960 1960 1956 1956 1956 1963 1963 1963 1962 1962 1962 1956 1956 1956 1958 1958 1958 1963 1963 1963 1956 1956 1956 1950 1950 1950 1958 1958 1958 1958 1958 1958 1964 1964 1964 1963 1963 1963 1920 1920 1920 1921 1921 1921 1919 1919 1919 1920 1920 1920 1924 1924 1924 1927 1927 1927 1925 1925 1925 1948 1948 1948 1924 1924 1924 1925 1925 1925 1916 1916 1916 1965 1965 1965 1916 1916 1916 1919 1919 1919 1915 1915 1915 1916 1916 1916 1925 1925 1925 1920 1920 1920 1965 1965 1965 1912 1912 1912 1966 1966 1966 1965 1965 1965 1957 1957 1957 1925 1925 1925 1912 1912 1912 1965 1965 1965 1916 1916 1916 1912 1912 1912 1915 1915 1915 1909 1909 1909 1966 1966 1966 1912 1912 1912 1906 1906 1906 1966 1966 1966 1967 1967 1967 1965 1965 1965 1753 1753 1753 1924 1924 1924 1948 1948 1948 1948 1948 1948 1945 1945 1945 1753 1753 1753 1948 1948 1948 1925 1925 1925 1957 1957 1957 1957 1957 1957 1967 1967 1967 1958 1958 1958 1957 1957 1957 1965 1965 1965 1967 1967 1967 1967 1967 1967 1966 1966 1966 1964 1964 1964 1964 1964 1964 1958 1958 1958 1967 1967 1967 1964 1964 1964 1966 1966 1966 1968 1968 1968 1963 1963 1963 1964 1964 1964 1969 1969 1969 1970 1970 1970 1644 1644 1644 1637 1637 1637 1970 1970 1970 1637 1637 1637 1642 1642 1642 1642 1642 1642 1639 1639 1639 1971 1971 1971 1644 1644 1644 1905 1905 1905 1640 1640 1640 1972 1972 1972 1970 1970 1970 1642 1642 1642 1972 1972 1972 1960 1960 1960 1962 1962 1962 1972 1972 1972 1642 1642 1642 1973 1973 1973 1973 1973 1973 1971 1971 1971 1974 1974 1974 1960 1960 1960 1972 1972 1972 1973 1973 1973 1960 1960 1960 1954 1954 1954 1955 1955 1955 1960 1960 1960 1973 1973 1973 1961 1961 1961 1961 1961 1961 1953 1953 1953 1954 1954 1954 1961 1961 1961 1974 1974 1974 1959 1959 1959 1968 1968 1968 1906 1906 1906 1644 1644 1644 1968 1968 1968 1644 1644 1644 1970 1970 1970 1968 1968 1968 1969 1969 1969 1964 1964 1964 1906 1906 1906 1909 1909 1909 1905 1905 1905 1906 1906 1906 1968 1968 1968 1966 1966 1966 1969 1969 1969 1962 1962 1962 1963 1963 1963 1969 1969 1969 1968 1968 1968 1970 1970 1970 1969 1969 1969 1970 1970 1970 1972 1972 1972 1962 1962 1962 1955 1955 1955 1956 1956 1956 1962 1962 1962 1969 1969 1969 1972 1972 1972 1878 1878 1878 1875 1875 1875 1877 1877 1877 1878 1878 1878 1975 1975 1975 1976 1976 1976 1975 1975 1975 1793 1793 1793 1798 1798 1798 1975 1975 1975 1878 1878 1878 1883 1883 1883 1975 1975 1975 1798 1798 1798 1977 1977 1977 1976 1976 1976 1879 1879 1879 1878 1878 1878 1976 1976 1976 1978 1978 1978 1979 1979 1979 1976 1976 1976 1977 1977 1977 1978 1978 1978 1883 1883 1883 1676 1676 1676 1793 1793 1793 1883 1883 1883 1793 1793 1793 1975 1975 1975 1977 1977 1977 1980 1980 1980 1981 1981 1981 1977 1977 1977 1976 1976 1976 1975 1975 1975 1977 1977 1977 1805 1805 1805 1980 1980 1980 1977 1977 1977 1798 1798 1798 1805 1805 1805 1978 1978 1978 1977 1977 1977 1981 1981 1981 1978 1978 1978 1981 1981 1981 1982 1982 1982 1981 1981 1981 1980 1980 1980 1983 1983 1983 1980 1980 1980 1805 1805 1805 1810 1810 1810 1980 1980 1980 1810 1810 1810 1836 1836 1836 1836 1836 1836 1983 1983 1983 1980 1980 1980 1983 1983 1983 1833 1833 1833 1984 1984 1984 1983 1983 1983 1985 1985 1985 1981 1981 1981 1879 1879 1879 1976 1976 1976 1986 1986 1986 1879 1879 1879 1881 1881 1881 1875 1875 1875 1879 1879 1879 1986 1986 1986 1987 1987 1987 1986 1986 1986 1979 1979 1979 1988 1988 1988 1986 1986 1986 1976 1976 1976 1979 1979 1979 1979 1979 1979 1982 1982 1982 1989 1989 1989 1979 1979 1979 1978 1978 1978 1982 1982 1982 1982 1982 1982 1981 1981 1981 1985 1985 1985 1985 1985 1985 1990 1990 1990 1982 1982 1982 1884 1884 1884 1879 1879 1879 1987 1987 1987 1884 1884 1884 1887 1887 1887 1881 1881 1881 1884 1884 1884 1987 1987 1987 1890 1890 1890 1987 1987 1987 1986 1986 1986 1988 1988 1988 1987 1987 1987 1988 1988 1988 1991 1991 1991 1988 1988 1988 1979 1979 1979 1989 1989 1989 1988 1988 1988 1989 1989 1989 1992 1992 1992 1989 1989 1989 1982 1982 1982 1990 1990 1990 1989 1989 1989 1990 1990 1990 1993 1993 1993 1994 1994 1994 1670 1670 1670 1995 1995 1995 1994 1994 1994 1667 1667 1667 1666 1666 1666 1667 1667 1667 1994 1994 1994 1996 1996 1996 1996 1996 1996 1997 1997 1997 1984 1984 1984 1996 1996 1996 1833 1833 1833 1667 1667 1667 1996 1996 1996 1998 1998 1998 1999 1999 1999 1998 1998 1998 1995 1995 1995 2000 2000 2000 1998 1998 1998 1996 1996 1996 1994 1994 1994 1998 1998 1998 2001 2001 2001 1999 1999 1999 1999 1999 1999 1997 1997 1997 1996 1996 1996 1999 1999 1999 2002 2002 2002 1997 1997 1997 2001 2001 2001 2002 2002 2002 1999 1999 1999 2001 2001 2001 2003 2003 2003 2002 2002 2002 2001 2001 2001 1998 1998 1998 2004 2004 2004 2004 2004 2004 2005 2005 2005 2001 2001 2001 2004 2004 2004 2000 2000 2000 2006 2006 2006 2007 2007 2007 2005 2005 2005 2004 2004 2004 2007 2007 2007 2008 2008 2008 2005 2005 2005 2007 2007 2007 2006 2006 2006 2009 2009 2009 2005 2005 2005 2003 2003 2003 2001 2001 2001 2005 2005 2005 2010 2010 2010 2003 2003 2003 1833 1833 1833 1996 1996 1996 1984 1984 1984 1833 1833 1833 1983 1983 1983 1836 1836 1836 1984 1984 1984 1985 1985 1985 1983 1983 1983 1997 1997 1997 1990 1990 1990 1985 1985 1985 1997 1997 1997 1985 1985 1985 1984 1984 1984 2002 2002 2002 1990 1990 1990 1997 1997 1997 2002 2002 2002 1993 1993 1993 1990 1990 1990 2003 2003 2003 1993 1993 1993 2002 2002 2002 2003 2003 2003 2011 2011 2011 1993 1993 1993 1993 1993 1993 1992 1992 1992 1989 1989 1989 2012 2012 2012 1643 1643 1643 2013 2013 2013 1643 1643 1643 1640 1640 1640 1907 1907 1907 1643 1643 1643 1891 1891 1891 2014 2014 2014 1643 1643 1643 1907 1907 1907 1891 1891 1891 1643 1643 1643 2012 2012 2012 1638 1638 1638 2013 2013 2013 2008 2008 2008 2012 2012 2012 2013 2013 2013 2015 2015 2015 2011 2011 2011 2013 2013 2013 2014 2014 2014 2015 2015 2015 2014 2014 2014 1890 1890 1890 1991 1991 1991 2014 2014 2014 2013 2013 2013 1643 1643 1643 2014 2014 2014 1893 1893 1893 1890 1890 1890 2014 2014 2014 1891 1891 1891 1893 1893 1893 2015 2015 2015 1991 1991 1991 1992 1992 1992 2015 2015 2015 2014 2014 2014 1991 1991 1991 1991 1991 1991 1890 1890 1890 1987 1987 1987 1890 1890 1890 1893 1893 1893 1887 1887 1887 2008 2008 2008 2013 2013 2013 2010 2010 2010 2008 2008 2008 2009 2009 2009 1641 1641 1641 2008 2008 2008 2010 2010 2010 2005 2005 2005 2010 2010 2010 2013 2013 2013 2011 2011 2011 2010 2010 2010 2011 2011 2011 2003 2003 2003 2011 2011 2011 2015 2015 2015 1992 1992 1992 2011 2011 2011 1992 1992 1992 1993 1993 1993 1992 1992 1992 1991 1991 1991 1988 1988 1988 2016 2016 2016 1837 1837 1837 1645 1645 1645 2016 2016 2016 1645 1645 1645 1647 1647 1647 2016 2016 2016 1651 1651 1651 2017 2017 2017 1651 1651 1651 1937 1937 1937 1941 1941 1941 1651 1651 1651 1650 1650 1650 1937 1937 1937 1651 1651 1651 2016 2016 2016 1647 1647 1647 2017 2017 2017 1951 1951 1951 2018 2018 2018 2017 2017 2017 2019 2019 2019 2016 2016 2016 1951 1951 1951 2017 2017 2017 1651 1651 1651 2018 2018 2018 1952 1952 1952 2020 2020 2020 1952 1952 1952 1941 1941 1941 1953 1953 1953 1952 1952 1952 2018 2018 2018 1951 1951 1951 2020 2020 2020 2021 2021 2021 2018 2018 2018 2020 2020 2020 1959 1959 1959 2022 2022 2022 1959 1959 1959 1953 1953 1953 1961 1961 1961 1959 1959 1959 2020 2020 2020 1952 1952 1952 2022 2022 2022 1959 1959 1959 1974 1974 1974 2022 2022 2022 2023 2023 2023 2020 2020 2020 2022 2022 2022 1974 1974 1974 2024 2024 2024 2019 2019 2019 2017 2017 2017 2025 2025 2025 2019 2019 2019 1837 1837 1837 2016 2016 2016 2019 2019 2019 1839 1839 1839 1837 1837 1837 2025 2025 2025 1843 1843 1843 2019 2019 2019 2021 2021 2021 2020 2020 2020 2023 2023 2023 2021 2021 2021 2026 2026 2026 2025 2025 2025 2021 2021 2021 2017 2017 2017 2018 2018 2018 2021 2021 2021 2025 2025 2025 2017 2017 2017 2023 2023 2023 2027 2027 2027 2021 2021 2021 2023 2023 2023 2022 2022 2022 2028 2028 2028 2028 2028 2028 2029 2029 2029 2023 2023 2023 2028 2028 2028 2022 2022 2022 2024 2024 2024 2028 2028 2028 2024 2024 2024 2030 2030 2030 2028 2028 2028 2030 2030 2030 2031 2031 2031 1843 1843 1843 2025 2025 2025 2026 2026 2026 1843 1843 1843 1839 1839 1839 2019 2019 2019 2026 2026 2026 2021 2021 2021 2027 2027 2027 2026 2026 2026 1846 1846 1846 1843 1843 1843 2027 2027 2027 2023 2023 2023 2029 2029 2029 2027 2027 2027 2032 2032 2032 2026 2026 2026 2029 2029 2029 2033 2033 2033 2034 2034 2034 2029 2029 2029 2031 2031 2031 2033 2033 2033 2029 2029 2029 2028 2028 2028 2031 2031 2031 2031 2031 2031 2035 2035 2035 2033 2033 2033 1971 1971 1971 1973 1973 1973 1642 1642 1642 1971 1971 1971 1641 1641 1641 2036 2036 2036 1641 1641 1641 2012 2012 2012 2008 2008 2008 1641 1641 1641 1638 1638 1638 2012 2012 2012 1641 1641 1641 1971 1971 1971 1639 1639 1639 2036 2036 2036 2009 2009 2009 2037 2037 2037 2036 2036 2036 1974 1974 1974 1971 1971 1971 2009 2009 2009 2036 2036 2036 1641 1641 1641 2009 2009 2009 2008 2008 2008 2007 2007 2007 2037 2037 2037 2038 2038 2038 2035 2035 2035 2037 2037 2037 2009 2009 2009 2038 2038 2038 2038 2038 2038 2009 2009 2009 2006 2006 2006 2038 2038 2038 2039 2039 2039 2040 2040 2040 2038 2038 2038 2006 2006 2006 2039 2039 2039 2006 2006 2006 2007 2007 2007 2004 2004 2004 2039 2039 2039 1995 1995 1995 2041 2041 2041 2039 2039 2039 2006 2006 2006 2000 2000 2000 2000 2000 2000 2004 2004 2004 1998 1998 1998 1974 1974 1974 1961 1961 1961 1973 1973 1973 1974 1974 1974 2036 2036 2036 2024 2024 2024 2024 2024 2024 2036 2036 2036 2030 2030 2030 2030 2030 2030 2035 2035 2035 2031 2031 2031 2030 2030 2030 2036 2036 2036 2037 2037 2037 2030 2030 2030 2037 2037 2037 2035 2035 2035 2035 2035 2035 2038 2038 2038 2040 2040 2040 2035 2035 2035 2040 2040 2040 2033 2033 2033 2040 2040 2040 2041 2041 2041 2042 2042 2042 2033 2033 2033 2042 2042 2042 2034 2034 2034 1864 1864 1864 1670 1670 1670 1663 1663 1663 1670 1670 1670 1864 1864 1864 2043 2043 2043 1670 1670 1670 1994 1994 1994 1666 1666 1666 2043 2043 2043 2042 2042 2042 2041 2041 2041 2043 2043 2043 1849 1849 1849 2044 2044 2044 2043 2043 2043 1995 1995 1995 1670 1670 1670 1849 1849 1849 2043 2043 2043 1864 1864 1864 1849 1849 1849 2032 2032 2032 2044 2044 2044 2044 2044 2044 2034 2034 2034 2042 2042 2042 2032 2032 2032 2027 2027 2027 2034 2034 2034 2032 2032 2032 1849 1849 1849 1846 1846 1846 1846 1846 1846 2026 2026 2026 2032 2032 2032 1995 1995 1995 2039 2039 2039 2000 2000 2000 1995 1995 1995 1998 1998 1998 1994 1994 1994 1995 1995 1995 2043 2043 2043 2041 2041 2041 2041 2041 2041 2040 2040 2040 2039 2039 2039 2042 2042 2042 2033 2033 2033 2040 2040 2040 2042 2042 2042 2043 2043 2043 2044 2044 2044 2034 2034 2034 2027 2027 2027 2029 2029 2029 2034 2034 2034 2044 2044 2044 2032 2032 2032 1755 1755 1755 1708 1708 1708 1750 1750 1750 1755 1755 1755 1750 1750 1750 1749 1749 1749 1749 1749 1749 1748 1748 1748 1747 1747 1747 1933 1933 1933 1931 1931 1931 2045 2045 2045 1714 1714 1714 1711 1711 1711 2046 2046 2046 1936 1936 1936 1930 1930 1930 2047 2047 2047 1936 1936 1936 1928 1928 1928 1930 1930 1930 2047 2047 2047 2048 2048 2048 1936 1936 1936 2047 2047 2047 1930 1930 1930 1929 1929 1929 1709 1709 1709 2049 2049 2049 2050 2050 2050 1709 1709 1709 1702 1702 1702 1701 1701 1701 1701 1701 1701 1700 1700 1700 1714 1714 1714 2051 2051 2051 1727 1727 1727 1701 1701 1701 2051 2051 2051 1701 1701 1701 1714 1714 1714 2049 2049 2049 1709 1709 1709 1701 1701 1701 1751 1751 1751 2052 2052 2052 2053 2053 2053 1751 1751 1751 1748 1748 1748 1750 1750 1750 2052 2052 2052 1751 1751 1751 1750 1750 1750 2054 2054 2054 2055 2055 2055 2056 2056 2056 2054 2054 2054 2057 2057 2057 2058 2058 2058 2055 2055 2055 2054 2054 2054 2059 2059 2059 2056 2056 2056 1933 1933 1933 2060 2060 2060 2056 2056 2056 2061 2061 2061 1933 1933 1933 2059 2059 2059 2062 2062 2062 2055 2055 2055 2061 2061 2061 2056 2056 2056 2055 2055 2055 2060 2060 2060 1935 1935 1935 2056 2056 2056 2057 2057 2057 2054 2054 2054 2056 2056 2056 2048 2048 2048 2063 2063 2063 2064 2064 2064 2048 2048 2048 2047 2047 2047 1929 1929 1929 2063 2063 2063 2048 2048 2048 1929 1929 1929 1726 1726 1726 1715 1715 1715 2059 2059 2059 2062 2062 2062 2059 2059 2059 1715 1715 1715 2065 2065 2065 2066 2066 2066 2067 2067 2067 2065 2065 2065 2068 2068 2068 2069 2069 2069 2068 2068 2068 2065 2065 2065 2070 2070 2070 2068 2068 2068 2071 2071 2071 2072 2072 2072 2068 2068 2068 2070 2070 2070 2071 2071 2071 2068 2068 2068 2072 2072 2072 2073 2073 2073 2069 2069 2069 2074 2074 2074 2065 2065 2065 2069 2069 2069 2068 2068 2068 2075 2075 2075 2069 2069 2069 2076 2076 2076 2077 2077 2077 2070 2070 2070 2065 2065 2065 2067 2067 2067 2070 2070 2070 2078 2078 2078 2071 2071 2071 2079 2079 2079 2080 2080 2080 2081 2081 2081 2080 2080 2080 2082 2082 2082 2083 2083 2083 2080 2080 2080 2084 2084 2084 2081 2081 2081 2080 2080 2080 2083 2083 2083 2085 2085 2085 2080 2080 2080 2079 2079 2079 2082 2082 2082 2081 2081 2081 2084 2084 2084 2077 2077 2077 2086 2086 2086 2087 2087 2087 2088 2088 2088 2087 2087 2087 2089 2089 2089 2090 2090 2090 2087 2087 2087 2091 2091 2091 2089 2089 2089 2087 2087 2087 2086 2086 2086 2091 2091 2091 2087 2087 2087 2090 2090 2090 2078 2078 2078 2088 2088 2088 2083 2083 2083 2086 2086 2086 2088 2088 2088 2087 2087 2087 2092 2092 2092 2093 2093 2093 2094 2094 2094 2095 2095 2095 2093 2093 2093 2077 2077 2077 2076 2076 2076 2093 2093 2093 2096 2096 2096 2077 2077 2077 2094 2094 2094 2093 2093 2093 2097 2097 2097 2094 2094 2094 2098 2098 2098 2099 2099 2099 2094 2094 2094 2097 2097 2097 2098 2098 2098 2095 2095 2095 2096 2096 2096 2093 2093 2093 2097 2097 2097 2093 2093 2093 2076 2076 2076 2071 2071 2071 2090 2090 2090 2100 2100 2100 2090 2090 2090 2071 2071 2071 2078 2078 2078 2100 2100 2100 2101 2101 2101 2102 2102 2102 2100 2100 2100 2089 2089 2089 2103 2103 2103 2078 2078 2078 2092 2092 2092 2087 2087 2087 2092 2092 2092 2067 2067 2067 2088 2088 2088 2092 2092 2092 2078 2078 2078 2070 2070 2070 2085 2085 2085 2088 2088 2088 2066 2066 2066 2085 2085 2085 2074 2074 2074 2080 2080 2080 2074 2074 2074 2085 2085 2085 2066 2066 2066 2074 2074 2074 2069 2069 2069 2084 2084 2084 2066 2066 2066 2088 2088 2088 2067 2067 2067 2066 2066 2066 2065 2065 2065 2074 2074 2074 2067 2067 2067 2092 2092 2092 2070 2070 2070 2073 2073 2073 2072 2072 2072 2102 2102 2102 2073 2073 2073 2097 2097 2097 2075 2075 2075 2072 2072 2072 2071 2071 2071 2100 2100 2100 2072 2072 2072 2100 2100 2100 2102 2102 2102 2102 2102 2102 2098 2098 2098 2073 2073 2073 2098 2098 2098 2101 2101 2101 2099 2099 2099 2098 2098 2098 2097 2097 2097 2073 2073 2073 2075 2075 2075 2076 2076 2076 2069 2069 2069 2075 2075 2075 2068 2068 2068 2073 2073 2073 2096 2096 2096 2104 2104 2104 2079 2079 2079 2096 2096 2096 2081 2081 2081 2077 2077 2077 2096 2096 2096 2079 2079 2079 2081 2081 2081 2096 2096 2096 2095 2095 2095 2104 2104 2104 2077 2077 2077 2084 2084 2084 2069 2069 2069 2084 2084 2084 2080 2080 2080 2074 2074 2074 2076 2076 2076 2075 2075 2075 2097 2097 2097 2101 2101 2101 2098 2098 2098 2102 2102 2102 2089 2089 2089 2100 2100 2100 2090 2090 2090 2103 2103 2103 2101 2101 2101 2100 2100 2100 2083 2083 2083 2088 2088 2088 2085 2085 2085 2105 2105 2105 2106 2106 2106 2107 2107 2107 2105 2105 2105 2107 2107 2107 2108 2108 2108 2105 2105 2105 2109 2109 2109 2110 2110 2110 2106 2106 2106 2111 2111 2111 2112 2112 2112 2106 2106 2106 2113 2113 2113 2114 2114 2114 2106 2106 2106 2115 2115 2115 2107 2107 2107 2107 2107 2107 2116 2116 2116 2117 2117 2117 2107 2107 2107 2118 2118 2118 2108 2108 2108 2108 2108 2108 2118 2118 2118 2119 2119 2119 2108 2108 2108 2109 2109 2109 2105 2105 2105 2120 2120 2120 2121 2121 2121 2122 2122 2122 2120 2120 2120 2123 2123 2123 2124 2124 2124 2123 2123 2123 2120 2120 2120 2122 2122 2122 2123 2123 2123 2112 2112 2112 2111 2111 2111 2124 2124 2124 2123 2123 2123 2125 2125 2125 2122 2122 2122 2113 2113 2113 2112 2112 2112 2126 2126 2126 2127 2127 2127 2128 2128 2128 2126 2126 2126 2110 2110 2110 2109 2109 2109 2126 2126 2126 2125 2125 2125 2129 2129 2129 2126 2126 2126 2128 2128 2128 2130 2130 2130 2128 2128 2128 2131 2131 2131 2132 2132 2132 2130 2130 2130 2128 2128 2128 2132 2132 2132 2133 2133 2133 2121 2121 2121 2134 2134 2134 2133 2133 2133 2135 2135 2135 2136 2136 2136 2135 2135 2135 2137 2137 2137 2138 2138 2138 2136 2136 2136 2138 2138 2138 2114 2114 2114 2136 2136 2136 2135 2135 2135 2138 2138 2138 2138 2138 2138 2137 2137 2137 2116 2116 2116 2138 2138 2138 2116 2116 2116 2115 2115 2115 2118 2118 2118 2107 2107 2107 2117 2117 2117 2118 2118 2118 2139 2139 2139 2119 2119 2119 2139 2139 2139 2118 2118 2118 2140 2140 2140 2139 2139 2139 2128 2128 2128 2119 2119 2119 2140 2140 2140 2141 2141 2141 2142 2142 2142 2140 2140 2140 2131 2131 2131 2139 2139 2139 2140 2140 2140 2117 2117 2117 2143 2143 2143 2127 2127 2127 2108 2108 2108 2119 2119 2119 2127 2127 2127 2119 2119 2119 2128 2128 2128 2129 2129 2129 2125 2125 2125 2123 2123 2123 2129 2129 2129 2111 2111 2111 2110 2110 2110 2111 2111 2111 2106 2106 2106 2105 2105 2105 2111 2111 2111 2129 2129 2129 2123 2123 2123 2110 2110 2110 2111 2111 2111 2105 2105 2105 2110 2110 2110 2126 2126 2126 2129 2129 2129 2109 2109 2109 2127 2127 2127 2126 2126 2126 2109 2109 2109 2108 2108 2108 2127 2127 2127 2116 2116 2116 2143 2143 2143 2117 2117 2117 2116 2116 2116 2107 2107 2107 2115 2115 2115 2143 2143 2143 2116 2116 2116 2137 2137 2137 2117 2117 2117 2140 2140 2140 2118 2118 2118 2137 2137 2137 2141 2141 2141 2143 2143 2143 2137 2137 2137 2135 2135 2135 2144 2144 2144 2113 2113 2113 2122 2122 2122 2121 2121 2121 2113 2113 2113 2136 2136 2136 2114 2114 2114 2113 2113 2113 2106 2106 2106 2112 2112 2112 2121 2121 2121 2133 2133 2133 2136 2136 2136 2121 2121 2121 2120 2120 2120 2134 2134 2134 2121 2121 2121 2136 2136 2136 2113 2113 2113 2112 2112 2112 2123 2123 2123 2122 2122 2122 2114 2114 2114 2115 2115 2115 2106 2106 2106 2114 2114 2114 2138 2138 2138 2115 2115 2115 2141 2141 2141 2140 2140 2140 2143 2143 2143 2141 2141 2141 2137 2137 2137 2144 2144 2144 2131 2131 2131 2128 2128 2128 2139 2139 2139 2131 2131 2131 2140 2140 2140 2142 2142 2142 2125 2125 2125 2126 2126 2126 2130 2130 2130 2145 2145 2145 2146 2146 2146 2147 2147 2147 2146 2146 2146 2148 2148 2148 2149 2149 2149 2147 2147 2147 2150 2150 2150 2145 2145 2145 2147 2147 2147 2146 2146 2146 2149 2149 2149 2151 2151 2151 2152 2152 2152 2153 2153 2153 2152 2152 2152 2151 2151 2151 2154 2154 2154 2152 2152 2152 2155 2155 2155 2156 2156 2156 2153 2153 2153 2157 2157 2157 2151 2151 2151 2154 2154 2154 2155 2155 2155 2152 2152 2152 2158 2158 2158 2159 2159 2159 2160 2160 2160 2159 2159 2159 2158 2158 2158 2161 2161 2161 2159 2159 2159 2162 2162 2162 2163 2163 2163 2160 2160 2160 2163 2163 2163 2164 2164 2164 2161 2161 2161 2165 2165 2165 2159 2159 2159 2148 2148 2148 2146 2146 2146 2166 2166 2166 2167 2167 2167 2168 2168 2168 2169 2169 2169 2168 2168 2168 2167 2167 2167 2170 2170 2170 2169 2169 2169 2150 2150 2150 2167 2167 2167 2170 2170 2170 2171 2171 2171 2168 2168 2168 2172 2172 2172 2173 2173 2173 2174 2174 2174 2173 2173 2173 2172 2172 2172 2175 2175 2175 2174 2174 2174 2176 2176 2176 2172 2172 2172 2174 2174 2174 2177 2177 2177 2178 2178 2178 2174 2174 2174 2173 2173 2173 2177 2177 2177 2175 2175 2175 2179 2179 2179 2180 2180 2180 2179 2179 2179 2181 2181 2181 2182 2182 2182 2179 2179 2179 2172 2172 2172 2181 2181 2181 2179 2179 2179 2175 2175 2175 2172 2172 2172 2179 2179 2179 2182 2182 2182 2183 2183 2183 2180 2180 2180 2179 2179 2179 2184 2184 2184 2180 2180 2180 2185 2185 2185 2175 2175 2175 2184 2184 2184 2186 2186 2186 2180 2180 2180 2184 2184 2184 2187 2187 2187 2188 2188 2188 2186 2186 2186 2184 2184 2184 2189 2189 2189 2186 2186 2186 2190 2190 2190 2180 2180 2180 2189 2189 2189 2188 2188 2188 2191 2191 2191 2189 2189 2189 2184 2184 2184 2188 2188 2188 2189 2189 2189 2192 2192 2192 2186 2186 2186 2178 2178 2178 2177 2177 2177 2193 2193 2193 2178 2178 2178 2193 2193 2193 2194 2194 2194 2178 2178 2178 2195 2195 2195 2174 2174 2174 2196 2196 2196 2145 2145 2145 2150 2150 2150 2150 2150 2150 2169 2169 2169 2196 2196 2196 2171 2171 2171 2170 2170 2170 2197 2197 2197 2198 2198 2198 2199 2199 2199 2200 2200 2200 2199 2199 2199 2198 2198 2198 2201 2201 2201 2200 2200 2200 2202 2202 2202 2198 2198 2198 2201 2201 2201 2203 2203 2203 2199 2199 2199 2203 2203 2203 2201 2201 2201 2204 2204 2204 2204 2204 2204 2205 2205 2205 2203 2203 2203 2205 2205 2205 2204 2204 2204 2206 2206 2206 2206 2206 2206 2207 2207 2207 2205 2205 2205 2208 2208 2208 2209 2209 2209 2210 2210 2210 2208 2208 2208 2210 2210 2210 2211 2211 2211 2208 2208 2208 2212 2212 2212 2209 2209 2209 2208 2208 2208 2213 2213 2213 2212 2212 2212 2208 2208 2208 2214 2214 2214 2213 2213 2213 2213 2213 2213 2215 2215 2215 2216 2216 2216 2212 2212 2212 2217 2217 2217 2209 2209 2209 2214 2214 2214 2218 2218 2218 2219 2219 2219 2218 2218 2218 2214 2214 2214 2208 2208 2208 2218 2218 2218 2211 2211 2211 2220 2220 2220 2219 2219 2219 2215 2215 2215 2214 2214 2214 2221 2221 2221 2222 2222 2222 2223 2223 2223 2221 2221 2221 2224 2224 2224 2225 2225 2225 2222 2222 2222 2221 2221 2221 2226 2226 2226 2222 2222 2222 2227 2227 2227 2228 2228 2228 2226 2226 2226 2229 2229 2229 2230 2230 2230 2226 2226 2226 2230 2230 2230 2231 2231 2231 2229 2229 2229 2225 2225 2225 2232 2232 2232 2229 2229 2229 2233 2233 2233 2230 2230 2230 2229 2229 2229 2226 2226 2226 2221 2221 2221 2233 2233 2233 2231 2231 2231 2230 2230 2230 2233 2233 2233 2229 2229 2229 2234 2234 2234 2234 2234 2234 2232 2232 2232 2235 2235 2235 2234 2234 2234 2217 2217 2217 2212 2212 2212 2231 2231 2231 2233 2233 2233 2236 2236 2236 2236 2236 2236 2237 2237 2237 2231 2231 2231 2236 2236 2236 2238 2238 2238 2165 2165 2165 2237 2237 2237 2226 2226 2226 2231 2231 2231 2237 2237 2237 2222 2222 2222 2226 2226 2226 2237 2237 2237 2239 2239 2239 2227 2227 2227 2237 2237 2237 2236 2236 2236 2161 2161 2161 2240 2240 2240 2241 2241 2241 2242 2242 2242 2240 2240 2240 2162 2162 2162 2243 2243 2243 2162 2162 2162 2240 2240 2240 2163 2163 2163 2162 2162 2162 2238 2238 2238 2244 2244 2244 2162 2162 2162 2159 2159 2159 2165 2165 2165 2162 2162 2162 2165 2165 2165 2238 2238 2238 2243 2243 2243 2245 2245 2245 2241 2241 2241 2243 2243 2243 2244 2244 2244 2245 2245 2245 2163 2163 2163 2160 2160 2160 2159 2159 2159 2163 2163 2163 2246 2246 2246 2164 2164 2164 2244 2244 2244 2238 2238 2238 2212 2212 2212 2244 2244 2244 2216 2216 2216 2245 2245 2245 2244 2244 2244 2243 2243 2243 2162 2162 2162 2244 2244 2244 2212 2212 2212 2213 2213 2213 2216 2216 2216 2215 2215 2215 2247 2247 2247 2216 2216 2216 2241 2241 2241 2245 2245 2245 2216 2216 2216 2244 2244 2244 2213 2213 2213 2248 2248 2248 2242 2242 2242 2241 2241 2241 2248 2248 2248 2241 2241 2241 2216 2216 2216 2241 2241 2241 2240 2240 2240 2243 2243 2243 2242 2242 2242 2249 2249 2249 2240 2240 2240 2242 2242 2242 2248 2248 2248 2250 2250 2250 2242 2242 2242 2251 2251 2251 2249 2249 2249 2239 2239 2239 2237 2237 2237 2161 2161 2161 2239 2239 2239 2161 2161 2161 2158 2158 2158 2227 2227 2227 2222 2222 2222 2237 2237 2237 2228 2228 2228 2223 2223 2223 2222 2222 2222 2183 2183 2183 2187 2187 2187 2179 2179 2179 2187 2187 2187 2184 2184 2184 2179 2179 2179 2252 2252 2252 2253 2253 2253 2187 2187 2187 2252 2252 2252 2187 2187 2187 2183 2183 2183 2253 2253 2253 2254 2254 2254 2188 2188 2188 2253 2253 2253 2188 2188 2188 2187 2187 2187 2255 2255 2255 2256 2256 2256 2253 2253 2253 2255 2255 2255 2253 2253 2253 2252 2252 2252 2256 2256 2256 2257 2257 2257 2254 2254 2254 2256 2256 2256 2254 2254 2254 2253 2253 2253 2176 2176 2176 2174 2174 2174 2195 2195 2195 2176 2176 2176 2258 2258 2258 2259 2259 2259 2176 2176 2176 2181 2181 2181 2172 2172 2172 2181 2181 2181 2176 2176 2176 2259 2259 2259 2258 2258 2258 2176 2176 2176 2260 2260 2260 2260 2260 2260 2261 2261 2261 2258 2258 2258 2260 2260 2260 2195 2195 2195 2262 2262 2262 2261 2261 2261 2260 2260 2260 2263 2263 2263 2263 2263 2263 2262 2262 2262 2264 2264 2264 2246 2246 2246 2163 2163 2163 2240 2240 2240 2246 2246 2246 2240 2240 2240 2249 2249 2249 2251 2251 2251 2242 2242 2242 2250 2250 2250 2238 2238 2238 2234 2234 2234 2212 2212 2212 2238 2238 2238 2236 2236 2236 2233 2233 2233 2238 2238 2238 2233 2233 2233 2234 2234 2234 2165 2165 2165 2161 2161 2161 2236 2236 2236 2265 2265 2265 2193 2193 2193 2177 2177 2177 2265 2265 2265 2266 2266 2266 2193 2193 2193 2265 2265 2265 2177 2177 2177 2173 2173 2173 2266 2266 2266 2265 2265 2265 2267 2267 2267 2266 2266 2266 2268 2268 2268 2194 2194 2194 2266 2266 2266 2269 2269 2269 2268 2268 2268 2267 2267 2267 2270 2270 2270 2266 2266 2266 2267 2267 2267 2185 2185 2185 2271 2271 2271 2270 2270 2270 2267 2267 2267 2272 2272 2272 2272 2272 2272 2271 2271 2271 2273 2273 2273 2274 2274 2274 2275 2275 2275 2217 2217 2217 2274 2274 2274 2235 2235 2235 2276 2276 2276 2275 2275 2275 2277 2277 2277 2210 2210 2210 2275 2275 2275 2274 2274 2274 2278 2278 2278 2217 2217 2217 2210 2210 2210 2209 2209 2209 2217 2217 2217 2235 2235 2235 2274 2274 2274 2278 2278 2278 2276 2276 2276 2279 2279 2279 2278 2278 2278 2280 2280 2280 2275 2275 2275 2278 2278 2278 2281 2281 2281 2282 2282 2282 2280 2280 2280 2283 2283 2283 2277 2277 2277 2280 2280 2280 2278 2278 2278 2282 2282 2282 2282 2282 2282 2284 2284 2284 2280 2280 2280 2282 2282 2282 2285 2285 2285 2286 2286 2286 2284 2284 2284 2282 2282 2282 2286 2286 2286 2194 2194 2194 2262 2262 2262 2195 2195 2195 2194 2194 2194 2193 2193 2193 2266 2266 2266 2268 2268 2268 2264 2264 2264 2262 2262 2262 2269 2269 2269 2266 2266 2266 2270 2270 2270 2276 2276 2276 2278 2278 2278 2274 2274 2274 2279 2279 2279 2225 2225 2225 2281 2281 2281 2281 2281 2281 2278 2278 2278 2279 2279 2279 2281 2281 2281 2224 2224 2224 2285 2285 2285 2285 2285 2285 2282 2282 2282 2281 2281 2281 2195 2195 2195 2260 2260 2260 2176 2176 2176 2195 2195 2195 2178 2178 2178 2194 2194 2194 2262 2262 2262 2263 2263 2263 2260 2260 2260 2262 2262 2262 2194 2194 2194 2268 2268 2268 2264 2264 2264 2268 2268 2268 2269 2269 2269 2232 2232 2232 2276 2276 2276 2235 2235 2235 2232 2232 2232 2279 2279 2279 2276 2276 2276 2232 2232 2232 2234 2234 2234 2229 2229 2229 2235 2235 2235 2217 2217 2217 2234 2234 2234 2225 2225 2225 2279 2279 2279 2232 2232 2232 2225 2225 2225 2229 2229 2229 2221 2221 2221 2224 2224 2224 2281 2281 2281 2225 2225 2225 2224 2224 2224 2221 2221 2221 2223 2223 2223 2211 2211 2211 2277 2277 2277 2287 2287 2287 2211 2211 2211 2210 2210 2210 2277 2277 2277 2211 2211 2211 2218 2218 2218 2208 2208 2208 2220 2220 2220 2219 2219 2219 2218 2218 2218 2220 2220 2220 2287 2287 2287 2288 2288 2288 2220 2220 2220 2289 2289 2289 2219 2219 2219 2220 2220 2220 2290 2290 2290 2289 2289 2289 2220 2220 2220 2211 2211 2211 2287 2287 2287 2287 2287 2287 2277 2277 2277 2283 2283 2283 2287 2287 2287 2283 2283 2283 2291 2291 2291 2288 2288 2288 2292 2292 2292 2290 2290 2290 2288 2288 2288 2287 2287 2287 2291 2291 2291 2288 2288 2288 2291 2291 2291 2293 2293 2293 2190 2190 2190 2186 2186 2186 2192 2192 2192 2192 2192 2192 2189 2189 2189 2191 2191 2191 2294 2294 2294 2191 2191 2191 2295 2295 2295 2294 2294 2294 2190 2190 2190 2192 2192 2192 2294 2294 2294 2296 2296 2296 2190 2190 2190 2296 2296 2296 2271 2271 2271 2185 2185 2185 2296 2296 2296 2185 2185 2185 2190 2190 2190 2297 2297 2297 2296 2296 2296 2294 2294 2294 2297 2297 2297 2298 2298 2298 2296 2296 2296 2298 2298 2298 2273 2273 2273 2271 2271 2271 2298 2298 2298 2271 2271 2271 2296 2296 2296 2289 2289 2289 2247 2247 2247 2215 2215 2215 2290 2290 2290 2220 2220 2220 2288 2288 2288 2290 2290 2290 2299 2299 2299 2247 2247 2247 2292 2292 2292 2288 2288 2288 2293 2293 2293 2191 2191 2191 2294 2294 2294 2192 2192 2192 2300 2300 2300 2294 2294 2294 2295 2295 2295 2300 2300 2300 2297 2297 2297 2294 2294 2294 2215 2215 2215 2213 2213 2213 2214 2214 2214 2215 2215 2215 2219 2219 2219 2289 2289 2289 2247 2247 2247 2289 2289 2289 2290 2290 2290 2247 2247 2247 2248 2248 2248 2216 2216 2216 2299 2299 2299 2290 2290 2290 2292 2292 2292 2299 2299 2299 2248 2248 2248 2247 2247 2247 2299 2299 2299 2250 2250 2250 2248 2248 2248 2254 2254 2254 2295 2295 2295 2191 2191 2191 2254 2254 2254 2191 2191 2191 2188 2188 2188 2257 2257 2257 2295 2295 2295 2254 2254 2254 2257 2257 2257 2300 2300 2300 2295 2295 2295 2185 2185 2185 2180 2180 2180 2190 2190 2190 2185 2185 2185 2267 2267 2267 2265 2265 2265 2185 2185 2185 2265 2265 2265 2173 2173 2173 2185 2185 2185 2173 2173 2173 2175 2175 2175 2271 2271 2271 2272 2272 2272 2267 2267 2267 2210 2210 2210 2217 2217 2217 2275 2275 2275 2277 2277 2277 2275 2275 2275 2280 2280 2280 2283 2283 2283 2280 2280 2280 2284 2284 2284 2301 2301 2301 2302 2302 2302 2303 2303 2303 2301 2301 2301 2157 2157 2157 2304 2304 2304 2302 2302 2302 2171 2171 2171 2305 2305 2305 2302 2302 2302 2305 2305 2305 2303 2303 2303 2305 2305 2305 2171 2171 2171 2197 2197 2197 2157 2157 2157 2153 2153 2153 2304 2304 2304 2157 2157 2157 2301 2301 2301 2303 2303 2303 2306 2306 2306 2307 2307 2307 2308 2308 2308 2308 2308 2308 2309 2309 2309 2306 2306 2306 2310 2310 2310 2307 2307 2307 2311 2311 2311 2310 2310 2310 2308 2308 2308 2307 2307 2307 2312 2312 2312 2306 2306 2306 2309 2309 2309 2312 2312 2312 2207 2207 2207 2313 2313 2313 2207 2207 2207 2206 2206 2206 2313 2313 2313 2309 2309 2309 2207 2207 2207 2312 2312 2312 2314 2314 2314 2310 2310 2310 2311 2311 2311 2315 2315 2315 2316 2316 2316 2317 2317 2317 2315 2315 2315 2314 2314 2314 2311 2311 2311 2317 2317 2317 2314 2314 2314 2315 2315 2315 2317 2317 2317 2316 2316 2316 2318 2318 2318 2319 2319 2319 2320 2320 2320 2202 2202 2202 2320 2320 2320 2319 2319 2319 2321 2321 2321 2202 2202 2202 2200 2200 2200 2319 2319 2319 2322 2322 2322 2323 2323 2323 2324 2324 2324 2322 2322 2322 2325 2325 2325 2326 2326 2326 2323 2323 2323 2322 2322 2322 2327 2327 2327 2323 2323 2323 2328 2328 2328 2329 2329 2329 2327 2327 2327 2330 2330 2330 2331 2331 2331 2327 2327 2327 2332 2332 2332 2328 2328 2328 2330 2330 2330 2327 2327 2327 2322 2322 2322 2330 2330 2330 2326 2326 2326 2333 2333 2333 2331 2331 2331 2330 2330 2330 2334 2334 2334 2332 2332 2332 2335 2335 2335 2328 2328 2328 2332 2332 2332 2327 2327 2327 2331 2331 2331 2332 2332 2332 2334 2334 2334 2336 2336 2336 2328 2328 2328 2323 2323 2323 2327 2327 2327 2328 2328 2328 2337 2337 2337 2329 2329 2329 2337 2337 2337 2338 2338 2338 2339 2339 2339 2337 2337 2337 2328 2328 2328 2335 2335 2335 2335 2335 2335 2332 2332 2332 2336 2336 2336 2335 2335 2335 2340 2340 2340 2338 2338 2338 2336 2336 2336 2334 2334 2334 2340 2340 2340 2340 2340 2340 2341 2341 2341 2338 2338 2338 2340 2340 2340 2334 2334 2334 2342 2342 2342 2340 2340 2340 2335 2335 2335 2336 2336 2336 2338 2338 2338 2343 2343 2343 2339 2339 2339 2338 2338 2338 2337 2337 2337 2335 2335 2335 2343 2343 2343 2344 2344 2344 2345 2345 2345 2343 2343 2343 2338 2338 2338 2341 2341 2341 2341 2341 2341 2346 2346 2346 2344 2344 2344 2341 2341 2341 2340 2340 2340 2342 2342 2342 2346 2346 2346 2341 2341 2341 2342 2342 2342 2346 2346 2346 2334 2334 2334 2333 2333 2333 2346 2346 2346 2326 2326 2326 2344 2344 2344 2344 2344 2344 2343 2343 2343 2341 2341 2341 2344 2344 2344 2325 2325 2325 2345 2345 2345 2325 2325 2325 2322 2322 2322 2324 2324 2324 2325 2325 2325 2344 2344 2344 2326 2326 2326 2326 2326 2326 2330 2330 2330 2322 2322 2322 2326 2326 2326 2346 2346 2346 2333 2333 2333 2334 2334 2334 2330 2330 2330 2333 2333 2333 2334 2334 2334 2346 2346 2346 2342 2342 2342 2334 2334 2334 2332 2332 2332 2331 2331 2331 2347 2347 2347 2348 2348 2348 2349 2349 2349 2347 2347 2347 2350 2350 2350 2351 2351 2351 2348 2348 2348 2347 2347 2347 2352 2352 2352 2348 2348 2348 2353 2353 2353 2354 2354 2354 2349 2349 2349 2355 2355 2355 2356 2356 2356 2349 2349 2349 2357 2357 2357 2350 2350 2350 2355 2355 2355 2354 2354 2354 2358 2358 2358 2355 2355 2355 2359 2359 2359 2356 2356 2356 2355 2355 2355 2349 2349 2349 2348 2348 2348 2357 2357 2357 2349 2349 2349 2356 2356 2356 2357 2357 2357 2360 2360 2360 2350 2350 2350 2357 2357 2357 2359 2359 2359 2361 2361 2361 2350 2350 2350 2347 2347 2347 2349 2349 2349 2351 2351 2351 2360 2360 2360 2362 2362 2362 2360 2360 2360 2363 2363 2363 2362 2362 2362 2360 2360 2360 2364 2364 2364 2365 2365 2365 2360 2360 2360 2357 2357 2357 2361 2361 2361 2360 2360 2360 2351 2351 2351 2350 2350 2350 2361 2361 2361 2359 2359 2359 2364 2364 2364 2364 2364 2364 2366 2366 2366 2365 2365 2365 2364 2364 2364 2360 2360 2360 2361 2361 2361 2364 2364 2364 2359 2359 2359 2367 2367 2367 2365 2365 2365 2368 2368 2368 2363 2363 2363 2363 2363 2363 2360 2360 2360 2365 2365 2365 2368 2368 2368 2365 2365 2365 2366 2366 2366 2368 2368 2368 2369 2369 2369 2370 2370 2370 2366 2366 2366 2371 2371 2371 2369 2369 2369 2366 2366 2366 2364 2364 2364 2367 2367 2367 2371 2371 2371 2354 2354 2354 2369 2369 2369 2371 2371 2371 2366 2366 2366 2367 2367 2367 2371 2371 2371 2359 2359 2359 2358 2358 2358 2369 2369 2369 2353 2353 2353 2370 2370 2370 2369 2369 2369 2368 2368 2368 2366 2366 2366 2353 2353 2353 2348 2348 2348 2352 2352 2352 2353 2353 2353 2369 2369 2369 2354 2354 2354 2354 2354 2354 2371 2371 2371 2358 2358 2358 2354 2354 2354 2355 2355 2355 2348 2348 2348 2359 2359 2359 2357 2357 2357 2356 2356 2356 2359 2359 2359 2371 2371 2371 2367 2367 2367 2359 2359 2359 2355 2355 2355 2358 2358 2358 2372 2372 2372 2373 2373 2373 2374 2374 2374 2372 2372 2372 2374 2374 2374 2375 2375 2375 2373 2373 2373 2372 2372 2372 2376 2376 2376 2374 2374 2374 2377 2377 2377 2378 2378 2378 2374 2374 2374 2378 2378 2378 2379 2379 2379 2376 2376 2376 2380 2380 2380 2373 2373 2373 2377 2377 2377 2374 2374 2374 2373 2373 2373 2377 2377 2377 2380 2380 2380 2381 2381 2381 2378 2378 2378 2381 2381 2381 2382 2382 2382 2375 2375 2375 2374 2374 2374 2379 2379 2379 2375 2375 2375 2383 2383 2383 2372 2372 2372 2375 2375 2375 2384 2384 2384 2383 2383 2383 2375 2375 2375 2385 2385 2385 2386 2386 2386 2379 2379 2379 2382 2382 2382 2385 2385 2385 2384 2384 2384 2375 2375 2375 2386 2386 2386 2384 2384 2384 2386 2386 2386 2387 2387 2387 2385 2385 2385 2387 2387 2387 2386 2386 2386 2385 2385 2385 2375 2375 2375 2379 2379 2379 2387 2387 2387 2388 2388 2388 2389 2389 2389 2387 2387 2387 2385 2385 2385 2390 2390 2390 2390 2390 2390 2391 2391 2391 2387 2387 2387 2389 2389 2389 2384 2384 2384 2387 2387 2387 2388 2388 2388 2387 2387 2387 2391 2391 2391 2388 2388 2388 2391 2391 2391 2392 2392 2392 2391 2391 2391 2390 2390 2390 2393 2393 2393 2391 2391 2391 2393 2393 2393 2394 2394 2394 2393 2393 2393 2381 2381 2381 2394 2394 2394 2392 2392 2392 2391 2391 2391 2394 2394 2394 2394 2394 2394 2380 2380 2380 2392 2392 2392 2395 2395 2395 2380 2380 2380 2396 2396 2396 2395 2395 2395 2388 2388 2388 2392 2392 2392 2380 2380 2380 2376 2376 2376 2396 2396 2396 2380 2380 2380 2377 2377 2377 2373 2373 2373 2380 2380 2380 2394 2394 2394 2381 2381 2381 2380 2380 2380 2395 2395 2395 2392 2392 2392 2381 2381 2381 2378 2378 2378 2377 2377 2377 2382 2382 2382 2393 2393 2393 2390 2390 2390 2382 2382 2382 2390 2390 2390 2385 2385 2385 2382 2382 2382 2379 2379 2379 2378 2378 2378 2382 2382 2382 2381 2381 2381 2393 2393 2393 2397 2397 2397 2398 2398 2398 2399 2399 2399 2398 2398 2398 2397 2397 2397 2400 2400 2400 2398 2398 2398 2401 2401 2401 2402 2402 2402 2398 2398 2398 2400 2400 2400 2401 2401 2401 2399 2399 2399 2403 2403 2403 2397 2397 2397 2400 2400 2400 2404 2404 2404 2405 2405 2405 2400 2400 2400 2406 2406 2406 2404 2404 2404 2406 2406 2406 2407 2407 2407 2408 2408 2408 2406 2406 2406 2403 2403 2403 2407 2407 2407 2406 2406 2406 2400 2400 2400 2397 2397 2397 2401 2401 2401 2409 2409 2409 2402 2402 2402 2401 2401 2401 2400 2400 2400 2405 2405 2405 2405 2405 2405 2410 2410 2410 2401 2401 2401 2405 2405 2405 2408 2408 2408 2411 2411 2411 2409 2409 2409 2410 2410 2410 2412 2412 2412 2409 2409 2409 2401 2401 2401 2410 2410 2410 2410 2410 2410 2405 2405 2405 2411 2411 2411 2410 2410 2410 2411 2411 2411 2413 2413 2413 2412 2412 2412 2414 2414 2414 2415 2415 2415 2412 2412 2412 2410 2410 2410 2413 2413 2413 2413 2413 2413 2416 2416 2416 2412 2412 2412 2415 2415 2415 2409 2409 2409 2412 2412 2412 2414 2414 2414 2416 2416 2416 2417 2417 2417 2414 2414 2414 2412 2412 2412 2416 2416 2416 2416 2416 2416 2413 2413 2413 2418 2418 2418 2416 2416 2416 2418 2418 2418 2419 2419 2419 2419 2419 2419 2403 2403 2403 2417 2417 2417 2419 2419 2419 2408 2408 2408 2407 2407 2407 2419 2419 2419 2417 2417 2417 2416 2416 2416 2417 2417 2417 2420 2420 2420 2414 2414 2414 2420 2420 2420 2403 2403 2403 2421 2421 2421 2403 2403 2403 2419 2419 2419 2407 2407 2407 2403 2403 2403 2420 2420 2420 2417 2417 2417 2403 2403 2403 2406 2406 2406 2397 2397 2397 2403 2403 2403 2399 2399 2399 2421 2421 2421 2408 2408 2408 2419 2419 2419 2418 2418 2418 2408 2408 2408 2404 2404 2404 2406 2406 2406 2408 2408 2408 2413 2413 2413 2411 2411 2411 2408 2408 2408 2405 2405 2405 2404 2404 2404 2408 2408 2408 2418 2418 2418 2413 2413 2413 2422 2422 2422 2423 2423 2423 2424 2424 2424 2422 2422 2422 2425 2425 2425 2426 2426 2426 2425 2425 2425 2422 2422 2422 2427 2427 2427 2425 2425 2425 2428 2428 2428 2429 2429 2429 2425 2425 2425 2430 2430 2430 2426 2426 2426 2426 2426 2426 2431 2431 2431 2432 2432 2432 2426 2426 2426 2433 2433 2433 2422 2422 2422 2427 2427 2427 2434 2434 2434 2425 2425 2425 2427 2427 2427 2424 2424 2424 2435 2435 2435 2424 2424 2424 2423 2423 2423 2436 2436 2436 2424 2424 2424 2427 2427 2427 2422 2422 2422 2435 2435 2435 2437 2437 2437 2427 2427 2427 2435 2435 2435 2424 2424 2424 2438 2438 2438 2437 2437 2437 2439 2439 2439 2434 2434 2434 2437 2437 2437 2435 2435 2435 2440 2440 2440 2440 2440 2440 2435 2435 2435 2441 2441 2441 2440 2440 2440 2442 2442 2442 2437 2437 2437 2434 2434 2434 2427 2427 2427 2437 2437 2437 2434 2434 2434 2439 2439 2439 2443 2443 2443 2444 2444 2444 2445 2445 2445 2446 2446 2446 2444 2444 2444 2447 2447 2447 2442 2442 2442 2445 2445 2445 2448 2448 2448 2449 2449 2449 2445 2445 2445 2444 2444 2444 2440 2440 2440 2446 2446 2446 2450 2450 2450 2444 2444 2444 2446 2446 2446 2449 2449 2449 2451 2451 2451 2449 2449 2449 2452 2452 2452 2451 2451 2451 2449 2449 2449 2448 2448 2448 2453 2453 2453 2449 2449 2449 2446 2446 2446 2445 2445 2445 2448 2448 2448 2454 2454 2454 2455 2455 2455 2451 2451 2451 2456 2456 2456 2446 2446 2446 2451 2451 2451 2457 2457 2457 2456 2456 2456 2450 2450 2450 2457 2457 2457 2447 2447 2447 2450 2450 2450 2446 2446 2446 2456 2456 2456 2458 2458 2458 2459 2459 2459 2460 2460 2460 2458 2458 2458 2461 2461 2461 2462 2462 2462 2459 2459 2459 2458 2458 2458 2463 2463 2463 2459 2459 2459 2464 2464 2464 2465 2465 2465 2460 2460 2460 2466 2466 2466 2467 2467 2467 2460 2460 2460 2468 2468 2468 2458 2458 2458 2463 2463 2463 2462 2462 2462 2469 2469 2469 2463 2463 2463 2470 2470 2470 2464 2464 2464 2468 2468 2468 2436 2436 2436 2471 2471 2471 2468 2468 2468 2460 2460 2460 2472 2472 2472 2472 2472 2472 2467 2467 2467 2455 2455 2455 2461 2461 2461 2458 2458 2458 2468 2468 2468 2461 2461 2461 2471 2471 2471 2473 2473 2473 2462 2462 2462 2463 2463 2463 2458 2458 2458 2474 2474 2474 2475 2475 2475 2476 2476 2476 2474 2474 2474 2476 2476 2476 2477 2477 2477 2474 2474 2474 2478 2478 2478 2479 2479 2479 2475 2475 2475 2430 2430 2430 2476 2476 2476 2476 2476 2476 2429 2429 2429 2480 2480 2480 2477 2477 2477 2481 2481 2481 2478 2478 2478 2477 2477 2477 2480 2480 2480 2482 2482 2482 2477 2477 2477 2476 2476 2476 2480 2480 2480 2478 2478 2478 2474 2474 2474 2477 2477 2477 2478 2478 2478 2483 2483 2483 2465 2465 2465 2479 2479 2479 2465 2465 2465 2464 2464 2464 2479 2479 2479 2484 2484 2484 2474 2474 2474 2484 2484 2484 2479 2479 2479 2485 2485 2485 2484 2484 2484 2486 2486 2486 2475 2475 2475 2484 2484 2484 2475 2475 2475 2474 2474 2474 2485 2485 2485 2464 2464 2464 2470 2470 2470 2486 2486 2486 2431 2431 2431 2475 2475 2475 2436 2436 2436 2438 2438 2438 2424 2424 2424 2436 2436 2436 2423 2423 2423 2471 2471 2471 2436 2436 2436 2468 2468 2468 2472 2472 2472 2471 2471 2471 2461 2461 2461 2468 2468 2468 2471 2471 2471 2487 2487 2487 2473 2473 2473 2423 2423 2423 2487 2487 2487 2471 2471 2471 2423 2423 2423 2422 2422 2422 2433 2433 2433 2487 2487 2487 2433 2433 2433 2488 2488 2488 2465 2465 2465 2466 2466 2466 2459 2459 2459 2465 2465 2465 2479 2479 2479 2478 2478 2478 2464 2464 2464 2459 2459 2459 2463 2463 2463 2464 2464 2464 2485 2485 2485 2479 2479 2479 2470 2470 2470 2463 2463 2463 2469 2469 2469 2428 2428 2428 2425 2425 2425 2434 2434 2434 2428 2428 2428 2489 2489 2489 2490 2490 2490 2428 2428 2428 2491 2491 2491 2492 2492 2492 2489 2489 2489 2493 2493 2493 2494 2494 2494 2489 2489 2489 2428 2428 2428 2492 2492 2492 2490 2490 2490 2429 2429 2429 2428 2428 2428 2490 2490 2490 2489 2489 2489 2495 2495 2495 2492 2492 2492 2496 2496 2496 2497 2497 2497 2492 2492 2492 2493 2493 2493 2489 2489 2489 2491 2491 2491 2428 2428 2428 2434 2434 2434 2491 2491 2491 2498 2498 2498 2499 2499 2499 2496 2496 2496 2492 2492 2492 2491 2491 2491 2496 2496 2496 2499 2499 2499 2500 2500 2500 2496 2496 2496 2501 2501 2501 2497 2497 2497 2493 2493 2493 2492 2492 2492 2497 2497 2497 2493 2493 2493 2501 2501 2501 2502 2502 2502 2429 2429 2429 2476 2476 2476 2430 2430 2430 2429 2429 2429 2490 2490 2490 2480 2480 2480 2430 2430 2430 2425 2425 2425 2429 2429 2429 2430 2430 2430 2475 2475 2475 2431 2431 2431 2457 2457 2457 2451 2451 2451 2452 2452 2452 2457 2457 2457 2450 2450 2450 2456 2456 2456 2457 2457 2457 2503 2503 2503 2447 2447 2447 2457 2457 2457 2504 2504 2504 2505 2505 2505 2503 2503 2503 2442 2442 2442 2447 2447 2447 2503 2503 2503 2457 2457 2457 2505 2505 2505 2447 2447 2447 2444 2444 2444 2450 2450 2450 2452 2452 2452 2453 2453 2453 2504 2504 2504 2504 2504 2504 2506 2506 2506 2505 2505 2505 2504 2504 2504 2457 2457 2457 2452 2452 2452 2507 2507 2507 2453 2453 2453 2448 2448 2448 2507 2507 2507 2455 2455 2455 2467 2467 2467 2453 2453 2453 2452 2452 2452 2449 2449 2449 2453 2453 2453 2507 2507 2507 2508 2508 2508 2509 2509 2509 2508 2508 2508 2507 2507 2507 2509 2509 2509 2467 2467 2467 2466 2466 2466 2508 2508 2508 2443 2443 2443 2506 2506 2506 2508 2508 2508 2504 2504 2504 2453 2453 2453 2443 2443 2443 2439 2439 2439 2506 2506 2506 2443 2443 2443 2508 2508 2508 2509 2509 2509 2506 2506 2506 2504 2504 2504 2508 2508 2508 2506 2506 2506 2503 2503 2503 2505 2505 2505 2439 2439 2439 2437 2437 2437 2442 2442 2442 2439 2439 2439 2503 2503 2503 2506 2506 2506 2442 2442 2442 2440 2440 2440 2444 2444 2444 2442 2442 2442 2503 2503 2503 2439 2439 2439 2501 2501 2501 2510 2510 2510 2502 2502 2502 2501 2501 2501 2511 2511 2511 2512 2512 2512 2501 2501 2501 2496 2496 2496 2500 2500 2500 2501 2501 2501 2493 2493 2493 2497 2497 2497 2511 2511 2511 2500 2500 2500 2499 2499 2499 2511 2511 2511 2501 2501 2501 2500 2500 2500 2511 2511 2511 2513 2513 2513 2512 2512 2512 2512 2512 2512 2513 2513 2513 2510 2510 2510 2510 2510 2510 2494 2494 2494 2502 2502 2502 2510 2510 2510 2501 2501 2501 2512 2512 2512 2514 2514 2514 2515 2515 2515 2513 2513 2513 2514 2514 2514 2499 2499 2499 2498 2498 2498 2515 2515 2515 2514 2514 2514 2509 2509 2509 2515 2515 2515 2466 2466 2466 2483 2483 2483 2513 2513 2513 2515 2515 2515 2516 2516 2516 2513 2513 2513 2511 2511 2511 2514 2514 2514 2517 2517 2517 2516 2516 2516 2515 2515 2515 2517 2517 2517 2482 2482 2482 2495 2495 2495 2517 2517 2517 2483 2483 2483 2481 2481 2481 2516 2516 2516 2495 2495 2495 2494 2494 2494 2516 2516 2516 2510 2510 2510 2513 2513 2513 2498 2498 2498 2509 2509 2509 2514 2514 2514 2498 2498 2498 2491 2491 2491 2434 2434 2434 2499 2499 2499 2496 2496 2496 2491 2491 2491 2499 2499 2499 2514 2514 2514 2511 2511 2511 2495 2495 2495 2516 2516 2516 2517 2517 2517 2495 2495 2495 2489 2489 2489 2494 2494 2494 2494 2494 2494 2493 2493 2493 2502 2502 2502 2494 2494 2494 2510 2510 2510 2516 2516 2516 2431 2431 2431 2486 2486 2486 2518 2518 2518 2431 2431 2431 2426 2426 2426 2430 2430 2430 2518 2518 2518 2432 2432 2432 2431 2431 2431 2432 2432 2432 2488 2488 2488 2433 2433 2433 2432 2432 2432 2518 2518 2518 2519 2519 2519 2483 2483 2483 2478 2478 2478 2481 2481 2481 2483 2483 2483 2517 2517 2517 2515 2515 2515 2481 2481 2481 2477 2477 2477 2482 2482 2482 2466 2466 2466 2465 2465 2465 2483 2483 2483 2466 2466 2466 2515 2515 2515 2509 2509 2509 2466 2466 2466 2460 2460 2460 2459 2459 2459 2520 2520 2520 2521 2521 2521 2454 2454 2454 2520 2520 2520 2522 2522 2522 2523 2523 2523 2522 2522 2522 2440 2440 2440 2524 2524 2524 2522 2522 2522 2520 2520 2520 2448 2448 2448 2523 2523 2523 2525 2525 2525 2520 2520 2520 2523 2523 2523 2524 2524 2524 2526 2526 2526 2524 2524 2524 2441 2441 2441 2527 2527 2527 2524 2524 2524 2523 2523 2523 2522 2522 2522 2524 2524 2524 2440 2440 2440 2441 2441 2441 2526 2526 2526 2524 2524 2524 2527 2527 2527 2526 2526 2526 2528 2528 2528 2523 2523 2523 2526 2526 2526 2529 2529 2529 2528 2528 2528 2525 2525 2525 2528 2528 2528 2529 2529 2529 2525 2525 2525 2529 2529 2529 2521 2521 2521 2525 2525 2525 2523 2523 2523 2528 2528 2528 2482 2482 2482 2517 2517 2517 2481 2481 2481 2482 2482 2482 2490 2490 2490 2495 2495 2495 2482 2482 2482 2480 2480 2480 2490 2490 2490 2467 2467 2467 2472 2472 2472 2460 2460 2460 2467 2467 2467 2509 2509 2509 2507 2507 2507 2455 2455 2455 2530 2530 2530 2472 2472 2472 2455 2455 2455 2507 2507 2507 2448 2448 2448 2488 2488 2488 2432 2432 2432 2519 2519 2519 2433 2433 2433 2487 2487 2487 2423 2423 2423 2433 2433 2433 2426 2426 2426 2432 2432 2432 2529 2529 2529 2531 2531 2531 2521 2521 2521 2529 2529 2529 2532 2532 2532 2533 2533 2533 2529 2529 2529 2526 2526 2526 2527 2527 2527 2521 2521 2521 2520 2520 2520 2525 2525 2525 2527 2527 2527 2441 2441 2441 2532 2532 2532 2532 2532 2532 2529 2529 2529 2527 2527 2527 2532 2532 2532 2534 2534 2534 2533 2533 2533 2531 2531 2531 2529 2529 2529 2533 2533 2533 2531 2531 2531 2533 2533 2533 2534 2534 2534 2531 2531 2531 2454 2454 2454 2521 2521 2521 2530 2530 2530 2436 2436 2436 2472 2472 2472 2530 2530 2530 2534 2534 2534 2436 2436 2436 2530 2530 2530 2455 2455 2455 2454 2454 2454 2454 2454 2454 2531 2531 2531 2530 2530 2530 2454 2454 2454 2448 2448 2448 2520 2520 2520 2438 2438 2438 2436 2436 2436 2534 2534 2534 2534 2534 2534 2530 2530 2530 2531 2531 2531 2534 2534 2534 2532 2532 2532 2438 2438 2438 2441 2441 2441 2435 2435 2435 2438 2438 2438 2441 2441 2441 2438 2438 2438 2532 2532 2532 2535 2535 2535 2536 2536 2536 2537 2537 2537 2535 2535 2535 2538 2538 2538 2539 2539 2539 2535 2535 2535 2540 2540 2540 2541 2541 2541 2535 2535 2535 2541 2541 2541 2538 2538 2538 2539 2539 2539 2538 2538 2538 2542 2542 2542 2539 2539 2539 2543 2543 2543 2536 2536 2536 2541 2541 2541 2544 2544 2544 2545 2545 2545 2541 2541 2541 2545 2545 2545 2538 2538 2538 2537 2537 2537 2540 2540 2540 2535 2535 2535 2537 2537 2537 2546 2546 2546 2540 2540 2540 2537 2537 2537 2547 2547 2547 2548 2548 2548 2540 2540 2540 2549 2549 2549 2541 2541 2541 2548 2548 2548 2546 2546 2546 2537 2537 2537 2548 2548 2548 2547 2547 2547 2550 2550 2550 2546 2546 2546 2549 2549 2549 2540 2540 2540 2546 2546 2546 2551 2551 2551 2549 2549 2549 2549 2549 2549 2544 2544 2544 2541 2541 2541 2551 2551 2551 2552 2552 2552 2553 2553 2553 2551 2551 2551 2554 2554 2554 2555 2555 2555 2551 2551 2551 2556 2556 2556 2554 2554 2554 2551 2551 2551 2553 2553 2553 2549 2549 2549 2553 2553 2553 2552 2552 2552 2557 2557 2557 2553 2553 2553 2558 2558 2558 2544 2544 2544 2553 2553 2553 2559 2559 2559 2558 2558 2558 2560 2560 2560 2561 2561 2561 2562 2562 2562 2560 2560 2560 2562 2562 2562 2563 2563 2563 2560 2560 2560 2564 2564 2564 2561 2561 2561 2563 2563 2563 2562 2562 2562 2554 2554 2554 2563 2563 2563 2554 2554 2554 2556 2556 2556 2565 2565 2565 2563 2563 2563 2556 2556 2556 2565 2565 2565 2556 2556 2556 2550 2550 2550 2556 2556 2556 2551 2551 2551 2546 2546 2546 2550 2550 2550 2556 2556 2556 2546 2546 2546 2550 2550 2550 2546 2546 2546 2548 2548 2548 2566 2566 2566 2559 2559 2559 2557 2557 2557 2566 2566 2566 2567 2567 2567 2559 2559 2559 2566 2566 2566 2568 2568 2568 2569 2569 2569 2566 2566 2566 2570 2570 2570 2568 2568 2568 2568 2568 2568 2571 2571 2571 2572 2572 2572 2569 2569 2569 2567 2567 2567 2566 2566 2566 2569 2569 2569 2572 2572 2572 2573 2573 2573 2569 2569 2569 2568 2568 2568 2572 2572 2572 2557 2557 2557 2555 2555 2555 2570 2570 2570 2557 2557 2557 2552 2552 2552 2555 2555 2555 2557 2557 2557 2570 2570 2570 2566 2566 2566 2570 2570 2570 2571 2571 2571 2568 2568 2568 2570 2570 2570 2555 2555 2555 2571 2571 2571 2555 2555 2555 2574 2574 2574 2571 2571 2571 2555 2555 2555 2554 2554 2554 2562 2562 2562 2552 2552 2552 2551 2551 2551 2555 2555 2555 2574 2574 2574 2555 2555 2555 2561 2561 2561 2574 2574 2574 2575 2575 2575 2571 2571 2571 2576 2576 2576 2577 2577 2577 2578 2578 2578 2576 2576 2576 2579 2579 2579 2577 2577 2577 2576 2576 2576 2580 2580 2580 2581 2581 2581 2576 2576 2576 2582 2582 2582 2579 2579 2579 2577 2577 2577 2583 2583 2583 2578 2578 2578 2577 2577 2577 2579 2579 2579 2584 2584 2584 2584 2584 2584 2579 2579 2579 2585 2585 2585 2584 2584 2584 2586 2586 2586 2564 2564 2564 2584 2584 2584 2585 2585 2585 2586 2586 2586 2583 2583 2583 2584 2584 2584 2564 2564 2564 2583 2583 2583 2577 2577 2577 2584 2584 2584 2583 2583 2583 2587 2587 2587 2578 2578 2578 2564 2564 2564 2560 2560 2560 2583 2583 2583 2588 2588 2588 2589 2589 2589 2590 2590 2590 2588 2588 2588 2591 2591 2591 2589 2589 2589 2588 2588 2588 2592 2592 2592 2593 2593 2593 2589 2589 2589 2594 2594 2594 2595 2595 2595 2590 2590 2590 2589 2589 2589 2595 2595 2595 2590 2590 2590 2596 2596 2596 2588 2588 2588 2593 2593 2593 2591 2591 2591 2588 2588 2588 2593 2593 2593 2597 2597 2597 2598 2598 2598 2593 2593 2593 2598 2598 2598 2591 2591 2591 2591 2591 2591 2594 2594 2594 2589 2589 2589 2591 2591 2591 2598 2598 2598 2594 2594 2594 2594 2594 2594 2599 2599 2599 2600 2600 2600 2595 2595 2595 2600 2600 2600 2601 2601 2601 2598 2598 2598 2602 2602 2602 2594 2594 2594 2598 2598 2598 2582 2582 2582 2602 2602 2602 2603 2603 2603 2597 2597 2597 2593 2593 2593 2597 2597 2597 2604 2604 2604 2598 2598 2598 2602 2602 2602 2605 2605 2605 2599 2599 2599 2604 2604 2604 2585 2585 2585 2579 2579 2579 2604 2604 2604 2579 2579 2579 2598 2598 2598 2606 2606 2606 2607 2607 2607 2608 2608 2608 2606 2606 2606 2609 2609 2609 2610 2610 2610 2606 2606 2606 2608 2608 2608 2572 2572 2572 2606 2606 2606 2610 2610 2610 2607 2607 2607 2606 2606 2606 2572 2572 2572 2575 2575 2575 2607 2607 2607 2611 2611 2611 2612 2612 2612 2608 2608 2608 2573 2573 2573 2572 2572 2572 2575 2575 2575 2574 2574 2574 2613 2613 2613 2575 2575 2575 2586 2586 2586 2609 2609 2609 2575 2575 2575 2572 2572 2572 2571 2571 2571 2575 2575 2575 2609 2609 2609 2606 2606 2606 2609 2609 2609 2614 2614 2614 2615 2615 2615 2609 2609 2609 2615 2615 2615 2610 2610 2610 2613 2613 2613 2561 2561 2561 2564 2564 2564 2613 2613 2613 2586 2586 2586 2575 2575 2575 2586 2586 2586 2613 2613 2613 2564 2564 2564 2586 2586 2586 2585 2585 2585 2614 2614 2614 2586 2586 2586 2614 2614 2614 2609 2609 2609 2615 2615 2615 2611 2611 2611 2610 2610 2610 2614 2614 2614 2603 2603 2603 2615 2615 2615 2614 2614 2614 2597 2597 2597 2603 2603 2603 2585 2585 2585 2604 2604 2604 2597 2597 2597 2585 2585 2585 2597 2597 2597 2614 2614 2614 2616 2616 2616 2617 2617 2617 2618 2618 2618 2616 2616 2616 2619 2619 2619 2620 2620 2620 2619 2619 2619 2621 2621 2621 2622 2622 2622 2619 2619 2619 2622 2622 2622 2536 2536 2536 2620 2620 2620 2619 2619 2619 2536 2536 2536 2620 2620 2620 2617 2617 2617 2616 2616 2616 2622 2622 2622 2537 2537 2537 2536 2536 2536 2536 2536 2536 2535 2535 2535 2539 2539 2539 2618 2618 2618 2623 2623 2623 2621 2621 2621 2618 2618 2618 2621 2621 2621 2616 2616 2616 2618 2618 2618 2617 2617 2617 2624 2624 2624 2621 2621 2621 2547 2547 2547 2622 2622 2622 2621 2621 2621 2625 2625 2625 2626 2626 2626 2621 2621 2621 2619 2619 2619 2616 2616 2616 2627 2627 2627 2623 2623 2623 2618 2618 2618 2627 2627 2627 2628 2628 2628 2629 2629 2629 2627 2627 2627 2624 2624 2624 2630 2630 2630 2623 2623 2623 2631 2631 2631 2621 2621 2621 2547 2547 2547 2626 2626 2626 2632 2632 2632 2547 2547 2547 2537 2537 2537 2622 2622 2622 2631 2631 2631 2627 2627 2627 2629 2629 2629 2631 2631 2631 2625 2625 2625 2621 2621 2621 2631 2631 2631 2623 2623 2623 2627 2627 2627 2631 2631 2631 2633 2633 2633 2625 2625 2625 2634 2634 2634 2635 2635 2635 2636 2636 2636 2634 2634 2634 2637 2637 2637 2638 2638 2638 2634 2634 2634 2638 2638 2638 2635 2635 2635 2634 2634 2634 2639 2639 2639 2637 2637 2637 2637 2637 2637 2640 2640 2640 2638 2638 2638 2641 2641 2641 2639 2639 2639 2634 2634 2634 2641 2641 2641 2642 2642 2642 2639 2639 2639 2639 2639 2639 2629 2629 2629 2637 2637 2637 2643 2643 2643 2644 2644 2644 2645 2645 2645 2643 2643 2643 2642 2642 2642 2641 2641 2641 2642 2642 2642 2629 2629 2629 2639 2639 2639 2642 2642 2642 2633 2633 2633 2631 2631 2631 2642 2642 2642 2646 2646 2646 2633 2633 2633 2642 2642 2642 2631 2631 2631 2629 2629 2629 2629 2629 2629 2628 2628 2628 2637 2637 2637 2647 2647 2647 2565 2565 2565 2648 2648 2648 2647 2647 2647 2587 2587 2587 2565 2565 2565 2647 2647 2647 2648 2648 2648 2649 2649 2649 2648 2648 2648 2632 2632 2632 2626 2626 2626 2649 2649 2649 2648 2648 2648 2633 2633 2633 2649 2649 2649 2650 2650 2650 2651 2651 2651 2649 2649 2649 2633 2633 2633 2646 2646 2646 2633 2633 2633 2626 2626 2626 2625 2625 2625 2646 2646 2646 2645 2645 2645 2650 2650 2650 2646 2646 2646 2642 2642 2642 2643 2643 2643 2600 2600 2600 2652 2652 2652 2601 2601 2601 2600 2600 2600 2653 2653 2653 2654 2654 2654 2600 2600 2600 2595 2595 2595 2594 2594 2594 2600 2600 2600 2654 2654 2654 2652 2652 2652 2652 2652 2652 2654 2654 2654 2655 2655 2655 2601 2601 2601 2656 2656 2656 2595 2595 2595 2601 2601 2601 2652 2652 2652 2657 2657 2657 2654 2654 2654 2658 2658 2658 2655 2655 2655 2599 2599 2599 2594 2594 2594 2602 2602 2602 2599 2599 2599 2653 2653 2653 2600 2600 2600 2653 2653 2653 2659 2659 2659 2658 2658 2658 2653 2653 2653 2658 2658 2658 2654 2654 2654 2653 2653 2653 2660 2660 2660 2659 2659 2659 2653 2653 2653 2605 2605 2605 2660 2660 2660 2655 2655 2655 2658 2658 2658 2661 2661 2661 2659 2659 2659 2660 2660 2660 2662 2662 2662 2659 2659 2659 2663 2663 2663 2658 2658 2658 2659 2659 2659 2664 2664 2664 2663 2663 2663 2659 2659 2659 2662 2662 2662 2665 2665 2665 2663 2663 2663 2666 2666 2666 2667 2667 2667 2663 2663 2663 2664 2664 2664 2668 2668 2668 2651 2651 2651 2669 2669 2669 2670 2670 2670 2651 2651 2651 2647 2647 2647 2649 2649 2649 2651 2651 2651 2650 2650 2650 2669 2669 2669 2669 2669 2669 2650 2650 2650 2665 2665 2665 2670 2670 2670 2580 2580 2580 2651 2651 2651 2581 2581 2581 2670 2670 2670 2660 2660 2660 2581 2581 2581 2582 2582 2582 2576 2576 2576 2581 2581 2581 2580 2580 2580 2670 2670 2670 2581 2581 2581 2660 2660 2660 2605 2605 2605 2660 2660 2660 2670 2670 2670 2662 2662 2662 2605 2605 2605 2653 2653 2653 2599 2599 2599 2605 2605 2605 2602 2602 2602 2582 2582 2582 2671 2671 2671 2672 2672 2672 2673 2673 2673 2671 2671 2671 2674 2674 2674 2672 2672 2672 2671 2671 2671 2666 2666 2666 2668 2668 2668 2672 2672 2672 2644 2644 2644 2636 2636 2636 2673 2673 2673 2636 2636 2636 2675 2675 2675 2673 2673 2673 2676 2676 2676 2671 2671 2671 2673 2673 2673 2672 2672 2672 2636 2636 2636 2668 2668 2668 2665 2665 2665 2674 2674 2674 2668 2668 2668 2674 2674 2674 2671 2671 2671 2668 2668 2668 2664 2664 2664 2665 2665 2665 2674 2674 2674 2665 2665 2665 2644 2644 2644 2674 2674 2674 2644 2644 2644 2672 2672 2672 2644 2644 2644 2641 2641 2641 2636 2636 2636 2644 2644 2644 2643 2643 2643 2641 2641 2641 2636 2636 2636 2641 2641 2641 2634 2634 2634 2636 2636 2636 2635 2635 2635 2675 2675 2675 2665 2665 2665 2645 2645 2645 2644 2644 2644 2665 2665 2665 2650 2650 2650 2645 2645 2645 2665 2665 2665 2662 2662 2662 2669 2669 2669 2664 2664 2664 2659 2659 2659 2665 2665 2665 2645 2645 2645 2646 2646 2646 2643 2643 2643 2662 2662 2662 2670 2670 2670 2669 2669 2669 2656 2656 2656 2590 2590 2590 2595 2595 2595 2656 2656 2656 2601 2601 2601 2657 2657 2657 2612 2612 2612 2608 2608 2608 2607 2607 2607 2612 2612 2612 2573 2573 2573 2608 2608 2608 2543 2543 2543 2620 2620 2620 2536 2536 2536 2677 2677 2677 2638 2638 2638 2640 2640 2640 2677 2677 2677 2635 2635 2635 2638 2638 2638 2578 2578 2578 2587 2587 2587 2580 2580 2580 2587 2587 2587 2560 2560 2560 2563 2563 2563 2587 2587 2587 2563 2563 2563 2565 2565 2565 2587 2587 2587 2583 2583 2583 2560 2560 2560 2580 2580 2580 2587 2587 2587 2647 2647 2647 2580 2580 2580 2576 2576 2576 2578 2578 2578 2580 2580 2580 2647 2647 2647 2651 2651 2651 2632 2632 2632 2565 2565 2565 2550 2550 2550 2632 2632 2632 2648 2648 2648 2565 2565 2565 2632 2632 2632 2550 2550 2550 2547 2547 2547 2657 2657 2657 2655 2655 2655 2661 2661 2661 2657 2657 2657 2652 2652 2652 2655 2655 2655 2675 2675 2675 2635 2635 2635 2677 2677 2677 2561 2561 2561 2555 2555 2555 2562 2562 2562 2561 2561 2561 2613 2613 2613 2574 2574 2574 2582 2582 2582 2581 2581 2581 2605 2605 2605 2582 2582 2582 2598 2598 2598 2579 2579 2579 2626 2626 2626 2547 2547 2547 2621 2621 2621 2626 2626 2626 2633 2633 2633 2648 2648 2648 2650 2650 2650 2649 2649 2649 2646 2646 2646 2545 2545 2545 2542 2542 2542 2538 2538 2538 2542 2542 2542 2543 2543 2543 2539 2539 2539 2544 2544 2544 2549 2549 2549 2553 2553 2553 2559 2559 2559 2553 2553 2553 2557 2557 2557 2567 2567 2567 2569 2569 2569 2573 2573 2573 2596 2596 2596 2590 2590 2590 2656 2656 2656 2592 2592 2592 2603 2603 2603 2593 2593 2593 2592 2592 2592 2588 2588 2588 2596 2596 2596 2678 2678 2678 2615 2615 2615 2603 2603 2603 2678 2678 2678 2603 2603 2603 2592 2592 2592 2679 2679 2679 2615 2615 2615 2678 2678 2678 2611 2611 2611 2607 2607 2607 2610 2610 2610 2611 2611 2611 2615 2615 2615 2679 2679 2679 2617 2617 2617 2620 2620 2620 2543 2543 2543 2624 2624 2624 2627 2627 2627 2618 2618 2618 2628 2628 2628 2627 2627 2627 2630 2630 2630 2640 2640 2640 2637 2637 2637 2628 2628 2628 2661 2661 2661 2658 2658 2658 2667 2667 2667 2667 2667 2667 2658 2658 2658 2663 2663 2663 2666 2666 2666 2663 2663 2663 2668 2668 2668 2666 2666 2666 2671 2671 2671 2676 2676 2676 2676 2676 2676 2673 2673 2673 2675 2675 2675 2680 2680 2680 2681 2681 2681 2682 2682 2682 2680 2680 2680 2683 2683 2683 2684 2684 2684 2680 2680 2680 2684 2684 2684 2681 2681 2681 2683 2683 2683 2685 2685 2685 2684 2684 2684 2683 2683 2683 2686 2686 2686 2685 2685 2685 2683 2683 2683 2687 2687 2687 2686 2686 2686 2684 2684 2684 2688 2688 2688 2681 2681 2681 2681 2681 2681 2689 2689 2689 2690 2690 2690 2691 2691 2691 2687 2687 2687 2680 2680 2680 2691 2691 2691 2692 2692 2692 2693 2693 2693 2691 2691 2691 2693 2693 2693 2687 2687 2687 2691 2691 2691 2682 2682 2682 2694 2694 2694 2691 2691 2691 2680 2680 2680 2682 2682 2682 2682 2682 2682 2681 2681 2681 2690 2690 2690 2695 2695 2695 2691 2691 2691 2694 2694 2694 2694 2694 2694 2690 2690 2690 2696 2696 2696 2694 2694 2694 2697 2697 2697 2695 2695 2695 2694 2694 2694 2682 2682 2682 2690 2690 2690 2690 2690 2690 2689 2689 2689 2698 2698 2698 2696 2696 2696 2699 2699 2699 2700 2700 2700 2696 2696 2696 2698 2698 2698 2701 2701 2701 2696 2696 2696 2690 2690 2690 2698 2698 2698 2698 2698 2698 2702 2702 2702 2703 2703 2703 2698 2698 2698 2689 2689 2689 2704 2704 2704 2698 2698 2698 2703 2703 2703 2701 2701 2701 2705 2705 2705 2706 2706 2706 2707 2707 2707 2705 2705 2705 2708 2708 2708 2709 2709 2709 2705 2705 2705 2709 2709 2709 2710 2710 2710 2705 2705 2705 2711 2711 2711 2708 2708 2708 2708 2708 2708 2711 2711 2711 2712 2712 2712 2708 2708 2708 2700 2700 2700 2709 2709 2709 2712 2712 2712 2713 2713 2713 2708 2708 2708 2712 2712 2712 2697 2697 2697 2713 2713 2713 2697 2697 2697 2694 2694 2694 2713 2713 2713 2697 2697 2697 2714 2714 2714 2692 2692 2692 2697 2697 2697 2692 2692 2692 2695 2695 2695 2713 2713 2713 2696 2696 2696 2700 2700 2700 2713 2713 2713 2694 2694 2694 2696 2696 2696 2715 2715 2715 2716 2716 2716 2717 2717 2717 2715 2715 2715 2718 2718 2718 2716 2716 2716 2718 2718 2718 2719 2719 2719 2716 2716 2716 2718 2718 2718 2720 2720 2720 2719 2719 2719 2718 2718 2718 2721 2721 2721 2720 2720 2720 2716 2716 2716 2719 2719 2719 2722 2722 2722 2703 2703 2703 2715 2715 2715 2717 2717 2717 2703 2703 2703 2699 2699 2699 2701 2701 2701 2703 2703 2703 2702 2702 2702 2715 2715 2715 2703 2703 2703 2717 2717 2717 2699 2699 2699 2717 2717 2717 2716 2716 2716 2722 2722 2722 2717 2717 2717 2722 2722 2722 2699 2699 2699 2699 2699 2699 2723 2723 2723 2710 2710 2710 2699 2699 2699 2709 2709 2709 2700 2700 2700 2699 2699 2699 2722 2722 2722 2723 2723 2723 2701 2701 2701 2699 2699 2699 2696 2696 2696 2723 2723 2723 2724 2724 2724 2725 2725 2725 2700 2700 2700 2708 2708 2708 2713 2713 2713 2726 2726 2726 2727 2727 2727 2728 2728 2728 2726 2726 2726 2729 2729 2729 2730 2730 2730 2726 2726 2726 2728 2728 2728 2729 2729 2729 2726 2726 2726 2731 2731 2731 2727 2727 2727 2726 2726 2726 2732 2732 2732 2731 2731 2731 2728 2728 2728 2727 2727 2727 2707 2707 2707 2728 2728 2728 2733 2733 2733 2729 2729 2729 2733 2733 2733 2734 2734 2734 2729 2729 2729 2733 2733 2733 2735 2735 2735 2734 2734 2734 2707 2707 2707 2711 2711 2711 2705 2705 2705 2707 2707 2707 2706 2706 2706 2733 2733 2733 2707 2707 2707 2733 2733 2733 2728 2728 2728 2706 2706 2706 2705 2705 2705 2710 2710 2710 2706 2706 2706 2735 2735 2735 2733 2733 2733 2736 2736 2736 2737 2737 2737 2738 2738 2738 2736 2736 2736 2739 2739 2739 2740 2740 2740 2736 2736 2736 2738 2738 2738 2741 2741 2741 2737 2737 2737 2740 2740 2740 2742 2742 2742 2737 2737 2737 2743 2743 2743 2738 2738 2738 2738 2738 2738 2743 2743 2743 2744 2744 2744 2745 2745 2745 2736 2736 2736 2741 2741 2741 2745 2745 2745 2741 2741 2741 2746 2746 2746 2745 2745 2745 2746 2746 2746 2747 2747 2747 2741 2741 2741 2744 2744 2744 2746 2746 2746 2741 2741 2741 2738 2738 2738 2744 2744 2744 2744 2744 2744 2748 2748 2748 2749 2749 2749 2744 2744 2744 2750 2750 2750 2748 2748 2748 2746 2746 2746 2749 2749 2749 2730 2730 2730 2746 2746 2746 2730 2730 2730 2729 2729 2729 2746 2746 2746 2744 2744 2744 2749 2749 2749 2751 2751 2751 2739 2739 2739 2745 2745 2745 2751 2751 2751 2745 2745 2745 2747 2747 2747 2747 2747 2747 2746 2746 2746 2752 2752 2752 2749 2749 2749 2748 2748 2748 2753 2753 2753 2749 2749 2749 2753 2753 2753 2730 2730 2730 2752 2752 2752 2746 2746 2746 2729 2729 2729 2752 2752 2752 2729 2729 2729 2734 2734 2734 2754 2754 2754 2755 2755 2755 2756 2756 2756 2754 2754 2754 2756 2756 2756 2757 2757 2757 2754 2754 2754 2757 2757 2757 2758 2758 2758 2754 2754 2754 2719 2719 2719 2755 2755 2755 2755 2755 2755 2720 2720 2720 2759 2759 2759 2724 2724 2724 2758 2758 2758 2735 2735 2735 2724 2724 2724 2719 2719 2719 2754 2754 2754 2724 2724 2724 2722 2722 2722 2719 2719 2719 2724 2724 2724 2723 2723 2723 2722 2722 2722 2724 2724 2724 2754 2754 2754 2758 2758 2758 2758 2758 2758 2760 2760 2760 2761 2761 2761 2758 2758 2758 2757 2757 2757 2760 2760 2760 2725 2725 2725 2710 2710 2710 2723 2723 2723 2725 2725 2725 2724 2724 2724 2735 2735 2735 2735 2735 2735 2761 2761 2761 2734 2734 2734 2735 2735 2735 2706 2706 2706 2725 2725 2725 2735 2735 2735 2758 2758 2758 2761 2761 2761 2760 2760 2760 2762 2762 2762 2763 2763 2763 2761 2761 2761 2751 2751 2751 2747 2747 2747 2761 2761 2761 2760 2760 2760 2751 2751 2751 2734 2734 2734 2747 2747 2747 2752 2752 2752 2734 2734 2734 2761 2761 2761 2747 2747 2747 2764 2764 2764 2765 2765 2765 2766 2766 2766 2764 2764 2764 2766 2766 2766 2767 2767 2767 2766 2766 2766 2687 2687 2687 2767 2767 2767 2767 2767 2767 2768 2768 2768 2764 2764 2764 2767 2767 2767 2687 2687 2687 2693 2693 2693 2687 2687 2687 2683 2683 2683 2680 2680 2680 2769 2769 2769 2770 2770 2770 2765 2765 2765 2769 2769 2769 2768 2768 2768 2771 2771 2771 2769 2769 2769 2764 2764 2764 2768 2768 2768 2768 2768 2768 2693 2693 2693 2692 2692 2692 2768 2768 2768 2772 2772 2772 2773 2773 2773 2768 2768 2768 2767 2767 2767 2693 2693 2693 2774 2774 2774 2775 2775 2775 2770 2770 2770 2774 2774 2774 2769 2769 2769 2771 2771 2771 2774 2774 2774 2776 2776 2776 2775 2775 2775 2771 2771 2771 2768 2768 2768 2777 2777 2777 2692 2692 2692 2691 2691 2691 2695 2695 2695 2692 2692 2692 2772 2772 2772 2768 2768 2768 2777 2777 2777 2768 2768 2768 2773 2773 2773 2777 2777 2777 2778 2778 2778 2774 2774 2774 2777 2777 2777 2773 2773 2773 2779 2779 2779 2777 2777 2777 2774 2774 2774 2771 2771 2771 2780 2780 2780 2781 2781 2781 2782 2782 2782 2780 2780 2780 2783 2783 2783 2784 2784 2784 2780 2780 2780 2782 2782 2782 2783 2783 2783 2780 2780 2780 2785 2785 2785 2781 2781 2781 2781 2781 2781 2786 2786 2786 2787 2787 2787 2782 2782 2782 2788 2788 2788 2783 2783 2783 2782 2782 2782 2787 2787 2787 2788 2788 2788 2783 2783 2783 2788 2788 2788 2776 2776 2776 2783 2783 2783 2776 2776 2776 2778 2778 2778 2789 2789 2789 2784 2784 2784 2790 2790 2790 2789 2789 2789 2780 2780 2780 2784 2784 2784 2789 2789 2789 2791 2791 2791 2785 2785 2785 2784 2784 2784 2783 2783 2783 2778 2778 2778 2792 2792 2792 2793 2793 2793 2791 2791 2791 2792 2792 2792 2789 2789 2789 2790 2790 2790 2790 2790 2790 2779 2779 2779 2794 2794 2794 2790 2790 2790 2784 2784 2784 2778 2778 2778 2790 2790 2790 2778 2778 2778 2777 2777 2777 2795 2795 2795 2731 2731 2731 2796 2796 2796 2795 2795 2795 2797 2797 2797 2798 2798 2798 2797 2797 2797 2779 2779 2779 2798 2798 2798 2797 2797 2797 2794 2794 2794 2779 2779 2779 2797 2797 2797 2796 2796 2796 2799 2799 2799 2798 2798 2798 2772 2772 2772 2714 2714 2714 2798 2798 2798 2712 2712 2712 2795 2795 2795 2794 2794 2794 2792 2792 2792 2790 2790 2790 2794 2794 2794 2799 2799 2799 2793 2793 2793 2779 2779 2779 2790 2790 2790 2777 2777 2777 2779 2779 2779 2772 2772 2772 2798 2798 2798 2750 2750 2750 2744 2744 2744 2743 2743 2743 2750 2750 2750 2743 2743 2743 2800 2800 2800 2750 2750 2750 2801 2801 2801 2802 2802 2802 2750 2750 2750 2800 2800 2800 2801 2801 2801 2750 2750 2750 2802 2802 2802 2803 2803 2803 2800 2800 2800 2804 2804 2804 2801 2801 2801 2801 2801 2801 2805 2805 2805 2802 2802 2802 2802 2802 2802 2805 2805 2805 2806 2806 2806 2748 2748 2748 2803 2803 2803 2753 2753 2753 2748 2748 2748 2750 2750 2750 2803 2803 2803 2803 2803 2803 2807 2807 2807 2808 2808 2808 2803 2803 2803 2806 2806 2806 2807 2807 2807 2803 2803 2803 2802 2802 2802 2806 2806 2806 2805 2805 2805 2809 2809 2809 2806 2806 2806 2806 2806 2806 2809 2809 2809 2810 2810 2810 2807 2807 2807 2811 2811 2811 2812 2812 2812 2807 2807 2807 2813 2813 2813 2808 2808 2808 2807 2807 2807 2814 2814 2814 2813 2813 2813 2807 2807 2807 2806 2806 2806 2811 2811 2811 2811 2811 2811 2810 2810 2810 2815 2815 2815 2811 2811 2811 2815 2815 2815 2816 2816 2816 2811 2811 2811 2816 2816 2816 2812 2812 2812 2796 2796 2796 2797 2797 2797 2795 2795 2795 2796 2796 2796 2817 2817 2817 2818 2818 2818 2796 2796 2796 2818 2818 2818 2799 2799 2799 2817 2817 2817 2796 2796 2796 2731 2731 2731 2732 2732 2732 2817 2817 2817 2731 2731 2731 2732 2732 2732 2753 2753 2753 2808 2808 2808 2732 2732 2732 2808 2808 2808 2817 2817 2817 2808 2808 2808 2813 2813 2813 2817 2817 2817 2808 2808 2808 2753 2753 2753 2803 2803 2803 2819 2819 2819 2820 2820 2820 2821 2821 2821 2819 2819 2819 2815 2815 2815 2822 2822 2822 2819 2819 2819 2823 2823 2823 2820 2820 2820 2823 2823 2823 2786 2786 2786 2785 2785 2785 2823 2823 2823 2822 2822 2822 2786 2786 2786 2823 2823 2823 2785 2785 2785 2820 2820 2820 2820 2820 2820 2785 2785 2785 2791 2791 2791 2816 2816 2816 2814 2814 2814 2812 2812 2812 2816 2816 2816 2819 2819 2819 2821 2821 2821 2816 2816 2816 2821 2821 2821 2814 2814 2814 2821 2821 2821 2791 2791 2791 2814 2814 2814 2821 2821 2821 2820 2820 2820 2791 2791 2791 2785 2785 2785 2780 2780 2780 2789 2789 2789 2791 2791 2791 2789 2789 2789 2792 2792 2792 2814 2814 2814 2818 2818 2818 2813 2813 2813 2814 2814 2814 2799 2799 2799 2818 2818 2818 2814 2814 2814 2791 2791 2791 2793 2793 2793 2812 2812 2812 2814 2814 2814 2807 2807 2807 2793 2793 2793 2792 2792 2792 2794 2794 2794 2813 2813 2813 2818 2818 2818 2817 2817 2817 2742 2742 2742 2804 2804 2804 2800 2800 2800 2742 2742 2742 2743 2743 2743 2737 2737 2737 2742 2742 2742 2800 2800 2800 2743 2743 2743 2759 2759 2759 2756 2756 2756 2755 2755 2755 2686 2686 2686 2687 2687 2687 2766 2766 2766 2787 2787 2787 2782 2782 2782 2781 2781 2781 2731 2731 2731 2711 2711 2711 2727 2727 2727 2711 2711 2711 2795 2795 2795 2712 2712 2712 2711 2711 2711 2707 2707 2707 2727 2727 2727 2711 2711 2711 2731 2731 2731 2795 2795 2795 2714 2714 2714 2712 2712 2712 2798 2798 2798 2714 2714 2714 2697 2697 2697 2712 2712 2712 2804 2804 2804 2805 2805 2805 2801 2801 2801 2720 2720 2720 2755 2755 2755 2719 2719 2719 2786 2786 2786 2781 2781 2781 2785 2785 2785 2710 2710 2710 2709 2709 2709 2699 2699 2699 2710 2710 2710 2725 2725 2725 2706 2706 2706 2730 2730 2730 2732 2732 2732 2726 2726 2726 2730 2730 2730 2753 2753 2753 2732 2732 2732 2772 2772 2772 2692 2692 2692 2714 2714 2714 2772 2772 2772 2779 2779 2779 2773 2773 2773 2799 2799 2799 2794 2794 2794 2797 2797 2797 2799 2799 2799 2814 2814 2814 2793 2793 2793 2688 2688 2688 2684 2684 2684 2685 2685 2685 2689 2689 2689 2681 2681 2681 2688 2688 2688 2702 2702 2702 2698 2698 2698 2704 2704 2704 2721 2721 2721 2715 2715 2715 2702 2702 2702 2721 2721 2721 2718 2718 2718 2715 2715 2715 2740 2740 2740 2737 2737 2737 2736 2736 2736 2739 2739 2739 2751 2751 2751 2824 2824 2824 2739 2739 2739 2736 2736 2736 2745 2745 2745 2824 2824 2824 2751 2751 2751 2760 2760 2760 2824 2824 2824 2760 2760 2760 2763 2763 2763 2762 2762 2762 2756 2756 2756 2759 2759 2759 2762 2762 2762 2757 2757 2757 2756 2756 2756 2762 2762 2762 2760 2760 2760 2757 2757 2757 2765 2765 2765 2764 2764 2764 2769 2769 2769 2765 2765 2765 2686 2686 2686 2766 2766 2766 2770 2770 2770 2769 2769 2769 2774 2774 2774 2776 2776 2776 2774 2774 2774 2778 2778 2778 2809 2809 2809 2805 2805 2805 2804 2804 2804 2810 2810 2810 2811 2811 2811 2806 2806 2806 2815 2815 2815 2819 2819 2819 2816 2816 2816 2822 2822 2822 2823 2823 2823 2819 2819 2819</p>
        </triangles>
      </mesh>
    </geometry>
  </library_geometries>
  <library_materials>
    <material id="4864d2202b2e4b9cb454800917d3640c" name="pbrmaterial">
      <instance_effect url="#831bdb715c9b47da82a5c3093c4c41ef" />
    </material>
  </library_materials>
  <library_visual_scenes>
    <visual_scene id="scene">
      <node id="node0" name="node0">
        <instance_geometry url="#b53a320a5239493b8c2d11cb78865de4">
          <bind_material>
            <technique_common>
              <instance_material symbol="material0" target="#4864d2202b2e4b9cb454800917d3640c" />
            </technique_common>
          </bind_material>
        </instance_geometry>
      </node>
    </visual_scene>
  </library_visual_scenes>
  <scene>
    <instance_visual_scene url="#scene" />
  </scene>
</COLLADA>
