<COLLADA xmlns="http://www.collada.org/2005/11/COLLADASchema" version="1.4.1">
  <asset>
    <created>2026-01-11T12:32:02.483043</created>
    <modified>2026-01-11T12:32:02.483055</modified>
    <up_axis>Y_UP</up_axis>
  </asset>
  <library_effects>
    <effect id="4badf93b9fc9417a81614fdd77202955" name="4badf93b9fc9417a81614fdd77202955">
      <profile_COMMON>
        <technique sid="common">
          <phong>
            <ambient>
              <color>0.0 0.0 0.0 1.0</color>
            </ambient>
            <diffuse>
              <color>1.0 1.0 1.0 1.0</color>
            </diffuse>
            <specular>
              <color>1.0 1.0 1.0 1.0</color>
            </specular>
            <shininess>
              <float>0.0</float>
            </shininess>
            <reflective>
              <color>0.0 0.0 0.0 1.0</color>
            </reflective>
            <reflectivity>
              <float>0.0</float>
            </reflectivity>
            <transparent>
              <color>0.0 0.0 0.0 1.0</color>
            </transparent>
            <transparency>
              <float>1.0</float>
            </transparency>
          </phong>
        </technique>
        <extra>
          <technique profile="GOOGLEEARTH">
            <double_sided>0</double_sided>
          </technique>
        </extra>
      </profile_COMMON>
    </effect>
  </library_effects>
  <library_geometries>
    <geometry id="886120e3336649dd99da9bebb776b78d" name="ecb4f27a2a984c7c8a6601b43d8b5293">
      <mesh>
        <source id="verts-array">
          <float_array count="7032" id="verts-array-array">0.2044083 0.4395974 0.346349 0.06564161 0.8394054 0.3641519 0.01327957 0.7771397 0.3627895 -0.2038326 0.4251848 0.3443515 0.2038326 0.4251848 0.3443515 -0.01153071 0.7771397 0.3627895 -0.2044083 0.4395974 0.346349 0.2186806 0.424558 0.3426492 0.2247586 0.9434474 0.3666993 0.09397729 0.9434474 0.3666993 0.0985169 0.9578601 0.365866 0.2188391 0.4395974 0.3449219 -0.2188734 0.4247432 0.3426565 -0.0665914 0.8414294 0.3642336 -0.2247586 0.9434474 0.3666993 -0.09629906 0.9434474 0.3666717 -0.09937224 0.9578601 0.3658155 -0.2253472 0.9578601 0.365866 -0.2188391 0.4395974 0.3449219 0.2987558 0.9434474 0.292702 0.2784055 0.4395974 -0.1364647 0.2987558 0.9434473 -0.1568151 0.2979226 0.95786 -0.1574037 0.2979226 0.9578601 0.2932906 0.2769784 0.4395974 0.2867827 0.2784055 0.4395974 0.2723518 0.276408 0.4251848 0.2717761 0.276408 0.4251847 -0.135889 0.2747056 0.4245579 -0.1507371 0.2769784 0.4395973 -0.1508956 0.2747129 0.4247432 0.286817 -0.2987558 0.9434474 0.292702 -0.2784055 0.4395974 -0.1364647 -0.2784055 0.4395974 0.2723518 -0.2769784 0.4395974 0.2867827 -0.2973287 0.9434474 0.3071329 -0.2979226 0.95786 -0.1574037 -0.2987558 0.9434473 -0.1568151 -0.2747129 0.4247431 -0.1509299 -0.276408 0.4251847 -0.135889 -0.276408 0.4251848 0.2717761 -0.2747056 0.424558 0.2866241 -0.2769784 0.4395973 -0.1508956 0.2247586 0.9434473 -0.2308124 -0.2044083 0.4395974 -0.2104619 -0.2247586 0.9434473 -0.2308124 0.2188391 0.4395973 -0.2090348 0.2044083 0.4395974 -0.210462 0.2038326 0.4251847 -0.2084644 -0.2038326 0.4251847 -0.2084644 -0.2186806 0.4245579 -0.2067621 0.2253472 0.95786 -0.2299791 -0.2188391 0.4395973 -0.2090348 0.2188734 0.4247431 -0.2067694 -0.2015355 0.3671401 0.2839152 -0.2159716 0.3671401 0.269479 -0.2014846 0.3657206 0.2694281 -0.2014846 0.3657205 -0.133541 -0.2300154 0.3713441 -0.1337543 -0.2159716 0.36714 -0.1335919 -0.2164743 0.3688093 0.2846034 -0.2305907 0.3778073 0.2986023 -0.2307877 0.3733236 0.2847822 -0.2016979 0.3713441 0.297959 -0.2166711 0.3733041 0.2987721 -0.2300154 0.3713441 0.2696414 0.2015354 0.3671401 0.2839152 0.2016979 0.3713441 0.297959 -0.2299616 0.383839 0.3099335 -0.2019657 0.3781711 0.3110199 -0.2168041 0.3800019 0.3111368 -0.2170607 0.3883679 0.3215566 -0.2297485 0.3910312 0.3190391 -0.2027723 0.3985537 0.3322423 -0.2176241 0.3984329 0.3303268 -0.2023284 0.3873586 0.3225959 0.2019656 0.3781711 0.3110199 0.2023284 0.3873586 0.3225959 -0.242003 0.383867 0.2979454 -0.2432672 0.3800734 0.284841 -0.2430763 0.3781711 0.2699092 -0.2401737 0.388527 0.3081172 -0.2393264 0.3942501 0.3159566 -0.2546524 0.3873586 -0.1343849 -0.2430763 0.378171 -0.1340221 -0.2536788 0.388431 0.2850068 -0.2546524 0.3873586 0.270272 -0.2511116 0.3910467 0.2976927 -0.248013 0.3942501 0.3072699 -0.2454206 0.3969446 0.3133641 -0.2391894 0.9434474 0.3652722 -0.2327166 0.4395974 0.3407071 -0.2328634 0.4247205 0.3381496 -0.2319723 0.4109978 0.3330924 -0.218315 0.4106276 0.3375724 -0.2032802 0.411326 0.3395883 -0.2530669 0.9434474 0.3610574 -0.2449682 0.4248502 0.3314439 -0.243099 0.4118626 0.3270834 -0.2455073 0.4395974 0.3338666 -0.2658576 0.9434474 0.3542169 -0.2550598 0.4249238 0.3230666 -0.2519396 0.412359 0.3198986 -0.2567197 0.4395974 0.3246633 -0.2659231 0.4395974 0.3134508 -0.2770701 0.9434474 0.3450135 -0.2862734 0.9434474 0.3338011 -0.2306341 0.3998418 0.3265797 -0.240701 0.4018509 0.3219902 -0.2483562 0.4029227 0.3162998 -0.2591103 0.4118234 0.3110529 -0.2634252 0.4247597 0.3129792 -0.2540466 0.4018509 0.3086445 -0.2701799 0.4245539 0.3007586 -0.2696467 0.4105861 0.2860901 -0.2651462 0.4109299 0.2998451 -0.2716447 0.411326 0.2712237 -0.2716447 0.4113259 -0.1353367 -0.2642987 0.3985536 0.2707158 -0.2624577 0.3985039 0.2854799 -0.2586646 0.3998537 0.2985389 -0.2642988 0.3985536 -0.1348288 -0.2727636 0.4395974 0.3006601 -0.2931139 0.9434474 0.3210103 -0.1039805 0.9717189 0.3621452 -0.2259143 0.9717189 0.3622223 -0.2402458 0.9584868 0.3642143 -0.2408404 0.9724588 0.360284 -0.1096632 0.9844912 0.355805 -0.2264381 0.9844912 0.3559081 -0.2412062 0.9845409 0.354071 -0.2543806 0.9584909 0.359689 -0.2541561 0.9831911 0.3501689 -0.2545676 0.9721149 0.3557557 -0.1158066 0.9956861 0.3470431 -0.2268986 0.9956861 0.347166 -0.2415468 0.9946139 0.3461058 -0.2540214 0.9919982 0.3433273 -0.1216867 1.004874 0.3362012 -0.227278 1.004874 0.3363321 -0.2657033 0.9712214 0.3496476 -0.2665846 0.958285 0.3529175 -0.2641004 0.9811938 0.3453896 -0.2633398 0.9887946 0.3399699 -0.2745057 0.9706858 0.3424337 -0.2766586 0.958121 0.3445389 -0.2716691 0.9801221 0.3396126 -0.2692164 0.9861002 0.3371598 -0.2646495 0.9945178 0.3325929 -0.285042 0.9581946 0.3344532 -0.2817306 0.9711822 0.3336332 -0.2774461 0.9811938 0.3320439 -0.2720265 0.9887946 0.3312833 -0.2375474 1.015348 0.305429 -0.2558792 1.0117 -0.1596182 -0.2558792 1.011701 0.2955051 -0.2565341 1.009741 0.31032 -0.2683577 1.003043 0.309912 -0.2683886 1.004874 -0.1593345 -0.2683886 1.004874 0.2952214 -0.2425426 1.009721 0.324435 -0.2375474 1.015348 0.305429 -0.2668444 0.9992058 0.3227594 -0.2560005 1.005238 0.3238759 -0.2781017 0.9946769 0.3094928 -0.2792225 0.995686 -0.1589551 -0.2792225 0.9956861 0.294842 -0.2753691 0.9920135 0.3219655 -0.2879646 0.9844911 -0.1584947 -0.2879646 0.9844912 0.2943816 -0.2860589 0.9846118 0.3092431 -0.2275617 1.011701 0.3238227 -0.254854 0.9991778 0.3347987 -0.2420561 1.002971 0.3363693 -0.1309792 1.015905 0.3100157 -0.2375474 1.015348 0.305429 -0.2821978 0.983203 0.3221393 -0.1267086 1.011701 0.3236998 -0.2979226 0.9578601 0.2932906 -0.2962632 0.9583016 0.3083671 -0.2942788 0.9717188 -0.1579708 -0.2917581 0.9583243 0.3223589 -0.2942788 0.9717189 0.2938577 -0.2923193 0.9724172 0.3089489 -0.2878094 0.972047 0.3225763 -0.2015354 0.36714 -0.148028 -0.2166598 0.3688093 -0.1485307 0.2016979 0.3713441 -0.1620719 0.2015355 0.36714 -0.148028 -0.2016979 0.3713441 -0.1620719 -0.2308286 0.373304 -0.1487275 -0.2306588 0.3778072 -0.1626472 -0.2168387 0.3733235 -0.1628441 -0.2431933 0.3800018 -0.1488606 -0.24199 0.3838389 -0.162018 -0.2536131 0.3883678 -0.1491172 -0.2510956 0.3910312 -0.161805 -0.2623833 0.3984329 -0.1496805 -0.2019656 0.378171 -0.1751328 -0.2300018 0.3838669 -0.1740595 -0.2168975 0.3800733 -0.1753236 -0.2401737 0.3885269 -0.1722302 -0.248013 0.3942501 -0.1713828 -0.2170632 0.3884309 -0.1857352 -0.2023284 0.3873585 -0.1867088 0.2023284 0.3873585 -0.1867088 0.2019657 0.378171 -0.1751328 -0.2297492 0.3910466 -0.1831681 -0.2393263 0.3942501 -0.1800695 -0.2454206 0.3969445 -0.177477 -0.2973287 0.9434473 -0.171246 -0.2651488 0.4109977 -0.1640288 -0.2696288 0.4106275 -0.1503715 -0.2727636 0.4395973 -0.164773 -0.2702061 0.4247204 -0.1649199 -0.2931139 0.9434473 -0.1851234 -0.2635004 0.4248501 -0.1770247 -0.2591399 0.4118625 -0.1751555 -0.2659231 0.4395973 -0.1775637 -0.2862734 0.9434473 -0.1979141 -0.255123 0.4249238 -0.1871163 -0.2519551 0.4123589 -0.1839961 -0.2567197 0.4395973 -0.1887762 -0.2770701 0.9434473 -0.2091266 -0.2658576 0.9434473 -0.2183299 -0.2455073 0.4395973 -0.1979795 -0.2586361 0.3998417 -0.1626905 -0.2540466 0.4018508 -0.1727575 -0.2483562 0.4029226 -0.1804127 -0.2431094 0.4118234 -0.1911667 -0.2450356 0.4247597 -0.1954816 -0.240701 0.4018508 -0.1861031 -0.2328151 0.4245538 -0.2022364 -0.2391894 0.9434473 -0.2293852 -0.2181465 0.410586 -0.2017031 -0.2319016 0.4109298 -0.1972026 -0.2032802 0.4113259 -0.2037012 0.2032802 0.4113259 -0.2037012 0.2027723 0.3985536 -0.1963552 -0.2027723 0.3985536 -0.1963552 -0.2175363 0.3985039 -0.1945142 -0.2305953 0.3998537 -0.190721 -0.2327165 0.4395973 -0.20482 -0.2530669 0.9434473 -0.2251705 -0.2374856 1.015348 -0.169604 -0.2275617 1.0117 -0.1879358 -0.2423766 1.009741 -0.1885906 0.2375474 1.015348 -0.1695421 0.2275617 1.0117 -0.1879358 0.08356035 1.017324 -0.0904682 -0.2419685 1.003043 -0.2004143 -0.2564916 1.009721 -0.1745991 -0.2374856 1.015348 -0.169604 -0.254816 0.9992057 -0.198901 -0.2559324 1.005237 -0.188057 -0.227278 1.004874 -0.2004452 -0.254022 0.9920134 -0.2074256 -0.2415494 0.9946768 -0.2101582 0.227278 1.004874 -0.2004452 -0.2268986 0.995686 -0.2112791 0.2264381 0.9844911 -0.2200211 -0.2264381 0.9844911 -0.2200211 0.2268986 0.995686 -0.2112791 -0.2412996 0.9846117 -0.2181154 -0.2668552 0.9991777 -0.1869106 -0.2684259 1.002971 -0.1741127 -0.2374856 1.015348 -0.169604 -0.2646495 0.9945177 -0.196706 -0.2633398 0.9887945 -0.204083 -0.2541958 0.9832029 -0.2142544 -0.2753838 0.9919981 -0.1860779 -0.2781623 0.9946138 -0.1736033 -0.2720265 0.9887945 -0.1953963 -0.2692164 0.9861001 -0.2012729 -0.2641004 0.9811937 -0.2095026 -0.2861276 0.9845408 -0.1732627 -0.2822254 0.983191 -0.1862127 -0.2774461 0.9811937 -0.196157 -0.2253472 0.95786 -0.2299791 -0.2404237 0.9583015 -0.2283197 -0.2259143 0.9717188 -0.2263353 -0.2544155 0.9583242 -0.2238147 -0.2665098 0.9581946 -0.2170985 -0.2410055 0.9724171 -0.2243758 -0.2765954 0.9581209 -0.2087152 -0.2744903 0.9706857 -0.2065622 -0.2849741 0.9582849 -0.1986411 0.2259143 0.9717188 -0.2263354 -0.2546329 0.9720469 -0.219866 -0.2656898 0.9711821 -0.2137871 -0.2716691 0.980122 -0.2037257 -0.2817042 0.9712213 -0.1977598 -0.2962708 0.9584867 -0.1723023 -0.2923405 0.9724587 -0.1728969 -0.2878123 0.9721148 -0.1866242 -0.2917455 0.9584908 -0.1864372 0.2159716 0.3671401 0.269479 0.2166598 0.3688093 0.2844179 0.2014846 0.3657206 0.2694281 0.2300154 0.3713441 0.2696414 0.2308286 0.3733041 0.2846147 0.2014846 0.3657205 -0.133541 0.2159716 0.36714 -0.1335919 0.2300154 0.3713441 -0.1337543 0.2430763 0.378171 -0.1340221 0.2430763 0.3781711 0.2699092 0.2431933 0.3800019 0.2847477 0.2546524 0.3873586 -0.1343849 0.2536131 0.3883679 0.2850043 0.2510956 0.3910312 0.2976921 0.2546524 0.3873586 0.270272 0.2642988 0.3985536 0.2707159 0.2623833 0.3984329 0.2855676 0.2168387 0.3733236 0.2987312 0.2306588 0.3778073 0.2985343 0.24199 0.383839 0.2979051 0.2401737 0.388527 0.3081172 0.248013 0.3942501 0.3072699 0.2168975 0.3800734 0.3112107 0.2300018 0.383867 0.3099466 0.2454206 0.3969446 0.3133641 0.2170632 0.388431 0.3216224 0.2297492 0.3910467 0.3190552 0.2393263 0.3942501 0.3159566 0.2973287 0.9434474 0.3071329 0.2651488 0.4109978 0.2999158 0.2696288 0.4106276 0.2862586 0.2727636 0.4395974 0.3006601 0.2702061 0.4247205 0.300807 0.2716447 0.4113259 -0.1353366 0.2716447 0.411326 0.2712238 0.2635004 0.4248502 0.3129117 0.2931139 0.9434474 0.3210103 0.2591399 0.4118626 0.3110426 0.2659231 0.4395974 0.3134508 0.2862734 0.9434474 0.333801 0.255123 0.4249238 0.3230034 0.2519551 0.412359 0.3198832 0.2567197 0.4395974 0.3246633 0.2770701 0.9434474 0.3450135 0.2658576 0.9434474 0.3542168 0.2455073 0.4395974 0.3338666 0.2586361 0.3998418 0.2985776 0.2540466 0.4018509 0.3086445 0.2483562 0.4029227 0.3162998 0.2450356 0.4247597 0.3313687 0.2431094 0.4118235 0.3270538 0.2642987 0.3985536 -0.1348288 0.240701 0.4018509 0.3219902 0.2391894 0.9434474 0.3652722 0.2328151 0.4245539 0.3381235 0.2181465 0.4105861 0.3375902 0.2319016 0.4109299 0.3330897 0.2032802 0.411326 0.3395883 0.2027723 0.3985537 0.3322423 0.2175363 0.398504 0.3304013 0.2305953 0.3998538 0.3266082 0.2327165 0.4395974 0.3407071 0.2530669 0.9434474 0.3610574 0.2374856 1.015348 0.3054908 0.2275617 1.011701 0.3238227 0.2423766 1.009741 0.3244775 0.227278 1.004874 0.3363321 0.2419685 1.003043 0.3363011 0.1326489 1.015905 0.3101184 0.1272524 1.011701 0.3238227 0.254816 0.9992058 0.3347879 0.2564916 1.009721 0.310486 0.2374856 1.015348 0.3054908 0.2415494 0.9946769 0.3460452 0.1214372 1.004874 0.3363321 0.2268986 0.9956861 0.347166 0.254022 0.9920135 0.3433125 0.2412996 0.9846118 0.3540023 0.1154266 0.9956861 0.347166 0.2558792 1.011701 0.2955051 0.2559324 1.005238 0.3239439 0.2668552 0.9991777 0.3227975 0.2683886 1.004874 -0.1593345 0.2558792 1.0117 -0.1596182 0.2375474 1.015348 -0.1695421 0.2684259 1.002971 0.3099996 0.2646495 0.9945178 0.3325929 0.2633398 0.9887946 0.3399699 0.2541958 0.983203 0.3501413 0.2683886 1.004874 0.2952214 0.2781623 0.9946138 0.3094902 0.2753838 0.9919982 0.3219648 0.2720265 0.9887946 0.3312833 0.2692164 0.9861002 0.3371598 0.2641004 0.9811938 0.3453895 0.2792225 0.9956861 0.294842 0.2861276 0.9845409 0.3091496 0.2879646 0.9844912 0.2943816 0.2792225 0.995686 -0.1589551 0.2822254 0.9831911 0.3220996 0.2774461 0.9811938 0.3320439 0.2253472 0.9578601 0.365866 0.1037419 0.9717189 0.3622222 0.2404237 0.9583016 0.3642067 0.2259143 0.9717189 0.3622222 0.2544155 0.9583243 0.3597016 0.2410055 0.9724172 0.3602628 0.2665098 0.9581946 0.3529854 0.2765954 0.958121 0.3446021 0.2744903 0.9706858 0.3424492 0.2849741 0.958285 0.334528 0.1094516 0.9844912 0.355908 0.2264381 0.9844912 0.355908 0.2546329 0.972047 0.3557529 0.2656898 0.9711822 0.349674 0.2716691 0.9801221 0.3396126 0.2817042 0.9712214 0.3336467 0.2962708 0.9584868 0.3081893 0.2942788 0.9717189 0.2938577 0.2923405 0.9724588 0.3087838 0.2917455 0.9584909 0.3223241 0.2878123 0.9721149 0.3225111 0.2942788 0.9717188 -0.1579708 0.2879646 0.9844911 -0.1584947 0.2164743 0.3688093 -0.1487163 0.2166711 0.373304 -0.162885 0.2305907 0.3778072 -0.1627152 0.2168041 0.3800018 -0.1752497 0.2299616 0.3838389 -0.1740464 0.2170607 0.3883678 -0.1856695 0.2297485 0.3910312 -0.183152 0.2176241 0.3984329 -0.1944397 0.2307877 0.3733235 -0.1488951 0.242003 0.3838669 -0.1620583 0.2401737 0.3885269 -0.1722302 0.2393264 0.3942501 -0.1800695 0.2432672 0.3800733 -0.1489539 0.2536788 0.3884309 -0.1491197 0.2511116 0.3910466 -0.1618056 0.248013 0.3942501 -0.1713828 0.2454206 0.3969445 -0.177477 0.2391894 0.9434473 -0.2293852 0.2327166 0.4395973 -0.20482 0.2328634 0.4247204 -0.2022625 0.2319723 0.4109977 -0.1972053 0.218315 0.4106275 -0.2016853 0.2449682 0.4248501 -0.1955568 0.2530669 0.9434473 -0.2251705 0.243099 0.4118625 -0.1911963 0.2455073 0.4395973 -0.1979795 0.2658576 0.9434473 -0.2183299 0.2550598 0.4249238 -0.1871794 0.2519396 0.4123589 -0.1840115 0.2567197 0.4395973 -0.1887762 0.2770701 0.9434473 -0.2091266 0.2659231 0.4395973 -0.1775637 0.2862734 0.9434473 -0.1979141 0.2306341 0.3998417 -0.1906925 0.240701 0.4018508 -0.1861031 0.2483562 0.4029226 -0.1804127 0.2591103 0.4118234 -0.1751658 0.2634252 0.4247597 -0.1770921 0.2540466 0.4018508 -0.1727575 0.2973287 0.9434473 -0.171246 0.2701799 0.4245538 -0.1648716 0.2696467 0.410586 -0.150203 0.2651462 0.4109298 -0.163958 0.2624577 0.3985039 -0.1495928 0.2586646 0.3998537 -0.1626518 0.2727636 0.4395973 -0.164773 0.2931139 0.9434473 -0.1851234 0.2374856 1.015348 0.3054908 0.2565341 1.009741 -0.1744331 0.2425426 1.009721 -0.1885481 0.2375474 1.015348 -0.1695421 0.2683577 1.003043 -0.1740251 0.2781017 0.9946768 -0.1736059 0.2753691 0.9920134 -0.1860786 0.2860589 0.9846117 -0.1733562 0.2560005 1.005237 -0.187989 0.2668444 0.9992057 -0.1868726 0.2646495 0.9945177 -0.196706 0.2720265 0.9887945 -0.1953963 0.2821978 0.983203 -0.1862523 0.2420561 1.002971 -0.2004824 0.254854 0.9991777 -0.1989118 0.2633398 0.9887945 -0.204083 0.2692164 0.9861001 -0.2012729 0.2774461 0.9811937 -0.196157 0.2415468 0.9946138 -0.2102189 0.2412062 0.9845408 -0.2181841 0.2540214 0.9919981 -0.2074404 0.2541561 0.983191 -0.214282 0.2641004 0.9811937 -0.2095027 0.2962632 0.9583015 -0.1724802 0.2917581 0.9583242 -0.186472 0.285042 0.9581946 -0.1985663 0.2923193 0.9724171 -0.173062 0.2766586 0.9581209 -0.208652 0.2745057 0.9706857 -0.2065468 0.2665846 0.9582849 -0.2170306 0.2878094 0.9720469 -0.1866894 0.2817306 0.9711821 -0.1977463 0.2716691 0.980122 -0.2037257 0.2657033 0.9712213 -0.2137607 0.2402458 0.9584867 -0.2283274 0.2408404 0.9724587 -0.2243971 0.2545676 0.9721148 -0.2198688 0.2543806 0.9584908 -0.2238021 -0.1584116 1.017324 -0.0156169 -0.08356035 1.017324 -0.0904682 -0.1364882 1.017324 -0.06854475 0.1584116 1.017324 -0.0156169 -0.1584116 1.017324 0.2263551 0.08356035 1.017324 -0.0904682 0.1584116 1.017324 0.2263551 0.1364882 1.017324 -0.06854475 -0.1584116 1.017324 -0.0156169 -0.2113106 1.016002 -0.1434085 -0.1584116 1.017324 0.2263551 -0.1739054 1.016937 -0.08405061 0.2113519 1.016002 -0.1433671 0.1584116 1.017324 -0.0156169 0.1584116 1.017324 0.2263551 -0.1309792 1.015905 0.3100157 0.1272524 1.011701 0.3238227 0.1326489 1.015905 0.3101184 0.1584116 1.017324 0.2263551 -0.1584116 1.017324 0.2263551 -0.01153071 0.7771397 0.3627895 0.06564161 0.8394054 0.3641519 -0.0665914 0.8414294 0.3642336 0.01327957 0.7771397 0.3627895 0.09397729 0.9434474 0.3666993 -0.09629906 0.9434474 0.3666717 0.1214372 1.004874 0.3363321 -0.1267086 1.011701 0.3236998 -0.1216867 1.004874 0.3362012 0.1154266 0.9956861 0.347166 -0.1096632 0.9844912 0.355805 0.1094516 0.9844912 0.355908 -0.1158066 0.9956861 0.3470431 -0.09937224 0.9578601 0.3658155 0.09397729 0.9434474 0.3666993 0.0985169 0.9578601 0.365866 -0.09629906 0.9434474 0.3666717 -0.1039805 0.9717189 0.3621452 0.1037419 0.9717189 0.3622222 -0.3388635 1.761766 0.582001 0.3224332 1.076569 0.5581004 0.3388635 1.761766 0.582001 0.3388634 1.796034 0.5781419 -0.3388634 1.796034 0.5781419 -0.3549366 1.076527 0.5542942 -0.3224332 1.076569 0.5581004 0.3199519 1.043086 0.5508473 0.353137 1.041634 0.5462593 0.3549375 1.076527 0.5542954 -0.353516 1.041992 0.5462975 -0.3199519 1.043086 0.5508474 0.4929342 1.761766 0.4279302 0.4890751 1.796034 -0.2497967 0.4890751 1.796034 0.4279302 0.4652273 1.076527 0.4440035 0.4690336 1.076569 0.4115001 0.4690336 1.076569 -0.2333664 0.4929342 1.761766 -0.2497968 0.4617804 1.043086 -0.2308851 0.4571924 1.041633 -0.2640702 0.4652285 1.076527 -0.2658707 0.4572306 1.041992 0.4425829 0.4617805 1.043086 0.4090188 -0.3388635 1.915837 -0.2497968 -0.3388635 1.915837 0.4279302 0.3388635 1.915837 -0.2497968 -0.3731308 1.911978 -0.2497967 -0.3731308 1.911978 0.4279302 0.3388635 1.915837 0.4279302 0.3731308 1.911978 0.4279302 -0.3388634 1.911978 0.4621975 0.3388634 1.911978 0.4621975 -0.4929342 1.761766 -0.2497968 -0.4690336 1.076569 0.4115001 -0.4929342 1.761766 0.4279302 -0.4652273 1.076527 -0.2658698 -0.4690336 1.076569 -0.2333664 -0.4890751 1.796034 0.4279302 -0.4890751 1.796034 -0.2497967 -0.4617804 1.043086 0.4090188 -0.4571924 1.041634 0.4422039 -0.4652285 1.076527 0.4440044 -0.4890751 1.761766 0.4621976 -0.4572306 1.041992 -0.2644492 -0.4617805 1.043086 -0.2308851 0.3388635 1.761766 -0.4038674 -0.3224332 1.076569 -0.3799668 -0.3388635 1.761766 -0.4038674 0.3549366 1.076527 -0.3761605 0.3224332 1.076569 -0.3799668 -0.3388634 1.796034 -0.4000083 0.3388634 1.796034 -0.4000083 -0.3199519 1.043086 -0.3727136 -0.353137 1.041633 -0.3681256 -0.3549375 1.076527 -0.3761617 0.353516 1.041992 -0.3681638 0.3199519 1.043086 -0.3727136 -0.3113596 0.9335146 0.4319126 -0.3428457 0.9335146 0.4004265 -0.3110306 0.9299687 0.4000974 -0.3738703 0.9440227 -0.2232131 -0.3428457 0.9335145 -0.2222928 -0.3442636 0.9377278 0.4336712 -0.3110306 0.9299686 -0.2219637 -0.3738703 0.9440228 0.4013468 -0.3122799 0.9440228 0.4629372 -0.3451588 0.9487722 0.4644707 -0.313692 0.9610814 0.4916798 -0.3461789 0.9648387 0.4907835 -0.3753916 0.9488373 0.4345117 -0.3736336 0.9728408 0.4869508 -0.3746269 0.9592038 0.4637777 -0.3155002 0.9839835 0.5167234 -0.3480168 0.9850954 0.5128782 -0.3752192 0.9899259 0.5054949 -0.3176148 1.011736 0.5367972 -0.350746 1.010624 0.531716 -0.4026129 0.9610813 -0.2246251 -0.4026129 0.9610813 0.4027589 -0.3979085 0.9728781 0.4627369 -0.4018706 0.9649836 0.4353572 -0.3937073 0.9823988 0.4827741 -0.3949098 0.9951649 0.4965828 -0.416467 0.9899472 0.4642545 -0.4239696 0.9852377 0.4369952 -0.4276564 0.9839834 0.404567 -0.4075159 0.995165 0.4839767 -0.383935 1.042122 0.534992 -0.3731308 1.761766 0.5781419 -0.3795694 1.012456 0.5214246 0.3176147 1.011736 0.5367971 -0.3858616 1.076507 0.5433958 -0.4056969 1.761766 0.5667505 -0.4092074 1.042559 0.5187707 -0.4019085 1.014799 0.5080039 -0.413678 1.076515 0.5259583 -0.4349197 1.761766 0.5483918 -0.459325 1.761766 0.5239863 -0.4368905 1.076514 0.502744 -0.4295478 1.042455 0.4984076 -0.4188963 1.014765 0.4909934 -0.4776838 1.761766 0.4947636 -0.4543278 1.076506 0.4749275 -0.4458281 1.041828 0.4729565 -0.4323484 1.012369 0.468543 -0.4427122 1.010605 0.4395261 -0.4477302 1.011736 0.4066816 -0.4477303 1.011736 -0.228548 -0.4276565 0.9839833 -0.2264334 -0.3742294 1.797503 0.5735666 -0.4049182 1.827912 0.5504019 -0.406843 1.79729 0.5615515 -0.3388634 1.8286 0.5667505 -0.3740833 1.829766 0.5616216 -0.3736381 1.856484 0.544365 -0.4024719 1.851497 0.5358199 -0.3388634 1.857823 0.5483917 -0.4025075 1.869616 0.5176833 -0.3737453 1.878046 0.5227988 -0.3388634 1.882228 0.5239863 -0.3388634 1.900587 0.4947636 -0.3743872 1.895388 0.4959097 -0.4337321 1.796648 0.54421 -0.4286166 1.82541 0.53578 -0.4230862 1.845989 0.5256584 -0.4230863 1.859495 0.512153 -0.4365918 1.845989 0.512153 -0.4056969 1.900587 -0.2497967 -0.4056969 1.900587 0.4279302 -0.3745997 1.907403 0.4632961 -0.4068629 1.895458 0.46315 -0.4050089 1.884238 0.4939849 -0.4349197 1.882228 -0.2497967 -0.4349197 1.882228 0.4279302 -0.4335811 1.878201 0.4627048 -0.428594 1.869656 0.4915387 -0.4467133 1.85152 0.4915742 -0.4551433 1.856635 0.462812 -0.459325 1.857822 -0.2497967 -0.4593251 1.857823 0.4279302 -0.4776838 1.8286 -0.2497967 -0.4776838 1.8286 0.4279302 -0.4724847 1.829746 0.4634539 -0.4613352 1.827821 0.4940757 -0.4467531 1.825375 0.5176607 -0.4844998 1.797132 0.4636665 -0.472555 1.796986 0.4959296 -0.4552983 1.796541 0.5226479 -0.3113596 0.9335145 -0.2537788 -0.3446043 0.9377277 -0.2551967 -0.3754038 0.9487721 -0.2560919 -0.3122799 0.9440227 -0.2848034 -0.3454448 0.9488372 -0.2863247 -0.3978839 0.9728407 -0.2845667 -0.3747109 0.9592037 -0.2855601 -0.4017166 0.9648386 -0.257112 -0.416428 0.9899258 -0.2861523 -0.4238114 0.9850953 -0.2589499 -0.4426492 1.010624 -0.2616792 0.313692 0.9610813 -0.3135461 0.3122799 0.9440227 -0.2848034 -0.37367 0.972878 -0.3088416 -0.3462904 0.9649835 -0.3128037 -0.313692 0.9610812 -0.313546 -0.3937073 0.9823986 -0.3046404 -0.4075159 0.9951648 -0.3058429 -0.3751877 0.9899471 -0.3274001 -0.3479284 0.9852376 -0.3349027 -0.3155002 0.9839833 -0.3385895 -0.3949098 0.9951649 -0.318449 -0.4890751 1.761766 -0.2840641 -0.4459251 1.042122 -0.2948681 -0.4323577 1.012456 -0.2905025 -0.454329 1.076507 -0.2967947 -0.4297038 1.042558 -0.3201406 -0.4776838 1.761766 -0.3166301 -0.418937 1.014799 -0.3128416 -0.4368914 1.076515 -0.3246112 -0.4093408 1.042455 -0.340481 -0.4593251 1.761766 -0.3458529 -0.4349197 1.761766 -0.3702583 -0.4019265 1.014764 -0.3298295 -0.4136771 1.076514 -0.3478237 -0.3858607 1.076506 -0.365261 -0.4056969 1.761766 -0.3886171 -0.3838897 1.041827 -0.3567612 -0.3794761 1.012369 -0.3432815 -0.3731308 1.761766 -0.4000083 -0.3504592 1.010604 -0.3536453 -0.3176147 1.011736 -0.3586634 0.3176148 1.011736 -0.3586634 0.3155002 0.9839833 -0.3385896 -0.3388634 1.911978 -0.2840641 -0.3742294 1.907403 -0.285533 -0.4049182 1.884238 -0.3159422 -0.406843 1.895387 -0.2853205 -0.3388634 1.900587 -0.3166302 -0.3740833 1.895458 -0.3177962 -0.3736381 1.878201 -0.3445144 -0.4024719 1.869656 -0.3395273 -0.3388634 1.882228 -0.3458529 -0.4025075 1.851519 -0.3576466 0.3388634 1.882228 -0.3458529 0.3388634 1.857822 -0.3702583 -0.3737453 1.856635 -0.3660765 -0.3388634 1.857822 -0.3702583 -0.3388634 1.8286 -0.3886171 -0.3743872 1.829746 -0.383418 0.3388634 1.8286 -0.3886171 -0.4337321 1.878046 -0.2846786 -0.4286166 1.869616 -0.3134408 -0.4230862 1.859494 -0.3340196 -0.4230863 1.845989 -0.347525 -0.4050089 1.827821 -0.3722685 -0.4552983 1.856484 -0.2845714 -0.4467531 1.851497 -0.3134052 -0.4365918 1.845989 -0.3340195 -0.428594 1.825375 -0.3576864 -0.3745997 1.797132 -0.3954331 -0.4068629 1.796986 -0.3834883 -0.4335811 1.796541 -0.3662316 -0.4551433 1.796648 -0.3446653 -0.4467133 1.82541 -0.3395498 -0.4724847 1.79729 -0.3177762 -0.4613352 1.827912 -0.3158515 -0.4844998 1.797502 -0.2851626 -0.472555 1.829766 -0.2850166 0.3113596 0.9335146 0.4319126 0.3110306 0.9299687 0.4000974 0.3428457 0.9335146 0.4004265 0.3446043 0.9377278 0.4333305 0.3110306 0.9299686 -0.2219637 0.3428457 0.9335145 -0.2222928 0.3738703 0.9440227 -0.2232131 0.3122799 0.9440228 0.4629372 0.3738703 0.9440228 0.4013468 0.3754038 0.9487722 0.4342257 0.4026129 0.9610814 0.4027589 0.4017166 0.9648387 0.4352458 0.3454448 0.9488373 0.4644584 0.4026129 0.9610812 -0.2246251 0.4276564 0.9839833 -0.2264333 0.4238114 0.9850954 0.4370837 0.416428 0.9899259 0.464286 0.4276565 0.9839834 0.4045671 0.4477303 1.011736 0.4066817 0.4426492 1.010624 0.4398129 0.3747109 0.9592038 0.4636938 0.313692 0.9610813 0.4916798 0.3978839 0.9728408 0.4627004 0.3937073 0.9823988 0.4827741 0.4075159 0.9951649 0.4839767 0.3462904 0.9649836 0.4909374 0.3751877 0.9899472 0.5055338 0.3479284 0.9852378 0.5130365 0.37367 0.9728781 0.4869754 0.3949098 0.995165 0.4965828 0.4459251 1.042122 0.4730018 0.4890751 1.761766 0.4621976 0.4323577 1.012456 0.4686363 0.4477302 1.011736 -0.2285478 0.454329 1.076507 0.4749284 0.4297038 1.042559 0.4982743 0.4776838 1.761766 0.4947636 0.418937 1.014799 0.4909754 0.4368914 1.076515 0.5027448 0.4093408 1.042455 0.5186147 0.4593251 1.761766 0.5239863 0.4349197 1.761766 0.5483917 0.4019265 1.014765 0.5079632 0.4136771 1.076514 0.5259574 0.4056969 1.761766 0.5667505 0.3858607 1.076506 0.5433946 0.3838897 1.041828 0.5348949 0.3794761 1.012369 0.5214153 0.3731308 1.761766 0.5781419 0.3504592 1.010605 0.531779 0.3155002 0.9839835 0.5167232 0.3742294 1.907403 0.4636664 0.3731308 1.911978 -0.2497967 0.3388634 1.900587 0.4947636 0.3740833 1.895458 0.4959296 0.4056969 1.900587 0.4279302 0.4049182 1.884238 0.4940756 0.3388634 1.882228 0.5239863 0.3736381 1.878201 0.5226478 0.4024719 1.869656 0.5176607 0.3737453 1.856635 0.54421 0.3388634 1.857823 0.5483918 0.3388634 1.8286 0.5667505 0.3743872 1.829746 0.5615515 0.4025075 1.85152 0.53578 0.406843 1.895388 0.4634539 0.4056969 1.900587 -0.2497967 0.4337321 1.878046 0.462812 0.4286166 1.869616 0.4915742 0.4230862 1.859495 0.512153 0.4230863 1.845989 0.5256584 0.4050089 1.827821 0.5504019 0.4349197 1.882228 0.4279302 0.4349197 1.882228 -0.2497967 0.459325 1.857823 0.4279302 0.4552983 1.856484 0.4627048 0.4467531 1.851497 0.4915387 0.4365918 1.845989 0.5121529 0.428594 1.825375 0.5358199 0.3745997 1.797132 0.5735666 0.4068629 1.796986 0.5616216 0.4335811 1.796541 0.544365 0.4551433 1.796648 0.5227988 0.4467133 1.82541 0.5176833 0.4724847 1.79729 0.4959097 0.4613352 1.827912 0.4939849 0.4844998 1.797503 0.4632961 0.4776838 1.8286 0.4279302 0.472555 1.829766 0.46315 0.3113596 0.9335145 -0.2537788 0.3442636 0.9377277 -0.2555374 0.3451588 0.9487721 -0.2863369 0.3753916 0.9488372 -0.2563779 0.3461789 0.9648385 -0.3126497 0.3736336 0.9728407 -0.308817 0.3480168 0.9850953 -0.3347445 0.350746 1.010623 -0.3535823 0.3752192 0.9899258 -0.3273611 0.3746269 0.9592037 -0.285644 0.3979085 0.972878 -0.2846031 0.3937073 0.9823986 -0.3046404 0.3949098 0.9951648 -0.318449 0.4018706 0.9649835 -0.2572235 0.416467 0.9899471 -0.2861208 0.4239696 0.9852376 -0.2588615 0.4075159 0.9951649 -0.3058429 0.383935 1.042122 -0.3568583 0.3731308 1.761766 -0.4000083 0.3795694 1.012456 -0.3432908 0.3858616 1.076507 -0.3652621 0.4092074 1.042558 -0.340637 0.4056969 1.761766 -0.3886171 0.4019085 1.014799 -0.3298701 0.413678 1.076515 -0.3478246 0.4295478 1.042455 -0.3202739 0.4349197 1.761766 -0.3702583 0.459325 1.761766 -0.3458529 0.4188963 1.014764 -0.3128597 0.4368905 1.076514 -0.3246103 0.4776838 1.761766 -0.3166301 0.4543278 1.076506 -0.2967938 0.4458281 1.041827 -0.2948228 0.4323484 1.012369 -0.2904093 0.4890751 1.761766 -0.2840641 0.4427122 1.010605 -0.2613924 0.3388634 1.911978 -0.2840641 0.3745997 1.907403 -0.2851627 0.3388634 1.900587 -0.3166302 0.4068629 1.895458 -0.2850166 0.4335811 1.878201 -0.2845714 0.428594 1.869656 -0.3134052 0.4551433 1.856635 -0.2846786 0.4467133 1.851519 -0.3134408 0.4593251 1.857822 -0.2497967 0.4776838 1.8286 -0.2497967 0.4724847 1.829746 -0.2853204 0.3743872 1.895387 -0.3177762 0.4050089 1.884238 -0.3158515 0.4230863 1.859494 -0.3340195 0.4365918 1.845989 -0.3340196 0.4613352 1.827821 -0.3159422 0.3737453 1.878046 -0.3446654 0.4025075 1.869616 -0.3395499 0.3736381 1.856484 -0.3662316 0.4024719 1.851497 -0.3576864 0.4230862 1.845989 -0.347525 0.4467531 1.825375 -0.3395273 0.4844998 1.797132 -0.285533 0.472555 1.796986 -0.3177962 0.4552983 1.796541 -0.3445144 0.4337321 1.796648 -0.3660765 0.4286166 1.82541 -0.3576466 0.406843 1.79729 -0.383418 0.4049182 1.827912 -0.3722685 0.3742294 1.797502 -0.3954331 0.3740833 1.829766 -0.3834883 -0.03451434 1.250068 0.625965 -0.05104174 1.242819 0.6146346 -0.03420601 1.235342 0.6147767 0.03451437 1.242997 0.621685 0.03420603 1.259738 0.6295442 -0.0397641 1.260146 0.628829 -0.05910546 1.254872 0.6161347 -0.03430088 1.226708 0.6005346 0.03444748 1.228539 0.6053635 -0.06733807 1.267097 0.6109396 -0.05033131 1.274529 0.6254979 -0.07463233 1.423649 0.5527584 -0.07429022 1.261903 0.5921938 -0.06419015 1.243469 0.5976054 -0.06978287 1.427209 0.567606 -0.03409683 1.276042 0.63068 -0.03395054 1.437816 0.5902273 -0.05430276 1.431531 0.5849304 -0.05032266 1.232077 0.5998302 -0.04730081 1.214164 0.5408912 -0.04926877 1.447575 0.576443 -0.05138967 1.454904 0.5620467 -0.06248812 1.443951 0.565186 -0.03488341 1.453592 0.5761258 -0.03432428 1.461539 0.5598915 -0.06967715 1.438769 0.5485725 -0.03886498 1.462363 0.5433027 0.0676029 1.247193 0.5965391 0.05126519 1.242766 0.6144176 0.05033131 1.232069 0.5997957 0.04648877 1.213663 0.5410143 0.07353139 1.24198 0.5340526 0.07426596 1.267928 0.5956541 0.06306172 1.255802 0.6120692 0.05083126 1.256262 0.622824 0.03437491 1.463414 0.5469837 0.05083129 1.455037 0.5625888 0.05032267 1.45772 0.5443558 -0.03408571 1.448647 0.4832433 0.03448224 1.458545 0.5680399 0.03947118 1.447911 0.4834243 -0.057792 1.452809 0.5461389 -0.05536027 1.440875 0.485154 0.03432428 1.447579 0.5829537 0.05126516 1.446631 0.5760845 0.06453228 1.446236 0.5473417 0.06306172 1.444282 0.563049 0.07411731 1.427964 0.5516602 0.06967715 1.426992 0.5680275 0.06525779 1.432397 0.4872385 0.05032269 1.274495 0.6255067 0.06419017 1.271184 0.6143823 0.05752054 1.431038 0.582023 0.03823578 1.433263 0.591522 -0.0735314 1.24198 0.5340526 -0.07415664 1.41645 0.4911589 0.0751651 1.408756 0.4930507 0.03466796 1.275991 0.6305531 -0.2799333 0.1376137 0.0127736 -0.3179825 0.02095691 0.04523356 -0.3061811 0.1376375 0.0533666 -0.2467855 0.01464057 -0.02040546 -0.2922349 0.01442382 0.000944221 -0.2730226 0.1826305 0.01471877 -0.3354686 0.02325483 0.1070026 -0.3231682 0.1379494 0.1107958 -0.313565 -0.008593533 0.04576766 -0.2483693 -0.0086639 -0.01884306 -0.2912779 -0.008597661 0.001668475 -0.2383056 0.1374586 -0.007566887 -0.3001478 0.1827187 0.05463058 -0.3157148 0.1834497 0.1133527 -0.2692625 0.216815 0.0165271 -0.2329693 0.1824863 -0.005065168 -0.1788238 0.01568824 -0.01738271 -0.1805688 0.1373424 -0.007225264 -0.1790726 -0.008067831 -0.01621897 -0.1270586 0.137439 0.01435303 -0.1149122 0.01463129 0.00584478 -0.1808818 0.1824032 -0.004788419 -0.1325839 0.1824671 0.01463953 -0.1357855 0.2167694 0.01639487 -0.1029702 0.1825985 0.04807055 -0.09620158 0.1375832 0.04898113 -0.08089033 0.01441173 0.04302521 -0.08703901 0.1376125 0.09651917 -0.100348 0.1834393 0.1555597 -0.09266437 0.1379384 0.1561815 -0.08023185 0.02324878 0.1577725 -0.07352394 0.02094633 0.09390441 -0.09564591 -0.00863768 0.2094425 -0.08606878 -0.008618079 0.15641 -0.1044499 0.138494 0.2087761 -0.08954602 0.02360928 0.2106801 -0.07782126 -0.00859436 0.09274009 -0.09279765 0.1826916 0.09526663 -0.1456807 0.2179983 0.2004644 -0.1353531 0.1868355 0.2099691 -0.1053128 0.2171691 0.1540129 -0.1489405 0.1780288 0.2308381 -0.1115268 0.1380503 0.2364474 -0.09500952 0.02363797 0.2393513 -0.1011138 -0.008644768 0.2381167 -0.3716826 0.0207377 0.322775 -0.3304393 0.1357702 0.3678012 -0.3565665 0.137332 0.3278795 -0.3641406 -0.008579411 0.2861607 -0.3658597 -0.008446881 0.3231684 -0.3354487 -0.009194973 0.3600375 -0.3702246 0.02364445 0.2851225 -0.3402983 0.01253929 0.3621893 -0.3541161 0.1379507 0.2898913 -0.3460226 0.1379967 0.2482704 -0.3563565 -0.008645288 0.2457383 -0.2615409 0.01488331 0.4091723 -0.2597576 -0.008525882 0.4009268 -0.1814442 0.2167617 -0.001575167 -0.1069392 0.2167941 0.04825677 -0.1400542 0.239501 0.02169296 -0.2305268 0.2167822 -0.002140863 -0.2647003 0.239492 0.02143513 -0.2285228 0.2395057 0.004415225 -0.2554244 0.2487216 0.03328998 -0.1827613 0.2395125 0.005257494 -0.1490265 0.2487285 0.03377279 -0.2247438 0.2487286 0.01899114 -0.1856273 0.2487386 0.01994887 -0.1129335 0.2394844 0.05106143 -0.1259733 0.2487213 0.05855595 -0.1822703 0.1357954 0.3969774 -0.1700718 0.01255709 0.3960418 -0.1799725 0.1752341 0.368437 -0.2002501 0.1670419 0.3920277 -0.1736898 -0.009190743 0.3922155 -0.2617109 0.1359846 0.4079134 -0.1315607 -0.008439468 0.3698387 -0.1260683 0.02075909 0.3716734 -0.142712 0.1373636 0.3700405 -0.2589291 0.1729347 0.3934428 -0.312329 0.1670336 0.3699467 -0.2530579 0.188508 0.3637694 -0.3220258 0.1752236 0.3404778 -0.2446002 0.1906733 0.3211732 -0.1693822 0.1770594 0.3295795 -0.3170665 0.1770526 0.3005332 -0.1307305 0.1379741 0.3339381 -0.2351517 0.190675 0.2734581 -0.1134992 0.02366104 0.3362043 -0.1194861 -0.008576847 0.3348772 -0.1057206 0.02365566 0.2955604 -0.1226526 0.1380102 0.2922868 -0.1608819 0.1770807 0.2860662 -0.1395512 0.2419511 0.06640961 -0.1582171 0.2419135 0.04632089 -0.1329309 0.2418385 0.09730355 -0.1178447 0.2487353 0.09612957 -0.1619239 0.2250608 0.05150689 -0.1451478 0.2250488 0.06994913 -0.1629675 0.2122998 0.05442094 -0.1471987 0.2122581 0.0721478 -0.1391155 0.225016 0.09792646 -0.1444415 0.2251227 0.134254 -0.1387322 0.2419493 0.1373098 -0.1474827 0.2122995 0.1324411 -0.1420499 0.2123378 0.09852883 -0.1885428 0.2418361 0.03487405 -0.1897172 0.2250445 0.04084733 -0.1903318 0.2123652 0.04393134 -0.09655145 0.2168301 0.09470732 -0.1116881 0.239512 0.1510268 -0.1031908 0.2394868 0.09498728 -0.1249368 0.2487166 0.1443131 -0.2963334 0.2168478 0.055664 -0.3104809 0.2171755 0.1139161 -0.3318158 0.1384923 0.1640099 -0.303646 0.1868299 0.1769961 -0.2902395 0.2394931 0.05847124 -0.2905173 0.2179947 0.1721617 -0.2225748 0.1992821 0.2092648 -0.2217334 0.2188554 0.2049492 -0.3355527 0.1380441 0.1923366 -0.284075 0.2395 0.1680528 -0.2205697 0.2394394 0.1989912 -0.3034309 0.2395143 0.1135934 -0.2723836 0.2486926 0.1588572 -0.288627 0.2487167 0.1123625 -0.2770833 0.2487354 0.06504827 -0.2988562 0.1780249 0.2014393 -0.1500941 0.2395011 0.1942076 -0.1574676 0.2486926 0.181286 -0.2178614 0.2487166 0.1851158 -0.2458003 0.2419479 0.0456709 -0.2209496 0.2419117 0.03407185 -0.2635487 0.2418352 0.07180488 -0.2419714 0.2250391 0.05103345 -0.2732127 0.2419477 0.1110557 -0.2194815 0.2250553 0.04025631 -0.1683115 0.2252247 0.1613115 -0.1650552 0.2420627 0.167402 -0.2149829 0.2418957 0.170368 -0.2601334 0.2420626 0.1488433 -0.2137427 0.2251541 0.1640106 -0.2548321 0.2252239 0.1444139 -0.2580758 0.2250065 0.07468711 -0.2667879 0.2251174 0.1103519 -0.2409269 0.2122538 0.05381394 -0.2517399 0.2122683 0.1418197 -0.2556169 0.2123336 0.07632233 -0.2633108 0.2122973 0.1097916 -0.213036 0.2123465 0.1603741 -0.1702182 0.2122684 0.1577539 -0.2196339 0.2122974 0.04333107 -0.153923 0.1770744 0.2504385 -0.1159934 0.1379897 0.2578793 -0.09920255 0.0236518 0.261356 -0.10531 -0.008644504 0.2601566 -0.2241929 0.1917215 0.2175877 -0.2278648 0.1906725 0.2363991 -0.1118235 -0.008644081 0.2943692 -0.3015634 0.1770727 0.221477 -0.3393858 0.1379823 0.2138897 -0.3085019 0.1770772 0.2570659 -0.3517726 0.02363567 0.1883371 -0.3401953 -0.008637167 0.1608087 -0.3456467 -0.008644829 0.1894872 -0.3463084 0.02361068 0.1596643 -0.3498428 -0.008645086 0.2115272 -0.355966 0.02364616 0.2103414 -0.329555 -0.00861621 0.107926 -0.3624835 0.02364548 0.2445427 -0.1474827 0.2122995 0.1324411 -0.213036 0.2123465 0.1603741 -0.1702182 0.2122684 0.1577539 -0.1903318 0.2123652 0.04393134 -0.2556169 0.2123336 0.07632233 -0.2633108 0.2122973 0.1097916 -0.2517399 0.2122683 0.1418197 -0.1420499 0.2123378 0.09852883 -0.1629675 0.2122998 0.05442094 -0.2196339 0.2122974 0.04333107 -0.2409269 0.2122538 0.05381394 -0.1471987 0.2122581 0.0721478 -0.114054 -0.008666034 0.007904361 -0.08206287 -0.00860193 0.04334307 0.3062705 0.1376375 0.05344761 0.3180789 0.02095691 0.04532477 0.2800578 0.1376137 0.01283197 0.3355117 0.02325483 0.1071089 0.2923697 0.01442382 0.001013182 0.2469386 0.01464052 -0.02037572 0.2384477 0.1374586 -0.007544487 0.3136609 -0.008593533 0.04585506 0.291412 -0.008597661 0.001736602 0.2485211 -0.0086639 -0.01881194 0.2731454 0.1826305 0.01477117 0.2331092 0.1824863 -0.005047358 0.3002362 0.1827187 0.05470639 0.3157524 0.1834497 0.1134419 0.323208 0.1379494 0.1108915 0.2693837 0.216815 0.01657624 0.2964209 0.2168479 0.05573651 0.1789744 0.01568824 -0.01741164 0.1807105 0.1373424 -0.007252704 0.1810215 0.1824032 -0.004815572 0.1792222 -0.008067831 -0.01624768 0.1150427 0.01463129 0.005760662 0.1271817 0.137439 0.01427939 0.1359069 0.2167695 0.01632876 0.1815811 0.2167617 -0.001601857 0.2306641 0.2167823 -0.002125165 0.1327069 0.1824671 0.01457066 0.08098874 0.01441173 0.04291169 0.09629485 0.1375832 0.04888084 0.1141827 -0.008666086 0.007819487 0.08709122 0.1376125 0.09641096 0.08023119 0.02324878 0.1576584 0.09266507 0.1379384 0.1560782 0.07357843 0.02094633 0.09378451 0.09560062 -0.00863768 0.2093417 0.08949969 0.02360928 0.210574 0.1044052 0.138494 0.2086829 0.08606931 -0.008618079 0.156301 0.1003492 0.1834393 0.1554629 0.1456431 0.2179983 0.2004068 0.1053154 0.2171691 0.1539205 0.09285097 0.1826916 0.09516338 0.1353074 0.1868355 0.2099026 0.09660525 0.2168301 0.09460732 0.1030643 0.1825985 0.04797611 0.1114582 0.1380503 0.2363602 0.1488767 0.1780288 0.2307833 0.1010438 -0.008644768 0.2380205 0.09493842 0.02363797 0.2392499 0.3715394 0.0207377 0.3229124 0.364029 -0.008579411 0.2862916 0.3701139 0.02364445 0.2852587 0.3302572 0.1357702 0.367903 0.340121 0.01253929 0.3622996 0.3657161 -0.008446881 0.3233008 0.3562797 -0.008645288 0.2458625 0.3624079 0.02364548 0.2446723 0.3564189 0.1373319 0.3280038 0.3352733 -0.009195025 0.3601436 0.2613231 0.01488331 0.4092146 0.2595469 -0.008525882 0.4009675 0.1070331 0.2167941 0.04816574 0.140171 0.2395011 0.02163056 0.1828923 0.2395125 0.005231958 0.2286545 0.2395057 0.004429215 0.2648173 0.239492 0.02148032 0.1491329 0.2487285 0.03371811 0.1857456 0.2487386 0.01992581 0.224863 0.2487286 0.01900184 0.113025 0.2394844 0.05097558 0.1260583 0.2487213 0.05848134 0.182063 0.1357953 0.3969512 0.2614942 0.1359846 0.4079557 0.1797899 0.1752341 0.3684088 0.142528 0.1373636 0.3699802 0.1698654 0.01255709 0.3960051 0.1734866 -0.009190743 0.3921819 0.312145 0.1670336 0.3700328 0.200047 0.1670419 0.3920171 0.1313769 -0.00843952 0.3697687 0.1258829 0.02075909 0.3715987 0.2528793 0.188508 0.3638044 0.2587249 0.1729347 0.3934828 0.3218672 0.1752236 0.3405723 0.2444584 0.1906733 0.321201 0.1692332 0.1770594 0.3295423 0.3169425 0.1770526 0.3006234 0.2350511 0.190675 0.2734777 0.1607704 0.1770807 0.2860217 0.3540012 0.1379507 0.2900135 0.1305777 0.1379741 0.3338675 0.1056009 0.02365566 0.2954682 0.1133444 0.02366104 0.3361188 0.1225358 0.1380102 0.2922092 0.1396294 0.2419511 0.06634676 0.1329824 0.2418385 0.09723495 0.1452229 0.2250488 0.06989111 0.162015 0.2250608 0.05146337 0.1178972 0.2487353 0.09604796 0.1391665 0.225016 0.09786323 0.1444612 0.2251227 0.1341953 0.1472719 0.2122581 0.07209154 0.163056 0.2122998 0.0543783 0.1475039 0.2122996 0.1323851 0.1421004 0.2123378 0.09846813 0.1583127 0.2419136 0.04627415 0.1886483 0.2418361 0.03485349 0.1898175 0.2250445 0.04082777 0.1116933 0.239512 0.1509399 0.1032443 0.2394868 0.09489302 0.1249478 0.2487166 0.1442376 0.2903245 0.2394931 0.05853848 0.2905041 0.2179947 0.1722291 0.3036287 0.1868299 0.1770749 0.310518 0.2171755 0.1140008 0.3318097 0.1384923 0.164113 0.2840654 0.2395001 0.1681146 0.3034683 0.2395143 0.113672 0.2225297 0.1992821 0.2092736 0.3355221 0.1380441 0.1924429 0.2988178 0.1780249 0.201514 0.221692 0.2188554 0.2049573 0.2723819 0.2486926 0.158909 0.2555312 0.2487216 0.03332715 0.2771626 0.2487354 0.06510414 0.2241406 0.1917215 0.2175979 0.150062 0.2395011 0.1941538 0.2205334 0.2394394 0.1989982 0.1574466 0.2486926 0.1812386 0.2178371 0.2487166 0.1851205 0.2886654 0.2487167 0.1124284 0.2458964 0.2419479 0.04569977 0.2636222 0.2418352 0.07184906 0.2210557 0.2419118 0.03407927 0.2420629 0.2250391 0.05105901 0.2581468 0.2250065 0.07472658 0.2732523 0.2419477 0.1111083 0.2195823 0.2250553 0.04026246 0.1387492 0.2419493 0.1372462 0.1683077 0.2252247 0.1612735 0.1650462 0.2420627 0.1673612 0.2149713 0.2418957 0.1703702 0.2601404 0.2420626 0.1488845 0.254843 0.225224 0.1444506 0.2137366 0.2251542 0.1640118 0.241016 0.2122538 0.05383859 0.2556865 0.2123337 0.07635968 0.2668282 0.2251174 0.1103989 0.2633516 0.2122973 0.1098356 0.251753 0.2122683 0.1418537 0.213033 0.2123465 0.1603746 0.1702175 0.2122684 0.1577175 0.1904294 0.2123652 0.04391233 0.219732 0.2122974 0.04333736 0.1159063 0.1379897 0.2577961 0.1538423 0.1770744 0.250388 0.1052209 -0.008644504 0.2600641 0.09911243 0.0236518 0.2612583 0.1117049 -0.008644081 0.2942823 0.2277962 0.1906725 0.2364124 0.3393366 0.1379823 0.2139993 0.3015076 0.1770727 0.2215539 0.3084154 0.1770772 0.2571488 0.3459437 0.1379967 0.2483856 0.3517454 0.02363567 0.1884574 0.3401919 -0.008637167 0.160919 0.346306 0.02361068 0.1597799 0.3456185 -0.008644881 0.1896023 0.3295974 -0.00861621 0.1080272 0.3559199 0.02364616 0.2104654 0.3497956 -0.008645086 0.2116458 0.1904294 0.2123652 0.04391233 0.213033 0.2123465 0.1603746 0.2556865 0.2123337 0.07635968 0.219732 0.2122974 0.04333736 0.1475039 0.2122996 0.1323851 0.1702175 0.2122684 0.1577175 0.1421004 0.2123378 0.09846813 0.2633516 0.2122973 0.1098356 0.163056 0.2122998 0.0543783 0.1472719 0.2122581 0.07209154 0.251753 0.2122683 0.1418537 0.241016 0.2122538 0.05383859 0.07787676 -0.00859436 0.09262393 0.08216102 -0.00860193 0.04323058 0.1193324 -0.008576847 0.3347969 -0.5896291 0.5267684 0.09923701 -0.6223083 0.4482425 0.05130296 -0.6013115 0.4367159 0.1080652 -0.5516882 0.5948396 0.1319358 -0.5678758 0.5977681 0.09180444 -0.5900966 0.4488878 0.1450002 -0.5742896 0.5271517 0.1388528 -0.6065928 0.5270783 0.04619843 -0.6057767 0.3965807 0.09363764 -0.6345548 0.3945387 0.005453039 -0.6287336 0.3946872 0.05206352 -0.576524 0.4036258 0.1010015 -0.5712368 0.4272308 0.1030518 -0.5860386 0.5948397 0.04031693 -0.5970691 0.5806728 0.004777893 -0.6129946 0.5257091 0.0001985468 -0.627385 0.4493101 0.003019325 -0.5245189 0.6234456 0.1267005 -0.5440565 0.6276846 0.08488737 -0.5648962 0.6235691 0.03211492 -0.5826846 0.5948396 -0.01008988 -0.5966488 0.5273023 -0.02527771 -0.607355 0.449138 -0.02307831 -0.6164385 0.3949111 -0.01895078 -0.5607724 0.5279967 -0.03889037 -0.5102785 0.4666764 -0.03539038 -0.5635217 0.4477984 -0.02540598 -0.5518785 0.5977681 -0.02261073 -0.536783 0.4379989 0.02154926 -0.5143886 0.5295364 -0.05080149 -0.5863024 0.3977052 -0.01164876 -0.4766514 0.5806728 -0.03609679 -0.4730583 0.5297797 -0.04523759 -0.5092266 0.5948397 -0.03502452 -0.4766514 0.4805947 -0.03609676 -0.5350512 0.6276847 0.02173981 -0.4931303 0.6235691 0.00795543 -0.4569692 0.5948398 -0.003202464 -0.4442813 0.5300048 -0.008436192 -0.4572635 0.468794 -0.003394604 -0.4939682 0.4475523 0.007788384 -0.4117548 0.5279824 0.08909961 -0.4367572 0.5977681 0.0496338 -0.4202629 0.594444 0.09541627 -0.4391112 0.4676546 0.04809649 -0.424851 0.5302184 0.04442417 -0.4616166 0.4424709 0.1009929 -0.4763793 0.4498596 0.06079548 -0.426911 0.4634703 0.09089419 -0.4529487 0.4232246 0.1264442 -0.451173 0.6234061 0.1072948 -0.4368607 0.5937126 0.1394653 -0.4098846 0.5711755 0.1278295 -0.4036148 0.514934 0.1203828 -0.4329383 0.5251992 0.1582628 -0.4076639 0.5151132 0.1467093 -0.4181103 0.4415267 0.1221854 -0.4008404 0.4928209 0.1371398 -0.427663 0.3953678 0.1343911 -0.4064671 0.4403116 0.1403586 -0.4905733 0.5158045 0.1599823 -0.4915132 0.4329983 0.1480476 -0.4771857 0.4932722 0.1646913 -0.4618855 0.5169936 0.1656532 -0.4751225 0.5881948 0.1520513 -0.5351524 0.4483884 0.1639942 -0.5206258 0.3986892 0.1482737 -0.5223204 0.5260129 0.1624484 -0.5543477 0.5257971 0.1596171 -0.5694592 0.4500141 0.164473 -0.4684489 0.3952306 0.1624175 -0.4769648 0.4396344 0.1646119 -0.5208962 0.4066471 0.1232572 -0.4990884 0.4364736 0.1149595 -0.5146872 0.5941084 0.1523573 -0.5405318 0.5806728 0.1515702 -0.4904915 0.6271908 0.1194339 -0.5461114 0.3968071 0.1653562 -0.5285839 0.4470761 0.0833785 -0.541647 0.4123794 0.104967 -0.5712368 0.4272308 0.1030518 -0.4489346 0.3936153 0.1362005 -0.467195 0.3946907 0.1478832 -0.5130539 0.6319584 0.07553199 -0.4719183 0.6276847 0.06200695 -0.5280683 0.3656398 0.1258227 -0.5448129 0.3308019 0.1085185 -0.5463461 0.3675096 0.1080105 -0.5284346 0.3625237 0.1499635 -0.5276868 0.3302118 0.1256932 -0.5658059 0.3077822 0.1166729 -0.5716226 0.3302119 0.108974 -0.5738091 0.3656398 0.1083264 -0.5290603 0.3301787 0.1491474 -0.5336418 0.3113956 0.1457269 -0.5344575 0.3077824 0.1279915 -0.5454296 0.3113955 0.1137035 -0.5506894 0.3610693 0.1665239 -0.5507815 0.3296406 0.1651653 -0.551882 0.3077824 0.1558656 -0.5578797 0.3001997 0.1359419 -0.6199418 0.3568452 -0.01758088 -0.6164719 0.3234152 -0.01596954 -0.6362645 0.3566376 0.006033363 -0.6063988 0.3001587 2.363403e-05 -0.6335671 0.3237683 0.007181717 -0.5926169 0.3582997 -0.008782407 -0.5889716 0.323976 -0.007955824 -0.6297789 0.3568453 0.05202823 -0.623543 0.3040035 0.01376425 -0.5663603 0.3239865 0.03050136 -0.5860096 0.3040035 0.001023909 -0.5696143 0.3001587 0.03160588 -0.5913309 0.2920904 0.03897741 -0.6163571 0.3001588 0.04747231 -0.5564878 0.4102527 0.07690697 -0.5622434 0.4047658 0.0293133 -0.5950365 0.3987075 0.1230895 -0.5956089 0.3968725 0.1483958 -0.5771964 0.3967387 0.1665883 -0.5640053 0.3040034 0.06584925 -0.5795725 0.3001587 0.07905453 -0.6015386 0.3040036 0.07858958 -0.5778285 0.3239865 0.09787499 -0.6054843 0.323976 0.08991405 -0.5632778 0.3632855 0.07765138 -0.5796006 0.3614158 0.1012656 -0.6069255 0.3582996 0.09246715 -0.5608888 0.3245993 0.07477652 -0.5697635 0.3614157 0.03165655 -0.6279403 0.3234151 0.05140413 -0.6279403 0.3234151 0.05140413 -0.6335671 0.3237683 0.007181717 -0.623543 0.3040035 0.01376425 -0.6015386 0.3040036 0.07858958 -0.6054843 0.323976 0.08991405 -0.6163571 0.3001588 0.04747231 -0.5734514 0.3113956 0.15924 -0.5832302 0.3077824 0.1445469 -0.5846906 0.3113956 0.1270303 -0.5949667 0.3625237 0.1245143 -0.5928452 0.3301787 0.1248226 -0.5964302 0.3610693 0.1490275 -0.5782711 0.3299709 0.1658516 -0.5792496 0.3608617 0.1672122 -0.5947173 0.3296406 0.1484461 -0.5928452 0.3301787 0.1248226 -0.5846906 0.3113956 0.1270303 -0.5947173 0.3296406 0.1484461 -0.5734514 0.3113956 0.15924 -0.5782711 0.3299709 0.1658516 -0.5832302 0.3077824 0.1445469 -0.4351666 0.4484346 0.1674024 -0.4122166 0.4455854 0.1552316 -0.4612389 0.4455854 0.1718717 -0.4197446 0.3965014 0.1592309 -0.4368838 0.3964808 0.1699849 -0.4169002 0.3953998 0.1449014 -0.4570849 0.3965014 0.1719057 -0.4515006 0.3745157 0.167398 -0.4579006 0.3745157 0.1485433 -0.4466149 0.3706954 0.1424085 -0.4564214 0.3706954 0.1585547 -0.4427136 0.362678 0.1539017 -0.4388124 0.3706953 0.165395 -0.4339266 0.3745157 0.1404055 -0.4290059 0.3706954 0.1492488 -0.4275266 0.3745157 0.1592602 -0.5720761 0.4057379 0.1070139 0.5896385 0.5267684 0.09917227 0.6222666 0.4482424 0.05120343 0.6065456 0.5270784 0.04611563 0.5517325 0.5948396 0.1319115 0.5743413 0.5271517 0.1388044 0.5901548 0.4488878 0.1449349 0.6013302 0.4367159 0.107988 0.6286927 0.3946872 0.05195711 0.6344643 0.3945387 0.005340445 0.6057801 0.3965808 0.09355568 0.6272918 0.44931 0.002914346 0.6128984 0.5257091 0.0001089526 0.5678773 0.5977681 0.09176288 0.5765353 0.4036258 0.1009507 0.6163219 0.3949111 -0.01904401 0.607234 0.449138 -0.02316189 0.5965255 0.5273022 -0.02534988 0.5969777 0.5806728 0.004705268 0.5825775 0.5948396 -0.01014716 0.5648341 0.6235691 0.03207658 0.5859852 0.5948396 0.04025605 0.5440506 0.6276846 0.0848712 0.5245575 0.6234456 0.1267051 0.5606346 0.5279967 -0.03892427 0.5101445 0.4666764 -0.03537045 0.5142381 0.5295363 -0.05078596 0.5367097 0.4379991 0.0215409 0.4938802 0.4475523 0.007825668 0.5633983 0.4477984 -0.02544282 0.4765166 0.4805947 -0.03604098 0.4729138 0.5297796 -0.04517794 0.551758 0.5977681 -0.02263515 0.4571635 0.468794 -0.003318166 0.4765166 0.5806728 -0.03604099 0.444176 0.5300048 -0.008345919 0.4568694 0.5948398 -0.003125732 0.509093 0.5948396 -0.03500346 0.4930425 0.6235691 0.007993607 0.5349779 0.6276847 0.02173331 0.4117535 0.5279824 0.08922449 0.424802 0.5302184 0.04453512 0.4390661 0.4676546 0.04819224 0.4367138 0.5977681 0.04973206 0.4269116 0.4634703 0.09100292 0.461628 0.442471 0.1010646 0.4529871 0.4232246 0.1265252 0.4181443 0.4415266 0.1223035 0.4036469 0.514934 0.1205163 0.407724 0.5151131 0.1468385 0.4099246 0.5711755 0.1279564 0.4008903 0.4928209 0.1372762 0.42771 0.3953678 0.134499 0.4065205 0.4403116 0.1404891 0.4202683 0.594444 0.09553209 0.4330108 0.5251992 0.1583651 0.4369131 0.5937127 0.1395635 0.4511911 0.6234061 0.1073776 0.4906476 0.5158044 0.1600232 0.5352309 0.4483884 0.1639875 0.5223973 0.5260129 0.1624554 0.4619658 0.5169936 0.1657246 0.477265 0.4932721 0.1647464 0.5206876 0.3986892 0.1482825 0.5461913 0.3968071 0.1653378 0.5695381 0.4500142 0.1644297 0.5544214 0.5257971 0.1595899 0.4915746 0.4329983 0.1480874 0.5405971 0.5806728 0.1515578 0.4751882 0.5881947 0.1521085 0.5209313 0.4066471 0.1232657 0.4770439 0.4396344 0.1646673 0.4685257 0.3952306 0.1624818 0.4672564 0.3946908 0.147949 0.5772775 0.3967387 0.1665367 0.5147533 0.5941085 0.1523724 0.4905225 0.6271908 0.1194748 0.4763478 0.4498595 0.0608515 0.5285764 0.4470761 0.08337884 0.4991147 0.4364736 0.1149913 0.5564734 0.4102527 0.07687756 0.5416625 0.4123796 0.1049534 0.5712502 0.4272308 0.1030067 0.4489835 0.3936154 0.1362857 0.5130381 0.6319584 0.0755489 0.471888 0.6276847 0.06206771 0.5281061 0.3656398 0.1258236 0.5448322 0.3308019 0.1085015 0.5277244 0.3302118 0.1256945 0.5658338 0.3077824 0.1166335 0.5454544 0.3113955 0.1136859 0.5463649 0.3675096 0.1079919 0.5284982 0.3625237 0.149964 0.5344977 0.3077824 0.1279855 0.5337008 0.3113956 0.1457219 0.5716424 0.3302119 0.1089285 0.5579282 0.3001997 0.135911 0.529123 0.3301785 0.1491472 0.5507706 0.3610694 0.1665006 0.5508612 0.3296406 0.1651419 0.5519518 0.3077824 0.155841 0.5861936 0.3977054 -0.01170989 0.6198266 0.3568452 -0.01767786 0.6361745 0.3566375 0.005918983 0.6163585 0.3234151 -0.01606283 0.6334783 0.3237683 0.007070192 0.6297379 0.3568453 0.05192069 0.5925112 0.3582996 -0.008850266 0.6234613 0.3040034 0.01366341 0.6063024 0.3001588 -5.891934e-05 0.5888667 0.323976 -0.008019798 0.5859144 0.3040035 0.000963078 0.591276 0.2920904 0.03891089 0.5695515 0.3001587 0.03156252 0.5662964 0.3239865 0.03046144 0.5621783 0.4047658 0.02927779 0.5956707 0.3968725 0.1483246 0.5950714 0.3987075 0.123019 0.5795604 0.3001587 0.07900053 0.5639791 0.3040035 0.06581183 0.6163113 0.3001587 0.04737911 0.601526 0.3040035 0.07851214 0.5778365 0.3239864 0.09782282 0.5608722 0.3245993 0.07474243 0.6069275 0.3582996 0.09238398 0.5796121 0.3614158 0.1012116 0.5632642 0.3632855 0.07761474 0.5697009 0.3614157 0.03161302 0.6054838 0.323976 0.0898324 0.6278986 0.3234152 0.05129855 0.601526 0.3040035 0.07851214 0.6278986 0.3234152 0.05129855 0.6054838 0.323976 0.0898324 0.6163113 0.3001587 0.04737911 0.6234613 0.3040034 0.01366341 0.6334783 0.3237683 0.007070192 0.5847296 0.3113956 0.1269708 0.583288 0.3077822 0.144489 0.5735248 0.3113956 0.1591924 0.5928819 0.3301785 0.1247544 0.5738282 0.3656398 0.1082785 0.5950031 0.3625236 0.1244438 0.5964928 0.3610693 0.1489555 0.5947792 0.3296406 0.1483759 0.5783515 0.3299709 0.1657989 0.5793315 0.3608617 0.1671585 0.5735248 0.3113956 0.1591924 0.5947792 0.3296406 0.1483759 0.5783515 0.3299709 0.1657989 0.583288 0.3077822 0.144489 0.5847296 0.3113956 0.1269708 0.5928819 0.3301785 0.1247544 0.4352488 0.4484346 0.1675023 0.4198181 0.3965014 0.1593472 0.4369687 0.3964809 0.170083 0.4122858 0.4455854 0.1553559 0.4613259 0.4455854 0.1719438 0.4571718 0.3965014 0.1719822 0.4169583 0.3953998 0.1450207 0.4515827 0.3745157 0.1674804 0.4564941 0.3706954 0.1586319 0.4579627 0.3745157 0.1486189 0.4427814 0.362678 0.1539936 0.4388924 0.3706954 0.165491 0.43398 0.3745157 0.1405067 0.4466704 0.3706954 0.1424962 0.4276001 0.3745157 0.1593683 0.4290686 0.3706953 0.1493552 0.5720937 0.4057379 0.1069678 0.5712502 0.4272308 0.1030067 -0.4651615 1.556398 0.1316312 -0.5039734 1.554868 -0.03399869 -0.5341224 1.554947 -0.02542148 -0.4787306 1.540315 0.1546449 -0.456077 1.545297 0.1524248 -0.4350124 1.556318 0.123054 -0.4782702 1.543509 -0.04120681 -0.4904043 1.538363 -0.05671146 -0.5625265 1.538553 -0.03619317 -0.5598257 1.543723 -0.01800481 -0.5130579 1.543386 -0.05458364 -0.4908647 1.545174 0.1390479 -0.4259279 1.545218 0.1438475 -0.4079588 1.542543 0.1249862 -0.5704723 1.516491 -0.0147242 -0.5015113 1.311008 0.1442394 -0.5015113 1.517941 0.1423285 -0.5689101 1.516272 -0.03844232 -0.5689101 1.309339 -0.03653142 -0.5704723 1.309558 -0.01281331 -0.4817802 1.311171 0.1618997 -0.4817802 1.518104 0.1599888 -0.4908647 1.28372 0.1414622 -0.5625265 1.287103 -0.03387121 -0.5598256 1.282269 -0.01559048 -0.5168209 1.516046 -0.06290168 -0.4873547 1.309124 -0.05973341 -0.5168209 1.309113 -0.06099078 -0.5469699 1.309192 -0.05241358 -0.5469699 1.516125 -0.05432447 -0.4873547 1.516058 -0.06164432 -0.5432071 1.282011 -0.04359211 -0.4904043 1.286914 -0.05438949 -0.5130579 1.281931 -0.05216929 -0.4787306 1.288866 0.1569669 -0.452314 1.311183 0.1631571 -0.4651615 1.272361 0.1342541 -0.456077 1.283843 0.1548391 -0.5039734 1.270831 -0.03137581 -0.4350124 1.272282 0.1256769 -0.4259279 1.283764 0.1462618 -0.5341224 1.27091 -0.02279861 -0.452314 1.518116 0.1612462 -0.5432071 1.543465 -0.04600645 -0.4079588 1.286091 0.1273544 -0.4782702 1.282055 -0.03879247 -0.4079588 1.286091 0.1273544 0.4676611 1.556398 0.1316312 0.536622 1.554947 -0.02542148 0.506473 1.554868 -0.03399869 0.437512 1.556318 0.123054 0.4585766 1.545297 0.1524248 0.4812302 1.540315 0.1546449 0.5155575 1.543386 -0.05458364 0.4933643 1.545174 0.1390479 0.5623253 1.543723 -0.01800481 0.5650261 1.538553 -0.03619317 0.5457066 1.543465 -0.04600645 0.4929039 1.538363 -0.05671146 0.4807698 1.543509 -0.04120682 0.4284275 1.545218 0.1438475 0.4104584 1.542543 0.1249862 0.5729719 1.516491 -0.0147242 0.5040109 1.517941 0.1423285 0.5040109 1.311008 0.1442394 0.5714097 1.309339 -0.03653142 0.5714097 1.516272 -0.03844232 0.5729719 1.309558 -0.01281331 0.4842797 1.311171 0.1618997 0.5623253 1.282269 -0.01559048 0.5650261 1.287103 -0.03387121 0.4933643 1.28372 0.1414622 0.5494695 1.516125 -0.05432447 0.5494695 1.309192 -0.05241358 0.5193205 1.516046 -0.06290168 0.5457066 1.282011 -0.04359211 0.4898543 1.309124 -0.05973341 0.4898543 1.516058 -0.06164432 0.5193205 1.309113 -0.06099078 0.5155575 1.281931 -0.05216929 0.4929039 1.286914 -0.05438951 0.4812302 1.288866 0.1569669 0.4585766 1.283843 0.1548391 0.4676611 1.272361 0.1342541 0.437512 1.272282 0.1256769 0.536622 1.27091 -0.02279861 0.506473 1.270831 -0.03137581 0.4548136 1.311183 0.1631571 0.4548136 1.518116 0.1612462 0.4842797 1.518104 0.1599888 0.4284275 1.283764 0.1462618 0.4104584 1.286091 0.1273544 0.4807698 1.282055 -0.03879247 0.4104584 1.286091 0.1273544 0.2113519 1.016002 -0.1433671 0.1739175 1.016937 -0.0840385 -0.1739054 1.016937 -0.08405061 -0.1519819 1.016937 -0.1059741 -0.2113106 1.016002 -0.1434085 -0.1547171 1.017102 -0.08678062 -0.1364882 1.017324 -0.06854475 -0.08356035 1.017324 -0.0904682 -0.1364882 1.017324 -0.06854475 -0.1739054 1.016937 -0.08405061 -0.1584116 1.017324 -0.0156169 0.1519941 1.016937 -0.1059619 0.1739175 1.016937 -0.0840385 0.2113519 1.016002 -0.1433671 0.1547241 1.017102 -0.08677367 0.1364882 1.017324 -0.06854475 0.1584116 1.017324 -0.0156169 0.1364882 1.017324 -0.06854475 0.1519941 1.016937 -0.1059619 0.08356035 1.017324 -0.0904682 -0.08356035 1.017324 -0.0904682 -0.2113106 1.016002 -0.1434085 -0.1519819 1.016937 -0.1059741 0.1519941 1.016937 -0.1059619 -0.1390537 1.586505 0.5921988 -0.3588613 1.586505 0.5921988 -0.3588613 1.586505 0.5764985 -0.1390537 1.586505 0.5764985 -0.1292409 1.596317 0.5764985 -0.1292409 1.596317 0.5921988 -0.1390537 1.596317 0.6020116 -0.368674 1.596317 0.5921988 -0.3588613 1.596317 0.5666858 -0.1390537 1.596317 0.5666858 -0.3588613 1.625637 0.6020116 -0.1390537 1.646134 0.6020116 -0.3588613 1.596317 0.6020116 -0.3589036 1.635488 0.5921988 -0.1292409 1.647092 0.5921988 -0.368674 1.624764 0.5921988 -0.1390537 1.646134 0.5666858 -0.1292409 1.647092 0.5764985 -0.1390113 1.655993 0.5764985 -0.1390113 1.655993 0.5921988 -0.3589036 1.635488 0.5764985 -0.368674 1.624764 0.5764985 -0.3588613 1.625637 0.5666858 -0.368674 1.596317 0.5764985 0.1390537 1.586505 0.5764985 0.3588613 1.596317 0.5666858 0.3588613 1.586505 0.5764985 0.1292409 1.596317 0.5764985 0.1390537 1.596317 0.5666858 0.1390537 1.586505 0.5921988 0.1390537 1.596317 0.6020116 0.1292409 1.596317 0.5921988 0.3588613 1.586505 0.5921988 0.368674 1.596317 0.5921988 0.3588613 1.625637 0.6020116 0.3588613 1.596317 0.6020116 0.368674 1.624764 0.5921988 0.1390537 1.646134 0.6020116 0.3589036 1.635488 0.5921988 0.1390113 1.655993 0.5921988 0.1292409 1.647092 0.5764985 0.1390113 1.655993 0.5764985 0.1390537 1.646134 0.5666858 0.1292409 1.647092 0.5921988 0.3589036 1.635488 0.5764985 0.368674 1.624764 0.5764985 0.3588613 1.625637 0.5666858 0.368674 1.596317 0.5764985 -0.5099725 1.335987 -0.03979466 -0.5162382 1.351126 3.967336e-08 -0.4984851 1.340145 -0.03693704 -0.531013 1.334734 -0.00710119 -0.5266856 1.346325 -0.005021288 -0.5433987 1.335987 0.02975207 -0.5339912 1.340145 0.03693713 -0.522504 1.335987 0.03979473 -0.5057908 1.346325 0.005021369 -0.4890777 1.335987 -0.02975199 -0.4768428 1.307744 -0.05520785 -0.4854889 1.310144 -0.06397685 -0.4977376 1.307744 -0.06525052 -0.5452156 1.325949 0.02244848 -0.5149938 1.31591 -0.02934727 -0.5266856 1.323142 -0.005021284 -0.5168105 1.325949 -0.03665087 -0.5064348 1.296152 -0.0471551 -0.5064136 1.301948 -0.05828269 -0.4977886 1.293752 -0.03838609 -0.5055863 1.311752 -0.0221622 -0.52689 1.311752 0.0221623 -0.5383774 1.31591 0.01930469 -0.5162382 1.318341 4.520061e-08 -0.5057908 1.323142 0.005021372 -0.494099 1.31591 -0.0193046 -0.48554 1.296152 -0.03711245 -0.476864 1.301948 -0.04408025 -0.4872609 1.325949 -0.0224484 -0.5014634 1.334734 0.007101275 -0.5156658 1.325949 0.03665095 -0.5174826 1.31591 0.02934735 -0.480732 1.269162 -0.07387412 -0.4932593 1.269162 -0.07456799 -0.4723646 1.269162 -0.06452532 -0.5026081 1.269162 -0.06620051 -0.5033021 1.269162 -0.05367322 -0.4949345 1.269162 -0.04432443 -0.4824072 1.269162 -0.04363056 -0.4730584 1.269162 -0.05199806 -0.4977376 1.230581 -0.0652505 -0.5064136 1.236377 -0.05828271 -0.485489 1.22818 -0.06397686 -0.5064348 1.242173 -0.04715509 -0.4977886 1.244573 -0.03838609 -0.48554 1.242173 -0.03711244 -0.476864 1.236377 -0.04408024 -0.4768428 1.230581 -0.05520783 -0.4984852 1.19818 -0.03693703 -0.5099725 1.202338 -0.03979463 -0.5168106 1.212376 -0.03665085 -0.5149938 1.222415 -0.02934726 -0.5055863 1.226573 -0.0221622 -0.494099 1.222415 -0.01930459 -0.4872609 1.212376 -0.02244838 -0.4890777 1.202338 -0.02975198 -0.5162382 1.187198 6.079026e-08 -0.5266856 1.192 -0.005021275 -0.531013 1.203591 -0.007101181 -0.5266856 1.215183 -0.005021279 -0.5162382 1.219984 6.178227e-08 -0.5057908 1.215183 0.005021384 -0.5014634 1.203591 0.00710129 -0.5057908 1.192 0.005021388 -0.522504 1.202338 0.03979473 -0.5339913 1.19818 0.03693713 -0.5433987 1.202338 0.02975208 -0.5452156 1.212376 0.02244848 -0.5383774 1.222415 0.0193047 -0.52689 1.226573 0.0221623 -0.5174826 1.222415 0.02934736 -0.5156659 1.212376 0.03665095 -0.5556124 1.236377 0.04408035 -0.5556336 1.230581 0.05520795 -0.5469874 1.22818 0.06397697 -0.5347389 1.230581 0.0652506 -0.5469364 1.242173 0.03711255 -0.5346877 1.244573 0.0383862 -0.5260416 1.242173 0.04715521 -0.5260628 1.236377 0.05828282 -0.539217 1.269162 0.07456809 -0.5517444 1.269162 0.07387421 -0.5601119 1.269162 0.06452543 -0.5594179 1.269162 0.05199814 -0.5500692 1.269162 0.04363067 -0.5375419 1.269162 0.04432454 -0.5291744 1.269162 0.05367333 -0.5469874 1.310144 0.06397694 -0.5556336 1.307744 0.05520793 -0.5556124 1.301948 0.04408034 -0.5469364 1.296152 0.03711254 -0.5260416 1.296152 0.0471552 -0.5346877 1.293752 0.03838619 -0.5298683 1.269162 0.06620061 -0.5260628 1.301948 0.0582828 -0.5347389 1.307744 0.06525059 0.4872767 1.335987 -0.02682546 0.5074506 1.346325 0.006061138 0.5173311 1.351126 3.967336e-08 0.4862146 1.325949 -0.01937461 0.503358 1.334734 0.008571732 0.5473855 1.335987 0.02682554 0.5272117 1.346325 -0.006061057 0.5387603 1.340145 0.03493296 0.5276245 1.335987 0.03894773 0.5070377 1.335987 -0.03894767 0.4959019 1.340145 -0.03493288 0.4922694 1.307744 -0.0630223 0.4802146 1.310144 -0.06050554 0.4725084 1.307744 -0.05090012 0.5074506 1.323142 0.006061142 0.4736648 1.301948 -0.03983274 0.5215635 1.31591 0.02906722 0.5205014 1.325949 0.03651807 0.5301887 1.311752 0.0209598 0.4933378 1.31591 -0.01694493 0.4830065 1.296152 -0.03378654 0.4950612 1.293752 -0.03630331 0.5044736 1.311752 -0.02095971 0.5173311 1.318341 4.520061e-08 0.5272117 1.323142 -0.006061053 0.5413245 1.31591 0.01694502 0.5484477 1.325949 0.0193747 0.5130988 1.31591 -0.02906713 0.5027675 1.296152 -0.04590874 0.5016111 1.301948 -0.0569761 0.5141609 1.325949 -0.03651798 0.5313042 1.334734 -0.008571648 0.4744727 1.269162 -0.06986577 0.4671028 1.269162 -0.05971205 0.4868638 1.269162 -0.07183423 0.4690712 1.269162 -0.04732095 0.479225 1.269162 -0.039951 0.4916161 1.269162 -0.04191945 0.498986 1.269162 -0.05207318 0.4970175 1.269162 -0.06446431 0.4802146 1.22818 -0.06050554 0.4725083 1.230581 -0.0509001 0.4736648 1.236377 -0.03983273 0.4830065 1.242173 -0.03378653 0.4950612 1.244573 -0.0363033 0.5027675 1.242173 -0.04590873 0.5016111 1.236377 -0.05697612 0.4922694 1.230581 -0.06302229 0.4959019 1.19818 -0.03493286 0.4872767 1.202338 -0.02682544 0.4862146 1.212376 -0.0193746 0.4933378 1.222415 -0.01694492 0.5044736 1.226573 -0.0209597 0.5130988 1.222415 -0.02906712 0.5141609 1.212376 -0.03651797 0.5070377 1.202338 -0.03894765 0.5173311 1.187198 6.730952e-08 0.5074505 1.192 0.006061158 0.503358 1.203591 0.008571741 0.5074505 1.215183 0.006061154 0.5173311 1.219984 6.178227e-08 0.5272116 1.215183 -0.006061035 0.5313042 1.203591 -0.008571625 0.5272116 1.192 -0.006061031 0.5387603 1.19818 0.03493297 0.5276245 1.202338 0.03894774 0.5473855 1.202338 0.02682555 0.5205013 1.212376 0.03651807 0.5215634 1.222415 0.02906722 0.5301886 1.226573 0.02095981 0.5413245 1.222415 0.01694503 0.5484477 1.212376 0.0193747 0.5423928 1.230581 0.0630224 0.5621539 1.230581 0.05090022 0.5544476 1.22818 0.06050565 0.5330511 1.236377 0.05697622 0.539601 1.244573 0.03630342 0.5318947 1.242173 0.04590884 0.5516558 1.242173 0.03378665 0.5477984 1.269162 0.07183433 0.5675595 1.269162 0.05971214 0.5601896 1.269162 0.06986588 0.5376447 1.269162 0.0644644 0.5356762 1.269162 0.05207329 0.5430462 1.269162 0.04191955 0.5554372 1.269162 0.0399511 0.5609975 1.236377 0.03983285 0.5330511 1.301948 0.0569762 0.5544476 1.310144 0.06050564 0.5423929 1.307744 0.06302239 0.5318947 1.296152 0.04590883 0.539601 1.293752 0.0363034 0.5516558 1.296152 0.03378664 0.5655911 1.269162 0.04732103 0.5609975 1.301948 0.03983284 0.5621539 1.307744 0.05090021 -0.2772337 1.366448 0.5935173 -0.2870574 1.367797 0.5912272 -0.2792897 1.366245 0.5912272 -0.2711902 1.365721 0.5912272 -0.1825417 1.365961 0.5929498 -0.2771599 1.367983 0.5957694 -0.2874403 1.368527 0.5936719 -0.277291 1.365984 0.5653054 -0.2942025 1.370317 0.5653054 -0.2870653 1.367797 0.5653054 -0.1762158 1.370697 0.5979584 -0.2770951 1.370416 0.5977883 -0.2871112 1.370843 0.5965862 -0.2941009 1.370581 0.5929397 -0.2771174 1.373623 0.5995352 -0.2946806 1.373904 0.5965537 -0.286642 1.376496 0.5997152 -0.2938512 1.377951 0.5988253 -0.3035317 1.381328 0.596737 -0.3003306 1.376696 0.5958763 -0.2999461 1.373702 0.5928984 -0.3049778 1.377722 0.5928359 -0.3004247 1.373708 0.5653054 -0.2907391 1.388893 0.6017052 -0.2997304 1.388965 0.5996798 -0.2959894 1.382754 0.5997226 -0.2957048 1.529246 0.5995352 -0.2870665 1.382434 0.6012686 -0.276835 1.37966 0.6016707 -0.3091782 1.382555 0.5912272 -0.3054905 1.377841 0.5653054 -0.3092051 1.382555 0.5653054 -0.3080911 1.382282 0.5936449 -0.3104763 1.38744 0.5936412 -0.3114001 1.387671 0.5912272 -0.3084494 1.388876 0.595947 -0.3116873 1.393135 0.5929497 -0.311894 1.389098 0.5653054 -0.3037218 1.529233 0.5957694 -0.3046525 1.38895 0.5979584 -0.2738242 1.538384 0.6017051 -0.2830232 1.535882 0.6012686 -0.2744327 1.529374 0.603003 -0.2736093 1.544334 0.5996798 -0.2847208 1.541415 0.5994856 -0.1797894 1.529517 0.6030328 -0.1798395 1.538828 0.6015969 -0.2874036 1.529301 0.6015969 -0.2914468 1.53554 0.5997152 -0.2926792 1.539785 0.5979625 -0.2994536 1.535797 0.5965861 -0.2770727 1.38895 0.6030295 -0.2825296 1.550494 0.5912272 -0.2892348 1.547974 0.5653054 -0.2888783 1.547905 0.5928185 -0.2829292 1.549771 0.5936449 -0.2756316 1.55143 0.5936411 -0.2752952 1.552046 0.5912272 -0.2736323 1.55011 0.595947 -0.2676007 1.55233 0.5929497 -0.2825331 1.550494 0.5653054 -0.2909298 1.544568 0.5958763 -0.2827044 1.547448 0.5965801 -0.1801476 1.550308 0.5957694 -0.1856624 1.55242 0.5926378 -0.2735719 1.547594 0.5979583 -0.294709 1.544596 0.5928989 -0.2896481 1.542933 0.5974581 -0.3059028 1.529271 0.5935172 -0.3061458 1.53062 0.5912272 -0.3070764 1.525299 0.5912272 -0.30273 1.535993 0.5936719 -0.3037744 1.535736 0.5912272 -0.3037786 1.535736 0.5653054 -0.3065668 1.529304 0.5653054 -0.3000638 1.54045 0.5653054 -0.3002649 1.529207 0.5977883 -0.2986369 1.540417 0.5943744 -0.3000603 1.54045 0.5912272 -0.295153 1.544583 0.5653054 -0.166341 1.368102 0.5929598 -0.1664497 1.367797 0.5653054 -0.1597062 1.370386 0.5928186 -0.1738766 1.366861 0.5936412 -0.174223 1.366245 0.5912272 -0.1760761 1.368182 0.595947 -0.1646368 1.371549 0.596737 -0.1768944 1.365897 0.5653054 -0.1576365 1.373723 0.5958763 -0.1593136 1.370317 0.5653054 -0.1596099 1.377984 0.5988253 -0.1668722 1.376516 0.5997227 -0.1535785 1.373695 0.592899 -0.1530924 1.373708 0.5653054 -0.1485479 1.377711 0.5928383 -0.1534681 1.377481 0.5965536 -0.1762892 1.375512 0.6003766 -0.1574902 1.382751 0.5997151 -0.1424508 1.38902 0.5935173 -0.1414585 1.392992 0.5912272 -0.1467757 1.525157 0.5929497 -0.1421116 1.387671 0.5912272 -0.1443339 1.382555 0.5912272 -0.1454313 1.382298 0.5936719 -0.1443139 1.382555 0.5653054 -0.1447656 1.389058 0.5957694 -0.1489339 1.382494 0.5965862 -0.1484349 1.389084 0.5977883 -0.1500817 1.529415 0.595947 -0.1536543 1.529341 0.5979584 -0.1532758 1.389045 0.5995354 -0.1480277 1.377841 0.5653054 -0.1761431 1.388733 0.6030079 -0.1721655 1.382054 0.6019285 -0.1620998 1.38899 0.601597 -0.1781868 1.551777 0.5929852 -0.1708397 1.547448 0.5965861 -0.1706118 1.549764 0.5936719 -0.1801405 1.547875 0.5977883 -0.1709903 1.550494 0.5912272 -0.1797009 1.552289 0.5653054 -0.2732851 1.552378 0.5653054 -0.1640964 1.54764 0.5928383 -0.1800271 1.544668 0.5995352 -0.1710775 1.541795 0.5997152 -0.1636922 1.544387 0.5965536 -0.1675109 1.549417 0.5653054 -0.1583411 1.544271 0.5928989 -0.1643014 1.54034 0.5988253 -0.1550991 1.536963 0.596737 -0.1583087 1.541595 0.5958763 -0.1534645 1.54045 0.5653054 -0.1583748 1.544583 0.5653054 -0.1535483 1.540199 0.5928186 -0.1667439 1.529398 0.6017052 -0.1582865 1.529325 0.5996798 -0.1620954 1.535537 0.5997225 -0.1704569 1.535857 0.6012686 -0.1497427 1.535736 0.5912272 -0.1482537 1.530851 0.5936411 -0.1473705 1.53062 0.5912272 -0.1507771 1.536008 0.5936449 -0.1497499 1.535736 0.5653054 -0.1468565 1.529193 0.5653054 -0.1417303 1.388986 0.5653054 0.2772336 1.366448 0.5935173 0.2711902 1.365721 0.5912272 0.2792896 1.366245 0.5912272 0.2870574 1.367797 0.5912272 0.2874403 1.368527 0.5936719 0.277291 1.365984 0.5653054 0.1825416 1.365961 0.5929498 0.1768944 1.365897 0.5653054 0.2870653 1.367797 0.5653054 0.2942025 1.370317 0.5653054 0.294101 1.370581 0.5929397 0.2771599 1.367983 0.5957694 0.1762158 1.370697 0.5979584 0.1760761 1.368182 0.595947 0.2871112 1.370843 0.5965862 0.2770951 1.370416 0.5977883 0.2946807 1.373904 0.5965537 0.2771174 1.373623 0.5995352 0.2999461 1.373702 0.5928984 0.3035317 1.381328 0.596737 0.2938512 1.377951 0.5988253 0.3003307 1.376696 0.5958763 0.3004247 1.373708 0.5653054 0.3049778 1.377722 0.5928359 0.2907391 1.388893 0.6017052 0.2770726 1.38895 0.6030295 0.2870665 1.382434 0.6012686 0.2959894 1.382754 0.5997226 0.2997304 1.388965 0.5996798 0.2957048 1.529246 0.5995352 0.2874036 1.529301 0.6015969 0.276835 1.37966 0.6016707 0.286642 1.376496 0.5997152 0.1762892 1.375512 0.6003766 0.3091782 1.382555 0.5912272 0.3104764 1.38744 0.5936412 0.3080911 1.382282 0.5936449 0.3114001 1.387671 0.5912272 0.3092051 1.382555 0.5653054 0.311894 1.389098 0.5653054 0.3116874 1.393135 0.5929497 0.3084494 1.388876 0.595947 0.3054905 1.377841 0.5653054 0.3046525 1.38895 0.5979584 0.3037218 1.529233 0.5957694 0.3002649 1.529207 0.5977883 0.2738241 1.538384 0.6017051 0.2744326 1.529374 0.603003 0.2830232 1.535882 0.6012686 0.2847208 1.541415 0.5994856 0.2736093 1.544334 0.5996798 0.1798395 1.538828 0.6015969 0.1797894 1.529517 0.6030328 0.2914469 1.53554 0.5997152 0.2994536 1.535797 0.5965861 0.2926792 1.539785 0.5979625 0.2825296 1.550494 0.5912272 0.2752951 1.552046 0.5912272 0.2756316 1.55143 0.5936411 0.2829292 1.549771 0.5936449 0.2892348 1.547974 0.5653054 0.2825331 1.550494 0.5653054 0.273285 1.552378 0.5653054 0.2676007 1.55233 0.5929497 0.2736322 1.55011 0.595947 0.2888783 1.547905 0.5928185 0.2827044 1.547448 0.5965801 0.2909298 1.544568 0.5958763 0.2735719 1.547594 0.5979583 0.294709 1.544596 0.5928989 0.2896482 1.542933 0.5974581 0.1801476 1.550308 0.5957694 0.1801404 1.547875 0.5977883 0.3059028 1.529271 0.5935172 0.3037744 1.535736 0.5912272 0.30273 1.535993 0.5936719 0.3070764 1.525299 0.5912272 0.3061458 1.53062 0.5912272 0.3065668 1.529304 0.5653054 0.3000603 1.54045 0.5912272 0.2986369 1.540417 0.5943744 0.166341 1.368102 0.5929598 0.174223 1.366245 0.5912272 0.1738766 1.366861 0.5936412 0.1664497 1.367797 0.5653054 0.1646368 1.371549 0.596737 0.1597062 1.370386 0.5928186 0.1576365 1.373723 0.5958763 0.1593136 1.370317 0.5653054 0.1668722 1.376516 0.5997227 0.1596098 1.377984 0.5988253 0.1535785 1.373695 0.592899 0.1530924 1.373708 0.5653054 0.1534681 1.377481 0.5965536 0.1574902 1.382751 0.5997151 0.1485479 1.377711 0.5928383 0.1424508 1.38902 0.5935173 0.1421116 1.387671 0.5912272 0.1443339 1.382555 0.5912272 0.1454313 1.382298 0.5936719 0.1414585 1.392992 0.5912272 0.1467757 1.525157 0.5929497 0.1468565 1.529193 0.5653054 0.1417303 1.388986 0.5653054 0.1443139 1.382555 0.5653054 0.1480277 1.377841 0.5653054 0.1447655 1.389058 0.5957694 0.1500817 1.529415 0.595947 0.1489339 1.382494 0.5965862 0.1484349 1.389084 0.5977883 0.1536543 1.529341 0.5979584 0.1532757 1.389045 0.5995354 0.1761431 1.388733 0.6030079 0.1667439 1.529398 0.6017052 0.1620998 1.38899 0.601597 0.1721655 1.382054 0.6019285 0.1582865 1.529325 0.5996798 0.1781867 1.551777 0.5929852 0.1706118 1.549764 0.5936719 0.1856624 1.55242 0.5926378 0.1708397 1.547448 0.5965861 0.1797009 1.552289 0.5653054 0.1709903 1.550494 0.5912272 0.1640964 1.54764 0.5928383 0.1800271 1.544668 0.5995352 0.1636922 1.544387 0.5965536 0.1710775 1.541795 0.5997152 0.1675109 1.549417 0.5653054 0.1583748 1.544583 0.5653054 0.1583411 1.544271 0.5928989 0.1583087 1.541595 0.5958763 0.1550991 1.536963 0.596737 0.1643014 1.54034 0.5988253 0.1534645 1.54045 0.5653054 0.1535483 1.540199 0.5928186 0.1704569 1.535857 0.6012686 0.1620954 1.535537 0.5997225 0.1497427 1.535736 0.5912272 0.1497499 1.535736 0.5653054 0.1473705 1.53062 0.5912272 0.1482537 1.530851 0.5936411 0.1507771 1.536008 0.5936449 0.295153 1.544583 0.5653054 0.3000639 1.54045 0.5653054 0.3037786 1.535736 0.5653054</float_array>
          <technique_common>
            <accessor count="2344" source="#verts-array-array" stride="3">
              <param type="float" name="X" />
              <param type="float" name="Y" />
              <param type="float" name="Z" />
            </accessor>
          </technique_common>
        </source>
        <source id="normals-array">
          <float_array count="7032" id="normals-array-array">0.05133103 -0.09320292 0.9943231 0.01092616 -0.03663567 0.999269 0.009148654 -0.04347793 0.9990125 -0.05260972 -0.2339975 0.9708128 0.05040142 -0.2318476 0.9714455 -0.008780846 -0.04364046 0.9990087 -0.05133578 -0.09320003 0.9943231 0.2011892 -0.2439803 0.9486815 0.05079963 0.008084322 0.9986761 0 0.009071822 0.9999589 0 0.1358769 0.9907257 0.1946644 -0.09957941 0.9758021 -0.198737 -0.2463322 0.9485906 -0.01076141 -0.0366293 0.999271 -0.05070065 0.0081608 0.9986806 0.000214352 0.01139404 0.9999351 0.0002945555 0.1415174 0.9899357 -0.04983297 0.154082 0.9868006 -0.192602 -0.09728763 0.9764423 0.9987674 0.006681233 0.0491846 0.9945081 -0.09186253 -0.05014905 0.9987674 0.00668125 -0.04918463 0.9867127 0.1543849 -0.05062935 0.986795 0.1540367 0.05008399 0.9764418 -0.0972889 0.192604 0.9945081 -0.09185939 0.05015422 0.9708125 -0.2339986 0.05260979 0.9714453 -0.2318488 -0.05040045 0.9486815 -0.2439803 -0.201189 0.9758017 -0.09957934 -0.1946661 0.9485905 -0.2463326 0.1987367 -0.9987674 0.006681193 0.04918449 -0.9945081 -0.09185934 -0.05015422 -0.9945081 -0.09186251 0.05014904 -0.9758018 -0.09957945 0.1946658 -0.980851 0.002168653 0.1947475 -0.986795 0.1540367 -0.05008403 -0.9987674 0.006681263 -0.04918464 -0.9485905 -0.2463326 -0.1987368 -0.9708125 -0.2339986 -0.0526096 -0.9714453 -0.2318487 0.05040054 -0.9486815 -0.2439802 0.2011893 -0.976442 -0.09728849 -0.1926034 0.04918463 0.006681096 -0.9987674 -0.05014906 -0.09186268 -0.9945081 -0.04918451 0.00668105 -0.9987674 0.1926037 -0.09728878 -0.9764419 0.05015425 -0.09185952 -0.9945081 0.0526097 -0.2339988 -0.9708124 -0.05040055 -0.2318489 -0.9714453 -0.201189 -0.2439804 -0.9486815 0.05008336 0.1540364 -0.986795 -0.194666 -0.09957953 -0.9758018 0.1987368 -0.2463327 -0.9485905 -0.04879983 -0.9802399 0.1916984 -0.1920462 -0.9801452 0.04933278 -0.04854905 -0.9976402 0.04854911 -0.04854895 -0.9976402 -0.04854881 -0.3748702 -0.9258335 -0.04800654 -0.1916979 -0.98024 -0.04879953 -0.1983504 -0.9595642 0.1997341 -0.3701377 -0.8515875 0.37121 -0.3796158 -0.9035348 0.1987881 -0.04800646 -0.9258336 0.3748701 -0.1974938 -0.9035218 0.3803217 -0.3747407 -0.9258467 0.0487578 0.04933268 -0.9801451 0.1920464 0.04875785 -0.9258466 0.374741 -0.3545063 -0.7770909 0.5200529 -0.04791052 -0.8378519 0.5437911 -0.1898249 -0.8190582 0.5413966 -0.1852644 -0.7126113 0.6766552 -0.3467066 -0.6831246 0.642756 -0.05054323 -0.5774951 0.8148281 -0.1892332 -0.5813147 0.7913685 -0.0487253 -0.7212158 0.6909947 0.0483267 -0.8379129 0.5436603 0.04873117 -0.72134 0.6908646 -0.5198957 -0.7768803 0.3551977 -0.542091 -0.8184816 0.1903293 -0.5436606 -0.8379127 0.0483266 -0.4895234 -0.7214907 0.4897122 -0.4692838 -0.6456347 0.6024356 -0.690995 -0.7212155 -0.04872442 -0.5437915 -0.8378516 -0.04791024 -0.6776007 -0.7117135 0.1852601 -0.6908644 -0.7213402 0.04873071 -0.6432046 -0.6827035 0.3467041 -0.6025217 -0.6455548 0.469283 -0.5619696 -0.6069427 0.5619703 -0.1951181 0.002701566 0.980776 -0.3817771 -0.1023533 0.9185696 -0.3869579 -0.2479935 0.8881232 -0.3739667 -0.4204942 0.8266399 -0.1963311 -0.4250914 0.8836014 -0.05264343 -0.413803 0.9088431 -0.3820916 -0.002923385 0.9241198 -0.5472546 -0.2439554 0.8006236 -0.5243093 -0.4079496 0.7474469 -0.5513329 -0.1060499 0.8275177 -0.5553527 -0.007223353 0.8315836 -0.6856231 -0.2419694 0.6865652 -0.6476039 -0.4008099 0.6480437 -0.7031999 -0.1058385 0.7030705 -0.8275526 -0.1064727 0.551199 -0.7070599 -0.008770651 0.7070993 -0.8314727 -0.007606542 0.5555135 -0.3564314 -0.5656494 0.743638 -0.4915787 -0.5383502 0.6844922 -0.6043315 -0.519099 0.6044167 -0.747195 -0.4086274 0.5241406 -0.7999793 -0.2445 0.5479533 -0.6844883 -0.5385287 0.4913885 -0.8891669 -0.2477299 0.3847234 -0.8825006 -0.4272851 0.1965202 -0.8266093 -0.4215197 0.3728783 -0.9081996 -0.4155584 0.04984604 -0.9088431 -0.4138029 -0.05264322 -0.8147775 -0.5776031 0.05012223 -0.7920078 -0.5806192 0.1886929 -0.7438693 -0.5657817 0.3557379 -0.8148275 -0.5774959 -0.05054249 -0.9190592 -0.1051257 0.3798405 -0.9240719 -0.003703759 0.3822008 0.0004679815 0.3308365 0.943688 -0.04952991 0.3477129 0.9362919 -0.2026258 0.1569044 0.9666043 -0.2038612 0.3527703 0.9132326 0.0006260623 0.5114296 0.859325 -0.04908677 0.5299264 0.8466218 -0.2004315 0.5255379 0.8268235 -0.3940243 0.1512034 0.9065773 -0.3734802 0.5013791 0.7804688 -0.3886239 0.3396815 0.8564975 0.0007127562 0.6745372 0.7382405 -0.04995165 0.6913755 0.7207668 -0.1959479 0.6752492 0.7110858 -0.366084 0.6366503 0.6787186 0.0006751704 0.8112921 0.5846406 -0.05252475 0.8235704 0.5647769 -0.5443786 0.3188939 0.7758599 -0.5601946 0.142884 0.815945 -0.515875 0.4665232 0.7184909 -0.4957235 0.5910107 0.6363683 -0.6728249 0.3086059 0.6723608 -0.7009645 0.1371868 0.6998775 -0.6340473 0.4428127 0.6339566 -0.5927126 0.5453305 0.592711 -0.5182862 0.6804132 0.5180901 -0.8165247 0.1422745 0.5595046 -0.7760699 0.3181461 0.5445167 -0.7184851 0.4663135 0.5160726 -0.6362817 0.5911045 0.4957227 -0.1612767 0.9863606 0.03290302 -0.3494773 0.9357869 -0.04656691 -0.3495941 0.9357651 0.04612577 -0.3780418 0.9042865 0.1983693 -0.5671315 0.7994318 0.1981681 -0.564745 0.8235701 -0.05287103 -0.5648617 0.8235183 0.0524294 -0.1998504 0.904085 0.3777434 -0.1783695 0.9552574 0.2359399 -0.5495462 0.7466651 0.3748202 -0.3927698 0.8320698 0.3916525 -0.7100463 0.6763239 0.1960108 -0.7207524 0.6913602 -0.05036922 -0.7208384 0.6912758 0.0502969 -0.6782645 0.6371373 0.3660784 -0.846619 0.5298924 -0.04950032 -0.8467141 0.5297041 0.04988905 -0.8262346 0.5262272 0.2010507 -0.05062703 0.9339511 0.353797 -0.3755562 0.7464071 0.5493942 -0.1987451 0.7987529 0.5678857 -0.003015029 0.9831538 0.1827553 -0.01039897 0.9925717 0.1212155 -0.7802315 0.5012022 0.3742127 0.00050098 0.9136357 0.4065336 -0.9867127 0.1543848 0.05062937 -0.9665478 0.155411 0.2040412 -0.9362903 0.3476675 -0.04987818 -0.9065095 0.1498015 0.394715 -0.9363052 0.3475141 0.0506606 -0.9132256 0.3519953 0.2052276 -0.8564608 0.3385075 0.3897277 -0.04933275 -0.9801452 -0.1920459 -0.1997343 -0.9595642 -0.1983501 0.04800668 -0.9258336 -0.3748699 0.04879977 -0.98024 -0.1916978 -0.0487579 -0.9258468 -0.3747405 -0.3803216 -0.9035219 -0.1974936 -0.3712096 -0.8515878 -0.3701374 -0.1987883 -0.9035348 -0.3796158 -0.5413965 -0.8190583 -0.1898244 -0.5200529 -0.777091 -0.354506 -0.6766558 -0.7126109 -0.1852637 -0.6427569 -0.683124 -0.3467061 -0.7913684 -0.5813149 -0.1892328 -0.04832712 -0.8379125 -0.5436609 -0.3551969 -0.7768803 -0.5198963 -0.1903296 -0.8184814 -0.5420912 -0.4897113 -0.7214905 -0.4895245 -0.6024354 -0.6456349 -0.4692837 -0.1852602 -0.7117139 -0.6776002 -0.04873117 -0.72134 -0.6908646 0.04872472 -0.7212157 -0.6909949 0.04791028 -0.8378517 -0.5437914 -0.3467036 -0.6827039 -0.6432045 -0.4692819 -0.645555 -0.6025224 -0.5619689 -0.606943 -0.5619708 -0.980776 0.002701359 -0.1951181 -0.8266396 -0.4204948 -0.3739666 -0.8836014 -0.4250911 -0.1963316 -0.9185696 -0.102353 -0.3817771 -0.8881236 -0.2479938 -0.3869568 -0.9241198 -0.002923613 -0.3820916 -0.8006229 -0.2439556 -0.5472555 -0.7474469 -0.4079495 -0.5243094 -0.8275177 -0.10605 -0.5513328 -0.8315839 -0.007223564 -0.5553521 -0.6865649 -0.2419693 -0.6856235 -0.6480439 -0.4008102 -0.6476035 -0.7030709 -0.1058393 -0.7031994 -0.7070991 -0.008770433 -0.7070601 -0.5555126 -0.007607331 -0.8314733 -0.5511987 -0.1064734 -0.8275526 -0.7436383 -0.5656497 -0.3564301 -0.6844925 -0.5383497 -0.4915788 -0.6044163 -0.5190987 -0.6043323 -0.5241409 -0.4086275 -0.7471946 -0.5479538 -0.2445002 -0.7999789 -0.4913883 -0.5385294 -0.6844878 -0.3847238 -0.2477295 -0.8891668 -0.194748 0.002168586 -0.9808509 -0.1965199 -0.4272854 -0.8825005 -0.3728783 -0.4215201 -0.8266091 -0.04984596 -0.4155586 -0.9081996 0.05264327 -0.4138031 -0.9088431 0.05054251 -0.5774961 -0.8148274 -0.05012236 -0.5776034 -0.8147773 -0.1886926 -0.5806199 -0.7920073 -0.3557377 -0.5657825 -0.7438689 -0.3798402 -0.1051256 -0.9190593 -0.382201 -0.003704426 -0.9240718 -0.03290277 0.9863604 -0.1612777 -0.0461259 0.935765 -0.3495943 -0.1983695 0.9042864 -0.378042 1.496624e-05 0.9923266 -0.123644 0.04656678 0.9357869 -0.3494774 2.692719e-06 0.9996881 -0.02497416 -0.198168 0.7994317 -0.5671318 -0.3777433 0.9040849 -0.1998509 -0.2359404 0.9552572 -0.1783697 -0.3748207 0.7466651 -0.5495459 -0.3916525 0.8320698 -0.3927698 -0.05242954 0.8235182 -0.5648618 -0.3660778 0.6371371 -0.678265 -0.1960109 0.6763237 -0.7100464 0.0528709 0.82357 -0.5647451 -0.05029718 0.6912761 -0.7208381 0.04950027 0.5298923 -0.8466191 -0.04988984 0.5297037 -0.8467142 0.05036917 0.6913601 -0.7207525 -0.2010513 0.5262266 -0.8262348 -0.5493944 0.7464067 -0.3755568 -0.5678865 0.7987523 -0.1987452 -0.1236439 0.9923267 -1.513212e-05 -0.5180909 0.6804133 -0.5182852 -0.4957229 0.5911038 -0.6362822 -0.374213 0.5012017 -0.7802317 -0.6787187 0.6366501 -0.3660841 -0.7110859 0.6752488 -0.1959487 -0.6363695 0.5910107 -0.4957219 -0.5927123 0.5453298 -0.592712 -0.5160724 0.4663127 -0.7184858 -0.8268232 0.5255383 -0.2004317 -0.7804681 0.50138 -0.3734806 -0.7184909 0.4665233 -0.5158748 -0.05062933 0.1543847 -0.9867127 -0.2040413 0.1554112 -0.9665477 -0.05066115 0.3475133 -0.9363055 -0.3947151 0.1498011 -0.9065096 -0.559505 0.142274 -0.8165245 -0.2052281 0.3519951 -0.9132255 -0.6998773 0.1371872 -0.7009646 -0.6723609 0.3086054 -0.6728251 -0.8159448 0.142884 -0.5601948 0.04987791 0.3476676 -0.9362903 -0.3897273 0.3385078 -0.8564608 -0.5445167 0.3181464 -0.7760698 -0.6339569 0.442812 -0.6340475 -0.7758596 0.3188941 -0.5443789 -0.9666043 0.1569041 -0.2026258 -0.9132327 0.3527701 -0.2038611 -0.8564974 0.3396813 -0.3886242 -0.9065774 0.1512027 -0.3940244 0.1916979 -0.98024 0.04879982 0.1997341 -0.9595642 0.1983505 0.04854897 -0.9976402 0.0485492 0.3748702 -0.9258335 0.04800677 0.3803215 -0.9035218 0.1974941 0.04854903 -0.9976402 -0.0485488 0.1920462 -0.9801452 -0.0493325 0.3747407 -0.9258467 -0.04875752 0.5436606 -0.8379127 -0.04832632 0.5437915 -0.8378516 0.04791034 0.5413966 -0.8190582 0.1898248 0.6908643 -0.7213403 -0.04873031 0.6766557 -0.712611 0.1852638 0.6427567 -0.6831237 0.3467071 0.6909949 -0.7212155 0.04872487 0.8148275 -0.5774959 0.05054262 0.7913684 -0.5813147 0.1892334 0.198788 -0.9035348 0.3796159 0.3712096 -0.8515875 0.3701381 0.5200528 -0.7770908 0.3545066 0.4897119 -0.7214905 0.489524 0.6024356 -0.6456349 0.4692834 0.1903292 -0.8184817 0.5420909 0.3551976 -0.7768801 0.5198961 0.5619691 -0.606943 0.5619706 0.1852604 -0.7117137 0.6776003 0.3467042 -0.6827036 0.6432045 0.4692823 -0.6455546 0.6025225 0.9807761 0.002701284 0.1951176 0.8266397 -0.4204949 0.3739662 0.8836015 -0.4250905 0.1963325 0.9185695 -0.102353 0.3817774 0.8881237 -0.2479937 0.3869567 0.9081996 -0.4155585 -0.0498458 0.9088431 -0.4138029 0.05264329 0.8006231 -0.243955 0.5472555 0.92412 -0.002923298 0.3820913 0.7474472 -0.4079495 0.5243089 0.827518 -0.1060498 0.5513323 0.8315833 -0.007222953 0.5553531 0.6865649 -0.2419693 0.6856235 0.648044 -0.4008096 0.6476037 0.7030713 -0.1058391 0.703199 0.7070989 -0.008770652 0.7070603 0.5555132 -0.007607072 0.8314729 0.5511992 -0.1064736 0.8275523 0.7436384 -0.565649 0.356431 0.6844929 -0.5383499 0.491578 0.6044161 -0.5190989 0.6043324 0.5479539 -0.2445001 0.7999789 0.5241409 -0.4086273 0.7471948 0.8147775 -0.5776031 -0.05012224 0.4913883 -0.5385291 0.6844881 0.194748 0.00216893 0.9808509 0.3847242 -0.2477296 0.8891667 0.1965203 -0.4272847 0.8825007 0.3728779 -0.4215202 0.8266092 0.04984638 -0.4155587 0.9081995 0.05012183 -0.5776027 0.8147778 0.1886931 -0.5806186 0.7920081 0.3557387 -0.5657816 0.7438691 0.37984 -0.1051261 0.9190593 0.382201 -0.003704102 0.9240718 0.04053488 0.9863748 0.1594415 0.05044612 0.9339102 0.3539308 0.1983693 0.9042863 0.3780422 0.05242974 0.8235185 0.5648613 0.1981679 0.7994322 0.567131 0.00322894 0.9828937 0.1841455 0 0.9120668 0.4100415 0.3748206 0.7466655 0.5495454 0.3777431 0.9040852 0.1998503 0.2359404 0.9552573 0.1783692 0.1960106 0.6763241 0.7100461 0 0.8097985 0.5867081 0.05029657 0.6912758 0.7208384 0.3660784 0.6371371 0.6782646 0.2010506 0.526227 0.8262347 0 0.6736427 0.7390572 0.3494773 0.9357869 0.04656664 0.3916526 0.83207 0.3927692 0.5493942 0.7464067 0.375557 0.5648617 0.8235183 -0.0524296 0.349594 0.9357652 -0.04612602 0.1612772 0.9863605 -0.03290259 0.5678865 0.7987523 0.1987451 0.5180909 0.6804131 0.5182855 0.4957242 0.5911035 0.6362815 0.3742134 0.5012015 0.7802317 0.564745 0.8235701 0.05287069 0.7110862 0.6752487 0.1959481 0.678719 0.6366502 0.3660835 0.6363688 0.5910109 0.4957225 0.592712 0.5453303 0.5927118 0.5160725 0.4663131 0.7184854 0.7207524 0.6913602 0.05036908 0.8268233 0.5255383 0.2004312 0.846619 0.5298924 0.04950025 0.7208384 0.6912758 -0.05029713 0.7804682 0.5013802 0.37348 0.7184904 0.466523 0.5158757 0.05062933 0.1543851 0.9867127 0 0.3281123 0.9446387 0.2040411 0.1554109 0.9665478 0.05066054 0.3475142 0.9363052 0.3947153 0.1498011 0.9065095 0.2052277 0.3519955 0.9132255 0.5595047 0.1422739 0.8165247 0.6998773 0.1371861 0.7009649 0.6723609 0.3086065 0.6728245 0.815945 0.1428846 0.5601944 0 0.5103154 0.8599873 0.04988907 0.5297042 0.846714 0.389728 0.338508 0.8564604 0.5445161 0.3181469 0.77607 0.6339563 0.4428132 0.6340472 0.7758601 0.3188941 0.5443782 0.9666043 0.1569044 0.2026258 0.9362903 0.3476676 0.04987814 0.9132327 0.3527703 0.2038606 0.9065773 0.1512034 0.3940243 0.8564977 0.339681 0.3886239 0.9363052 0.347514 -0.05066061 0.8467141 0.5297041 -0.04988919 0.1983503 -0.9595643 -0.1997337 0.1974937 -0.903522 -0.3803212 0.3701377 -0.8515877 -0.3712096 0.1898244 -0.8190583 -0.5413965 0.3545062 -0.7770908 -0.5200532 0.1852637 -0.7126111 -0.6766555 0.3467067 -0.683124 -0.6427566 0.1892332 -0.5813149 -0.7913683 0.3796158 -0.9035349 -0.1987877 0.5198965 -0.7768801 -0.3551971 0.4895243 -0.7214903 -0.4897119 0.4692833 -0.6456348 -0.6024358 0.5420911 -0.8184816 -0.190329 0.6776006 -0.7117135 -0.1852601 0.6432046 -0.6827036 -0.3467039 0.6025222 -0.6455554 -0.4692816 0.5619699 -0.6069432 -0.5619695 0.1951179 0.002700616 -0.9807761 0.381777 -0.1023531 -0.9185696 0.386957 -0.2479936 -0.8881236 0.3739665 -0.420495 -0.8266396 0.196332 -0.4250909 -0.8836014 0.5472553 -0.2439556 -0.8006231 0.3820918 -0.002923958 -0.9241197 0.5243092 -0.4079496 -0.747447 0.5513323 -0.1060504 -0.827518 0.5553521 -0.00722361 -0.8315839 0.6856229 -0.2419693 -0.6865655 0.6476033 -0.4008102 -0.6480441 0.7031994 -0.1058393 -0.7030709 0.7070601 -0.008770433 -0.7070991 0.8275526 -0.106473 -0.5511988 0.8314733 -0.007607285 -0.5555126 0.356431 -0.5656494 -0.7436381 0.4915783 -0.53835 -0.6844925 0.6043316 -0.5190987 -0.6044169 0.7471946 -0.4086276 -0.5241409 0.7999787 -0.2445 -0.5479542 0.6844877 -0.5385293 -0.4913885 0.9808509 0.002168741 -0.1947481 0.8891668 -0.2477295 -0.3847239 0.8825005 -0.4272853 -0.19652 0.8266091 -0.4215202 -0.3728782 0.7920076 -0.5806195 -0.1886927 0.7438689 -0.5657826 -0.3557373 0.9190593 -0.1051252 -0.3798404 0.9240718 -0.003704335 -0.382201 0.1236427 0.9923268 1.496889e-05 0.3780416 0.9042865 -0.1983698 0.1998506 0.904085 -0.3777434 0.1783691 0.9552574 -0.2359401 0.5671317 0.7994316 -0.1981683 0.7100464 0.6763237 -0.1960109 0.6782648 0.6371369 -0.3660785 0.8262345 0.5262273 -0.2010508 0.3927696 0.8320697 -0.3916529 0.5495458 0.7466649 -0.3748212 0.5182857 0.6804133 -0.5180904 0.6362824 0.5911041 -0.4957224 0.7802314 0.501202 -0.3742133 0.1987451 0.7987522 -0.5678868 0.3755566 0.7464068 -0.5493944 0.4957224 0.5910105 -0.6363693 0.5927127 0.5453298 -0.5927116 0.7184855 0.4663132 -0.5160723 0.1959482 0.6752488 -0.7110861 0.2004317 0.5255381 -0.8268233 0.3660834 0.6366502 -0.678719 0.3734803 0.5013798 -0.7804683 0.5158749 0.4665229 -0.7184911 0.9665478 0.1554107 -0.2040411 0.9065095 0.1498009 -0.3947153 0.8165245 0.1422741 -0.559505 0.9132255 0.3519953 -0.2052278 0.7009646 0.1371872 -0.6998773 0.672825 0.3086054 -0.6723609 0.5601947 0.142884 -0.8159449 0.8564605 0.3385078 -0.3897281 0.7760698 0.3181465 -0.5445168 0.6340474 0.442812 -0.6339569 0.5443789 0.3188941 -0.7758597 0.2026258 0.1569041 -0.9666043 0.203861 0.3527706 -0.9132325 0.3886239 0.3396812 -0.8564976 0.3940249 0.1512029 -0.9065771 4.266099e-16 1 -1.685874e-07 4.2661e-16 1 -1.685874e-07 2.986272e-15 1 -1.685874e-07 -4.266099e-16 1 -1.685874e-07 0 1 -1.685874e-07 -4.2661e-16 1 -1.685874e-07 0 1 -1.685874e-07 -2.986272e-15 1 -1.685874e-07 -0.02497398 0.9996881 -2.860798e-06 -0.02498709 0.9996878 3.041108e-06 -0.01892906 0.9998026 0.006039816 -0.02497562 0.9996881 -1.708912e-06 -3.238414e-06 0.9996878 -0.02498732 0.02496822 0.9996882 2.540131e-06 0.01904809 0.999801 0.005930913 -5.809457e-05 0.9915094 0.1300348 -0.0001601959 0.9307727 0.3655983 -4.939798e-05 0.9919307 0.1267816 -5.141408e-06 0.9998564 0.01694826 0 0.9998561 0.01696604 0.0001951491 -0.02211752 0.9997554 0.0002342649 -0.02375769 0.9997177 6.998937e-05 -0.0235298 0.9997231 0 -0.02187577 0.9997607 7.446329e-05 -0.02427879 0.9997052 -0.0001446814 -0.02393407 0.9997135 -0.0002771246 0.8388414 0.5443758 -0.000188707 0.9292593 0.3694282 -0.0002921899 0.8379043 0.5458171 -0.0003590151 0.7113425 0.7028455 -0.0003889706 0.5543295 0.8322972 -0.0003914507 0.5533931 0.8329201 -0.0003733508 0.7117393 0.7024437 -0.0002075174 0.1742052 0.9847094 -0.0002506902 0.05785731 0.9983248 -0.000316593 0.1771617 0.9841817 -0.0001444684 0.05927719 0.9982416 -0.0003027559 0.372278 0.9281212 -0.0003972572 0.3724345 0.9280584 -0.05631763 0.0377389 0.9976994 0.05969331 -0.1273746 0.9900568 0.05631735 0.03773934 0.9976994 0.05699439 0.221547 0.9734827 -0.05647497 0.2212076 0.9735902 -0.2244136 -0.1359788 0.9649603 -0.05970645 -0.1273595 0.9900579 0.05978089 -0.3147571 0.9472878 0.223057 -0.3300907 0.9172163 0.2246071 -0.1363606 0.9648614 -0.2247328 -0.3285772 0.9173507 -0.06013544 -0.3149838 0.94719 0.9976994 0.03773876 0.05631764 0.9734829 0.2215461 -0.05699445 0.9735903 0.2212067 0.05647495 0.9649602 -0.1359791 0.2244138 0.9900579 -0.1273597 0.05970725 0.9900568 -0.1273748 -0.0596933 0.9976994 0.0377392 -0.05631736 0.9472875 -0.3147582 -0.0597805 0.9172163 -0.3300912 -0.2230564 0.9648614 -0.1363606 -0.2246069 0.9173507 -0.3285763 0.2247339 0.9471899 -0.3149841 0.06013569 -0.05584522 0.9968764 -0.05584539 -0.05584522 0.9968764 0.05584505 0.05584522 0.9968764 -0.05584539 -0.2215461 0.9734828 -0.05699568 -0.2212065 0.9735904 0.05647555 0.05584522 0.9968764 0.05584505 0.2215461 0.9734829 0.05699536 -0.05699552 0.9734829 0.2215459 0.05647571 0.9735904 0.2212063 -0.9976994 0.03773874 -0.05631765 -0.9900568 -0.1273748 0.05969329 -0.9976994 0.03773922 0.05631734 -0.9649602 -0.1359792 -0.2244138 -0.9900579 -0.1273597 -0.05970721 -0.9734829 0.2215461 0.05699437 -0.9735903 0.2212067 -0.05647503 -0.9472875 -0.3147582 0.05978057 -0.9172162 -0.3300912 0.2230565 -0.9648614 -0.1363605 0.224607 -0.974347 0.03657936 0.2220584 -0.9173507 -0.3285764 -0.2247339 -0.9471899 -0.3149841 -0.06013558 0.05631765 0.03773862 -0.9976994 -0.059694 -0.1273748 -0.9900567 -0.05631736 0.03773906 -0.9976994 0.2244139 -0.1359794 -0.9649601 0.05970714 -0.1273604 -0.9900578 -0.05699443 0.2215453 -0.9734831 0.05647502 0.2212059 -0.9735905 -0.05978088 -0.3147581 -0.9472875 -0.2230574 -0.3300907 -0.9172162 -0.2246075 -0.1363605 -0.9648613 0.2247329 -0.3285774 -0.9173505 0.06013555 -0.3149846 -0.9471898 -0.0546276 -0.9751699 0.2146148 -0.2149256 -0.9750744 0.05510768 -0.05482581 -0.9969896 0.05482598 -0.4147566 -0.908377 -0.05318045 -0.2146146 -0.9751699 -0.05462756 -0.2181533 -0.9509293 0.2194141 -0.05482579 -0.9969896 -0.05482559 -0.4145817 -0.9084179 0.05384175 -0.05318063 -0.908377 0.4147566 -0.2122506 -0.8841675 0.4161701 -0.05248343 -0.8034104 0.5931081 -0.204942 -0.787736 0.5809224 -0.4157566 -0.884111 0.2132936 -0.3741511 -0.7482387 0.5478593 -0.39634 -0.8277341 0.3972037 -0.05469136 -0.6655073 0.7443849 -0.2045506 -0.6644273 0.7188153 -0.3757808 -0.6413176 0.6689548 -0.05840776 -0.5008721 0.8635483 -0.2143694 -0.5118396 0.831905 -0.5931079 -0.8034106 -0.05248305 -0.5929464 -0.8035163 0.05268984 -0.5477638 -0.7480946 0.3745787 -0.5816692 -0.78713 0.2051516 -0.5074858 -0.6962746 0.5076021 -0.508925 -0.6071428 0.6102237 -0.6692806 -0.6411196 0.3755384 -0.7197206 -0.6635596 0.2041834 -0.7443149 -0.6656066 0.05443563 -0.6102347 -0.6071519 0.508901 -0.4229066 -0.3311675 0.8434916 -0.2224014 0.03709995 0.974249 -0.3999453 -0.5030187 0.7661697 0.05794967 -0.5008443 0.8635953 -0.4293205 -0.1416128 0.8919808 -0.434319 0.03612712 0.9000344 -0.5926413 -0.3291579 0.7351403 -0.5534214 -0.4879715 0.6749879 -0.615893 -0.1423065 0.7748707 -0.6218828 0.03465778 0.782343 -0.78224 0.0343989 0.6220268 -0.7749665 -0.14252 0.6157231 -0.7343549 -0.3294424 0.5934565 -0.6747298 -0.4882882 0.5534567 -0.8999889 0.03543169 0.4344705 -0.8919027 -0.1420558 0.4293364 -0.8432276 -0.3322831 0.4225578 -0.7661324 -0.5037805 0.3990568 -0.832083 -0.5120421 0.213192 -0.8635949 -0.5008451 0.05794862 -0.8635479 -0.5008729 -0.05840666 -0.7443849 -0.6655073 -0.05469123 -0.2292361 0.2305352 0.9456767 -0.4191722 0.4200795 0.8048775 -0.4380813 0.2249381 0.8703376 -0.05698815 0.4336816 0.8992622 -0.2238323 0.4385094 0.8704071 -0.2149973 0.6132842 0.7600386 -0.3979966 0.5819828 0.7091507 -0.05678543 0.6212872 0.7815227 -0.3983508 0.7088995 0.5820465 -0.2153156 0.7592349 0.6141673 -0.05704262 0.7816197 0.6211415 -0.05768312 0.8992945 0.4335227 -0.224941 0.8703372 0.4380807 -0.6141689 0.2153122 0.7592347 -0.5820471 0.3983506 0.7088991 -0.539536 0.5395847 0.6463352 -0.5395848 0.6463358 0.5395353 -0.6463339 0.5395363 0.5395861 -0.4335227 0.8992946 -0.05768343 -0.43368 0.899263 0.05698878 -0.2305363 0.945676 0.2292378 -0.4385083 0.8704071 0.2238347 -0.4200793 0.8048771 0.4191733 -0.6211416 0.7816196 -0.05704348 -0.6212892 0.781521 0.0567851 -0.6132848 0.7600376 0.2149992 -0.581981 0.7091512 0.3979983 -0.7088985 0.5820478 0.3983507 -0.7592361 0.6141672 0.2153118 -0.7815228 0.621287 -0.05678574 -0.7816215 0.6211391 0.05704418 -0.8992626 0.4336808 -0.05698797 -0.8992945 0.4335231 0.0576813 -0.8703374 0.4380819 0.2249377 -0.8048769 0.4191735 0.4200795 -0.7091503 0.397996 0.5819837 -0.945677 0.2292357 0.2305342 -0.8704071 0.2238318 0.4385098 -0.7600371 0.2149961 0.6132864 -0.05510749 -0.9750745 -0.2149255 -0.219414 -0.9509294 -0.2181532 -0.4161701 -0.8841676 -0.2122503 -0.05384164 -0.9084179 -0.4145817 -0.2132933 -0.8841111 -0.4157565 -0.5478592 -0.7482387 -0.3741512 -0.397204 -0.8277341 -0.3963398 -0.5809222 -0.7877361 -0.2049419 -0.6689544 -0.6413179 -0.3757811 -0.718815 -0.6644279 -0.2045498 -0.831905 -0.5118396 -0.2143696 0.05248324 -0.8034106 -0.5931079 0.05318076 -0.908377 -0.4147566 -0.3745788 -0.7480947 -0.5477636 -0.2051514 -0.7871303 -0.581669 -0.05268971 -0.8035164 -0.5929462 -0.5076026 -0.696275 -0.5074848 -0.6102239 -0.6071432 -0.5089244 -0.3755384 -0.6411199 -0.6692804 -0.2041835 -0.66356 -0.7197202 -0.05443544 -0.6656072 -0.7443143 -0.5089013 -0.6071524 -0.6102339 -0.9742492 0.03709977 -0.2224007 -0.8434916 -0.3311683 -0.4229059 -0.7661695 -0.5030182 -0.3999464 -0.891981 -0.1416136 -0.4293198 -0.7351405 -0.3291585 -0.5926408 -0.9000346 0.03612737 -0.4343185 -0.6749882 -0.4879718 -0.5534206 -0.7748705 -0.1423068 -0.6158932 -0.5934563 -0.3294424 -0.7343551 -0.782343 0.03465811 -0.6218828 -0.6220272 0.03439866 -0.7822397 -0.5534568 -0.4882883 -0.6747297 -0.615723 -0.1425203 -0.7749665 -0.4293358 -0.1420563 -0.8919029 -0.43447 0.03543143 -0.8999891 -0.4225576 -0.3322831 -0.8432277 -0.3990568 -0.5037803 -0.7661325 -0.2220577 0.03657918 -0.9743471 -0.2131925 -0.5120421 -0.8320829 -0.05794875 -0.5008454 -0.8635947 0.05840714 -0.5008728 -0.863548 0.05469106 -0.6655078 -0.7443845 -0.05647571 0.9735903 -0.2212066 -0.229238 0.9456759 -0.2305364 -0.4191735 0.8048769 -0.4200794 -0.438081 0.870337 -0.2249411 -0.05698893 0.8992629 -0.4336802 -0.2238348 0.870407 -0.4385085 -0.2149993 0.7600374 -0.6132849 -0.3979986 0.7091511 -0.581981 -0.05678517 0.7815208 -0.6212895 -0.3983504 0.5820478 -0.7088986 0.0570433 0.7816193 -0.6211419 0.05678517 0.6212873 -0.7815226 -0.2153119 0.6141669 -0.7592363 -0.05704399 0.6211393 -0.7816213 -0.05768162 0.4335228 -0.8992946 -0.2249379 0.4380816 -0.8703376 0.05698775 0.4336805 -0.8992628 -0.6141672 0.7592351 -0.2153156 -0.5820467 0.7088992 -0.3983511 -0.5395351 0.6463363 -0.5395844 -0.5395858 0.5395366 -0.6463338 -0.4200789 0.4191736 -0.8048772 -0.7600381 0.6132847 -0.2149976 -0.7091507 0.5819827 -0.3979968 -0.6463353 0.5395855 -0.5395352 -0.5819837 0.3979958 -0.7091505 -0.2305337 0.2292354 -0.9456772 -0.4385093 0.2238316 -0.8704074 -0.6132868 0.2149957 -0.7600369 -0.759235 0.2153118 -0.6141686 -0.7088998 0.3983498 -0.5820468 -0.8703376 0.2249383 -0.4380812 -0.8048777 0.420079 -0.4191724 -0.9456769 0.2305343 -0.2292361 -0.8704075 0.4385085 -0.2238328 0.05510744 -0.9750744 0.2149257 0.05482581 -0.9969896 0.05482598 0.2146146 -0.9751699 0.05462784 0.219414 -0.9509293 0.2181534 0.05482579 -0.9969896 -0.05482559 0.2149256 -0.9750744 -0.05510739 0.4145818 -0.9084179 -0.05384145 0.05384163 -0.9084178 0.4145819 0.4147566 -0.908377 0.05318076 0.4161701 -0.8841675 0.2122508 0.5931079 -0.8034106 0.05248332 0.5809222 -0.787736 0.2049422 0.2132934 -0.884111 0.4157568 0.5929464 -0.8035163 -0.05268954 0.7443149 -0.6656066 -0.0544354 0.718815 -0.6644278 0.20455 0.6689545 -0.6413178 0.3757811 0.7443849 -0.6655073 0.05469147 0.8635479 -0.5008729 0.05840676 0.831905 -0.5118396 0.2143697 0.3972039 -0.827734 0.3963401 0.05268973 -0.8035162 0.5929465 0.5478589 -0.7482388 0.3741516 0.5076024 -0.696275 0.5074848 0.6102237 -0.6071431 0.5089247 0.2051515 -0.7871299 0.5816695 0.3755377 -0.6411196 0.669281 0.2041843 -0.6635594 0.7197205 0.3745789 -0.7480944 0.547764 0.5089007 -0.6071523 0.6102345 0.8434916 -0.3311681 0.4229061 0.9742492 0.03709985 0.2224007 0.7661695 -0.5030182 0.3999463 0.8635949 -0.5008451 -0.05794845 0.8919809 -0.1416133 0.4293201 0.7351404 -0.3291579 0.5926412 0.9000345 0.03612737 0.4343187 0.6749881 -0.4879715 0.553421 0.7748707 -0.1423065 0.6158931 0.5934558 -0.3294423 0.7343555 0.7823432 0.03465766 0.6218826 0.6220268 0.0343992 0.78224 0.5534565 -0.4882878 0.6747302 0.6157229 -0.1425203 0.7749666 0.4344709 0.03543215 0.8999887 0.4293356 -0.1420563 0.891903 0.4225575 -0.3322827 0.8432279 0.3990562 -0.5037802 0.7661329 0.2220591 0.03657944 0.9743468 0.2131927 -0.5120417 0.832083 0.05443567 -0.6656071 0.7443144 0.229238 0.945676 0.2305361 0.2212065 0.9735903 -0.05647588 0.05698883 0.8992629 0.4336802 0.2238348 0.8704071 0.4385082 0.4335227 0.8992946 0.05768312 0.4191736 0.804877 0.4200792 0.05678477 0.7815211 0.6212892 0.2149991 0.7600377 0.6132847 0.3979988 0.7091509 0.581981 0.2153119 0.6141675 0.7592359 0.0570437 0.6211395 0.7816212 0.05768089 0.4335238 0.8992942 0.2249373 0.4380822 0.8703374 0.3983512 0.582048 0.708898 0.438081 0.8703371 0.2249408 0.43368 0.899263 -0.0569891 0.6141671 0.7592351 0.2153155 0.5820466 0.7088992 0.3983512 0.5395352 0.6463361 0.5395845 0.5395856 0.5395371 0.6463336 0.4200799 0.4191733 0.8048768 0.6211416 0.7816196 0.05704317 0.6212892 0.781521 -0.05678538 0.7815228 0.621287 0.05678552 0.7600381 0.6132848 0.2149974 0.7091505 0.5819828 0.3979968 0.6463349 0.5395859 0.5395353 0.5819835 0.3979959 0.7091506 0.2305349 0.2292358 0.9456768 0.4385107 0.2238313 0.8704067 0.6132858 0.2149961 0.7600376 0.7592346 0.215312 0.614169 0.7088996 0.3983503 0.5820468 0.8703377 0.2249386 0.438081 0.8048777 0.4200791 0.4191724 0.9456769 0.2305344 0.229236 0.8992627 0.4336808 0.0569878 0.8704075 0.4385085 0.2238328 0.05462766 -0.9751699 -0.2146146 0.2181534 -0.9509294 -0.2194139 0.2122507 -0.8841676 -0.4161699 0.4157566 -0.8841111 -0.2132933 0.2049419 -0.7877363 -0.5809219 0.374151 -0.748239 -0.5478589 0.2045502 -0.6644279 -0.7188148 0.2143698 -0.5118395 -0.831905 0.3757811 -0.6413179 -0.6689544 0.3963398 -0.8277343 -0.3972037 0.5477638 -0.7480947 -0.3745786 0.5074856 -0.6962748 -0.507602 0.508925 -0.6071428 -0.6102237 0.5816692 -0.7871301 -0.2051515 0.6692806 -0.6411197 -0.3755382 0.7197207 -0.6635596 -0.2041832 0.6102347 -0.6071519 -0.5089009 0.4229059 -0.3311685 -0.8434916 0.2224001 0.03709969 -0.9742494 0.3999459 -0.5030188 -0.7661693 0.4293203 -0.141613 -0.8919808 0.5926415 -0.3291584 -0.73514 0.4343183 0.03612754 -0.9000347 0.5534211 -0.487972 -0.6749877 0.6158933 -0.1423066 -0.7748705 0.7343551 -0.3294425 -0.5934562 0.6218829 0.03465781 -0.782343 0.7822399 0.03439908 -0.6220269 0.6747296 -0.4882885 -0.5534567 0.7749665 -0.1425203 -0.615723 0.899989 0.03543163 -0.4344703 0.8919027 -0.1420559 -0.4293362 0.8432277 -0.3322832 -0.4225576 0.7661324 -0.5037806 -0.3990566 0.974347 0.03657929 -0.2220584 0.832083 -0.5120421 -0.2131919 0.05699552 0.9734828 -0.2215462 0.2305363 0.9456759 -0.2292382 0.05768327 0.8992945 -0.4335228 0.4385084 0.870407 -0.2238349 0.6132848 0.7600375 -0.2149995 0.5819809 0.7091511 -0.3979987 0.7592361 0.6141672 -0.2153118 0.7088986 0.5820477 -0.3983506 0.7816215 0.6211391 -0.05704443 0.8992945 0.4335231 -0.05768145 0.8703374 0.4380819 -0.2249378 0.2249409 0.870337 -0.4380811 0.4200793 0.8048769 -0.4191736 0.5395843 0.6463363 -0.5395351 0.6463339 0.5395363 -0.5395859 0.8048769 0.4191733 -0.4200796 0.2153155 0.7592351 -0.6141672 0.3983511 0.7088993 -0.5820465 0.214997 0.613285 -0.760038 0.3979969 0.5819829 -0.7091505 0.5395355 0.5395853 -0.6463351 0.7091506 0.3979956 -0.5819836 0.945677 0.2292356 -0.2305342 0.8704071 0.2238316 -0.4385099 0.7600371 0.2149961 -0.6132865 0.6141685 0.2153119 -0.759235 0.5820472 0.3983496 -0.7088996 0.438081 0.2249384 -0.8703377 0.4191728 0.4200782 -0.8048779 0.2292359 0.2305337 -0.9456771 0.2238329 0.4385077 -0.8704079 -0.1504214 -0.4597813 0.8751997 -0.4741231 -0.596509 0.6475989 -0.1661629 -0.7423956 0.649029 0.152199 -0.5897949 0.793081 0.1528543 -0.2385143 0.9590342 -0.2634002 -0.2231609 0.9385199 -0.6564073 -0.3309657 0.6779315 -0.1540252 -0.912345 0.3793453 0.1519328 -0.874543 0.4605333 -0.8242 -0.07588407 0.5611916 -0.503756 0.06602061 0.8613194 -0.9774166 0.1754319 0.1178153 -0.9586002 -0.1798337 0.220784 -0.7701553 -0.5545259 0.3152171 -0.8602185 0.2643204 0.436072 -0.141724 0.08909283 0.9858888 -0.1586752 0.4525784 0.8774936 -0.5652034 0.3480591 0.7479305 -0.4697256 -0.7993628 0.3746692 -0.4038665 -0.8944483 0.191974 -0.4607937 0.6464768 0.60806 -0.4917766 0.8261501 0.2750123 -0.7316878 0.5698897 0.3739769 -0.1522935 0.7912373 0.5922417 -0.150638 0.9547561 0.2564157 -0.8620192 0.5053111 0.03979444 -0.238006 0.9684562 -0.07379506 0.8178813 -0.4990669 0.2863606 0.4877378 -0.6038165 0.6304899 0.4964091 -0.7938177 0.3513282 0.3946258 -0.8970796 0.1987929 0.9322922 -0.3551167 0.06872707 0.9605526 -0.08935304 0.2633529 0.7479697 -0.3128665 0.5853681 0.4716599 -0.2914805 0.8322115 0.155423 0.987841 -0.003720966 0.4711256 0.8337381 0.2879608 0.4794382 0.8758315 -0.05529989 -0.168377 0.9571276 -0.2357029 0.1527891 0.8970607 0.4146537 0.2708952 0.9330212 -0.2368272 -0.6344001 0.7729075 -0.01226448 -0.5987639 0.7753009 -0.2009735 0.1507111 0.6712248 0.7257709 0.4931467 0.6291045 0.6008609 0.7693323 0.6388487 -0.0003808217 0.7477563 0.5754037 0.3313173 0.960304 0.2626366 0.09401178 0.8642175 0.2574899 0.4322349 0.7661413 0.6212266 -0.1646357 0.4781472 0.0648793 0.8758801 0.7635231 0.009848668 0.6457054 0.6266999 0.3334506 0.7043138 0.2323903 0.375062 0.897398 -0.9343128 -0.3502241 0.06635288 -0.9505469 0.2989382 -0.08424133 0.9832767 0.1767319 -0.04396376 0.1605487 0.09253102 0.9826811 -0.6628678 0.1318237 -0.7370406 -0.9199429 -0.005630783 -0.392012 -0.9010692 0.1280296 -0.4143462 -0.1958774 0.03290367 -0.9800762 -0.6835005 0.03124011 -0.7292813 -0.6508567 0.1182499 -0.749935 -0.9716846 -0.03205368 -0.2340974 -0.9652759 0.1401214 -0.220473 -0.6299316 -0.7336629 -0.2548037 -0.1524227 -0.6805417 -0.71668 -0.525018 -0.6595783 -0.5378779 -0.2224299 0.09601505 -0.9702093 -0.8994992 0.1276588 -0.417857 -0.9722939 0.2248245 -0.06401993 -0.6367608 0.1953015 -0.7459176 -0.2182644 0.08735165 -0.9719724 0.1948628 0.02375578 -0.9805428 0.1926549 0.06947948 -0.9788037 0.1409609 -0.6909143 -0.709061 0.5731518 0.09292839 -0.8141629 0.5544886 0.02979524 -0.8316578 0.1920943 0.07236058 -0.9787051 0.5709345 0.08490361 -0.8165936 0.5589856 0.1883367 -0.807505 0.8833088 0.1142215 -0.4546636 0.891671 0.1231796 -0.4356026 0.9084629 0.02772619 -0.4170448 0.9914206 0.1240803 -0.0410997 0.9284263 0.2226546 0.2974046 0.9784882 0.1374456 0.1538489 0.9892037 -0.03271529 0.1428484 0.9997938 -0.01070252 -0.0172572 0.6275297 -0.7699629 0.1156015 0.6395694 -0.7629011 0.09451429 0.9042407 0.3089956 0.2947378 0.9827945 -0.02677628 0.182751 0.6821763 -0.731185 0.001978031 0.9916124 0.1234064 -0.0384158 0.4238122 0.336008 0.8411194 0.5604158 0.5273331 0.6386344 0.8864486 0.2222294 0.4059839 0.4400872 0.8258307 0.3526001 0.8750402 0.4368611 0.2084637 0.9819949 -0.02174126 0.1876519 0.6253216 -0.771229 0.1190746 -0.9571355 -0.04153463 0.286647 -0.688859 0.213487 0.6927457 -0.8979947 0.3776757 0.2257576 -0.655026 -0.7515585 -0.07810778 -0.6821191 -0.6957304 0.2251061 -0.4214797 -0.7509479 0.5083622 -0.9929116 -0.02070545 -0.1170374 -0.6607484 -0.0980024 0.7441822 -0.8914911 0.438802 -0.1126786 -0.8787232 0.4460277 -0.1700142 -0.625097 -0.7712991 -0.1197976 -0.193653 -0.1500894 0.9695214 -0.1245848 -0.7688324 0.6271965 0.1885054 0.1903642 -0.9634455 0.8692976 0.1915396 -0.4556691 0.457494 0.5850352 -0.6696515 -0.2102906 0.1909326 -0.9588131 -0.5252962 0.5820881 -0.6206749 -0.1695989 0.5870346 -0.7915975 -0.09798528 0.989053 -0.1103316 0.1544905 0.5923047 -0.7907641 0.07342321 0.9908286 -0.1134359 -0.0252515 0.9908713 -0.1324252 0.02173035 0.9935437 -0.1113497 0.7209787 0.5793261 -0.3802248 0.132746 0.9889753 -0.06562278 0.3773997 0.2118227 0.9014991 0.3293283 -0.08677134 0.94022 0.4328112 0.8111835 0.3932631 0.2683821 0.5990672 0.7543802 0.1944486 -0.7501473 0.6320355 -0.1918606 0.1673847 0.9670429 0.5497793 -0.6935926 0.4654803 0.7750313 -0.03043536 0.6311895 0.7416476 0.3754091 0.5559018 -0.1458781 0.6613279 0.7357751 -0.5381494 0.5970863 0.5948808 -0.05112603 0.9653023 0.2560812 -0.5532598 0.8089667 0.1986869 -0.005768259 0.9996193 0.02697936 0.4562078 0.8804312 0.1292876 -0.4739807 0.8789271 -0.05319337 0.8666489 0.443118 0.2292728 -0.000218534 1 -5.851628e-07 0.9654698 -0.01777828 0.2599076 0.6382501 -0.750546 0.1712235 0.9820774 -0.01982131 0.1874329 0.8774792 0.4484477 0.1700735 0.4568655 0.8850393 0.08932691 -0.6088841 0.7275544 0.3161087 -0.3881212 0.717798 0.5780381 -0.7115013 0.7022807 0.02382466 0.1212646 0.9926192 -0.001433114 -0.5332715 0.2953481 0.7927112 -0.8496122 0.2928832 0.4386098 -0.5578186 0.2312181 0.7971051 -0.8766699 0.2204981 0.4275868 -0.95741 0.2874826 0.02682956 -0.859959 0.3157687 -0.4009497 -0.6223479 0.7276794 -0.2883847 -0.8752545 0.2612721 -0.4070215 -0.9740581 0.2259993 0.0116239 -0.1368268 0.700747 0.7001658 -0.1833554 0.2926537 0.9384746 -0.1858857 0.2403565 0.9527199 0.9801088 0.1952684 -0.035455 0.7353585 0.5837347 0.3442406 0.8118484 0.5831782 -0.02837918 0.1412449 0.987994 0.06259218 -0.8917023 0.2003129 -0.4058838 -0.9729801 0.2257825 0.04829088 -0.9528481 0.2886895 -0.09348182 -0.7403984 0.5696706 0.3567711 -0.7399601 0.5851048 -0.3318304 -0.7091894 0.3348761 0.6204098 -0.162177 0.5361263 0.8284125 -0.1855406 0.251631 0.9498719 -0.9119859 0.396782 -0.1041428 -0.6010295 0.5870415 0.5423521 -0.1574454 0.5697515 0.8065942 -0.8100314 0.5847363 0.04396179 -0.1352826 0.981967 0.1320583 -0.1542384 0.9880213 0.004949083 -0.11142 0.9926738 -0.0467368 -0.5035232 0.8416785 0.1950428 0.3529724 0.5873888 0.7282753 0.07569601 0.9819807 0.1731587 -0.02959538 0.9879917 0.151646 0.4442682 0.7277669 0.5224759 0.1432737 0.7182946 0.6808271 0.6510298 0.7014226 0.2901148 0.620106 0.2910728 0.7285226 0.6855914 0.7272088 -0.0336426 0.1985474 0.2943532 0.934845 -0.4117833 0.3415465 -0.8448553 -0.2866164 0.7548178 -0.590001 0.1334345 0.7176313 -0.6835207 0.4873798 0.754839 -0.4389523 0.1814648 0.3220107 -0.9291822 0.6991991 0.3415755 -0.6280501 0.8771367 0.283856 0.3873719 0.9482978 0.3132715 -0.05091457 0.6495561 0.2150661 0.7292623 0.7087052 0.2946328 -0.6410371 0.8960733 0.2270357 0.3814543 0.9631731 0.263563 -0.05321802 0.1842532 0.2778599 -0.9427856 -0.4153191 0.2946847 -0.8606224 0.220365 0.2260518 0.9488624 0.4530316 0.8835123 0.1190308 0.8767816 0.4474699 0.1761382 0.9820952 -0.02054725 0.1872612 0.6254337 -0.7711315 0.1191169 -0.07547072 0.9199938 0.3845979 -0.005310107 0.9996279 0.02675406 0.625626 -0.7710865 0.1183963 -0.4619304 0.8852147 -0.05491061 -0.8823592 0.4428048 -0.1592677 -0.4583788 0.8842463 -0.08942798 -0.9824256 -0.02603337 -0.1848302 -0.6259757 -0.7701197 -0.1227604 -0.6252564 -0.7712834 -0.1190643 -0.9810679 -0.03286829 -0.1908545 -0.6252805 -0.7712611 -0.1190826 -0.9821517 -0.02229892 -0.1867638 -0.6278387 -0.7646312 -0.145457 -0.9820474 -0.02208469 -0.1873369 0.001408916 0.9999977 0.001624017 -0.0002039028 0.9999995 0.0009670951 0.002011808 0.9999934 0.003038895 0.0001431854 0.9999996 -0.0009316071 -0.001398022 0.9999987 -0.0007886852 -0.001901048 0.9999978 0.000915991 -0.002969595 0.9999936 0.001978045 0.001526058 0.9999988 -0.0001951061 0.003795402 0.9999893 -0.002662068 -0.002597885 0.9999889 -0.003930728 -0.005593743 0.9999584 -0.007198223 0.007735447 0.9999598 -0.004530561 0.4142368 -0.6810573 -0.6037953 0.688202 -0.6606106 -0.2999526 0.9014265 0.1280296 -0.4135683 0.9202811 -0.005631258 -0.3912172 0.663504 0.1318236 -0.7364679 0.9718864 -0.0320536 -0.2332583 0.68413 0.03124025 -0.7286907 0.1967233 0.03290334 -0.9799068 0.2232677 0.09601513 -0.9700168 0.6301509 -0.7336634 -0.2542593 0.5254825 -0.659578 -0.5374245 0.153041 -0.680542 -0.716548 0.6515041 0.1182502 -0.7493726 0.2191036 0.08735182 -0.9717836 0.8998596 0.1276591 -0.4170801 0.9723488 0.2248244 -0.06318054 0.9654659 0.1401216 -0.2196395 0.6374046 0.1953007 -0.7453677 0.8920524 0.2003127 -0.405114 -0.1940163 0.0237554 -0.9807106 -0.19181 0.06947963 -0.9789696 -0.1912491 0.07236061 -0.9788706 -0.1403485 -0.6909145 -0.7091823 -0.5537702 0.02979536 -0.8321363 -0.5724488 0.0929284 -0.8146574 -0.5582882 0.1883373 -0.8079872 -0.1876733 0.1903643 -0.9636079 0.2111182 0.1909329 -0.9586312 -0.5702292 0.08490351 -0.8170863 -0.9081025 0.02772602 -0.4178291 -0.8912946 0.1231796 -0.4363722 -0.4137148 -0.6810577 -0.6041526 -0.9913848 0.1240805 -0.04195577 -0.9893267 -0.03271537 0.1419943 -0.9786206 0.1374457 0.1530042 -0.9997785 -0.01070262 -0.01812047 -0.6276294 -0.7699627 0.1150598 -0.982952 -0.02677616 0.1819024 -0.9044949 0.3089957 0.2939567 -0.6396506 -0.7629012 0.09396195 -0.9286828 0.2226545 0.2966028 -0.4245383 0.3360079 0.8407532 -0.8867988 0.2222293 0.4052185 -0.9915788 0.1234065 -0.03927194 -0.560967 0.5273331 0.6381503 -0.9800778 0.1952682 -0.03630117 -0.8829161 0.1142214 -0.4554258 -0.8752199 0.436861 0.207708 -0.4403917 0.8258307 0.3522197 -0.625424 -0.7712291 0.1185345 -0.9821566 -0.02174129 0.1868038 0.9568876 -0.04153381 0.2874735 0.6550944 -0.7515574 -0.07754288 0.9930124 -0.02070485 -0.1161799 0.6882602 0.213487 0.6933406 0.6601051 -0.09800165 0.7447529 0.6819257 -0.695729 0.2256955 0.6252 -0.7712993 -0.1192578 0.982209 -0.02208529 -0.1864878 0.8977997 0.3776753 0.2265328 0.4210403 -0.750948 0.5087261 0.1928157 -0.150089 0.9696883 0.1240436 -0.7688323 0.6273038 -0.8689039 0.1915398 -0.4564192 -0.456915 0.5850365 -0.6700455 -0.1538076 0.5923049 -0.790897 0.170282 0.5870348 -0.7914506 0.5258327 0.5820869 -0.6202216 -0.07332515 0.9908286 -0.1134992 -0.02163429 0.9935436 -0.1113687 0.02536573 0.9908711 -0.1324046 -0.7206503 0.5793262 -0.3808469 -0.1326891 0.9889753 -0.06573704 -0.3781779 0.2118221 0.901173 0.1910256 0.1673841 0.9672082 -0.4331505 0.8111834 0.3928894 -0.7421272 0.3754092 0.5552613 -0.33014 -0.08677056 0.9399353 -0.1949947 -0.7501466 0.6318679 0.5376352 0.5970862 0.5953456 -0.2690339 0.5990666 0.7541485 -0.5501801 -0.6935939 0.4650046 -0.7755759 -0.03043548 0.6305201 0.05090493 0.9653023 0.2561253 0.1452433 0.6613276 0.7359009 0.5530881 0.8089666 0.1991646 0.005745286 0.9996193 0.02698463 -0.4563195 0.8804311 0.1288936 0.4740268 0.8789269 -0.05278424 0.0002186788 1 -3.342176e-07 -0.4569425 0.8850393 0.08893241 0.8915879 0.4388023 -0.1119084 -0.8668468 0.4431176 0.2285242 -0.9822389 -0.01982137 0.1865848 -0.9656939 -0.01777844 0.2590739 -0.8776256 0.4484478 0.1693158 0.6086108 0.7275544 0.3166346 0.7114803 0.702281 0.02443907 0.8492331 0.2928827 0.4393436 0.5325869 0.2953475 0.7931715 -0.1212629 0.9926192 -0.001538209 0.9573863 0.2874833 0.02765557 0.8603046 0.3157699 -0.4002066 0.8763006 0.2204975 0.4283434 0.5571304 0.2312163 0.7975868 0.8756053 0.2612735 -0.4062653 0.9740477 0.2259993 0.01246424 0.3876209 0.7177996 0.5783717 0.1362225 0.7007469 0.7002836 0.1825454 0.292654 0.9386324 -0.7356559 0.583734 0.3436059 -0.8118237 0.583178 -0.02908024 -0.141299 0.9879939 0.06247055 0.7402464 0.585105 -0.3311911 0.7086536 0.3348757 0.621022 0.7400901 0.5696706 0.3574102 0.9729381 0.2257823 0.04913079 0.9529285 0.2886895 -0.0926584 0.6005605 0.5870425 0.5428703 0.8099924 0.5847372 0.04466086 0.1614618 0.5361273 0.8285515 0.9120755 0.3967821 -0.1033554 0.5033547 0.8416785 0.1954774 0.1847204 0.2516312 0.9500317 0.135167 0.9819674 0.132174 0.09808014 0.989053 -0.1102469 0.1114597 0.9926739 -0.04663972 0.07513856 0.919994 0.3846624 -0.3536006 0.5873894 0.72797 0.1567488 0.5697521 0.8067294 -0.07584503 0.9819809 0.1730928 0.02946455 0.9879915 0.1516726 0.1542333 0.9880214 0.005082288 -0.4447196 0.7277661 0.5220929 -0.6512804 0.701422 0.2895531 -0.143861 0.7182954 0.6807024 -0.6207348 0.2910724 0.7279871 -0.8774709 0.2838556 0.3866145 -0.6855624 0.7272085 -0.03423454 -0.1993544 0.2943531 0.9346732 0.6225974 0.7276787 -0.2878476 0.4125129 0.3415471 -0.8444991 0.2871256 0.7548177 -0.5897534 -0.1328441 0.7176324 -0.6836345 -0.4870008 0.7548386 -0.4393733 -0.6986563 0.3415756 -0.6286536 -0.1806624 0.3220108 -0.9293385 -0.6501853 0.2150662 0.7287013 -0.8964023 0.2270357 0.3806805 -0.9482537 0.3132709 -0.05173332 -0.9631275 0.2635605 -0.05404963 -0.7081511 0.2946332 -0.6416489 -0.1834395 0.2778607 -0.942944 0.4160616 0.2946853 -0.8602635 0.1850634 0.2403562 0.9528801 -0.2211837 0.2260527 0.9486717 -0.8769333 0.4474699 0.1753813 -0.4531343 0.8835123 0.1186398 -0.6255365 -0.7711314 0.1185767 -0.9822566 -0.02054717 0.186413 -0.625728 -0.7710865 0.1178561 0.005287308 0.9996279 0.02675993 0.8824962 0.4428048 -0.1585065 0.4619776 0.8852148 -0.05451145 0.4584558 0.8842464 -0.08903157 0.8788698 0.4460278 -0.1692547 0.9825846 -0.02603315 -0.1839831 0.6260814 -0.7701196 -0.1222203 0.9812324 -0.0328684 -0.1900069 0.6253587 -0.7712837 -0.1185243 0.6279643 -0.7646309 -0.144915 0.9823125 -0.02229944 -0.1859161 0.6253827 -0.7712616 -0.1185412 -0.0001421815 0.9999996 -0.0009315009 0.0002033498 0.9999995 0.0009671017 0.00139867 0.9999987 -0.0007875282 0.00260143 0.9999889 -0.003930231 -0.001408804 0.9999977 0.001621121 -0.002013138 0.9999934 0.003035995 -0.00152559 0.9999988 -0.0001966851 0.001901311 0.9999978 0.0009186835 -0.003790977 0.9999893 -0.002663148 -0.007735756 0.9999598 -0.004538057 0.002967888 0.9999936 0.001980612 0.005601625 0.9999584 -0.007196792 -0.6821777 -0.7311851 0.001389153 -0.6879433 -0.6606101 -0.3005466 -0.6383976 -0.7505461 0.1706722 -0.9120504 0.2519832 0.323525 -0.9582629 0.1421252 0.2480579 -0.9392238 -0.07725784 0.3344995 -0.6799213 0.5115106 0.5254178 -0.8116831 0.4905002 0.3171436 -0.8598242 0.1350392 0.4924091 -0.8148089 0.2566941 0.5198025 -0.9448107 0.2465292 0.2157685 -0.6530988 -0.04520771 0.7559221 -0.9659153 0.07890042 -0.2465408 -0.9480464 0.07173463 0.3099391 0.3706899 -0.1633518 0.9142785 0.4663763 -0.2838705 0.8378011 -0.8599598 0.4775986 0.179913 -0.898234 0.4059018 -0.1685804 -0.9499319 0.2172526 -0.224568 -0.9533735 0.1451107 -0.2646164 -0.2718266 0.8138656 0.5135495 -0.4440053 0.8742914 0.1961475 -0.5132794 0.854101 -0.08399788 -0.5871934 0.5795563 -0.5650827 -0.5979732 0.1374271 -0.7896467 -0.443239 -0.009539538 -0.8963527 -0.3421383 -0.01781504 -0.9394807 -0.2918425 0.04016808 -0.9556226 0.09712242 -0.5997484 -0.7942727 0.1619924 -0.4279828 -0.8891508 -0.2695981 0.5968953 -0.7556672 0.4931494 -0.8437216 -0.2119847 -0.07639916 0.001631372 -0.997076 0.5337412 -0.2656139 -0.8028509 0.4541241 0.4059223 -0.7930942 0.4918318 -0.002945776 -0.8706852 -0.003823415 0.5747387 -0.818328 0.4542475 -0.4521985 -0.7675778 -0.116502 0.9512707 -0.2855019 0.2223556 0.8970548 -0.3819039 0.7130932 0.5291966 -0.4598359 0.8801072 -0.00612217 -0.4747355 0.6820213 -0.6079924 -0.4064386 0.2721952 -0.9240288 -0.2684782 0.9611372 -0.01674422 -0.2755629 0.8048204 0.5151976 -0.2946786 0.8600239 0.5030941 -0.08517747 0.7360968 -0.6143998 -0.2840323 0.9488898 -0.01371874 -0.3153094 0.1745721 -0.8794535 -0.4428162 0.2347771 -0.9604012 -0.1500307 0.7517646 -0.5242471 -0.4000187 -0.1306019 -0.6069826 -0.7839102 0.4358858 0.8707709 0.2275119 0.4561673 0.5780918 0.676551 0.8789002 0.3450075 0.3293998 0.99017 -0.002869624 -0.13984 0.3538472 0.1965527 0.9144174 0.7742705 0.1687931 0.6099296 0.6579103 -0.3913797 -0.6434097 0.9956629 -0.03650674 0.0855722 0.3590637 -0.3240458 -0.8752529 0.9783425 -0.1770456 -0.107242 -0.05688726 0.04329176 0.9974416 -0.2149556 -0.7389503 0.6385503 -0.354559 0.002435518 0.9350305 0.01058658 0.1385888 0.9902934 0.1346723 0.4321136 0.8917069 0.1613757 -0.05035937 0.9856073 0.823268 -0.2988436 0.4826202 -0.003866367 0.0826693 0.9965695 -0.4115941 0.1734321 0.8947131 -0.3643818 0.1115106 0.9245492 -0.8193237 -0.3766728 0.432234 -0.6015488 -0.05605088 0.7968672 0.7582651 -0.440346 -0.4807592 0.2505466 -0.8873849 -0.387007 -0.09147919 0.4532429 0.8866806 -0.4136241 0.3696725 0.83202 0.1122414 0.8956384 0.4303879 0.3084161 -0.0259021 0.9508988 0.3696885 -0.9024636 -0.2211105 0.2236206 -0.3524913 -0.9087044 -0.230868 -0.3137081 -0.9210251 -0.3011556 -0.3053438 -0.9033662 -0.7662525 -0.4286132 -0.4786938 -0.01357107 0.9997253 0.01911019 0.3408217 0.9308978 -0.1314151 0.9137051 -0.09578453 -0.3949283 0.3619812 -0.1322395 -0.922758 0.3445632 -0.05318016 -0.9372556 0.8750962 -0.08087777 0.4771429 0.9260167 -0.1345578 -0.3526858 -0.2059589 -0.7105944 -0.6727827 -0.3124543 -0.1956249 -0.9295715 -0.3284818 -0.03168922 -0.9439785 0.86813 -0.1547921 0.4715821 0.7135749 -0.5856 0.3845562 0.6729084 -0.6983092 -0.2440462 0.3026664 -0.5634339 -0.7687232 0.3149209 -0.02613692 0.948758 0.3132554 -0.1976219 0.9288793 0.2308671 -0.7215698 0.6527154 0.01458913 -0.9998751 -0.006082723 -0.3483163 -0.0451154 -0.9362907 -0.2991199 -0.3287725 -0.8957879 -0.9716938 -0.02951776 -0.2343925 -0.1503018 -0.8103148 -0.5663915 -0.8969084 -0.2601664 -0.3575874 0.6064852 -0.04631648 -0.7937446 0.5777981 -0.1396162 -0.8041497 -0.9468938 -0.0200298 0.3209219 -0.482134 -0.798772 -0.3598751 0.9472168 -0.01836307 -0.3200675 0.5084267 -0.5834416 -0.6333232 0.73494 -0.6305774 -0.24947 0.02501614 -0.999651 -0.008491306 -0.2764912 -0.9564225 0.09385441 0.865645 -0.3894038 0.3146798 0.8733209 -0.425129 -0.2378572 -0.9011218 -0.05461521 -0.4301123 -0.924969 0.06866986 0.3737871 -0.371944 0.06034556 0.9262916 0.7897878 -0.5811353 0.1962576 0.2402819 -0.8130818 0.5302476 -0.1975251 -0.8145872 0.5453729 0.3183502 -0.3081517 0.8964908 -0.5081124 -0.2374556 0.827911 0.9644087 -0.04870478 0.2598916 0.3057352 -0.05022259 0.9507911 -0.6304208 -0.04581354 0.7749005 0.9492739 -0.1348864 0.2840506 0.9474308 -0.0462848 -0.3165953 -0.9453949 -0.05798368 0.3207278 -0.8448163 -0.4512754 0.2874646 -0.9007751 -0.4197917 0.1112618 -0.8935631 -0.432914 0.1188717 -0.7814652 -0.4309292 0.4512341 -0.7825911 -0.416801 0.4624156 -0.8380755 -0.4655124 0.2844779 -0.04722128 -0.7006529 0.7119379 -0.257843 -0.9621499 0.08823004 -0.4728202 -0.70102 -0.5338652 -0.8858634 -0.03653252 -0.4625057 -0.7992512 -0.1472751 -0.5826728 -0.9390217 -0.01361076 0.3435883 -0.2641357 -0.1420822 0.9539628 -0.3914714 -0.007267529 0.9201616 -0.9411339 -0.05745325 0.3331159 -0.9107105 -0.4049453 -0.08139817 -0.8989794 -0.435103 -0.05021329 -0.8399666 -0.458041 0.2909546 -0.6740066 -0.4304177 0.6003796 -0.6631009 -0.3977543 0.6341046 -0.8255129 -0.4852435 0.2882138 0.325904 0.05822295 0.9436083 0.7346745 -0.02312757 0.6780254 -0.1301523 0.02679561 0.9911319 0.7946217 -0.1768061 0.580789 0.3236763 -0.08134302 0.9426648 0.9055346 -0.3258212 -0.2717491 -0.2744787 -0.1576781 0.9485774 -0.2891154 -0.4934612 0.8203099 -0.7196047 -0.5339839 -0.4438809 -0.2532496 -0.6138744 -0.7476783 -0.664125 -0.7126269 0.2260551 6.365118e-07 -1 -1.283732e-06 0.2606267 -0.5822329 0.770116 0.300521 -0.5287664 -0.7937841 0.663184 -0.7140124 -0.2244399 0.7263122 -0.4979895 0.4737901 -0.309348 -0.09674256 -0.9460152 0.912395 0.251983 0.3225522 0.9585266 0.1421254 0.2470367 0.9450401 0.2465292 0.2147615 0.6804818 0.511511 0.5246913 0.8153626 0.2566939 0.5189336 0.8603496 0.1350388 0.4914907 0.9395804 -0.07725722 0.3334966 0.9483761 0.07173414 0.3089286 0.9656519 0.07890113 -0.2475704 0.6539048 -0.0452074 0.755225 0.953091 0.1451109 -0.2656322 0.9496921 0.2172527 -0.2255795 0.8120205 0.4905009 0.3162776 -0.3697138 -0.1633523 0.9146736 0.3411373 -0.01781507 -0.9398447 0.442284 -0.009539836 -0.8968243 0.597131 0.1374268 -0.7902838 0.8980544 0.4059011 -0.1695365 0.5865914 0.5795558 -0.5657081 0.5131894 0.8541013 -0.08454391 0.8601515 0.4775975 0.1789971 0.4442147 0.874291 0.1956743 0.2723743 0.8138664 0.5132579 0.2908233 0.04016833 -0.9559332 -0.09796882 -0.599749 -0.7941683 0.0753358 0.001630765 -0.9971569 -0.4933749 -0.8437216 -0.2114594 -0.27248 -0.9240293 -0.2681876 -0.1629408 -0.4279833 -0.8889773 -0.455066 -0.4521983 -0.7670929 -0.4927595 -0.002946098 -0.8701605 0.2687913 0.5968954 -0.7559544 -0.6824541 -0.6079924 -0.4057113 -0.4549691 0.4059222 -0.7926098 -0.8806125 -0.006122142 -0.4737976 -0.713583 0.5291965 -0.4590756 0.002951855 0.5747382 -0.818332 -0.2227625 0.8970547 -0.3816671 0.1161966 0.9512708 -0.2856259 -0.9614306 -0.01674413 -0.2745375 -0.9492254 -0.0137186 -0.3142975 -0.7363992 -0.6144 -0.2832471 -0.8051342 0.5151976 -0.2938203 -0.7521902 -0.5242477 -0.399217 -0.1750435 -0.8794536 -0.4426299 0.129767 -0.6069819 -0.7840495 -0.658595 -0.3913797 -0.6427087 -0.9903185 -0.002869543 -0.1387842 -0.7736197 0.1687934 0.6107547 -0.8785491 0.3450066 0.330336 -0.9955712 -0.03650643 0.08663294 -0.359996 -0.3240461 -0.8748697 -0.9784563 -0.177045 -0.1061993 -0.8601144 0.5030938 -0.08426103 -0.3528724 0.1965526 0.914794 -0.455445 0.5780926 0.6770367 -0.4356429 0.870771 0.2279762 0.05795069 0.04329152 0.9973803 -0.1603254 -0.05035922 0.9857787 0.004928712 0.08266916 0.9965649 -0.009530753 0.1385889 0.9903041 0.3555566 0.002434984 0.9346516 -0.8227529 -0.2988434 0.4834981 -0.3074017 -0.02590204 0.9512273 0.3653667 0.1115103 0.9241605 0.4125469 0.1734316 0.8942743 0.215638 -0.7389516 0.6383188 0.414512 0.369672 0.8315783 -0.1337215 0.4321127 0.8918504 -0.7587776 -0.440345 -0.4799509 0.6023992 -0.05605163 0.7962244 0.8197837 -0.3766721 0.4313617 0.7657418 -0.4286135 -0.4795102 0.3729298 0.06034588 0.9258951 0.09242421 0.4532439 0.886582 -0.1117828 0.8956385 0.4305071 -0.2349369 -0.9604014 -0.1497793 -0.3699238 -0.9024637 -0.2207165 -0.2509604 -0.8873841 -0.3867406 -0.8653092 -0.3894037 0.3156022 -0.2245889 -0.3524927 -0.908465 0.2298854 -0.3137073 -0.9212711 0.3001922 -0.3053441 -0.9036867 0.01359244 0.9997253 0.01909587 -0.3409617 0.9308977 -0.1310517 -0.9141259 -0.09578387 -0.3939534 -0.3629637 -0.1322396 -0.9223719 -0.9263919 -0.1345588 -0.3516987 0.2052413 -0.7105923 -0.6730041 -0.3034845 -0.5634343 -0.7684002 -0.3455625 -0.05318009 -0.9368876 -0.8745867 -0.08087746 0.4780763 -0.6731672 -0.6983103 -0.2433281 -0.7131637 -0.5856011 0.3853165 0.3114625 -0.1956257 -0.9299041 -0.01459731 -0.999875 -0.006069359 -0.867626 -0.1547946 0.4725079 -0.3139089 -0.02613715 0.9490933 -0.3122635 -0.1976221 0.9292131 -0.2301712 -0.7215694 0.6529615 -0.5345962 -0.265614 -0.8022818 0.3473165 -0.04511454 -0.9366621 0.9714436 -0.02951873 -0.2354273 0.2981657 -0.3287756 -0.8961048 0.8965262 -0.260169 -0.3585426 0.9472351 -0.02003028 0.3199131 -0.6073306 -0.04631614 -0.7930979 0.4817432 -0.7987726 -0.3603968 0.1496961 -0.8103134 -0.5665539 -0.5786543 -0.1396163 -0.8035338 -0.509099 -0.5834427 -0.6327819 -0.02502769 -0.9996509 -0.008465478 -0.7352059 -0.6305777 -0.2486847 -0.9475575 -0.01836307 -0.3190575 -0.8735744 -0.4251272 -0.2369275 0.9253662 0.06867035 0.3728025 0.9006627 -0.0546147 -0.4310731 -0.2397203 -0.8130819 0.5305017 -0.7895793 -0.581134 0.1970987 0.2765863 -0.956424 0.09355811 0.1981032 -0.8145884 0.5451613 -0.3173942 -0.3081521 0.8968295 -0.9489705 -0.1348868 0.2850622 0.6312461 -0.04581335 0.7742283 -0.3047224 -0.05022262 0.9511162 -0.9641311 -0.04870517 0.2609195 -0.9477676 -0.04628526 -0.3155856 0.5089955 -0.237454 0.8273688 0.9457366 -0.05798426 0.3197189 0.7819479 -0.4309261 0.4504 0.8451248 -0.4512702 0.2865645 0.7830856 -0.416799 0.4615794 0.8383811 -0.4655067 0.2835855 0.8936917 -0.4329088 0.1179202 0.9008954 -0.4197866 0.1103026 0.4722464 -0.7010206 -0.534372 0.2579314 -0.9621516 0.08795258 0.04797877 -0.7006527 0.7118875 0.7986283 -0.1472764 -0.583526 0.3274751 -0.03168933 -0.9443283 0.8853689 -0.03653171 -0.4634515 0.9393873 -0.0136099 0.3425876 0.9414879 -0.05745558 0.3321135 0.2651515 -0.1420833 0.9536808 0.3924508 -0.007267766 0.9197443 0.6746441 -0.4304145 0.5996655 0.840276 -0.4580408 0.2900602 0.6637745 -0.3977522 0.6334008 0.825822 -0.4852403 0.2873323 0.8989248 -0.4351036 -0.05117602 0.9106205 -0.4049518 -0.08236746 -0.3248981 0.05822284 0.9439551 -0.7940017 -0.1768077 0.5816359 -0.322671 -0.08134331 0.9430094 -0.7339516 -0.02312751 0.6788079 0.1312104 0.0267949 0.9909924 0.275489 -0.1576775 0.9482846 -0.9058239 -0.3258214 -0.270783 0.2899897 -0.4934608 0.8200015 0.6643657 -0.7126267 0.2253473 0.7191313 -0.533983 -0.4446486 1.217194e-06 -1 2.501005e-08 -0.2598083 -0.5822303 0.7703944 -0.3013627 -0.5287657 -0.7934654 0.2524526 -0.6138747 -0.7479476 -0.7258043 -0.4979884 0.4745689 -0.6634221 -0.7140141 -0.2237296 0.3083392 -0.09674149 -0.9463445 -0.4654828 -0.2838724 0.8382972 -0.1055764 0.9586399 0.2643163 0.1055787 0.9535952 -0.2819739 -0.2295402 0.9627065 -0.1432047 -0.3427532 0.5277003 0.7772082 0.01293984 0.7449587 0.6669851 0.2616382 0.9594981 0.1044455 0.317666 0.8974768 -0.3059799 0.1134361 0.6066155 -0.7868607 -0.7256262 0.5547862 -0.4070367 -0.7067045 0.6996764 0.1049848 -0.08043655 0.639905 -0.7642327 -0.5876838 0.6777059 0.4419756 0.2652945 0.8939151 0.3612958 0.4526319 0.8915038 0.01858402 -0.967448 0.177337 0.1805433 -0.8011622 -0.1726105 0.5730138 -0.8011619 0.1831637 0.5697286 -0.8685288 0.1374767 -0.4761911 -0.8685291 -0.1462447 -0.4735713 -0.9674481 -0.1739724 0.1837876 -0.3851736 -0.1295056 0.913712 -0.3851735 0.1463556 0.9111649 -0.5876839 -0.6694278 0.4544162 -0.7256241 -0.5622111 -0.396722 -0.7067023 -0.6976201 0.1178899 -0.1273264 0.1400874 -0.9819183 0.04237 -0.1202923 -0.9918339 -0.1273265 -0.1581964 -0.9791638 -0.4232737 -0.1611575 -0.8915535 -0.4232742 0.1446651 -0.8943774 0.04237007 0.1019553 -0.9938863 -0.3409154 -0.6674568 -0.6620258 0.1134359 -0.6210424 -0.7755247 -0.08043941 -0.6539078 -0.7522859 -0.3427532 -0.5132566 0.7868214 -0.0264938 -0.1192173 0.9925146 -0.105577 -0.9535949 0.2819757 0.01293891 -0.7325143 0.6806287 0.1055763 -0.9586399 -0.2643164 0.2616403 -0.9574049 0.1221486 0.2652981 -0.8870877 0.3777464 -0.2295403 -0.9651867 -0.1254033 -0.02649352 0.1375238 0.9901441 -0.3409187 0.6551198 -0.6742348 0.4200993 -0.858677 0.293582 0.317668 -0.9029734 -0.2893545 0.4563045 -0.8730624 -0.1718958 0.1055764 0.9586399 0.2643163 0.2295402 0.9627064 -0.1432048 -0.1055787 0.9535952 -0.2819739 -0.2616382 0.9594981 0.1044455 -0.01293984 0.7449587 0.6669851 0.3427532 0.5277003 0.7772082 0.0804367 0.6399049 -0.7642327 0.5876842 0.6777055 0.4419756 0.7067045 0.6996764 0.1049848 0.725626 0.5547863 -0.407037 0.3409181 0.6551198 -0.674235 -0.1134361 0.6066155 -0.7868608 -0.3176659 0.8974768 -0.30598 -0.2652945 0.8939151 0.3612958 -0.4526319 0.8915038 0.01858399 0.967448 0.177337 0.1805433 0.8011622 0.1831631 0.5697283 0.8011625 -0.1726099 0.5730135 0.8685291 -0.1462447 -0.4735713 0.8685288 0.1374767 -0.4761911 0.9674482 -0.1739718 0.1837876 0.3851741 -0.1295055 0.9137118 0.7067029 -0.6976196 0.1178893 0.7256237 -0.562211 -0.3967229 0.5876842 -0.6694275 0.4544162 0.4232741 0.1446653 -0.8943774 0.4232736 -0.1611577 -0.8915535 0.1273264 0.1400875 -0.9819183 0.3409149 -0.6674569 -0.662026 -0.04237 -0.120292 -0.991834 -0.04237007 0.1019553 -0.9938863 0.1273266 -0.1581964 -0.9791638 0.08043974 -0.6539078 -0.7522858 -0.1134357 -0.6210424 -0.7755248 0.3427532 -0.5132567 0.7868213 -0.01293883 -0.7325144 0.6806286 0.105577 -0.9535949 0.2819756 -0.2616403 -0.9574049 0.1221486 0.2295401 -0.9651867 -0.1254036 -0.1055762 -0.9586399 -0.2643163 0.0264938 -0.1192173 0.9925146 0.02649352 0.1375238 0.9901441 0.385174 0.1463555 0.9111647 -0.2652981 -0.8870877 0.3777464 -0.4200993 -0.858677 0.293582 -0.317668 -0.9029735 -0.2893544 -0.4563046 -0.8730624 -0.1718958 0.02496761 0.9996883 3.054116e-06 0.02495614 0.9996885 -1.699017e-06 -0.009771492 0.9999045 -0.009771643 -0.00708025 0.9999308 -0.009400269 -0.009657762 0.9999067 -0.009657914 -0.007253348 0.9999474 -0.00725326 -0.003558832 0.9999543 -0.008871137 -0.003657551 0.9999543 -0.008830273 -0.008872443 0.9999543 -0.00355961 -0.008904892 0.9999543 -0.003481307 -0.008831539 0.9999543 -0.003658316 0.009771481 0.9999045 -0.009771655 0.009400107 0.9999308 -0.007080414 0.009657748 0.9999067 -0.009657922 0.007253101 0.9999474 -0.007253512 0.008870973 0.9999543 -0.003559 0.008830107 0.9999543 -0.003657723 0.003559442 0.9999543 -0.008872613 0.003481139 0.9999543 -0.008905062 0.003658146 0.9999543 -0.00883171 1.04017e-08 0.9996884 -0.02496152 3.207323e-06 0.9996883 -0.02496774 -1.509492e-06 0.9996885 -0.02495636 1.543453e-06 0.9996881 -0.02497577 0.3415847 -0.8755799 0.3415842 -0.3415847 -0.8755799 0.3415842 -0.3415844 -0.8755793 -0.3415861 0.3415844 -0.8755793 -0.3415861 0.8755776 -0.3415874 -0.3415873 0.8755783 -0.3415876 0.3415853 0.3415862 -0.3415879 0.8755778 -0.8755783 -0.3415876 0.3415853 -0.3415844 -0.3415864 -0.8755792 0.3415844 -0.3415864 -0.8755792 -0.3626211 0.3303757 0.8714114 0.318503 0.3495874 0.8811041 -0.3415862 -0.3415879 0.8755778 -0.3999351 0.8514707 0.3391897 0.8649533 0.3642167 0.3452564 -0.8849269 0.3191501 0.3391868 0.3185012 0.3495851 -0.8811057 0.8649526 0.3642162 -0.3452587 0.2823246 0.8950364 -0.3452574 0.2823248 0.8950372 0.345255 -0.3999348 0.8514698 -0.3391921 -0.8849261 0.3191497 -0.3391891 -0.3626192 0.3303737 -0.871413 -0.8755776 -0.3415874 -0.3415873 -0.3415844 -0.8755793 -0.3415861 0.3415844 -0.3415864 -0.8755792 0.3415844 -0.8755793 -0.3415861 -0.8755776 -0.3415874 -0.3415873 -0.3415844 -0.3415864 -0.8755792 -0.3415847 -0.8755799 0.3415842 -0.3415862 -0.3415879 0.8755778 -0.8755783 -0.3415876 0.3415853 0.3415847 -0.8755799 0.3415842 0.8755783 -0.3415876 0.3415853 0.3626211 0.3303757 0.8714114 0.3415862 -0.3415879 0.8755778 0.8849269 0.3191501 0.3391868 -0.318503 0.3495874 0.8811041 0.3999351 0.8514707 0.3391897 -0.2823248 0.8950372 0.345255 -0.8649526 0.3642162 -0.3452587 -0.2823246 0.8950364 -0.3452574 -0.3185012 0.3495851 -0.8811057 -0.8649533 0.3642167 0.3452564 0.3999348 0.8514698 -0.3391921 0.8849261 0.3191497 -0.3391891 0.3626192 0.3303737 -0.871413 0.8755776 -0.3415874 -0.3415873 -0.4505394 0.6375463 -0.6249392 4.900755e-09 1 -7.036266e-08 0.2165965 0.8660251 -0.4506511 -0.8994795 0.06354344 -0.4323179 -0.6099886 0.7361793 -0.293179 -0.7694437 0.6375485 0.03857922 -0.2165946 0.8660255 0.4506514 0.4505379 0.6375474 0.6249391 0.6099888 0.7361792 0.293179 0.7694449 0.6375471 -0.03857787 0.8861722 0.3680879 -0.2814429 0.3751575 0.4999983 -0.7805501 -0.3338103 0.3680878 -0.867803 -0.9132426 0.05502513 -0.4036833 -0.8127702 -0.5823178 -0.01762249 -0.6671331 -0.6723987 -0.3206454 -0.8857178 0.05502453 -0.4609515 -0.9193867 -0.3362001 0.2041998 -0.8756415 0.03177151 -0.4819156 -0.3751555 -0.499998 0.7805513 -0.2165969 -0.8660248 0.4506516 0.2165976 -0.8660251 -0.4506507 -0.5214861 -0.5823212 -0.6236619 -2.756509e-15 -1 1.685874e-07 0.6671333 -0.6723982 0.320646 0.5214875 -0.5823196 0.6236623 0.414876 -0.3361999 0.8454866 0.9233189 0.03177161 0.3827177 0.9132422 0.05502497 0.4036841 0.8994797 0.06354355 0.4323176 0.8857179 0.05502554 0.4609511 0.812769 -0.5823196 0.01761973 0.4331939 -5.91862e-07 -0.9013007 -0.2910864 -3.633101e-07 -0.9566968 0.9288983 -6.64401e-07 -0.370335 -0.8719527 1.720361e-08 -0.4895902 -0.9584109 8.841795e-07 0.2853918 -0.4331911 1.296464e-06 0.9013021 0.3758516 5.808433e-07 0.9266799 0.9270066 -2.111604e-07 0.375045 -0.3338134 -0.368087 -0.8678022 -0.8756417 -0.03177028 -0.4819151 0.3751554 -0.5000009 -0.7805495 -0.9193859 0.3362013 0.2042016 -0.3751552 0.5000001 0.7805501 0.4148725 0.3362022 0.8454874 0.9233184 -0.0317711 0.3827188 0.8861725 -0.368088 -0.2814417 0.216597 -0.8660242 -0.4506527 -0.4505371 -0.6375481 -0.624939 -0.8857179 -0.05502493 -0.4609513 -0.8127696 0.5823186 -0.01762211 -0.2165964 0.8660255 0.4506505 0.5214893 0.582318 0.6236623 0.9132426 -0.05502728 0.4036831 0.7694433 -0.6375489 -0.03858003 1.909797e-07 -1 3.268854e-07 -0.6099915 -0.7361765 -0.29318 -0.8994798 -0.06354294 -0.4323175 -0.6671318 0.6724003 -0.3206446 2.343552e-07 1 -2.68403e-07 0.6671323 0.6723998 0.3206446 0.8994799 -0.06354283 0.4323172 0.6099919 -0.736176 0.2931804 0.4505337 -0.6375502 0.6249393 -0.2165981 -0.8660241 0.4506524 -0.7694432 -0.6375491 0.03857999 -0.9132428 -0.05502651 -0.4036826 -0.5214869 0.5823205 -0.623662 0.2165972 0.8660255 -0.4506501 0.8127714 0.5823161 0.0176247 0.8857154 -0.05503372 0.4609551 -0.9233181 -0.03177052 -0.3827197 -0.8861732 -0.3680872 0.2814406 -0.375155 -0.5000007 0.7805498 0.3338106 -0.3680883 0.8678027 -0.4148738 0.3362009 -0.8454872 0.3751556 0.4999999 -0.78055 0.9193863 0.3362005 -0.2042011 0.875641 -0.03177218 0.4819163 0.2910884 -2.45791e-07 0.9566962 -0.4331939 -2.150121e-07 0.9013008 -0.9288987 -3.760679e-07 0.3703339 -0.9270057 -1.784154e-07 -0.3750474 -0.3758506 6.79855e-07 -0.9266803 0.4331936 1.015326e-06 -0.9013009 0.958411 7.879709e-07 -0.2853917 -0.3751559 0.4999989 0.7805505 -0.8861723 0.3680882 0.2814422 -0.9233181 0.03177068 -0.3827196 -0.4148754 -0.3362003 -0.8454867 0.9193864 -0.336201 -0.2041995 0.3751561 -0.499998 -0.7805511 0.8719548 6.197148e-09 0.4895864 0.8756405 0.03177248 0.4819173 0.3338089 0.3680889 0.8678031 -0.769366 0.6375463 0.04013299 -0.5768917 0.736179 0.3538877 -3.654589e-07 1 1.221065e-07 -0.8672871 0.05502517 0.4947579 -0.8506752 0.06354345 0.5218371 0.7693648 0.6375478 -0.04013183 0.5768922 0.7361785 -0.3538878 0.2614478 0.8660253 0.4261986 -0.3844244 0.6375464 0.667647 0.3844233 0.6375467 -0.6676473 -0.2614473 0.8660251 -0.4261993 0.2435234 0.3680882 -0.8973335 -0.4528397 0.4999985 -0.7381989 -0.9102635 0.3680885 -0.1895552 -0.6309354 -0.6723982 0.3870416 -0.8794501 0.03177269 0.4749296 -0.8067301 -0.5823185 0.1004577 -0.8340641 0.05502344 0.5489166 -0.2614483 -0.8660249 -0.426199 -0.4551327 -0.582318 0.6736171 -0.3264436 -0.3361998 0.8834049 0.45284 -0.499998 0.7381991 0.2614485 -0.866025 0.4261988 -6.683822e-07 -1 9.486692e-07 0.630936 -0.6723973 -0.3870422 0.4551322 -0.5823196 -0.673616 0.8672879 0.05502678 -0.4947562 0.8067298 -0.5823187 -0.1004584 0.9354233 -0.3362005 0.1093273 0.8219003 0.03177157 -0.5687446 0.8340639 0.05502385 -0.5489169 0.8506748 0.06354291 -0.5218378 -0.5228936 -1.816614e-07 -0.852398 -0.9618362 -9.221665e-08 -0.2736257 0.1919522 -4.166793e-07 -0.9814043 -0.8839014 -3.011659e-08 0.4676734 -0.279337 9.979608e-07 0.9601931 0.5228952 9.804315e-07 0.852397 0.982528 -1.036661e-07 0.1861147 0.8174492 -2.198763e-07 -0.5760007 -0.452839 -0.5000009 -0.7381978 -0.9102647 -0.3680871 -0.1895521 -0.8794493 -0.03177031 0.4749312 -0.3264417 0.3362009 0.8834052 0.4528406 0.5000006 0.738197 0.9354223 0.3362024 0.1093297 0.8219008 -0.03177095 -0.568744 0.2435252 -0.3680882 -0.897333 -0.2614478 -0.8660243 -0.4262006 -0.7693639 -0.6375491 0.04012938 -0.8672879 -0.05502646 0.4947563 -0.4551329 0.5823193 0.6736158 0.2614483 0.8660256 0.4261977 0.8067301 0.5823182 -0.1004589 0.834063 -0.05502727 -0.5489179 0.3844197 -0.6375492 -0.6676469 1.611506e-06 -1 -3.116645e-07 -0.5768949 -0.7361758 0.3538891 -0.8506751 -0.06354236 0.5218373 -0.630935 0.6723991 0.3870407 1.536314e-06 1 -2.097773e-06 0.6309348 0.6724007 -0.3870382 0.8506753 -0.06354298 -0.5218369 0.5768934 -0.7361768 -0.3538895 0.2614478 -0.8660241 0.4262011 -0.3844188 -0.6375501 0.6676466 0.7693627 -0.6375506 -0.04012759 -0.8340612 -0.05503334 0.54892 -0.8067311 0.5823165 0.1004613 -0.261448 0.8660258 -0.4261975 0.4551355 0.5823142 -0.6736185 0.8672887 -0.05503474 -0.494754 -0.243525 -0.3680875 0.8973334 0.9102636 -0.3680884 0.1895552 0.4528377 -0.500001 0.7381985 -0.821901 -0.03176923 0.5687438 -0.4528393 0.5000004 -0.7381979 -0.935422 0.3362031 -0.1093303 0.3264402 0.3362019 -0.8834054 -0.1919528 -2.857345e-07 0.9814042 0.9618363 -6.667139e-07 0.2736255 0.5228936 -5.612337e-07 0.852398 -0.8174487 2.427247e-08 0.5760015 -0.9825283 8.046957e-07 -0.1861134 -0.522894 1.024371e-06 -0.8523977 0.279335 6.742094e-07 -0.9601937 0.8794496 -0.03177099 -0.4749305 -0.8219007 0.03177223 0.568744 0.4528397 0.4999987 0.7381988 -0.2435228 0.3680889 0.8973334 -0.935423 -0.3362006 -0.1093292 -0.4528404 -0.4999977 -0.738199 0.3264419 -0.3362011 -0.8834051 0.8839006 -1.878036e-07 -0.4676747 0.8794497 0.03177138 -0.4749302 0.9102635 0.3680885 0.1895551 -0.08670533 -0.920362 0.3813345 -0.2641984 -0.9574459 0.1161749 -0.1447929 -0.9829002 0.1137641 -0.01918636 -0.9902589 0.1379098 0.01513155 -0.950189 0.3113067 -0.07132839 -0.7405246 0.6682331 -0.2481322 -0.862319 0.4414028 -0.09373292 -0.9955808 -0.005753197 -0.409317 -0.9123774 0.005197658 -0.2597001 -0.9656879 -0.001640133 0.06041055 -0.5395194 0.8398032 -0.06050656 -0.5590533 0.826921 -0.1989344 -0.6274634 0.7528046 -0.3917857 -0.8616663 0.3225448 -0.05481145 -0.4122148 0.9094364 -0.3087855 -0.5810873 0.7529868 -0.1454721 -0.3670656 0.9187495 -0.2381487 -0.3547984 0.9041036 -0.4545147 -0.3529129 0.817844 -0.4139342 -0.5209984 0.7464711 -0.5206677 -0.7934457 0.3151968 -0.6640789 -0.6656103 0.3405322 -0.5578114 -0.8299244 0.008478782 -0.1600505 -0.0673266 0.9848101 -0.2850676 -0.08080259 0.9550955 -0.2498072 -0.2179131 0.9434565 -0.3085622 0.09795748 0.9461468 -0.1287326 -0.195504 0.9722171 -0.04218669 -0.2399512 0.9698679 -0.8483792 -0.5083286 0.1478338 -0.7114114 -0.7027548 0.00542392 -0.862855 -0.5054505 -0.0009651215 -0.7165171 -0.4453663 0.5368912 -0.8095296 -0.248861 0.5317236 -0.9579436 -0.2447277 0.149841 -0.5875311 -0.1185201 0.800475 -0.914662 -0.01087254 0.4040734 -0.9846396 -0.1745982 -0.0004771569 -0.6178896 0.1501172 0.7718014 -0.3998965 -0.09320465 0.911809 -0.04920523 0.2375763 0.9701218 -0.1357014 0.197974 0.9707685 -0.05172068 0.07063447 0.9961605 -0.06131958 0.4017088 0.9137122 -0.1749897 0.3676898 0.9133361 0.04759076 0.07438715 0.9960932 0.04659835 0.2451551 0.9683633 -0.1760286 0.074337 0.9815742 -0.2633183 0.2250086 0.9381016 -0.3405813 0.3858436 0.8573967 -0.4816354 0.3289373 0.8122977 -0.04614946 -0.06962892 0.9965049 -0.2794117 0.9537665 0.1107182 -0.4280795 0.9037298 0.004515525 -0.4036655 0.8632793 0.3029901 -0.2648832 0.859445 0.4372541 -0.148016 0.8990449 0.4120795 -0.1333381 0.9852067 0.1076505 -0.07382898 0.7357662 0.6731994 -0.01624042 0.9504401 0.3104833 -0.2775388 0.9607137 -0.00118517 -0.3708373 0.6279869 0.6841873 -0.2110785 0.6308916 0.7466068 0.07429418 0.7557847 0.650592 0.02509854 0.9593041 0.2812574 -0.06622167 0.5451222 0.8357371 -0.5365537 0.7878347 0.3023684 -0.2796805 0.47134 0.8364313 -0.8506219 0.1997484 0.4863569 -0.9383909 0.314205 0.1438673 -0.9793477 0.08060031 0.1854228 -0.734097 0.4592514 0.5001897 -0.8476581 0.5087145 0.1506161 -0.8577584 0.5140483 -0.002225823 -0.9744927 0.224261 -0.008421827 -0.7184165 0.6956132 0.0001056013 -0.4296307 0.1129603 0.8959115 -0.5812989 0.5887077 0.5617071 -0.7084882 0.6906056 0.1452874 -0.5709255 0.8209891 0.004579659 0.2565997 -0.9115816 0.3212095 0.2604786 -0.9654762 0.002552574 0.3795362 -0.8746754 0.3014882 0.1412914 -0.8943415 0.4244879 0.1295999 -0.9860995 0.1039787 0.07356191 -0.7347406 0.6743477 0.2185393 -0.6244194 0.749894 0.08829042 -0.9960939 -0.001356826 0.3321769 -0.6015273 0.7265145 0.4073608 -0.9132351 0.007674962 0.2356727 -0.3630911 0.9014562 0.147455 -0.3567172 0.922502 0.5314405 -0.784 0.3208035 0.5578758 -0.8298824 0.008351639 0.6586098 -0.6654665 0.3512654 0.4078554 -0.4736538 0.7805806 0.04422504 -0.3531385 0.9345252 0.2484719 -0.2200972 0.9433022 0.8465047 -0.1577741 0.5084654 0.9792398 -0.01540326 0.2021191 0.9183976 0.0706638 0.3892975 0.9476527 -0.2798007 0.1538373 0.8498356 -0.5040681 0.1539313 0.7204975 -0.4438183 0.5328308 0.8646003 -0.5024564 -0.001945752 0.6012137 -0.116108 0.790608 0.4700765 -0.3319003 0.8178449 0.411148 -0.08922026 0.9071918 0.6061667 0.1503156 0.7810039 0.4180792 0.1166223 0.9008934 0.2936503 -0.08184993 0.9524023 0.7114706 -0.7026963 0.005256358 0.04264231 -0.06937529 0.9966788 0.0802634 -0.195221 0.9774695 0.1660194 -0.0712063 0.9835483 0.1382311 0.9481472 0.2861977 0.2134821 0.6300486 0.7466353 0.2687581 0.8571096 0.4394682 0.06484113 0.5600147 0.8259414 0.2767592 0.9550413 0.1063034 0.1144107 0.993426 -0.003882434 -0.09907193 0.9950802 -0.0003018177 0.4166797 0.854286 0.3107627 0.05821342 0.4142788 0.9082865 0.1558461 0.3715155 0.9152531 0.3258561 0.5865383 0.7414786 0.3539531 0.9352556 -0.003755585 0.5480228 0.7783739 0.3062762 0.2531966 0.3619013 0.8971727 0.4717465 0.3665297 0.8019422 0.4324534 0.5273026 0.7313932 0.7166649 0.6974029 0.004527503 0.5612494 0.827636 0.004214297 0.6796183 0.6560466 0.32821 0.1687229 0.07525468 0.9827865 0.2996952 0.09700796 0.9490902 0.2643094 0.2282328 0.9370434 0.1374777 0.200282 0.9700449 0.8451059 0.516609 0.1375181 0.8137754 0.2816284 0.5083847 0.9491431 0.2820194 0.1399731 0.7244971 0.4557087 0.5171397 0.8561281 0.5167602 -0.00192205 0.9746165 0.2238791 -0.0009425707 0.9844852 -0.1752123 -0.009464578 0.08670465 -0.9203622 0.3813342 0.01918644 -0.9902589 0.1379098 0.1447918 -0.9829004 0.1137635 0.2641975 -0.9574461 0.1161749 0.2481317 -0.8623191 0.4414028 0.09373224 -0.9955808 -0.00575315 -0.01513158 -0.950189 0.3113067 -0.08829045 -0.9960938 -0.001356785 0.2596994 -0.9656881 -0.001640084 0.409317 -0.9123774 0.005197658 0.3917857 -0.8616663 0.3225448 0.07132822 -0.7405249 0.6682329 -0.0604105 -0.5395194 0.8398032 -0.07356174 -0.7347405 0.6743478 0.1989341 -0.6274634 0.7528047 0.06050625 -0.5590533 0.826921 0.3087855 -0.5810873 0.7529868 0.05481119 -0.4122147 0.9094365 0.5206677 -0.7934457 0.3151968 0.4545147 -0.3529129 0.817844 0.2381487 -0.3547984 0.9041036 0.4139342 -0.5209984 0.7464711 0.5578114 -0.8299244 0.008478782 0.6640789 -0.6656103 0.3405322 0.1600503 -0.06732655 0.9848101 0.04614917 -0.06962891 0.9965049 0.1287322 -0.195504 0.9722172 0.2498072 -0.2179131 0.9434565 0.2850676 -0.08080259 0.9550955 0.3085622 0.09795748 0.9461468 0.1760284 0.07433694 0.9815743 0.04218631 -0.2399511 0.9698679 0.1454718 -0.3670656 0.9187496 -0.04422501 -0.3531385 0.9345252 0.8483792 -0.5083286 0.1478338 0.8095296 -0.248861 0.5317236 0.7165171 -0.4453663 0.5368912 0.9579436 -0.2447277 0.149841 0.862855 -0.5054505 -0.0009651215 0.9846396 -0.1745982 -0.0004771569 0.914662 -0.01087254 0.4040734 0.5875311 -0.1185201 0.800475 0.7114114 -0.7027548 0.00542392 0.3998965 -0.09320465 0.911809 0.6178896 0.1501172 0.7718014 0.4296307 0.1129603 0.8959115 0.049205 0.2375762 0.9701218 0.05172031 0.07063439 0.9961605 0.135701 0.1979739 0.9707685 0.1749894 0.3676898 0.9133361 0.06131926 0.4017088 0.9137122 -0.04659837 0.2451552 0.9683633 -0.04759073 0.07438711 0.9960932 0.2633183 0.2250086 0.9381016 0.4816354 0.3289373 0.8122977 0.3405813 0.3858436 0.8573967 0.279411 0.9537667 0.1107183 0.1333374 0.9852068 0.1076505 0.1480152 0.8990451 0.4120794 0.2648826 0.8594452 0.4372541 0.4280795 0.9037298 0.004515525 0.2775378 0.960714 -0.001185263 0.09907076 0.9950803 -0.0003019312 0.01624043 0.9504401 0.3104833 0.07382861 0.7357662 0.6731994 0.4036655 0.8632793 0.3029901 0.211078 0.6308916 0.7466069 0.3708373 0.6279869 0.6841873 0.0662213 0.5451223 0.8357371 0.5365537 0.7878347 0.3023684 0.2796805 0.47134 0.8364313 -0.07429417 0.7557847 0.6505919 -0.06484138 0.5600147 0.8259414 0.8506219 0.1997484 0.4863569 0.8476581 0.5087145 0.1506161 0.734097 0.4592514 0.5001897 0.9793477 0.08060031 0.1854228 0.9383909 0.314205 0.1438673 0.9744927 0.224261 -0.008421827 0.7084882 0.6906056 0.1452874 0.5812989 0.5887077 0.5617071 -0.2565993 -0.9115818 0.3212094 -0.1295999 -0.9860996 0.1039784 -0.1412916 -0.8943416 0.4244878 -0.2604787 -0.9654762 0.002552507 -0.2185391 -0.6244195 0.749894 -0.3795363 -0.8746754 0.3014883 -0.332177 -0.601527 0.7265148 -0.4073607 -0.9132351 0.007674767 -0.1474547 -0.3567174 0.9225019 -0.2356727 -0.3630912 0.9014561 -0.5314407 -0.7839999 0.3208036 -0.5578755 -0.8298827 0.008351632 -0.4078558 -0.4736537 0.7805804 -0.2484723 -0.2200969 0.9433021 -0.6586101 -0.6654661 0.3512658 -0.8465057 -0.157774 0.5084638 -0.947653 -0.2797998 0.1538372 -0.8498353 -0.5040681 0.1539329 -0.7204965 -0.4438181 0.5328323 -0.9792402 -0.01540243 0.2021174 -0.9183979 0.0706636 0.3892967 -0.9746165 0.2238791 -0.0009420937 -0.9844852 -0.1752121 -0.009464339 -0.8646003 -0.5024564 -0.001945752 -0.7114706 -0.7026963 0.005256358 -0.6012142 -0.1161088 0.7906075 -0.6061672 0.1503154 0.7810035 -0.4700764 -0.3319002 0.817845 -0.411147 -0.08922066 0.9071923 -0.4180792 0.116622 0.9008935 -0.2936501 -0.08184972 0.9524024 -0.04264226 -0.06937525 0.9966788 -0.1687229 0.07525459 0.9827865 -0.1660193 -0.07120599 0.9835483 -0.08026353 -0.195221 0.9774694 -0.2996951 0.09700779 0.9490903 -0.1382313 0.9481471 0.2861977 -0.2687581 0.8571097 0.4394678 -0.02509855 0.9593041 0.2812574 -0.2134824 0.6300489 0.7466349 -0.1144107 0.993426 -0.003882449 -0.2767594 0.9550413 0.1063033 -0.4166797 0.854286 0.3107627 -0.05821332 0.4142787 0.9082865 -0.3258563 0.5865384 0.7414785 -0.1558464 0.3715157 0.915253 -0.3539526 0.9352558 -0.003755509 -0.5612496 0.8276359 0.004214706 -0.5480228 0.7783738 0.3062764 -0.4324535 0.5273037 0.7313924 -0.4717472 0.3665306 0.8019413 -0.2531966 0.3619014 0.8971727 -0.7166653 0.6974025 0.004527978 -0.6796183 0.656047 0.3282093 -0.1374779 0.200282 0.9700448 -0.2643092 0.228233 0.9370434 -0.8451057 0.5166094 0.1375179 -0.8561281 0.5167601 -0.00192162 -0.9491434 0.2820192 0.1399714 -0.8137765 0.2816286 0.5083829 -0.7244976 0.4557093 0.5171386 0.5709255 0.8209891 0.004579659 0.7184165 0.6956132 0.0001056013 0.8577584 0.5140483 -0.002225823</float_array>
          <technique_common>
            <accessor count="2344" source="#normals-array-array" stride="3">
              <param type="float" name="X" />
              <param type="float" name="Y" />
              <param type="float" name="Z" />
            </accessor>
          </technique_common>
        </source>
        <source id="texcoords-array">
          <float_array count="4688" id="texcoords-array-array">0.6008555 0.3190751 0.5739111 0.4046615 0.5656581 0.3981116 0.5215871 0.3162766 0.6007437 0.3162766 0.5570122 0.3981116 0.5214753 0.3190751 0.6036267 0.316155 0.6048069 0.416908 0.579413 0.416908 0.5802945 0.4197066 0.6036575 0.3190751 0.5186666 0.3161908 0.5482353 0.4050545 0.5175238 0.416908 0.5429953 0.416908 0.5428247 0.4197066 0.5174096 0.4197066 0.5186732 0.3190751 0.619175 0.416908 0.6152236 0.3190751 0.619175 0.416908 0.6190132 0.4197066 0.6190132 0.4197066 0.6149465 0.3190751 0.6152236 0.3190751 0.6148357 0.3162766 0.6148357 0.3162766 0.6145052 0.316155 0.6149465 0.3190751 0.6145066 0.3161908 0.5031558 0.416908 0.5071072 0.3190751 0.5071072 0.3190751 0.5073843 0.3190751 0.5034329 0.416908 0.5033175 0.4197066 0.5031558 0.416908 0.5078242 0.3161908 0.507495 0.3162766 0.507495 0.3162766 0.5078256 0.316155 0.5073843 0.3190751 0.6048069 0.416908 0.5214753 0.3190751 0.5175239 0.416908 0.6036575 0.3190751 0.6008555 0.3190751 0.6007437 0.3162766 0.5215871 0.3162766 0.518704 0.316155 0.6049212 0.4197066 0.5186732 0.3190751 0.6036642 0.3161908 0.5220331 0.305006 0.51923 0.305006 0.522043 0.3047304 0.522043 0.3047304 0.5165031 0.3058224 0.51923 0.305006 0.5191324 0.3053302 0.5163914 0.3070773 0.5163532 0.3062067 0.5220016 0.3058224 0.5190942 0.3062029 0.5165031 0.3058224 0.6002976 0.305006 0.6003292 0.3058224 0.5165136 0.3082485 0.5219495 0.3071479 0.5190684 0.3075034 0.5190185 0.3091278 0.516555 0.3096451 0.5217929 0.3111056 0.5189092 0.3110822 0.5218791 0.3089319 0.6003812 0.3071479 0.6004516 0.3089319 0.5141755 0.3082539 0.51393 0.3075173 0.5139671 0.3071479 0.5145307 0.3091587 0.5146952 0.3102701 0.5117193 0.3089319 0.5139671 0.3071479 0.5119084 0.3091401 0.5117193 0.3089319 0.5124068 0.309648 0.5130085 0.3102701 0.5135119 0.3107932 0.5147218 0.416908 0.5159786 0.3190751 0.5159501 0.3161864 0.5161232 0.3135219 0.518775 0.3134501 0.5216943 0.3135856 0.5120272 0.416908 0.5135998 0.3162117 0.5139626 0.3136898 0.5134951 0.3190751 0.5095436 0.416908 0.5116403 0.316226 0.5122461 0.3137863 0.5113179 0.3190751 0.5095309 0.3190751 0.5073665 0.416908 0.5055795 0.416908 0.5163831 0.3113558 0.5144283 0.3117459 0.5129418 0.311954 0.5108538 0.3136823 0.5100159 0.3161941 0.5118369 0.3117459 0.5087044 0.3161541 0.5088079 0.313442 0.5096818 0.3135087 0.5084199 0.3135856 0.5084199 0.3135856 0.5098463 0.3111056 0.5102038 0.311096 0.5109403 0.3113581 0.5098463 0.3111056 0.5082027 0.3190751 0.5042512 0.416908 0.5424159 0.4223976 0.5172994 0.4223976 0.5145167 0.4198283 0.5144013 0.4225413 0.5417847 0.4248776 0.5171977 0.4248775 0.5143302 0.4248872 0.5117721 0.4198291 0.5118157 0.4246252 0.5117358 0.4224745 0.5409553 0.4270513 0.5171083 0.4270513 0.5142641 0.426843 0.5118419 0.4263352 0.5399595 0.4288352 0.5170346 0.4288353 0.5095736 0.4223009 0.5094025 0.4197891 0.5098848 0.4242374 0.5100325 0.4257132 0.5078644 0.422197 0.5074464 0.4197572 0.5084152 0.4240292 0.5088915 0.42519 0.5097782 0.4268245 0.5058186 0.4197716 0.5064616 0.4222933 0.5072935 0.4242374 0.5083458 0.4257132 0.5141421 0.4309772 0.5114812 0.4301609 0.5114812 0.4301609 0.511354 0.4297802 0.5090582 0.4284798 0.5090522 0.4288353 0.5090522 0.4288353 0.5140707 0.4297765 0.5140346 0.430653 0.509352 0.4277347 0.5114576 0.4289058 0.5071661 0.4268553 0.5069485 0.4270513 0.5069485 0.4270513 0.5076967 0.4263382 0.5052511 0.4248775 0.5052511 0.4248775 0.5056211 0.424901 0.5169796 0.4301609 0.5116802 0.4277292 0.5141652 0.4284658 0.5376272 0.4309772 0.5169452 0.4309772 0.5063708 0.4246274 0.5388358 0.4301609 0.5033175 0.4197066 0.5036398 0.4197923 0.5040251 0.4223975 0.5045145 0.4197967 0.5040251 0.4223976 0.5044055 0.4225332 0.5052812 0.4224613 0.5220331 0.305006 0.5190964 0.3053302 0.6003292 0.3058224 0.6002976 0.305006 0.5220016 0.3058224 0.5163453 0.3062029 0.5163782 0.3070773 0.5190617 0.3062067 0.5139444 0.3075034 0.514178 0.3082485 0.5119212 0.3091278 0.51241 0.3096451 0.5102183 0.3110822 0.5219495 0.3071479 0.5165058 0.3082539 0.5190502 0.3075173 0.5145307 0.3091587 0.5130085 0.3102701 0.5190181 0.3091401 0.5218791 0.3089319 0.6004516 0.3089319 0.6003812 0.3071479 0.5165548 0.309648 0.5146952 0.3102701 0.5135119 0.3107932 0.5034329 0.416908 0.5096812 0.3135219 0.5088114 0.3134501 0.5082027 0.3190751 0.5086993 0.3161864 0.5042512 0.416908 0.5100013 0.3162117 0.510848 0.3136898 0.5095309 0.3190751 0.5055795 0.416908 0.511628 0.316226 0.5122431 0.3137863 0.5113179 0.3190751 0.5073665 0.416908 0.5095436 0.416908 0.5134951 0.3190751 0.5109458 0.3113558 0.5118369 0.3117459 0.5129418 0.311954 0.5139607 0.3136823 0.5135866 0.3161941 0.5144283 0.3117459 0.5159595 0.3161541 0.5147218 0.416908 0.5188077 0.313442 0.5161369 0.3135087 0.5216943 0.3135856 0.6006365 0.3135856 0.6005378 0.3111056 0.5217929 0.3111056 0.5189262 0.311096 0.5163905 0.3113581 0.5159786 0.3190751 0.5120272 0.416908 0.5169452 0.4309771 0.5169796 0.4301609 0.5141029 0.4297802 0.6053857 0.4309771 0.6053512 0.4301609 0.5844976 0.4312527 0.5141822 0.4284798 0.5113623 0.4297765 0.5140706 0.430653 0.5116876 0.4277347 0.5114708 0.4289058 0.5170346 0.4288353 0.5118418 0.4263382 0.5142636 0.4268553 0.6052961 0.4288353 0.5171083 0.4270513 0.6051331 0.4248775 0.5171977 0.4248775 0.6052225 0.4270513 0.514312 0.424901 0.5093499 0.4277292 0.5090449 0.4284658 0.5141421 0.4309771 0.5097782 0.4268245 0.5100325 0.4257132 0.511808 0.4246274 0.5076939 0.4263352 0.5071544 0.426843 0.5083458 0.4257132 0.5088915 0.42519 0.5098848 0.4242374 0.5056078 0.4248872 0.5063655 0.4246251 0.5072935 0.4242374 0.5174096 0.4197066 0.5144821 0.4197923 0.5172994 0.4223975 0.5117654 0.4197967 0.509417 0.4197716 0.5143692 0.4225332 0.5074586 0.4197572 0.5078674 0.422197 0.5058318 0.4197891 0.6050314 0.4223975 0.5117232 0.4224613 0.5095762 0.4222933 0.5084152 0.4240292 0.5064667 0.4223009 0.5036383 0.4198283 0.5044014 0.4225412 0.5052807 0.4224744 0.504517 0.419829 0.6031007 0.305006 0.6032344 0.3053302 0.6002878 0.3047304 0.6058276 0.3058224 0.6059855 0.3062029 0.6002878 0.3047304 0.6031007 0.305006 0.6058276 0.3058224 0.6083637 0.3071479 0.6083637 0.3071479 0.6083865 0.3075034 0.6106114 0.3089319 0.6104096 0.3091278 0.6099208 0.3096451 0.6106114 0.3089319 0.6124845 0.3111056 0.6121126 0.3110822 0.6032691 0.3062067 0.6059526 0.3070773 0.6081527 0.3082485 0.6078001 0.3091587 0.6093222 0.3102701 0.6032805 0.3075173 0.605825 0.3082539 0.6088189 0.3107932 0.6033127 0.3091401 0.605776 0.309648 0.6076356 0.3102701 0.6188979 0.416908 0.6126496 0.3135219 0.6135194 0.3134501 0.6141281 0.3190751 0.6136315 0.3161864 0.6139109 0.3135856 0.6139109 0.3135856 0.6123295 0.3162117 0.6180795 0.416908 0.6114827 0.3136898 0.6127999 0.3190751 0.6167513 0.416908 0.6107028 0.316226 0.6100877 0.3137863 0.6110129 0.3190751 0.6149643 0.416908 0.6127871 0.416908 0.6088358 0.3190751 0.611385 0.3113558 0.6104938 0.3117459 0.6093889 0.311954 0.6087441 0.3161941 0.6083701 0.3136823 0.6124845 0.3111056 0.6079025 0.3117459 0.607609 0.416908 0.6063713 0.3161541 0.603523 0.313442 0.6061939 0.3135087 0.6006365 0.3135856 0.6005378 0.3111056 0.6034046 0.311096 0.6059402 0.3113581 0.6063522 0.3190751 0.6103036 0.416908 0.6053857 0.4309772 0.6053512 0.4301609 0.6082278 0.4297802 0.6052961 0.4288353 0.6081486 0.4284798 0.5869219 0.4309772 0.5858741 0.4301609 0.6106432 0.4277347 0.6109686 0.4297765 0.6082601 0.430653 0.6080672 0.4268553 0.5847449 0.4288353 0.6052225 0.4270513 0.6104891 0.4263382 0.6080188 0.424901 0.5835779 0.4270513 0.6108497 0.4301609 0.61086 0.4289058 0.6129809 0.4277292 0.6132786 0.4288353 0.6108497 0.4301609 0.6081887 0.4309771 0.6132858 0.4284658 0.6125526 0.4268245 0.6122983 0.4257132 0.6105228 0.4246274 0.6132786 0.4288353 0.6151764 0.426843 0.6146369 0.4263352 0.613985 0.4257132 0.6134394 0.42519 0.612446 0.4242374 0.6153823 0.4270513 0.616723 0.4248872 0.6170797 0.4248775 0.6153823 0.4270513 0.6159653 0.4246252 0.6150373 0.4242374 0.6049212 0.4197066 0.581309 0.4223976 0.6078486 0.4197923 0.6050314 0.4223976 0.6105654 0.4197967 0.6079616 0.4225332 0.6129138 0.4197716 0.6148722 0.4197572 0.6144634 0.422197 0.616499 0.4197891 0.5824177 0.4248776 0.6051331 0.4248775 0.6106076 0.4224613 0.6127546 0.4222933 0.6139156 0.4240292 0.6158641 0.4223009 0.6186925 0.4198283 0.6183057 0.4223976 0.6179294 0.4225413 0.6178138 0.4198291 0.6170501 0.4224745 0.6183057 0.4223975 0.6170797 0.4248775 0.6031983 0.3053302 0.6032366 0.3062029 0.6059394 0.3070773 0.6032624 0.3075034 0.6058172 0.3082485 0.6033123 0.3091278 0.6057758 0.3096451 0.6034216 0.3110822 0.6059776 0.3062067 0.6081553 0.3082539 0.6078001 0.3091587 0.6076356 0.3102701 0.6084008 0.3075173 0.6104224 0.3091401 0.609924 0.309648 0.6093222 0.3102701 0.6088189 0.3107932 0.607609 0.416908 0.6063522 0.3190751 0.6063806 0.3161864 0.6062076 0.3135219 0.6035557 0.3134501 0.6087311 0.3162117 0.6103036 0.416908 0.6083681 0.3136898 0.6088358 0.3190751 0.6127871 0.416908 0.6106905 0.316226 0.6100847 0.3137863 0.6110129 0.3190751 0.6149643 0.416908 0.6127999 0.3190751 0.6167513 0.416908 0.6059478 0.3113558 0.6079025 0.3117459 0.6093889 0.311954 0.611477 0.3136823 0.6123149 0.3161941 0.6104938 0.3117459 0.6188979 0.416908 0.6136265 0.3161541 0.6135229 0.313442 0.612649 0.3135087 0.612127 0.311096 0.6113905 0.3113581 0.6141281 0.3190751 0.6180795 0.416908 0.6081887 0.4309772 0.6109768 0.4297802 0.6082601 0.4297765 0.6082962 0.430653 0.6132726 0.4284798 0.6151646 0.4268553 0.614634 0.4263382 0.6167096 0.424901 0.6108732 0.4289058 0.6129788 0.4277347 0.6125526 0.4268245 0.613985 0.4257132 0.6159599 0.4246274 0.6081656 0.4284658 0.6106506 0.4277292 0.6122983 0.4257132 0.6134393 0.42519 0.6150373 0.4242374 0.6080667 0.426843 0.6080006 0.4248872 0.6104889 0.4263352 0.6105151 0.4246251 0.612446 0.4242374 0.618691 0.4197923 0.6178163 0.4197967 0.6165122 0.4197716 0.6179253 0.4225332 0.6148844 0.4197572 0.6144664 0.422197 0.6129283 0.4197891 0.6170496 0.4224613 0.6158692 0.4222933 0.6139156 0.4240292 0.6127572 0.4223009 0.6078141 0.4198283 0.6079295 0.4225412 0.610595 0.4224744 0.6105587 0.419829 0.8159778 0.8919369 0.8124292 0.8877305 0.8127212 0.8889625 0.8236142 0.8919369 0.8332812 0.9055351 0.8164573 0.8877305 0.8409178 0.9055351 0.8193008 0.8889625 0.5169328 0.4312528 0.5150659 0.4310684 0.5169328 0.4312528 0.516386 0.4311988 0.6053897 0.4310684 0.605398 0.4312528 0.605398 0.4312528 0.8084648 0.9018306 0.8567116 0.9010142 0.8577595 0.9018306 0.8762355 0.9021062 0.7877703 0.9021062 0.8064037 0.7583259 0.8486659 0.794275 0.7844536 0.7964323 0.8280262 0.7583259 0.8624256 0.8922493 0.771349 0.8922496 0.8555825 0.8996886 0.8096734 0.9010143 0.8107972 0.8996886 0.8544154 0.8979047 0.8126222 0.895731 0.8532552 0.895731 0.8117929 0.8979047 0.8136622 0.89056 0.8502505 0.8877614 0.851132 0.89056 0.8138328 0.8877614 0.8132535 0.8932509 0.8521466 0.8932509 0.7798223 0.9372874 0.8420405 0.8021435 0.8420405 0.9372874 0.8420405 0.9441206 0.7798223 0.9441206 0.7766764 0.8021435 0.7798223 0.8021435 0.8420405 0.7953103 0.8452872 0.7950173 0.8451864 0.8021435 0.7765416 0.7950912 0.7798223 0.7953103 0.8561848 0.9372874 0.8558306 0.9441206 0.8558306 0.9441206 0.8558306 0.8021435 0.8561848 0.8021435 0.8561848 0.8021435 0.8561848 0.9372874 0.8558306 0.7953103 0.8554105 0.7950173 0.8558306 0.8021435 0.8554105 0.7950912 0.8558306 0.7953103 0.7798223 0.9680105 0.7798223 0.9680105 0.8420405 0.9680105 0.7766764 0.9672409 0.7766764 0.9672409 0.8420405 0.9680105 0.8451864 0.9672409 0.7798223 0.9672409 0.8420405 0.9672409 0.7656779 0.9372874 0.7656779 0.8021435 0.7656779 0.9372874 0.7660322 0.8021435 0.7656779 0.8021435 0.7660322 0.9441206 0.7660322 0.9441206 0.7660322 0.7953103 0.7664523 0.7950173 0.7660322 0.8021435 0.7660322 0.9372874 0.7664523 0.7950912 0.7660322 0.7953103 0.8420405 0.9372874 0.7798223 0.8021435 0.7798223 0.9372874 0.8451864 0.8021435 0.8420405 0.8021435 0.7798223 0.9441206 0.8420405 0.9441206 0.7798223 0.7953103 0.7765756 0.7950173 0.7766764 0.8021435 0.8453212 0.7950912 0.8420405 0.7953103 0.7798223 0.77219 0.7766764 0.77219 0.7798223 0.7714204 0.7736867 0.7744615 0.7766764 0.77219 0.7765756 0.7731023 0.7798223 0.7714204 0.7736867 0.7744615 0.7798223 0.7744615 0.776589 0.7754843 0.7798223 0.7781224 0.7766299 0.7789254 0.7735815 0.7754982 0.7739828 0.7806293 0.7737582 0.7777216 0.7798223 0.7829891 0.77662 0.7832259 0.7739795 0.784246 0.7798223 0.7888164 0.7765611 0.7885878 0.771004 0.7781224 0.771004 0.7781224 0.7715826 0.7806372 0.771113 0.7789563 0.7720903 0.7826557 0.7720903 0.7853487 0.7699176 0.7842504 0.7691331 0.783256 0.7687634 0.782989 0.7708504 0.7853487 0.7735797 0.7951204 0.7766764 0.9372874 0.7737498 0.7889716 0.8420405 0.7888164 0.7736867 0.8021435 0.7736867 0.9372874 0.7711269 0.7952092 0.7715846 0.7894593 0.771004 0.8021435 0.771004 0.9372874 0.7687634 0.9372874 0.7687634 0.8021435 0.7691473 0.7951877 0.7699212 0.7894523 0.767078 0.9372874 0.767078 0.8021435 0.7675553 0.7950597 0.7685789 0.7889536 0.7675489 0.7885838 0.767078 0.7888164 0.767078 0.7888164 0.7687634 0.782989 0.7765756 0.9444136 0.7737582 0.9504773 0.7735815 0.9443712 0.7798223 0.9506145 0.776589 0.9508471 0.7766299 0.9561749 0.7739828 0.9551805 0.7798223 0.9564418 0.7739795 0.9587937 0.77662 0.9604746 0.7798223 0.9613085 0.7798223 0.9649694 0.7765611 0.9639327 0.771113 0.9442433 0.7715826 0.9499786 0.7720903 0.9540823 0.7720903 0.9567752 0.7708504 0.9540823 0.7736867 0.9649694 0.7736867 0.9649694 0.7765416 0.9663286 0.7735797 0.9639468 0.7737498 0.9617093 0.771004 0.9613085 0.771004 0.9613085 0.7711269 0.9605055 0.7715846 0.9588016 0.7699212 0.9551849 0.7691473 0.9562051 0.7687634 0.9564418 0.7687634 0.9564418 0.767078 0.9506145 0.767078 0.9506145 0.7675553 0.9508432 0.7685789 0.9504593 0.7699176 0.9499716 0.7664523 0.9443397 0.7675489 0.9443107 0.7691331 0.9442217 0.7798223 0.77219 0.7765416 0.7731023 0.7735797 0.7754843 0.7798223 0.7744615 0.7765611 0.7754982 0.7715846 0.7806293 0.7737498 0.7777216 0.7711269 0.7789254 0.7699212 0.7842458 0.7691473 0.7832258 0.7675553 0.7885878 0.8420405 0.7781224 0.8420405 0.7744615 0.7739795 0.7806372 0.77662 0.7789563 0.7798223 0.7781224 0.7720903 0.7826557 0.7708504 0.7853487 0.7739828 0.7842504 0.7766299 0.783256 0.7798223 0.782989 0.7720903 0.7853487 0.7660322 0.9372874 0.7675489 0.7951204 0.7685789 0.7889716 0.767078 0.8021435 0.7691331 0.7952091 0.767078 0.9372874 0.7699176 0.7894593 0.7687634 0.8021435 0.771113 0.7951877 0.7687634 0.9372874 0.771004 0.9372874 0.7715826 0.7894523 0.771004 0.8021435 0.7736867 0.8021435 0.7736867 0.9372874 0.7735815 0.7950597 0.7737582 0.7889534 0.7766764 0.9372874 0.776589 0.7885838 0.7798223 0.7888164 0.8420405 0.7888164 0.8420405 0.782989 0.7798223 0.9672409 0.7765756 0.9663286 0.7737582 0.9617093 0.7735815 0.9639327 0.7798223 0.9649694 0.776589 0.9639466 0.7766299 0.9605055 0.7739828 0.9588016 0.7798223 0.9613085 0.7739795 0.9551849 0.8420405 0.9613085 0.8420405 0.9564418 0.77662 0.9562051 0.7798223 0.9564418 0.7798223 0.9506145 0.7765611 0.9508431 0.8420405 0.9506145 0.771113 0.9604746 0.7715826 0.9587935 0.7720903 0.9567752 0.7720903 0.9540822 0.7737498 0.9504593 0.7691331 0.9561749 0.7699176 0.9551805 0.7708504 0.9540822 0.7715846 0.9499716 0.7765416 0.9443397 0.7735797 0.9443105 0.7711269 0.9442217 0.7691473 0.9442433 0.7699212 0.9499786 0.7675553 0.9443712 0.7685789 0.9504773 0.7664523 0.9444134 0.7675489 0.9508471 0.8420405 0.77219 0.8420405 0.7714204 0.8451864 0.77219 0.8453212 0.7731023 0.8420405 0.7714204 0.8451864 0.77219 0.8481761 0.7744615 0.8420405 0.7744615 0.8481761 0.7744615 0.8482831 0.7754843 0.8508588 0.7781224 0.850736 0.7789254 0.8453017 0.7754982 0.8508588 0.7781224 0.8530993 0.782989 0.8527154 0.7832259 0.8519416 0.784246 0.8530993 0.782989 0.8547847 0.7888164 0.8543075 0.7885878 0.8481129 0.7777216 0.8420405 0.7781224 0.8502781 0.7806293 0.8497725 0.7826557 0.8510123 0.7853487 0.8452427 0.7789563 0.84788 0.7842504 0.8452329 0.783256 0.8478832 0.7806372 0.8497725 0.7853487 0.8543139 0.7951204 0.8558306 0.9372874 0.8532839 0.7889716 0.8547847 0.7888164 0.8547847 0.8021435 0.8527297 0.7952092 0.8547847 0.9372874 0.8519452 0.7894593 0.8530993 0.8021435 0.8507499 0.7951877 0.8530993 0.9372874 0.8508588 0.9372874 0.8502802 0.7894523 0.8508588 0.8021435 0.8481761 0.9372874 0.8481761 0.8021435 0.8482813 0.7950597 0.8481046 0.7889536 0.8451864 0.9372874 0.8452739 0.7885838 0.8420405 0.7829891 0.8452872 0.9663286 0.8451864 0.9672409 0.8420405 0.9649694 0.8452739 0.9639468 0.8481761 0.9649694 0.8481046 0.9617093 0.8420405 0.9613085 0.8452329 0.9605055 0.84788 0.9588016 0.8452427 0.9562051 0.8420405 0.9564418 0.8420405 0.9506145 0.8453017 0.9508432 0.8478832 0.9551849 0.8482813 0.9639327 0.8481761 0.9649694 0.8507499 0.9604746 0.8502802 0.9587937 0.8497725 0.9567752 0.8497725 0.9540823 0.8481129 0.9504593 0.8508588 0.9613085 0.8508588 0.9613085 0.8530993 0.9564418 0.8527297 0.9561749 0.8519452 0.9551805 0.8510123 0.9540823 0.8502781 0.9499716 0.8453212 0.9443397 0.8482831 0.9443107 0.850736 0.9442219 0.8527154 0.9442433 0.8519416 0.9499786 0.8543075 0.9443712 0.8532839 0.9504773 0.8554105 0.9444136 0.8547847 0.9506145 0.8543139 0.9508471 0.8420405 0.77219 0.8452872 0.7731023 0.8452739 0.7754843 0.8482813 0.7754982 0.8452329 0.7789254 0.84788 0.7806293 0.8452427 0.7832258 0.8453017 0.7885878 0.8478832 0.7842458 0.8481046 0.7777216 0.8502802 0.7806372 0.8497725 0.7826557 0.8497725 0.7853487 0.8507499 0.7789563 0.8519452 0.7842504 0.8527297 0.783256 0.8510123 0.7853487 0.8482831 0.7951204 0.8451864 0.9372874 0.8481129 0.7889716 0.8481761 0.8021435 0.850736 0.7952091 0.8481761 0.9372874 0.8502781 0.7894593 0.8508588 0.8021435 0.8527154 0.7951877 0.8508588 0.9372874 0.8530993 0.9372874 0.8519416 0.7894523 0.8530993 0.8021435 0.8547847 0.9372874 0.8547847 0.8021435 0.8543075 0.7950597 0.8532839 0.7889534 0.8558306 0.9372874 0.8543139 0.7885838 0.8420405 0.9672409 0.8453212 0.9663286 0.8420405 0.9649694 0.8482831 0.9639466 0.850736 0.9605055 0.8502781 0.9588016 0.8527154 0.9562051 0.8519416 0.9551849 0.8530993 0.9564418 0.8547847 0.9506145 0.8543075 0.9508431 0.8453017 0.9639327 0.8481129 0.9617093 0.8497725 0.9567752 0.8510123 0.9540822 0.8532839 0.9504593 0.8452427 0.9604746 0.8478832 0.9587935 0.8452329 0.9561749 0.84788 0.9551805 0.8497725 0.9540822 0.8519452 0.9499716 0.8554105 0.9443397 0.8543139 0.9443105 0.8527297 0.9442217 0.8507499 0.9442433 0.8502802 0.9499786 0.8482813 0.9443712 0.8481046 0.9504773 0.8452872 0.9444134 0.8452739 0.9508471 0.9415175 0.3682908 0.9348248 0.3649764 0.94159 0.3622429 0.9707901 0.3651792 0.9707177 0.3719918 0.9392207 0.3728715 0.9316463 0.3701351 0.941539 0.3584641 0.9708903 0.35936 0.9278621 0.3754992 0.9346887 0.3784776 0.9245579 0.442212 0.9250455 0.3731877 0.9290512 0.3652843 0.9267917 0.4436964 0.9414594 0.3791096 0.9415846 0.4481336 0.9332547 0.4453573 0.9348369 0.360673 0.9364372 0.3538531 0.9354272 0.4520413 0.9345002 0.4552789 0.9295872 0.4502846 0.9414504 0.4548338 0.94151 0.4580496 0.9268319 0.4486948 0.9395127 0.4581391 0.9844022 0.3670105 0.9775364 0.3649637 0.9776189 0.3607318 0.9754369 0.3537151 0.986766 0.3648937 0.9872853 0.3754764 0.9828866 0.3707525 0.9774488 0.3709674 0.970757 0.4586235 0.9774486 0.4553645 0.9776161 0.4563769 0.9416171 0.4527166 0.9707571 0.4567078 0.9729056 0.4521689 0.931657 0.4543864 0.9328264 0.4491233 0.9707701 0.4522961 0.9775364 0.4515222 0.9833196 0.4517899 0.9828866 0.4506074 0.9872493 0.4441125 0.9854757 0.443669 0.983354 0.4453892 0.9774708 0.3784544 0.9832565 0.3772663 0.9806997 0.445134 0.972628 0.4460787 0.9255416 0.3648937 0.9252543 0.4388738 0.9880974 0.435813 0.9709176 0.3791116 0.02904812 0.8711259 0.0169387 0.803714 0.02189681 0.8711395 0.03927395 0.800064 0.02365848 0.7999388 0.0317654 0.8971395 0.01446833 0.8050418 0.01932675 0.8713199 0.01862884 0.7866379 0.03878388 0.7865971 0.02406479 0.7866355 0.04329865 0.8710364 0.0242404 0.8971904 0.0222877 0.8976128 0.0332934 0.9168934 0.04546291 0.8970561 0.06493258 0.8006694 0.06494984 0.8709691 0.06491625 0.7869418 0.08642054 0.8710249 0.09040862 0.8000588 0.06499355 0.8970081 0.08436957 0.8970451 0.08328621 0.9168671 0.09767133 0.897121 0.1002671 0.8711082 0.1056094 0.7999318 0.1068395 0.871125 0.1057537 0.8976067 0.1086731 0.8713135 0.1134355 0.8050384 0.1117297 0.803708 0.1110743 0.7866123 0.111159 0.7866238 0.1077322 0.8716346 0.1134411 0.8052467 0.1100429 0.7866373 0.1045996 0.8971747 0.09173784 0.9175772 0.09623441 0.8995693 0.1037917 0.917098 0.09252298 0.8944803 0.1069089 0.8713781 0.1132883 0.8052633 0.11092 0.7866083 0.01515479 0.8035874 0.03357896 0.8700606 0.02115458 0.870963 0.0155616 0.786646 0.01736213 0.7867227 0.03118962 0.7862903 0.01321389 0.805267 0.02951507 0.7988498 0.01956327 0.8713207 0.01984593 0.8713472 0.01580754 0.786608 0.06212157 0.8002043 0.06224495 0.786677 0.06499511 0.9168627 0.09619686 0.9168814 0.08203706 0.9300029 0.04657105 0.9168745 0.03532666 0.9299977 0.04775482 0.9300056 0.03958455 0.9353312 0.06495303 0.9300096 0.07947388 0.9353351 0.05013323 0.9353352 0.06484985 0.935341 0.09413657 0.9299933 0.08974683 0.9353309 0.09101143 0.870075 0.09551927 0.79886 0.08998704 0.8928653 0.08394912 0.8881313 0.09391123 0.7862927 0.06197473 0.8701844 0.108215 0.786727 0.1103937 0.8035997 0.104051 0.8709813 0.06206098 0.8915366 0.04050499 0.8881265 0.06230037 0.9005358 0.03492594 0.8928592 0.06265508 0.9017871 0.09138754 0.8939201 0.03414527 0.8939162 0.1061547 0.8713341 0.06304276 0.9017881 0.1127593 0.8052766 0.110429 0.7866476 0.1129886 0.8052735 0.1064295 0.8713549 0.09169763 0.8939324 0.08517918 0.9314187 0.07685986 0.9313971 0.08969989 0.9313536 0.09527373 0.935339 0.07581383 0.9216584 0.08331649 0.9216514 0.07561538 0.9142843 0.08269341 0.9142602 0.08742422 0.9216325 0.08782858 0.9216942 0.09016922 0.9314177 0.08656961 0.9142841 0.08636478 0.9143062 0.06474355 0.9313523 0.06469816 0.921649 0.06467167 0.9143221 0.1031564 0.9169022 0.1012062 0.9300093 0.1006877 0.9299946 0.09579965 0.9353282 0.02573755 0.9169124 0.02428561 0.9171017 0.01960225 0.8716336 0.03101262 0.8995661 0.02820587 0.9299983 0.03561144 0.9175751 0.06351396 0.9067618 0.06354412 0.9180726 0.02007344 0.8713746 0.03775337 0.9300023 0.06358647 0.9299673 0.02690524 0.9300106 0.04152566 0.9353144 0.03236961 0.9353283 0.03356868 0.9353392 0.03442147 0.894478 0.08967122 0.930003 0.08605555 0.9353144 0.06368455 0.9353282 0.04400761 0.9314168 0.0525507 0.931396 0.03908516 0.9313517 0.04579616 0.9216458 0.0380576 0.9314168 0.05350916 0.9216552 0.08067396 0.9217531 0.0822961 0.9314833 0.06378871 0.9313867 0.04545322 0.9314831 0.06383339 0.9217124 0.04714651 0.9217528 0.04132572 0.921627 0.04041785 0.9216911 0.0463711 0.9142577 0.04813355 0.914266 0.04235488 0.9143039 0.04168341 0.9142829 0.06385791 0.9143113 0.0797247 0.9142661 0.05365516 0.9142829 0.09195116 0.8939289 0.1066514 0.8713431 0.113171 0.8052714 0.1108039 0.7866083 0.06345761 0.9023928 0.06332463 0.9017866 0.1106237 0.7866086 0.03473091 0.8939278 0.02006115 0.8713388 0.03448248 0.8939304 0.01373316 0.8052621 0.01625174 0.7866127 0.01610395 0.7866083 0.01388615 0.8052477 0.01598787 0.7866081 0.01361573 0.805268 0.01674457 0.7866247 0.01343332 0.8052676 0.08984844 0.8679966 0.06713675 0.8680238 0.08300354 0.8679786 0.0679505 0.8680346 0.04563372 0.8680164 0.04496224 0.8679954 0.05141239 0.8679786 0.08964361 0.8680187 0.07889421 0.8679968 0.056934 0.8679954 0.04964994 0.8679702 0.08597225 0.8679727 0.09086615 0.7865959 0.1051911 0.7866331 0.1054649 0.872317 0.110425 0.8048915 0.09832823 0.8723034 0.1128743 0.8062193 0.103721 0.8011163 0.08811504 0.8012415 0.08408669 0.8722138 0.1087349 0.7878154 0.1033145 0.7878129 0.08860448 0.7877746 0.09561071 0.898317 0.08192188 0.8982337 0.1031213 0.8983679 0.1050541 0.8987903 0.1080155 0.8724974 0.09408233 0.9180709 0.101624 0.9180899 0.06245926 0.8018469 0.06243864 0.8721465 0.06239411 0.8981856 0.06247523 0.7881193 0.03697938 0.8012363 0.04096404 0.8722024 0.04409716 0.9180446 0.06239149 0.9180402 0.0808129 0.918052 0.04301456 0.8982226 0.02176854 0.8011093 0.02710804 0.8722857 0.03652126 0.7877734 0.02052078 0.8723025 0.01390532 0.8062159 0.01866752 0.872491 0.01563224 0.8048854 0.01624894 0.7877898 0.01388213 0.8064241 0.01959074 0.8728121 0.01618201 0.7878013 0.02158672 0.8987842 0.03558549 0.9187547 0.02354896 0.9182755 0.02276081 0.8983521 0.03108642 0.9007468 0.02420393 0.9180797 0.02970365 0.8982984 0.0204047 0.8725556 0.03479031 0.8956578 0.01639366 0.7877858 0.01402539 0.8064408 0.1121161 0.8047649 0.1117215 0.7878235 0.1140692 0.8064445 0.09367964 0.8712381 0.09774485 0.8000273 0.1099089 0.7879001 0.1114891 0.7877855 0.1138633 0.8064451 0.1061155 0.8721405 0.09607124 0.7874678 0.06512767 0.8013818 0.06500703 0.7878545 0.03117788 0.9180589 0.04534435 0.9311804 0.06243125 0.9311871 0.07962719 0.9311831 0.09204775 0.9311752 0.04790315 0.9365126 0.06252956 0.9365185 0.07724428 0.9365127 0.03323686 0.9311708 0.03762355 0.9365084 0.03624621 0.8712525 0.06527489 0.8713619 0.03727999 0.8940428 0.02321762 0.8721588 0.03173938 0.8000375 0.0333485 0.7874702 0.08675402 0.889304 0.04330909 0.8893088 0.01905432 0.7879045 0.01687533 0.8047771 0.064964 0.9017133 0.06519344 0.8927141 0.09234199 0.8940367 0.06462356 0.9029646 0.03589264 0.8950976 0.09313592 0.8950937 0.06425181 0.9029656 0.03559715 0.8951099 0.1077192 0.8724982 0.02112633 0.8725116 0.01430625 0.806451 0.01452187 0.8064541 0.02086547 0.8725324 0.04218781 0.9325962 0.03765756 0.9325311 0.04404908 0.9228289 0.05155671 0.9228359 0.03208491 0.9365165 0.03993261 0.92281 0.03951618 0.9228716 0.04467127 0.9154377 0.05175418 0.9154618 0.04077563 0.9154617 0.04099169 0.9154837 0.05051261 0.9325746 0.06263086 0.9325297 0.06267425 0.9228265 0.02613512 0.9311868 0.02667212 0.9311721 0.03154299 0.9365057 0.09915513 0.9311758 0.09171271 0.9187526 0.09630924 0.9007436 0.1030563 0.9182792 0.1077223 0.8728111 0.08957255 0.9311798 0.1004371 0.9311881 0.06380209 0.9079393 0.1072417 0.8725521 0.09289274 0.8956555 0.06377339 0.9192501 0.0858039 0.9364918 0.08778659 0.9365087 0.09379092 0.9365166 0.06385571 0.9035703 0.03765383 0.9311805 0.06373304 0.9311448 0.0412733 0.9364918 0.06363961 0.9365057 0.09497404 0.9365058 0.08336005 0.9325943 0.08827302 0.9325292 0.0748221 0.9325734 0.08156997 0.9228233 0.08603182 0.9228045 0.08928731 0.9325943 0.07386175 0.9228327 0.03717491 0.9325952 0.04666072 0.9229306 0.04503676 0.9326608 0.06354037 0.9325643 0.08188027 0.9326606 0.08018866 0.9229302 0.06349781 0.9228898 0.08099416 0.9154352 0.0850023 0.9154814 0.08692768 0.9228686 0.08566248 0.9154603 0.07920268 0.9154435 0.06347454 0.9154888 0.04761103 0.9154436 0.06269971 0.9154996 0.07371476 0.9154603 0.02065507 0.8725206 0.03535551 0.8951064 0.01650241 0.7877859 0.01413527 0.8064489 0.01667115 0.7877861 0.06398234 0.9029641 0.1072468 0.8725163 0.09257671 0.8951052 0.09281319 0.8951079 0.1074505 0.8725247 0.1135823 0.8064395 0.1110733 0.7877902 0.1134389 0.8064252 0.1112115 0.7877858 0.1105981 0.7878022 0.1136924 0.8064455 0.1113202 0.7877856 0.06597854 0.869212 0.06675337 0.8692013 0.08828114 0.8691939 0.0769936 0.8691728 0.04405446 0.8691741 0.05088986 0.8691561 0.04427053 0.8691962 0.08894132 0.8691728 0.05503301 0.8691744 0.0479501 0.8691502 0.08248152 0.869156 0.084273 0.8691477 0.01731908 0.7878149 0.02218661 0.7878106 0.01685235 0.787825 0.7763476 0.874023 0.7705451 0.8446977 0.7711568 0.8403931 0.7858396 0.899444 0.7849324 0.9005374 0.770689 0.8449386 0.7770168 0.8741659 0.7767154 0.8741386 0.7713095 0.8254048 0.771718 0.8246422 0.7681817 0.8246976 0.7807702 0.8280356 0.7823938 0.8368509 0.7846898 0.899444 0.7850551 0.8941534 0.7799731 0.8736275 0.7745457 0.8450965 0.7960758 0.9101268 0.7941859 0.9117098 0.7931509 0.9101728 0.7919265 0.899444 0.7888114 0.8742223 0.7847615 0.845032 0.7810539 0.8247812 0.8031324 0.8744816 0.8205685 0.8515818 0.8005416 0.8445317 0.8043236 0.9005374 0.8043609 0.8408722 0.820965 0.8750567 0.7908343 0.8258246 0.8325449 0.8941534 0.8349127 0.8751476 0.8208966 0.899444 0.8325449 0.8567796 0.8049505 0.9117098 0.8214296 0.9101729 0.8355566 0.899444 0.8406717 0.8752315 0.8354756 0.8523726 0.8211533 0.8444399 0.8404661 0.8744764 0.8363618 0.9005374 0.8366991 0.8992962 0.8357139 0.8519469 0.8411976 0.8753113 0.8214058 0.8425422 0.8210105 0.8453015 0.834891 0.8503844 0.821416 0.8353547 0.8243425 0.910112 0.8255423 0.8990229 0.8364785 0.8906068 0.8395896 0.8696035 0.8246729 0.8734368 0.8349975 0.8696702 0.8342471 0.8421897 0.8385593 0.8613453 0.829404 0.8249518 0.8361831 0.8417357 0.804085 0.8699284 0.8051853 0.8390046 0.8082541 0.8615137 0.8135491 0.8703727 0.8105009 0.8969624 0.7878391 0.8447522 0.794863 0.826192 0.7925622 0.8737409 0.7815764 0.8736602 0.7756497 0.8453592 0.8116167 0.8249004 0.8083417 0.8414829 0.7977703 0.829164 0.8064783 0.8403026 0.7964728 0.8991706 0.7874279 0.8941534 0.8089812 0.9115252 0.7838001 0.8254893 0.7998387 0.844262 0.7926277 0.8313047 0.7823938 0.8368509 0.8216645 0.8242974 0.8138046 0.8246988 0.8062724 0.9133058 0.8224427 0.9117098 0.7949261 0.8138499 0.7910819 0.8008397 0.7906007 0.814548 0.7918987 0.8126862 0.7950766 0.8006194 0.7826793 0.7922431 0.7815464 0.8006194 0.780851 0.8138499 0.7917753 0.8006071 0.7905658 0.7935927 0.7924064 0.7922431 0.7902413 0.7935927 0.782041 0.8121431 0.7821716 0.800406 0.7828985 0.7922431 0.7831693 0.7894115 0.7796506 0.8105655 0.7806842 0.7980813 0.7710438 0.8104881 0.7823266 0.789396 0.7718598 0.7982131 0.7882572 0.8111088 0.7894472 0.7982907 0.7678163 0.8105657 0.7746146 0.7908319 0.7928269 0.7982945 0.7894167 0.7908319 0.7915438 0.789396 0.7829792 0.786383 0.7731094 0.789396 0.7907478 0.8305105 0.7944255 0.8284614 0.7715723 0.8261991 0.7683321 0.8255137 0.7726597 0.8254635 0.7894167 0.7908319 0.7823266 0.789396 0.7746146 0.7908322 0.7806842 0.7982945 0.7718598 0.7982907 0.7882572 0.8129706 0.7796506 0.8122725 0.7710438 0.8111088 0.7894472 0.7985234 0.7914848 0.8122725 0.7685414 0.7980813 0.6474476 0.7902688 0.650766 0.7904006 0.6535208 0.7830194 0.6535208 0.7830197 0.650766 0.7904782 0.6520157 0.7815835 0.7748661 0.7935927 0.7731717 0.7922431 0.7747578 0.7935927 0.7714259 0.8126862 0.7721392 0.8006071 0.7679659 0.8121431 0.772368 0.8005295 0.7718586 0.8120655 0.7686414 0.800406 0.6510454 0.7927946 0.6536641 0.7857802 0.6475477 0.7925935 0.6537724 0.7857802 0.6512742 0.792717 0.6520779 0.7844306 0.8227879 0.8447694 0.8323645 0.8437053 0.8130314 0.8437053 0.8292223 0.8253751 0.8218707 0.8253675 0.8319484 0.8249637 0.8144964 0.8253751 0.8170121 0.8171647 0.8170121 0.8171647 0.8217396 0.8157378 0.8163336 0.8157378 0.8217396 0.8127438 0.8217396 0.8157378 0.8264669 0.8171647 0.8271456 0.8157378 0.8264669 0.8171647 0.7816213 0.8288245 0.8513162 0.874023 0.8571187 0.8446977 0.8509486 0.8741386 0.8418242 0.899444 0.8506471 0.8741659 0.8569748 0.8449386 0.8565073 0.8403931 0.8594823 0.8246976 0.8559459 0.8246422 0.8563544 0.8254048 0.8531184 0.8450965 0.8476907 0.8736275 0.8427315 0.9005374 0.8468936 0.8280356 0.8466101 0.8247812 0.8429024 0.845032 0.8388523 0.8742223 0.8426088 0.8941534 0.8357373 0.899444 0.8345128 0.9101729 0.842974 0.899444 0.8334781 0.9117098 0.8315879 0.9101268 0.8245313 0.8744816 0.8070953 0.8515818 0.8066989 0.8750567 0.8233031 0.8408722 0.8065107 0.8444399 0.8271223 0.8445317 0.795119 0.8567796 0.7927513 0.8751476 0.8233404 0.9005374 0.7921883 0.8523726 0.795119 0.8941534 0.7869924 0.8752315 0.7921074 0.899444 0.8067673 0.899444 0.8062342 0.9101729 0.8227134 0.9117098 0.7871977 0.8744763 0.7864663 0.8753113 0.79195 0.8519469 0.791302 0.9005374 0.792773 0.8503844 0.8062581 0.8425423 0.8062478 0.8353547 0.7934167 0.8421897 0.7880744 0.8696035 0.7926665 0.8696702 0.7911854 0.8906068 0.7891046 0.8613453 0.79826 0.8249516 0.7914809 0.841736 0.7909648 0.8992962 0.802991 0.8734368 0.8021215 0.8990232 0.8033215 0.910112 0.8235789 0.8699284 0.8398249 0.8447522 0.8351016 0.8737409 0.8141148 0.8703727 0.8194097 0.8615137 0.832801 0.826192 0.8438638 0.8254893 0.8520142 0.8453592 0.8460876 0.8736602 0.8224787 0.8390046 0.8402359 0.8941534 0.8171631 0.8969624 0.8298937 0.8291638 0.8193222 0.8414829 0.8160474 0.8249004 0.8138593 0.8246989 0.8550042 0.8254635 0.831191 0.8991706 0.8186826 0.9115252 0.8066536 0.8453015 0.8278252 0.844262 0.8211856 0.8403026 0.8369162 0.8305105 0.8350362 0.8313047 0.8452699 0.8368509 0.8059994 0.8242974 0.8213916 0.9133058 0.8052214 0.9117098 0.8327377 0.8138499 0.8365821 0.8008397 0.8325874 0.8006194 0.8449845 0.7922431 0.8374224 0.7935927 0.8370632 0.814548 0.8357652 0.8126862 0.8352576 0.7922431 0.837098 0.7935927 0.8461173 0.8006194 0.8444946 0.7894115 0.8358884 0.8006068 0.8456229 0.8121431 0.8454924 0.800406 0.8447653 0.7922431 0.8368295 0.8258246 0.8480134 0.8105655 0.8566202 0.8104881 0.8469797 0.7980813 0.8558041 0.7982131 0.8598475 0.8105657 0.8394066 0.8111088 0.8530493 0.7908319 0.8453374 0.789396 0.8382168 0.7982907 0.8382473 0.7908319 0.8446846 0.786383 0.8361202 0.789396 0.8348371 0.7982945 0.8332384 0.8284614 0.8593317 0.8255137 0.8560916 0.8261991 0.8453374 0.789396 0.8382473 0.7908319 0.8545545 0.789396 0.8530493 0.7908319 0.8469797 0.7982945 0.8382168 0.7985234 0.8566202 0.8111088 0.8480135 0.8122725 0.8394066 0.8129706 0.836179 0.8122725 0.8558041 0.7982907 0.8591226 0.7980813 0.7319555 0.7830194 0.7380288 0.7902688 0.7347103 0.7904782 0.7334608 0.7815835 0.7319555 0.7830194 0.7347103 0.7904006 0.8529062 0.7935927 0.8544923 0.7922431 0.852798 0.7935927 0.8555249 0.8006068 0.8468132 0.8138499 0.8562379 0.8126862 0.8596981 0.8121431 0.8590224 0.800406 0.8552958 0.8005295 0.8558052 0.8120655 0.7317042 0.7857802 0.7379286 0.7925935 0.7342021 0.792717 0.7333986 0.7844306 0.7318125 0.7857802 0.7344311 0.7927943 0.8048761 0.8447694 0.7984415 0.8253751 0.8057934 0.8253675 0.7952994 0.8437053 0.8146326 0.8437053 0.8131675 0.8253751 0.7957156 0.8249637 0.8106518 0.8171647 0.8113304 0.8157378 0.8106518 0.8171647 0.8059244 0.8127438 0.8059244 0.8157378 0.801197 0.8171647 0.8059244 0.8157378 0.801197 0.8171647 0.8005184 0.8157378 0.8460426 0.8288244 0.8452699 0.8368509 0.7823333 0.8781884 0.77548 0.8685734 0.7698517 0.8613402 0.783675 0.8719342 0.7866919 0.8783072 0.7879615 0.8854215 0.7829928 0.8726392 0.7819723 0.8687648 0.7685086 0.8514616 0.7677679 0.853073 0.7765502 0.8642532 0.7802495 0.8699212 0.7923202 0.8855404 0.7954743 0.8894874 0.7723339 0.8454469 0.8345625 0.8237954 0.7848154 0.8622952 0.7726771 0.8457817 0.8224244 0.807282 0.8220811 0.8069472 0.8381943 0.8285691 0.7884471 0.8670689 0.8431035 0.8212779 0.8289574 0.8046798 0.8306221 0.8044298 0.7824226 0.8582621 0.8376492 0.8268481 0.8321697 0.8197623 0.8265415 0.8125291 0.7767944 0.8510289 0.787902 0.865348 0.8337761 0.8083768 0.8424213 0.8219829 0.8394043 0.8156098 0.844124 0.8251523 0.8436736 0.835655 0.8506163 0.8253436 0.8495461 0.8296639 0.8437631 0.8157287 0.8562446 0.8325768 0.8551744 0.836897 0.8381348 0.8084955 0.7939265 0.8741547 0.7709219 0.85702 0.8575877 0.8424554 0.8458468 0.8239959 0.8583283 0.840844 0.7823333 0.8781884 0.7698517 0.8613402 0.77548 0.8685734 0.7879615 0.8854215 0.7866919 0.8783072 0.783675 0.8719342 0.7765502 0.8642532 0.7802495 0.8699212 0.7677679 0.853073 0.7685086 0.8514616 0.7709219 0.85702 0.7819723 0.8687648 0.7829928 0.8726392 0.7923202 0.8855404 0.7954743 0.8894874 0.7723339 0.8454469 0.7848154 0.8622952 0.8345625 0.8237954 0.8224244 0.807282 0.7726771 0.8457817 0.8220811 0.8069472 0.8381943 0.8285691 0.8306221 0.8044298 0.8289574 0.8046798 0.8431035 0.8212779 0.7767944 0.8510289 0.8265415 0.8125291 0.7824226 0.8582621 0.8337761 0.8083768 0.8376492 0.8268481 0.787902 0.865348 0.8321697 0.8197623 0.8394043 0.8156098 0.8424213 0.8219829 0.844124 0.8251523 0.8495461 0.8296639 0.8506163 0.8253436 0.8562446 0.8325768 0.8381348 0.8084955 0.8437631 0.8157287 0.8436736 0.835655 0.7939265 0.8741547 0.7884471 0.8670689 0.8551744 0.836897 0.8575877 0.8424554 0.8458468 0.8239959 0.8583283 0.840844 0.6072649 0.4310684 0.6059449 0.4311988 0.5707788 0.4294903 0.5708897 0.4294903 0.5707513 0.4294876 0.5727779 0.4308236 0.5708616 0.429493 0.571225 0.4294914 0.5767699 0.4335092 0.5767281 0.4334911 0.5768377 0.4335711 0.5725312 0.4294903 0.5726421 0.4294903 0.5726305 0.4294876 0.5740483 0.4308221 0.5726147 0.429493 0.5726307 0.4294914 0.5769068 0.4335092 0.5768589 0.4334655 0.5768477 0.4334836 0.5378332 0.4312528 0.5169411 0.4310684 0.5217186 0.4311988 0.6006135 0.4311987 0.04287767 0.8028565 0.01381654 0.8028565 0.01381654 0.8028565 0.04287767 0.8028565 0.04417503 0.8246576 0.04417503 0.8246576 0.04287767 0.8246576 0.01251918 0.8246576 0.01381654 0.8246576 0.04287767 0.8246576 0.01381654 0.8897974 0.04287767 0.9353358 0.01381654 0.8246576 0.01381093 0.9116837 0.04417503 0.9374642 0.01251918 0.8878593 0.04287767 0.9353358 0.04417503 0.9374642 0.04288328 0.957241 0.04288328 0.957241 0.01381093 0.9116837 0.01251918 0.8878593 0.01381654 0.8897974 0.01251918 0.8246576 0.07964671 0.8028565 0.1087078 0.8246576 0.1087078 0.8028565 0.07834929 0.8246576 0.07964671 0.8246576 0.07964671 0.8028565 0.07964671 0.8246576 0.07834929 0.8246576 0.1087078 0.8028565 0.1100051 0.8246576 0.1087078 0.8897974 0.1087078 0.8246576 0.1100051 0.8878593 0.07964671 0.9353358 0.1087134 0.9116837 0.0796411 0.957241 0.07834929 0.9374642 0.0796411 0.957241 0.07964671 0.9353358 0.07834929 0.9374642 0.1087134 0.9116837 0.1100051 0.8878593 0.1087078 0.8897974 0.1100051 0.8246576 0.1986709 0.6897005 0.1917202 0.7064945 0.2114138 0.6943132 0.1753307 0.68831 0.180131 0.7011684 0.1615911 0.6897005 0.1720268 0.6943132 0.1847696 0.6897005 0.2033096 0.7011684 0.2218494 0.6897005 0.2354216 0.6583702 0.2258304 0.6610332 0.212243 0.6583702 0.1595758 0.678565 0.1931008 0.6674293 0.180131 0.6754516 0.1910854 0.678565 0.2025952 0.6455116 0.2026187 0.651941 0.2121864 0.6428485 0.2035364 0.6628167 0.1799042 0.6628167 0.1671613 0.6674293 0.1917202 0.6701255 0.2033096 0.6754516 0.2162793 0.6674293 0.2257737 0.6455116 0.2353981 0.651941 0.2238648 0.678565 0.2081101 0.68831 0.1923553 0.678565 0.1903398 0.6674293 0.2311073 0.6155717 0.2172107 0.6155717 0.2403893 0.6155717 0.2068401 0.6155717 0.2060704 0.6155717 0.2153526 0.6155717 0.229249 0.6155717 0.2396196 0.6155717 0.212243 0.5727737 0.2026187 0.5792029 0.2258304 0.5701107 0.2025952 0.5856321 0.2121864 0.5882952 0.2257737 0.5856321 0.2353981 0.5792029 0.2354215 0.5727737 0.2114138 0.5368307 0.1986709 0.541443 0.1910853 0.5525787 0.1931008 0.5637144 0.2035363 0.568327 0.2162793 0.5637144 0.2238648 0.5525787 0.2218494 0.541443 0.1917202 0.5246491 0.180131 0.5299754 0.1753305 0.5428337 0.180131 0.5556923 0.1917202 0.5610182 0.2033096 0.5556923 0.20811 0.5428337 0.2033096 0.5299754 0.1847696 0.541443 0.1720268 0.5368307 0.1615911 0.541443 0.1595758 0.5525787 0.1671613 0.5637144 0.1799042 0.568327 0.1903398 0.5637144 0.1923553 0.5525787 0.1480425 0.5792029 0.148019 0.5727737 0.1576101 0.5701107 0.1711975 0.5727737 0.1576668 0.5856321 0.1712542 0.5882952 0.1808454 0.5856321 0.1808219 0.5792029 0.1662298 0.6155717 0.1523333 0.6155717 0.1430513 0.6155717 0.143821 0.6155717 0.1541915 0.6155717 0.1680881 0.6155717 0.1773701 0.6155717 0.1576101 0.6610333 0.148019 0.6583702 0.1480425 0.651941 0.1576668 0.6455116 0.1808454 0.6455116 0.1712542 0.6428485 0.1766005 0.6155717 0.1808219 0.651941 0.1711975 0.6583702 0.1986709 0.6897005 0.180131 0.7011684 0.1917202 0.7064945 0.1910854 0.678565 0.1753307 0.68831 0.1847696 0.6897005 0.2033096 0.7011684 0.1720268 0.6943132 0.1615911 0.6897005 0.2218494 0.6897005 0.2114138 0.6943132 0.2354216 0.6583702 0.2258304 0.6610332 0.212243 0.6583702 0.180131 0.6754516 0.2026187 0.651941 0.1671613 0.6674293 0.1595758 0.678565 0.1799042 0.6628167 0.1931008 0.6674293 0.2025952 0.6455116 0.2121864 0.6428485 0.2035364 0.6628167 0.1917202 0.6701255 0.2033096 0.6754516 0.1903398 0.6674293 0.1923553 0.678565 0.2162793 0.6674293 0.2257737 0.6455116 0.2353981 0.651941 0.2238648 0.678565 0.2081101 0.68831 0.2311073 0.6155717 0.2172107 0.6155717 0.2403893 0.6155717 0.2068401 0.6155717 0.2060704 0.6155717 0.2153526 0.6155717 0.229249 0.6155717 0.2396196 0.6155717 0.2258304 0.5701107 0.212243 0.5727737 0.2026187 0.5792029 0.2025952 0.5856321 0.2121864 0.5882952 0.2257737 0.5856321 0.2353981 0.5792029 0.2354215 0.5727737 0.2114138 0.5368307 0.1986709 0.541443 0.1910853 0.5525787 0.1931008 0.5637144 0.2035363 0.568327 0.2162793 0.5637144 0.2238648 0.5525787 0.2218494 0.541443 0.1917202 0.5246491 0.180131 0.5299754 0.1753305 0.5428337 0.180131 0.5556923 0.1917202 0.5610182 0.2033096 0.5556923 0.20811 0.5428337 0.2033096 0.5299754 0.1720268 0.5368307 0.1615911 0.541443 0.1847696 0.541443 0.1595758 0.5525787 0.1671613 0.5637144 0.1799042 0.568327 0.1903398 0.5637144 0.1923553 0.5525787 0.148019 0.5727737 0.1711975 0.5727737 0.1576101 0.5701107 0.1480425 0.5792029 0.1712542 0.5882952 0.1576668 0.5856321 0.1808454 0.5856321 0.1430513 0.6155717 0.1662298 0.6155717 0.1523333 0.6155717 0.143821 0.6155717 0.1541915 0.6155717 0.1680881 0.6155717 0.1773701 0.6155717 0.1808219 0.5792029 0.1480425 0.651941 0.1576101 0.6610333 0.148019 0.6583702 0.1576668 0.6455116 0.1712542 0.6428485 0.1808454 0.6455116 0.1766005 0.6155717 0.1808219 0.651941 0.1711975 0.6583702 0.01823384 0.7655525 0.01725187 0.7657452 0.01802833 0.7655234 0.01883794 0.7654486 0.0276991 0.7654828 0.01824122 0.7657718 0.01721361 0.7658496 0.01822811 0.7654862 0.01653768 0.7661053 0.01725109 0.7657452 0.02833143 0.7661597 0.0182477 0.7661194 0.01724651 0.7661805 0.01654783 0.7661431 0.01824546 0.7665777 0.01648987 0.7666178 0.01729341 0.7669883 0.01657279 0.7671962 0.01560514 0.7676787 0.01592512 0.7670168 0.01596355 0.7665891 0.01546058 0.7671635 0.01591571 0.7665899 0.01688386 0.7687597 0.01598512 0.7687701 0.01635905 0.7678826 0.01638751 0.7888157 0.01725098 0.7678369 0.0182737 0.7674403 0.01504072 0.7678542 0.01540934 0.7671804 0.01503803 0.7678542 0.01514939 0.7678151 0.01491097 0.7685521 0.01481864 0.7685852 0.01511358 0.7687573 0.01478991 0.7693658 0.01476926 0.7687891 0.01558614 0.7888138 0.01549311 0.768768 0.01857466 0.7901215 0.01765513 0.7897639 0.01851383 0.788834 0.01859612 0.7909717 0.01748545 0.7905546 0.02797421 0.7888544 0.02796919 0.7901849 0.01721727 0.7888235 0.01681311 0.7897151 0.01668993 0.7903216 0.01601277 0.7897518 0.01824995 0.7687679 0.01770447 0.791852 0.01703423 0.7914919 0.01706986 0.791482 0.01766452 0.7917486 0.01839397 0.7919857 0.01842762 0.7920737 0.01859384 0.791797 0.01919673 0.7921143 0.01770411 0.791852 0.0168648 0.7910051 0.01768701 0.7914168 0.0279384 0.7918254 0.02738715 0.7921271 0.01859987 0.7914375 0.01648705 0.7910092 0.01699292 0.7907715 0.01536813 0.7888193 0.01534384 0.789012 0.01525082 0.7882517 0.01568528 0.7897798 0.01558089 0.789743 0.01558045 0.789743 0.01530175 0.788824 0.01595178 0.7904167 0.01593169 0.7888101 0.01609441 0.7904119 0.01595214 0.7904167 0.01644266 0.7910072 0.0293185 0.7657889 0.02930762 0.7657452 0.02998169 0.7661152 0.02856524 0.7656115 0.02853063 0.7655234 0.02834538 0.7658002 0.02948884 0.7662814 0.02826359 0.7654737 0.03018857 0.7665921 0.03002093 0.7661053 0.02999132 0.7672008 0.02926539 0.7669911 0.03059422 0.766588 0.0306428 0.7665899 0.03109707 0.7671618 0.03060523 0.7671289 0.02832409 0.7668476 0.0302032 0.7678822 0.03170652 0.7687778 0.03180571 0.7693454 0.03127421 0.7882313 0.03174043 0.7685852 0.03151828 0.7678542 0.03140859 0.7678173 0.03152028 0.7678542 0.03147513 0.7687833 0.03105848 0.7678455 0.03110835 0.768787 0.03094374 0.7888398 0.03058662 0.7888292 0.03062448 0.7687815 0.03114906 0.7671804 0.02833868 0.7687369 0.02873628 0.7677825 0.02974242 0.7687737 0.02813441 0.7920352 0.02886881 0.7914168 0.02889159 0.7917476 0.02793912 0.7914777 0.02885375 0.791852 0.02798305 0.7921084 0.01862855 0.7921212 0.02954286 0.7914441 0.02795047 0.7910194 0.02884504 0.7906088 0.02958326 0.7909793 0.02920154 0.7916981 0.03011816 0.7909627 0.02952237 0.7904009 0.03044221 0.7899184 0.03012139 0.7905803 0.03060561 0.7904167 0.03011478 0.7910072 0.03059723 0.7903808 0.02927821 0.7888374 0.03012361 0.7888271 0.02974287 0.7897146 0.02890707 0.7897603 0.03097763 0.789743 0.03112647 0.789045 0.03121474 0.789012 0.03087424 0.789782 0.0309769 0.789743 0.03126612 0.7888081 0.03177854 0.7687731 0.01823384 0.7655525 0.01883794 0.7654486 0.01802833 0.7655234 0.01725187 0.7657452 0.01721361 0.7658496 0.01822811 0.7654862 0.0276991 0.7654828 0.02826359 0.7654737 0.01725109 0.7657452 0.01653768 0.7661053 0.01654783 0.7661431 0.01824122 0.7657718 0.02833143 0.7661597 0.02834538 0.7658002 0.01724651 0.7661805 0.0182477 0.7661194 0.01648987 0.7666178 0.01824546 0.7665777 0.01596355 0.7665891 0.01560514 0.7676787 0.01657279 0.7671962 0.01592512 0.7670168 0.01591571 0.7665899 0.01546058 0.7671635 0.01688386 0.7687597 0.01824995 0.7687679 0.01725098 0.7678369 0.01635905 0.7678826 0.01598512 0.7687701 0.01638751 0.7888157 0.01721727 0.7888235 0.0182737 0.7674403 0.01729341 0.7669883 0.02832409 0.7668476 0.01504072 0.7678542 0.01491097 0.7685521 0.01514939 0.7678151 0.01481864 0.7685852 0.01503803 0.7678542 0.01476926 0.7687891 0.01478991 0.7693658 0.01511358 0.7687573 0.01540934 0.7671804 0.01549311 0.768768 0.01558614 0.7888138 0.01593169 0.7888101 0.01857466 0.7901215 0.01851383 0.788834 0.01765513 0.7897639 0.01748545 0.7905546 0.01859612 0.7909717 0.02796919 0.7901849 0.02797421 0.7888544 0.01681311 0.7897151 0.01601277 0.7897518 0.01668993 0.7903216 0.01770447 0.791852 0.01842762 0.7920737 0.01839397 0.7919857 0.01766452 0.7917486 0.01703423 0.7914919 0.01770411 0.791852 0.01862855 0.7921212 0.01919673 0.7921143 0.01859384 0.791797 0.01706986 0.791482 0.01768701 0.7914168 0.0168648 0.7910051 0.01859987 0.7914375 0.01648705 0.7910092 0.01699292 0.7907715 0.0279384 0.7918254 0.02793912 0.7914777 0.01536813 0.7888193 0.01558089 0.789743 0.01568528 0.7897798 0.01525082 0.7882517 0.01534384 0.789012 0.01530175 0.788824 0.01595214 0.7904167 0.01609441 0.7904119 0.0293185 0.7657889 0.02853063 0.7655234 0.02856524 0.7656115 0.02930762 0.7657452 0.02948884 0.7662814 0.02998169 0.7661152 0.03018857 0.7665921 0.03002093 0.7661053 0.02926539 0.7669911 0.02999132 0.7672008 0.03059422 0.766588 0.0306428 0.7665899 0.03060523 0.7671289 0.0302032 0.7678822 0.03109707 0.7671618 0.03170652 0.7687778 0.03174043 0.7685852 0.03151828 0.7678542 0.03140859 0.7678173 0.03180571 0.7693454 0.03127421 0.7882313 0.03126612 0.7888081 0.03177854 0.7687731 0.03152028 0.7678542 0.03114906 0.7671804 0.03147513 0.7687833 0.03094374 0.7888398 0.03105848 0.7678455 0.03110835 0.768787 0.03058662 0.7888292 0.03062448 0.7687815 0.02833868 0.7687369 0.02927821 0.7888374 0.02974242 0.7687737 0.02873628 0.7677825 0.03012361 0.7888271 0.02813441 0.7920352 0.02889159 0.7917476 0.02738715 0.7921271 0.02886881 0.7914168 0.02798305 0.7921084 0.02885375 0.791852 0.02954286 0.7914441 0.02795047 0.7910194 0.02958326 0.7909793 0.02884504 0.7906088 0.02920154 0.7916981 0.03011478 0.7910072 0.03011816 0.7909627 0.03012139 0.7905803 0.03044221 0.7899184 0.02952237 0.7904009 0.03060561 0.7904167 0.03059723 0.7903808 0.02890707 0.7897603 0.02974287 0.7897146 0.03097763 0.789743 0.0309769 0.789743 0.03121474 0.789012 0.03112647 0.789045 0.03087424 0.789782 0.01644266 0.7910072 0.01595178 0.7904167 0.01558045 0.789743</float_array>
          <technique_common>
            <accessor count="2344" source="#texcoords-array-array" stride="2">
              <param type="float" name="S" />
              <param type="float" name="T" />
            </accessor>
          </technique_common>
        </source>
        <vertices id="verts-array-vertices">
          <input semantic="POSITION" source="#verts-array" />
        </vertices>
        <triangles count="4338" material="material0">
          <input offset="0" semantic="VERTEX" source="#verts-array-vertices" />
          <input offset="1" semantic="NORMAL" source="#normals-array" />
          <input offset="2" semantic="TEXCOORD" source="#texcoords-array" />
          <p>0 0 0 1 1 1 2 2 2 0 0 0 3 3 3 4 4 4 0 0 0 5 5 5 6 6 6 0 0 0 6 6 6 3 3 3 0 0 0 4 4 4 7 7 7 1 1 1 0 0 0 8 8 8 8 8 8 9 9 9 1 1 1 8 8 8 10 10 10 9 9 9 8 8 8 0 0 0 11 11 11 5 5 5 0 0 0 2 2 2 6 6 6 12 12 12 3 3 3 6 6 6 13 13 13 14 14 14 13 13 13 6 6 6 5 5 5 14 14 14 13 13 13 15 15 15 14 14 14 16 16 16 17 17 17 14 14 14 18 18 18 6 6 6 19 19 19 20 20 20 21 21 21 19 19 19 22 22 22 23 23 23 19 19 19 24 24 24 25 25 25 20 20 20 26 26 26 27 27 27 20 20 20 25 25 25 26 26 26 20 20 20 19 19 19 25 25 25 20 20 20 27 27 27 28 28 28 21 21 21 20 20 20 29 29 29 25 25 25 30 30 30 26 26 26 31 31 31 32 32 32 33 33 33 31 31 31 34 34 34 35 35 35 31 31 31 36 36 36 37 37 37 32 32 32 31 31 31 37 37 37 32 32 32 38 38 38 39 39 39 33 33 33 39 39 39 40 40 40 33 33 33 32 32 32 39 39 39 33 33 33 40 40 40 41 41 41 37 37 37 42 42 42 32 32 32 43 43 43 44 44 44 45 45 45 43 43 43 46 46 46 47 47 47 44 44 44 48 48 48 49 49 49 44 44 44 47 47 47 48 48 48 44 44 44 49 49 49 50 50 50 44 44 44 43 43 43 47 47 47 45 45 45 51 51 51 43 43 43 45 45 45 44 44 44 52 52 52 47 47 47 53 53 53 48 48 48 54 54 54 55 55 55 56 56 56 55 55 55 57 57 57 56 56 56 55 55 55 58 58 58 59 59 59 55 55 55 54 54 54 60 60 60 60 60 60 61 61 61 62 62 62 60 60 60 63 63 63 64 64 64 60 60 60 65 65 65 55 55 55 63 63 63 66 66 66 67 67 67 63 63 63 60 60 60 54 54 54 64 64 64 68 68 68 61 61 61 64 64 64 69 69 69 70 70 70 69 69 69 64 64 64 63 63 63 69 69 69 71 71 71 70 70 70 70 70 70 72 72 72 68 68 68 71 71 71 73 73 73 74 74 74 71 71 71 69 69 69 75 75 75 75 75 75 76 76 76 77 77 77 65 65 65 60 60 60 62 62 62 62 62 62 78 78 78 79 79 79 62 62 62 80 80 80 65 65 65 61 61 61 81 81 81 78 78 78 61 61 61 60 60 60 64 64 64 68 68 68 64 64 64 70 70 70 68 68 68 82 82 82 81 81 81 72 72 72 70 70 70 71 71 71 80 80 80 62 62 62 79 79 79 80 80 80 83 83 83 84 84 84 80 80 80 85 85 85 86 86 86 80 80 80 58 58 58 65 65 65 79 79 79 87 87 87 85 85 85 78 78 78 62 62 62 61 61 61 78 78 78 88 88 88 87 87 87 81 81 81 61 61 61 68 68 68 81 81 81 89 89 89 88 88 88 82 82 82 68 68 68 72 72 72 85 85 85 80 80 80 79 79 79 87 87 87 79 79 79 78 78 78 88 88 88 78 78 78 81 81 81 89 89 89 81 81 81 82 82 82 18 18 18 12 12 12 6 6 6 18 18 18 14 14 14 90 90 90 12 12 12 91 91 91 92 92 92 12 12 12 93 93 93 94 94 94 3 3 3 94 94 94 95 95 95 91 91 91 90 90 90 96 96 96 91 91 91 12 12 12 18 18 18 91 91 91 97 97 97 92 92 92 92 92 92 93 93 93 12 12 12 92 92 92 98 98 98 93 93 93 99 99 99 96 96 96 100 100 100 99 99 99 97 97 97 91 91 91 99 99 99 101 101 101 97 97 97 97 97 97 98 98 98 92 92 92 97 97 97 102 102 102 98 98 98 103 103 103 104 104 104 101 101 101 103 103 103 100 100 100 105 105 105 103 103 103 106 106 106 104 104 104 103 103 103 101 101 101 99 99 99 101 101 101 102 102 102 97 97 97 94 94 94 3 3 3 12 12 12 94 94 94 107 107 107 74 74 74 95 95 95 74 74 74 73 73 73 93 93 93 108 108 108 107 107 107 93 93 93 107 107 107 94 94 94 98 98 98 109 109 109 108 108 108 98 98 98 108 108 108 93 93 93 102 102 102 110 110 110 109 109 109 102 102 102 109 109 109 98 98 98 102 102 102 101 101 101 111 111 111 74 74 74 95 95 95 94 94 94 74 74 74 72 72 72 71 71 71 73 73 73 71 71 71 75 75 75 107 107 107 82 82 82 72 72 72 107 107 107 72 72 72 74 74 74 108 108 108 89 89 89 82 82 82 108 108 108 82 82 82 107 107 107 109 109 109 89 89 89 108 108 108 109 109 109 112 112 112 89 89 89 34 34 34 33 33 33 41 41 41 34 34 34 41 41 41 113 113 113 34 34 34 31 31 31 33 33 33 41 41 41 114 114 114 115 115 115 41 41 41 116 116 116 114 114 114 40 40 40 117 117 117 116 116 116 40 40 40 39 39 39 117 117 117 116 116 116 118 118 118 119 119 119 116 116 116 41 41 41 40 40 40 114 114 114 116 116 116 119 119 119 114 114 114 119 119 119 120 120 120 119 119 119 118 118 118 85 85 85 119 119 119 85 85 85 87 87 87 118 118 118 86 86 86 85 85 85 118 118 118 121 121 121 83 83 83 118 118 118 83 83 83 86 86 86 118 118 118 117 117 117 121 121 121 122 122 122 35 35 35 34 34 34 122 122 122 113 113 113 111 111 111 122 122 122 34 34 34 113 113 113 113 113 113 41 41 41 115 115 115 113 113 113 115 115 115 110 110 110 115 115 115 114 114 114 120 120 120 115 115 115 120 120 120 112 112 112 120 120 120 119 119 119 87 87 87 120 120 120 87 87 87 88 88 88 104 104 104 122 122 122 111 111 111 104 104 104 111 111 111 101 101 101 104 104 104 123 123 123 122 122 122 111 111 111 113 113 113 110 110 110 111 111 111 110 110 110 102 102 102 110 110 110 115 115 115 112 112 112 110 110 110 112 112 112 109 109 109 112 112 112 120 120 120 88 88 88 112 112 112 88 88 88 89 89 89 17 17 17 124 124 124 125 125 125 17 17 17 90 90 90 14 14 14 90 90 90 91 91 91 18 18 18 90 90 90 17 17 17 126 126 126 126 126 126 125 125 125 127 127 127 126 126 126 96 96 96 90 90 90 125 125 125 126 126 126 17 17 17 125 125 125 128 128 128 129 129 129 127 127 127 129 129 129 130 130 130 127 127 127 131 131 131 126 126 126 127 127 127 132 132 132 133 133 133 129 129 129 127 127 127 125 125 125 129 129 129 134 134 134 135 135 135 130 130 130 135 135 135 136 136 136 130 130 130 137 137 137 132 132 132 135 135 135 130 130 130 129 129 129 135 135 135 138 138 138 139 139 139 96 96 96 99 99 99 91 91 91 96 96 96 126 126 126 131 131 131 131 131 131 140 140 140 141 141 141 131 131 131 100 100 100 96 96 96 131 131 131 127 127 127 133 133 133 133 133 133 142 142 142 140 140 140 132 132 132 143 143 143 142 142 142 132 132 132 127 127 127 130 130 130 137 137 137 130 130 130 136 136 136 100 100 100 131 131 131 141 141 141 100 100 100 103 103 103 99 99 99 141 141 141 105 105 105 100 100 100 141 141 141 144 144 144 145 145 145 140 140 140 131 131 131 133 133 133 140 140 140 146 146 146 144 144 144 142 142 142 133 133 133 132 132 132 142 142 142 147 147 147 146 146 146 143 143 143 148 148 148 147 147 147 143 143 143 132 132 132 137 137 137 105 105 105 149 149 149 106 106 106 105 105 105 141 141 141 145 145 145 144 144 144 141 141 141 140 140 140 144 144 144 150 150 150 149 149 149 146 146 146 151 151 151 150 150 150 146 146 146 140 140 140 142 142 142 147 147 147 142 142 142 143 143 143 147 147 147 152 152 152 151 151 151 153 153 153 154 154 154 155 155 155 153 153 153 155 155 155 156 156 156 155 155 155 157 157 157 156 156 156 155 155 155 158 158 158 159 159 159 156 156 156 160 160 160 161 161 161 156 156 156 162 162 162 163 163 163 159 159 159 157 157 157 155 155 155 159 159 159 164 164 164 157 157 157 159 159 159 165 165 165 166 166 166 157 157 157 167 167 167 162 162 162 157 157 157 162 162 162 156 156 156 166 166 166 164 164 164 159 159 159 166 166 166 168 168 168 169 169 169 166 166 166 165 165 165 168 168 168 166 166 166 170 170 170 164 164 164 164 164 164 167 167 167 157 157 157 161 161 161 160 160 160 171 171 171 160 160 160 172 172 172 173 173 173 160 160 160 156 156 156 163 163 163 171 171 171 174 174 174 175 175 175 171 171 171 173 173 173 139 139 139 163 163 163 172 172 172 160 160 160 163 163 163 148 148 148 172 172 172 162 162 162 152 152 152 148 148 148 162 162 162 148 148 148 163 163 163 167 167 167 152 152 152 162 162 162 167 167 167 164 164 164 170 170 170 167 167 167 170 170 170 176 176 176 173 173 173 171 171 171 160 160 160 173 173 173 136 136 136 139 139 139 173 173 173 172 172 172 137 137 137 173 173 173 137 137 137 136 136 136 139 139 139 177 177 177 171 171 171 139 139 139 136 136 136 135 135 135 172 172 172 143 143 143 137 137 137 148 148 148 143 143 143 172 172 172 152 152 152 147 147 147 148 148 148 152 152 152 167 167 167 176 176 176 152 152 152 176 176 176 151 151 151 178 178 178 35 35 35 179 179 179 178 178 178 180 180 180 36 36 36 35 35 35 122 122 122 123 123 123 35 35 35 178 178 178 31 31 31 179 179 179 123 123 123 181 181 181 179 179 179 182 182 182 178 178 178 123 123 123 104 104 104 106 106 106 123 123 123 179 179 179 35 35 35 181 181 181 106 106 106 149 149 149 181 181 181 183 183 183 179 179 179 106 106 106 181 181 181 123 123 123 106 106 106 103 103 103 105 105 105 149 149 149 105 105 105 145 145 145 149 149 149 145 145 145 144 144 144 182 182 182 179 179 179 183 183 183 183 183 183 181 181 181 184 184 184 183 183 183 169 169 169 182 182 182 184 184 184 150 150 150 151 151 151 150 150 150 144 144 144 146 146 146 150 150 150 184 184 184 181 181 181 150 150 150 181 181 181 149 149 149 169 169 169 180 180 180 182 182 182 169 169 169 168 168 168 180 180 180 169 169 169 183 183 183 170 170 170 170 170 170 166 166 166 169 169 169 176 176 176 170 170 170 183 183 183 176 176 176 183 183 183 184 184 184 151 151 151 176 176 176 184 184 184 151 151 151 146 146 146 147 147 147 59 59 59 185 185 185 57 57 57 185 185 185 59 59 59 186 186 186 185 185 185 187 187 187 188 188 188 57 57 57 55 55 55 59 59 59 186 186 186 189 189 189 185 185 185 186 186 186 58 58 58 190 190 190 186 186 186 191 191 191 192 192 192 58 58 58 186 186 186 59 59 59 58 58 58 80 80 80 84 84 84 58 58 58 55 55 55 65 65 65 190 190 190 84 84 84 193 193 193 190 190 190 194 194 194 191 191 191 84 84 84 190 190 190 58 58 58 84 84 84 195 195 195 193 193 193 193 193 193 196 196 196 194 194 194 195 195 195 84 84 84 83 83 83 195 195 195 121 121 121 197 197 197 83 83 83 80 80 80 86 86 86 189 189 189 186 186 186 192 192 192 192 192 192 198 198 198 189 189 189 192 192 192 199 199 199 200 200 200 191 191 191 199 199 199 192 192 192 191 191 191 201 201 201 199 199 199 191 191 191 186 186 186 190 190 190 194 194 194 190 190 190 193 193 193 194 194 194 201 201 201 191 191 191 194 194 194 202 202 202 201 201 201 196 196 196 193 193 193 195 195 195 196 196 196 202 202 202 194 194 194 198 198 198 203 203 203 204 204 204 198 198 198 205 205 205 206 206 206 198 198 198 192 192 192 200 200 200 200 200 200 207 207 207 203 203 203 199 199 199 207 207 207 200 200 200 199 199 199 208 208 208 207 207 207 201 201 201 208 208 208 199 199 199 201 201 201 209 209 209 208 208 208 202 202 202 209 209 209 201 201 201 203 203 203 198 198 198 200 200 200 42 42 42 38 38 38 32 32 32 42 42 42 37 37 37 210 210 210 38 38 38 211 211 211 212 212 212 38 38 38 213 213 213 214 214 214 39 39 39 212 212 212 117 117 117 213 213 213 210 210 210 215 215 215 213 213 213 38 38 38 42 42 42 213 213 213 216 216 216 214 214 214 214 214 214 211 211 211 38 38 38 214 214 214 217 217 217 211 211 211 218 218 218 216 216 216 213 213 213 218 218 218 215 215 215 219 219 219 218 218 218 220 220 220 216 216 216 216 216 216 217 217 217 214 214 214 216 216 216 221 221 221 217 217 217 222 222 222 219 219 219 223 223 223 222 222 222 223 223 223 224 224 224 222 222 222 220 220 220 218 218 218 222 222 222 225 225 225 220 220 220 220 220 220 221 221 221 216 216 216 212 212 212 39 39 39 38 38 38 212 212 212 226 226 226 197 197 197 117 117 117 118 118 118 116 116 116 117 117 117 197 197 197 121 121 121 211 211 211 226 226 226 212 212 212 211 211 211 227 227 227 226 226 226 217 217 217 227 227 227 211 211 211 217 217 217 228 228 228 227 227 227 221 221 221 229 229 229 228 228 228 221 221 221 220 220 220 230 230 230 221 221 221 228 228 228 217 217 217 197 197 197 196 196 196 195 195 195 197 197 197 117 117 117 212 212 212 121 121 121 195 195 195 83 83 83 226 226 226 196 196 196 197 197 197 226 226 226 202 202 202 196 196 196 227 227 227 202 202 202 226 226 226 227 227 227 209 209 209 202 202 202 228 228 228 231 231 231 209 209 209 228 228 228 209 209 209 227 227 227 52 52 52 50 50 50 232 232 232 52 52 52 44 44 44 50 50 50 52 52 52 233 233 233 45 45 45 50 50 50 234 234 234 235 235 235 50 50 50 236 236 236 234 234 234 49 49 49 48 48 48 237 237 237 49 49 49 237 237 237 236 236 236 236 236 236 237 237 237 238 238 238 236 236 236 239 239 239 240 240 240 236 236 236 238 238 238 239 239 239 236 236 236 50 50 50 49 49 49 234 234 234 236 236 236 240 240 240 234 234 234 240 240 240 241 241 241 240 240 240 203 203 203 207 207 207 240 240 240 239 239 239 203 203 203 239 239 239 238 238 238 205 205 205 239 239 239 205 205 205 204 204 204 239 239 239 204 204 204 203 203 203 242 242 242 52 52 52 232 232 232 242 242 242 232 232 232 230 230 230 242 242 242 243 243 243 233 233 233 232 232 232 50 50 50 235 235 235 232 232 232 235 235 235 229 229 229 235 235 235 234 234 234 241 241 241 235 235 235 241 241 241 231 231 231 241 241 241 240 240 240 207 207 207 241 241 241 207 207 207 208 208 208 225 225 225 230 230 230 220 220 220 225 225 225 242 242 242 230 230 230 225 225 225 224 224 224 243 243 243 230 230 230 229 229 229 221 221 221 230 230 230 232 232 232 229 229 229 229 229 229 235 235 235 231 231 231 229 229 229 231 231 231 228 228 228 231 231 231 241 241 241 208 208 208 231 231 231 208 208 208 209 209 209 244 244 244 245 245 245 246 246 246 244 244 244 247 247 247 248 248 248 244 244 244 248 248 248 245 245 245 244 244 244 249 249 249 247 247 247 245 245 245 250 250 250 246 246 246 246 246 246 251 251 251 252 252 252 246 246 246 253 253 253 254 254 254 250 250 250 245 245 245 255 255 255 250 250 250 256 256 256 253 253 253 255 255 255 257 257 257 250 250 250 255 255 255 248 248 248 258 258 258 257 257 257 255 255 255 259 259 259 259 259 259 260 260 260 261 261 261 259 259 259 262 262 262 260 260 260 259 259 259 263 263 263 257 257 257 252 252 252 251 251 251 154 154 154 251 251 251 264 264 264 265 265 265 251 251 251 246 246 246 254 254 254 154 154 154 265 265 265 158 158 158 154 154 154 153 153 153 266 266 266 254 254 254 267 267 267 264 264 264 253 253 253 268 268 268 267 267 267 253 253 253 246 246 246 250 250 250 256 256 256 257 257 257 263 263 263 256 256 256 250 250 250 257 257 257 256 256 256 263 263 263 269 269 269 265 265 265 270 270 270 271 271 271 265 265 265 154 154 154 251 251 251 158 158 158 271 271 271 165 165 165 158 158 158 155 155 155 154 154 154 264 264 264 272 272 272 270 270 270 264 264 264 251 251 251 254 254 254 267 267 267 254 254 254 253 253 253 267 267 267 273 273 273 272 272 272 268 268 268 269 269 269 274 274 274 268 268 268 256 256 256 269 269 269 268 268 268 253 253 253 256 256 256 271 271 271 158 158 158 265 265 265 165 165 165 159 159 159 158 158 158 165 165 165 275 275 275 168 168 168 270 270 270 275 275 275 271 271 271 270 270 270 265 265 265 264 264 264 272 272 272 276 276 276 270 270 270 272 272 272 264 264 264 267 267 267 273 273 273 268 268 268 274 274 274 273 273 273 267 267 267 268 268 268 273 273 273 277 277 277 272 272 272 278 278 278 233 233 233 279 279 279 233 233 233 52 52 52 242 242 242 233 233 233 278 278 278 45 45 45 279 279 279 280 280 280 278 278 278 279 279 279 243 243 243 281 281 281 243 243 243 242 242 242 225 225 225 243 243 243 279 279 279 233 233 233 281 281 281 224 224 224 282 282 282 281 281 281 283 283 283 279 279 279 224 224 224 225 225 225 222 222 222 224 224 224 281 281 281 243 243 243 282 282 282 284 284 284 285 285 285 282 282 282 223 223 223 284 284 284 223 223 223 282 282 282 224 224 224 223 223 223 286 286 286 284 284 284 280 280 280 287 287 287 51 51 51 280 280 280 51 51 51 278 278 278 280 280 280 279 279 279 283 283 283 283 283 283 281 281 281 288 288 288 283 283 283 261 261 261 280 280 280 288 288 288 289 289 289 274 274 274 289 289 289 288 288 288 281 281 281 289 289 289 281 281 281 282 282 282 289 289 289 285 285 285 290 290 290 285 285 285 289 289 289 282 282 282 285 285 285 286 286 286 291 291 291 261 261 261 283 283 283 263 263 263 261 261 261 260 260 260 287 287 287 261 261 261 287 287 287 280 280 280 263 263 263 259 259 259 261 261 261 269 269 269 263 263 263 283 283 283 269 269 269 283 283 283 288 288 288 274 274 274 269 269 269 288 288 288 274 274 274 290 290 290 273 273 273 290 290 290 291 291 291 277 277 277 290 290 290 274 274 274 289 289 289 36 36 36 31 31 31 178 178 178 36 36 36 210 210 210 37 37 37 210 210 210 36 36 36 292 292 292 210 210 210 213 213 213 42 42 42 292 292 292 180 180 180 293 293 293 292 292 292 215 215 215 210 210 210 180 180 180 178 178 178 182 182 182 180 180 180 292 292 292 36 36 36 293 293 293 168 168 168 275 275 275 293 293 293 276 276 276 294 294 294 293 293 293 295 295 295 292 292 292 168 168 168 293 293 293 180 180 180 275 275 275 270 270 270 276 276 276 275 275 275 165 165 165 271 271 271 215 215 215 218 218 218 213 213 213 215 215 215 292 292 292 295 295 295 295 295 295 219 219 219 215 215 215 295 295 295 291 291 291 286 286 286 295 295 295 293 293 293 294 294 294 294 294 294 277 277 277 291 291 291 276 276 276 293 293 293 275 275 275 276 276 276 272 272 272 277 277 277 219 219 219 295 295 295 286 286 286 219 219 219 222 222 222 218 218 218 286 286 286 285 285 285 284 284 284 286 286 286 223 223 223 219 219 219 291 291 291 290 290 290 285 285 285 291 291 291 295 295 295 294 294 294 277 277 277 273 273 273 290 290 290 277 277 277 294 294 294 276 276 276 66 66 66 296 296 296 297 297 297 66 66 66 63 63 63 54 54 54 66 66 66 56 56 56 298 298 298 66 66 66 54 54 54 56 56 56 296 296 296 66 66 66 298 298 298 297 297 297 299 299 299 300 300 300 297 297 297 67 67 67 66 66 66 298 298 298 56 56 56 57 57 57 298 298 298 57 57 57 301 301 301 298 298 298 301 301 301 302 302 302 299 299 299 297 297 297 296 296 296 299 299 299 303 303 303 304 304 304 299 299 299 302 302 302 303 303 303 300 300 300 305 305 305 306 306 306 305 305 305 304 304 304 307 307 307 305 305 305 300 300 300 299 299 299 306 306 306 308 308 308 309 309 309 308 308 308 306 306 306 305 305 305 308 308 308 305 305 305 310 310 310 308 308 308 311 311 311 312 312 312 67 67 67 297 297 297 313 313 313 313 313 313 76 76 76 67 67 67 314 314 314 315 315 315 316 316 316 314 314 314 313 313 313 297 297 297 314 314 314 297 297 297 300 300 300 315 315 315 309 309 309 317 317 317 315 315 315 314 314 314 300 300 300 315 315 315 300 300 300 306 306 306 309 309 309 315 315 315 306 306 306 76 76 76 63 63 63 67 67 67 76 76 76 313 313 313 318 318 318 76 76 76 75 75 75 69 69 69 76 76 76 69 69 69 63 63 63 319 319 319 313 313 313 314 314 314 319 319 319 318 318 318 313 313 313 316 316 316 319 319 319 314 314 314 316 316 316 317 317 317 320 320 320 317 317 317 316 316 316 315 315 315 321 321 321 77 77 77 76 76 76 321 321 321 76 76 76 318 318 318 322 322 322 321 321 321 318 318 318 322 322 322 318 318 318 319 319 319 323 323 323 322 322 322 319 319 319 323 323 323 319 319 319 316 316 316 320 320 320 323 323 323 316 316 316 24 24 24 19 19 19 324 324 324 24 24 24 30 30 30 25 25 25 30 30 30 325 325 325 326 326 326 30 30 30 327 327 327 328 328 328 26 26 26 329 329 329 27 27 27 26 26 26 326 326 326 330 330 330 327 327 327 331 331 331 328 328 328 327 327 327 30 30 30 24 24 24 327 327 327 324 324 324 332 332 332 328 328 328 325 325 325 30 30 30 328 328 328 333 333 333 325 325 325 334 334 334 331 331 331 327 327 327 334 334 334 332 332 332 335 335 335 334 334 334 336 336 336 331 331 331 331 331 331 337 337 337 333 333 333 331 331 331 333 333 333 328 328 328 338 338 338 339 339 339 340 340 340 338 338 338 335 335 335 339 339 339 338 338 338 341 341 341 336 336 336 338 338 338 336 336 336 334 334 334 336 336 336 337 337 337 331 331 331 326 326 326 342 342 342 312 312 312 326 326 326 26 26 26 30 30 30 330 330 330 312 312 312 311 311 311 325 325 325 343 343 343 342 342 342 325 325 325 342 342 342 326 326 326 333 333 333 343 343 343 325 325 325 333 333 333 344 344 344 343 343 343 337 337 337 344 344 344 333 333 333 337 337 337 336 336 336 345 345 345 337 337 337 346 346 346 344 344 344 312 312 312 309 309 309 308 308 308 312 312 312 330 330 330 326 326 326 311 311 311 308 308 308 310 310 310 311 311 311 307 307 307 347 347 347 342 342 342 317 317 317 309 309 309 342 342 342 309 309 309 312 312 312 343 343 343 317 317 317 342 342 342 343 343 343 320 320 320 317 317 317 344 344 344 320 320 320 343 343 343 344 344 344 348 348 348 320 320 320 11 11 11 349 349 349 8 8 8 11 11 11 7 7 7 350 350 350 11 11 11 0 0 0 7 7 7 7 7 7 351 351 351 352 352 352 7 7 7 353 353 353 351 351 351 4 4 4 3 3 3 95 95 95 4 4 4 95 95 95 353 353 353 353 353 353 354 354 354 355 355 355 353 353 353 95 95 95 73 73 73 353 353 353 73 73 73 354 354 354 353 353 353 7 7 7 4 4 4 351 351 351 353 353 353 355 355 355 351 351 351 355 355 355 356 356 356 355 355 355 354 354 354 321 321 321 355 355 355 321 321 321 322 322 322 354 354 354 73 73 73 75 75 75 354 354 354 75 75 75 77 77 77 354 354 354 77 77 77 321 321 321 357 357 357 11 11 11 350 350 350 357 357 357 358 358 358 349 349 349 357 357 357 350 350 350 345 345 345 350 350 350 7 7 7 352 352 352 350 350 350 352 352 352 346 346 346 352 352 352 351 351 351 356 356 356 352 352 352 356 356 356 348 348 348 356 356 356 355 355 355 322 322 322 356 356 356 322 322 322 323 323 323 341 341 341 340 340 340 358 358 358 341 341 341 345 345 345 336 336 336 341 341 341 357 357 357 345 345 345 345 345 345 346 346 346 337 337 337 345 345 345 350 350 350 346 346 346 346 346 346 348 348 348 344 344 344 346 346 346 352 352 352 348 348 348 348 348 348 356 356 356 323 323 323 348 348 348 323 323 323 320 320 320 359 359 359 360 360 360 361 361 361 360 360 360 362 362 362 363 363 363 360 360 360 364 364 364 365 365 365 361 361 361 363 363 363 366 366 366 361 361 361 367 367 367 368 368 368 361 361 361 360 360 360 363 363 363 363 363 363 362 362 362 369 369 369 362 362 362 365 365 365 370 370 370 362 362 362 371 371 371 369 369 369 369 369 369 372 372 372 363 363 363 371 371 371 373 373 373 369 369 369 371 371 371 370 370 370 374 374 374 368 368 368 367 367 367 375 375 375 367 367 367 376 376 376 377 377 377 367 367 367 361 361 361 376 376 376 375 375 375 378 378 378 379 379 379 375 375 375 379 379 379 380 380 380 375 375 375 367 367 367 381 381 381 376 376 376 366 366 366 382 382 382 376 376 376 361 361 361 366 366 366 366 366 366 372 372 372 383 383 383 366 366 366 363 363 363 372 372 372 372 372 372 373 373 373 384 384 384 372 372 372 369 369 369 373 373 373 385 385 385 375 375 375 381 381 381 385 385 385 381 381 381 386 386 386 381 381 381 367 367 367 377 377 377 381 381 381 377 377 377 387 387 387 377 377 377 376 376 376 382 382 382 377 377 377 382 382 382 388 388 388 382 382 382 383 383 383 389 389 389 382 382 382 366 366 366 383 383 383 383 383 383 372 372 372 384 384 384 383 383 383 384 384 384 390 390 390 391 391 391 392 392 392 393 393 393 391 391 391 385 385 385 386 386 386 391 391 391 394 394 394 378 378 378 386 386 386 381 381 381 387 387 387 387 387 387 392 392 392 386 386 386 387 387 387 377 377 377 388 388 388 388 388 388 382 382 382 389 389 389 388 388 388 395 395 395 387 387 387 389 389 389 396 396 396 388 388 388 389 389 389 383 383 383 390 390 390 397 397 397 398 398 398 10 10 10 397 397 397 349 349 349 399 399 399 349 349 349 397 397 397 8 8 8 349 349 349 11 11 11 357 357 357 399 399 399 400 400 400 397 397 397 399 399 399 358 358 358 401 401 401 358 358 358 357 357 357 341 341 341 358 358 358 399 399 399 349 349 349 401 401 401 402 402 402 399 399 399 401 401 401 340 340 340 403 403 403 340 340 340 401 401 401 358 358 358 340 340 340 341 341 341 338 338 338 403 403 403 339 339 339 404 404 404 403 403 403 404 404 404 405 405 405 339 339 339 403 403 403 340 340 340 339 339 339 406 406 406 404 404 404 400 400 400 407 407 407 398 398 398 400 400 400 399 399 399 402 402 402 402 402 402 408 408 408 400 400 400 402 402 402 401 401 401 409 409 409 409 409 409 410 410 410 390 390 390 410 410 410 405 405 405 411 411 411 410 410 410 401 401 401 403 403 403 410 410 410 409 409 409 401 401 401 405 405 405 410 410 410 403 403 403 405 405 405 406 406 406 412 412 412 408 408 408 374 374 374 407 407 407 408 408 408 402 402 402 373 373 373 373 373 373 371 371 371 408 408 408 384 384 384 402 402 402 409 409 409 384 384 384 373 373 373 402 402 402 390 390 390 384 384 384 409 409 409 390 390 390 411 411 411 389 389 389 411 411 411 412 412 412 396 396 396 411 411 411 390 390 390 410 410 410 23 23 23 324 324 324 19 19 19 324 324 324 23 23 23 413 413 413 324 324 324 327 327 327 24 24 24 413 413 413 414 414 414 415 415 415 413 413 413 332 332 332 324 324 324 414 414 414 413 413 413 23 23 23 415 415 415 416 416 416 413 413 413 415 415 415 395 395 395 417 417 417 415 415 415 393 393 393 392 392 392 393 393 393 418 418 418 419 419 419 393 393 393 415 415 415 414 414 414 392 392 392 391 391 391 386 386 386 392 392 392 387 387 387 395 395 395 332 332 332 413 413 413 416 416 416 332 332 332 334 334 334 327 327 327 416 416 416 415 415 415 417 417 417 416 416 416 412 412 412 406 406 406 416 416 416 335 335 335 332 332 332 417 417 417 396 396 396 412 412 412 395 395 395 388 388 388 396 396 396 395 395 395 415 415 415 392 392 392 335 335 335 416 416 416 406 406 406 335 335 335 338 338 338 334 334 334 406 406 406 339 339 339 335 335 335 406 406 406 405 405 405 404 404 404 412 412 412 411 411 411 405 405 405 412 412 412 416 416 416 417 417 417 396 396 396 417 417 417 395 395 395 396 396 396 389 389 389 411 411 411 302 302 302 299 299 299 296 296 296 302 302 302 296 296 296 298 298 298 302 302 302 188 188 188 420 420 420 188 188 188 302 302 302 301 301 301 420 420 420 303 303 303 302 302 302 420 420 420 187 187 187 421 421 421 420 420 420 421 421 421 422 422 422 301 301 301 57 57 57 185 185 185 301 301 301 185 185 185 188 188 188 187 187 187 420 420 420 188 188 188 187 187 187 185 185 185 189 189 189 187 187 187 189 189 189 198 198 198 187 187 187 198 198 198 206 206 206 421 421 421 423 423 423 424 424 424 421 421 421 206 206 206 423 423 423 206 206 206 421 421 421 187 187 187 206 206 206 205 205 205 425 425 425 423 423 423 425 425 425 426 426 426 423 423 423 206 206 206 425 425 425 425 425 425 238 238 238 427 427 427 205 205 205 198 198 198 204 204 204 303 303 303 420 420 420 428 428 428 428 428 428 304 304 304 303 303 303 428 428 428 422 422 422 429 429 429 428 428 428 420 420 420 422 422 422 422 422 422 424 424 424 430 430 430 422 422 422 421 421 421 424 424 424 424 424 424 426 426 426 431 431 431 424 424 424 423 423 423 426 426 426 304 304 304 432 432 432 433 433 433 304 304 304 305 305 305 299 299 299 304 304 304 428 428 428 432 432 432 432 432 432 428 428 428 429 429 429 432 432 432 429 429 429 434 434 434 429 429 429 430 430 430 435 435 435 429 429 429 422 422 422 430 430 430 430 430 430 431 431 431 436 436 436 430 430 430 424 424 424 431 431 431 307 307 307 304 304 304 433 433 433 307 307 307 311 311 311 310 310 310 307 307 307 310 310 310 305 305 305 433 433 433 432 432 432 434 434 434 434 434 434 429 429 429 435 435 435 435 435 435 430 430 430 436 436 436 46 46 46 53 53 53 47 47 47 46 46 46 43 43 43 437 437 437 53 53 53 438 438 438 439 439 439 53 53 53 440 440 440 441 441 441 48 48 48 441 441 441 237 237 237 438 438 438 442 442 442 439 439 439 438 438 438 53 53 53 46 46 46 438 438 438 437 437 437 443 443 443 439 439 439 440 440 440 53 53 53 439 439 439 444 444 444 440 440 440 445 445 445 442 442 442 438 438 438 445 445 445 443 443 443 446 446 446 445 445 445 447 447 447 442 442 442 442 442 442 444 444 444 439 439 439 442 442 442 448 448 448 444 444 444 449 449 449 446 446 446 450 450 450 449 449 449 447 447 447 445 445 445 449 449 449 451 451 451 447 447 447 449 449 449 450 450 450 452 452 452 447 447 447 448 448 448 442 442 442 441 441 441 48 48 48 53 53 53 441 441 441 453 453 453 427 427 427 237 237 237 427 427 427 238 238 238 440 440 440 453 453 453 441 441 441 440 440 440 454 454 454 453 453 453 444 444 444 454 454 454 440 440 440 444 444 444 455 455 455 454 454 454 448 448 448 455 455 455 444 444 444 448 448 448 456 456 456 455 455 455 448 448 448 447 447 447 457 457 457 427 427 427 237 237 237 441 441 441 427 427 427 426 426 426 425 425 425 238 238 238 425 425 425 205 205 205 453 453 453 426 426 426 427 427 427 453 453 453 431 431 431 426 426 426 454 454 454 436 436 436 431 431 431 454 454 454 431 431 431 453 453 453 455 455 455 436 436 436 454 454 454 455 455 455 458 458 458 436 436 436 29 29 29 459 459 459 21 21 21 29 29 29 28 28 28 460 460 460 29 29 29 20 20 20 28 28 28 28 28 28 329 329 329 461 461 461 28 28 28 461 461 461 462 462 462 329 329 329 347 347 347 463 463 463 329 329 329 28 28 28 27 27 27 329 329 329 26 26 26 330 330 330 329 329 329 311 311 311 347 347 347 329 329 329 330 330 330 311 311 311 461 461 461 329 329 329 463 463 463 461 461 461 463 463 463 464 464 464 463 463 463 433 433 433 434 434 434 463 463 463 347 347 347 433 433 433 347 347 347 307 307 307 433 433 433 465 465 465 460 460 460 457 457 457 465 465 465 29 29 29 460 460 460 465 465 465 466 466 466 459 459 459 460 460 460 28 28 28 462 462 462 460 460 460 462 462 462 456 456 456 462 462 462 461 461 461 464 464 464 462 462 462 464 464 464 458 458 458 464 464 464 463 463 463 434 434 434 464 464 464 434 434 434 435 435 435 451 451 451 457 457 457 447 447 447 451 451 451 452 452 452 466 466 466 451 451 451 465 465 465 457 457 457 457 457 457 460 460 460 456 456 456 457 457 457 456 456 456 448 448 448 456 456 456 458 458 458 455 455 455 456 456 456 462 462 462 458 458 458 458 458 458 464 464 464 435 435 435 458 458 458 435 435 435 436 436 436 380 380 380 467 467 467 375 375 375 380 380 380 379 379 379 468 468 468 468 468 468 469 469 469 470 470 470 471 471 471 472 472 472 473 473 473 471 471 471 468 468 468 379 379 379 471 471 471 379 379 379 378 378 378 378 378 378 375 375 375 385 385 385 378 378 378 385 385 385 391 391 391 472 472 472 471 471 471 378 378 378 472 472 472 378 378 378 394 394 394 394 394 394 474 474 474 472 472 472 394 394 394 393 393 393 419 419 419 394 394 394 391 391 391 393 393 393 470 470 470 469 469 469 248 248 248 469 469 469 468 468 468 475 475 475 248 248 248 255 255 255 245 245 245 475 475 475 476 476 476 477 477 477 476 476 476 473 473 473 478 478 478 476 476 476 475 475 475 468 468 468 476 476 476 468 468 468 471 471 471 476 476 476 471 471 471 473 473 473 473 473 473 474 474 474 479 479 479 473 473 473 472 472 472 474 474 474 480 480 480 258 258 258 248 248 248 480 480 480 248 248 248 469 469 469 481 481 481 477 477 477 482 482 482 481 481 481 480 480 480 469 469 469 481 481 481 469 469 469 475 475 475 477 477 477 478 478 478 483 483 483 477 477 477 481 481 481 475 475 475 478 478 478 473 473 473 479 479 479 478 478 478 479 479 479 484 484 484 478 478 478 477 477 477 476 476 476 485 485 485 262 262 262 258 258 258 485 485 485 258 258 258 480 480 480 262 262 262 255 255 255 258 258 258 262 262 262 259 259 259 255 255 255 262 262 262 486 486 486 260 260 260 487 487 487 486 486 486 485 485 485 487 487 487 480 480 480 481 481 481 487 487 487 485 485 485 480 480 480 482 482 482 488 488 488 487 487 487 482 482 482 487 487 487 481 481 481 483 483 483 489 489 489 482 482 482 483 483 483 478 478 478 484 484 484 483 483 483 482 482 482 477 477 477 22 22 22 19 19 19 21 21 21 22 22 22 459 459 459 490 490 490 459 459 459 29 29 29 465 465 465 459 459 459 22 22 22 21 21 21 490 490 490 418 418 418 22 22 22 490 490 490 466 466 466 491 491 491 466 466 466 465 465 465 451 451 451 466 466 466 490 490 490 459 459 459 491 491 491 452 452 452 492 492 492 491 491 491 493 493 493 490 490 490 452 452 452 491 491 491 466 466 466 452 452 452 451 451 451 449 449 449 492 492 492 450 450 450 494 494 494 492 492 492 494 494 494 495 495 495 450 450 450 492 492 492 452 452 452 450 450 450 496 496 496 494 494 494 418 418 418 490 490 490 493 493 493 418 418 418 23 23 23 22 22 22 418 418 418 393 393 393 414 414 414 418 418 418 414 414 414 23 23 23 493 493 493 419 419 419 418 418 418 493 493 493 491 491 491 497 497 497 497 497 497 498 498 498 484 484 484 498 498 498 495 495 495 499 499 499 498 498 498 497 497 497 491 491 491 498 498 498 491 491 491 492 492 492 495 495 495 498 498 498 492 492 492 495 495 495 496 496 496 500 500 500 419 419 419 493 493 493 474 474 474 474 474 474 394 394 394 419 419 419 479 479 479 474 474 474 493 493 493 479 479 479 493 493 493 497 497 497 484 484 484 499 499 499 483 483 483 484 484 484 479 479 479 497 497 497 499 499 499 484 484 484 498 498 498 499 499 499 500 500 500 489 489 489 51 51 51 437 437 437 43 43 43 51 51 51 45 45 45 278 278 278 437 437 437 438 438 438 46 46 46 437 437 437 51 51 51 501 501 501 501 501 501 287 287 287 502 502 502 501 501 501 443 443 443 437 437 437 287 287 287 501 501 501 51 51 51 502 502 502 488 488 488 503 503 503 502 502 502 260 260 260 486 486 486 502 502 502 504 504 504 501 501 501 260 260 260 502 502 502 287 287 287 486 486 486 487 487 487 488 488 488 486 486 486 262 262 262 485 485 485 443 443 443 445 445 445 438 438 438 443 443 443 501 501 501 504 504 504 504 504 504 502 502 502 503 503 503 504 504 504 446 446 446 443 443 443 504 504 504 500 500 500 496 496 496 503 503 503 489 489 489 500 500 500 488 488 488 502 502 502 486 486 486 488 488 488 482 482 482 489 489 489 446 446 446 504 504 504 496 496 496 446 446 446 449 449 449 445 445 445 496 496 496 495 495 495 494 494 494 496 496 496 450 450 450 446 446 446 500 500 500 499 499 499 495 495 495 500 500 500 504 504 504 503 503 503 489 489 489 483 483 483 499 499 499 489 489 489 503 503 503 488 488 488 505 505 505 506 506 506 507 507 507 505 505 505 508 508 508 506 506 506 508 508 508 505 505 505 509 509 509 508 508 508 510 510 510 506 506 506 508 508 508 509 509 509 511 511 511 510 510 510 508 508 508 512 512 512 266 266 266 513 513 513 514 514 514 513 513 513 266 266 266 153 153 153 513 513 513 153 153 153 515 515 515 514 514 514 513 513 513 516 516 516 247 247 247 249 249 249 517 517 517 467 467 467 518 518 518 519 519 519 520 520 520 521 521 521 522 522 522 520 520 520 523 523 523 524 524 524 523 523 523 520 520 520 522 522 522 364 364 364 359 359 359 519 519 519 364 364 364 360 360 360 359 359 359 365 365 365 362 362 362 360 360 360 370 370 370 371 371 371 362 362 362 374 374 374 408 408 408 371 371 371 407 407 407 400 400 400 408 408 408 398 398 398 397 397 397 400 400 400 10 10 10 8 8 8 397 397 397 525 525 525 526 526 526 527 527 527 526 526 526 525 525 525 528 528 528 527 527 527 526 526 526 529 529 529 527 527 527 529 529 529 530 530 530 138 138 138 135 135 135 134 134 134 134 134 134 129 129 129 128 128 128 174 174 174 515 515 515 175 175 175 174 174 174 171 171 171 177 177 177 16 16 16 14 14 14 15 15 15 128 128 128 125 125 125 124 124 124 177 177 177 139 139 139 138 138 138 124 124 124 17 17 17 16 16 16 531 531 531 532 532 532 533 533 533 531 531 531 533 533 533 534 534 534 534 534 534 535 535 535 536 536 536 534 534 534 533 533 533 537 537 537 538 538 538 539 539 539 540 540 540 539 539 539 538 538 538 541 541 541 540 540 540 542 542 542 538 538 538 535 535 535 534 534 534 537 537 537 536 536 536 535 535 535 543 543 543 521 521 521 520 520 520 532 532 532 521 521 521 532 532 532 531 531 531 543 543 543 535 535 535 542 542 542 542 542 542 540 540 540 543 543 543 544 544 544 545 545 545 546 546 546 544 544 544 547 547 547 548 548 548 544 544 544 549 549 549 550 550 550 545 545 545 551 551 551 552 552 552 545 545 545 544 544 544 550 550 550 546 546 546 545 545 545 553 553 553 550 550 550 551 551 551 545 545 545 550 550 550 554 554 554 555 555 555 556 556 556 557 557 557 558 558 558 556 556 556 559 559 559 560 560 560 556 556 556 561 561 561 562 562 562 561 561 561 563 563 563 564 564 564 561 561 561 556 556 556 560 560 560 562 562 562 561 561 561 565 565 565 560 560 560 566 566 566 567 567 567 560 560 560 563 563 563 561 561 561 568 568 568 569 569 569 570 570 570 569 569 569 571 571 571 572 572 572 570 570 570 569 569 569 573 573 573 570 570 570 573 573 573 574 574 574 573 573 573 575 575 575 576 576 576 573 573 573 569 569 569 575 575 575 577 577 577 578 578 578 579 579 579 577 577 577 580 580 580 581 581 581 577 577 577 582 582 582 583 583 583 578 578 578 584 584 584 585 585 585 578 578 578 577 577 577 581 581 581 579 579 579 586 586 586 587 587 587 581 581 581 588 588 588 589 589 589 581 581 581 584 584 584 578 578 578 590 590 590 591 591 591 592 592 592 590 590 590 593 593 593 594 594 594 590 590 590 595 595 595 596 596 596 591 591 591 597 597 597 598 598 598 591 591 591 590 590 590 594 594 594 592 592 592 591 591 591 599 599 599 594 594 594 597 597 597 591 591 591 594 594 594 600 600 600 601 601 601 602 602 602 603 603 603 604 604 604 603 603 603 605 605 605 606 606 606 603 603 603 602 602 602 607 607 607 603 603 603 608 608 608 604 604 604 607 607 607 609 609 609 603 603 603 607 607 607 610 610 610 611 611 611 610 610 610 607 607 607 602 602 602 611 611 611 612 612 612 613 613 613 611 611 611 614 614 614 607 607 607 611 611 611 615 615 615 616 616 616 612 612 612 611 611 611 610 610 610 613 613 613 617 617 617 618 618 618 613 613 613 619 619 619 615 615 615 617 617 617 613 613 613 612 612 612 618 618 618 620 620 620 621 621 621 609 609 609 607 607 607 614 614 614 609 609 609 622 622 622 605 605 605 614 614 614 611 611 611 616 616 616 614 614 614 623 623 623 609 609 609 614 614 614 624 624 624 625 625 625 616 616 616 626 626 626 624 624 624 615 615 615 611 611 611 613 613 613 615 615 615 627 627 627 626 626 626 619 619 619 613 613 613 618 618 618 623 623 623 614 614 614 625 625 625 625 625 625 628 628 628 629 629 629 625 625 625 630 630 630 623 623 623 625 625 625 629 629 629 630 630 630 624 624 624 631 631 631 628 628 628 624 624 624 614 614 614 616 616 616 626 626 626 627 627 627 631 631 631 626 626 626 616 616 616 615 615 615 627 627 627 615 615 615 619 619 619 549 549 549 632 632 632 554 554 554 549 549 549 544 544 544 633 633 633 549 549 549 554 554 554 550 550 550 554 554 554 634 634 634 621 621 621 555 555 555 635 635 635 551 551 551 555 555 555 621 621 621 620 620 620 636 636 636 632 632 632 549 549 549 636 636 636 633 633 633 637 637 637 636 636 636 638 638 638 632 632 632 632 632 632 639 639 639 634 634 634 632 632 632 634 634 634 554 554 554 640 640 640 637 637 637 641 641 641 640 640 640 642 642 642 643 643 643 640 640 640 638 638 638 636 636 636 640 640 640 644 644 644 638 638 638 638 638 638 639 639 639 632 632 632 638 638 638 645 645 645 639 639 639 643 643 643 646 646 646 647 647 647 643 643 643 644 644 644 640 640 640 643 643 643 647 647 647 644 644 644 644 644 644 648 648 648 645 645 645 644 644 644 645 645 645 638 638 638 621 621 621 619 619 619 618 618 618 621 621 621 555 555 555 554 554 554 620 620 620 618 618 618 617 617 617 634 634 634 619 619 619 621 621 621 634 634 634 627 627 627 619 619 619 639 639 639 627 627 627 634 634 634 639 639 639 631 631 631 627 627 627 645 645 645 631 631 631 639 639 639 645 645 645 649 649 649 631 631 631 631 631 631 624 624 624 626 626 626 586 586 586 578 578 578 585 585 585 586 586 586 579 579 579 578 578 578 586 586 586 585 585 585 648 648 648 585 585 585 584 584 584 650 650 650 585 585 585 650 650 650 649 649 649 584 584 584 651 651 651 650 650 650 584 584 584 581 581 581 589 589 589 650 650 650 651 651 651 629 629 629 650 650 650 629 629 629 628 628 628 651 651 651 630 630 630 629 629 629 651 651 651 589 589 589 652 652 652 651 651 651 653 653 653 630 630 630 651 651 651 652 652 652 653 653 653 630 630 630 622 622 622 623 623 623 647 647 647 586 586 586 648 648 648 647 647 647 587 587 587 586 586 586 647 647 647 648 648 648 644 644 644 648 648 648 585 585 585 649 649 649 648 648 648 649 649 649 645 645 645 649 649 649 650 650 650 628 628 628 649 649 649 628 628 628 631 631 631 628 628 628 625 625 625 624 624 624 548 548 548 633 633 633 544 544 544 633 633 633 636 636 636 549 549 549 633 633 633 548 548 548 654 654 654 654 654 654 655 655 655 656 656 656 654 654 654 657 657 657 658 658 658 654 654 654 637 637 637 633 633 633 657 657 657 654 654 654 548 548 548 657 657 657 659 659 659 658 658 658 658 658 658 660 660 660 655 655 655 659 659 659 657 657 657 661 661 661 659 659 659 662 662 662 660 660 660 661 661 661 663 663 663 659 659 659 663 663 663 661 661 661 664 664 664 663 663 663 665 665 665 666 666 666 637 637 637 654 654 654 656 656 656 637 637 637 640 640 640 636 636 636 637 637 637 667 667 667 641 641 641 656 656 656 668 668 668 667 667 667 655 655 655 654 654 654 658 658 658 655 655 655 669 669 669 668 668 668 660 660 660 658 658 658 659 659 659 660 660 660 670 670 670 669 669 669 662 662 662 659 659 659 663 663 663 667 667 667 637 637 637 656 656 656 667 667 667 642 642 642 641 641 641 668 668 668 656 656 656 655 655 655 669 669 669 655 655 655 660 660 660 669 669 669 670 670 670 671 671 671 670 670 670 660 660 660 662 662 662 572 572 572 672 672 672 673 673 673 572 572 572 575 575 575 569 569 569 575 575 575 572 572 572 674 674 674 674 674 674 673 673 673 675 675 675 674 674 674 676 676 676 666 666 666 674 674 674 665 665 665 575 575 575 673 673 673 677 677 677 678 678 678 673 673 673 674 674 674 572 572 572 673 673 673 679 679 679 675 675 675 675 675 675 676 676 676 674 674 674 675 675 675 680 680 680 676 676 676 679 679 679 680 680 680 675 675 675 679 679 679 673 673 673 678 678 678 679 679 679 681 681 681 680 680 680 678 678 678 682 682 682 679 679 679 678 678 678 683 683 683 684 684 684 678 678 678 677 677 677 683 683 683 684 684 684 682 682 682 678 678 678 684 684 684 685 685 685 686 686 686 684 684 684 683 683 683 685 685 685 682 682 682 684 684 684 686 686 686 682 682 682 681 681 681 679 679 679 682 682 682 686 686 686 687 687 687 665 665 665 674 674 674 666 666 666 665 665 665 663 663 663 664 664 664 666 666 666 662 662 662 663 663 663 676 676 676 662 662 662 666 666 666 676 676 676 670 670 670 662 662 662 680 680 680 670 670 670 676 676 676 680 680 680 671 671 671 670 670 670 681 681 681 687 687 687 688 688 688 681 681 681 682 682 682 687 687 687 681 681 681 671 671 671 680 680 680 671 671 671 681 681 681 688 688 688 671 671 671 689 689 689 669 669 669 582 582 582 577 577 577 579 579 579 582 582 582 587 587 587 690 690 690 587 587 587 647 647 647 646 646 646 587 587 587 582 582 582 579 579 579 690 690 690 646 646 646 691 691 691 690 690 690 686 686 686 582 582 582 646 646 646 643 643 643 642 642 642 646 646 646 690 690 690 587 587 587 691 691 691 692 692 692 689 689 689 692 692 692 691 691 691 646 646 646 692 692 692 646 646 646 642 642 642 692 692 692 642 642 642 667 667 667 692 692 692 667 667 667 668 668 668 642 642 642 640 640 640 641 641 641 686 686 686 690 690 690 687 687 687 686 686 686 583 583 583 582 582 582 686 686 686 685 685 685 583 583 583 688 688 688 689 689 689 671 671 671 688 688 688 687 687 687 690 690 690 688 688 688 690 690 690 691 691 691 689 689 689 668 668 668 669 669 669 689 689 689 692 692 692 668 668 668 689 689 689 688 688 688 691 691 691 606 606 606 693 693 693 608 608 608 693 693 693 606 606 606 694 694 694 608 608 608 603 603 603 606 606 606 694 694 694 605 605 605 695 695 695 694 694 694 696 696 696 693 693 693 605 605 605 694 694 694 606 606 606 605 605 605 603 603 603 609 609 609 695 695 695 697 697 697 694 694 694 695 695 695 698 698 698 699 699 699 695 695 695 622 622 622 700 700 700 622 622 622 630 630 630 653 653 653 622 622 622 695 695 695 605 605 605 622 622 622 609 609 609 623 623 623 700 700 700 701 701 701 698 698 698 700 700 700 653 653 653 702 702 702 653 653 653 700 700 700 622 622 622 702 702 702 652 652 652 703 703 703 696 696 696 694 694 694 697 697 697 696 696 696 704 704 704 705 705 705 697 697 697 706 706 706 707 707 707 697 697 697 695 695 695 699 699 699 697 697 697 708 708 708 696 696 696 699 699 699 706 706 706 697 697 697 699 699 699 709 709 709 706 706 706 698 698 698 709 709 709 699 699 699 698 698 698 695 695 695 700 700 700 698 698 698 710 710 710 709 709 709 701 701 701 700 700 700 702 702 702 708 708 708 697 697 697 707 707 707 707 707 707 711 711 711 712 712 712 707 707 707 713 713 713 708 708 708 706 706 706 714 714 714 711 711 711 709 709 709 710 710 710 714 714 714 710 710 710 698 698 698 701 701 701 580 580 580 577 577 577 715 715 715 580 580 580 716 716 716 588 588 588 580 580 580 588 588 588 581 581 581 588 588 588 717 717 717 703 703 703 589 589 589 703 703 703 652 652 652 589 589 589 651 651 651 584 584 584 718 718 718 719 719 719 716 716 716 718 718 718 716 716 716 580 580 580 718 718 718 715 715 715 720 720 720 716 716 716 721 721 721 717 717 717 716 716 716 717 717 717 588 588 588 722 722 722 723 723 723 719 719 719 722 722 722 719 719 719 718 718 718 722 722 722 724 724 724 725 725 725 722 722 722 720 720 720 724 724 724 719 719 719 726 726 726 721 721 721 719 719 719 721 721 721 716 716 716 727 727 727 723 723 723 722 722 722 727 727 727 728 728 728 723 723 723 727 727 727 725 725 725 729 729 729 723 723 723 726 726 726 719 719 719 723 723 723 730 730 730 726 726 726 703 703 703 701 701 701 702 702 702 703 703 703 589 589 589 588 588 588 652 652 652 702 702 702 653 653 653 717 717 717 701 701 701 703 703 703 717 717 717 710 710 710 701 701 701 721 721 721 714 714 714 710 710 710 721 721 721 710 710 710 717 717 717 726 726 726 714 714 714 721 721 721 726 726 726 731 731 731 714 714 714 714 714 714 706 706 706 709 709 709 599 599 599 598 598 598 730 730 730 599 599 599 591 591 591 598 598 598 599 599 599 732 732 732 592 592 592 598 598 598 597 597 597 733 733 733 598 598 598 733 733 733 731 731 731 597 597 597 594 594 594 601 601 601 597 597 597 734 734 734 733 733 733 733 733 733 734 734 734 712 712 712 733 733 733 712 712 712 711 711 711 734 734 734 601 601 601 735 735 735 734 734 734 713 713 713 712 712 712 734 734 734 736 736 736 713 713 713 734 734 734 735 735 735 736 736 736 713 713 713 707 707 707 712 712 712 728 728 728 729 729 729 732 732 732 728 728 728 599 599 599 730 730 730 728 728 728 730 730 730 723 723 723 730 730 730 598 598 598 731 731 731 730 730 730 731 731 731 726 726 726 731 731 731 733 733 733 711 711 711 731 731 731 711 711 711 714 714 714 711 711 711 707 707 707 706 706 706 737 737 737 571 571 571 568 568 568 571 571 571 569 569 569 568 568 568 571 571 571 737 737 737 738 738 738 738 738 738 739 739 739 740 740 740 738 738 738 672 672 672 571 571 571 738 738 738 741 741 741 742 742 742 741 741 741 743 743 743 742 742 742 741 741 741 738 738 738 737 737 737 742 742 742 744 744 744 739 739 739 743 743 743 741 741 741 745 745 745 743 743 743 746 746 746 744 744 744 745 745 745 747 747 747 748 748 748 745 745 745 749 749 749 743 743 743 745 745 745 748 748 748 750 750 750 749 749 749 750 750 750 751 751 751 749 749 749 751 751 751 752 752 752 749 749 749 745 745 745 750 750 750 750 750 750 753 753 753 751 751 751 750 750 750 748 748 748 753 753 753 672 672 672 754 754 754 677 677 677 672 672 672 572 572 572 571 571 571 672 672 672 738 738 738 740 740 740 740 740 740 755 755 755 754 754 754 739 739 739 738 738 738 742 742 742 739 739 739 756 756 756 755 755 755 744 744 744 742 742 742 743 743 743 744 744 744 757 757 757 756 756 756 746 746 746 743 743 743 749 749 749 746 746 746 752 752 752 758 758 758 746 746 746 749 749 749 752 752 752 754 754 754 672 672 672 740 740 740 754 754 754 683 683 683 677 677 677 677 677 677 673 673 673 672 672 672 755 755 755 759 759 759 754 754 754 755 755 755 740 740 740 739 739 739 756 756 756 739 739 739 744 744 744 756 756 756 760 760 760 755 755 755 756 756 756 757 757 757 761 761 761 757 757 757 744 744 744 746 746 746 757 757 757 746 746 746 758 758 758 757 757 757 762 762 762 761 761 761 595 595 595 590 590 590 592 592 592 595 595 595 732 732 732 763 763 763 732 732 732 595 595 595 592 592 592 732 732 732 599 599 599 728 728 728 763 763 763 751 751 751 595 595 595 763 763 763 729 729 729 764 764 764 729 729 729 728 728 728 727 727 727 729 729 729 763 763 763 732 732 732 764 764 764 765 765 765 762 762 762 765 765 765 729 729 729 725 725 725 765 765 765 725 725 725 766 766 766 765 765 765 764 764 764 729 729 729 765 765 765 766 766 766 767 767 767 725 725 725 727 727 727 722 722 722 766 766 766 725 725 725 724 724 724 766 766 766 720 720 720 768 768 768 751 751 751 753 753 753 596 596 596 751 751 751 596 596 596 595 595 595 751 751 751 763 763 763 752 752 752 758 758 758 762 762 762 757 757 757 758 758 758 752 752 752 763 763 763 758 758 758 763 763 763 764 764 764 762 762 762 765 765 765 767 767 767 762 762 762 767 767 767 761 761 761 762 762 762 758 758 758 764 764 764 767 767 767 768 768 768 769 769 769 761 761 761 769 769 769 760 760 760 583 583 583 715 715 715 577 577 577 715 715 715 718 718 718 580 580 580 715 715 715 583 583 583 770 770 770 770 770 770 685 685 685 771 771 771 770 770 770 720 720 720 715 715 715 770 770 770 769 769 769 768 768 768 685 685 685 770 770 770 583 583 583 685 685 685 759 759 759 771 771 771 771 771 771 760 760 760 769 769 769 759 759 759 755 755 755 760 760 760 759 759 759 685 685 685 683 683 683 683 683 683 754 754 754 759 759 759 720 720 720 770 770 770 768 768 768 720 720 720 766 766 766 724 724 724 720 720 720 722 722 722 718 718 718 768 768 768 767 767 767 766 766 766 769 769 769 761 761 761 767 767 767 769 769 769 770 770 770 771 771 771 760 760 760 771 771 771 759 759 759 760 760 760 756 756 756 761 761 761 772 772 772 604 604 604 773 773 773 772 772 772 602 602 602 604 604 604 772 772 772 774 774 774 775 775 775 774 774 774 772 772 772 773 773 773 774 774 774 776 776 776 777 777 777 774 774 774 777 777 777 778 778 778 775 775 775 779 779 779 772 772 772 775 775 775 780 780 780 781 781 781 773 773 773 604 604 604 608 608 608 773 773 773 608 608 608 776 776 776 780 780 780 775 775 775 774 774 774 781 781 781 782 782 782 783 783 783 781 781 781 784 784 784 775 775 775 782 782 782 778 778 778 785 785 785 782 782 782 785 785 785 786 786 786 782 782 782 781 781 781 780 780 780 783 783 783 787 787 787 788 788 788 783 783 783 789 789 789 787 787 787 789 789 789 783 783 783 782 782 782 787 787 787 790 790 790 791 791 791 779 779 779 610 610 610 602 602 602 779 779 779 602 602 602 772 772 772 779 779 779 775 775 775 784 784 784 784 784 784 781 781 781 792 792 792 784 784 784 793 793 793 779 779 779 792 792 792 794 794 794 795 795 795 794 794 794 792 792 792 781 781 781 794 794 794 781 781 781 783 783 783 794 794 794 783 783 783 788 788 788 794 794 794 788 788 788 796 796 796 793 793 793 610 610 610 779 779 779 793 793 793 612 612 612 610 610 610 793 793 793 784 784 784 797 797 797 797 797 797 798 798 798 799 799 799 800 800 800 801 801 801 798 798 798 800 800 800 784 784 784 792 792 792 800 800 800 797 797 797 784 784 784 795 795 795 800 800 800 792 792 792 795 795 795 794 794 794 796 796 796 795 795 795 796 796 796 801 801 801 559 559 559 566 566 566 560 560 560 559 559 559 802 802 802 566 566 566 559 559 559 556 556 556 803 803 803 566 566 566 804 804 804 791 791 791 567 567 567 791 791 791 790 790 790 567 567 567 805 805 805 563 563 563 806 806 806 807 807 807 802 802 802 806 806 806 803 803 803 808 808 808 806 806 806 802 802 802 559 559 559 802 802 802 804 804 804 566 566 566 802 802 802 809 809 809 804 804 804 810 810 810 811 811 811 807 807 807 810 810 810 807 807 807 806 806 806 810 810 810 808 808 808 812 812 812 810 810 810 812 812 812 813 813 813 807 807 807 814 814 814 809 809 809 807 807 807 809 809 809 802 802 802 815 815 815 813 813 813 816 816 816 815 815 815 811 811 811 810 810 810 815 815 815 817 817 817 811 811 811 811 811 811 818 818 818 814 814 814 811 811 811 814 814 814 807 807 807 791 791 791 788 788 788 787 787 787 791 791 791 567 567 567 566 566 566 790 790 790 787 787 787 789 789 789 804 804 804 788 788 788 791 791 791 804 804 804 796 796 796 788 788 788 809 809 809 796 796 796 804 804 804 809 809 809 801 801 801 796 796 796 814 814 814 801 801 801 809 809 809 814 814 814 819 819 819 801 801 801 801 801 801 800 800 800 795 795 795 553 553 553 820 820 820 546 546 546 553 553 553 552 552 552 818 818 818 553 553 553 545 545 545 552 552 552 552 552 552 821 821 821 819 819 819 552 552 552 551 551 551 821 821 821 551 551 551 550 550 550 555 555 555 551 551 551 635 635 635 821 821 821 821 821 821 635 635 635 799 799 799 821 821 821 799 799 799 798 798 798 635 635 635 822 822 822 799 799 799 635 635 635 555 555 555 620 620 620 635 635 635 617 617 617 822 822 822 635 635 635 620 620 620 617 617 617 799 799 799 822 822 822 797 797 797 822 822 822 793 793 793 797 797 797 822 822 822 617 617 617 612 612 612 822 822 822 612 612 612 793 793 793 817 817 817 816 816 816 820 820 820 817 817 817 818 818 818 811 811 811 817 817 817 553 553 553 818 818 818 818 818 818 819 819 819 814 814 814 818 818 818 552 552 552 819 819 819 819 819 819 798 798 798 801 801 801 819 819 819 821 821 821 798 798 798 798 798 798 797 797 797 800 800 800 574 574 574 576 576 576 823 823 823 574 574 574 824 824 824 570 570 570 576 576 576 574 574 574 573 573 573 576 576 576 575 575 575 665 665 665 576 576 576 665 665 665 825 825 825 823 823 823 825 825 825 826 826 826 823 823 823 827 827 827 574 574 574 823 823 823 826 826 826 828 828 828 825 825 825 823 823 823 576 576 576 825 825 825 665 665 665 664 664 664 825 825 825 664 664 664 829 829 829 825 825 825 829 829 829 830 830 830 826 826 826 830 830 830 831 831 831 826 826 826 825 825 825 830 830 830 830 830 830 829 829 829 832 832 832 829 829 829 664 664 664 661 661 661 829 829 829 661 661 661 833 833 833 833 833 833 661 661 661 657 657 657 833 833 833 657 657 657 834 834 834 833 833 833 832 832 832 829 829 829 832 832 832 833 833 833 834 834 834 832 832 832 834 834 834 835 835 835 832 832 832 836 836 836 830 830 830 827 827 827 823 823 823 837 837 837 827 827 827 838 838 838 824 824 824 827 827 827 837 837 837 839 839 839 837 837 837 823 823 823 828 828 828 837 837 837 828 828 828 840 840 840 828 828 828 831 831 831 841 841 841 828 828 828 826 826 826 831 831 831 831 831 831 830 830 830 836 836 836 836 836 836 842 842 842 831 831 831 836 836 836 832 832 832 835 835 835 836 836 836 835 835 835 843 843 843 844 844 844 827 827 827 839 839 839 844 844 844 845 845 845 838 838 838 839 839 839 846 846 846 844 844 844 839 839 839 837 837 837 840 840 840 840 840 840 828 828 828 841 841 841 840 840 840 847 847 847 839 839 839 841 841 841 831 831 831 842 842 842 841 841 841 848 848 848 840 840 840 841 841 841 842 842 842 849 849 849 842 842 842 836 836 836 843 843 843 842 842 842 850 850 850 849 849 849 547 547 547 820 820 820 851 851 851 547 547 547 544 544 544 546 546 546 820 820 820 547 547 547 546 546 546 820 820 820 553 553 553 817 817 817 851 851 851 834 834 834 547 547 547 851 851 851 816 816 816 852 852 852 816 816 816 817 817 817 815 815 815 816 816 816 851 851 851 820 820 820 852 852 852 853 853 853 850 850 850 853 853 853 813 813 813 854 854 854 853 853 853 854 854 854 855 855 855 853 853 853 852 852 852 816 816 816 853 853 853 816 816 816 813 813 813 813 813 813 815 815 815 810 810 810 854 854 854 813 813 813 812 812 812 854 854 854 808 808 808 856 856 856 834 834 834 548 548 548 547 547 547 834 834 834 657 657 657 548 548 548 834 834 834 851 851 851 835 835 835 843 843 843 835 835 835 851 851 851 843 843 843 851 851 851 852 852 852 843 843 843 850 850 850 842 842 842 850 850 850 853 853 853 855 855 855 850 850 850 843 843 843 852 852 852 850 850 850 855 855 855 849 849 849 855 855 855 856 856 856 857 857 857 849 849 849 857 857 857 848 848 848 558 558 558 803 803 803 556 556 556 803 803 803 806 806 806 559 559 559 803 803 803 558 558 558 858 858 858 858 858 858 857 857 857 856 856 856 858 858 858 808 808 808 803 803 803 858 858 858 859 859 859 860 860 860 859 859 859 858 858 858 558 558 558 859 859 859 847 847 847 860 860 860 860 860 860 848 848 848 857 857 857 847 847 847 859 859 859 846 846 846 847 847 847 840 840 840 848 848 848 846 846 846 839 839 839 847 847 847 808 808 808 854 854 854 812 812 812 808 808 808 858 858 858 856 856 856 808 808 808 810 810 810 806 806 806 856 856 856 855 855 855 854 854 854 857 857 857 858 858 858 860 860 860 857 857 857 849 849 849 855 855 855 848 848 848 860 860 860 847 847 847 848 848 848 841 841 841 849 849 849 777 777 777 861 861 861 862 862 862 861 861 861 696 696 696 705 705 705 861 861 861 777 777 777 776 776 776 861 861 861 693 693 693 696 696 696 862 862 862 778 778 778 777 777 777 862 862 862 705 705 705 863 863 863 776 776 776 608 608 608 693 693 693 776 776 776 693 693 693 861 861 861 776 776 776 774 774 774 773 773 773 705 705 705 862 862 862 861 861 861 863 863 863 864 864 864 862 862 862 863 863 863 865 865 865 866 866 866 863 863 863 704 704 704 865 865 865 704 704 704 713 713 713 736 736 736 704 704 704 708 708 708 713 713 713 704 704 704 696 696 696 708 708 708 704 704 704 863 863 863 705 705 705 865 865 865 736 736 736 867 867 867 736 736 736 865 865 865 704 704 704 867 867 867 735 735 735 868 868 868 867 867 867 869 869 869 865 865 865 778 778 778 862 862 862 864 864 864 778 778 778 780 780 780 774 774 774 778 778 778 782 782 782 780 780 780 864 864 864 863 863 863 870 870 870 864 864 864 785 785 785 778 778 778 864 864 864 870 870 870 871 871 871 870 870 870 866 866 866 872 872 872 870 870 870 863 863 863 866 866 866 866 866 866 865 865 865 869 869 869 869 869 869 873 873 873 866 866 866 785 785 785 874 874 874 786 786 786 785 785 785 864 864 864 874 874 874 874 874 874 864 864 864 871 871 871 874 874 874 875 875 875 876 876 876 871 871 871 870 870 870 872 872 872 871 871 871 877 877 877 875 875 875 872 872 872 866 866 866 873 873 873 872 872 872 873 873 873 877 877 877 593 593 593 878 878 878 600 600 600 593 593 593 600 600 600 594 594 594 593 593 593 590 590 590 879 879 879 600 600 600 880 880 880 868 868 868 601 601 601 734 734 734 597 597 597 601 601 601 868 868 868 735 735 735 881 881 881 878 878 878 593 593 593 881 881 881 882 882 882 878 878 878 881 881 881 879 879 879 883 883 883 878 878 878 880 880 880 600 600 600 878 878 878 884 884 884 880 880 880 885 885 885 886 886 886 882 882 882 885 885 885 887 887 887 888 888 888 885 885 885 882 882 882 881 881 881 885 885 885 883 883 883 887 887 887 882 882 882 884 884 884 878 878 878 882 882 882 889 889 889 884 884 884 890 890 890 886 886 886 885 885 885 890 890 890 888 888 888 891 891 891 890 890 890 892 892 892 886 886 886 886 886 886 889 889 889 882 882 882 886 886 886 893 893 893 889 889 889 868 868 868 869 869 869 867 867 867 868 868 868 601 601 601 600 600 600 735 735 735 867 867 867 736 736 736 880 880 880 869 869 869 868 868 868 880 880 880 873 873 873 869 869 869 884 884 884 877 877 877 873 873 873 884 884 884 873 873 873 880 880 880 889 889 889 877 877 877 884 884 884 889 889 889 894 894 894 877 877 877 877 877 877 871 871 871 872 872 872 565 565 565 564 564 564 893 893 893 565 565 565 561 561 561 564 564 564 565 565 565 895 895 895 562 562 562 564 564 564 563 563 563 896 896 896 564 564 564 896 896 896 894 894 894 563 563 563 805 805 805 896 896 896 563 563 563 560 560 560 567 567 567 896 896 896 805 805 805 876 876 876 896 896 896 876 876 876 875 875 875 805 805 805 786 786 786 876 876 876 805 805 805 567 567 567 790 790 790 805 805 805 789 789 789 786 786 786 805 805 805 790 790 790 789 789 789 786 786 786 789 789 789 782 782 782 786 786 786 874 874 874 876 876 876 892 892 892 565 565 565 893 893 893 892 892 892 893 893 893 886 886 886 892 892 892 891 891 891 895 895 895 893 893 893 564 564 564 894 894 894 893 893 893 894 894 894 889 889 889 894 894 894 875 875 875 877 877 877 894 894 894 896 896 896 875 875 875 875 875 875 874 874 874 871 871 871 897 897 897 568 568 568 570 570 570 897 897 897 737 737 737 568 568 568 897 897 897 824 824 824 898 898 898 824 824 824 574 574 574 827 827 827 824 824 824 897 897 897 570 570 570 898 898 898 899 899 899 897 897 897 898 898 898 838 838 838 900 900 900 838 838 838 827 827 827 844 844 844 838 838 838 898 898 898 824 824 824 900 900 900 901 901 901 902 902 902 901 901 901 900 900 900 838 838 838 901 901 901 838 838 838 845 845 845 901 901 901 845 845 845 903 903 903 901 901 901 903 903 903 904 904 904 845 845 845 846 846 846 905 905 905 845 845 845 844 844 844 846 846 846 903 903 903 905 905 905 906 906 906 903 903 903 906 906 906 907 907 907 903 903 903 845 845 845 905 905 905 905 905 905 846 846 846 859 859 859 905 905 905 859 859 859 906 906 906 899 899 899 898 898 898 908 908 908 899 899 899 737 737 737 897 897 897 899 899 899 741 741 741 737 737 737 909 909 909 908 908 908 898 898 898 909 909 909 898 898 898 900 900 900 909 909 909 902 902 902 910 910 910 902 902 902 909 909 909 900 900 900 902 902 902 901 901 901 904 904 904 902 902 902 904 904 904 911 911 911 904 904 904 907 907 907 912 912 912 904 904 904 903 903 903 907 907 907 913 913 913 747 747 747 899 899 899 913 913 913 899 899 899 908 908 908 913 913 913 748 748 748 747 747 747 747 747 747 741 741 741 899 899 899 747 747 747 745 745 745 741 741 741 914 914 914 913 913 913 908 908 908 914 914 914 915 915 915 913 913 913 914 914 914 908 908 908 909 909 909 910 910 910 902 902 902 911 911 911 910 910 910 916 916 916 914 914 914 910 910 910 914 914 914 909 909 909 910 910 910 911 911 911 917 917 917 911 911 911 904 904 904 912 912 912 911 911 911 918 918 918 917 917 917 557 557 557 556 556 556 562 562 562 557 557 557 895 895 895 919 919 919 895 895 895 565 565 565 892 892 892 895 895 895 557 557 557 562 562 562 919 919 919 906 906 906 557 557 557 919 919 919 891 891 891 920 920 920 891 891 891 892 892 892 890 890 890 891 891 891 919 919 919 895 895 895 920 920 920 921 921 921 918 918 918 921 921 921 888 888 888 922 922 922 921 921 921 891 891 891 888 888 888 921 921 921 922 922 922 923 923 923 921 921 921 920 920 920 891 891 891 888 888 888 890 890 890 885 885 885 922 922 922 888 888 888 887 887 887 922 922 922 883 883 883 924 924 924 906 906 906 919 919 919 907 907 907 906 906 906 558 558 558 557 557 557 906 906 906 859 859 859 558 558 558 912 912 912 907 907 907 919 919 919 912 912 912 919 919 919 920 920 920 912 912 912 918 918 918 911 911 911 918 918 918 923 923 923 917 917 917 918 918 918 912 912 912 920 920 920 918 918 918 921 921 921 923 923 923 923 923 923 924 924 924 925 925 925 917 917 917 925 925 925 916 916 916 596 596 596 879 879 879 590 590 590 879 879 879 881 881 881 593 593 593 879 879 879 596 596 596 926 926 926 926 926 926 753 753 753 927 927 927 926 926 926 883 883 883 879 879 879 926 926 926 925 925 925 924 924 924 753 753 753 926 926 926 596 596 596 753 753 753 915 915 915 927 927 927 927 927 927 916 916 916 925 925 925 915 915 915 753 753 753 748 748 748 915 915 915 914 914 914 916 916 916 748 748 748 913 913 913 915 915 915 883 883 883 885 885 885 881 881 881 883 883 883 922 922 922 887 887 887 883 883 883 926 926 926 924 924 924 924 924 924 923 923 923 922 922 922 925 925 925 926 926 926 927 927 927 925 925 925 917 917 917 923 923 923 916 916 916 927 927 927 915 915 915 916 916 916 910 910 910 917 917 917 928 928 928 929 929 929 930 930 930 928 928 928 931 931 931 932 932 932 929 929 929 933 933 933 934 934 934 929 929 929 935 935 935 930 930 930 930 930 930 936 936 936 931 931 931 937 937 937 934 934 934 938 938 938 937 937 937 939 939 939 940 940 940 934 934 934 940 940 940 941 941 941 934 934 934 933 933 933 938 938 938 938 938 938 942 942 942 937 937 937 938 938 938 933 933 933 943 943 943 933 933 933 932 932 932 943 943 943 933 933 933 929 929 929 928 928 928 943 943 943 944 944 944 945 945 945 941 941 941 946 946 946 929 929 929 941 941 941 929 929 929 934 934 934 941 941 941 947 947 947 946 946 946 948 948 948 949 949 949 950 950 950 948 948 948 945 945 945 944 944 944 948 948 948 942 942 942 945 945 945 949 949 949 951 951 951 952 952 952 949 949 949 953 953 953 950 950 950 949 949 949 952 952 952 954 954 954 950 950 950 953 953 953 942 942 942 955 955 955 956 956 956 957 957 957 955 955 955 958 958 958 959 959 959 955 955 955 959 959 959 960 960 960 956 956 956 936 936 936 957 957 957 956 956 956 955 955 955 961 961 961 961 961 961 962 962 962 956 956 956 952 952 952 963 963 963 954 954 954 963 963 963 964 964 964 965 965 965 963 963 963 966 966 966 954 954 954 963 963 963 952 952 952 967 967 967 963 963 963 965 965 965 968 968 968 954 954 954 969 969 969 949 949 949 954 954 954 970 970 970 969 969 969 967 967 967 951 951 951 971 971 971 967 967 967 972 972 972 964 964 964 973 973 973 974 974 974 975 975 975 973 973 973 964 964 964 974 974 974 974 974 974 976 976 976 975 975 975 974 974 974 964 964 964 972 972 972 975 975 975 977 977 977 973 973 973 976 976 976 978 978 978 979 979 979 976 976 976 972 972 972 980 980 980 976 976 976 979 979 979 960 960 960 972 972 972 976 976 976 974 974 974 972 972 972 967 967 967 971 971 971 972 972 972 981 981 981 980 980 980 964 964 964 963 963 963 967 967 967 971 971 971 981 981 981 972 972 972 971 971 971 944 944 944 981 981 981 971 971 971 951 951 951 944 944 944 942 942 942 948 948 948 950 950 950 942 942 942 938 938 938 945 945 945 945 945 945 938 938 938 943 943 943 951 951 951 949 949 949 948 948 948 951 951 951 948 948 948 944 944 944 951 951 951 967 967 967 952 952 952 944 944 944 943 943 943 981 981 981 962 962 962 931 931 931 956 956 956 947 947 947 941 941 941 982 982 982 982 982 982 939 939 939 983 983 983 982 982 982 941 941 941 940 940 940 965 965 965 964 964 964 973 973 973 936 936 936 956 956 956 931 931 931 936 936 936 958 958 958 957 957 957 936 936 936 930 930 930 935 935 935 931 931 931 928 928 928 930 930 930 960 960 960 984 984 984 975 975 975 960 960 960 975 975 975 976 976 976 960 960 960 979 979 979 961 961 961 960 960 960 961 961 961 955 955 955 979 979 979 962 962 962 961 961 961 932 932 932 931 931 931 962 962 962 932 932 932 933 933 933 928 928 928 968 968 968 965 965 965 977 977 977 977 977 977 965 965 965 973 973 973 977 977 977 975 975 975 984 984 984 953 953 953 939 939 939 942 942 942 953 953 953 949 949 949 969 969 969 953 953 953 970 970 970 983 983 983 953 953 953 983 983 983 939 939 939 939 939 939 937 937 937 942 942 942 939 939 939 982 982 982 940 940 940 958 958 958 955 955 955 957 957 957 981 981 981 985 985 985 980 980 980 981 981 981 943 943 943 985 985 985 985 985 985 932 932 932 978 978 978 985 985 985 943 943 943 932 932 932 980 980 980 978 978 978 976 976 976 980 980 980 985 985 985 978 978 978 978 978 978 932 932 932 962 962 962 978 978 978 962 962 962 979 979 979 935 935 935 958 958 958 936 936 936 935 935 935 947 947 947 958 958 958 935 935 935 946 946 946 947 947 947 935 935 935 929 929 929 946 946 946 984 984 984 960 960 960 959 959 959 966 966 966 963 963 963 968 968 968 940 940 940 934 934 934 937 937 937 970 970 970 953 953 953 969 969 969 970 970 970 954 954 954 966 966 966 986 986 986 987 987 987 988 988 988 986 986 986 989 989 989 990 990 990 987 987 987 986 986 986 990 990 990 988 988 988 991 991 991 986 986 986 988 988 988 992 992 992 993 993 993 990 990 990 994 994 994 987 987 987 990 990 990 995 995 995 996 996 996 991 991 991 997 997 997 986 986 986 991 991 991 988 988 988 998 998 998 998 998 998 993 993 993 999 999 999 998 998 998 1000 1000 1000 991 991 991 997 997 997 991 991 991 1001 1001 1001 997 997 997 1002 1002 1002 989 989 989 1001 1001 1001 1003 1003 1003 997 997 997 989 989 989 986 986 986 997 997 997 989 989 989 1004 1004 1004 995 995 995 1002 1002 1002 1005 1005 1005 1006 1006 1006 1002 1002 1002 997 997 997 1003 1003 1003 1003 1003 1003 1001 1001 1001 1007 1007 1007 1003 1003 1003 1008 1008 1008 1005 1005 1005 1007 1007 1007 1009 1009 1009 1008 1008 1008 1008 1008 1008 1003 1003 1003 1007 1007 1007 1005 1005 1005 1002 1002 1002 1003 1003 1003 1005 1005 1005 1010 1010 1010 1011 1011 1011 1005 1005 1005 1012 1012 1012 1006 1006 1006 1006 1006 1006 1004 1004 1004 1002 1002 1002 1013 1013 1013 1014 1014 1014 1015 1015 1015 1013 1013 1013 1016 1016 1016 1017 1017 1017 1016 1016 1016 1018 1018 1018 1019 1019 1019 1016 1016 1016 1013 1013 1013 1015 1015 1015 1016 1016 1016 1020 1020 1020 1021 1021 1021 1017 1017 1017 1011 1011 1011 1013 1013 1013 1017 1017 1017 1019 1019 1019 1022 1022 1022 1014 1014 1014 1013 1013 1013 1023 1023 1023 1014 1014 1014 1020 1020 1020 1015 1015 1015 1014 1014 1014 1024 1024 1024 1025 1025 1025 1023 1023 1023 1011 1011 1011 1010 1010 1010 1023 1023 1023 1026 1026 1026 1014 1014 1014 1020 1020 1020 1027 1027 1027 1028 1028 1028 1020 1020 1020 1014 1014 1014 1025 1025 1025 1020 1020 1020 1016 1016 1016 1015 1015 1015 1021 1021 1021 1028 1028 1028 1029 1029 1029 1021 1021 1021 1030 1030 1030 1018 1018 1018 1031 1031 1031 1032 1032 1032 1033 1033 1033 1031 1031 1031 1034 1034 1034 1035 1035 1035 1034 1034 1034 1036 1036 1036 1035 1035 1035 1034 1034 1034 1031 1031 1031 1037 1037 1037 1035 1035 1035 1038 1038 1038 1031 1031 1031 1037 1037 1037 1033 1033 1033 1039 1039 1039 1037 1037 1037 1039 1039 1039 1040 1040 1040 1037 1037 1037 1041 1041 1041 1034 1034 1034 1038 1038 1038 1035 1035 1035 1036 1036 1036 1036 1036 1036 1042 1042 1042 1038 1038 1038 1036 1036 1036 1041 1041 1041 1043 1043 1043 1009 1009 1009 1007 1007 1007 1044 1044 1044 1009 1009 1009 1010 1010 1010 1008 1008 1008 1009 1009 1009 1045 1045 1045 1010 1010 1010 1044 1044 1044 1046 1046 1046 1009 1009 1009 1047 1047 1047 1007 1007 1007 1001 1001 1001 1047 1047 1047 1000 1000 1000 1048 1048 1048 1047 1047 1047 1044 1044 1044 1007 1007 1007 1049 1049 1049 1048 1048 1048 1050 1050 1050 1049 1049 1049 1051 1051 1051 1044 1044 1044 1049 1049 1049 1044 1044 1044 1047 1047 1047 1051 1051 1051 1052 1052 1052 1046 1046 1046 1051 1051 1051 1049 1049 1049 1053 1053 1053 1051 1051 1051 1053 1053 1053 1054 1054 1054 1046 1046 1046 1055 1055 1055 1045 1045 1045 1046 1046 1046 1056 1056 1056 1055 1055 1055 1046 1046 1046 1044 1044 1044 1051 1051 1051 1057 1057 1057 1042 1042 1042 1058 1058 1058 1057 1057 1057 1059 1059 1059 1060 1060 1060 1042 1042 1042 1032 1032 1032 1038 1038 1038 1042 1042 1042 1036 1036 1036 1043 1043 1043 1042 1042 1042 1061 1061 1061 1058 1058 1058 1042 1042 1042 1057 1057 1057 1062 1062 1062 1058 1058 1058 1063 1063 1063 1064 1064 1064 1058 1058 1058 1065 1065 1065 1057 1057 1057 1062 1062 1062 1060 1060 1060 1066 1066 1066 1062 1062 1062 1067 1067 1067 1032 1032 1032 1060 1060 1060 1062 1062 1062 1057 1057 1057 1060 1060 1060 1068 1068 1068 1066 1066 1066 1067 1067 1067 1062 1062 1062 1066 1066 1066 1067 1067 1067 1069 1069 1069 1032 1032 1032 1032 1032 1032 1042 1042 1042 1062 1062 1062 1032 1032 1032 1031 1031 1031 1038 1038 1038 1070 1070 1070 1059 1059 1059 1071 1071 1071 1070 1070 1070 1072 1072 1072 1069 1069 1069 1070 1070 1070 1069 1069 1069 1068 1068 1068 1059 1059 1059 1057 1057 1057 1065 1065 1065 1059 1059 1059 1070 1070 1070 1068 1068 1068 1071 1071 1071 1065 1065 1065 1073 1073 1073 1071 1071 1071 1074 1074 1074 1070 1070 1070 1068 1068 1068 1069 1069 1069 1067 1067 1067 1068 1068 1068 1067 1067 1067 1066 1066 1066 1068 1068 1068 1060 1060 1060 1059 1059 1059 1072 1072 1072 1039 1039 1039 1033 1033 1033 1069 1069 1069 1072 1072 1072 1033 1033 1033 1069 1069 1069 1033 1033 1033 1032 1032 1032 1065 1065 1065 1075 1075 1075 1073 1073 1073 1065 1065 1065 1071 1071 1071 1059 1059 1059 1065 1065 1065 1058 1058 1058 1064 1064 1064 1075 1075 1075 1063 1063 1063 1076 1076 1076 1075 1075 1075 1065 1065 1065 1064 1064 1064 1073 1073 1073 1077 1077 1077 1078 1078 1078 1073 1073 1073 1079 1079 1079 1071 1071 1071 1080 1080 1080 1052 1052 1052 1081 1081 1081 1080 1080 1080 1082 1082 1082 1083 1083 1083 1080 1080 1080 1083 1083 1083 1056 1056 1056 1080 1080 1080 1084 1084 1084 1085 1085 1085 1080 1080 1080 1085 1085 1085 1082 1082 1082 1085 1085 1085 1086 1086 1086 1087 1087 1087 1082 1082 1082 1085 1085 1085 1088 1088 1088 1082 1082 1082 1089 1089 1089 1090 1090 1090 1088 1088 1088 1085 1085 1085 1087 1087 1087 1088 1088 1088 1091 1091 1091 1089 1089 1089 1088 1088 1088 1087 1087 1087 1092 1092 1092 1081 1081 1081 1054 1054 1054 1093 1093 1093 1081 1081 1081 1084 1084 1084 1080 1080 1080 1084 1084 1084 1086 1086 1086 1085 1085 1085 1084 1084 1084 1093 1093 1093 1094 1094 1094 1086 1086 1086 1094 1094 1094 1095 1095 1095 1096 1096 1096 1097 1097 1097 1026 1026 1026 1096 1096 1096 1010 1010 1010 1045 1045 1045 1010 1010 1010 1005 1005 1005 1008 1008 1008 1010 1010 1010 1096 1096 1096 1023 1023 1023 1045 1045 1045 1009 1009 1009 1046 1046 1046 1055 1055 1055 1096 1096 1096 1045 1045 1045 1055 1055 1055 1098 1098 1098 1096 1096 1096 1098 1098 1098 1099 1099 1099 1097 1097 1097 1100 1100 1100 1048 1048 1048 1000 1000 1000 1100 1100 1100 999 999 999 1101 1101 1101 999 999 999 1100 1100 1100 998 998 998 999 999 999 1102 1102 1102 1103 1103 1103 1101 1101 1101 1104 1104 1104 1100 1100 1100 1105 1105 1105 1106 1106 1106 1107 1107 1107 1105 1105 1105 999 999 999 1103 1103 1103 1105 1105 1105 1101 1101 1101 999 999 999 1103 1103 1103 1102 1102 1102 1108 1108 1108 1109 1109 1109 1107 1107 1107 1110 1110 1110 1109 1109 1109 1101 1101 1101 1105 1105 1105 1109 1109 1109 1111 1111 1111 1101 1101 1101 1111 1111 1111 1109 1109 1109 1112 1112 1112 1111 1111 1111 1112 1112 1112 1113 1113 1113 1104 1104 1104 1101 1101 1101 1111 1111 1111 1104 1104 1104 1113 1113 1113 1114 1114 1114 1104 1104 1104 1050 1050 1050 1048 1048 1048 1106 1106 1106 1105 1105 1105 1103 1103 1103 1106 1106 1106 1025 1025 1025 1024 1024 1024 1106 1106 1106 1027 1027 1027 1025 1025 1025 1106 1106 1106 1103 1103 1103 1115 1115 1115 1107 1107 1107 1109 1109 1109 1105 1105 1105 1024 1024 1024 1107 1107 1107 1106 1106 1106 1024 1024 1024 1014 1014 1014 1026 1026 1026 1116 1116 1116 1110 1110 1110 1107 1107 1107 1116 1116 1116 1107 1107 1107 1024 1024 1024 1116 1116 1116 1026 1026 1026 1097 1097 1097 1110 1110 1110 1117 1117 1117 1118 1118 1118 1110 1110 1110 1112 1112 1112 1109 1109 1109 1119 1119 1119 1120 1120 1120 1053 1053 1053 1119 1119 1119 1114 1114 1114 1121 1121 1121 1119 1119 1119 1122 1122 1122 1120 1120 1120 1114 1114 1114 1123 1123 1123 1121 1121 1121 1114 1114 1114 1119 1119 1119 1050 1050 1050 1121 1121 1121 1122 1122 1122 1119 1119 1119 1050 1050 1050 1104 1104 1104 1114 1114 1114 1050 1050 1050 1053 1053 1053 1049 1049 1049 1053 1053 1053 1050 1050 1050 1119 1119 1119 1120 1120 1120 1122 1122 1122 1124 1124 1124 1048 1048 1048 1100 1100 1100 1104 1104 1104 1048 1048 1048 1049 1049 1049 1047 1047 1047 1054 1054 1054 1081 1081 1081 1052 1052 1052 1054 1054 1054 1053 1053 1053 1120 1120 1120 1054 1054 1054 1120 1120 1120 1093 1093 1093 1093 1093 1093 1120 1120 1120 1124 1124 1124 1093 1093 1093 1124 1124 1124 1094 1094 1094 1093 1093 1093 1084 1084 1084 1081 1081 1081 1052 1052 1052 1080 1080 1080 1056 1056 1056 1052 1052 1052 1051 1051 1051 1054 1054 1054 1083 1083 1083 1090 1090 1090 1099 1099 1099 1090 1090 1090 1125 1125 1125 1126 1126 1126 1090 1090 1090 1083 1083 1083 1082 1082 1082 1099 1099 1099 1126 1126 1126 1117 1117 1117 1099 1099 1099 1098 1098 1098 1083 1083 1083 1126 1126 1126 1099 1099 1099 1090 1090 1090 1126 1126 1126 1118 1118 1118 1117 1117 1117 1117 1117 1117 1097 1097 1097 1099 1099 1099 1117 1117 1117 1110 1110 1110 1116 1116 1116 1097 1097 1097 1096 1096 1096 1098 1098 1098 1097 1097 1097 1117 1117 1117 1116 1116 1116 1118 1118 1118 1126 1126 1126 1127 1127 1127 1118 1118 1118 1128 1128 1128 1112 1112 1112 1127 1127 1127 1125 1125 1125 1129 1129 1129 1127 1127 1127 1126 1126 1126 1125 1125 1125 1127 1127 1127 1130 1130 1130 1128 1128 1128 1128 1128 1128 1118 1118 1118 1127 1127 1127 1112 1112 1112 1110 1110 1110 1118 1118 1118 1123 1123 1123 1131 1131 1131 1121 1121 1121 1123 1123 1123 1114 1114 1114 1113 1113 1113 1123 1123 1123 1128 1128 1128 1130 1130 1130 1123 1123 1123 1130 1130 1130 1132 1132 1132 1131 1131 1131 1133 1133 1133 1122 1122 1122 1131 1131 1131 1123 1123 1123 1132 1132 1132 1132 1132 1132 1130 1130 1130 1134 1134 1134 1132 1132 1132 1135 1135 1135 1131 1131 1131 1132 1132 1132 1134 1134 1134 1136 1136 1136 1130 1130 1130 1127 1127 1127 1129 1129 1129 1134 1134 1134 1129 1129 1129 1137 1137 1137 1135 1135 1135 1132 1132 1132 1136 1136 1136 1129 1129 1129 1134 1134 1134 1130 1130 1130 1129 1129 1129 1138 1138 1138 1137 1137 1137 1129 1129 1129 1125 1125 1125 1138 1138 1138 1125 1125 1125 1090 1090 1090 1089 1089 1089 1138 1138 1138 1089 1089 1089 1091 1091 1091 1094 1094 1094 1086 1086 1086 1084 1084 1084 1124 1124 1124 1133 1133 1133 1139 1139 1139 1124 1124 1124 1095 1095 1095 1094 1094 1094 1095 1095 1095 1124 1124 1124 1139 1139 1139 1028 1028 1028 1021 1021 1021 1020 1020 1020 1028 1028 1028 1140 1140 1140 1141 1141 1141 1029 1029 1029 1141 1141 1141 1142 1142 1142 1029 1029 1029 1143 1143 1143 1030 1030 1030 1027 1027 1027 1106 1106 1106 1144 1144 1144 1027 1027 1027 1020 1020 1020 1025 1025 1025 1140 1140 1140 1144 1144 1144 1145 1145 1145 1140 1140 1140 1028 1028 1028 1027 1027 1027 1140 1140 1140 1078 1078 1078 1141 1141 1141 1141 1141 1141 1029 1029 1029 1028 1028 1028 1142 1142 1142 1078 1078 1078 1077 1077 1077 1142 1142 1142 1146 1146 1146 1143 1143 1143 1144 1144 1144 1140 1140 1140 1027 1027 1027 1144 1144 1144 1147 1147 1147 1145 1145 1145 1144 1144 1144 1115 1115 1115 1147 1147 1147 1115 1115 1115 1108 1108 1108 1148 1148 1148 1115 1115 1115 1144 1144 1144 1106 1106 1106 1147 1147 1147 1040 1040 1040 1149 1149 1149 1145 1145 1145 1149 1149 1149 1074 1074 1074 1145 1145 1145 1147 1147 1147 1149 1149 1149 1145 1145 1145 1079 1079 1079 1140 1140 1140 1150 1150 1150 1151 1151 1151 1152 1152 1152 1150 1150 1150 1108 1108 1108 1102 1102 1102 1151 1151 1151 1150 1150 1150 1153 1153 1153 1152 1152 1152 1018 1018 1018 1030 1030 1030 1152 1152 1152 1030 1030 1030 1154 1154 1154 1152 1152 1152 1155 1155 1155 1150 1150 1150 1153 1153 1153 1156 1156 1156 1151 1151 1151 1153 1153 1153 993 993 993 992 992 992 1155 1155 1155 1152 1152 1152 1154 1154 1154 1155 1155 1155 1148 1148 1148 1108 1108 1108 1154 1154 1154 1157 1157 1157 1155 1155 1155 1154 1154 1154 1143 1143 1143 1041 1041 1041 1122 1122 1122 1121 1121 1121 1131 1131 1131 1133 1133 1133 1124 1124 1124 1122 1122 1122 1133 1133 1133 1131 1131 1131 1135 1135 1135 1158 1158 1158 1159 1159 1159 1160 1160 1160 1159 1159 1159 1161 1161 1161 1162 1162 1162 1159 1159 1159 1163 1163 1163 1164 1164 1164 1163 1163 1163 1159 1159 1159 1162 1162 1162 1161 1161 1161 1159 1159 1159 1165 1165 1165 1161 1161 1161 1165 1165 1165 1166 1166 1166 1162 1162 1162 1161 1161 1161 1167 1167 1167 1162 1162 1162 1167 1167 1167 1168 1168 1168 1165 1165 1165 1159 1159 1159 1158 1158 1158 1166 1166 1166 1165 1165 1165 1169 1169 1169 1056 1056 1056 1046 1046 1046 1052 1052 1052 1056 1056 1056 1083 1083 1083 1098 1098 1098 1056 1056 1056 1098 1098 1098 1055 1055 1055 1113 1113 1113 1128 1128 1128 1123 1123 1123 1113 1113 1113 1112 1112 1112 1128 1128 1128 1113 1113 1113 1104 1104 1104 1111 1111 1111 1000 1000 1000 1047 1047 1047 1001 1001 1001 1000 1000 1000 1001 1001 1001 991 991 991 1000 1000 1000 998 998 998 1100 1100 1100 1026 1026 1026 1116 1116 1116 1024 1024 1024 1026 1026 1026 1023 1023 1023 1096 1096 1096 1089 1089 1089 1082 1082 1082 1088 1088 1088 1089 1089 1089 1138 1138 1138 1125 1125 1125 1091 1091 1091 1088 1088 1088 1092 1092 1092 1012 1012 1012 1170 1170 1170 1006 1006 1006 1012 1012 1012 1022 1022 1022 1171 1171 1171 1012 1012 1012 1005 1005 1005 1011 1011 1011 1011 1011 1011 1023 1023 1023 1013 1013 1013 1011 1011 1011 1017 1017 1017 1012 1012 1012 993 993 993 998 998 998 988 988 988 993 993 993 1153 1153 1153 1102 1102 1102 1102 1102 1102 1153 1153 1153 1150 1150 1150 1102 1102 1102 999 999 999 993 993 993 992 992 992 994 994 994 1156 1156 1156 992 992 992 988 988 988 987 987 987 1078 1078 1078 1140 1140 1140 1079 1079 1079 1078 1078 1078 1142 1142 1142 1141 1141 1141 1077 1077 1077 1076 1076 1076 1146 1146 1146 1077 1077 1077 1073 1073 1073 1075 1075 1075 1079 1079 1079 1145 1145 1145 1074 1074 1074 1079 1079 1079 1073 1073 1073 1078 1078 1078 1074 1074 1074 1149 1149 1149 1072 1072 1072 1074 1074 1074 1072 1072 1072 1070 1070 1070 1074 1074 1074 1071 1071 1071 1079 1079 1079 1149 1149 1149 1039 1039 1039 1072 1072 1072 1157 1157 1157 1154 1154 1154 1041 1041 1041 1157 1157 1157 1040 1040 1040 1148 1148 1148 1041 1041 1041 1036 1036 1036 1034 1034 1034 1041 1041 1041 1037 1037 1037 1157 1157 1157 1148 1148 1148 1147 1147 1147 1115 1115 1115 1148 1148 1148 1155 1155 1155 1157 1157 1157 1148 1148 1148 1040 1040 1040 1147 1147 1147 1040 1040 1040 1039 1039 1039 1149 1149 1149 1040 1040 1040 1157 1157 1157 1037 1037 1037 1146 1146 1146 1043 1043 1043 1041 1041 1041 1146 1146 1146 1142 1142 1142 1077 1077 1077 1146 1146 1146 1041 1041 1041 1143 1143 1143 1143 1143 1143 1154 1154 1154 1030 1030 1030 1143 1143 1143 1029 1029 1029 1142 1142 1142 1076 1076 1076 1077 1077 1077 1075 1075 1075 1156 1156 1156 1153 1153 1153 992 992 992 994 994 994 990 990 990 996 996 996 994 994 994 992 992 992 987 987 987 1170 1170 1170 1022 1022 1022 1004 1004 1004 1170 1170 1170 1012 1012 1012 1171 1171 1171 1022 1022 1022 1170 1170 1170 1171 1171 1171 1022 1022 1022 1012 1012 1012 1017 1017 1017 1108 1108 1108 1115 1115 1115 1103 1103 1103 1108 1108 1108 1150 1150 1150 1155 1155 1155 1030 1030 1030 1021 1021 1021 1029 1029 1029 1018 1018 1018 1152 1152 1152 1151 1151 1151 1018 1018 1018 1151 1151 1151 1019 1019 1019 1018 1018 1018 1016 1016 1016 1021 1021 1021 1063 1063 1063 1075 1075 1075 1064 1064 1064 1063 1063 1063 1058 1058 1058 1061 1061 1061 1061 1061 1061 1042 1042 1042 1043 1043 1043 1061 1061 1061 1076 1076 1076 1063 1063 1063 1061 1061 1061 1146 1146 1146 1076 1076 1076 1043 1043 1043 1146 1146 1146 1061 1061 1061 1033 1033 1033 1037 1037 1037 1031 1031 1031 1019 1019 1019 1156 1156 1156 1022 1022 1022 1019 1019 1019 1017 1017 1017 1016 1016 1016 1019 1019 1019 1151 1151 1151 1156 1156 1156 1004 1004 1004 989 989 989 1002 1002 1002 1004 1004 1004 1006 1006 1006 1170 1170 1170 1004 1004 1004 994 994 994 995 995 995 1004 1004 1004 1156 1156 1156 994 994 994 1004 1004 1004 1022 1022 1022 1156 1156 1156 995 995 995 994 994 994 996 996 996 995 995 995 990 990 990 989 989 989 1172 1172 1172 1173 1173 1173 1174 1174 1174 1172 1172 1172 1175 1175 1175 1173 1173 1173 1173 1173 1173 1176 1176 1176 1174 1174 1174 1174 1174 1174 1177 1177 1177 1178 1178 1178 1176 1176 1176 1173 1173 1173 1179 1179 1179 1176 1176 1176 1179 1179 1179 1180 1180 1180 1176 1176 1176 1181 1181 1181 1177 1177 1177 1182 1182 1182 1178 1178 1178 1183 1183 1183 1182 1182 1182 1172 1172 1172 1174 1174 1174 1182 1182 1182 1184 1184 1184 1172 1172 1172 1184 1184 1184 1185 1185 1185 1186 1186 1186 1184 1184 1184 1186 1186 1186 1172 1172 1172 1184 1184 1184 1187 1187 1187 1188 1188 1188 1178 1178 1178 1182 1182 1182 1174 1174 1174 1178 1178 1178 1189 1189 1189 1190 1190 1190 1183 1183 1183 1187 1187 1187 1182 1182 1182 1183 1183 1183 1190 1190 1190 1191 1191 1191 1177 1177 1177 1192 1192 1192 1189 1189 1189 1177 1177 1177 1174 1174 1174 1176 1176 1176 1189 1189 1189 1193 1193 1193 1194 1194 1194 1189 1189 1189 1178 1178 1178 1177 1177 1177 1190 1190 1190 1189 1189 1189 1194 1194 1194 1190 1190 1190 1183 1183 1183 1178 1178 1178 1191 1191 1191 1195 1195 1195 1196 1196 1196 1191 1191 1191 1197 1197 1197 1183 1183 1183 1198 1198 1198 1190 1190 1190 1194 1194 1194 1198 1198 1198 1191 1191 1191 1190 1190 1190 1194 1194 1194 1199 1199 1199 1200 1200 1200 1193 1193 1193 1192 1192 1192 1201 1201 1201 1193 1193 1193 1189 1189 1189 1192 1192 1192 1202 1202 1202 1203 1203 1203 1204 1204 1204 1203 1203 1203 1202 1202 1202 1205 1205 1205 1203 1203 1203 1206 1206 1206 1207 1207 1207 1204 1204 1204 1203 1203 1203 1208 1208 1208 1205 1205 1205 1200 1200 1200 1199 1199 1199 1205 1205 1205 1209 1209 1209 1203 1203 1203 1210 1210 1210 1202 1202 1202 1204 1204 1204 1210 1210 1210 1211 1211 1211 1212 1212 1212 1210 1210 1210 1213 1213 1213 1202 1202 1202 1210 1210 1210 1208 1208 1208 1214 1214 1214 1213 1213 1213 1212 1212 1212 1215 1215 1215 1213 1213 1213 1216 1216 1216 1200 1200 1200 1213 1213 1213 1200 1200 1200 1202 1202 1202 1208 1208 1208 1207 1207 1207 1217 1217 1217 1208 1208 1208 1217 1217 1217 1218 1218 1218 1208 1208 1208 1210 1210 1210 1204 1204 1204 1208 1208 1208 1203 1203 1203 1207 1207 1207 1214 1214 1214 1208 1208 1208 1218 1218 1218 1207 1207 1207 1219 1219 1219 1220 1220 1220 1221 1221 1221 1222 1222 1222 1223 1223 1223 1221 1221 1221 1224 1224 1224 1225 1225 1225 1222 1222 1222 1221 1221 1221 1226 1226 1226 1223 1223 1223 1227 1227 1227 1228 1228 1228 1223 1223 1223 1229 1229 1229 1221 1221 1221 1226 1226 1226 1225 1225 1225 1230 1230 1230 1225 1225 1225 1226 1226 1226 1221 1221 1221 1230 1230 1230 1227 1227 1227 1222 1222 1222 1230 1230 1230 1231 1231 1231 1232 1232 1232 1230 1230 1230 1222 1222 1222 1226 1226 1226 1195 1195 1195 1216 1216 1216 1233 1233 1233 1195 1195 1195 1191 1191 1191 1198 1198 1198 1196 1196 1196 1234 1234 1234 1235 1235 1235 1196 1196 1196 1236 1236 1236 1197 1197 1197 1197 1197 1197 1237 1237 1237 1187 1187 1187 1197 1197 1197 1191 1191 1191 1196 1196 1196 1236 1236 1236 1196 1196 1196 1235 1235 1235 1235 1235 1235 1238 1238 1238 1239 1239 1239 1235 1235 1235 1240 1240 1240 1236 1236 1236 1234 1234 1234 1233 1233 1233 1241 1241 1241 1234 1234 1234 1242 1242 1242 1238 1238 1238 1234 1234 1234 1196 1196 1196 1195 1195 1195 1243 1243 1243 1231 1231 1231 1244 1244 1244 1243 1243 1243 1245 1245 1245 1246 1246 1246 1231 1231 1231 1247 1247 1247 1248 1248 1248 1231 1231 1231 1248 1248 1248 1232 1232 1232 1231 1231 1231 1230 1230 1230 1225 1225 1225 1231 1231 1231 1243 1243 1243 1247 1247 1247 1244 1244 1244 1231 1231 1231 1224 1224 1224 1244 1244 1244 1224 1224 1224 1249 1249 1249 1244 1244 1244 1250 1250 1250 1243 1243 1243 1247 1247 1247 1251 1251 1251 1248 1248 1248 1247 1247 1247 1252 1252 1252 1251 1251 1251 1247 1247 1247 1246 1246 1246 1252 1252 1252 1250 1250 1250 1253 1253 1253 1245 1245 1245 1250 1250 1250 1244 1244 1244 1254 1254 1254 1254 1254 1254 1249 1249 1249 1253 1253 1253 1249 1249 1249 1254 1254 1254 1244 1244 1244 1224 1224 1224 1221 1221 1221 1229 1229 1229 1224 1224 1224 1255 1255 1255 1249 1249 1249 1224 1224 1224 1231 1231 1231 1225 1225 1225 1245 1245 1245 1243 1243 1243 1250 1250 1250 1245 1245 1245 1256 1256 1256 1257 1257 1257 1256 1256 1256 1245 1245 1245 1253 1253 1253 1256 1256 1256 1258 1258 1258 1259 1259 1259 1257 1257 1257 1246 1246 1246 1245 1245 1245 1257 1257 1257 1259 1259 1259 1260 1260 1260 1253 1253 1253 1255 1255 1255 1256 1256 1256 1253 1253 1253 1250 1250 1250 1254 1254 1254 1255 1255 1255 1229 1229 1229 1258 1258 1258 1255 1255 1255 1253 1253 1253 1249 1249 1249 1255 1255 1255 1224 1224 1224 1229 1229 1229 1258 1258 1258 1256 1256 1256 1255 1255 1255 1258 1258 1258 1229 1229 1229 1261 1261 1261 1262 1262 1262 1263 1263 1263 1264 1264 1264 1262 1262 1262 1264 1264 1264 1246 1246 1246 1262 1262 1262 1260 1260 1260 1265 1265 1265 1264 1264 1264 1251 1251 1251 1252 1252 1252 1246 1246 1246 1264 1264 1264 1252 1252 1252 1246 1246 1246 1257 1257 1257 1262 1262 1262 1246 1246 1246 1247 1247 1247 1243 1243 1243 1266 1266 1266 1238 1238 1238 1242 1242 1242 1266 1266 1266 1267 1267 1267 1268 1268 1268 1266 1266 1266 1268 1268 1268 1269 1269 1269 1266 1266 1266 1270 1270 1270 1267 1267 1267 1267 1267 1267 1271 1271 1271 1268 1268 1268 1267 1267 1267 1272 1272 1272 1271 1271 1271 1268 1268 1268 1271 1271 1271 1273 1273 1273 1268 1268 1268 1273 1273 1273 1274 1274 1274 1271 1271 1271 1275 1275 1275 1276 1276 1276 1277 1277 1277 1239 1239 1239 1238 1238 1238 1277 1277 1277 1266 1266 1266 1269 1269 1269 1269 1269 1269 1278 1278 1278 1277 1277 1277 1269 1269 1269 1268 1268 1268 1274 1274 1274 1274 1274 1274 1279 1279 1279 1269 1269 1269 1276 1276 1276 1273 1273 1273 1271 1271 1271 1215 1215 1215 1280 1280 1280 1281 1281 1281 1215 1215 1215 1216 1216 1216 1213 1213 1213 1215 1215 1215 1241 1241 1241 1233 1233 1233 1216 1216 1216 1215 1215 1215 1233 1233 1233 1216 1216 1216 1195 1195 1195 1198 1198 1198 1216 1216 1216 1194 1194 1194 1200 1200 1200 1216 1216 1216 1198 1198 1198 1194 1194 1194 1233 1233 1233 1234 1234 1234 1195 1195 1195 1241 1241 1241 1281 1281 1281 1242 1242 1242 1241 1241 1241 1215 1215 1215 1281 1281 1281 1281 1281 1281 1282 1282 1282 1270 1270 1270 1188 1188 1188 1237 1237 1237 1283 1283 1283 1188 1188 1188 1185 1185 1185 1184 1184 1184 1185 1185 1185 1284 1284 1284 1285 1285 1285 1185 1185 1185 1188 1188 1188 1286 1286 1286 1185 1185 1185 1285 1285 1285 1287 1287 1287 1185 1185 1185 1287 1287 1287 1186 1186 1186 1286 1286 1286 1288 1288 1288 1284 1284 1284 1286 1286 1286 1283 1283 1283 1289 1289 1289 1284 1284 1284 1185 1185 1185 1286 1286 1286 1284 1284 1284 1290 1290 1290 1285 1285 1285 1285 1285 1285 1291 1291 1291 1287 1287 1287 1285 1285 1285 1290 1290 1290 1292 1292 1292 1288 1288 1288 1286 1286 1286 1289 1289 1289 1288 1288 1288 1293 1293 1293 1284 1284 1284 1289 1289 1289 1294 1294 1294 1288 1288 1288 1283 1283 1283 1286 1286 1286 1188 1188 1188 1283 1283 1283 1295 1295 1295 1296 1296 1296 1290 1290 1290 1218 1218 1218 1297 1297 1297 1290 1290 1290 1211 1211 1211 1214 1214 1214 1290 1290 1290 1284 1284 1284 1293 1293 1293 1293 1293 1293 1298 1298 1298 1211 1211 1211 1293 1293 1293 1288 1288 1288 1299 1299 1299 1211 1211 1211 1210 1210 1210 1214 1214 1214 1211 1211 1211 1290 1290 1290 1293 1293 1293 1298 1298 1298 1299 1299 1299 1300 1300 1300 1298 1298 1298 1293 1293 1293 1299 1299 1299 1298 1298 1298 1212 1212 1212 1211 1211 1211 1299 1299 1299 1294 1294 1294 1301 1301 1301 1296 1296 1296 1302 1302 1302 1283 1283 1283 1296 1296 1296 1303 1303 1303 1304 1304 1304 1303 1303 1303 1240 1240 1240 1305 1305 1305 1303 1303 1303 1305 1305 1305 1306 1306 1306 1303 1303 1303 1296 1296 1296 1295 1295 1295 1304 1304 1304 1306 1306 1306 1307 1307 1307 1304 1304 1304 1308 1308 1308 1296 1296 1296 1295 1295 1295 1240 1240 1240 1303 1303 1303 1295 1295 1295 1236 1236 1236 1240 1240 1240 1295 1295 1295 1283 1283 1283 1237 1237 1237 1240 1240 1240 1235 1235 1235 1239 1239 1239 1305 1305 1305 1309 1309 1309 1306 1306 1306 1305 1305 1305 1278 1278 1278 1309 1309 1309 1305 1305 1305 1239 1239 1239 1278 1278 1278 1237 1237 1237 1236 1236 1236 1295 1295 1295 1237 1237 1237 1188 1188 1188 1187 1187 1187 1237 1237 1237 1197 1197 1197 1236 1236 1236 1239 1239 1239 1277 1277 1277 1278 1278 1278 1239 1239 1239 1305 1305 1305 1240 1240 1240 1278 1278 1278 1269 1269 1269 1279 1279 1279 1238 1238 1238 1266 1266 1266 1277 1277 1277 1238 1238 1238 1235 1235 1235 1234 1234 1234 1270 1270 1270 1310 1310 1310 1267 1267 1267 1310 1310 1310 1270 1270 1270 1282 1282 1282 1310 1310 1310 1311 1311 1311 1272 1272 1272 1282 1282 1282 1312 1312 1312 1310 1310 1310 1282 1282 1282 1281 1281 1281 1280 1280 1280 1312 1312 1312 1313 1313 1313 1311 1311 1311 1312 1312 1312 1282 1282 1282 1300 1300 1300 1300 1300 1300 1301 1301 1301 1312 1312 1312 1300 1300 1300 1280 1280 1280 1298 1298 1298 1280 1280 1280 1300 1300 1300 1282 1282 1282 1280 1280 1280 1215 1215 1215 1212 1212 1212 1301 1301 1301 1314 1314 1314 1313 1313 1313 1301 1301 1301 1300 1300 1300 1299 1299 1299 1313 1313 1313 1312 1312 1312 1301 1301 1301 1313 1313 1313 1315 1315 1315 1316 1316 1316 1314 1314 1314 1301 1301 1301 1294 1294 1294 1314 1314 1314 1308 1308 1308 1315 1315 1315 1314 1314 1314 1302 1302 1302 1308 1308 1308 1294 1294 1294 1299 1299 1299 1288 1288 1288 1294 1294 1294 1289 1289 1289 1302 1302 1302 1307 1307 1307 1308 1308 1308 1304 1304 1304 1307 1307 1307 1317 1317 1317 1318 1318 1318 1308 1308 1308 1307 1307 1307 1319 1319 1319 1308 1308 1308 1302 1302 1302 1296 1296 1296 1319 1319 1319 1315 1315 1315 1308 1308 1308 1319 1319 1319 1318 1318 1318 1320 1320 1320 1315 1315 1315 1313 1313 1313 1314 1314 1314 1315 1315 1315 1319 1319 1319 1321 1321 1321 1320 1320 1320 1321 1321 1321 1319 1319 1319 1321 1321 1321 1316 1316 1316 1315 1315 1315 1318 1318 1318 1319 1319 1319 1307 1307 1307 1316 1316 1316 1311 1311 1311 1313 1313 1313 1316 1316 1316 1321 1321 1321 1322 1322 1322 1311 1311 1311 1310 1310 1310 1312 1312 1312 1311 1311 1311 1316 1316 1316 1323 1323 1323 1322 1322 1322 1323 1323 1323 1316 1316 1316 1323 1323 1323 1272 1272 1272 1311 1311 1311 1279 1279 1279 1274 1274 1274 1324 1324 1324 1279 1279 1279 1309 1309 1309 1278 1278 1278 1309 1309 1309 1325 1325 1325 1317 1317 1317 1309 1309 1309 1324 1324 1324 1325 1325 1325 1324 1324 1324 1309 1309 1309 1279 1279 1279 1217 1217 1217 1220 1220 1220 1326 1326 1326 1217 1217 1217 1326 1326 1326 1327 1327 1327 1217 1217 1217 1207 1207 1207 1220 1220 1220 1220 1220 1220 1328 1328 1328 1329 1329 1329 1218 1218 1218 1217 1217 1217 1327 1327 1327 1218 1218 1218 1290 1290 1290 1214 1214 1214 1327 1327 1327 1297 1297 1297 1218 1218 1218 1327 1327 1327 1265 1265 1265 1260 1260 1260 1326 1326 1326 1220 1220 1220 1329 1329 1329 1326 1326 1326 1329 1329 1329 1265 1265 1265 1329 1329 1329 1330 1330 1330 1263 1263 1263 1297 1297 1297 1292 1292 1292 1290 1290 1290 1297 1297 1297 1327 1327 1327 1331 1331 1331 1292 1292 1292 1332 1332 1332 1291 1291 1291 1292 1292 1292 1297 1297 1297 1333 1333 1333 1331 1331 1331 1333 1333 1333 1297 1297 1297 1331 1331 1331 1260 1260 1260 1259 1259 1259 1333 1333 1333 1332 1332 1332 1292 1292 1292 1333 1333 1333 1331 1331 1331 1334 1334 1334 1333 1333 1333 1335 1335 1335 1332 1332 1332 1333 1333 1333 1334 1334 1334 1335 1335 1335 1336 1336 1336 1287 1287 1287 1291 1291 1291 1336 1336 1336 1337 1337 1337 1338 1338 1338 1337 1337 1337 1336 1336 1336 1339 1339 1339 1338 1338 1338 1340 1340 1340 1175 1175 1175 1339 1339 1339 1206 1206 1206 1337 1337 1337 1339 1339 1339 1341 1341 1341 1342 1342 1342 1341 1341 1341 1339 1339 1339 1336 1336 1336 1342 1342 1342 1219 1219 1219 1339 1339 1339 1342 1342 1342 1228 1228 1228 1227 1227 1227 1306 1306 1306 1309 1309 1309 1317 1317 1317 1306 1306 1306 1304 1304 1304 1303 1303 1303 1317 1317 1317 1307 1307 1307 1306 1306 1306 1343 1343 1343 1344 1344 1344 1345 1345 1345 1343 1343 1343 1345 1345 1345 1346 1346 1346 1344 1344 1344 1347 1347 1347 1348 1348 1348 1344 1344 1344 1343 1343 1343 1349 1349 1349 1344 1344 1344 1350 1350 1350 1345 1345 1345 1349 1349 1349 1351 1351 1351 1352 1352 1352 1351 1351 1351 1349 1349 1349 1343 1343 1343 1350 1350 1350 1344 1344 1344 1353 1353 1353 1346 1346 1346 1345 1345 1345 1354 1354 1354 1347 1347 1347 1344 1344 1344 1349 1349 1349 1242 1242 1242 1281 1281 1281 1270 1270 1270 1242 1242 1242 1234 1234 1234 1241 1241 1241 1242 1242 1242 1270 1270 1270 1266 1266 1266 1302 1302 1302 1314 1314 1314 1294 1294 1294 1302 1302 1302 1289 1289 1289 1283 1283 1283 1187 1187 1187 1184 1184 1184 1182 1182 1182 1187 1187 1187 1183 1183 1183 1197 1197 1197 1212 1212 1212 1298 1298 1298 1280 1280 1280 1212 1212 1212 1213 1213 1213 1210 1210 1210 1272 1272 1272 1267 1267 1267 1310 1310 1310 1272 1272 1272 1323 1323 1323 1275 1275 1275 1275 1275 1275 1271 1271 1271 1272 1272 1272 1199 1199 1199 1194 1194 1194 1193 1193 1193 1199 1199 1199 1355 1355 1355 1205 1205 1205 1199 1199 1199 1201 1201 1201 1356 1356 1356 1199 1199 1199 1193 1193 1193 1201 1201 1201 1200 1200 1200 1205 1205 1205 1202 1202 1202 1287 1287 1287 1338 1338 1338 1186 1186 1186 1287 1287 1287 1336 1336 1336 1338 1338 1338 1186 1186 1186 1338 1338 1338 1175 1175 1175 1186 1186 1186 1175 1175 1175 1172 1172 1172 1175 1175 1175 1179 1179 1179 1173 1173 1173 1265 1265 1265 1329 1329 1329 1263 1263 1263 1265 1265 1265 1327 1327 1327 1326 1326 1326 1265 1265 1265 1263 1263 1263 1262 1262 1262 1263 1263 1263 1357 1357 1357 1264 1264 1264 1260 1260 1260 1262 1262 1262 1257 1257 1257 1260 1260 1260 1331 1331 1331 1327 1327 1327 1259 1259 1259 1334 1334 1334 1331 1331 1331 1259 1259 1259 1257 1257 1257 1256 1256 1256 1259 1259 1259 1258 1258 1258 1334 1334 1334 1334 1334 1334 1261 1261 1261 1335 1335 1335 1334 1334 1334 1258 1258 1258 1261 1261 1261 1228 1228 1228 1342 1342 1342 1341 1341 1341 1227 1227 1227 1230 1230 1230 1232 1232 1232 1227 1227 1227 1328 1328 1328 1342 1342 1342 1227 1227 1227 1232 1232 1232 1330 1330 1330 1227 1227 1227 1223 1223 1223 1222 1222 1222 1335 1335 1335 1223 1223 1223 1228 1228 1228 1335 1335 1335 1228 1228 1228 1332 1332 1332 1332 1332 1332 1228 1228 1228 1341 1341 1341 1332 1332 1332 1341 1341 1341 1291 1291 1291 1261 1261 1261 1223 1223 1223 1335 1335 1335 1330 1330 1330 1329 1329 1329 1328 1328 1328 1330 1330 1330 1248 1248 1248 1357 1357 1357 1328 1328 1328 1220 1220 1220 1219 1219 1219 1328 1328 1328 1227 1227 1227 1330 1330 1330 1357 1357 1357 1248 1248 1248 1251 1251 1251 1357 1357 1357 1263 1263 1263 1330 1330 1330 1340 1340 1340 1192 1192 1192 1179 1179 1179 1340 1340 1340 1338 1338 1338 1337 1337 1337 1179 1179 1179 1181 1181 1181 1180 1180 1180 1179 1179 1179 1175 1175 1175 1340 1340 1340 1201 1201 1201 1355 1355 1355 1356 1356 1356 1355 1355 1355 1199 1199 1199 1356 1356 1356 1355 1355 1355 1340 1340 1340 1209 1209 1209 1355 1355 1355 1201 1201 1201 1192 1192 1192 1291 1291 1291 1285 1285 1285 1292 1292 1292 1291 1291 1291 1341 1341 1341 1336 1336 1336 1219 1219 1219 1342 1342 1342 1328 1328 1328 1219 1219 1219 1207 1207 1207 1206 1206 1206 1206 1206 1206 1339 1339 1339 1219 1219 1219 1206 1206 1206 1203 1203 1203 1209 1209 1209 1251 1251 1251 1264 1264 1264 1357 1357 1357 1248 1248 1248 1330 1330 1330 1232 1232 1232 1229 1229 1229 1223 1223 1223 1261 1261 1261 1209 1209 1209 1337 1337 1337 1206 1206 1206 1209 1209 1209 1340 1340 1340 1337 1337 1337 1209 1209 1209 1205 1205 1205 1355 1355 1355 1192 1192 1192 1177 1177 1177 1181 1181 1181 1192 1192 1192 1340 1340 1340 1355 1355 1355 1181 1181 1181 1176 1176 1176 1180 1180 1180 1181 1181 1181 1179 1179 1179 1192 1192 1192 1358 1358 1358 1359 1359 1359 1360 1360 1360 1358 1358 1358 1361 1361 1361 1362 1362 1362 1358 1358 1358 1363 1363 1363 1364 1364 1364 1359 1359 1359 1358 1358 1358 1365 1365 1365 1359 1359 1359 1366 1366 1366 1360 1360 1360 1359 1359 1359 1367 1367 1367 1368 1368 1368 1360 1360 1360 1369 1369 1369 1370 1370 1370 1365 1365 1365 1362 1362 1362 1371 1371 1371 1365 1365 1365 1372 1372 1372 1373 1373 1373 1365 1365 1365 1374 1374 1374 1359 1359 1359 1362 1362 1362 1375 1375 1375 1376 1376 1376 1362 1362 1362 1365 1365 1365 1358 1358 1358 1371 1371 1371 1376 1376 1376 1377 1377 1377 1372 1372 1372 1365 1365 1365 1371 1371 1371 1372 1372 1372 1377 1377 1377 1378 1378 1378 1372 1372 1372 1379 1379 1379 1373 1373 1373 1373 1373 1373 1380 1380 1380 1374 1374 1374 1374 1374 1374 1381 1381 1381 1367 1367 1367 1374 1374 1374 1367 1367 1367 1359 1359 1359 1374 1374 1374 1365 1365 1365 1373 1373 1373 1382 1382 1382 1383 1383 1383 1384 1384 1384 1382 1382 1382 1378 1378 1378 1385 1385 1385 1383 1383 1383 1386 1386 1386 1384 1384 1384 1383 1383 1383 1382 1382 1382 1387 1387 1387 1384 1384 1384 1379 1379 1379 1382 1382 1382 1384 1384 1384 1388 1388 1388 1380 1380 1380 1387 1387 1387 1389 1389 1389 1390 1390 1390 1387 1387 1387 1385 1385 1385 1391 1391 1391 1387 1387 1387 1392 1392 1392 1383 1383 1383 1385 1385 1385 1387 1387 1387 1382 1382 1382 1385 1385 1385 1377 1377 1377 1393 1393 1393 1391 1391 1391 1394 1394 1394 1389 1389 1389 1391 1391 1391 1393 1393 1393 1394 1394 1394 1389 1389 1389 1394 1394 1394 1395 1395 1395 1389 1389 1389 1396 1396 1396 1390 1390 1390 1389 1389 1389 1387 1387 1387 1391 1391 1391 1392 1392 1392 1387 1387 1387 1390 1390 1390 1392 1392 1392 1396 1396 1396 1397 1397 1397 1392 1392 1392 1398 1398 1398 1383 1383 1383 1399 1399 1399 1400 1400 1400 1401 1401 1401 1399 1399 1399 1402 1402 1402 1403 1403 1403 1402 1402 1402 1404 1404 1404 1405 1405 1405 1402 1402 1402 1399 1399 1399 1406 1406 1406 1403 1403 1403 1397 1397 1397 1396 1396 1396 1403 1403 1403 1395 1395 1395 1400 1400 1400 1406 1406 1406 1407 1407 1407 1404 1404 1404 1400 1400 1400 1408 1408 1408 1401 1401 1401 1400 1400 1400 1399 1399 1399 1403 1403 1403 1401 1401 1401 1408 1408 1408 1409 1409 1409 1410 1410 1410 1411 1411 1411 1399 1399 1399 1410 1410 1410 1412 1412 1412 1413 1413 1413 1410 1410 1410 1401 1401 1401 1409 1409 1409 1410 1410 1410 1399 1399 1399 1401 1401 1401 1411 1411 1411 1406 1406 1406 1399 1399 1399 1411 1411 1411 1414 1414 1414 1406 1406 1406 1411 1411 1411 1413 1413 1413 1415 1415 1415 1414 1414 1414 1416 1416 1416 1407 1407 1407 1414 1414 1414 1411 1411 1411 1415 1415 1415 1414 1414 1414 1415 1415 1415 1417 1417 1417 1418 1418 1418 1419 1419 1419 1420 1420 1420 1418 1418 1418 1421 1421 1421 1422 1422 1422 1418 1418 1418 1423 1423 1423 1419 1419 1419 1423 1423 1423 1424 1424 1424 1419 1419 1419 1423 1423 1423 1418 1418 1418 1425 1425 1425 1423 1423 1423 1426 1426 1426 1427 1427 1427 1419 1419 1419 1428 1428 1428 1429 1429 1429 1419 1419 1419 1430 1430 1430 1431 1431 1431 1425 1425 1425 1422 1422 1422 1432 1432 1432 1425 1425 1425 1433 1433 1433 1426 1426 1426 1422 1422 1422 1412 1412 1412 1409 1409 1409 1422 1422 1422 1408 1408 1408 1434 1434 1434 1422 1422 1422 1425 1425 1425 1418 1418 1418 1432 1432 1432 1434 1434 1434 1375 1375 1375 1432 1432 1432 1361 1361 1361 1433 1433 1433 1433 1433 1433 1425 1425 1425 1432 1432 1432 1433 1433 1433 1364 1364 1364 1426 1426 1426 1426 1426 1426 1423 1423 1423 1425 1425 1425 1427 1427 1427 1364 1364 1364 1363 1363 1363 1427 1427 1427 1435 1435 1435 1423 1423 1423 1431 1431 1431 1407 1407 1407 1419 1419 1419 1431 1431 1431 1405 1405 1405 1404 1404 1404 1405 1405 1405 1386 1386 1386 1398 1398 1398 1405 1405 1405 1436 1436 1436 1386 1386 1386 1405 1405 1405 1397 1397 1397 1402 1402 1402 1405 1405 1405 1431 1431 1431 1436 1436 1436 1404 1404 1404 1402 1402 1402 1406 1406 1406 1436 1436 1436 1430 1430 1430 1437 1437 1437 1436 1436 1436 1437 1437 1437 1438 1438 1438 1407 1407 1407 1431 1431 1431 1404 1404 1404 1407 1407 1407 1416 1416 1416 1439 1439 1439 1407 1407 1407 1406 1406 1406 1414 1414 1414 1407 1407 1407 1440 1440 1440 1419 1419 1419 1375 1375 1375 1441 1441 1441 1376 1376 1376 1375 1375 1375 1362 1362 1362 1361 1361 1361 1441 1441 1441 1375 1375 1375 1434 1434 1434 1441 1441 1441 1394 1394 1394 1393 1393 1393 1376 1376 1376 1371 1371 1371 1362 1362 1362 1376 1376 1376 1393 1393 1393 1377 1377 1377 1434 1434 1434 1442 1442 1442 1441 1441 1441 1434 1434 1434 1432 1432 1432 1422 1422 1422 1361 1361 1361 1432 1432 1432 1375 1375 1375 1361 1361 1361 1358 1358 1358 1364 1364 1364 1408 1408 1408 1422 1422 1422 1409 1409 1409 1408 1408 1408 1400 1400 1400 1442 1442 1442 1442 1442 1442 1395 1395 1395 1394 1394 1394 1442 1442 1442 1434 1434 1434 1408 1408 1408 1443 1443 1443 1444 1444 1444 1445 1445 1445 1443 1443 1443 1424 1424 1424 1446 1446 1446 1444 1444 1444 1443 1443 1443 1447 1447 1447 1444 1444 1444 1448 1448 1448 1449 1449 1449 1445 1445 1445 1430 1430 1430 1443 1443 1443 1445 1445 1445 1449 1449 1449 1450 1450 1450 1447 1447 1447 1446 1446 1446 1451 1451 1451 1447 1447 1447 1452 1452 1452 1453 1453 1453 1447 1447 1447 1454 1454 1454 1444 1444 1444 1446 1446 1446 1435 1435 1435 1455 1455 1455 1446 1446 1446 1447 1447 1447 1443 1443 1443 1451 1451 1451 1455 1455 1455 1456 1456 1456 1452 1452 1452 1456 1456 1456 1457 1457 1457 1452 1452 1452 1447 1447 1447 1451 1451 1451 1452 1452 1452 1458 1458 1458 1453 1453 1453 1454 1454 1454 1458 1458 1458 1448 1448 1448 1454 1454 1454 1447 1447 1447 1453 1453 1453 1380 1380 1380 1381 1381 1381 1374 1374 1374 1380 1380 1380 1388 1388 1388 1381 1381 1381 1380 1380 1380 1373 1373 1373 1379 1379 1379 1379 1379 1379 1384 1384 1384 1380 1380 1380 1379 1379 1379 1372 1372 1372 1378 1378 1378 1378 1378 1378 1382 1382 1382 1379 1379 1379 1459 1459 1459 1460 1460 1460 1461 1461 1461 1460 1460 1460 1462 1462 1462 1463 1463 1463 1460 1460 1460 1464 1464 1464 1465 1465 1465 1461 1461 1461 1368 1368 1368 1367 1367 1367 1461 1461 1461 1460 1460 1460 1463 1463 1463 1463 1463 1463 1466 1466 1466 1461 1461 1461 1463 1463 1463 1462 1462 1462 1467 1467 1467 1464 1464 1464 1460 1460 1460 1459 1459 1459 1464 1464 1464 1468 1468 1468 1465 1465 1465 1465 1465 1465 1462 1462 1462 1460 1460 1460 1462 1462 1462 1465 1465 1465 1469 1469 1469 1469 1469 1469 1468 1468 1468 1470 1470 1470 1469 1469 1469 1471 1471 1471 1462 1462 1462 1467 1467 1467 1471 1471 1471 1472 1472 1472 1394 1394 1394 1441 1441 1441 1442 1442 1442 1395 1395 1395 1442 1442 1442 1400 1400 1400 1395 1395 1395 1403 1403 1403 1396 1396 1396 1393 1393 1393 1391 1391 1391 1385 1385 1385 1393 1393 1393 1376 1376 1376 1441 1441 1441 1377 1377 1377 1385 1385 1385 1378 1378 1378 1377 1377 1377 1372 1372 1372 1371 1371 1371 1386 1386 1386 1388 1388 1388 1384 1384 1384 1386 1386 1386 1473 1473 1473 1474 1474 1474 1386 1386 1386 1436 1436 1436 1473 1473 1473 1386 1386 1386 1383 1383 1383 1398 1398 1398 1398 1398 1398 1392 1392 1392 1397 1397 1397 1397 1397 1397 1405 1405 1405 1398 1398 1398 1397 1397 1397 1403 1403 1403 1402 1402 1402 1396 1396 1396 1392 1392 1392 1390 1390 1390 1396 1396 1396 1389 1389 1389 1395 1395 1395 1364 1364 1364 1427 1427 1427 1426 1426 1426 1364 1364 1364 1433 1433 1433 1361 1361 1361 1363 1363 1363 1358 1358 1358 1360 1360 1360 1363 1363 1363 1475 1475 1475 1476 1476 1476 1363 1363 1363 1477 1477 1477 1427 1427 1427 1471 1471 1471 1469 1469 1469 1470 1470 1470 1471 1471 1471 1467 1467 1467 1462 1462 1462 1471 1471 1471 1478 1478 1478 1479 1479 1479 1471 1471 1471 1480 1480 1480 1472 1472 1472 1478 1478 1478 1471 1471 1471 1470 1470 1470 1480 1480 1480 1481 1481 1481 1482 1482 1482 1480 1480 1480 1471 1471 1471 1479 1479 1479 1481 1481 1481 1483 1483 1483 1484 1484 1484 1481 1481 1481 1485 1485 1485 1482 1482 1482 1481 1481 1481 1479 1479 1479 1486 1486 1486 1481 1481 1481 1480 1480 1480 1479 1479 1479 1483 1483 1483 1481 1481 1481 1486 1486 1486 1483 1483 1483 1369 1369 1369 1484 1484 1484 1483 1483 1483 1486 1486 1486 1487 1487 1487 1484 1484 1484 1366 1366 1366 1485 1485 1485 1486 1486 1486 1479 1479 1479 1478 1478 1478 1485 1485 1485 1368 1368 1368 1466 1466 1466 1485 1485 1485 1481 1481 1481 1484 1484 1484 1482 1482 1482 1466 1466 1466 1488 1488 1488 1466 1466 1466 1463 1463 1463 1488 1488 1488 1466 1466 1466 1482 1482 1482 1485 1485 1485 1489 1489 1489 1490 1490 1490 1491 1491 1491 1489 1489 1489 1492 1492 1492 1493 1493 1493 1489 1489 1489 1491 1491 1491 1494 1494 1494 1492 1492 1492 1489 1489 1489 1494 1494 1494 1487 1487 1487 1486 1486 1486 1468 1468 1468 1487 1487 1487 1468 1468 1468 1464 1464 1464 1468 1468 1468 1486 1486 1486 1478 1478 1478 1468 1468 1468 1478 1478 1478 1470 1470 1470 1468 1468 1468 1469 1469 1469 1465 1465 1465 1458 1458 1458 1454 1454 1454 1453 1453 1453 1458 1458 1458 1452 1452 1452 1457 1457 1457 1458 1458 1458 1495 1495 1495 1496 1496 1496 1458 1458 1458 1496 1496 1496 1497 1497 1497 1458 1458 1458 1497 1497 1497 1448 1448 1448 1497 1497 1497 1449 1449 1449 1448 1448 1448 1448 1448 1448 1444 1444 1444 1454 1454 1454 1495 1495 1495 1458 1458 1458 1457 1457 1457 1450 1450 1450 1449 1449 1449 1498 1498 1498 1449 1449 1449 1497 1497 1497 1499 1499 1499 1449 1449 1449 1445 1445 1445 1444 1444 1444 1498 1498 1498 1499 1499 1499 1500 1500 1500 1498 1498 1498 1449 1449 1449 1499 1499 1499 1500 1500 1500 1501 1501 1501 1502 1502 1502 1500 1500 1500 1499 1499 1499 1503 1503 1503 1501 1501 1501 1495 1495 1495 1456 1456 1456 1501 1501 1501 1500 1500 1500 1503 1503 1503 1501 1501 1501 1455 1455 1455 1502 1502 1502 1504 1504 1504 1505 1505 1505 1506 1506 1506 1506 1506 1506 1507 1507 1507 1508 1508 1508 1506 1506 1506 1505 1505 1505 1509 1509 1509 1507 1507 1507 1506 1506 1506 1509 1509 1509 1455 1455 1455 1451 1451 1451 1446 1446 1446 1455 1455 1455 1501 1501 1501 1456 1456 1456 1455 1455 1455 1477 1477 1477 1502 1502 1502 1456 1456 1456 1495 1495 1495 1457 1457 1457 1456 1456 1456 1452 1452 1452 1451 1451 1451 1413 1413 1413 1510 1510 1510 1511 1511 1511 1413 1413 1413 1411 1411 1411 1410 1410 1410 1413 1413 1413 1511 1511 1511 1415 1415 1415 1510 1510 1510 1413 1413 1413 1412 1412 1412 1510 1510 1510 1421 1421 1421 1512 1512 1512 1510 1510 1510 1513 1513 1513 1511 1511 1511 1511 1511 1511 1513 1513 1513 1417 1417 1417 1412 1412 1412 1410 1410 1410 1409 1409 1409 1412 1412 1412 1422 1422 1422 1421 1421 1421 1421 1421 1421 1510 1510 1510 1412 1412 1412 1421 1421 1421 1418 1418 1418 1420 1420 1420 1512 1512 1512 1514 1514 1514 1510 1510 1510 1512 1512 1512 1421 1421 1421 1420 1420 1420 1415 1415 1415 1511 1511 1511 1417 1417 1417 1417 1417 1417 1513 1513 1513 1515 1515 1515 1417 1417 1417 1416 1416 1416 1414 1414 1414 1420 1420 1420 1429 1429 1429 1512 1512 1512 1420 1420 1420 1419 1419 1419 1429 1429 1429 1429 1429 1429 1516 1516 1516 1512 1512 1512 1516 1516 1516 1517 1517 1517 1514 1514 1514 1516 1516 1516 1429 1429 1429 1428 1428 1428 1428 1428 1428 1517 1517 1517 1516 1516 1516 1428 1428 1428 1419 1419 1419 1440 1440 1440 1440 1440 1440 1407 1407 1407 1439 1439 1439 1518 1518 1518 1428 1428 1428 1440 1440 1440 1518 1518 1518 1439 1439 1439 1519 1519 1519 1520 1520 1520 1428 1428 1428 1518 1518 1518 1517 1517 1517 1428 1428 1428 1520 1520 1520 1517 1517 1517 1521 1521 1521 1522 1522 1522 1521 1521 1521 1517 1517 1517 1520 1520 1520 1521 1521 1521 1518 1518 1518 1519 1519 1519 1521 1521 1521 1520 1520 1520 1518 1518 1518 1521 1521 1521 1523 1523 1523 1524 1524 1524 1521 1521 1521 1525 1525 1525 1522 1522 1522 1523 1523 1523 1521 1521 1521 1519 1519 1519 1523 1523 1523 1515 1515 1515 1524 1524 1524 1524 1524 1524 1515 1515 1515 1525 1525 1525 1525 1525 1525 1521 1521 1521 1524 1524 1524 1525 1525 1525 1514 1514 1514 1522 1522 1522 1513 1513 1513 1510 1510 1510 1514 1514 1514 1513 1513 1513 1525 1525 1525 1515 1515 1515 1514 1514 1514 1512 1512 1512 1516 1516 1516 1514 1514 1514 1517 1517 1517 1522 1522 1522 1514 1514 1514 1525 1525 1525 1513 1513 1513 1439 1439 1439 1518 1518 1518 1440 1440 1440 1439 1439 1439 1523 1523 1523 1519 1519 1519 1416 1416 1416 1417 1417 1417 1515 1515 1515 1416 1416 1416 1523 1523 1523 1439 1439 1439 1515 1515 1515 1523 1523 1523 1416 1416 1416 1424 1424 1424 1423 1423 1423 1435 1435 1435 1424 1424 1424 1443 1443 1443 1430 1430 1430 1435 1435 1435 1446 1446 1446 1424 1424 1424 1435 1435 1435 1427 1427 1427 1477 1477 1477 1477 1477 1477 1500 1500 1500 1502 1502 1502 1477 1477 1477 1363 1363 1363 1476 1476 1476 1477 1477 1477 1455 1455 1455 1435 1435 1435 1476 1476 1476 1498 1498 1498 1500 1500 1500 1476 1476 1476 1500 1500 1500 1477 1477 1477 1475 1475 1475 1438 1438 1438 1526 1526 1526 1475 1475 1475 1498 1498 1498 1476 1476 1476 1475 1475 1475 1363 1363 1363 1360 1360 1360 1475 1475 1475 1450 1450 1450 1498 1498 1498 1438 1438 1438 1475 1475 1475 1360 1360 1360 1438 1438 1438 1437 1437 1437 1526 1526 1526 1526 1526 1526 1450 1450 1450 1475 1475 1475 1526 1526 1526 1445 1445 1445 1450 1450 1450 1437 1437 1437 1445 1445 1445 1526 1526 1526 1430 1430 1430 1445 1445 1445 1437 1437 1437 1430 1430 1430 1436 1436 1436 1431 1431 1431 1430 1430 1430 1419 1419 1419 1424 1424 1424 1388 1388 1388 1487 1487 1487 1464 1464 1464 1388 1388 1388 1464 1464 1464 1381 1381 1381 1388 1388 1388 1386 1386 1386 1474 1474 1474 1474 1474 1474 1483 1483 1483 1487 1487 1487 1474 1474 1474 1487 1487 1487 1388 1388 1388 1473 1473 1473 1483 1483 1483 1474 1474 1474 1473 1473 1473 1370 1370 1370 1369 1369 1369 1366 1366 1366 1484 1484 1484 1369 1369 1369 1366 1366 1366 1359 1359 1359 1368 1368 1368 1368 1368 1368 1485 1485 1485 1366 1366 1366 1368 1368 1368 1461 1461 1461 1466 1466 1466 1367 1367 1367 1459 1459 1459 1461 1461 1461 1370 1370 1370 1473 1473 1473 1436 1436 1436 1369 1369 1369 1483 1483 1483 1473 1473 1473 1369 1369 1369 1360 1360 1360 1366 1366 1366 1381 1381 1381 1459 1459 1459 1367 1367 1367 1381 1381 1381 1464 1464 1464 1459 1459 1459 1527 1527 1527 1528 1528 1528 1529 1529 1529 1527 1527 1527 1530 1530 1530 1531 1531 1531 1527 1527 1527 1532 1532 1532 1533 1533 1533 1527 1527 1527 1531 1531 1531 1532 1532 1532 1528 1528 1528 1527 1527 1527 1533 1533 1533 1528 1528 1528 1534 1534 1534 1535 1535 1535 1528 1528 1528 1536 1536 1536 1534 1534 1534 1529 1529 1529 1537 1537 1537 1538 1538 1538 1529 1529 1529 1539 1539 1539 1527 1527 1527 1533 1533 1533 1540 1540 1540 1536 1536 1536 1537 1537 1537 1529 1529 1529 1528 1528 1528 1537 1537 1537 1528 1528 1528 1535 1535 1535 1537 1537 1537 1535 1535 1535 1541 1541 1541 1538 1538 1538 1542 1542 1542 1543 1543 1543 1544 1544 1544 1543 1543 1543 1545 1545 1545 1544 1544 1544 1546 1546 1546 1547 1547 1547 1544 1544 1544 1547 1547 1547 1529 1529 1529 1544 1544 1544 1529 1529 1529 1538 1538 1538 1547 1547 1547 1548 1548 1548 1539 1539 1539 1539 1539 1539 1549 1549 1549 1530 1530 1530 1539 1539 1539 1529 1529 1529 1547 1547 1547 1550 1550 1550 1545 1545 1545 1543 1543 1543 1550 1550 1550 1551 1551 1551 1552 1552 1552 1551 1551 1551 1553 1553 1553 1554 1554 1554 1551 1551 1551 1550 1550 1550 1555 1555 1555 1552 1552 1552 1556 1556 1556 1557 1557 1557 1552 1552 1552 1558 1558 1558 1550 1550 1550 1555 1555 1555 1543 1543 1543 1542 1542 1542 1556 1556 1556 1552 1552 1552 1551 1551 1551 1556 1556 1556 1554 1554 1554 1559 1559 1559 1560 1560 1560 1561 1561 1561 1562 1562 1562 1560 1560 1560 1552 1552 1552 1557 1557 1557 1560 1560 1560 1563 1563 1563 1552 1552 1552 1560 1560 1560 1562 1562 1562 1564 1564 1564 1563 1563 1563 1564 1564 1564 1565 1565 1565 1558 1558 1558 1552 1552 1552 1563 1563 1563 1558 1558 1558 1565 1565 1565 1546 1546 1546 1566 1566 1566 1567 1567 1567 1568 1568 1568 1566 1566 1566 1569 1569 1569 1567 1567 1567 1566 1566 1566 1568 1568 1568 1570 1570 1570 1567 1567 1567 1559 1559 1559 1568 1568 1568 1567 1567 1567 1561 1561 1561 1559 1559 1559 1567 1567 1567 1562 1562 1562 1561 1561 1561 1568 1568 1568 1571 1571 1571 1570 1570 1570 1570 1570 1570 1572 1572 1572 1573 1573 1573 1574 1574 1574 1570 1570 1570 1573 1573 1573 1574 1574 1574 1566 1566 1566 1570 1570 1570 1574 1574 1574 1575 1575 1575 1576 1576 1576 1574 1574 1574 1573 1573 1573 1577 1577 1577 1573 1573 1573 1572 1572 1572 1578 1578 1578 1573 1573 1573 1579 1579 1579 1577 1577 1577 1576 1576 1576 1566 1566 1566 1574 1574 1574 1576 1576 1576 1580 1580 1580 1566 1566 1566 1576 1576 1576 1581 1581 1581 1582 1582 1582 1580 1580 1580 1582 1582 1582 1583 1583 1583 1569 1569 1569 1566 1566 1566 1580 1580 1580 1584 1584 1584 1585 1585 1585 1586 1586 1586 1584 1584 1584 1587 1587 1587 1588 1588 1588 1585 1585 1585 1589 1589 1589 1590 1590 1590 1585 1585 1585 1591 1591 1591 1592 1592 1592 1585 1585 1585 1584 1584 1584 1593 1593 1593 1586 1586 1586 1592 1592 1592 1594 1594 1594 1586 1586 1586 1585 1585 1585 1592 1592 1592 1586 1586 1586 1595 1595 1595 1584 1584 1584 1593 1593 1593 1596 1596 1596 1589 1589 1589 1593 1593 1593 1584 1584 1584 1588 1588 1588 1593 1593 1593 1588 1588 1588 1597 1597 1597 1593 1593 1593 1598 1598 1598 1599 1599 1599 1592 1592 1592 1591 1591 1591 1531 1531 1531 1591 1591 1591 1590 1590 1590 1600 1600 1600 1591 1591 1591 1532 1532 1532 1531 1531 1531 1601 1601 1601 1530 1530 1530 1549 1549 1549 1601 1601 1601 1586 1586 1586 1594 1594 1594 1594 1594 1594 1531 1531 1531 1530 1530 1530 1595 1595 1595 1602 1602 1602 1583 1583 1583 1595 1595 1595 1586 1586 1586 1601 1601 1601 1595 1595 1595 1581 1581 1581 1587 1587 1587 1595 1595 1595 1582 1582 1582 1581 1581 1581 1603 1603 1603 1559 1559 1559 1554 1554 1554 1603 1603 1603 1553 1553 1553 1604 1604 1604 1603 1603 1603 1605 1605 1605 1571 1571 1571 1605 1605 1605 1572 1572 1572 1571 1571 1571 1605 1605 1605 1603 1603 1603 1604 1604 1604 1571 1571 1571 1568 1568 1568 1603 1603 1603 1604 1604 1604 1553 1553 1553 1606 1606 1606 1604 1604 1604 1607 1607 1607 1596 1596 1596 1604 1604 1604 1608 1608 1608 1607 1607 1607 1572 1572 1572 1605 1605 1605 1593 1593 1593 1572 1572 1572 1609 1609 1609 1578 1578 1578 1572 1572 1572 1599 1599 1599 1609 1609 1609 1572 1572 1572 1570 1570 1570 1571 1571 1571 1549 1549 1549 1602 1602 1602 1601 1601 1601 1549 1549 1549 1548 1548 1548 1610 1610 1610 1549 1549 1549 1539 1539 1539 1548 1548 1548 1548 1548 1548 1546 1546 1546 1565 1565 1565 1548 1548 1548 1547 1547 1547 1546 1546 1546 1610 1610 1610 1602 1602 1602 1549 1549 1549 1610 1610 1610 1565 1565 1565 1564 1564 1564 1602 1602 1602 1610 1610 1610 1611 1611 1611 1602 1602 1602 1595 1595 1595 1601 1601 1601 1530 1530 1530 1601 1601 1601 1594 1594 1594 1530 1530 1530 1527 1527 1527 1539 1539 1539 1583 1583 1583 1611 1611 1611 1569 1569 1569 1583 1583 1583 1569 1569 1569 1580 1580 1580 1583 1583 1583 1582 1582 1582 1595 1595 1595 1611 1611 1611 1583 1583 1583 1602 1602 1602 1611 1611 1611 1564 1564 1564 1562 1562 1562 1582 1582 1582 1580 1580 1580 1576 1576 1576 1612 1612 1612 1589 1589 1589 1596 1596 1596 1612 1612 1612 1613 1613 1613 1614 1614 1614 1613 1613 1613 1615 1615 1615 1616 1616 1616 1613 1613 1613 1612 1612 1612 1617 1617 1617 1614 1614 1614 1618 1618 1618 1612 1612 1612 1614 1614 1614 1619 1619 1619 1620 1620 1620 1614 1614 1614 1616 1616 1616 1619 1619 1619 1617 1617 1617 1596 1596 1596 1607 1607 1607 1617 1617 1617 1621 1621 1621 1613 1613 1613 1616 1616 1616 1622 1622 1622 1619 1619 1619 1616 1616 1616 1614 1614 1614 1613 1613 1613 1623 1623 1623 1624 1624 1624 1618 1618 1618 1623 1623 1623 1614 1614 1614 1620 1620 1620 1620 1620 1620 1625 1625 1625 1623 1623 1623 1620 1620 1620 1622 1622 1622 1626 1626 1626 1618 1618 1618 1614 1614 1614 1623 1623 1623 1618 1618 1618 1590 1590 1590 1589 1589 1589 1542 1542 1542 1538 1538 1538 1537 1537 1537 1542 1542 1542 1541 1541 1541 1627 1627 1627 1543 1543 1543 1555 1555 1555 1550 1550 1550 1543 1543 1543 1544 1544 1544 1538 1538 1538 1545 1545 1545 1550 1550 1550 1558 1558 1558 1628 1628 1628 1629 1629 1629 1630 1630 1630 1629 1629 1629 1631 1631 1631 1630 1630 1630 1629 1629 1629 1632 1632 1632 1631 1631 1631 1630 1630 1630 1633 1633 1633 1628 1628 1628 1631 1631 1631 1634 1634 1634 1635 1635 1635 1635 1635 1635 1636 1636 1636 1630 1630 1630 1635 1635 1635 1630 1630 1630 1631 1631 1631 1636 1636 1636 1635 1635 1635 1637 1637 1637 1637 1637 1637 1638 1638 1638 1639 1639 1639 1637 1637 1637 1640 1640 1640 1636 1636 1636 1633 1633 1633 1630 1630 1630 1636 1636 1636 1633 1633 1633 1636 1636 1636 1640 1640 1640 1564 1564 1564 1611 1611 1611 1610 1610 1610 1564 1564 1564 1563 1563 1563 1560 1560 1560 1562 1562 1562 1567 1567 1567 1569 1569 1569 1562 1562 1562 1569 1569 1569 1611 1611 1611 1565 1565 1565 1610 1610 1610 1548 1548 1548 1565 1565 1565 1558 1558 1558 1563 1563 1563 1546 1546 1546 1544 1544 1544 1545 1545 1545 1546 1546 1546 1545 1545 1545 1558 1558 1558 1553 1553 1553 1603 1603 1603 1554 1554 1554 1553 1553 1553 1551 1551 1551 1555 1555 1555 1553 1553 1553 1627 1627 1627 1641 1641 1641 1554 1554 1554 1556 1556 1556 1551 1551 1551 1559 1559 1559 1603 1603 1603 1568 1568 1568 1561 1561 1561 1556 1556 1556 1559 1559 1559 1561 1561 1561 1560 1560 1560 1557 1557 1557 1561 1561 1561 1557 1557 1557 1556 1556 1556 1531 1531 1531 1594 1594 1594 1592 1592 1592 1532 1532 1532 1600 1600 1600 1642 1642 1642 1532 1532 1532 1642 1642 1642 1643 1643 1643 1638 1638 1638 1644 1644 1644 1645 1645 1645 1638 1638 1638 1635 1635 1635 1634 1634 1634 1638 1638 1638 1634 1634 1634 1646 1646 1646 1638 1638 1638 1647 1647 1647 1644 1644 1644 1638 1638 1638 1637 1637 1637 1635 1635 1635 1638 1638 1638 1645 1645 1645 1639 1639 1639 1647 1647 1647 1638 1638 1638 1646 1646 1646 1644 1644 1644 1648 1648 1648 1649 1649 1649 1639 1639 1639 1645 1645 1645 1640 1640 1640 1648 1648 1648 1650 1650 1650 1651 1651 1651 1648 1648 1648 1644 1644 1644 1647 1647 1647 1648 1648 1648 1651 1651 1651 1652 1652 1652 1651 1651 1651 1536 1536 1536 1540 1540 1540 1652 1652 1652 1540 1540 1540 1606 1606 1606 1652 1652 1652 1653 1653 1653 1649 1649 1649 1652 1652 1652 1649 1649 1649 1648 1648 1648 1649 1649 1649 1640 1640 1640 1645 1645 1645 1649 1649 1649 1645 1645 1645 1644 1644 1644 1654 1654 1654 1648 1648 1648 1647 1647 1647 1654 1654 1654 1632 1632 1632 1650 1650 1650 1650 1650 1650 1648 1648 1648 1654 1654 1654 1650 1650 1650 1534 1534 1534 1536 1536 1536 1632 1632 1632 1655 1655 1655 1631 1631 1631 1632 1632 1632 1654 1654 1654 1655 1655 1655 1656 1656 1656 1657 1657 1657 1658 1658 1658 1657 1657 1657 1656 1656 1656 1659 1659 1659 1659 1659 1659 1660 1660 1660 1657 1657 1657 1661 1661 1661 1657 1657 1657 1660 1660 1660 1653 1653 1653 1633 1633 1633 1640 1640 1640 1653 1653 1653 1640 1640 1640 1649 1649 1649 1640 1640 1640 1637 1637 1637 1639 1639 1639 1622 1622 1622 1662 1662 1662 1663 1663 1663 1622 1622 1622 1664 1664 1664 1626 1626 1626 1622 1622 1622 1616 1616 1616 1615 1615 1615 1622 1622 1622 1620 1620 1620 1619 1619 1619 1622 1622 1622 1615 1615 1615 1662 1662 1662 1662 1662 1662 1621 1621 1621 1665 1665 1665 1615 1615 1615 1613 1613 1613 1621 1621 1621 1664 1664 1664 1622 1622 1622 1663 1663 1663 1666 1666 1666 1667 1667 1667 1621 1621 1621 1667 1667 1667 1668 1668 1668 1665 1665 1665 1667 1667 1667 1665 1665 1665 1621 1621 1621 1621 1621 1621 1617 1617 1617 1666 1666 1666 1621 1621 1621 1662 1662 1662 1615 1615 1615 1668 1668 1668 1669 1669 1669 1665 1665 1665 1668 1668 1668 1670 1670 1670 1669 1669 1669 1668 1668 1668 1642 1642 1642 1600 1600 1600 1670 1670 1670 1668 1668 1668 1671 1671 1671 1670 1670 1670 1625 1625 1625 1664 1664 1664 1671 1671 1671 1624 1624 1624 1670 1670 1670 1672 1672 1672 1673 1673 1673 1674 1674 1674 1673 1673 1673 1675 1675 1675 1676 1676 1676 1673 1673 1673 1672 1672 1672 1675 1675 1675 1677 1677 1677 1673 1673 1673 1676 1676 1676 1624 1624 1624 1600 1600 1600 1590 1590 1590 1624 1624 1624 1623 1623 1623 1625 1625 1625 1624 1624 1624 1625 1625 1625 1670 1670 1670 1625 1625 1625 1620 1620 1620 1626 1626 1626 1625 1625 1625 1626 1626 1626 1664 1664 1664 1575 1575 1575 1574 1574 1574 1577 1577 1577 1575 1575 1575 1678 1678 1678 1581 1581 1581 1678 1678 1678 1679 1679 1679 1680 1680 1680 1678 1678 1678 1575 1575 1575 1681 1681 1681 1581 1581 1581 1576 1576 1576 1575 1575 1575 1581 1581 1581 1678 1678 1678 1587 1587 1587 1681 1681 1681 1575 1575 1575 1577 1577 1577 1587 1587 1587 1678 1678 1678 1682 1682 1682 1587 1587 1587 1584 1584 1584 1595 1595 1595 1587 1587 1587 1682 1682 1682 1588 1588 1588 1682 1682 1682 1680 1680 1680 1683 1683 1683 1577 1577 1577 1579 1579 1579 1681 1681 1681 1579 1579 1579 1684 1684 1684 1679 1679 1679 1579 1579 1579 1578 1578 1578 1684 1684 1684 1588 1588 1588 1682 1682 1682 1597 1597 1597 1597 1597 1597 1683 1683 1683 1598 1598 1598 1683 1683 1683 1680 1680 1680 1685 1685 1685 1683 1683 1683 1597 1597 1597 1682 1682 1682 1598 1598 1598 1685 1685 1685 1686 1686 1686 1598 1598 1598 1686 1686 1686 1687 1687 1687 1598 1598 1598 1593 1593 1593 1597 1597 1597 1685 1685 1685 1598 1598 1598 1683 1683 1683 1685 1685 1685 1688 1688 1688 1686 1686 1686 1599 1599 1599 1598 1598 1598 1687 1687 1687 1599 1599 1599 1572 1572 1572 1593 1593 1593 1687 1687 1687 1609 1609 1609 1599 1599 1599 1688 1688 1688 1685 1685 1685 1689 1689 1689 1688 1688 1688 1690 1690 1690 1691 1691 1691 1688 1688 1688 1692 1692 1692 1693 1693 1693 1688 1688 1688 1691 1691 1691 1687 1687 1687 1688 1688 1688 1687 1687 1687 1686 1686 1686 1692 1692 1692 1688 1688 1688 1689 1689 1689 1692 1692 1692 1680 1680 1680 1679 1679 1679 1690 1690 1690 1688 1688 1688 1693 1693 1693 1690 1690 1690 1684 1684 1684 1578 1578 1578 1679 1679 1679 1681 1681 1681 1579 1579 1579 1679 1679 1679 1684 1684 1684 1692 1692 1692 1679 1679 1679 1678 1678 1678 1681 1681 1681 1680 1680 1680 1682 1682 1682 1678 1678 1678 1680 1680 1680 1689 1689 1689 1685 1685 1685 1680 1680 1680 1692 1692 1692 1689 1689 1689 1609 1609 1609 1691 1691 1691 1690 1690 1690 1609 1609 1609 1687 1687 1687 1691 1691 1691 1578 1578 1578 1609 1609 1609 1690 1690 1690 1578 1578 1578 1579 1579 1579 1573 1573 1573 1684 1684 1684 1693 1693 1693 1692 1692 1692 1684 1684 1684 1690 1690 1690 1693 1693 1693 1589 1589 1589 1612 1612 1612 1618 1618 1618 1589 1589 1589 1585 1585 1585 1593 1593 1593 1590 1590 1590 1618 1618 1618 1624 1624 1624 1590 1590 1590 1591 1591 1591 1585 1585 1585 1600 1600 1600 1671 1671 1671 1668 1668 1668 1600 1600 1600 1532 1532 1532 1591 1591 1591 1600 1600 1600 1624 1624 1624 1671 1671 1671 1642 1642 1642 1668 1668 1668 1667 1667 1667 1643 1643 1643 1608 1608 1608 1533 1533 1533 1643 1643 1643 1667 1667 1667 1666 1666 1666 1643 1643 1643 1642 1642 1642 1667 1667 1667 1643 1643 1643 1533 1533 1533 1532 1532 1532 1608 1608 1608 1643 1643 1643 1694 1694 1694 1608 1608 1608 1694 1694 1694 1607 1607 1607 1694 1694 1694 1666 1666 1666 1617 1617 1617 1694 1694 1694 1643 1643 1643 1666 1666 1666 1607 1607 1607 1694 1694 1694 1617 1617 1617 1596 1596 1596 1605 1605 1605 1604 1604 1604 1596 1596 1596 1593 1593 1593 1605 1605 1605 1596 1596 1596 1617 1617 1617 1612 1612 1612 1627 1627 1627 1553 1553 1553 1555 1555 1555 1627 1627 1627 1541 1541 1541 1633 1633 1633 1627 1627 1627 1555 1555 1555 1542 1542 1542 1627 1627 1627 1633 1633 1633 1653 1653 1653 1641 1641 1641 1653 1653 1653 1652 1652 1652 1641 1641 1641 1627 1627 1627 1653 1653 1653 1641 1641 1641 1606 1606 1606 1553 1553 1553 1606 1606 1606 1641 1641 1641 1652 1652 1652 1606 1606 1606 1695 1695 1695 1604 1604 1604 1536 1536 1536 1651 1651 1651 1650 1650 1650 1536 1536 1536 1528 1528 1528 1533 1533 1533 1534 1534 1534 1632 1632 1632 1629 1629 1629 1534 1534 1534 1650 1650 1650 1632 1632 1632 1535 1535 1535 1629 1629 1629 1628 1628 1628 1535 1535 1535 1534 1534 1534 1629 1629 1629 1695 1695 1695 1606 1606 1606 1540 1540 1540 1540 1540 1540 1652 1652 1652 1651 1651 1651 1540 1540 1540 1533 1533 1533 1695 1695 1695 1541 1541 1541 1535 1535 1535 1628 1628 1628 1541 1541 1541 1542 1542 1542 1537 1537 1537 1541 1541 1541 1628 1628 1628 1633 1633 1633 1696 1696 1696 1697 1697 1697 1698 1698 1698 1696 1696 1696 1699 1699 1699 1700 1700 1700 1697 1697 1697 1696 1696 1696 1701 1701 1701 1697 1697 1697 1702 1702 1702 1703 1703 1703 1698 1698 1698 1704 1704 1704 1705 1705 1705 1698 1698 1698 1697 1697 1697 1706 1706 1706 1698 1698 1698 1707 1707 1707 1696 1696 1696 1701 1701 1701 1700 1700 1700 1708 1708 1708 1701 1701 1701 1702 1702 1702 1697 1697 1697 1701 1701 1701 1708 1708 1708 1709 1709 1709 1710 1710 1710 1711 1711 1711 1712 1712 1712 1710 1710 1710 1704 1704 1704 1713 1713 1713 1710 1710 1710 1707 1707 1707 1705 1705 1705 1710 1710 1710 1714 1714 1714 1715 1715 1715 1711 1711 1711 1710 1710 1710 1715 1715 1715 1712 1712 1712 1716 1716 1716 1717 1717 1717 1715 1715 1715 1718 1718 1718 1711 1711 1711 1715 1715 1715 1719 1719 1719 1720 1720 1720 1721 1721 1721 1722 1722 1722 1723 1723 1723 1721 1721 1721 1724 1724 1724 1725 1725 1725 1721 1721 1721 1703 1703 1703 1726 1726 1726 1724 1724 1724 1727 1727 1727 1719 1719 1719 1724 1724 1724 1721 1721 1721 1723 1723 1723 1725 1725 1725 1724 1724 1724 1714 1714 1714 1725 1725 1725 1713 1713 1713 1704 1704 1704 1723 1723 1723 1727 1727 1727 1724 1724 1724 1723 1723 1723 1728 1728 1728 1729 1729 1729 1730 1730 1730 1731 1731 1731 1716 1716 1716 1730 1730 1730 1732 1732 1732 1733 1733 1733 1732 1732 1732 1730 1730 1730 1718 1718 1718 1732 1732 1732 1734 1734 1734 1735 1735 1735 1733 1733 1733 1735 1735 1735 1736 1736 1736 1718 1718 1718 1716 1716 1716 1711 1711 1711 1718 1718 1718 1715 1715 1715 1720 1720 1720 1718 1718 1718 1737 1737 1737 1732 1732 1732 1731 1731 1731 1730 1730 1730 1733 1733 1733 1731 1731 1731 1717 1717 1717 1716 1716 1716 1716 1716 1716 1718 1718 1718 1730 1730 1730 1716 1716 1716 1712 1712 1712 1711 1711 1711 1699 1699 1699 1738 1738 1738 1700 1700 1700 1699 1699 1699 1696 1696 1696 1707 1707 1707 1738 1738 1738 1699 1699 1699 1717 1717 1717 1700 1700 1700 1701 1701 1701 1696 1696 1696 1717 1717 1717 1707 1707 1707 1712 1712 1712 1717 1717 1717 1731 1731 1731 1738 1738 1738 1707 1707 1707 1698 1698 1698 1705 1705 1705 1707 1707 1707 1710 1710 1710 1712 1712 1712 1707 1707 1707 1717 1717 1717 1699 1699 1699 1727 1727 1727 1737 1737 1737 1719 1719 1719 1727 1727 1727 1723 1723 1723 1729 1729 1729 1737 1737 1737 1720 1720 1720 1719 1719 1719 1737 1737 1737 1718 1718 1718 1720 1720 1720 1737 1737 1737 1729 1729 1729 1734 1734 1734 1719 1719 1719 1715 1715 1715 1714 1714 1714 1714 1714 1714 1724 1724 1724 1719 1719 1719 1714 1714 1714 1710 1710 1710 1713 1713 1713 1714 1714 1714 1713 1713 1713 1725 1725 1725 1704 1704 1704 1698 1698 1698 1739 1739 1739 1704 1704 1704 1739 1739 1739 1725 1725 1725 1704 1704 1704 1710 1710 1710 1705 1705 1705 1739 1739 1739 1721 1721 1721 1725 1725 1725 1735 1735 1735 1740 1740 1740 1736 1736 1736 1735 1735 1735 1734 1734 1734 1741 1741 1741 1735 1735 1735 1733 1733 1733 1732 1732 1732 1741 1741 1741 1742 1742 1742 1735 1735 1735 1741 1741 1741 1734 1734 1734 1728 1728 1728 1734 1734 1734 1732 1732 1732 1737 1737 1737 1734 1734 1734 1729 1729 1729 1728 1728 1728 1729 1729 1729 1737 1737 1737 1727 1727 1727 1722 1722 1722 1728 1728 1728 1723 1723 1723 1722 1722 1722 1721 1721 1721 1726 1726 1726 1703 1703 1703 1706 1706 1706 1697 1697 1697 1703 1703 1703 1721 1721 1721 1706 1706 1706 1706 1706 1706 1739 1739 1739 1698 1698 1698 1706 1706 1706 1721 1721 1721 1739 1739 1739 1702 1702 1702 1701 1701 1701 1709 1709 1709 1743 1743 1743 1744 1744 1744 1745 1745 1745 1743 1743 1743 1746 1746 1746 1747 1747 1747 1743 1743 1743 1747 1747 1747 1748 1748 1748 1744 1744 1744 1749 1749 1749 1745 1745 1745 1744 1744 1744 1750 1750 1750 1751 1751 1751 1744 1744 1744 1752 1752 1752 1753 1753 1753 1745 1745 1745 1746 1746 1746 1743 1743 1743 1745 1745 1745 1754 1754 1754 1755 1755 1755 1746 1746 1746 1756 1756 1756 1747 1747 1747 1746 1746 1746 1755 1755 1755 1757 1757 1757 1746 1746 1746 1757 1757 1757 1756 1756 1756 1758 1758 1758 1759 1759 1759 1760 1760 1760 1758 1758 1758 1761 1761 1761 1762 1762 1762 1758 1758 1758 1760 1760 1760 1763 1763 1763 1759 1759 1759 1758 1758 1758 1750 1750 1750 1759 1759 1759 1764 1764 1764 1760 1760 1760 1763 1763 1763 1765 1765 1765 1766 1766 1766 1763 1763 1763 1767 1767 1767 1765 1765 1765 1768 1768 1768 1761 1761 1761 1769 1769 1769 1768 1768 1768 1769 1769 1769 1770 1770 1770 1768 1768 1768 1752 1752 1752 1762 1762 1762 1769 1769 1769 1766 1766 1766 1771 1771 1771 1770 1770 1770 1772 1772 1772 1773 1773 1773 1770 1770 1770 1769 1769 1769 1774 1774 1774 1774 1774 1774 1771 1771 1771 1775 1775 1775 1774 1774 1774 1775 1775 1775 1776 1776 1776 1777 1777 1777 1778 1778 1778 1779 1779 1779 1778 1778 1778 1780 1780 1780 1779 1779 1779 1779 1779 1779 1781 1781 1781 1767 1767 1767 1779 1779 1779 1782 1782 1782 1781 1781 1781 1779 1779 1779 1767 1767 1767 1777 1777 1777 1767 1767 1767 1763 1763 1763 1760 1760 1760 1767 1767 1767 1764 1764 1764 1777 1777 1777 1764 1764 1764 1783 1783 1783 1777 1777 1777 1764 1764 1764 1767 1767 1767 1760 1760 1760 1783 1783 1783 1778 1778 1778 1777 1777 1777 1748 1748 1748 1747 1747 1747 1784 1784 1784 1748 1748 1748 1784 1784 1784 1785 1785 1785 1784 1784 1784 1783 1783 1783 1785 1785 1785 1785 1785 1785 1783 1783 1783 1764 1764 1764 1785 1785 1785 1764 1764 1764 1759 1759 1759 1785 1785 1785 1750 1750 1750 1748 1748 1748 1750 1750 1750 1785 1785 1785 1759 1759 1759 1750 1750 1750 1744 1744 1744 1743 1743 1743 1750 1750 1750 1743 1743 1743 1748 1748 1748 1771 1771 1771 1774 1774 1774 1769 1769 1769 1771 1771 1771 1766 1766 1766 1781 1781 1781 1781 1781 1781 1775 1775 1775 1771 1771 1771 1765 1765 1765 1767 1767 1767 1781 1781 1781 1765 1765 1765 1781 1781 1781 1766 1766 1766 1761 1761 1761 1763 1763 1763 1766 1766 1766 1761 1761 1761 1766 1766 1766 1769 1769 1769 1761 1761 1761 1758 1758 1758 1763 1763 1763 1752 1752 1752 1744 1744 1744 1751 1751 1751 1752 1752 1752 1768 1768 1768 1753 1753 1753 1752 1752 1752 1751 1751 1751 1758 1758 1758 1752 1752 1752 1758 1758 1758 1762 1762 1762 1753 1753 1753 1768 1768 1768 1770 1770 1770 1751 1751 1751 1750 1750 1750 1758 1758 1758 1762 1762 1762 1761 1761 1761 1768 1768 1768 1780 1780 1780 1786 1786 1786 1787 1787 1787 1780 1780 1780 1788 1788 1788 1782 1782 1782 1780 1780 1780 1778 1778 1778 1786 1786 1786 1776 1776 1776 1782 1782 1782 1788 1788 1788 1782 1782 1782 1776 1776 1776 1775 1775 1775 1782 1782 1782 1779 1779 1779 1780 1780 1780 1775 1775 1775 1781 1781 1781 1782 1782 1782 1772 1772 1772 1770 1770 1770 1774 1774 1774 1772 1772 1772 1774 1774 1774 1776 1776 1776 1754 1754 1754 1770 1770 1770 1773 1773 1773 1754 1754 1754 1749 1749 1749 1770 1770 1770 1754 1754 1754 1745 1745 1745 1749 1749 1749 1749 1749 1749 1744 1744 1744 1753 1753 1753 1749 1749 1749 1753 1753 1753 1770 1770 1770 1755 1755 1755 1746 1746 1746 1745 1745 1745 1789 1789 1789 1788 1788 1788 1780 1780 1780 1790 1790 1790 518 518 518 380 380 380 518 518 518 1790 1790 1790 1791 1791 1791 518 518 518 467 467 467 380 380 380 1792 1792 1792 1793 1793 1793 1794 1794 1794 1793 1793 1793 1792 1792 1792 1795 1795 1795 1793 1793 1793 1796 1796 1796 1797 1797 1797 1798 1798 1798 1799 1799 1799 1800 1800 1800 1799 1799 1799 1798 1798 1798 1795 1795 1795 1796 1796 1796 1793 1793 1793 1795 1795 1795 1801 1801 1801 1802 1802 1802 1803 1803 1803 1802 1802 1802 1801 1801 1801 1804 1804 1804 1802 1802 1802 1805 1805 1805 1806 1806 1806 1807 1807 1807 1808 1808 1808 1809 1809 1809 1808 1808 1808 1807 1807 1807 1804 1804 1804 1805 1805 1805 1802 1802 1802 1804 1804 1804 249 249 249 244 244 244 1810 1810 1810 1810 1810 1810 1811 1811 1811 1812 1812 1812 1810 1810 1810 244 244 244 1811 1811 1811 517 517 517 249 249 249 1813 1813 1813 1814 1814 1814 1815 1815 1815 1816 1816 1816 1814 1814 1814 1816 1816 1816 1817 1817 1817 1814 1814 1814 1817 1817 1817 1818 1818 1818 1814 1814 1814 1819 1819 1819 1820 1820 1820 1815 1815 1815 1821 1821 1821 1816 1816 1816 1817 1817 1817 1822 1822 1822 1823 1823 1823 1817 1817 1817 1823 1823 1823 1818 1818 1818 1817 1817 1817 1816 1816 1816 1822 1822 1822 1824 1824 1824 1820 1820 1820 1825 1825 1825 1820 1820 1820 1815 1815 1815 1814 1814 1814 1820 1820 1820 1826 1826 1826 1815 1815 1815 1820 1820 1820 1824 1824 1824 1826 1826 1826 1825 1825 1825 1827 1827 1827 1824 1824 1824 1825 1825 1825 1819 1819 1819 1828 1828 1828 1826 1826 1826 1824 1824 1824 1829 1829 1829 1818 1818 1818 1830 1830 1830 1831 1831 1831 1818 1818 1818 1831 1831 1831 1828 1828 1828 1831 1831 1831 1830 1830 1830 1832 1832 1832 1828 1828 1828 1832 1832 1832 1833 1833 1833 1828 1828 1828 1819 1819 1819 1818 1818 1818 1828 1828 1828 1833 1833 1833 1825 1825 1825 1819 1819 1819 1814 1814 1814 1818 1818 1818 1819 1819 1819 1825 1825 1825 1820 1820 1820 1832 1832 1832 1834 1834 1834 1827 1827 1827 1832 1832 1832 1828 1828 1828 1831 1831 1831 1832 1832 1832 1827 1827 1827 1833 1833 1833 1834 1834 1834 1835 1835 1835 1827 1827 1827 1834 1834 1834 1832 1832 1832 1830 1830 1830 1834 1834 1834 1830 1830 1830 1836 1836 1836 1827 1827 1827 1825 1825 1825 1833 1833 1833 1827 1827 1827 1835 1835 1835 1829 1829 1829 1836 1836 1836 1823 1823 1823 1822 1822 1822 1823 1823 1823 1836 1836 1836 1830 1830 1830 1822 1822 1822 1835 1835 1835 1836 1836 1836 1830 1830 1830 1818 1818 1818 1823 1823 1823 1821 1821 1821 1815 1815 1815 1826 1826 1826 1821 1821 1821 1835 1835 1835 1837 1837 1837 1821 1821 1821 1837 1837 1837 1816 1816 1816 1829 1829 1829 1824 1824 1824 1827 1827 1827 1829 1829 1829 1821 1821 1821 1826 1826 1826 1837 1837 1837 1822 1822 1822 1816 1816 1816 1835 1835 1835 1834 1834 1834 1836 1836 1836 1835 1835 1835 1822 1822 1822 1837 1837 1837 1835 1835 1835 1821 1821 1821 1829 1829 1829 1838 1838 1838 1839 1839 1839 1840 1840 1840 1838 1838 1838 1841 1841 1841 1842 1842 1842 1838 1838 1838 1840 1840 1840 1843 1843 1843 1843 1843 1843 1841 1841 1841 1838 1838 1838 1843 1843 1843 1844 1844 1844 1845 1845 1845 1846 1846 1846 1844 1844 1844 1843 1843 1843 1846 1846 1846 1840 1840 1840 1847 1847 1847 1846 1846 1846 1843 1843 1843 1840 1840 1840 1848 1848 1848 1844 1844 1844 1849 1849 1849 1848 1848 1848 1849 1849 1849 1850 1850 1850 1844 1844 1844 1848 1848 1848 1851 1851 1851 1844 1844 1844 1846 1846 1846 1849 1849 1849 1851 1851 1851 1852 1852 1852 1853 1853 1853 1851 1851 1851 1845 1845 1845 1844 1844 1844 1854 1854 1854 1855 1855 1855 1856 1856 1856 1854 1854 1854 1841 1841 1841 1857 1857 1857 1841 1841 1841 1856 1856 1856 1842 1842 1842 1857 1857 1857 1851 1851 1851 1853 1853 1853 1857 1857 1857 1845 1845 1845 1851 1851 1851 1857 1857 1857 1841 1841 1841 1845 1845 1845 1845 1845 1845 1841 1841 1841 1843 1843 1843 1855 1855 1855 1857 1857 1857 1853 1853 1853 1855 1855 1855 1854 1854 1854 1857 1857 1857 1855 1855 1855 1852 1852 1852 1858 1858 1858 1852 1852 1852 1850 1850 1850 1859 1859 1859 1852 1852 1852 1851 1851 1851 1848 1848 1848 1852 1852 1852 1855 1855 1855 1853 1853 1853 1858 1858 1858 1852 1852 1852 1859 1859 1859 1858 1858 1858 1856 1856 1856 1855 1855 1855 1860 1860 1860 1856 1856 1856 1858 1858 1858 1860 1860 1860 1842 1842 1842 1856 1856 1856 1842 1842 1842 1860 1860 1860 1839 1839 1839 1856 1856 1856 1841 1841 1841 1854 1854 1854 1839 1839 1839 1838 1838 1838 1842 1842 1842 1839 1839 1839 1859 1859 1859 1861 1861 1861 1847 1847 1847 1840 1840 1840 1861 1861 1861 1847 1847 1847 1849 1849 1849 1846 1846 1846 1850 1850 1850 1849 1849 1849 1847 1847 1847 1850 1850 1850 1852 1852 1852 1848 1848 1848 1850 1850 1850 1847 1847 1847 1859 1859 1859 1861 1861 1861 1840 1840 1840 1839 1839 1839 1859 1859 1859 1839 1839 1839 1860 1860 1860 1859 1859 1859 1860 1860 1860 1858 1858 1858 1859 1859 1859 1847 1847 1847 1861 1861 1861 1862 1862 1862 1863 1863 1863 1864 1864 1864 1862 1862 1862 1865 1865 1865 1866 1866 1866 1863 1863 1863 1867 1867 1867 1868 1868 1868 1863 1863 1863 1869 1869 1869 1870 1870 1870 1863 1863 1863 1871 1871 1871 1864 1864 1864 1863 1863 1863 1862 1862 1862 1866 1866 1866 1864 1864 1864 1872 1872 1872 1873 1873 1873 1864 1864 1864 1873 1873 1873 1874 1874 1874 1866 1866 1866 1875 1875 1875 1867 1867 1867 1865 1865 1865 1876 1876 1876 1877 1877 1877 1865 1865 1865 1862 1862 1862 1878 1878 1878 1878 1878 1878 1879 1879 1879 1876 1876 1876 1878 1878 1878 1874 1874 1874 1880 1880 1880 1876 1876 1876 1881 1881 1881 1882 1882 1882 1876 1876 1876 1865 1865 1865 1878 1878 1878 1877 1877 1877 1876 1876 1876 1882 1882 1882 1877 1877 1877 1883 1883 1883 1884 1884 1884 1877 1877 1877 1882 1882 1882 1885 1885 1885 1882 1882 1882 1886 1886 1886 1885 1885 1885 1886 1886 1886 1882 1882 1882 1887 1887 1887 1887 1887 1887 1881 1881 1881 1888 1888 1888 1887 1887 1887 1889 1889 1889 1890 1890 1890 1890 1890 1890 1870 1870 1870 1891 1891 1891 1890 1890 1890 1891 1891 1891 1886 1886 1886 1890 1890 1890 1886 1886 1886 1887 1887 1887 1891 1891 1891 1892 1892 1892 1893 1893 1893 1891 1891 1891 1893 1893 1893 1886 1886 1886 1891 1891 1891 1869 1869 1869 1892 1892 1892 1870 1870 1870 1890 1890 1890 1871 1871 1871 1871 1871 1871 1863 1863 1863 1870 1870 1870 1871 1871 1871 1889 1889 1889 1872 1872 1872 1874 1874 1874 1862 1862 1862 1864 1864 1864 1874 1874 1874 1878 1878 1878 1862 1862 1862 1873 1873 1873 1894 1894 1894 1895 1895 1895 1873 1873 1873 1896 1896 1896 1894 1894 1894 1880 1880 1880 1895 1895 1895 1897 1897 1897 1879 1879 1879 1897 1897 1897 1898 1898 1898 1879 1879 1879 1878 1878 1878 1880 1880 1880 1879 1879 1879 1881 1881 1881 1876 1876 1876 1879 1879 1879 1898 1898 1898 1899 1899 1899 1881 1881 1881 1887 1887 1887 1882 1882 1882 1888 1888 1888 1899 1899 1899 1900 1900 1900 1888 1888 1888 1900 1900 1900 1901 1901 1901 1889 1889 1889 1887 1887 1887 1888 1888 1888 1889 1889 1889 1901 1901 1901 1896 1896 1896 1889 1889 1889 1896 1896 1896 1872 1872 1872 1889 1889 1889 1871 1871 1871 1890 1890 1890 1872 1872 1872 1864 1864 1864 1871 1871 1871 1895 1895 1895 1880 1880 1880 1874 1874 1874 1895 1895 1895 1874 1874 1874 1873 1873 1873 1895 1895 1895 1902 1902 1902 1903 1903 1903 1895 1895 1895 1904 1904 1904 1902 1902 1902 1897 1897 1897 1903 1903 1903 1905 1905 1905 1897 1897 1897 1905 1905 1905 1898 1898 1898 1897 1897 1897 1879 1879 1879 1880 1880 1880 1899 1899 1899 1905 1905 1905 1906 1906 1906 1899 1899 1899 1881 1881 1881 1879 1879 1879 1899 1899 1899 1906 1906 1906 1907 1907 1907 1899 1899 1899 1888 1888 1888 1881 1881 1881 1901 1901 1901 1889 1889 1889 1888 1888 1888 1901 1901 1901 1907 1907 1907 1908 1908 1908 1896 1896 1896 1908 1908 1908 1909 1909 1909 1896 1896 1896 1909 1909 1909 1904 1904 1904 1896 1896 1896 1873 1873 1873 1872 1872 1872 1904 1904 1904 1894 1894 1894 1896 1896 1896 1904 1904 1904 1895 1895 1895 1894 1894 1894 1902 1902 1902 1910 1910 1910 1911 1911 1911 1902 1902 1902 1912 1912 1912 1903 1903 1903 1903 1903 1903 1897 1897 1897 1895 1895 1895 1905 1905 1905 1899 1899 1899 1898 1898 1898 1905 1905 1905 1912 1912 1912 1913 1913 1913 1906 1906 1906 1913 1913 1913 1914 1914 1914 1906 1906 1906 1914 1914 1914 1915 1915 1915 1907 1907 1907 1900 1900 1900 1899 1899 1899 1907 1907 1907 1901 1901 1901 1900 1900 1900 1908 1908 1908 1915 1915 1915 1916 1916 1916 1908 1908 1908 1896 1896 1896 1901 1901 1901 1910 1910 1910 1902 1902 1902 1904 1904 1904 1910 1910 1910 1904 1904 1904 1909 1909 1909 1910 1910 1910 1909 1909 1909 1917 1917 1917 1911 1911 1911 1918 1918 1918 1919 1919 1919 1911 1911 1911 1920 1920 1920 1912 1912 1912 1912 1912 1912 1905 1905 1905 1903 1903 1903 1912 1912 1912 1902 1902 1902 1911 1911 1911 1913 1913 1913 1906 1906 1906 1905 1905 1905 1913 1913 1913 1920 1920 1920 1921 1921 1921 1914 1914 1914 1921 1921 1921 1922 1922 1922 1915 1915 1915 1908 1908 1908 1907 1907 1907 1915 1915 1915 1907 1907 1907 1906 1906 1906 1916 1916 1916 1923 1923 1923 1924 1924 1924 1916 1916 1916 1925 1925 1925 1917 1917 1917 1917 1917 1917 1908 1908 1908 1916 1916 1916 1917 1917 1917 1909 1909 1909 1908 1908 1908 1918 1918 1918 1926 1926 1926 1927 1927 1927 1918 1918 1918 1917 1917 1917 1925 1925 1925 1918 1918 1918 1910 1910 1910 1917 1917 1917 1918 1918 1918 1911 1911 1911 1910 1910 1910 1919 1919 1919 1928 1928 1928 1929 1929 1929 1920 1920 1920 1913 1913 1913 1912 1912 1912 1920 1920 1920 1911 1911 1911 1919 1919 1919 1921 1921 1921 1929 1929 1929 1930 1930 1930 1921 1921 1921 1930 1930 1930 1931 1931 1931 1921 1921 1921 1914 1914 1914 1913 1913 1913 1923 1923 1923 1916 1916 1916 1915 1915 1915 1923 1923 1923 1914 1914 1914 1922 1922 1922 1923 1923 1923 1915 1915 1915 1914 1914 1914 1923 1923 1923 1931 1931 1931 1932 1932 1932 1924 1924 1924 1932 1932 1932 1933 1933 1933 1924 1924 1924 1933 1933 1933 1926 1926 1926 1924 1924 1924 1926 1926 1926 1925 1925 1925 1925 1925 1925 1916 1916 1916 1924 1924 1924 1928 1928 1928 1934 1934 1934 1929 1929 1929 1928 1928 1928 1919 1919 1919 1918 1918 1918 1928 1928 1928 1935 1935 1935 1934 1934 1934 1928 1928 1928 1918 1918 1918 1927 1927 1927 1927 1927 1927 1936 1936 1936 1935 1935 1935 1927 1927 1927 1937 1937 1937 1936 1936 1936 1929 1929 1929 1921 1921 1921 1920 1920 1920 1929 1929 1929 1920 1920 1920 1919 1919 1919 1930 1930 1930 1934 1934 1934 1938 1938 1938 1930 1930 1930 1939 1939 1939 1931 1931 1931 1931 1931 1931 1923 1923 1923 1922 1922 1922 1931 1931 1931 1922 1922 1922 1921 1921 1921 1932 1932 1932 1924 1924 1924 1923 1923 1923 1932 1932 1932 1939 1939 1939 1940 1940 1940 1933 1933 1933 1940 1940 1940 1941 1941 1941 1926 1926 1926 1918 1918 1918 1925 1925 1925 1935 1935 1935 1928 1928 1928 1927 1927 1927 1936 1936 1936 1942 1942 1942 1943 1943 1943 1936 1936 1936 1944 1944 1944 1935 1935 1935 1934 1934 1934 1944 1944 1944 1945 1945 1945 1934 1934 1934 1930 1930 1930 1929 1929 1929 1938 1938 1938 1945 1945 1945 1946 1946 1946 1938 1938 1938 1947 1947 1947 1939 1939 1939 1939 1939 1939 1930 1930 1930 1938 1938 1938 1939 1939 1939 1932 1932 1932 1931 1931 1931 1940 1940 1940 1947 1947 1947 1948 1948 1948 1940 1940 1940 1933 1933 1933 1932 1932 1932 1937 1937 1937 1927 1927 1927 1926 1926 1926 1937 1937 1937 1926 1926 1926 1933 1933 1933 1937 1937 1937 1933 1933 1933 1941 1941 1941 1944 1944 1944 1934 1934 1934 1935 1935 1935 1944 1944 1944 1936 1936 1936 1943 1943 1943 1944 1944 1944 1949 1949 1949 1950 1950 1950 1944 1944 1944 1951 1951 1951 1945 1945 1945 1945 1945 1945 1938 1938 1938 1934 1934 1934 1945 1945 1945 1952 1952 1952 1946 1946 1946 1947 1947 1947 1938 1938 1938 1946 1946 1946 1947 1947 1947 1953 1953 1953 1948 1948 1948 1947 1947 1947 1952 1952 1952 1954 1954 1954 1947 1947 1947 1940 1940 1940 1939 1939 1939 1955 1955 1955 1940 1940 1940 1948 1948 1948 1955 1955 1955 1953 1953 1953 1956 1956 1956 1955 1955 1955 1941 1941 1941 1940 1940 1940 1942 1942 1942 1936 1936 1936 1937 1937 1937 1942 1942 1942 1941 1941 1941 1955 1955 1955 1942 1942 1942 1937 1937 1937 1941 1941 1941 1942 1942 1942 1956 1956 1956 1957 1957 1957 1942 1942 1942 1949 1949 1949 1943 1943 1943 1949 1949 1949 1944 1944 1944 1943 1943 1943 1949 1949 1949 1942 1942 1942 1957 1957 1957 1950 1950 1950 1868 1868 1868 1867 1867 1867 1951 1951 1951 1867 1867 1867 1875 1875 1875 1951 1951 1951 1875 1875 1875 1884 1884 1884 1951 1951 1951 1944 1944 1944 1950 1950 1950 1952 1952 1952 1945 1945 1945 1951 1951 1951 1952 1952 1952 1947 1947 1947 1946 1946 1946 1954 1954 1954 1884 1884 1884 1883 1883 1883 1954 1954 1954 1893 1893 1893 1953 1953 1953 1953 1953 1953 1947 1947 1947 1954 1954 1954 1953 1953 1953 1892 1892 1892 1956 1956 1956 1953 1953 1953 1893 1893 1893 1892 1892 1892 1953 1953 1953 1955 1955 1955 1948 1948 1948 1956 1956 1956 1942 1942 1942 1955 1955 1955 1957 1957 1957 1892 1892 1892 1869 1869 1869 1957 1957 1957 1868 1868 1868 1949 1949 1949 1868 1868 1868 1957 1957 1957 1869 1869 1869 1868 1868 1868 1950 1950 1950 1949 1949 1949 1867 1867 1867 1863 1863 1863 1866 1866 1866 1867 1867 1867 1951 1951 1951 1950 1950 1950 1875 1875 1875 1866 1866 1866 1865 1865 1865 1875 1875 1875 1865 1865 1865 1877 1877 1877 1875 1875 1875 1877 1877 1877 1884 1884 1884 1884 1884 1884 1954 1954 1954 1952 1952 1952 1884 1884 1884 1952 1952 1952 1951 1951 1951 1883 1883 1883 1893 1893 1893 1954 1954 1954 1883 1883 1883 1877 1877 1877 1885 1885 1885 1883 1883 1883 1885 1885 1885 1886 1886 1886 1883 1883 1883 1886 1886 1886 1893 1893 1893 1892 1892 1892 1957 1957 1957 1956 1956 1956 1869 1869 1869 1891 1891 1891 1870 1870 1870 1869 1869 1869 1863 1863 1863 1868 1868 1868 1958 1958 1958 1959 1959 1959 1960 1960 1960 1959 1959 1959 1961 1961 1961 1962 1962 1962 1960 1960 1960 1963 1963 1963 1964 1964 1964 1960 1960 1960 1965 1965 1965 1963 1963 1963 1960 1960 1960 1966 1966 1966 1965 1965 1965 1960 1960 1960 1967 1967 1967 1968 1968 1968 1960 1960 1960 1968 1968 1968 1958 1958 1958 1968 1968 1968 1969 1969 1969 1970 1970 1970 1968 1968 1968 1970 1970 1970 1971 1971 1971 1961 1961 1961 1959 1959 1959 1958 1958 1958 1961 1961 1961 1972 1972 1972 1962 1962 1962 1961 1961 1961 1971 1971 1971 1973 1973 1973 1962 1962 1962 1974 1974 1974 1975 1975 1975 1972 1972 1972 1976 1976 1976 1974 1974 1974 1972 1972 1972 1961 1961 1961 1977 1977 1977 1977 1977 1977 1978 1978 1978 1979 1979 1979 1977 1977 1977 1973 1973 1973 1978 1978 1978 1980 1980 1980 1972 1972 1972 1977 1977 1977 1980 1980 1980 1981 1981 1981 1972 1972 1972 1980 1980 1980 1982 1982 1982 1981 1981 1981 1982 1982 1982 1976 1976 1976 1981 1981 1981 1982 1982 1982 1983 1983 1983 1976 1976 1976 1982 1982 1982 1984 1984 1984 1983 1983 1983 1982 1982 1982 1980 1980 1980 1985 1985 1985 1985 1985 1985 1979 1979 1979 1986 1986 1986 1985 1985 1985 1987 1987 1987 1988 1988 1988 1985 1985 1985 1989 1989 1989 1982 1982 1982 1989 1989 1989 1985 1985 1985 1988 1988 1988 1988 1988 1988 1987 1987 1987 1969 1969 1969 1988 1988 1988 1969 1969 1969 1967 1967 1967 1967 1967 1967 1989 1989 1989 1988 1988 1988 1967 1967 1967 1964 1964 1964 1989 1989 1989 1967 1967 1967 1960 1960 1960 1964 1964 1964 1964 1964 1964 1963 1963 1963 1984 1984 1984 1971 1971 1971 1961 1961 1961 1958 1958 1958 1971 1971 1971 1958 1958 1958 1968 1968 1968 1970 1970 1970 1990 1990 1990 1991 1991 1991 1970 1970 1970 1992 1992 1992 1990 1990 1990 1973 1973 1973 1977 1977 1977 1961 1961 1961 1973 1973 1973 1991 1991 1991 1993 1993 1993 1978 1978 1978 1993 1993 1993 1994 1994 1994 1978 1978 1978 1994 1994 1994 1995 1995 1995 1979 1979 1979 1980 1980 1980 1977 1977 1977 1979 1979 1979 1985 1985 1985 1980 1980 1980 1986 1986 1986 1996 1996 1996 1997 1997 1997 1986 1986 1986 1997 1997 1997 1987 1987 1987 1986 1986 1986 1995 1995 1995 1996 1996 1996 1987 1987 1987 1997 1997 1997 1992 1992 1992 1987 1987 1987 1985 1985 1985 1986 1986 1986 1969 1969 1969 1968 1968 1968 1967 1967 1967 1991 1991 1991 1973 1973 1973 1971 1971 1971 1991 1991 1991 1971 1971 1971 1970 1970 1970 1991 1991 1991 1998 1998 1998 1999 1999 1999 1991 1991 1991 1999 1999 1999 2000 2000 2000 1991 1991 1991 2000 2000 2000 1993 1993 1993 1993 1993 1993 2000 2000 2000 2001 2001 2001 1993 1993 1993 1978 1978 1978 1973 1973 1973 1995 1995 1995 2001 2001 2001 2002 2002 2002 1995 1995 1995 1986 1986 1986 1979 1979 1979 1995 1995 1995 2002 2002 2002 2003 2003 2003 1995 1995 1995 1979 1979 1979 1978 1978 1978 1997 1997 1997 2003 2003 2003 2004 2004 2004 1992 1992 1992 1969 1969 1969 1987 1987 1987 1992 1992 1992 1970 1970 1970 1969 1969 1969 1992 1992 1992 2004 2004 2004 2005 2005 2005 1992 1992 1992 2005 2005 2005 1998 1998 1998 1998 1998 1998 1991 1991 1991 1990 1990 1990 1998 1998 1998 1990 1990 1990 1992 1992 1992 1999 1999 1999 2006 2006 2006 2007 2007 2007 1999 1999 1999 2008 2008 2008 2000 2000 2000 2000 2000 2000 2008 2008 2008 2009 2009 2009 2000 2000 2000 2009 2009 2009 2001 2001 2001 2001 2001 2001 1994 1994 1994 1993 1993 1993 2001 2001 2001 1995 1995 1995 1994 1994 1994 2002 2002 2002 2009 2009 2009 2010 2010 2010 2003 2003 2003 1996 1996 1996 1995 1995 1995 2003 2003 2003 1997 1997 1997 1996 1996 1996 2004 2004 2004 2011 2011 2011 2012 2012 2012 2004 2004 2004 1992 1992 1992 1997 1997 1997 2005 2005 2005 2012 2012 2012 2013 2013 2013 2006 2006 2006 1999 1999 1999 1998 1998 1998 2006 2006 2006 1998 1998 1998 2005 2005 2005 2006 2006 2006 2005 2005 2005 2013 2013 2013 2007 2007 2007 2014 2014 2014 2015 2015 2015 2008 2008 2008 2016 2016 2016 2017 2017 2017 2008 2008 2008 2017 2017 2017 2009 2009 2009 2008 2008 2008 2015 2015 2015 2016 2016 2016 2008 2008 2008 1999 1999 1999 2007 2007 2007 2009 2009 2009 2002 2002 2002 2001 2001 2001 2010 2010 2010 2017 2017 2017 2018 2018 2018 2010 2010 2010 2019 2019 2019 2011 2011 2011 2011 2011 2011 2004 2004 2004 2003 2003 2003 2011 2011 2011 2003 2003 2003 2002 2002 2002 2011 2011 2011 2002 2002 2002 2010 2010 2010 2011 2011 2011 2020 2020 2020 2012 2012 2012 2012 2012 2012 2005 2005 2005 2004 2004 2004 2013 2013 2013 2014 2014 2014 2006 2006 2006 2013 2013 2013 2020 2020 2020 2021 2021 2021 2013 2013 2013 2021 2021 2021 2014 2014 2014 2014 2014 2014 2007 2007 2007 2006 2006 2006 2014 2014 2014 2022 2022 2022 2023 2023 2023 2014 2014 2014 2023 2023 2023 2015 2015 2015 2014 2014 2014 2024 2024 2024 2022 2022 2022 2015 2015 2015 2008 2008 2008 2007 2007 2007 2016 2016 2016 2023 2023 2023 2025 2025 2025 2016 2016 2016 2025 2025 2025 2026 2026 2026 2017 2017 2017 2010 2010 2010 2009 2009 2009 2017 2017 2017 2027 2027 2027 2018 2018 2018 2019 2019 2019 2028 2028 2028 2029 2029 2029 2019 2019 2019 2029 2029 2029 2020 2020 2020 2019 2019 2019 2027 2027 2027 2028 2028 2028 2019 2019 2019 2010 2010 2010 2018 2018 2018 2020 2020 2020 2011 2011 2011 2019 2019 2019 2020 2020 2020 2013 2013 2013 2012 2012 2012 2021 2021 2021 2029 2029 2029 2024 2024 2024 2022 2022 2022 2030 2030 2030 2023 2023 2023 2022 2022 2022 2031 2031 2031 2032 2032 2032 2023 2023 2023 2016 2016 2016 2015 2015 2015 2025 2025 2025 2030 2030 2030 2033 2033 2033 2026 2026 2026 2034 2034 2034 2027 2027 2027 2026 2026 2026 2035 2035 2035 2034 2034 2034 2026 2026 2026 2017 2017 2017 2016 2016 2016 2026 2026 2026 2033 2033 2033 2035 2035 2035 2027 2027 2027 2019 2019 2019 2018 2018 2018 2027 2027 2027 2017 2017 2017 2026 2026 2026 2028 2028 2028 2034 2034 2034 2036 2036 2036 2029 2029 2029 2021 2021 2021 2020 2020 2020 2024 2024 2024 2014 2014 2014 2021 2021 2021 2030 2030 2030 2022 2022 2022 2032 2032 2032 2030 2030 2030 2025 2025 2025 2023 2023 2023 2032 2032 2032 2037 2037 2037 2030 2030 2030 2032 2032 2032 2038 2038 2038 2039 2039 2039 2033 2033 2033 2026 2026 2026 2025 2025 2025 2033 2033 2033 2037 2037 2037 2040 2040 2040 2035 2035 2035 2040 2040 2040 2041 2041 2041 2035 2035 2035 2042 2042 2042 2034 2034 2034 2034 2034 2034 2028 2028 2028 2027 2027 2027 2036 2036 2036 2042 2042 2042 2043 2043 2043 2044 2044 2044 2029 2029 2029 2028 2028 2028 2044 2044 2044 2028 2028 2028 2036 2036 2036 2031 2031 2031 2022 2022 2022 2024 2024 2024 2031 2031 2031 2029 2029 2029 2044 2044 2044 2031 2031 2031 2024 2024 2024 2029 2029 2029 2037 2037 2037 2032 2032 2032 2039 2039 2039 2037 2037 2037 2045 2045 2045 2040 2040 2040 2037 2037 2037 2046 2046 2046 2047 2047 2047 2037 2037 2037 2033 2033 2033 2030 2030 2030 2040 2040 2040 2048 2048 2048 2041 2041 2041 2040 2040 2040 2035 2035 2035 2033 2033 2033 2042 2042 2042 2048 2048 2048 2049 2049 2049 2042 2042 2042 2035 2035 2035 2041 2041 2041 2042 2042 2042 2036 2036 2036 2034 2034 2034 2042 2042 2042 2050 2050 2050 2043 2043 2043 2051 2051 2051 2044 2044 2044 2036 2036 2036 2051 2051 2051 2050 2050 2050 2052 2052 2052 2051 2051 2051 2036 2036 2036 2043 2043 2043 2038 2038 2038 2052 2052 2052 2053 2053 2053 2038 2038 2038 2031 2031 2031 2044 2044 2044 2038 2038 2038 2046 2046 2046 2039 2039 2039 2038 2038 2038 2044 2044 2044 2051 2051 2051 2038 2038 2038 2032 2032 2032 2031 2031 2031 2046 2046 2046 2037 2037 2037 2039 2039 2039 2046 2046 2046 2038 2038 2038 2053 2053 2053 2047 2047 2047 1966 1966 1966 1975 1975 1975 2047 2047 2047 1965 1965 1965 1966 1966 1966 2045 2045 2045 2037 2037 2037 2047 2047 2047 2045 2045 2045 1975 1975 1975 1974 1974 1974 2048 2048 2048 2040 2040 2040 2045 2045 2045 2048 2048 2048 2042 2042 2042 2041 2041 2041 2049 2049 2049 1974 1974 1974 1976 1976 1976 2049 2049 2049 1983 1983 1983 2050 2050 2050 2050 2050 2050 2051 2051 2051 2043 2043 2043 2050 2050 2050 2042 2042 2042 2049 2049 2049 2052 2052 2052 2038 2038 2038 2051 2051 2051 2052 2052 2052 1983 1983 1983 1984 1984 1984 2053 2053 2053 1963 1963 1963 1965 1965 1965 2053 2053 2053 1965 1965 1965 2046 2046 2046 2053 2053 2053 1984 1984 1984 1963 1963 1963 1965 1965 1965 2047 2047 2047 2046 2046 2046 1966 1966 1966 1960 1960 1960 1959 1959 1959 1966 1966 1966 1959 1959 1959 1962 1962 1962 1966 1966 1966 1962 1962 1962 1975 1975 1975 1975 1975 1975 2045 2045 2045 2047 2047 2047 1974 1974 1974 2048 2048 2048 2045 2045 2045 1974 1974 1974 1962 1962 1962 1972 1972 1972 1974 1974 1974 2049 2049 2049 2048 2048 2048 1976 1976 1976 1972 1972 1972 1981 1981 1981 1983 1983 1983 2052 2052 2052 2050 2050 2050 1983 1983 1983 2049 2049 2049 1976 1976 1976 1984 1984 1984 1982 1982 1982 1989 1989 1989 1984 1984 1984 2053 2053 2053 2052 2052 2052 1984 1984 1984 1989 1989 1989 1964 1964 1964 2054 2054 2054 2055 2055 2055 2056 2056 2056 2054 2054 2054 2056 2056 2056 2057 2057 2057 2054 2054 2054 2058 2058 2058 2059 2059 2059 2054 2054 2054 2060 2060 2060 2055 2055 2055 2057 2057 2057 2056 2056 2056 2061 2061 2061 2055 2055 2055 2062 2062 2062 2063 2063 2063 2055 2055 2055 2063 2063 2063 2056 2056 2056 2059 2059 2059 2064 2064 2064 2065 2065 2065 2059 2059 2059 2060 2060 2060 2054 2054 2054 2059 2059 2059 2066 2066 2066 2060 2060 2060 2060 2060 2060 2067 2067 2067 2055 2055 2055 2065 2065 2065 2064 2064 2064 2068 2068 2068 2065 2065 2065 2066 2066 2066 2059 2059 2059 2066 2066 2066 2067 2067 2067 2060 2060 2060 2066 2066 2066 2069 2069 2069 2067 2067 2067 2067 2067 2067 2062 2062 2062 2055 2055 2055 2069 2069 2069 2070 2070 2070 2071 2071 2071 2069 2069 2069 2071 2071 2071 2072 2072 2072 2069 2069 2069 2073 2073 2073 2074 2074 2074 2069 2069 2069 2074 2074 2074 2067 2067 2067 2074 2074 2074 2073 2073 2073 2075 2075 2075 2074 2074 2074 2076 2076 2076 2062 2062 2062 2077 2077 2077 2078 2078 2078 2079 2079 2079 2077 2077 2077 2080 2080 2080 2078 2078 2078 2077 2077 2077 2079 2079 2079 2081 2081 2081 2081 2081 2081 2079 2079 2079 2071 2071 2071 2081 2081 2081 2071 2071 2071 2070 2070 2070 2082 2082 2082 2070 2070 2070 2068 2068 2068 2082 2082 2082 2081 2081 2081 2070 2070 2070 2070 2070 2070 2069 2069 2069 2066 2066 2066 2068 2068 2068 2066 2066 2066 2065 2065 2065 2068 2068 2068 2070 2070 2070 2066 2066 2066 2083 2083 2083 2084 2084 2084 2075 2075 2075 2083 2083 2083 2085 2085 2085 2084 2084 2084 2083 2083 2083 2086 2086 2086 2087 2087 2087 2083 2083 2083 2087 2087 2087 2088 2088 2088 2087 2087 2087 2089 2089 2089 2090 2090 2090 2088 2088 2088 2087 2087 2087 2090 2090 2090 2088 2088 2088 2090 2090 2090 2091 2091 2091 2088 2088 2088 2085 2085 2085 2083 2083 2083 2075 2075 2075 2084 2084 2084 2076 2076 2076 2075 2075 2075 2086 2086 2086 2083 2083 2083 2075 2075 2075 2076 2076 2076 2074 2074 2074 2075 2075 2075 2073 2073 2073 2072 2072 2072 2075 2075 2075 2072 2072 2072 2086 2086 2086 2086 2086 2086 2089 2089 2089 2087 2087 2087 2086 2086 2086 2072 2072 2072 2089 2089 2089 2089 2089 2089 2092 2092 2092 2090 2090 2090 2072 2072 2072 2071 2071 2071 2079 2079 2079 2072 2072 2072 2093 2093 2093 2089 2089 2089 2073 2073 2073 2069 2069 2069 2072 2072 2072 2093 2093 2093 2092 2092 2092 2089 2089 2089 2093 2093 2093 2072 2072 2072 2078 2078 2078 2094 2094 2094 2095 2095 2095 2096 2096 2096 2094 2094 2094 2097 2097 2097 2098 2098 2098 2094 2094 2094 2098 2098 2098 2095 2095 2095 2094 2094 2094 2099 2099 2099 2100 2100 2100 2095 2095 2095 2101 2101 2101 2096 2096 2096 2095 2095 2095 2098 2098 2098 2102 2102 2102 2102 2102 2102 2103 2103 2103 2104 2104 2104 2102 2102 2102 2098 2098 2098 2103 2103 2103 2101 2101 2101 2102 2102 2102 2080 2080 2080 2101 2101 2101 2095 2095 2095 2102 2102 2102 2101 2101 2101 2105 2105 2105 2096 2096 2096 2080 2080 2080 2102 2102 2102 2104 2104 2104 2080 2080 2080 2077 2077 2077 2101 2101 2101 2106 2106 2106 2107 2107 2107 2108 2108 2108 2106 2106 2106 2109 2109 2109 2110 2110 2110 2106 2106 2106 2110 2110 2110 2111 2111 2111 2110 2110 2110 2112 2112 2112 2113 2113 2113 2111 2111 2111 2110 2110 2110 2113 2113 2113 2111 2111 2111 2114 2114 2114 2106 2106 2106 2108 2108 2108 2115 2115 2115 2116 2116 2116 2108 2108 2108 2116 2116 2116 2109 2109 2109 2108 2108 2108 2109 2109 2109 2106 2106 2106 2109 2109 2109 2116 2116 2116 2112 2112 2112 2109 2109 2109 2112 2112 2112 2110 2110 2110 2112 2112 2112 2117 2117 2117 2113 2113 2113 2113 2113 2113 2117 2117 2117 2118 2118 2118 2116 2116 2116 2097 2097 2097 2119 2119 2119 2116 2116 2116 2119 2119 2119 2112 2112 2112 2120 2120 2120 2115 2115 2115 2108 2108 2108 2115 2115 2115 2121 2121 2121 2116 2116 2116 2119 2119 2119 2117 2117 2117 2112 2112 2112 2121 2121 2121 2103 2103 2103 2098 2098 2098 2121 2121 2121 2098 2098 2098 2116 2116 2116 2122 2122 2122 2123 2123 2123 2124 2124 2124 2122 2122 2122 2125 2125 2125 2126 2126 2126 2122 2122 2122 2090 2090 2090 2092 2092 2092 2122 2122 2122 2124 2124 2124 2090 2090 2090 2122 2122 2122 2126 2126 2126 2123 2123 2123 2123 2123 2123 2127 2127 2127 2128 2128 2128 2124 2124 2124 2091 2091 2091 2090 2090 2090 2126 2126 2126 2129 2129 2129 2127 2127 2127 2092 2092 2092 2125 2125 2125 2122 2122 2122 2092 2092 2092 2093 2093 2093 2130 2130 2130 2092 2092 2092 2104 2104 2104 2125 2125 2125 2125 2125 2125 2131 2131 2131 2132 2132 2132 2125 2125 2125 2132 2132 2132 2126 2126 2126 2130 2130 2130 2078 2078 2078 2080 2080 2080 2130 2130 2130 2104 2104 2104 2092 2092 2092 2104 2104 2104 2131 2131 2131 2125 2125 2125 2104 2104 2104 2130 2130 2130 2080 2080 2080 2104 2104 2104 2103 2103 2103 2131 2131 2131 2132 2132 2132 2133 2133 2133 2129 2129 2129 2131 2131 2131 2120 2120 2120 2132 2132 2132 2131 2131 2131 2115 2115 2115 2120 2120 2120 2103 2103 2103 2121 2121 2121 2115 2115 2115 2103 2103 2103 2115 2115 2115 2131 2131 2131 2134 2134 2134 2135 2135 2135 2136 2136 2136 2134 2134 2134 2137 2137 2137 2138 2138 2138 2137 2137 2137 2139 2139 2139 2058 2058 2058 2137 2137 2137 2140 2140 2140 2139 2139 2139 2138 2138 2138 2137 2137 2137 2058 2058 2058 2138 2138 2138 2135 2135 2135 2134 2134 2134 2139 2139 2139 2059 2059 2059 2058 2058 2058 2058 2058 2058 2054 2054 2054 2057 2057 2057 2058 2058 2058 2057 2057 2057 2141 2141 2141 2136 2136 2136 2142 2142 2142 2140 2140 2140 2136 2136 2136 2135 2135 2135 2143 2143 2143 2136 2136 2136 2140 2140 2140 2134 2134 2134 2140 2140 2140 2144 2144 2144 2145 2145 2145 2140 2140 2140 2064 2064 2064 2139 2139 2139 2140 2140 2140 2137 2137 2137 2134 2134 2134 2146 2146 2146 2147 2147 2147 2148 2148 2148 2146 2146 2146 2143 2143 2143 2147 2147 2147 2146 2146 2146 2142 2142 2142 2136 2136 2136 2142 2142 2142 2149 2149 2149 2140 2140 2140 2064 2064 2064 2145 2145 2145 2150 2150 2150 2064 2064 2064 2059 2059 2059 2139 2139 2139 2149 2149 2149 2144 2144 2144 2140 2140 2140 2149 2149 2149 2146 2146 2146 2148 2148 2148 2149 2149 2149 2151 2151 2151 2144 2144 2144 2149 2149 2149 2142 2142 2142 2146 2146 2146 2152 2152 2152 2153 2153 2153 2154 2154 2154 2152 2152 2152 2155 2155 2155 2153 2153 2153 2152 2152 2152 2156 2156 2156 2155 2155 2155 2152 2152 2152 2157 2157 2157 2156 2156 2156 2156 2156 2156 2158 2158 2158 2155 2155 2155 2159 2159 2159 2157 2157 2157 2152 2152 2152 2159 2159 2159 2160 2160 2160 2157 2157 2157 2157 2157 2157 2148 2148 2148 2156 2156 2156 2161 2161 2161 2160 2160 2160 2159 2159 2159 2161 2161 2161 2162 2162 2162 2163 2163 2163 2160 2160 2160 2149 2149 2149 2148 2148 2148 2160 2160 2160 2164 2164 2164 2151 2151 2151 2160 2160 2160 2148 2148 2148 2157 2157 2157 2160 2160 2160 2151 2151 2151 2149 2149 2149 2148 2148 2148 2165 2165 2165 2156 2156 2156 2166 2166 2166 2105 2105 2105 2082 2082 2082 2166 2166 2166 2082 2082 2082 2167 2167 2167 2166 2166 2166 2167 2167 2167 2168 2168 2168 2167 2167 2167 2150 2150 2150 2145 2145 2145 2168 2168 2168 2151 2151 2151 2164 2164 2164 2168 2168 2168 2167 2167 2167 2151 2151 2151 2151 2151 2151 2145 2145 2145 2144 2144 2144 2164 2164 2164 2160 2160 2160 2161 2161 2161 2117 2117 2117 2169 2169 2169 2118 2118 2118 2117 2117 2117 2170 2170 2170 2171 2171 2171 2117 2117 2117 2171 2171 2171 2169 2169 2169 2117 2117 2117 2119 2119 2119 2172 2172 2172 2169 2169 2169 2171 2171 2171 2173 2173 2173 2118 2118 2118 2169 2169 2169 2174 2174 2174 2118 2118 2118 2175 2175 2175 2113 2113 2113 2171 2171 2171 2176 2176 2176 2173 2173 2173 2172 2172 2172 2170 2170 2170 2117 2117 2117 2172 2172 2172 2097 2097 2097 2177 2177 2177 2170 2170 2170 2177 2177 2177 2178 2178 2178 2170 2170 2170 2176 2176 2176 2171 2171 2171 2170 2170 2170 2172 2172 2172 2177 2177 2177 2170 2170 2170 2179 2179 2179 2176 2176 2176 2173 2173 2173 2176 2176 2176 2180 2180 2180 2173 2173 2173 2174 2174 2174 2169 2169 2169 2179 2179 2179 2181 2181 2181 2176 2176 2176 2179 2179 2179 2182 2182 2182 2183 2183 2183 2179 2179 2179 2170 2170 2170 2178 2178 2178 2179 2179 2179 2178 2178 2178 2182 2182 2182 2179 2179 2179 2184 2184 2184 2181 2181 2181 2181 2181 2181 2185 2185 2185 2186 2186 2186 2181 2181 2181 2184 2184 2184 2187 2187 2187 2188 2188 2188 2166 2166 2166 2168 2168 2168 2188 2188 2188 2189 2189 2189 2190 2190 2190 2188 2188 2188 2168 2168 2168 2189 2189 2189 2188 2188 2188 2190 2190 2190 2191 2191 2191 2190 2190 2190 2189 2189 2189 2183 2183 2183 2191 2191 2191 2099 2099 2099 2188 2188 2188 2100 2100 2100 2097 2097 2097 2094 2094 2094 2100 2100 2100 2178 2178 2178 2177 2177 2177 2100 2100 2100 2191 2191 2191 2178 2178 2178 2100 2100 2100 2099 2099 2099 2191 2191 2191 2178 2178 2178 2191 2191 2191 2182 2182 2182 2192 2192 2192 2193 2193 2193 2194 2194 2194 2192 2192 2192 2195 2195 2195 2193 2193 2193 2192 2192 2192 2185 2185 2185 2187 2187 2187 2193 2193 2193 2162 2162 2162 2154 2154 2154 2194 2194 2194 2196 2196 2196 2192 2192 2192 2194 2194 2194 2154 2154 2154 2197 2197 2197 2194 2194 2194 2193 2193 2193 2154 2154 2154 2187 2187 2187 2183 2183 2183 2195 2195 2195 2187 2187 2187 2184 2184 2184 2183 2183 2183 2187 2187 2187 2195 2195 2195 2192 2192 2192 2195 2195 2195 2162 2162 2162 2193 2193 2193 2195 2195 2195 2183 2183 2183 2162 2162 2162 2162 2162 2162 2161 2161 2161 2159 2159 2159 2162 2162 2162 2159 2159 2159 2154 2154 2154 2154 2154 2154 2153 2153 2153 2197 2197 2197 2154 2154 2154 2159 2159 2159 2152 2152 2152 2183 2183 2183 2182 2182 2182 2190 2190 2190 2183 2183 2183 2163 2163 2163 2162 2162 2162 2184 2184 2184 2179 2179 2179 2183 2183 2183 2163 2163 2163 2164 2164 2164 2161 2161 2161 2182 2182 2182 2191 2191 2191 2190 2190 2190 2175 2175 2175 2118 2118 2118 2174 2174 2174 2175 2175 2175 2111 2111 2111 2113 2113 2113 2128 2128 2128 2091 2091 2091 2124 2124 2124 2128 2128 2128 2124 2124 2124 2123 2123 2123 2141 2141 2141 2138 2138 2138 2058 2058 2058 2198 2198 2198 2155 2155 2155 2158 2158 2158 2198 2198 2198 2153 2153 2153 2155 2155 2155 2096 2096 2096 2105 2105 2105 2099 2099 2099 2105 2105 2105 2077 2077 2077 2081 2081 2081 2105 2105 2105 2101 2101 2101 2077 2077 2077 2105 2105 2105 2081 2081 2081 2082 2082 2082 2099 2099 2099 2105 2105 2105 2166 2166 2166 2099 2099 2099 2094 2094 2094 2096 2096 2096 2099 2099 2099 2166 2166 2166 2188 2188 2188 2150 2150 2150 2167 2167 2167 2082 2082 2082 2150 2150 2150 2068 2068 2068 2064 2064 2064 2150 2150 2150 2082 2082 2082 2068 2068 2068 2174 2174 2174 2173 2173 2173 2180 2180 2180 2197 2197 2197 2153 2153 2153 2198 2198 2198 2078 2078 2078 2072 2072 2072 2079 2079 2079 2078 2078 2078 2130 2130 2130 2093 2093 2093 2097 2097 2097 2116 2116 2116 2098 2098 2098 2097 2097 2097 2100 2100 2100 2177 2177 2177 2097 2097 2097 2172 2172 2172 2119 2119 2119 2145 2145 2145 2064 2064 2064 2140 2140 2140 2145 2145 2145 2151 2151 2151 2167 2167 2167 2189 2189 2189 2168 2168 2168 2164 2164 2164 2189 2189 2189 2164 2164 2164 2163 2163 2163 2189 2189 2189 2163 2163 2163 2183 2183 2183 2063 2063 2063 2061 2061 2061 2056 2056 2056 2061 2061 2061 2141 2141 2141 2057 2057 2057 2062 2062 2062 2067 2067 2067 2074 2074 2074 2085 2085 2085 2088 2088 2088 2091 2091 2091 2114 2114 2114 2111 2111 2111 2175 2175 2175 2107 2107 2107 2106 2106 2106 2114 2114 2114 2107 2107 2107 2120 2120 2120 2108 2108 2108 2133 2133 2133 2120 2120 2120 2107 2107 2107 2133 2133 2133 2132 2132 2132 2120 2120 2120 2129 2129 2129 2126 2126 2126 2132 2132 2132 2127 2127 2127 2123 2123 2123 2126 2126 2126 2135 2135 2135 2138 2138 2138 2141 2141 2141 2143 2143 2143 2146 2146 2146 2136 2136 2136 2165 2165 2165 2148 2148 2148 2147 2147 2147 2158 2158 2158 2156 2156 2156 2165 2165 2165 2180 2180 2180 2176 2176 2176 2186 2186 2186 2186 2186 2186 2176 2176 2176 2181 2181 2181 2185 2185 2185 2181 2181 2181 2187 2187 2187 2185 2185 2185 2192 2192 2192 2196 2196 2196 2196 2196 2196 2194 2194 2194 2197 2197 2197 2199 2199 2199 2200 2200 2200 2201 2201 2201 2199 2199 2199 2201 2201 2201 2202 2202 2202 2199 2199 2199 2202 2202 2202 2203 2203 2203 2200 2200 2200 2204 2204 2204 2201 2201 2201 2200 2200 2200 2205 2205 2205 2206 2206 2206 2200 2200 2200 2206 2206 2206 2204 2204 2204 2201 2201 2201 2207 2207 2207 2202 2202 2202 2202 2202 2202 2208 2208 2208 2209 2209 2209 2210 2210 2210 2211 2211 2211 2212 2212 2212 2210 2210 2210 2203 2203 2203 2213 2213 2213 2210 2210 2210 2212 2212 2212 2205 2205 2205 2210 2210 2210 2205 2205 2205 2199 2199 2199 2210 2210 2210 2199 2199 2199 2203 2203 2203 2203 2203 2203 2202 2202 2202 2209 2209 2209 2214 2214 2214 2210 2210 2210 2213 2213 2213 2213 2213 2213 2209 2209 2209 2215 2215 2215 2213 2213 2213 2216 2216 2216 2214 2214 2214 2213 2213 2213 2203 2203 2203 2209 2209 2209 2209 2209 2209 2208 2208 2208 2217 2217 2217 2215 2215 2215 2209 2209 2209 2217 2217 2217 2215 2215 2215 2218 2218 2218 2219 2219 2219 2215 2215 2215 2217 2217 2217 2220 2220 2220 2217 2217 2217 2208 2208 2208 2221 2221 2221 2217 2217 2217 2221 2221 2221 2222 2222 2222 2217 2217 2217 2222 2222 2222 2220 2220 2220 2223 2223 2223 2224 2224 2224 2225 2225 2225 2223 2223 2223 2226 2226 2226 2227 2227 2227 2223 2223 2223 2225 2225 2225 2226 2226 2226 2223 2223 2223 2228 2228 2228 2229 2229 2229 2225 2225 2225 2224 2224 2224 2230 2230 2230 2225 2225 2225 2219 2219 2219 2226 2226 2226 2230 2230 2230 2216 2216 2216 2231 2231 2231 2230 2230 2230 2231 2231 2231 2225 2225 2225 2216 2216 2216 2213 2213 2213 2231 2231 2231 2216 2216 2216 2232 2232 2232 2211 2211 2211 2216 2216 2216 2211 2211 2211 2214 2214 2214 2231 2231 2231 2213 2213 2213 2215 2215 2215 2231 2231 2231 2215 2215 2215 2219 2219 2219 2233 2233 2233 2234 2234 2234 2235 2235 2235 2233 2233 2233 2236 2236 2236 2234 2234 2234 2236 2236 2236 2237 2237 2237 2238 2238 2238 2236 2236 2236 2239 2239 2239 2234 2234 2234 2236 2236 2236 2238 2238 2238 2239 2239 2239 2234 2234 2234 2239 2239 2239 2240 2240 2240 2222 2222 2222 2235 2235 2235 2218 2218 2218 2222 2222 2222 2233 2233 2233 2235 2235 2235 2222 2222 2222 2218 2218 2218 2220 2220 2220 2222 2222 2222 2241 2241 2241 2233 2233 2233 2235 2235 2235 2234 2234 2234 2240 2240 2240 2235 2235 2235 2240 2240 2240 2218 2218 2218 2218 2218 2218 2242 2242 2242 2227 2227 2227 2218 2218 2218 2240 2240 2240 2242 2242 2242 2218 2218 2218 2226 2226 2226 2219 2219 2219 2220 2220 2220 2218 2218 2218 2215 2215 2215 2242 2242 2242 2243 2243 2243 2244 2244 2244 2219 2219 2219 2225 2225 2225 2231 2231 2231 2245 2245 2245 2246 2246 2246 2247 2247 2247 2245 2245 2245 2248 2248 2248 2249 2249 2249 2245 2245 2245 2247 2247 2247 2248 2248 2248 2245 2245 2245 2250 2250 2250 2251 2251 2251 2245 2245 2245 2251 2251 2251 2246 2246 2246 2247 2247 2247 2246 2246 2246 2229 2229 2229 2247 2247 2247 2252 2252 2252 2248 2248 2248 2252 2252 2252 2253 2253 2253 2254 2254 2254 2252 2252 2252 2254 2254 2254 2248 2248 2248 2229 2229 2229 2252 2252 2252 2247 2247 2247 2229 2229 2229 2228 2228 2228 2252 2252 2252 2229 2229 2229 2224 2224 2224 2223 2223 2223 2228 2228 2228 2253 2253 2253 2252 2252 2252 2228 2228 2228 2223 2223 2223 2227 2227 2227 2255 2255 2255 2256 2256 2256 2257 2257 2257 2255 2255 2255 2257 2257 2257 2258 2258 2258 2255 2255 2255 2259 2259 2259 2260 2260 2260 2256 2256 2256 2260 2260 2260 2261 2261 2261 2256 2256 2256 2262 2262 2262 2257 2257 2257 2257 2257 2257 2262 2262 2262 2263 2263 2263 2264 2264 2264 2255 2255 2255 2258 2258 2258 2264 2264 2264 2258 2258 2258 2265 2265 2265 2264 2264 2264 2265 2265 2265 2266 2266 2266 2258 2258 2258 2257 2257 2257 2263 2263 2263 2258 2258 2258 2263 2263 2263 2265 2265 2265 2265 2265 2265 2267 2267 2267 2249 2249 2249 2265 2265 2265 2263 2263 2263 2267 2267 2267 2268 2268 2268 2259 2259 2259 2264 2264 2264 2268 2268 2268 2264 2264 2264 2266 2266 2266 2266 2266 2266 2265 2265 2265 2269 2269 2269 2267 2267 2267 2270 2270 2270 2271 2271 2271 2269 2269 2269 2265 2265 2265 2248 2248 2248 2269 2269 2269 2248 2248 2248 2254 2254 2254 2272 2272 2272 2273 2273 2273 2274 2274 2274 2272 2272 2272 2275 2275 2275 2276 2276 2276 2272 2272 2272 2276 2276 2276 2273 2273 2273 2272 2272 2272 2239 2239 2239 2275 2275 2275 2275 2275 2275 2238 2238 2238 2277 2277 2277 2243 2243 2243 2240 2240 2240 2239 2239 2239 2243 2243 2243 2274 2274 2274 2253 2253 2253 2243 2243 2243 2272 2272 2272 2274 2274 2274 2243 2243 2243 2242 2242 2242 2240 2240 2240 2243 2243 2243 2239 2239 2239 2272 2272 2272 2274 2274 2274 2278 2278 2278 2279 2279 2279 2274 2274 2274 2273 2273 2273 2278 2278 2278 2244 2244 2244 2227 2227 2227 2242 2242 2242 2244 2244 2244 2243 2243 2243 2253 2253 2253 2253 2253 2253 2279 2279 2279 2254 2254 2254 2253 2253 2253 2274 2274 2274 2279 2279 2279 2253 2253 2253 2228 2228 2228 2244 2244 2244 2279 2279 2279 2278 2278 2278 2268 2268 2268 2279 2279 2279 2268 2268 2268 2266 2266 2266 2254 2254 2254 2279 2279 2279 2266 2266 2266 2254 2254 2254 2266 2266 2266 2269 2269 2269 2280 2280 2280 2281 2281 2281 2282 2282 2282 2280 2280 2280 2283 2283 2283 2281 2281 2281 2281 2281 2281 2205 2205 2205 2282 2282 2282 2282 2282 2282 2284 2284 2284 2280 2280 2280 2282 2282 2282 2205 2205 2205 2212 2212 2212 2205 2205 2205 2200 2200 2200 2199 2199 2199 2285 2285 2285 2284 2284 2284 2286 2286 2286 2285 2285 2285 2287 2287 2287 2283 2283 2283 2285 2285 2285 2280 2280 2280 2284 2284 2284 2284 2284 2284 2282 2282 2282 2212 2212 2212 2284 2284 2284 2212 2212 2212 2211 2211 2211 2284 2284 2284 2288 2288 2288 2289 2289 2289 2290 2290 2290 2285 2285 2285 2286 2286 2286 2290 2290 2290 2291 2291 2291 2287 2287 2287 2286 2286 2286 2284 2284 2284 2292 2292 2292 2211 2211 2211 2210 2210 2210 2214 2214 2214 2211 2211 2211 2288 2288 2288 2284 2284 2284 2292 2292 2292 2290 2290 2290 2286 2286 2286 2292 2292 2292 2289 2289 2289 2293 2293 2293 2292 2292 2292 2294 2294 2294 2290 2290 2290 2292 2292 2292 2284 2284 2284 2289 2289 2289 2295 2295 2295 2296 2296 2296 2297 2297 2297 2295 2295 2295 2297 2297 2297 2298 2298 2298 2295 2295 2295 2299 2299 2299 2296 2296 2296 2295 2295 2295 2300 2300 2300 2299 2299 2299 2299 2299 2299 2301 2301 2301 2302 2302 2302 2296 2296 2296 2303 2303 2303 2297 2297 2297 2296 2296 2296 2302 2302 2302 2303 2303 2303 2297 2297 2297 2304 2304 2304 2294 2294 2294 2297 2297 2297 2303 2303 2303 2304 2304 2304 2305 2305 2305 2306 2306 2306 2300 2300 2300 2305 2305 2305 2298 2298 2298 2307 2307 2307 2305 2305 2305 2295 2295 2295 2298 2298 2298 2298 2298 2298 2297 2297 2297 2294 2294 2294 2308 2308 2308 2309 2309 2309 2306 2306 2306 2308 2308 2308 2307 2307 2307 2310 2310 2310 2308 2308 2308 2305 2305 2305 2307 2307 2307 2307 2307 2307 2294 2294 2294 2292 2292 2292 2307 2307 2307 2293 2293 2293 2310 2310 2310 2307 2307 2307 2298 2298 2298 2294 2294 2294 2294 2294 2294 2291 2291 2291 2290 2290 2290 2294 2294 2294 2304 2304 2304 2291 2291 2291 2311 2311 2311 2251 2251 2251 2312 2312 2312 2311 2311 2311 2313 2313 2313 2314 2314 2314 2313 2313 2313 2312 2312 2312 2315 2315 2315 2313 2313 2313 2293 2293 2293 2314 2314 2314 2313 2313 2313 2310 2310 2310 2293 2293 2293 2314 2314 2314 2288 2288 2288 2232 2232 2232 2314 2314 2314 2230 2230 2230 2311 2311 2311 2310 2310 2310 2315 2315 2315 2309 2309 2309 2293 2293 2293 2288 2288 2288 2314 2314 2314 2293 2293 2293 2307 2307 2307 2292 2292 2292 2270 2270 2270 2316 2316 2316 2317 2317 2317 2270 2270 2270 2318 2318 2318 2316 2316 2316 2270 2270 2270 2263 2263 2263 2262 2262 2262 2270 2270 2270 2262 2262 2262 2318 2318 2318 2270 2270 2270 2267 2267 2267 2263 2263 2263 2270 2270 2270 2317 2317 2317 2319 2319 2319 2318 2318 2318 2320 2320 2320 2316 2316 2316 2316 2316 2316 2321 2321 2321 2317 2317 2317 2317 2317 2317 2321 2321 2321 2322 2322 2322 2271 2271 2271 2270 2270 2270 2319 2319 2319 2271 2271 2271 2319 2319 2319 2323 2323 2323 2271 2271 2271 2249 2249 2249 2267 2267 2267 2319 2319 2319 2322 2322 2322 2324 2324 2324 2319 2319 2319 2324 2324 2324 2325 2325 2325 2319 2319 2319 2317 2317 2317 2322 2322 2322 2321 2321 2321 2326 2326 2326 2322 2322 2322 2322 2322 2322 2326 2326 2326 2327 2327 2327 2324 2324 2324 2328 2328 2328 2329 2329 2329 2324 2324 2324 2322 2322 2322 2328 2328 2328 2324 2324 2324 2330 2330 2330 2331 2331 2331 2328 2328 2328 2327 2327 2327 2332 2332 2332 2328 2328 2328 2332 2332 2332 2333 2333 2333 2328 2328 2328 2333 2333 2333 2329 2329 2329 2312 2312 2312 2313 2313 2313 2311 2311 2311 2312 2312 2312 2334 2334 2334 2335 2335 2335 2312 2312 2312 2335 2335 2335 2315 2315 2315 2334 2334 2334 2312 2312 2312 2251 2251 2251 2250 2250 2250 2323 2323 2323 2325 2325 2325 2250 2250 2250 2334 2334 2334 2251 2251 2251 2250 2250 2250 2325 2325 2325 2334 2334 2334 2325 2325 2325 2323 2323 2323 2319 2319 2319 2325 2325 2325 2331 2331 2331 2334 2334 2334 2336 2336 2336 2332 2332 2332 2337 2337 2337 2336 2336 2336 2338 2338 2338 2339 2339 2339 2336 2336 2336 2339 2339 2339 2340 2340 2340 2338 2338 2338 2337 2337 2337 2301 2301 2301 2338 2338 2338 2301 2301 2301 2300 2300 2300 2338 2338 2338 2300 2300 2300 2339 2339 2339 2339 2339 2339 2300 2300 2300 2306 2306 2306 2333 2333 2333 2336 2336 2336 2340 2340 2340 2333 2333 2333 2330 2330 2330 2329 2329 2329 2333 2333 2333 2340 2340 2340 2330 2330 2330 2340 2340 2340 2306 2306 2306 2330 2330 2330 2340 2340 2340 2339 2339 2339 2306 2306 2306 2300 2300 2300 2295 2295 2295 2305 2305 2305 2306 2306 2306 2305 2305 2305 2308 2308 2308 2330 2330 2330 2306 2306 2306 2309 2309 2309 2330 2330 2330 2335 2335 2335 2331 2331 2331 2330 2330 2330 2315 2315 2315 2335 2335 2335 2329 2329 2329 2330 2330 2330 2324 2324 2324 2309 2309 2309 2308 2308 2308 2310 2310 2310 2331 2331 2331 2325 2325 2325 2324 2324 2324 2331 2331 2331 2335 2335 2335 2334 2334 2334 2261 2261 2261 2320 2320 2320 2318 2318 2318 2261 2261 2261 2318 2318 2318 2262 2262 2262 2261 2261 2261 2262 2262 2262 2256 2256 2256 2277 2277 2277 2276 2276 2276 2275 2275 2275 2206 2206 2206 2205 2205 2205 2281 2281 2281 2302 2302 2302 2296 2296 2296 2299 2299 2299 2251 2251 2251 2224 2224 2224 2246 2246 2246 2224 2224 2224 2229 2229 2229 2246 2246 2246 2224 2224 2224 2251 2251 2251 2311 2311 2311 2224 2224 2224 2311 2311 2311 2230 2230 2230 2232 2232 2232 2230 2230 2230 2314 2314 2314 2232 2232 2232 2216 2216 2216 2230 2230 2230 2320 2320 2320 2321 2321 2321 2316 2316 2316 2238 2238 2238 2275 2275 2275 2239 2239 2239 2301 2301 2301 2299 2299 2299 2300 2300 2300 2227 2227 2227 2244 2244 2244 2228 2228 2228 2227 2227 2227 2226 2226 2226 2218 2218 2218 2249 2249 2249 2248 2248 2248 2265 2265 2265 2249 2249 2249 2250 2250 2250 2245 2245 2245 2249 2249 2249 2323 2323 2323 2250 2250 2250 2249 2249 2249 2271 2271 2271 2323 2323 2323 2288 2288 2288 2211 2211 2211 2232 2232 2232 2288 2288 2288 2293 2293 2293 2289 2289 2289 2315 2315 2315 2330 2330 2330 2309 2309 2309 2315 2315 2315 2310 2310 2310 2313 2313 2313 2207 2207 2207 2201 2201 2201 2204 2204 2204 2208 2208 2208 2202 2202 2202 2207 2207 2207 2241 2241 2241 2222 2222 2222 2221 2221 2221 2237 2237 2237 2236 2236 2236 2233 2233 2233 2237 2237 2237 2233 2233 2233 2241 2241 2241 2260 2260 2260 2256 2256 2256 2255 2255 2255 2259 2259 2259 2268 2268 2268 2341 2341 2341 2259 2259 2259 2255 2255 2255 2264 2264 2264 2341 2341 2341 2278 2278 2278 2342 2342 2342 2341 2341 2341 2268 2268 2268 2278 2278 2278 2342 2342 2342 2273 2273 2273 2343 2343 2343 2342 2342 2342 2278 2278 2278 2273 2273 2273 2343 2343 2343 2276 2276 2276 2277 2277 2277 2343 2343 2343 2273 2273 2273 2276 2276 2276 2283 2283 2283 2206 2206 2206 2281 2281 2281 2283 2283 2283 2280 2280 2280 2285 2285 2285 2287 2287 2287 2285 2285 2285 2290 2290 2290 2326 2326 2326 2321 2321 2321 2320 2320 2320 2327 2327 2327 2328 2328 2328 2322 2322 2322 2332 2332 2332 2336 2336 2336 2333 2333 2333 2337 2337 2337 2338 2338 2338 2336 2336 2336</p>
        </triangles>
      </mesh>
    </geometry>
  </library_geometries>
  <library_materials>
    <material id="f1baf9061000470ebe8b16b7e94c8082" name="pbrmaterial">
      <instance_effect url="#4badf93b9fc9417a81614fdd77202955" />
    </material>
  </library_materials>
  <library_visual_scenes>
    <visual_scene id="scene">
      <node id="node0" name="node0">
        <instance_geometry url="#886120e3336649dd99da9bebb776b78d">
          <bind_material>
            <technique_common>
              <instance_material symbol="material0" target="#f1baf9061000470ebe8b16b7e94c8082" />
            </technique_common>
          </bind_material>
        </instance_geometry>
      </node>
    </visual_scene>
  </library_visual_scenes>
  <scene>
    <instance_visual_scene url="#scene" />
  </scene>
</COLLADA>
