<COLLADA xmlns="http://www.collada.org/2005/11/COLLADASchema" version="1.4.1">
  <asset>
    <created>2026-01-11T12:32:02.670637</created>
    <modified>2026-01-11T12:32:02.670644</modified>
    <up_axis>Y_UP</up_axis>
  </asset>
  <library_effects>
    <effect id="f6c9869ee9bd440c99fbd4608db4f42a" name="f6c9869ee9bd440c99fbd4608db4f42a">
      <profile_COMMON>
        <technique sid="common">
          <phong>
            <ambient>
              <color>0.0 0.0 0.0 1.0</color>
            </ambient>
            <diffuse>
              <color>1.0 1.0 1.0 1.0</color>
            </diffuse>
            <specular>
              <color>1.0 1.0 1.0 1.0</color>
            </specular>
            <shininess>
              <float>0.0</float>
            </shininess>
            <reflective>
              <color>0.0 0.0 0.0 1.0</color>
            </reflective>
            <reflectivity>
              <float>0.0</float>
            </reflectivity>
            <transparent>
              <color>0.0 0.0 0.0 1.0</color>
            </transparent>
            <transparency>
              <float>1.0</float>
            </transparency>
          </phong>
        </technique>
        <extra>
          <technique profile="GOOGLEEARTH">
            <double_sided>0</double_sided>
          </technique>
        </extra>
      </profile_COMMON>
    </effect>
  </library_effects>
  <library_geometries>
    <geometry id="a028d6184fcc48cca5fc0ad1705f98c3" name="cc33eb0ff9b64f7baa7f32f2dc4fb768">
      <mesh>
        <source id="verts-array">
          <float_array count="8370" id="verts-array-array">0.2567123 0.8246292 0.235469 0.252428 0.703165 -0.08538117 0.2567123 0.8246292 -0.09434664 0.252428 0.7031651 0.2616016 0.2609033 0.9434473 -0.1091797 0.2609033 0.9434474 0.2697506 0.2582133 0.8671829 0.2732178 0.225177 0.4341419 0.2384505 0.2251769 0.4341419 -0.08082834 0.2240308 0.4341443 -0.09212546 0.2511817 0.703165 -0.09728885 0.2551349 0.7799095 0.2702127 0.2240305 0.4341443 0.250259 0.2511817 0.7031651 0.2747312 0.2548862 0.8068583 0.2841292 0.253858 0.7777229 0.2830918 -0.2567132 0.8190587 0.2355194 -0.2524289 0.7031651 0.2628055 -0.2550904 0.7747976 0.2701782 -0.2609042 0.9434473 -0.1091797 -0.2567132 0.8246292 -0.09434666 -0.2524289 0.703165 -0.08538119 -0.2537424 0.7676457 0.2829683 -0.2240316 0.4341443 0.2502592 -0.2511826 0.7031651 0.2766018 -0.2561142 0.8037554 0.2711425 -0.2240313 0.4341442 -0.09212523 -0.2251779 0.4341419 -0.0808284 -0.2251778 0.4341419 0.2384505 -0.2511826 0.703165 -0.09728882 0.1962815 0.9434473 -0.172292 -0.1920913 0.8246292 -0.156518 -0.1962823 0.9434473 -0.172292 0.204693 0.8246292 -0.1553406 0.1920905 0.8246292 -0.156518 -0.187807 0.703165 -0.1469302 -0.2004095 0.703165 -0.1457366 0.1878062 0.703165 -0.1469302 -0.2046938 0.8246292 -0.1553406 0.1967955 0.95786 -0.1725317 0.2004086 0.703165 -0.1457366 -0.1581743 0.3669963 0.2426735 -0.1695024 0.3669963 0.2312149 -0.158049 0.3657206 0.2310901 -0.158049 0.3657205 -0.08029821 -0.1700041 0.3684982 0.2433261 0.1580482 0.3657205 -0.0802982 0.1580482 0.3657206 0.2310901 -0.1585541 0.3707826 0.2541098 -0.1704489 0.3725518 0.2548902 -0.1808065 0.3707824 0.231594 -0.1816423 0.3821083 0.2645541 -0.1817108 0.376627 0.2550705 -0.1815493 0.3725692 0.2437574 -0.1591804 0.3769572 0.2649977 -0.1709939 0.3786184 0.2652253 0.1585532 0.3707826 0.2541097 0.1591796 0.3769572 0.2649977 -0.1819947 0.3886791 0.2724023 -0.1600423 0.3853195 0.2749564 -0.1717619 0.3862415 0.2742035 -0.1695024 0.3669963 -0.08086247 -0.1915653 0.3769561 -0.08096044 -0.1808065 0.3707823 -0.08128855 -0.1915653 0.3769562 0.2322202 -0.1911479 0.3821331 0.2549738 -0.1918561 0.3786823 0.2442458 -0.1900632 0.3863869 0.263462 -0.1898307 0.3916329 0.270194 -0.2014033 0.3853167 -0.08073834 -0.2014033 0.3853168 0.2330838 -0.1989029 0.3886915 0.2552905 -0.200719 0.3862967 0.2449418 -0.1967141 0.391632 0.2632204 -0.1948822 0.3941119 0.2683349 -0.1915206 0.3986394 0.2756732 -0.209973 0.3955891 -0.08062254 -0.1770491 0.4341609 0.2978648 -0.18712 0.4200088 0.2908282 -0.1758811 0.4200305 0.2944939 -0.187807 0.7031651 0.3298326 -0.2004095 0.7031651 0.328306 -0.1653716 0.4341599 0.2990289 -0.185289 0.4071328 0.2854304 -0.1743535 0.4067879 0.2890154 -0.1638254 0.4204471 0.2959133 0.1623941 0.4074391 0.2907092 0.1638245 0.4204471 0.2959132 -0.162395 0.4074391 0.2907092 -0.1882744 0.4341602 0.2944143 -0.1968636 0.4201327 0.2853978 -0.2125287 0.7031651 0.3252831 -0.1942521 0.4079402 0.2806586 -0.1986289 0.4341624 0.2888254 -0.2049905 0.420205 0.2786074 -0.2236988 0.7031651 0.3187121 -0.2013666 0.408405 0.2749041 -0.2077136 0.4341667 0.2813095 -0.241528 0.7031651 0.3002836 -0.2151232 0.434155 0.2721018 -0.2334907 0.7031651 0.3102554 -0.1833554 0.3967826 0.2791897 -0.1729131 0.395483 0.2820809 -0.1611224 0.3955946 0.2836328 -0.1977054 0.399632 0.2711896 -0.211669 0.4200425 0.2703677 -0.2021281 0.3986376 0.2649248 -0.2070277 0.4079006 0.2676886 -0.2206782 0.4198434 0.24891 -0.2170536 0.4198424 0.260401 -0.2221013 0.4204336 0.2368903 -0.2153021 0.406741 0.2474027 -0.2117506 0.4070636 0.2585454 -0.2221013 0.4204336 -0.0806794 -0.2169618 0.4074299 0.2354487 -0.208508 0.3955436 0.2460267 -0.2056178 0.3967901 0.2566283 -0.2169619 0.4074298 -0.08060637 -0.209973 0.3955892 0.2341683 -0.2206318 0.4341472 0.2616173 -0.2475018 0.7031651 0.2886388 -0.1967963 0.9578601 0.3343586 -0.2088848 0.9434474 0.3338341 -0.1952756 0.9434474 0.3340814 -0.2179844 0.8308161 0.3654742 -0.2058196 0.8250674 0.3758821 -0.2098073 0.9584868 0.3329 -0.1931882 0.8218803 0.3798302 0.1931753 0.8198388 0.3799796 0.1986394 0.9436288 0.3340193 -0.221004 0.9434474 0.3301122 -0.1972916 0.9717189 0.3311409 -0.2103266 0.9724588 0.3294293 0.1967955 0.9578601 0.3343586 0.1972907 0.9717189 0.3311409 -0.1977491 0.9844912 0.3255651 -0.2106461 0.9845409 0.3239429 -0.2219553 0.9831911 0.3204971 -0.2223147 0.9721149 0.3254305 -0.2221513 0.9584909 0.3289039 -0.2109435 0.9946138 0.3169091 -0.2218376 0.9919982 0.3144556 -0.1981512 0.9956861 0.3178454 -0.2291717 0.8323675 0.3506085 -0.2320394 0.9712214 0.3200368 -0.232809 0.958285 0.3229243 -0.2321741 0.9434474 0.3240717 -0.2306396 0.9811938 0.3162767 -0.2299754 0.9887946 0.3114908 -0.2311191 0.9945178 0.3049765 -0.2416067 0.9581209 0.3155255 -0.241966 0.9434474 0.3159446 -0.2389958 0.8372443 0.3330394 -0.2397265 0.9706858 0.3136665 -0.2372494 0.9801221 0.3111753 -0.2351074 0.9861002 0.3090093 -0.2375614 0.9887946 0.30382 -0.2489279 0.9581946 0.3066192 -0.2500033 0.9434474 0.3060434 -0.2470626 0.8413581 0.315396 -0.2422944 0.9811938 0.3044917 -0.2074509 1.015348 0.2809892 -0.22346 1.011701 0.2722258 -0.2240319 1.009741 0.2853082 -0.2118131 1.009721 0.2977726 -0.1987303 1.011701 0.2972318 -0.2343575 1.003043 0.2849479 -0.2343845 1.004874 -0.1180397 -0.2343845 1.004874 0.2719753 -0.2073968 1.015348 -0.1262699 -0.22346 1.0117 -0.1191344 -0.233036 0.9992058 0.296293 -0.2235659 1.005237 0.2972789 -0.2438458 0.995686 -0.116526 -0.2438458 0.9956861 0.2716403 -0.242867 0.9946769 0.2845777 -0.2514802 0.9844911 -0.1148505 -0.2514802 0.9844912 0.2712336 -0.249816 0.9846118 0.2843573 -0.2225647 0.9991777 0.3069243 -0.2113883 1.002971 0.3083112 -0.1984825 1.004874 0.3082784 -0.2404805 0.9920135 0.2955919 -0.2464441 0.983203 0.2957453 -0.2601765 0.9578601 0.2702703 -0.2609042 0.9434474 0.2697506 -0.2596579 0.9434474 0.2824938 -0.2587274 0.9583016 0.2835837 -0.2581619 0.8616711 0.2731649 -0.2568353 0.8543007 0.2861169 -0.2559772 0.9434474 0.2947484 -0.2547931 0.9583243 0.2959393 -0.2569944 0.9717189 0.2707711 -0.2530767 0.846172 0.2997651 -0.2552832 0.9724172 0.2840975 -0.2601765 0.95786 -0.1111373 -0.2513448 0.972047 0.2961313 -0.2460361 0.9711822 0.3058951 -0.2569944 0.9717188 -0.1130422 -0.1581742 0.3669963 -0.09091411 0.1585532 0.3707825 -0.1013374 0.1581734 0.3669963 -0.09091408 -0.1701497 0.3684981 -0.09185966 -0.158554 0.3707825 -0.1013374 -0.1815802 0.3725516 -0.0924654 -0.1705818 0.3725693 -0.1025169 -0.1911356 0.3821075 -0.1021116 -0.1817644 0.3766269 -0.1028669 -0.1917927 0.3786174 -0.09216283 -0.2006623 0.386239 -0.09197809 -0.1988891 0.3886772 -0.1016748 -0.2084433 0.3954782 -0.09206153 -0.1591804 0.3769571 -0.1111656 -0.1710721 0.3786832 -0.1119348 -0.1900633 0.3863869 -0.109856 -0.1816761 0.3821337 -0.111432 -0.1967142 0.391632 -0.109017 -0.1600423 0.3853194 -0.1200221 -0.1819963 0.3886932 -0.118297 -0.171768 0.3862991 -0.1199198 -0.1898308 0.3916328 -0.115799 -0.1948824 0.3941119 -0.1137063 -0.2021282 0.3986375 -0.1098985 -0.2207029 0.4200183 -0.09240089 -0.2206322 0.4341473 -0.1030427 -0.2170911 0.4199997 -0.1033505 -0.2117592 0.4071269 -0.1028893 -0.2152923 0.4067798 -0.09226562 -0.2475018 0.703165 -0.1087948 -0.2117378 0.4201278 -0.1128746 -0.2070549 0.4079371 -0.1115835 -0.2151237 0.4341551 -0.1131628 -0.2050411 0.4202049 -0.1208596 -0.241528 0.703165 -0.1194408 -0.201379 0.408405 -0.1185334 -0.2077139 0.4341668 -0.1220882 -0.2334907 0.703165 -0.1287959 -0.2236988 0.703165 -0.136488 -0.1986286 0.4341622 -0.1294102 -0.2055944 0.3967791 -0.1021014 -0.1977056 0.399632 -0.1158741 -0.19691 0.4200473 -0.1274792 -0.1942572 0.4079036 -0.1241839 -0.1915206 0.3986393 -0.1203542 -0.1770493 0.4341609 -0.1383239 -0.1653716 0.4341598 -0.1395519 -0.1757112 0.4198555 -0.1365135 -0.1870671 0.4198513 -0.1328595 -0.1638254 0.420447 -0.137553 0.1653707 0.4341599 -0.139552 -0.1742154 0.4067489 -0.1324956 -0.1852269 0.4070693 -0.1289731 0.1638246 0.4204471 -0.1375531 0.1623941 0.407439 -0.1334926 -0.1623949 0.407439 -0.1334925 -0.1728481 0.3955483 -0.126787 -0.1833254 0.3967935 -0.1240265 0.1611216 0.3955946 -0.1275648 -0.1611224 0.3955946 -0.1275648 0.1600415 0.3853194 -0.1200222 -0.1882741 0.43416 -0.1348928 -0.2125287 0.703165 -0.1422102 -0.1987303 1.0117 -0.1405661 -0.2116682 1.009741 -0.1419518 -0.2239948 1.009721 -0.1313544 0.20745 1.015348 -0.1262231 0.1987294 1.0117 -0.1405661 0.207396 1.015348 0.2810438 -0.2225315 0.9992057 -0.1507763 -0.2235065 1.005237 -0.142185 -0.1984825 1.004874 -0.1505826 -0.2113118 1.003043 -0.1514201 0.1981503 0.995686 -0.1591112 -0.1981512 0.995686 -0.1591112 0.1984817 1.004874 -0.1505826 -0.2109457 0.9946768 -0.1590989 -0.1977491 0.9844911 -0.1657887 -0.2107276 0.9846117 -0.1652129 -0.2330454 0.9991777 -0.1407332 -0.234417 1.002971 -0.1302982 -0.2311191 0.9945177 -0.1485571 -0.2218381 0.9920134 -0.1573585 -0.2219899 0.983203 -0.1623389 -0.2429199 0.9946138 -0.1288429 -0.2404935 0.9919981 -0.1391891 -0.2299754 0.9887945 -0.1542395 -0.2306396 0.9811937 -0.1580722 -0.2375614 0.9887945 -0.1468023 -0.249876 0.9845408 -0.1274273 -0.2351074 0.9861001 -0.1515424 -0.2464682 0.983191 -0.1383431 -0.2422944 0.9811937 -0.1466404 -0.1967963 0.95786 -0.1725317 -0.2088848 0.9434473 -0.1711106 -0.2099627 0.9583015 -0.1717835 -0.216813 0.8246292 -0.1517959 -0.1972916 0.9717188 -0.1703286 -0.221004 0.9434473 -0.1675277 -0.2221817 0.9583242 -0.1679494 -0.2279832 0.8246292 -0.146025 -0.2321741 0.9434473 -0.1616846 -0.2327437 0.9581946 -0.1621908 -0.2104708 0.9724171 -0.1697246 -0.237775 0.8246292 -0.1382578 -0.2415515 0.9581209 -0.1550028 -0.2397131 0.9706857 -0.1544585 -0.241966 0.9434473 -0.153812 -0.2488686 0.9582849 -0.1463914 0.1972907 0.9717188 -0.1703287 -0.2223716 0.9720469 -0.1659928 -0.2320276 0.9711821 -0.1607005 -0.2372494 0.980122 -0.1530101 -0.246013 0.9712213 -0.1469725 0.1977482 0.9844911 -0.1657887 -0.2596579 0.9434473 -0.1214537 -0.2517861 0.8246292 -0.118041 -0.2554669 0.8246292 -0.1063995 -0.2587341 0.9584867 -0.1238932 -0.2559772 0.9434473 -0.1332906 -0.2553017 0.9724587 -0.1258375 -0.2547821 0.9584909 -0.135969 -0.2513472 0.9721148 -0.1375326 -0.2458124 0.8246292 -0.1288039 -0.2500033 0.9434473 -0.144221 0.1581734 0.3669963 0.2426735 0.1695016 0.3669963 0.2312149 0.1701489 0.3684982 0.2431787 0.1695016 0.3669963 -0.08086273 0.1808057 0.3707824 0.231594 0.1815793 0.3725516 0.2436229 0.1808057 0.3707823 -0.08128838 0.1915644 0.3769561 -0.08096041 0.1915644 0.3769562 0.2322202 0.1917918 0.3786174 0.2441667 0.170581 0.3725694 0.2548589 0.2014024 0.3853167 -0.08073851 0.2014025 0.3853168 0.2330838 0.2006615 0.386239 0.2449357 0.1817636 0.376627 0.2550163 0.1988882 0.3886773 0.2552889 0.1911347 0.3821076 0.2549396 0.1967134 0.391632 0.2632204 0.1710712 0.3786833 0.2652895 0.1600415 0.3853195 0.2749564 0.1816752 0.3821337 0.2645667 0.1900624 0.3863869 0.2634621 0.1948815 0.3941119 0.268335 0.2021273 0.3986376 0.2649249 0.1717672 0.3862992 0.2742609 0.1819954 0.3886933 0.2724162 0.1898299 0.3916329 0.2701941 0.220702 0.4200184 0.2490817 0.2170902 0.4199998 0.2604546 0.2117584 0.407127 0.2586083 0.2152914 0.4067799 0.2475424 0.2221005 0.4204336 0.2368904 0.216961 0.4074299 0.2354487 0.2206314 0.4341474 0.2616176 0.2475009 0.7031651 0.2882925 0.2117369 0.4201279 0.2703207 0.2070541 0.4079372 0.2676836 0.2151228 0.4341552 0.2721022 0.2050402 0.420205 0.2785559 0.2415271 0.7031651 0.300765 0.2013781 0.408405 0.2748918 0.207713 0.4341668 0.2813098 0.2334899 0.7031651 0.3117562 0.223698 0.7031651 0.3211859 0.1986278 0.4341623 0.2888251 0.2055936 0.3967792 0.2566588 0.2084425 0.3954782 0.2460925 0.2099722 0.3955892 0.2341684 0.1977047 0.399632 0.2711898 0.1969092 0.4200474 0.2853282 0.1942563 0.4079036 0.2806312 0.1915198 0.3986394 0.2756732 0.1770485 0.434161 0.297865 0.2004086 0.7031651 0.3307786 0.1878062 0.7031651 0.3310667 0.1757103 0.4198555 0.2944689 0.1870662 0.4198514 0.2907904 0.1653707 0.4341599 0.2990288 0.1742145 0.406749 0.2890253 0.185226 0.4070694 0.2854216 0.1728473 0.3955484 0.2821465 0.1833245 0.3967936 0.2792135 0.1611215 0.3955946 0.2836327 0.1882733 0.43416 0.2944139 0.2125278 0.7031651 0.3266131 0.1987294 1.011701 0.2972318 0.2116673 1.009741 0.2978101 0.2239939 1.009721 0.2854548 0.2234592 1.011701 0.2722258 0.1984817 1.004874 0.3082784 0.211311 1.003043 0.3082511 0.2225307 0.9992058 0.3069148 0.2109449 0.9946769 0.3168556 0.1981503 0.9956861 0.3178454 0.1977482 0.9844912 0.3255651 0.2107268 0.9846118 0.3238822 0.2218373 0.9920135 0.3144425 0.2235057 1.005237 0.2973389 0.2330445 0.9991777 0.2963266 0.2234592 1.0117 -0.1191349 0.2343837 1.004874 -0.1180396 0.2344162 1.002971 0.2850252 0.2311182 0.9945178 0.3049765 0.2219891 0.983203 0.3204727 0.2343837 1.004874 0.2719753 0.242919 0.9946138 0.2845754 0.2438449 0.995686 -0.1165257 0.2404926 0.9919982 0.2955913 0.2299745 0.9887946 0.3114908 0.2306388 0.9811938 0.3162767 0.2375606 0.9887946 0.30382 0.2438449 0.9956861 0.2716403 0.2514793 0.9844911 -0.1148503 0.2514794 0.9844912 0.2712336 0.2498751 0.9845409 0.2842747 0.2351065 0.9861002 0.3090093 0.2464673 0.9831911 0.2957102 0.2422936 0.9811938 0.3044917 0.2099618 0.9583016 0.3328932 0.1986394 0.9436288 0.3340193 0.208884 0.9434474 0.3338341 0.2210031 0.9434474 0.3301122 0.2221809 0.9583243 0.328915 0.2057791 0.8180666 0.3763456 0.2179157 0.8175211 0.3661297 0.229142 0.8246577 0.3508043 0.2321733 0.9434474 0.3240717 0.2327428 0.9581946 0.3229842 0.2104699 0.9724172 0.3294106 0.2390246 0.8383065 0.3329304 0.2415507 0.9581209 0.3155813 0.2397122 0.9706858 0.3136801 0.2419652 0.9434474 0.3159446 0.2488677 0.958285 0.3066853 0.2471357 0.8487257 0.3153164 0.2223707 0.972047 0.3254281 0.2320267 0.9711822 0.3200601 0.2372485 0.9801221 0.3111753 0.2460121 0.9712214 0.305907 0.2601757 0.9578601 0.2702703 0.259657 0.9434474 0.2824938 0.2601757 0.95786 -0.1111373 0.2569427 0.8651292 0.2862153 0.2587332 0.9584868 0.2834266 0.2559762 0.9434474 0.2947484 0.2569936 0.9717189 0.2707711 0.2553009 0.9724588 0.2839517 0.2569936 0.9717188 -0.1130421 0.2547812 0.9584909 0.2959085 0.2513463 0.9721149 0.2960737 0.2531924 0.8585067 0.2998122 0.2500024 0.9434474 0.3060433 0.1700032 0.3684981 -0.09198913 0.170448 0.3725518 -0.1025404 0.1591796 0.3769571 -0.1111656 0.1815484 0.3725691 -0.09259102 0.170993 0.3786183 -0.1118744 0.18171 0.3766269 -0.102919 0.1717611 0.3862414 -0.1198685 0.1819938 0.388679 -0.1182839 0.1911471 0.382133 -0.1021415 0.1816414 0.3821082 -0.1114224 0.1900623 0.3863869 -0.109856 0.1898299 0.3916328 -0.1157991 0.1918552 0.3786823 -0.0922303 0.2007182 0.3862967 -0.09197692 0.1989021 0.3886914 -0.1016745 0.1967133 0.391632 -0.109017 0.1948814 0.3941119 -0.1137063 0.1915197 0.3986393 -0.1203543 0.1770483 0.4341608 -0.1383236 0.1758803 0.4200305 -0.1365188 0.1871192 0.4200087 -0.1328798 0.1852881 0.4071327 -0.1289748 0.1743526 0.4067878 -0.1324819 0.1882736 0.4341601 -0.1348932 0.1968628 0.4201326 -0.1275382 0.2125278 0.703165 -0.1422102 0.1942513 0.4079401 -0.1242068 0.1986281 0.4341623 -0.1294105 0.223698 0.703165 -0.136488 0.2049897 0.420205 -0.1209097 0.2013657 0.408405 -0.1185456 0.2077127 0.4341666 -0.1220879 0.2334899 0.703165 -0.1287959 0.2415271 0.703165 -0.1194408 0.2151224 0.434155 -0.1131624 0.1833546 0.3967825 -0.1240044 0.1729122 0.3954829 -0.1267304 0.1977046 0.399632 -0.115874 0.2116681 0.4200424 -0.1129288 0.2070269 0.4079005 -0.1115922 0.2021272 0.3986375 -0.1098984 0.2221004 0.4204336 -0.08067934 0.2206773 0.4198433 -0.09225343 0.2169609 0.4074298 -0.08060638 0.2153012 0.4067409 -0.09213526 0.2117497 0.4070635 -0.102835 0.220631 0.4341472 -0.1030424 0.2099721 0.3955891 -0.08062269 0.2085072 0.3955436 -0.09199087 0.205617 0.3967901 -0.1020706 0.2170528 0.4198423 -0.1033148 0.2475009 0.703165 -0.1087949 0.224031 1.009741 -0.1312226 0.2118123 1.009721 -0.1419262 0.2343567 1.003043 -0.1302333 0.2428661 0.9946769 -0.128853 0.2330351 0.9992057 -0.1407041 0.2498151 0.9846117 -0.1275151 0.2235651 1.005237 -0.142134 0.2311182 0.9945177 -0.148557 0.2404797 0.9920134 -0.1391915 0.2464432 0.983203 -0.1383785 0.2113874 1.002971 -0.151479 0.2225639 0.9991777 -0.1507865 0.2109426 0.9946138 -0.1591462 0.2375606 0.9887945 -0.1468023 0.2218367 0.9919981 -0.1573705 0.2422936 0.9811937 -0.1466404 0.2299745 0.9887945 -0.1542393 0.2106452 0.9845408 -0.1652604 0.2351065 0.9861001 -0.1515423 0.2219544 0.983191 -0.1623613 0.2306388 0.9811937 -0.158072 0.259657 0.9434473 -0.1214537 0.2587265 0.9583015 -0.1240261 0.255466 0.8246292 -0.1063995 0.2517852 0.8246292 -0.118041 0.2559762 0.9434473 -0.1332906 0.2547923 0.9583242 -0.1359817 0.2458114 0.8246292 -0.1288039 0.2552824 0.9724171 -0.1259743 0.2500024 0.9434473 -0.144221 0.248927 0.9581946 -0.1463181 0.2377742 0.8246292 -0.1382578 0.2419652 0.9434473 -0.153812 0.2416059 0.9581209 -0.1549487 0.2513439 0.9720469 -0.1375815 0.2321733 0.9434473 -0.1616847 0.2328082 0.9582849 -0.1621422 0.2460352 0.9711821 -0.1469569 0.2397257 0.9706857 -0.1544453 0.2372485 0.980122 -0.15301 0.2320385 0.9712213 -0.1606819 0.208884 0.9434473 -0.1711106 0.2168122 0.8246292 -0.1517959 0.2098065 0.9584867 -0.1718089 0.2103257 0.9724587 -0.1697443 0.2210031 0.9434473 -0.1675277 0.2223138 0.9721148 -0.1660021 0.2221505 0.9584908 -0.1679559 0.2279823 0.8246292 -0.146025 0.1902246 0.7446571 0.3670232 -0.190254 0.7463568 0.367428 0.2027418 0.7418527 0.3628197 -0.2028468 0.7477799 0.3642194 -0.2149519 0.7506527 0.3554789 -0.2271862 0.7752627 0.3493327 -0.2260707 0.7503493 0.3421595 -0.235875 0.753491 0.3268963 -0.2369886 0.779391 0.3316087 -0.243935 0.756418 0.3110098 -0.2499551 0.7602682 0.2963044 -0.2510435 0.7873777 0.2978441 -0.2547734 0.7965307 0.2840101 0.2147427 0.7390155 0.3530928 0.2259362 0.7428919 0.3410052 0.2358443 0.7528597 0.326729 0.24399 0.7616874 0.3111804 0.2500842 0.7709418 0.2965132 -0.3388635 1.768651 0.582001 0.3235559 1.123871 0.5597335 0.3388635 1.768651 0.582001 -0.3562419 1.123858 0.556005 -0.3235559 1.123871 0.5597335 0.3200372 1.091887 0.5509704 0.3532388 1.090521 0.546391 0.356243 1.123858 0.5560065 -0.3536319 1.090863 0.5464473 -0.3200373 1.091887 0.5509705 0.4929342 1.768651 0.4279303 0.4706666 1.12387 -0.234489 0.4929342 1.768651 -0.2497967 0.4669382 1.123858 0.4453087 0.4706666 1.123871 0.4126227 0.4619036 1.091887 -0.2309703 0.4573242 1.090521 -0.264172 0.4890751 1.800921 0.4279302 0.4669397 1.123858 -0.2671761 0.4573805 1.090863 0.4426987 0.4619037 1.091887 0.4091042 -0.3388635 1.913742 -0.2497967 -0.3731308 1.910108 0.4279302 -0.3388635 1.913742 0.4279302 0.3388635 1.913742 -0.2497967 0.3388635 1.913742 0.4279302 0.3731308 1.910108 0.4279302 -0.3388634 1.910108 0.4621976 0.3388634 1.910108 0.4621976 -0.4929342 1.768651 -0.2497967 -0.4669382 1.123858 -0.267175 -0.4706666 1.12387 -0.234489 -0.4706666 1.123871 0.4126227 -0.4929342 1.768651 0.4279303 -0.4619036 1.091887 0.409104 -0.4573242 1.090521 0.4423057 -0.4669397 1.123858 0.4453099 -0.4890751 1.768651 0.4621976 -0.4573805 1.090863 -0.264565 -0.4619037 1.091887 -0.2309704 0.3388635 1.768651 -0.4038674 0.3562419 1.123858 -0.3778714 0.3235559 1.12387 -0.3815998 -0.3235559 1.12387 -0.3815998 -0.3388635 1.768651 -0.4038674 -0.3200372 1.091887 -0.3728366 -0.3532388 1.090521 -0.3682573 -0.356243 1.123858 -0.3778728 0.3536319 1.090863 -0.3683136 0.3200373 1.091887 -0.3728368 -0.3074411 0.9886311 0.4275979 -0.338531 0.9886311 0.396508 -0.3069633 0.9853339 0.3960302 -0.3401308 0.992553 0.4295343 -0.338531 0.988631 -0.2183742 -0.3069633 0.9853338 -0.2178965 -0.3087871 0.9984209 0.4587554 -0.3415214 1.002855 0.4605146 -0.3696886 0.9984209 0.3978539 -0.3708519 1.025407 0.4839885 -0.3711949 1.012613 0.460345 -0.3714387 1.002916 0.4308742 -0.3108657 1.014369 0.4880524 -0.343241 1.017893 0.4873743 -0.3135345 1.035884 0.5140589 -0.3459253 1.036936 0.5103311 -0.3732035 1.041493 0.5032579 0.3108656 1.014369 0.4880523 0.3135345 1.035884 0.5140588 -0.3166438 1.0621 0.5354284 -0.3496761 1.061056 0.5303656 -0.3989854 1.014369 0.3999325 -0.3949479 1.025442 0.4599566 -0.3984671 1.018029 0.4324245 -0.3912518 1.0344 0.4803187 -0.3930509 1.046441 0.4946645 -0.424992 1.035884 -0.2244676 -0.3989854 1.014369 -0.2217988 -0.3696886 0.9984208 -0.2197202 -0.4142306 1.041513 0.4622399 -0.4214283 1.03707 0.4349096 -0.4249919 1.035884 0.4026013 -0.4055976 1.046441 0.4821177 -0.417876 1.064993 0.4900144 -0.3731308 1.768651 0.5781419 -0.3841092 1.090998 0.5351943 -0.3785228 1.0628 0.5202324 -0.3873292 1.123856 0.5451239 -0.4056969 1.768651 0.5667505 -0.4094453 1.091423 0.5190205 -0.4009311 1.065025 0.5069851 -0.4152924 1.123877 0.5276632 -0.4297932 1.091325 0.4986414 -0.4349197 1.768651 0.5483918 -0.459325 1.768651 0.5239863 -0.4385952 1.123877 0.5043581 -0.4776838 1.768651 0.4947636 -0.4560555 1.123856 0.4763948 -0.4460166 1.090718 0.4731188 -0.4311517 1.062717 0.4674927 -0.4413597 1.061038 0.4384554 -0.4463615 1.0621 -0.2275769 -0.4463613 1.0621 0.4057106 -0.3388634 1.800921 0.5781419 -0.3742294 1.802305 0.5735666 -0.4049182 1.830941 0.5504019 -0.406843 1.802104 0.5615515 -0.3388634 1.831589 0.5667505 -0.3740833 1.832687 0.5616217 -0.3736381 1.857848 0.5443651 0.3388634 1.859109 0.5483918 -0.3388634 1.859109 0.5483917 -0.4024719 1.853152 0.5358199 -0.3388634 1.882092 0.5239863 -0.3737453 1.878154 0.5227988 -0.3388634 1.89938 0.4947636 -0.3743872 1.894484 0.4959097 -0.4337321 1.8015 0.54421 -0.4286166 1.828586 0.53578 -0.4230862 1.847965 0.5256585 -0.4025075 1.870215 0.5176833 -0.4552983 1.801399 0.5226478 -0.4230863 1.860683 0.512153 -0.4365918 1.847965 0.512153 -0.3731308 1.910108 -0.2497967 -0.4056969 1.89938 -0.2497967 -0.4056969 1.89938 0.4279302 -0.3745997 1.905799 0.4632961 -0.4050089 1.883985 0.4939849 -0.4068629 1.894551 0.4631501 -0.4349197 1.882092 -0.2497967 -0.4349197 1.882092 0.4279302 -0.4335811 1.8783 0.4627048 -0.428594 1.870253 0.4915387 -0.459325 1.859108 -0.2497967 -0.4593251 1.859109 0.4279302 -0.4551433 1.85799 0.462812 -0.4467133 1.853173 0.4915742 -0.4776838 1.831589 -0.2497967 -0.4776838 1.831589 0.4279302 -0.4724847 1.832668 0.4634539 -0.4613352 1.830856 0.4940757 -0.4467531 1.828552 0.5176607 -0.4890751 1.800921 0.4279302 -0.4844998 1.801956 0.4636665 -0.4890751 1.800921 -0.2497967 -0.472555 1.801818 0.4959297 -0.3074411 0.988631 -0.2494641 -0.3404674 0.9925529 -0.251064 -0.3714477 1.002855 -0.2524545 -0.3087871 0.9984208 -0.2806217 -0.3949216 1.025406 -0.281785 -0.3712781 1.012613 -0.282128 -0.3418073 1.002916 -0.2823718 -0.3983074 1.017893 -0.2541741 -0.4212643 1.036935 -0.2568584 -0.414191 1.041493 -0.2841366 -0.4412987 1.061056 -0.2606092 -0.3108656 1.014369 -0.3099185 -0.3708897 1.025442 -0.305881 -0.3433576 1.018029 -0.3094003 -0.3912518 1.0344 -0.3021849 -0.4055976 1.046441 -0.303984 0.3135345 1.035883 -0.3359251 0.3108657 1.014369 -0.3099186 -0.373173 1.041513 -0.3251637 -0.3458428 1.03707 -0.3323614 -0.3135345 1.035883 -0.335925 -0.3930508 1.046441 -0.3165307 -0.4009475 1.064993 -0.3288092 -0.4890751 1.768651 -0.2840641 -0.4461274 1.090998 -0.2950423 -0.4311655 1.0628 -0.2894559 -0.456057 1.123856 -0.2982623 -0.4299536 1.091423 -0.3203785 -0.4776838 1.768651 -0.3166301 -0.4179182 1.065025 -0.3118642 -0.4385964 1.123877 -0.3262255 -0.4095745 1.091324 -0.3407264 -0.4593251 1.768651 -0.3458529 -0.4349197 1.768651 -0.3702583 -0.4152912 1.123877 -0.3495283 -0.3873279 1.123855 -0.3669887 -0.4056969 1.768651 -0.3886171 -0.384052 1.090718 -0.3569496 -0.3784258 1.062717 -0.3420848 -0.3731308 1.768651 -0.4000083 -0.3493885 1.061038 -0.3522928 0.3166438 1.0621 -0.3572946 -0.3166437 1.0621 -0.3572945 -0.3388634 1.910108 -0.2840641 -0.3742294 1.905799 -0.285533 -0.3388634 1.89938 -0.3166301 -0.3740833 1.894551 -0.3177962 -0.4049182 1.883985 -0.3159422 -0.406843 1.894484 -0.2853205 -0.3736381 1.8783 -0.3445144 -0.4024719 1.870253 -0.3395272 -0.4025075 1.853173 -0.3576466 -0.3388634 1.882092 -0.3458529 -0.3737453 1.85799 -0.3660765 -0.3388634 1.859108 -0.3702583 -0.3388634 1.831589 -0.3886171 -0.3743872 1.832668 -0.383418 0.3388634 1.831589 -0.3886171 -0.4337321 1.878154 -0.2846786 -0.4286166 1.870215 -0.3134408 -0.4230862 1.860683 -0.3340196 -0.4230863 1.847965 -0.347525 -0.4050089 1.830856 -0.3722685 -0.4467531 1.853152 -0.3134052 -0.4552983 1.857848 -0.2845714 -0.4365918 1.847965 -0.3340195 -0.428594 1.828552 -0.3576864 -0.3388634 1.800921 -0.4000083 0.3388634 1.800921 -0.4000083 -0.3745997 1.801955 -0.3954331 -0.4068629 1.801818 -0.3834882 -0.4335811 1.801399 -0.3662316 -0.4551433 1.8015 -0.3446653 -0.4467133 1.828585 -0.3395498 -0.4724847 1.802104 -0.3177762 -0.4613352 1.830941 -0.3158515 -0.4844998 1.802304 -0.2851626 -0.472555 1.832687 -0.2850166 0.3074411 0.9886311 0.4275979 0.338531 0.9886311 0.396508 0.3404674 0.992553 0.4291977 0.3069633 0.9853339 0.3960302 0.3087871 0.9984209 0.4587554 0.3696886 0.9984209 0.3978539 0.3714477 1.002855 0.4305883 0.3069633 0.9853338 -0.2178965 0.338531 0.988631 -0.2183742 0.3696886 0.9984208 -0.2197202 0.3989854 1.014369 -0.2217988 0.3418073 1.002916 0.4605056 0.3989854 1.014369 0.3999325 0.3983074 1.017893 0.4323079 0.4212643 1.036936 0.4349922 0.414191 1.041493 0.4622704 0.424992 1.035884 0.4026014 0.4249919 1.035884 -0.2244676 0.4463615 1.0621 0.4057106 0.4412987 1.061056 0.4387429 0.3712781 1.012613 0.4602618 0.3949216 1.025407 0.4599188 0.3912518 1.0344 0.4803186 0.4055976 1.046441 0.4821178 0.3433577 1.018029 0.487534 0.373173 1.041513 0.5032975 0.3458428 1.03707 0.510495 0.3708897 1.025442 0.4840148 0.3930508 1.046441 0.4946645 0.4009475 1.064993 0.5069429 0.4890751 1.768651 0.4621976 0.4461274 1.090998 0.473176 0.4311655 1.0628 0.4675897 0.456057 1.123856 0.4763961 0.4299536 1.091423 0.4985122 0.4776838 1.768651 0.4947636 0.4179182 1.065025 0.489998 0.4385964 1.123877 0.5043593 0.4593251 1.768651 0.5239863 0.4095745 1.091325 0.5188601 0.4349197 1.768651 0.5483917 0.4152912 1.123877 0.5276621 0.3873279 1.123856 0.5451223 0.4056969 1.768651 0.5667505 0.384052 1.090718 0.5350834 0.3784258 1.062717 0.5202186 0.3731308 1.768651 0.5781419 0.3493885 1.061038 0.5304265 0.3166437 1.0621 0.5354282 0.3731308 1.910108 -0.2497967 0.3742294 1.905799 0.4636664 0.3388634 1.89938 0.4947636 0.3740833 1.894551 0.4959296 0.4056969 1.89938 0.4279302 0.4049182 1.883985 0.4940757 0.3388634 1.882092 0.5239863 0.3736381 1.8783 0.5226478 0.4024719 1.870253 0.5176607 0.3737453 1.85799 0.54421 0.3388634 1.831589 0.5667505 0.3743872 1.832668 0.5615515 0.4025075 1.853173 0.53578 0.406843 1.894484 0.4634539 0.4337321 1.878154 0.462812 0.4056969 1.89938 -0.2497967 0.4286166 1.870215 0.4915742 0.4230862 1.860683 0.512153 0.4230863 1.847965 0.5256585 0.4050089 1.830856 0.5504019 0.4349197 1.882092 0.4279302 0.4552983 1.857848 0.4627048 0.459325 1.859109 0.4279302 0.4349197 1.882092 -0.2497967 0.4467531 1.853152 0.4915387 0.4365918 1.847965 0.512153 0.428594 1.828552 0.5358199 0.3388634 1.800921 0.5781419 0.3745997 1.801956 0.5735666 0.4068629 1.801818 0.5616217 0.4335811 1.801399 0.5443651 0.4551433 1.8015 0.5227988 0.4467133 1.828586 0.5176833 0.4724847 1.802104 0.4959097 0.4613352 1.830941 0.4939849 0.4890751 1.800921 -0.2497967 0.4844998 1.802305 0.4632962 0.4776838 1.831589 0.4279302 0.472555 1.832687 0.4631501 0.4593251 1.859108 -0.2497967 0.3074411 0.988631 -0.2494641 0.3401308 0.9925529 -0.2514005 0.3087871 0.9984208 -0.2806217 0.3415214 1.002855 -0.2823808 0.343241 1.017893 -0.3092405 0.3708519 1.025406 -0.3058547 0.3714387 1.002916 -0.2527404 0.3459253 1.036935 -0.3321974 0.3496761 1.061056 -0.3522319 0.3732035 1.041493 -0.3251241 0.3711949 1.012613 -0.2822112 0.3949479 1.025442 -0.2818228 0.3912518 1.0344 -0.3021849 0.3930509 1.046441 -0.3165308 0.3984671 1.018029 -0.2542907 0.4142306 1.041513 -0.2841061 0.4214283 1.03707 -0.2567759 0.4055976 1.046441 -0.303984 0.417876 1.064993 -0.3118806 0.3841092 1.090998 -0.3570605 0.3731308 1.768651 -0.4000083 0.3785228 1.0628 -0.3420986 0.3873292 1.123856 -0.3669901 0.4056969 1.768651 -0.3886171 0.4094453 1.091423 -0.3408867 0.4009311 1.065025 -0.3288513 0.4152924 1.123877 -0.3495295 0.4349197 1.768651 -0.3702583 0.459325 1.768651 -0.3458529 0.4297932 1.091324 -0.3205077 0.4385952 1.123877 -0.3262244 0.4776838 1.768651 -0.3166301 0.4560555 1.123855 -0.2982611 0.4460166 1.090718 -0.2949851 0.4311517 1.062717 -0.2893589 0.4890751 1.768651 -0.2840641 0.4413597 1.061038 -0.2603216 0.4463613 1.0621 -0.2275768 0.3388634 1.910108 -0.2840641 0.3745997 1.905799 -0.2851626 0.4068629 1.894551 -0.2850166 0.3388634 1.89938 -0.3166301 0.4335811 1.8783 -0.2845714 0.428594 1.870253 -0.3134052 0.4551433 1.85799 -0.2846786 0.4467133 1.853173 -0.3134408 0.4776838 1.831589 -0.2497967 0.4724847 1.832668 -0.2853204 0.3743872 1.894484 -0.3177762 0.4050089 1.883985 -0.3158515 0.4230863 1.860683 -0.3340195 0.4365918 1.847965 -0.3340196 0.4613352 1.830856 -0.3159422 0.3737453 1.878154 -0.3446653 0.3388634 1.882092 -0.3458529 0.4024719 1.853152 -0.3576864 0.3736381 1.857848 -0.3662316 0.3388634 1.859108 -0.3702583 0.4025075 1.870215 -0.3395499 0.4230862 1.847965 -0.347525 0.4467531 1.828552 -0.3395272 0.4844998 1.801956 -0.285533 0.472555 1.801818 -0.3177961 0.4552983 1.801399 -0.3445144 0.4337321 1.8015 -0.3660765 0.4286166 1.828585 -0.3576466 0.406843 1.802104 -0.383418 0.4049182 1.830941 -0.3722685 0.3742294 1.802304 -0.3954331 0.3740833 1.832687 -0.3834882 -0.03451434 1.250068 0.625965 0.03451437 1.242997 0.621685 0.03420359 1.259752 0.6295401 -0.05104174 1.242819 0.6146346 -0.03420601 1.235342 0.6147767 -0.03430088 1.226708 0.6005346 -0.0397641 1.260146 0.628829 -0.05910546 1.254872 0.6161347 0.03444748 1.228539 0.6053635 -0.06733042 1.267119 0.6109351 -0.05027443 1.274734 0.6254371 -0.06494972 1.427763 0.555226 -0.07429022 1.261902 0.5921938 -0.06419015 1.243469 0.5976054 -0.03405352 1.27627 0.630605 -0.06001669 1.431148 0.5681872 -0.02865465 1.440553 0.5873369 -0.0461097 1.435126 0.5829384 -0.05032266 1.232077 0.5998302 -0.04730081 1.214164 0.5408912 -0.04146298 1.448804 0.5756984 -0.04330329 1.454968 0.5635769 -0.05302035 1.445676 0.5661826 -0.0292621 1.45387 0.5754191 -0.02879333 1.460533 0.5618085 -0.0327343 1.461248 0.5478022 -0.05988086 1.441098 0.5518363 -0.04899544 1.453191 0.5500444 0.0676029 1.247193 0.5965391 0.05126519 1.242766 0.6144176 0.05033131 1.232069 0.5997957 0.07353139 1.24198 0.5340526 0.07415078 1.268218 0.5956171 0.04648877 1.213663 0.5410143 0.06306172 1.255802 0.6120692 0.05083126 1.256262 0.622824 0.02898828 1.462149 0.5508538 -0.03052151 1.449346 0.4925257 0.04263252 1.457353 0.5485342 0.03568825 1.448619 0.4918682 0.02889335 1.458023 0.5686399 0.04278377 1.455081 0.5640368 -0.04970515 1.442353 0.4940162 0.043164 1.448 0.5754013 0.02876091 1.448829 0.5811435 0.05515196 1.447553 0.5508845 0.05352983 1.445947 0.5643625 0.06428762 1.431586 0.5543213 0.05985304 1.43098 0.5685519 0.05945372 1.434432 0.4947437 0.06401964 1.271672 0.6142692 0.05013476 1.275169 0.6253063 0.04873262 1.434741 0.5804567 0.03217166 1.436751 0.5883948 -0.0735314 1.24198 0.5340526 0.06951082 1.412253 0.4989631 -0.06770142 1.419838 0.4981839 0.03452794 1.276713 0.6303164 -0.273341 0.1363269 0.02012367 -0.3088099 0.02099253 0.0491065 -0.2971849 0.1362982 0.05741791 -0.2447848 0.01433724 -0.01065644 -0.2854633 0.0141836 0.008239734 -0.3232759 -0.001032331 0.1094077 -0.3257829 0.02354152 0.1092925 -0.3135526 0.1360996 0.1126007 -0.266558 0.1814551 0.02219978 -0.2468202 -0.001931748 -0.01167256 -0.2861886 -0.001939568 0.007044893 -0.3072568 -0.001313451 0.04828681 -0.2361292 0.1364861 0.002100352 -0.2911765 0.1813569 0.05872907 -0.3060684 0.1810808 0.1140407 -0.2629334 0.2148491 0.0239579 -0.1807627 0.01551765 -0.007617997 -0.2308061 0.1816038 0.004613688 -0.1824916 0.1366049 0.002516267 -0.1804738 -0.001167012 -0.009179513 -0.1327421 0.1365064 0.02247497 -0.1204771 0.014347 0.01409642 -0.1382485 0.1816235 0.02278445 -0.1827969 0.1816891 0.004956366 -0.1413343 0.2148964 0.02444723 -0.08991328 0.01419659 0.04722975 -0.1117822 0.1814879 0.05257099 -0.1050834 0.1363583 0.05331137 -0.08879654 -0.001935024 0.04640049 -0.1182212 -0.001929501 0.01393684 -0.09690407 0.136324 0.09691742 -0.09007609 0.02354799 0.1563097 -0.08347909 0.02100375 0.09407737 -0.1095557 0.1810915 0.1525858 -0.1022646 0.1361111 0.1542748 -0.1134604 0.1355252 0.2057536 -0.09930866 0.02391058 0.2087466 -0.1018961 -0.0009727018 0.2082935 -0.09244621 -0.001030341 0.1554646 -0.08461157 -0.001312244 0.09272919 -0.1413169 0.1817573 0.2038223 -0.1026586 0.1813849 0.09570666 -0.1498938 0.214921 0.191984 -0.1141515 0.2145991 0.1502166 -0.1532674 0.1697078 0.2274947 -0.1202445 0.1340181 0.233824 -0.104768 0.02387798 0.2373887 -0.1073419 -0.0009665949 0.2369356 -0.362132 0.021176 0.3199945 -0.3576887 -0.001035847 0.2869392 -0.3591759 -0.001416097 0.320925 -0.3476043 0.1336805 0.325538 -0.3452247 0.1336074 0.2909941 -0.3236849 0.1335562 0.3608287 -0.331225 -0.001711596 0.3550078 -0.3603408 0.02385259 0.2863077 -0.3336567 0.01356198 0.3548421 -0.3501304 -0.0009676885 0.2469335 -0.3372727 0.1335562 0.2499609 -0.2596068 0.01616244 0.3994892 -0.25846 -0.001119015 0.3944006 -0.115606 0.21487 0.05276486 -0.1833247 0.2149044 0.008024453 -0.1446007 0.23367 0.02836129 -0.2284248 0.2148836 0.007404583 -0.226823 0.2336651 0.0122979 -0.1843058 0.2336508 0.01315638 -0.25948 0.2336794 0.02760769 -0.2544587 0.2388714 0.03437592 -0.2244901 0.2388621 0.02030504 -0.1858489 0.238849 0.02108241 -0.1497579 0.2388624 0.03489682 -0.1272809 0.2388719 0.05920124 -0.1201016 0.2336871 0.05482291 -0.1858349 0.1335311 0.3879604 -0.1841912 0.1671492 0.3644401 -0.2025745 0.1609775 0.3844806 -0.1733915 0.01354368 0.3867067 -0.1756636 -0.001715606 0.3859414 -0.2597909 0.1344646 0.3982624 -0.1500954 0.133648 0.364489 -0.1369195 -0.00142386 0.365234 -0.1338651 0.02115374 0.3654933 -0.2574495 0.1665004 0.3859896 -0.3072818 0.1609861 0.3638565 -0.2525596 0.1788824 0.3612717 -0.3165725 0.1671599 0.3383857 -0.2445416 0.1807206 0.3208957 -0.3123487 0.1683006 0.3010653 -0.1739272 0.1682936 0.3282979 -0.23515 0.1807182 0.2734579 -0.1393665 0.1335836 0.3316399 -0.123118 0.02383518 0.3336378 -0.1654322 0.168269 0.2851783 -0.1154979 0.02385458 0.2936888 -0.1313891 0.1335425 0.2905976 -0.1257756 -0.00103876 0.3332166 -0.1258583 0.2348341 0.0970671 -0.135874 0.2219939 0.1382473 -0.1325348 0.2347022 0.1401751 -0.1334847 0.2347131 0.0632558 -0.1366941 0.2221119 0.06558455 -0.1295844 0.2221503 0.0976365 -0.1190725 0.2388544 0.09614626 -0.1543469 0.2347608 0.04057653 -0.1566071 0.2220956 0.04362796 -0.1411127 0.2049609 0.069173 -0.1591336 0.204915 0.04895241 -0.1354579 0.204877 0.09838888 -0.141443 0.2048956 0.1352416 -0.1871833 0.2348457 0.0279153 -0.1878911 0.2221169 0.03150748 -0.1890789 0.204848 0.03752356 -0.1062971 0.2148278 0.09509698 -0.1189962 0.2336648 0.1476297 -0.1112709 0.233676 0.09528163 -0.126343 0.2388799 0.14368 -0.2874534 0.2148101 0.05968039 -0.300867 0.2145925 0.1137137 -0.2958059 0.1817632 0.1735321 -0.2834236 0.2149247 0.1658853 -0.3223265 0.1355267 0.1645548 -0.2828704 0.2336695 0.06177584 -0.2210581 0.1932108 0.2015203 -0.2199016 0.21603 0.1955791 -0.2780794 0.2336819 0.1626361 -0.2190055 0.233736 0.1909811 -0.2953853 0.2336624 0.1131895 -0.2710539 0.2389107 0.1575588 -0.2870878 0.2388798 0.1123038 -0.2759555 0.238854 0.06552326 -0.293581 0.1697117 0.1999557 -0.1536133 0.2336811 0.1869356 -0.1582116 0.2389107 0.1795833 -0.2175622 0.2388829 0.1835834 -0.25024 0.2347162 0.04046212 -0.2700194 0.2348372 0.06892465 -0.2223749 0.2347626 0.02728981 -0.280036 0.2347038 0.1113821 -0.2481666 0.222123 0.04380476 -0.2214414 0.2221019 0.03095178 -0.1642132 0.2218535 0.1697363 -0.1621989 0.2345585 0.1732899 -0.2163094 0.2347402 0.1771634 -0.264994 0.2345588 0.1532257 -0.2617976 0.2218543 0.1506802 -0.2155491 0.2219474 0.1732623 -0.2668049 0.2221612 0.070834 -0.2762319 0.2219999 0.1108338 -0.2454537 0.2049664 0.04876014 -0.2616829 0.2048823 0.07371089 -0.2567184 0.2049182 0.1463285 -0.269966 0.2048986 0.1101162 -0.2142877 0.2048294 0.1667821 -0.1673027 0.204918 0.1638046 -0.2211283 0.2049182 0.0368155 -0.1584299 0.168269 0.2493023 -0.1247225 0.1335567 0.2560654 -0.1089765 0.0238614 0.2594683 -0.1115386 -0.0009666955 0.258976 -0.2236276 0.1822079 0.214705 -0.2278108 0.1807196 0.2361256 -0.1180551 -0.0009686716 0.2931884 -0.2969526 0.1682706 0.2221108 -0.3264786 0.1340245 0.1931373 -0.3306004 0.1335642 0.2154502 -0.3039382 0.1682726 0.2579555 -0.3419783 0.02388032 0.1901118 -0.3339596 -0.0009732833 0.1620406 -0.3394216 -0.0009657161 0.1906782 -0.3365214 0.02390885 0.1614711 -0.3461851 0.02386713 0.212192 -0.3436181 -0.0009658167 0.2127188 -0.352707 0.02386526 0.2464159 -0.141443 0.2048956 0.1352416 -0.2142877 0.2048294 0.1667821 -0.1673027 0.204918 0.1638046 -0.269966 0.2048986 0.1101162 -0.2567184 0.2049182 0.1463285 -0.1890789 0.204848 0.03752356 -0.2616829 0.2048823 0.07371089 -0.1354579 0.204877 0.09838888 -0.1591336 0.204915 0.04895241 -0.2211283 0.2049182 0.0368155 -0.2454537 0.2049664 0.04876014 -0.1411127 0.2049609 0.069173 0.2972708 0.1362982 0.05749116 0.325824 0.02354152 0.1093904 0.308903 0.02099253 0.04918978 0.2734591 0.1363269 0.02017633 0.2855916 0.0141836 0.00830286 0.323317 -0.001032383 0.1095035 0.3073505 -0.001313451 0.04836875 0.2449295 0.01433724 -0.01062843 0.2362629 0.1364861 0.002120874 0.2863181 -0.001939568 0.007108639 0.2469658 -0.001931748 -0.01164278 0.2666744 0.1814551 0.0222466 0.2912612 0.1813569 0.05879713 0.2309377 0.1816038 0.004629634 0.2630483 0.2148491 0.02400158 0.2875375 0.2148101 0.05974523 0.3061055 0.1810808 0.1141216 0.3135909 0.1360996 0.112688 0.1809048 0.01551765 -0.007645247 0.1826249 0.1366049 0.002490477 0.1829281 0.1816891 0.004930862 0.1806172 -0.001167012 -0.009207024 0.1206005 0.014347 0.01401709 0.1328582 0.1365064 0.02240623 0.2285539 0.2148836 0.007418469 0.1414487 0.2148964 0.02438591 0.1834533 0.2149044 0.00799938 0.1383643 0.1816235 0.02272047 0.09000806 0.01419659 0.04712403 0.1051729 0.1363583 0.05321875 0.1183448 -0.001929501 0.01385557 0.08889205 -0.001935024 0.04629381 0.09695594 0.136324 0.09681772 0.09007669 0.02354799 0.1562041 0.1022669 0.1361111 0.1541797 0.08353342 0.02100375 0.09396607 0.1018518 -0.0009727018 0.2081981 0.09926398 0.02391058 0.208649 0.1134183 0.1355252 0.2056682 0.09244754 -0.001030341 0.155361 0.1095595 0.1810915 0.152497 0.1498635 0.214921 0.19193 0.1141573 0.2145991 0.1501318 0.1027115 0.1813849 0.09561192 0.1063505 0.2148279 0.09500538 0.1118724 0.1814879 0.05248416 0.1412765 0.1817573 0.2037609 0.1532065 0.1697078 0.2274437 0.1201782 0.1340181 0.2337444 0.1072727 -0.0009664906 0.2368448 0.1046986 0.02387798 0.2372957 0.3619911 0.021176 0.3201237 0.3575764 -0.001035847 0.2870645 0.360229 0.02385259 0.2864353 0.3235088 0.1335562 0.3609247 0.3334857 0.01356198 0.3549468 0.3590343 -0.001416097 0.3210517 0.3500527 -0.0009676363 0.2470523 0.3526297 0.02386526 0.246537 0.3310539 -0.001711596 0.3551103 0.2593974 0.01616244 0.3995299 0.2582549 -0.001119015 0.3944401 0.1156959 0.21487 0.05268132 0.2269479 0.2336652 0.01231043 0.1447118 0.23367 0.02830281 0.18443 0.2336508 0.01313217 0.2595917 0.2336794 0.02764838 0.1498633 0.2388624 0.03484278 0.1859663 0.238849 0.02105953 0.2246081 0.2388621 0.02031552 0.1201898 0.2336871 0.05474325 0.1273653 0.2388719 0.05912777 0.1856354 0.1335311 0.3879373 0.184012 0.1671491 0.3644156 0.1499162 0.133648 0.3644351 0.2595825 0.1344646 0.3983031 0.1731931 0.01354363 0.3866729 0.1754659 -0.001715606 0.3859095 0.3071031 0.1609861 0.3639383 0.202378 0.1609775 0.384472 0.133685 0.02115374 0.3654254 0.1367396 -0.00142386 0.3651686 0.2572517 0.1665004 0.3860284 0.2523831 0.1788824 0.3613062 0.3164158 0.1671599 0.3384754 0.3474586 0.1336805 0.3256546 0.2444 0.1807206 0.3209233 0.1737793 0.1682936 0.3282646 0.3122242 0.1683006 0.3011515 0.2350494 0.1807182 0.2734775 0.1653215 0.168269 0.2851377 0.3451088 0.1336073 0.2911087 0.1392156 0.1335835 0.3315768 0.1229654 0.02383518 0.3335606 0.1312737 0.1335425 0.2905276 0.1153799 0.02385458 0.293605 0.1256234 -0.00103876 0.3331417 0.1296357 0.2221503 0.09756504 0.1355085 0.204877 0.09832247 0.1411885 0.2049609 0.06911148 0.136773 0.2221119 0.06551923 0.12591 0.2348341 0.0969924 0.1414618 0.2048956 0.1351804 0.1592269 0.2049151 0.04890646 0.1358902 0.2219939 0.1381812 0.1335656 0.2347132 0.0631877 0.156705 0.2220956 0.04357984 0.119125 0.2388545 0.09606571 0.1544475 0.2347608 0.04052645 0.1872947 0.2348457 0.02789358 0.1879995 0.2221169 0.03148635 0.1190043 0.2336648 0.147549 0.1113242 0.233676 0.09519434 0.1263544 0.23888 0.1436057 0.2829525 0.2336696 0.06183672 0.2957915 0.1817632 0.1736042 0.3223199 0.1355267 0.1646497 0.2834159 0.2149247 0.1659466 0.3009044 0.2145925 0.1137901 0.2780745 0.2336819 0.1626928 0.2954232 0.2336624 0.1132611 0.2210196 0.1932108 0.2015278 0.2935438 0.1697117 0.2000258 0.2198683 0.21603 0.1955856 0.2710534 0.2389107 0.1576095 0.2871264 0.2388798 0.1123683 0.2545645 0.2388714 0.03441226 0.2760344 0.238854 0.06557817 0.2235777 0.1822079 0.2147147 0.1535874 0.2336811 0.1868849 0.2189761 0.233736 0.1909868 0.1581921 0.2389107 0.1795365 0.2175392 0.2388829 0.1835879 0.2503405 0.2347162 0.04049483 0.2700954 0.2348373 0.06897443 0.2224869 0.2347626 0.02729847 0.2482643 0.222123 0.04383567 0.2668792 0.2221613 0.07088101 0.2800754 0.2347038 0.1114405 0.2215502 0.2221019 0.03095964 0.1325493 0.2347023 0.1401062 0.1642022 0.2218535 0.1696947 0.1621848 0.2345586 0.1732466 0.2162919 0.2347402 0.1771668 0.2649972 0.2345588 0.1532712 0.261803 0.2218543 0.1507228 0.215535 0.2219474 0.173265 0.2455471 0.2049664 0.04878871 0.2617548 0.2048823 0.07375346 0.2762717 0.2219999 0.1108889 0.2700064 0.2048986 0.1101659 0.2567276 0.2049182 0.1463668 0.2142792 0.2048294 0.1667838 0.1672968 0.204918 0.1637656 0.189182 0.204848 0.03750346 0.221232 0.2049182 0.03682309 0.1246369 0.1335567 0.2559897 0.1583501 0.168269 0.2492557 0.1114506 -0.0009666955 0.2588889 0.108888 0.0238614 0.259379 0.1179375 -0.0009687238 0.2931069 0.2277424 0.1807196 0.2361388 0.3305499 0.1335642 0.2155523 0.3264474 0.1340245 0.1932358 0.2968963 0.1682706 0.2221838 0.303851 0.1682726 0.2580344 0.3371923 0.1335562 0.2500686 0.3419496 0.02388032 0.1902236 0.3339551 -0.0009732311 0.1621455 0.3365175 0.02390885 0.1615782 0.3393925 -0.0009657161 0.1907879 0.3461374 0.02386713 0.2123075 0.3435699 -0.0009658167 0.2128321 0.189182 0.204848 0.03750346 0.2142792 0.2048294 0.1667838 0.2617548 0.2048823 0.07375346 0.221232 0.2049182 0.03682309 0.2700064 0.2048986 0.1101659 0.1355085 0.204877 0.09832247 0.1414618 0.2048956 0.1351804 0.1672968 0.204918 0.1637656 0.1592269 0.2049151 0.04890646 0.1411885 0.2049609 0.06911148 0.2567276 0.2049182 0.1463668 0.2455471 0.2049664 0.04878871 0.08466707 -0.001312244 0.09261887 -0.5896291 0.5267684 0.09923701 -0.6223083 0.4482425 0.05130296 -0.6013115 0.4367159 0.1080652 -0.5900966 0.4488878 0.1450002 -0.5742896 0.5271517 0.1388528 -0.5516882 0.5948396 0.1319358 -0.5678758 0.5977681 0.09180444 -0.6065928 0.5270783 0.04619843 -0.6345548 0.3945387 0.005453039 -0.6287336 0.3946872 0.05206352 -0.6057767 0.3965807 0.09363764 -0.576524 0.4036258 0.1010015 -0.5712368 0.4272308 0.1030518 -0.5970691 0.5806728 0.004777893 -0.6129946 0.5257091 0.0001985468 -0.627385 0.4493101 0.003019325 -0.5860386 0.5948397 0.04031693 -0.5245189 0.6234456 0.1267005 -0.5440565 0.6276846 0.08488737 -0.5648962 0.6235691 0.03211492 -0.5966488 0.5273023 -0.02527771 -0.5826846 0.5948396 -0.01008988 -0.607355 0.449138 -0.02307831 -0.6164385 0.3949111 -0.01895078 -0.5607724 0.5279967 -0.03889037 -0.5518785 0.5977681 -0.02261073 -0.5102785 0.4666764 -0.03539038 -0.5635217 0.4477984 -0.02540598 -0.536783 0.4379989 0.02154926 -0.5143886 0.5295364 -0.05080149 -0.5863024 0.3977052 -0.01164876 -0.5092266 0.5948397 -0.03502452 -0.4766514 0.5806728 -0.03609679 -0.4730583 0.5297797 -0.04523759 -0.4766514 0.4805947 -0.03609676 -0.5350512 0.6276847 0.02173981 -0.4931303 0.6235691 0.00795543 -0.4442813 0.5300048 -0.008436192 -0.4569692 0.5948398 -0.003202464 -0.4572635 0.468794 -0.003394604 -0.4939682 0.4475523 0.007788384 -0.4117548 0.5279824 0.08909961 -0.4391112 0.4676546 0.04809649 -0.424851 0.5302184 0.04442417 -0.4367572 0.5977681 0.0496338 -0.4202629 0.594444 0.09541627 -0.426911 0.4634703 0.09089419 -0.4616166 0.4424709 0.1009929 -0.4763793 0.4498596 0.06079548 -0.4529487 0.4232246 0.1264442 -0.451173 0.6234061 0.1072948 -0.4368607 0.5937126 0.1394653 -0.4098846 0.5711755 0.1278295 -0.4329383 0.5251992 0.1582628 -0.4076639 0.5151132 0.1467093 -0.4036148 0.514934 0.1203828 -0.4008404 0.4928209 0.1371398 -0.4181103 0.4415267 0.1221854 -0.427663 0.3953678 0.1343911 -0.4064671 0.4403116 0.1403586 -0.4905733 0.5158045 0.1599823 -0.4618855 0.5169936 0.1656532 -0.4751225 0.5881948 0.1520513 -0.4915132 0.4329983 0.1480476 -0.4771857 0.4932722 0.1646913 -0.5351524 0.4483884 0.1639942 -0.5223204 0.5260129 0.1624484 -0.5206258 0.3986892 0.1482737 -0.5543477 0.5257971 0.1596171 -0.5694592 0.4500141 0.164473 -0.4684489 0.3952306 0.1624175 -0.4769648 0.4396344 0.1646119 -0.5208962 0.4066471 0.1232572 -0.4990884 0.4364736 0.1149595 -0.5405318 0.5806728 0.1515702 -0.5146872 0.5941084 0.1523573 -0.4904915 0.6271908 0.1194339 -0.5461114 0.3968071 0.1653562 -0.5285839 0.4470761 0.0833785 -0.541647 0.4123794 0.104967 -0.5712368 0.4272308 0.1030518 -0.4489346 0.3936153 0.1362005 -0.467195 0.3946907 0.1478832 -0.5130539 0.6319584 0.07553199 -0.4719183 0.6276847 0.06200695 -0.5280683 0.3656398 0.1258227 -0.5448129 0.3308019 0.1085185 -0.5463461 0.3675096 0.1080105 -0.5284346 0.3625237 0.1499635 -0.5658059 0.3077822 0.1166729 -0.5716226 0.3302119 0.108974 -0.5276868 0.3302118 0.1256932 -0.5738091 0.3656398 0.1083264 -0.5290603 0.3301787 0.1491474 -0.5336418 0.3113956 0.1457269 -0.5344575 0.3077824 0.1279915 -0.5454296 0.3113955 0.1137035 -0.5506894 0.3610693 0.1665239 -0.5507815 0.3296406 0.1651653 -0.551882 0.3077824 0.1558656 -0.5578797 0.3001997 0.1359419 -0.6199418 0.3568452 -0.01758088 -0.6164719 0.3234152 -0.01596954 -0.6362645 0.3566376 0.006033363 -0.6063988 0.3001587 2.363403e-05 -0.6335671 0.3237683 0.007181717 -0.5926169 0.3582997 -0.008782407 -0.5889716 0.323976 -0.007955824 -0.6297789 0.3568453 0.05202823 -0.623543 0.3040035 0.01376425 -0.5663603 0.3239865 0.03050136 -0.5860096 0.3040035 0.001023909 -0.5696143 0.3001587 0.03160588 -0.5913309 0.2920904 0.03897741 -0.6163571 0.3001588 0.04747231 -0.5564878 0.4102527 0.07690697 -0.5622434 0.4047658 0.0293133 -0.5950365 0.3987075 0.1230895 -0.5956089 0.3968725 0.1483958 -0.5771964 0.3967387 0.1665883 -0.6015386 0.3040036 0.07858958 -0.5640053 0.3040034 0.06584925 -0.5795725 0.3001587 0.07905453 -0.5778285 0.3239865 0.09787499 -0.6054843 0.323976 0.08991405 -0.5632778 0.3632855 0.07765138 -0.5796006 0.3614158 0.1012656 -0.5608888 0.3245993 0.07477652 -0.6069255 0.3582996 0.09246715 -0.5697635 0.3614157 0.03165655 -0.6279403 0.3234151 0.05140413 -0.6279403 0.3234151 0.05140413 -0.6015386 0.3040036 0.07858958 -0.6054843 0.323976 0.08991405 -0.623543 0.3040035 0.01376425 -0.6163571 0.3001588 0.04747231 -0.6335671 0.3237683 0.007181717 -0.5734514 0.3113956 0.15924 -0.5832302 0.3077824 0.1445469 -0.5846906 0.3113956 0.1270303 -0.5949667 0.3625237 0.1245143 -0.5928452 0.3301787 0.1248226 -0.5964302 0.3610693 0.1490275 -0.5782711 0.3299709 0.1658516 -0.5792496 0.3608617 0.1672122 -0.5947173 0.3296406 0.1484461 -0.5928452 0.3301787 0.1248226 -0.5846906 0.3113956 0.1270303 -0.5947173 0.3296406 0.1484461 -0.5734514 0.3113956 0.15924 -0.5782711 0.3299709 0.1658516 -0.5832302 0.3077824 0.1445469 -0.4122166 0.4455854 0.1552316 -0.4351666 0.4484346 0.1674024 -0.4612389 0.4455854 0.1718717 -0.4197446 0.3965014 0.1592309 -0.4368838 0.3964808 0.1699849 -0.4169002 0.3953998 0.1449014 -0.4570849 0.3965014 0.1719057 -0.4515006 0.3745157 0.167398 -0.4579006 0.3745157 0.1485433 -0.4466149 0.3706954 0.1424085 -0.4564214 0.3706954 0.1585547 -0.4427136 0.362678 0.1539017 -0.4388124 0.3706953 0.165395 -0.4275266 0.3745157 0.1592602 -0.4339266 0.3745157 0.1404055 -0.4290059 0.3706954 0.1492488 -0.4570849 0.3965014 0.1719057 -0.4515006 0.3745157 0.167398 -0.4368838 0.3964808 0.1699849 -0.4275266 0.3745157 0.1592602 -0.4197446 0.3965014 0.1592309 -0.4388124 0.3706953 0.165395 -0.5720761 0.4057379 0.1070139 0.5896385 0.5267684 0.09917227 0.6222666 0.4482424 0.05120343 0.6065456 0.5270784 0.04611563 0.5517325 0.5948396 0.1319115 0.5743413 0.5271517 0.1388044 0.5901548 0.4488878 0.1449349 0.6013302 0.4367159 0.107988 0.6286927 0.3946872 0.05195711 0.6344643 0.3945387 0.005340445 0.6057801 0.3965808 0.09355568 0.6272918 0.44931 0.002914346 0.6128984 0.5257091 0.0001089526 0.5678773 0.5977681 0.09176288 0.5765353 0.4036258 0.1009507 0.6163219 0.3949111 -0.01904401 0.607234 0.449138 -0.02316189 0.5965255 0.5273022 -0.02534988 0.5969777 0.5806728 0.004705268 0.5825775 0.5948396 -0.01014716 0.5859852 0.5948396 0.04025605 0.5648341 0.6235691 0.03207658 0.5440506 0.6276846 0.0848712 0.5245575 0.6234456 0.1267051 0.5606346 0.5279967 -0.03892427 0.5101445 0.4666764 -0.03537045 0.5142381 0.5295363 -0.05078596 0.5367097 0.4379991 0.0215409 0.4938802 0.4475523 0.007825668 0.5633983 0.4477984 -0.02544282 0.4765166 0.4805947 -0.03604098 0.4729138 0.5297796 -0.04517794 0.551758 0.5977681 -0.02263515 0.4571635 0.468794 -0.003318166 0.4765166 0.5806728 -0.03604099 0.509093 0.5948396 -0.03500346 0.4568694 0.5948398 -0.003125732 0.4930425 0.6235691 0.007993607 0.444176 0.5300048 -0.008345919 0.5349779 0.6276847 0.02173331 0.4117535 0.5279824 0.08922449 0.424802 0.5302184 0.04453512 0.4390661 0.4676546 0.04819224 0.4269116 0.4634703 0.09100292 0.4367138 0.5977681 0.04973206 0.461628 0.442471 0.1010646 0.4529871 0.4232246 0.1265252 0.4181443 0.4415266 0.1223035 0.4036469 0.514934 0.1205163 0.407724 0.5151131 0.1468385 0.4099246 0.5711755 0.1279564 0.4008903 0.4928209 0.1372762 0.4065205 0.4403116 0.1404891 0.42771 0.3953678 0.134499 0.4330108 0.5251992 0.1583651 0.4369131 0.5937127 0.1395635 0.4202683 0.594444 0.09553209 0.4511911 0.6234061 0.1073776 0.4906476 0.5158044 0.1600232 0.5352309 0.4483884 0.1639875 0.5223973 0.5260129 0.1624554 0.4619658 0.5169936 0.1657246 0.477265 0.4932721 0.1647464 0.5206876 0.3986892 0.1482825 0.5461913 0.3968071 0.1653378 0.4915746 0.4329983 0.1480874 0.5695381 0.4500142 0.1644297 0.5544214 0.5257971 0.1595899 0.4751882 0.5881947 0.1521085 0.5405971 0.5806728 0.1515578 0.5209313 0.4066471 0.1232657 0.4770439 0.4396344 0.1646673 0.4685257 0.3952306 0.1624818 0.4672564 0.3946908 0.147949 0.5772775 0.3967387 0.1665367 0.5147533 0.5941085 0.1523724 0.4905225 0.6271908 0.1194748 0.4763478 0.4498595 0.0608515 0.4991147 0.4364736 0.1149913 0.5285764 0.4470761 0.08337884 0.5564734 0.4102527 0.07687756 0.5416625 0.4123796 0.1049534 0.5712502 0.4272308 0.1030067 0.4489835 0.3936154 0.1362857 0.5130381 0.6319584 0.0755489 0.471888 0.6276847 0.06206771 0.5281061 0.3656398 0.1258236 0.5448322 0.3308019 0.1085015 0.5277244 0.3302118 0.1256945 0.5658338 0.3077824 0.1166335 0.5454544 0.3113955 0.1136859 0.5463649 0.3675096 0.1079919 0.5344977 0.3077824 0.1279855 0.5284982 0.3625237 0.149964 0.5337008 0.3113956 0.1457219 0.5716424 0.3302119 0.1089285 0.5579282 0.3001997 0.135911 0.529123 0.3301785 0.1491472 0.5507706 0.3610694 0.1665006 0.5508612 0.3296406 0.1651419 0.5519518 0.3077824 0.155841 0.5861936 0.3977054 -0.01170989 0.6198266 0.3568452 -0.01767786 0.6361745 0.3566375 0.005918983 0.6163585 0.3234151 -0.01606283 0.6297379 0.3568453 0.05192069 0.6334783 0.3237683 0.007070192 0.5925112 0.3582996 -0.008850266 0.6234613 0.3040034 0.01366341 0.6063024 0.3001588 -5.891934e-05 0.5888667 0.323976 -0.008019798 0.5859144 0.3040035 0.000963078 0.591276 0.2920904 0.03891089 0.5695515 0.3001587 0.03156252 0.5662964 0.3239865 0.03046144 0.5621783 0.4047658 0.02927779 0.5956707 0.3968725 0.1483246 0.5950714 0.3987075 0.123019 0.5639791 0.3040035 0.06581183 0.6163113 0.3001587 0.04737911 0.601526 0.3040035 0.07851214 0.5795604 0.3001587 0.07900053 0.5778365 0.3239864 0.09782282 0.5608722 0.3245993 0.07474243 0.5796121 0.3614158 0.1012116 0.5632642 0.3632855 0.07761474 0.6069275 0.3582996 0.09238398 0.5697009 0.3614157 0.03161302 0.6054838 0.323976 0.0898324 0.6278986 0.3234152 0.05129855 0.601526 0.3040035 0.07851214 0.6278986 0.3234152 0.05129855 0.6054838 0.323976 0.0898324 0.6163113 0.3001587 0.04737911 0.6234613 0.3040034 0.01366341 0.6334783 0.3237683 0.007070192 0.5735248 0.3113956 0.1591924 0.5847296 0.3113956 0.1269708 0.583288 0.3077822 0.144489 0.5928819 0.3301785 0.1247544 0.5738282 0.3656398 0.1082785 0.5950031 0.3625236 0.1244438 0.5964928 0.3610693 0.1489555 0.5947792 0.3296406 0.1483759 0.5783515 0.3299709 0.1657989 0.5793315 0.3608617 0.1671585 0.5735248 0.3113956 0.1591924 0.5947792 0.3296406 0.1483759 0.5783515 0.3299709 0.1657989 0.583288 0.3077822 0.144489 0.5847296 0.3113956 0.1269708 0.5928819 0.3301785 0.1247544 0.4352488 0.4484346 0.1675023 0.4122858 0.4455854 0.1553559 0.4198181 0.3965014 0.1593472 0.4369687 0.3964809 0.170083 0.4613259 0.4455854 0.1719438 0.4571718 0.3965014 0.1719822 0.4169583 0.3953998 0.1450207 0.4564941 0.3706954 0.1586319 0.4579627 0.3745157 0.1486189 0.4515827 0.3745157 0.1674804 0.4427814 0.362678 0.1539936 0.4276001 0.3745157 0.1593683 0.4290686 0.3706953 0.1493552 0.43398 0.3745157 0.1405067 0.4466704 0.3706954 0.1424962 0.4388924 0.3706954 0.165491 0.4369687 0.3964809 0.170083 0.4388924 0.3706954 0.165491 0.4515827 0.3745157 0.1674804 0.4276001 0.3745157 0.1593683 0.4198181 0.3965014 0.1593472 0.4571718 0.3965014 0.1719822 0.5720937 0.4057379 0.1069678 0.5712502 0.4272308 0.1030067 -0.4651615 1.556398 0.117601 -0.4787306 1.540315 0.1370993 -0.456077 1.545297 0.1352182 -0.5039734 1.554868 -0.02272786 -0.5341224 1.554947 -0.01546086 -0.4350124 1.556318 0.110334 -0.4782702 1.543509 -0.02883489 -0.4904043 1.538363 -0.04197111 -0.4908647 1.545174 0.1238848 -0.5130579 1.543386 -0.04016833 -0.4259279 1.545218 0.1279512 -0.4079588 1.542543 0.1119711 -0.5704723 1.516491 -0.006397662 -0.5598257 1.543723 -0.009177133 -0.5015113 1.311008 0.1282833 -0.5015113 1.517941 0.1266643 -0.5625265 1.538553 -0.02458711 -0.5689101 1.516272 -0.02649268 -0.5704723 1.309558 -0.004778661 -0.4817802 1.311171 0.1432459 -0.4817802 1.518104 0.1416268 -0.5625265 1.287103 -0.02261984 -0.5598256 1.282269 -0.0071316 -0.4908647 1.28372 0.1259303 -0.5168209 1.516046 -0.04721571 -0.5469699 1.309192 -0.03832975 -0.5469699 1.516125 -0.03994874 -0.4873547 1.309124 -0.04453144 -0.5168209 1.309113 -0.04559671 -0.4873547 1.516058 -0.04615044 -0.5432071 1.282011 -0.03085581 -0.5689101 1.309339 -0.02487368 -0.4904043 1.286914 -0.04000383 -0.5130579 1.281931 -0.03812279 -0.456077 1.283843 0.1372638 -0.4787306 1.288866 0.1390665 -0.4651615 1.272361 0.1198232 -0.4350124 1.272282 0.1125563 -0.4259279 1.283764 0.1299968 -0.452314 1.311183 0.1443111 -0.5039734 1.270831 -0.02050563 -0.5341224 1.27091 -0.01323865 -0.452314 1.518116 0.1426922 -0.5432071 1.543465 -0.03290134 -0.4782702 1.282055 -0.02678934 -0.4079588 1.286091 0.1139775 -0.4079588 1.286091 0.1139775 0.4676611 1.556398 0.117601 0.4585766 1.545297 0.1352182 0.4812302 1.540315 0.1370993 0.536622 1.554947 -0.01546086 0.506473 1.554868 -0.02272786 0.437512 1.556318 0.110334 0.5155575 1.543386 -0.04016833 0.4933643 1.545174 0.1238848 0.5623253 1.543723 -0.009177133 0.4929039 1.538363 -0.04197111 0.4807698 1.543509 -0.02883489 0.4104584 1.542543 0.1119711 0.4284275 1.545218 0.1279512 0.5729719 1.516491 -0.006397662 0.5040109 1.517941 0.1266643 0.5040109 1.311008 0.1282833 0.5729719 1.309558 -0.004778661 0.5714097 1.516272 -0.02649268 0.4842797 1.311171 0.1432459 0.5623253 1.282269 -0.0071316 0.5650261 1.287103 -0.02261984 0.4933643 1.28372 0.1259303 0.5494695 1.516125 -0.03994874 0.5714097 1.309339 -0.02487368 0.5494695 1.309192 -0.03832975 0.5650261 1.538553 -0.02458711 0.5193205 1.516046 -0.04721571 0.5457066 1.282011 -0.03085581 0.4898543 1.309124 -0.04453144 0.4898543 1.516058 -0.04615044 0.5193205 1.309113 -0.04559671 0.5155575 1.281931 -0.03812279 0.4929039 1.286914 -0.04000383 0.4812302 1.288866 0.1390665 0.4585766 1.283843 0.1372638 0.4676611 1.272361 0.1198232 0.437512 1.272282 0.1125563 0.536622 1.27091 -0.01323865 0.506473 1.270831 -0.02050563 0.4548136 1.311183 0.1443111 0.4548136 1.518116 0.1426922 0.4842797 1.518104 0.1416268 0.5457066 1.543465 -0.03290134 0.4807698 1.282055 -0.02678934 0.4284275 1.283764 0.1299968 0.4104584 1.286091 0.1139775 0.4104584 1.286091 0.1139775 -0.2283212 0.8052835 0.3524253 -0.2171493 0.8040841 0.3682774 -0.2050092 0.7987993 0.3791403 0.2511233 0.7990083 0.2979548 0.2450781 0.7891907 0.3137701 0.2369767 0.7792178 0.3315105 0.2271146 0.7671401 0.3487818 -0.2571381 0.8327133 0.2721329 -0.2558043 0.8254157 0.2850635 -0.2521861 0.8188207 0.2991108 -0.2461859 0.814091 0.315301 -0.2381309 0.8100469 0.3338573 -0.1923936 0.7959889 0.3831702 0.1923829 0.7939649 0.3831907 0.2049746 0.7918019 0.3791845 0.2571872 0.8380918 0.2721811 0.2559145 0.8359938 0.2851723 0.2522609 0.8310593 0.2991623 0.2462295 0.8210489 0.315284 0.2381409 0.8104934 0.3337803 0.228288 0.7970685 0.3523685 0.2170867 0.7905292 0.3682855 0.2561611 0.8090006 0.2711811 -0.2039211 0.7705101 0.3748714 -0.1913196 0.7683455 0.3786307 0.1913029 0.7664464 0.3784484 0.2159253 0.7617942 0.3635137 0.2038629 0.7639057 0.3742337 -0.2450411 0.7830007 0.3136955 -0.2160394 0.7747423 0.3646189 -0.3285631 1.556613 0.5161332 -0.2335625 1.559787 0.6229057 -0.2335625 1.559787 0.4858585 -0.3870783 1.540509 0.5839621 -0.3285631 1.556613 0.610019 -0.2145798 1.563347 0.6685257 -0.2146644 1.580781 0.6600071 -0.2912498 1.560003 0.6480127 -0.172558 1.580781 0.65975 -0.15366 1.559787 0.6200461 -0.2523324 1.561052 0.6517412 -0.15366 1.559787 0.4829989 -0.2910885 1.540414 0.6491169 -0.3870783 1.540509 0.5331204 -0.3852273 1.521136 0.5331204 -0.3852273 1.521136 0.5839621 -0.3277275 1.537039 0.610174 -0.15366 1.540161 0.4829989 -0.1724735 1.563347 0.6682686 -0.2521711 1.541462 0.6528454 -0.2334456 1.540268 0.6248289 0.3285631 1.556613 0.5161332 0.3870783 1.540509 0.5839621 0.3870783 1.540509 0.5331204 0.2335625 1.559787 0.6229057 0.3285631 1.556613 0.610019 0.172558 1.580781 0.65975 0.2146644 1.580781 0.6600071 0.2335625 1.559787 0.4858585 0.2145798 1.563347 0.6685257 0.2912498 1.560003 0.6480127 0.2910885 1.540414 0.6491169 0.3277275 1.537039 0.610174 0.15366 1.559787 0.6200461 0.3852272 1.521136 0.5839621 0.3852272 1.521136 0.5331204 0.15366 1.540161 0.4829989 0.1536275 1.540469 0.6233184 0.15366 1.559787 0.4829989 0.1724735 1.563347 0.6682686 0.2523324 1.561052 0.6517412 0.2521711 1.541462 0.6528454 0.2334456 1.540268 0.6248289 -0.3276172 1.537053 0.5161332 -0.233457 1.540162 0.4858585 -0.1536275 1.540469 0.6233184 0.3276172 1.537053 0.5161332 0.233457 1.540162 0.4858585 0.3412514 0.9261884 -0.257981 0.3412514 0.7825097 -0.06323272 0.3412514 0.7758626 -0.2570449 0.3412514 0.9492025 -0.06342324 0.3150357 0.7507155 -0.02387479 0.3279532 0.7493106 -0.06306557 0.3279532 0.9195275 -0.2998874 0.3279532 0.7468664 -0.2571697 0.3279532 0.7825097 -0.02186025 0.2417109 0.9757378 -0.2577738 -0.2417109 0.9757378 -0.2745137 -0.2417109 1.005951 -0.1300688 0.2417109 1.005951 -0.06415686 -0.2893123 0.9598396 -0.3063078 -0.2914159 0.9700985 -0.2745137 -0.2893123 0.9976042 -0.09827464 -0.2417109 1.00531 -0.09686962 -0.2914159 0.9987064 -0.1300688 0.2914159 0.9700986 -0.2560886 0.2417109 1.00531 -0.02378245 0.2893124 0.9976042 -0.02367995 -0.3412514 0.9261883 -0.2745137 -0.3412514 0.7825097 -0.1300688 -0.3412514 0.9492025 -0.1300688 -0.3150357 0.9469261 -0.3063078 -0.3279532 0.9195275 -0.3077128 -0.3412514 0.7758626 -0.2745137 -0.3279532 0.7493106 -0.1300688 -0.3150357 0.7507155 -0.0982746 -0.3279532 0.9527266 -0.2745137 -0.3279532 0.7825097 -0.09686958 -0.3279532 0.9546391 -0.09686961 0.2417109 0.9092522 -0.3409992 -0.2417109 0.7687123 -0.3409992 -0.2417109 0.9092522 -0.3409992 0.2914159 0.769941 -0.3309148 0.2417109 0.7687123 -0.3409992 0.2417109 0.7424692 -0.330978 -0.2417109 0.7424692 -0.332117 -0.2914159 0.769941 -0.332117 0.2893124 0.7444592 -0.319772 -0.2893123 0.7335344 -0.09827459 -0.2893123 0.7507155 -0.08109333 -0.2417109 0.7160241 -0.1300688 -0.2417109 0.7249064 -0.09686957 -0.2914159 0.7249064 -0.1300688 0.2417109 0.7127945 -0.2602021 0.2417109 0.7160242 -0.06714666 0.2417109 0.7249064 -0.02549424 -0.2417109 0.7127945 -0.2745137 -0.2417109 0.7825097 -0.06358319 -0.2914159 0.7825097 -0.07246541 -0.2417109 0.7493106 -0.0724654 0.2417109 0.7493106 0.004079463 -0.2417109 0.9562615 -0.06358322 -0.2914159 0.9583838 -0.07246544 -0.3279532 0.7468664 -0.2745137 -0.2914159 0.7246111 -0.2745137 -0.2893123 0.9853599 -0.08109337 -0.3150357 0.9825844 -0.09827464 -0.2417109 0.9878627 -0.07246544 0.2417109 0.9878627 0.004295966 -0.3279532 0.9782108 -0.1300688 -0.2893123 0.7307775 -0.3063078 -0.3150357 0.7458731 -0.3063078 -0.2893123 0.7444592 -0.3234891 0.2417109 0.719698 -0.3017055 -0.2417109 0.719698 -0.3077128 -0.3279532 0.772838 -0.3077128 -0.2914159 0.9124952 -0.332117 -0.2417109 0.9651043 -0.3077129 -0.2893123 0.9426584 -0.3234891 -0.2417109 0.9407002 -0.332117 0.2417109 0.9407002 -0.3304838 0.2893124 0.7335344 -0.02524384 0.2893124 0.7507155 -0.004357488 0.2914159 0.7249064 -0.06494023 0.2914159 0.7246111 -0.2581067 0.2914159 0.7825097 0.006641799 0.3279532 0.9546392 -0.02188852 0.2914159 0.9583838 0.006641769 0.2417109 0.9562615 0.01552399 0.2417109 0.7825097 0.01552401 0.2914159 0.9987064 -0.06226253 0.3150357 0.9825845 -0.02302113 0.3279532 0.9782109 -0.06185906 0.2893124 0.9853599 -0.003759542 0.3279532 0.9527266 -0.2565015 0.2893124 0.7307775 -0.2985895 0.3150357 0.7458731 -0.2979961 0.2914159 0.9124952 -0.3311013 0.3279532 0.772838 -0.299839 0.2893124 0.9598396 -0.297383 0.3150357 0.9469261 -0.2975333 0.2417109 0.9651043 -0.3002219 0.2893124 0.9426584 -0.3194296 -0.09069536 0.584899 0.3494824 0.09069536 0.6069125 0.3403641 -0.09069536 0.6069125 0.3403641 -0.1086693 0.6028728 0.3363246 -0.1127088 0.584899 0.3403642 0.09069536 0.5050934 0.3494824 0.09069536 0.584899 0.3494824 0.09069536 0.4830799 0.3403642 0.1086693 0.4871195 0.3363246 -0.09069536 0.5050934 0.3494824 -0.09069536 0.4830799 0.3403642 0.1127088 0.584899 0.3403642 0.1086693 0.6028728 0.3363246 0.1127088 0.5050934 0.3403642 -0.1127088 0.5050934 0.3403642 -0.1086693 0.4871195 0.3363246 0.1218271 0.584899 0.3183507 0.1218271 0.5050934 0.2385452 0.1218271 0.584899 0.2385452 0.1218271 0.5050934 0.3183507 0.1127088 0.4830799 0.3183507 0.1127088 0.4830799 0.2385452 0.1127088 0.6069125 0.3183507 0.09069536 0.6160306 0.2385452 -0.09069536 0.6160306 0.2385452 -0.09069536 0.6160306 0.3183507 0.09069536 0.6160306 0.3183507 -0.1127088 0.6069125 0.3183507 -0.1218271 0.584899 0.2385452 -0.1218271 0.5050934 0.3183507 -0.1218271 0.584899 0.3183507 -0.1218271 0.5050934 0.2385452 -0.1127088 0.4830799 0.3183507 -0.09069536 0.4739617 0.3183507 0.09069536 0.4739617 0.3183507 -0.09069536 0.4739617 0.2385452 -0.1127088 0.4830799 0.2385452 -0.1127088 0.6069125 0.2385451 0.09069536 0.4739617 0.2385452 0.1127088 0.6069125 0.2385451 0.1385056 2.300502 0.5700381 0.1622397 2.242101 0.5630683 0.1401718 2.293549 0.5279204 -0.1392596 2.369327 0.346799 -0.1680277 2.216512 0.5971173 0.1347572 2.097934 0.6173151 0.1542939 2.119893 0.5932939 0.3025452 2.317561 0.567771 -0.08862406 2.353167 0.3755292 -0.09454842 2.381933 0.3554828 -0.1045773 2.354324 0.3455985 -0.1112047 2.356071 0.3376804 -0.2624908 2.174652 0.4832372 -0.09321582 2.384931 0.3335757 -0.1418183 2.362141 0.3385438 -0.1418183 2.362141 0.3385438 -0.1033548 2.3519 0.3370811 0.0565049 2.021343 0.7050944 -0.0346076 2.063472 0.6671364 0.02114678 2.005548 0.6890542 -0.1750885 2.059648 0.5938949 -0.1886562 2.052278 0.5872011 -0.2574659 2.15659 0.4889679 0.0541453 1.98281 0.6770391 -0.2012306 2.312531 0.3588508 -0.1713962 2.315067 0.3347862 0.1176168 2.367099 -0.01004092 0.1438349 2.440848 -0.2436572 0.1004923 2.375419 -0.07415285 0.1368164 2.412971 0.08439981 0.1221438 2.359387 0.01035492 0.1376193 2.419261 0.08737775 0.1458002 2.3569 -0.03185146 0.2589888 2.513944 0.08719953 -0.05417821 2.571082 -0.0001242666 -0.08234007 2.50567 0.3126304 0.05294343 2.386831 -0.145313 -0.03919028 2.378868 -0.1657363 -0.2274427 2.426432 -0.1697133 -0.3342251 2.523613 0.1014141 0.1342654 2.415251 0.09249093 -0.2274176 2.379267 0.3224545 -0.3594023 2.394394 0.03884819 -0.3189505 2.325701 -0.08508318 -0.3322167 2.436718 0.1435989 -0.05720058 2.37594 -0.1656161 -0.1875133 2.328212 -0.1715972 -0.5505067 2.414816 0.118953 -0.2613674 2.312733 -0.1211789 -0.2695038 2.302606 -0.1145345 -0.243344 2.328457 -0.1347997 0.5510155 1.416963 -0.5596448 0.4754273 1.371098 -0.2736516 0.4636179 1.349311 -0.3046838 0.4448661 1.318926 -0.3321621 0.4200892 1.281457 -0.3545955 0.5123129 1.566525 -0.3182285 0.5169858 1.467957 -0.2752149 0.3918204 1.645162 -0.6332234 0.5130464 1.628948 -0.4638807 0.3325844 1.664328 -0.7078853 0.3534939 1.643664 -0.6915262 0.5203825 1.629234 -0.4527208 0.5419231 1.585589 -0.3153075 0.7011255 1.586515 -0.2570501 0.5126781 1.434481 -0.2034204 0.596396 1.407203 -0.004205902 0.4901672 1.408956 -0.1796932 0.3906059 1.238886 -0.3708483 0.4796184 1.383078 -0.2406428 0.4800675 1.396083 -0.1764116 0.4885611 1.409277 -0.1669104 0.572015 1.408382 -0.003705523 0.4805395 1.409749 -0.1623161 0.3580673 1.19355 -0.380264 0.3374283 1.165694 -0.3815752 0.1863833 1.301371 -0.7225775 0.3243771 1.158461 -0.3827944 0.3068747 1.147407 -0.3824126 0.01266985 1.394979 -0.6075041 0.04158049 1.411428 -0.6484086 0.1351218 1.188645 -0.3838367 -0.04452251 1.257602 -0.4553795 0.2948374 1.683154 -0.729677 -0.04960514 1.249273 -0.3859305 -0.05242944 1.2415 -0.4066178 -0.0397943 1.25156 -0.4420308 -0.1345726 1.153215 -0.3826132 -0.256899 1.309523 -0.7279584 -0.05204925 1.416022 -0.6430699 0.006271171 1.413783 -0.6136951 -0.005986585 1.412213 -0.726988 0.05832183 1.437861 -0.6835787 -0.6319063 1.998214 -0.1416689 -0.6138245 2.062852 -0.09858215 -0.6182344 2.146136 -0.1123994 -0.615115 2.035855 -0.1006363 -0.6145105 2.035856 -0.09908187 -0.6525648 2.037959 -0.08453064 -0.6865637 1.777537 -0.2696568 -0.6631789 1.799188 -0.210762 -0.6614654 1.78343 -0.2054605 -0.5172764 2.06767 -0.4976691 -0.6297095 1.781021 -0.3207272 -0.650406 1.756014 -0.2365292 -0.6343937 1.754238 -0.2065208 -0.6786097 1.707726 -0.1684383 -0.7700716 1.758681 -0.1464596 -0.6617349 2.03811 -0.09967952 -0.6059342 2.092423 -0.07705332 -0.5615664 2.148825 -0.07360436 -0.2768825 2.291936 -0.2674879 -0.2746455 2.083308 -0.4517133 -0.3801034 1.806713 -0.5123207 -0.4155253 1.789815 -0.5119467 -0.5904441 1.775612 -0.3538765 -0.4170314 1.790238 -0.5107335 -0.2556534 2.231127 -0.160973 -0.2084476 2.234542 -0.2385001 -0.1744804 2.123395 -0.3844296 -0.1832866 2.124372 -0.4009331 -0.3475134 2.259728 -0.1920895 -0.3011382 2.26729 -0.1754833 -0.2994644 2.266591 -0.1763744 -0.2625211 1.183935 -0.3836741 -0.5354021 1.606356 -0.6431458 -0.2794457 1.673625 -0.7033644 -0.1683354 1.621287 -0.7337559 -0.1449102 1.52252 -0.7063048 -0.5266916 1.258383 -0.4157618 -0.1104317 1.168461 -0.3831397 -0.3586838 1.217051 -0.381072 -0.3904093 1.232018 -0.3706167 -0.3254723 1.204596 -0.3843876 -0.5445197 1.381923 -0.3535333 -0.5421106 1.394643 -0.3883079 -0.5236708 1.358098 -0.3395381 -0.4190929 1.24876 -0.3535433 -0.5536225 1.603198 -0.4635531 -0.3904182 1.771965 -0.5435007 -0.380747 1.692865 -0.6314194 -0.4624234 1.28566 -0.3001854 -0.4614355 1.284217 -0.3028304 -0.4746599 1.348772 -0.2730661 -0.6355021 1.367344 -0.1358012 -0.723631 1.538772 -0.3612827 -0.4755075 1.357144 -0.2683111 -0.5555129 1.615546 -0.4562805 -0.5126244 1.671526 -0.4634226 0.2990041 2.149663 -0.4986044 0.4380211 2.183027 -0.141544 0.3208334 2.056214 -0.4371662 0.2754275 2.12145 -0.4990417 0.2262694 2.162268 -0.495923 0.2246492 2.16332 -0.4951296 0.4432108 2.202334 -0.1269849 0.2185758 2.163602 -0.4956395 -0.1103954 2.220616 -0.4835123 -0.09509737 2.178841 -0.4856588 -0.2084476 2.234542 -0.2385001 -0.1348744 2.178663 -0.4505416 -0.264153 2.272056 -0.1349747 -0.2600262 2.288982 -0.1160749 -0.2556534 2.231127 -0.160973 -0.1744804 2.123395 -0.3844296 -0.1327042 2.181264 -0.4531611 0.4674819 2.176231 -0.1415605 0.4406045 2.207419 -0.1238253 0.5048039 1.922804 0.005935265 0.4383211 2.133974 -0.1402969 0.4400488 2.140357 -0.1403706 0.5505844 1.912783 0.05588397 0.5446932 1.896761 0.04396508 0.5716494 1.91899 0.1054681 0.6225622 1.913771 0.1191469 0.686445 1.891868 0.05948225 0.6198392 1.81804 -0.01385856 0.5299722 1.8885 0.03890906 0.5877459 2.294092 0.2147405 0.5718634 1.974879 0.1381417 0.5372996 2.133147 0.3258009 0.538428 2.135256 0.3218283 0.1368164 2.412971 0.08439981 0.1342654 2.415251 0.09249093 0.3965454 1.994566 -0.09664566 0.3889158 2.004376 -0.1062407 0.4169597 2.010879 -0.1877473 0.4073934 2.029657 -0.213112 0.3375096 2.029579 -0.3927755 0.1943643 2.126599 0.5868861 0.3708569 2.138297 0.5249846 0.4295942 2.128462 0.4502705 -0.04530704 2.404778 0.3220263 -0.3142874 2.41973 0.2114881 -0.3412021 2.232209 0.508027 -0.4777575 2.124498 0.4247789 -0.4020577 2.086342 0.4612423 -0.3295706 2.029432 0.4968852 -0.2574659 2.15659 0.4889679 -0.2265076 2.375651 0.3258158 -0.2624908 2.174652 0.4832372 -0.2012306 2.312531 0.3588508 -0.3475134 2.259728 -0.1920895 -0.6674204 2.035543 0.3528079 -0.6466377 1.963239 0.2666736 -0.6464923 1.962734 0.3090705 -0.6419972 1.947095 0.1462492 -0.6674204 2.035543 -0.07895506 -0.6610818 2.030838 -0.08151989 0.6675289 1.484341 0.2242022 0.5660101 1.486017 0.05649554 0.656798 1.562995 0.02187588 0.5499413 1.568929 0.3115149 0.483423 1.493245 0.2279803 0.7375147 1.664853 0.2544222 0.691774 1.629909 0.2736678 0.7527399 1.630234 0.01848089 0.7515606 1.687052 0.2144443 0.7404287 1.667078 0.2383186 0.5670798 1.534651 0.3642625 0.5998245 1.574896 0.3195091 0.7665745 1.687053 0.5092021 0.4866191 1.58579 0.3276618 0.4935131 1.592981 0.3356168 0.5360504 1.487916 0.08074215 0.483327 1.490466 0.08182408 0.5278413 1.488313 0.08091061 0.4806449 1.412801 -0.001830481 0.6990942 1.65616 -0.01214134 0.7118999 1.694969 0.01235741 0.6619154 1.571757 0.00952132 0.7023922 1.729746 0.01845982 0.7607634 1.710998 0.2191046 0.7583853 1.703431 0.2133729 0.6482112 1.907913 0.1301607 0.6160513 1.897696 -0.202447 0.570202 1.649787 -0.3317845 0.6077247 1.763503 -0.2599993 0.5999136 1.684877 -0.4553115 0.5999136 1.684877 -0.4553115 0.5810253 1.861162 -0.2428629 0.5779393 1.885151 -0.2171469 0.5517326 1.900807 -0.2011271 0.5027272 1.905877 -0.1113144 0.5130464 1.628948 -0.4638807 0.4191563 1.739073 -0.5446008 0.4138354 1.726993 -0.5415004 0.6077247 1.763503 -0.2599993 0.4030833 1.780001 -0.5676671 0.5079284 2.021337 -0.3962727 0.5779393 1.885151 -0.2171469 0.5810253 1.861162 -0.2428629 0.3750079 1.882694 -0.5496475 0.3582855 2.012683 -0.4103019 0.5517326 1.900807 -0.2011271 0.3359298 2.026038 -0.396636 0.4073934 2.029657 -0.213112 0.01259468 1.876067 -0.9144616 0.4135171 1.68231 -0.6856051 0.2948374 1.683154 -0.729677 -0.3954375 1.721441 -0.6690057 -0.2166234 2.18265 -0.5917935 0.1789599 1.53129 -0.7087437 0.2833398 2.158467 -0.6020535 0.3918204 1.645162 -0.6332234 0.3750079 1.882694 -0.5496475 0.3325844 1.664328 -0.7078853 0.3534939 1.643664 -0.6915262 -0.1683354 1.621287 -0.7337559 -0.2903411 2.02834 -0.5060349 -0.3326184 1.671562 -0.6783584 -0.09509737 2.178841 -0.4856588 0.2754275 2.12145 -0.4990417 0.3208334 2.056214 -0.4371662 -0.1348744 2.178663 -0.4505416 -0.6128004 1.577837 -0.03824322 -0.5673645 1.516262 -0.02744067 -0.5677304 1.520389 -0.02614054 -0.5603182 1.54278 -0.01198768 -0.5607622 1.576076 0.0003959358 -0.7126333 1.649472 -0.08629608 -0.4787467 1.357837 -0.2400436 -0.4788133 1.359765 -0.1390166 -0.5502716 1.456244 -0.03745511 -0.6568818 1.622529 -0.05447168 -0.5580445 1.544501 -0.009612593 -0.4845138 1.524832 0.03842175 -0.5155468 1.554224 0.02620612 -0.6903507 1.663819 -0.08409797 -0.6861852 1.692074 -0.1589487 -0.690348 1.687628 -0.1400992 -0.6799567 1.583389 0.0841035 -0.6903507 1.663819 -0.08409797 -0.6514442 1.747955 -0.2546419 -0.6384586 1.763412 -0.3082334 -0.7588262 1.871876 0.1347243 -0.5779126 1.784444 0.2379945 -0.6028148 1.810778 0.2177891 -0.6419972 1.947095 0.1462492 -0.6643248 2.024773 -0.07248558 -0.5515578 1.717316 0.232261 -0.4862125 1.574018 0.08012757 -0.5346358 1.70422 0.2187028 -0.6827266 1.669048 0.3866616 -0.6201766 1.87118 0.2540731 -0.5771209 1.797011 0.2330216 -0.6643248 2.024773 -0.07248558 -0.5222361 1.664775 0.6591628 -0.4719249 1.596964 0.4898726 -0.4537945 1.595969 0.5186955 -0.2582505 1.704858 0.6022364 -0.2823807 1.798952 0.6336776 -0.453774 1.595997 0.5187304 -0.3932124 1.949998 0.7011783 -0.6812377 1.924362 0.5733311 -0.3364598 1.667407 0.5785045 -0.2584107 1.70237 0.5983595 -0.3094374 1.924348 0.7173177 -0.314886 1.883185 0.6382441 -0.314886 1.883185 0.6382441 -0.6527176 1.957334 0.2600763 -0.486385 1.579013 0.3950608 -0.4866465 1.586586 0.4236079 -0.524666 2.095347 0.4058905 -0.6128068 1.995004 0.3749072 -0.484953 2.134203 0.4522113 -0.6464923 1.962734 0.3090705 -0.2577114 2.028506 0.4711504 -0.2793546 1.96604 0.5719813 -0.4777575 2.124498 0.4247789 -0.264083 2.009446 0.476479 -0.2752081 2.014987 0.4765696 -0.2640751 2.008073 0.4716358 -0.6452654 1.958465 0.2584693 0.114737 1.743092 0.6780294 -0.05944001 1.828525 0.8550442 0.08118757 1.642293 0.6698834 0.1045576 1.689117 0.6025194 0.1045576 1.689117 0.6025194 0.1367232 1.629793 0.5772056 0.07913832 1.865469 0.7565162 0.06705515 1.882934 0.7532353 0.07293758 1.842905 0.7530914 -0.0760231 2.073389 0.7307532 -0.2169689 1.647693 0.6898039 0.1055344 1.687697 0.5891579 0.3216764 2.027998 0.8331832 0.01875186 1.631392 0.5772607 -0.1618531 1.633171 0.5773221 0.1048518 1.690838 0.5793137 0.08851367 1.94492 0.7158849 -0.0346076 2.063472 0.6671364 -0.1750885 2.059648 0.5938949 0.02114678 2.005548 0.6890542 0.1573511 2.139585 0.6258632 0.07681985 1.959468 0.6972649 -0.2570442 2.060575 0.4800757 -0.2793546 1.96604 0.5719813 -0.1886562 2.052278 0.5872011 -0.237644 2.060742 0.5094432 -0.25441 2.060929 0.4802718 -0.264083 2.009446 0.476479 0.4548952 1.596276 0.5598694 0.3689331 1.608378 0.5726398 0.4009302 1.601331 0.5611381 0.5793364 1.854001 0.7251021 0.2983202 1.71053 0.8279045 0.498726 1.687053 0.5962329 0.502825 2.1393 0.5587631 0.335162 1.61274 0.5766165 0.5267489 1.745089 0.5987819 0.4948719 1.67907 0.5864992 0.4839771 1.656507 0.5212544 0.4549749 1.63334 0.5198674 0.4668543 1.658912 0.5030453 0.4736856 1.649447 0.491368 0.6448915 1.936542 0.5974502 0.5797014 1.854661 0.593695 0.5797014 1.854661 0.593695 0.4028982 1.600689 0.5598763 0.4299322 1.604818 0.5431245 0.4395934 1.607635 0.5336401 0.560431 1.940858 0.5672799 0.5450409 2.022098 0.467887 0.4295942 2.128462 0.4502705 0.3708569 2.138297 0.5249846 0.4816282 2.052821 0.4165662 0.1630886 2.095931 0.5859195 0.1347572 2.097934 0.6173151 0.1943643 2.126599 0.5868861 0.8149642 1.938713 0.3622709 0.7665745 1.687052 0.2193227 0.4842519 1.628166 0.4585179 0.4874811 1.610752 0.4241816 0.4865713 1.584408 0.3642625 0.4870497 1.598262 0.3327515 0.7419932 1.770041 0.2121845 0.6483524 1.960528 0.1191232 0.5592166 2.146221 0.3396755 0.6993047 1.83414 0.1654756 0.5450409 2.022098 0.467887 0.5718634 1.974879 0.1381417 0.538428 2.135256 0.3218283 0.4805886 2.052128 0.4146642 0.560431 1.940858 0.5672799 0.5372996 2.133147 0.3258009 0.0541453 1.98281 0.6770391 0.09947981 2.012906 0.6630475 0.08202738 1.973649 0.6465392 0.3965454 1.994566 -0.09664566 0.3860496 1.913363 -0.06090723 0.4169597 2.010879 -0.1877473 0.3889158 2.004376 -0.1062407 0.5616949 1.922123 0.1377349 -0.524666 2.095347 0.4058905 -0.6128068 1.995004 0.3749072 -0.2631817 2.013905 0.4718296 -0.2640751 2.008073 0.4716358 -0.6399828 1.940087 0.2523058 -0.2631817 2.013905 0.4718296 -0.2577114 2.028506 0.4711504 -0.2640751 2.008073 0.4716358 -0.4902861 1.691972 0.206922 0.3860496 1.913363 -0.06090723 0.4805886 2.052128 0.4146642 -0.1327042 2.181264 -0.4531611 -0.5219639 1.729205 -0.4016529 -0.4825106 1.71762 -0.4332912 -0.5126244 1.671526 -0.4634226 -0.4876991 1.713798 -0.4171515 -0.4876991 1.713798 -0.4171515 -0.264153 2.272056 -0.1349747 0.4138354 1.726993 -0.5415004 -0.1713962 2.315067 0.3347862 -0.2555196 2.058469 0.4779059 -0.25441 2.060929 0.4802718 -0.237644 2.060742 0.5094432 0.09947981 2.012906 0.6630475 0.08202738 1.973649 0.6465392 0.1630886 2.095931 0.5859195 0.08202738 1.973649 0.6465392 0.1166723 1.651715 0.5779626 0.1055344 1.687697 0.5891579 0.1048518 1.690838 0.5793137 -0.4850194 1.539471 0.04363188 -0.4861789 1.573045 0.02913979 -0.2427207 1.694975 0.5794565 -0.3701546 1.655026 0.5742409 -0.4019864 1.638397 0.5623817 -0.4303453 1.618381 0.5435608 -0.4830719 1.593783 0.4576176 -0.4431801 1.266457 -0.3305657 -0.4861789 1.573045 0.02913979 -0.2772337 1.319521 0.5935173 -0.2870574 1.321017 0.5912273 -0.2792897 1.319295 0.5912273 -0.2711902 1.318714 0.5912273 -0.1825417 1.31898 0.5929498 -0.2771599 1.321224 0.5957695 -0.2874403 1.321828 0.593672 -0.277291 1.319006 0.5653055 -0.2870653 1.321017 0.5653055 -0.2942025 1.323813 0.5653055 -0.2871111 1.324396 0.5965863 -0.1762158 1.324234 0.5979585 -0.2770952 1.323922 0.5977885 -0.2941009 1.324106 0.5929398 -0.2771174 1.32748 0.5995354 -0.2946806 1.327792 0.5965537 -0.2999462 1.327568 0.5928985 -0.3003307 1.330889 0.5958764 -0.2938512 1.332282 0.5988255 -0.3035317 1.336028 0.5967371 -0.286642 1.330668 0.5997153 -0.3049778 1.332028 0.592836 -0.3004247 1.327575 0.5653055 -0.2907391 1.34442 0.6017052 -0.2957048 1.500124 0.5995353 -0.2997304 1.344501 0.59968 -0.2959894 1.33761 0.5997226 -0.2870665 1.337255 0.6012687 -0.276835 1.334177 0.6016708 -0.3091782 1.33739 0.5912273 -0.3104763 1.342808 0.5936412 -0.3114001 1.343065 0.5912273 -0.3092052 1.33739 0.5653055 -0.3054905 1.332159 0.5653055 -0.3080911 1.337087 0.593645 -0.3084494 1.344402 0.5959472 -0.3116874 1.349126 0.5929498 -0.311894 1.344648 0.5653055 -0.3037218 1.500109 0.5957694 -0.3046525 1.344484 0.5979584 -0.2738242 1.510261 0.6017052 -0.2736093 1.516862 0.5996799 -0.2847209 1.513624 0.5994857 -0.2830232 1.507485 0.6012687 -0.1797894 1.500424 0.6030329 -0.1798395 1.510753 0.601597 -0.2744327 1.500265 0.6030031 -0.2914469 1.507106 0.5997152 -0.2874037 1.500184 0.601597 -0.2926792 1.511815 0.5979626 -0.2994536 1.507391 0.5965863 -0.2770727 1.344484 0.6030296 -0.2825296 1.523696 0.5912273 -0.2829292 1.522893 0.5936449 -0.2756316 1.524734 0.5936412 -0.2752952 1.525417 0.5912273 -0.2892348 1.5209 0.5653054 -0.2888783 1.520823 0.5928186 -0.2736323 1.523269 0.5959471 -0.2676007 1.525732 0.5929497 -0.2825331 1.523696 0.5653054 -0.2827044 1.520317 0.5965802 -0.2909298 1.517121 0.5958764 -0.1801476 1.523489 0.5957694 -0.1856625 1.525832 0.5926379 -0.2735719 1.520478 0.5979584 -0.294709 1.517153 0.592899 -0.2896481 1.515307 0.5974582 -0.3059028 1.500151 0.5935173 -0.3061458 1.501647 0.5912273 -0.3070764 1.495745 0.5912273 -0.3037745 1.507323 0.5912273 -0.30273 1.507609 0.593672 -0.3037786 1.507323 0.5653054 -0.3065668 1.500188 0.5653055 -0.3000639 1.512553 0.5653054 -0.3002649 1.500081 0.5977884 -0.3000603 1.512553 0.5912273 -0.2986369 1.512516 0.5943745 -0.295153 1.517138 0.5653054 -0.166341 1.321356 0.5929599 -0.1738766 1.319979 0.5936413 -0.174223 1.319295 0.5912273 -0.1664497 1.321017 0.5653055 -0.1597062 1.32389 0.5928187 -0.1760761 1.321444 0.5959472 -0.1646368 1.32518 0.5967371 -0.1768944 1.318909 0.5653055 -0.1593136 1.323813 0.5653055 -0.1576365 1.327591 0.5958764 -0.1596099 1.332318 0.5988254 -0.1668722 1.33069 0.5997228 -0.1535785 1.32756 0.592899 -0.1530924 1.327575 0.5653055 -0.1485479 1.332015 0.5928384 -0.1534681 1.33176 0.5965537 -0.1762893 1.329576 0.6003767 -0.1574902 1.337607 0.5997152 -0.1424508 1.344561 0.5935173 -0.1443339 1.33739 0.5912273 -0.1421116 1.343065 0.5912273 -0.1414585 1.348967 0.5912273 -0.1454313 1.337104 0.593672 -0.1467757 1.495587 0.5929498 -0.1443139 1.33739 0.5653055 -0.1447656 1.344603 0.5957695 -0.1489339 1.337322 0.5965863 -0.1484349 1.344632 0.5977885 -0.1500817 1.500311 0.5959471 -0.1536543 1.500229 0.5979585 -0.1532758 1.344589 0.5995354 -0.1480277 1.332159 0.5653055 -0.1761432 1.344243 0.6030079 -0.1721655 1.336834 0.6019286 -0.1620998 1.344528 0.6015971 -0.1801405 1.52079 0.5977884 -0.1781868 1.525118 0.5929853 -0.1708397 1.520316 0.5965863 -0.1706118 1.522885 0.593672 -0.1709903 1.523696 0.5912273 -0.2732851 1.525786 0.5653054 -0.1797009 1.525687 0.5653054 -0.1640964 1.52053 0.5928383 -0.1800271 1.517232 0.5995353 -0.1636923 1.516921 0.5965536 -0.1710775 1.514044 0.5997152 -0.1675109 1.522501 0.5653054 -0.1643014 1.512431 0.5988254 -0.1550991 1.508684 0.5967371 -0.1583411 1.516792 0.592899 -0.1583087 1.513823 0.5958764 -0.1534645 1.512553 0.5653054 -0.1583748 1.517138 0.5653054 -0.1535483 1.512274 0.5928186 -0.1667439 1.500292 0.6017053 -0.1620954 1.507102 0.5997226 -0.1704569 1.507457 0.6012687 -0.1582865 1.500212 0.5996799 -0.1497427 1.507323 0.5912273 -0.1507771 1.507626 0.593645 -0.1482537 1.501904 0.5936412 -0.1473705 1.501647 0.5912273 -0.1497499 1.507323 0.5653054 -0.1468565 1.500064 0.5653055 -0.1417303 1.344524 0.5653055 0.2772337 1.319521 0.5935173 0.2870574 1.321017 0.5912273 0.2874403 1.321828 0.593672 0.2711902 1.318714 0.5912273 0.2792897 1.319295 0.5912273 0.277291 1.319006 0.5653055 0.1768944 1.318909 0.5653055 0.1825417 1.31898 0.5929498 0.2870653 1.321017 0.5653055 0.2942025 1.323813 0.5653055 0.294101 1.324106 0.5929398 0.2771599 1.321224 0.5957695 0.2871112 1.324396 0.5965863 0.1760762 1.321444 0.5959472 0.1762158 1.324234 0.5979585 0.2770952 1.323922 0.5977885 0.2946807 1.327792 0.5965537 0.2771174 1.32748 0.5995354 0.2999462 1.327568 0.5928985 0.3003307 1.330889 0.5958764 0.3035317 1.336028 0.5967371 0.2938512 1.332282 0.5988255 0.3049778 1.332028 0.592836 0.3004247 1.327575 0.5653055 0.2907391 1.34442 0.6017052 0.2957048 1.500124 0.5995353 0.2874037 1.500184 0.601597 0.2870665 1.337255 0.6012687 0.2959894 1.33761 0.5997226 0.2770727 1.344484 0.6030296 0.2997304 1.344501 0.59968 0.276835 1.334177 0.6016708 0.286642 1.330668 0.5997153 0.1762892 1.329576 0.6003767 0.3091782 1.33739 0.5912273 0.3104764 1.342808 0.5936412 0.3080911 1.337087 0.593645 0.3114001 1.343065 0.5912273 0.3116874 1.349126 0.5929498 0.311894 1.344648 0.5653055 0.3092052 1.33739 0.5653055 0.3084494 1.344402 0.5959472 0.3054905 1.332159 0.5653055 0.3046525 1.344484 0.5979584 0.3037219 1.500109 0.5957694 0.300265 1.500081 0.5977884 0.2738242 1.510261 0.6017052 0.1798395 1.510753 0.601597 0.1797894 1.500424 0.6030329 0.2744327 1.500265 0.6030031 0.2830232 1.507485 0.6012687 0.2847209 1.513624 0.5994857 0.2736093 1.516862 0.5996799 0.2914469 1.507106 0.5997152 0.2926792 1.511815 0.5979626 0.2994537 1.507391 0.5965863 0.2825296 1.523696 0.5912273 0.2752952 1.525417 0.5912273 0.2756316 1.524734 0.5936412 0.2829292 1.522893 0.5936449 0.2892348 1.5209 0.5653054 0.2825331 1.523696 0.5653054 0.2676007 1.525732 0.5929497 0.2732851 1.525786 0.5653054 0.2736323 1.523269 0.5959471 0.2888783 1.520823 0.5928186 0.2827044 1.520317 0.5965802 0.2909298 1.517121 0.5958764 0.2735719 1.520478 0.5979584 0.294709 1.517153 0.592899 0.2896482 1.515307 0.5974582 0.1801477 1.523489 0.5957694 0.1801405 1.52079 0.5977884 0.3059028 1.500151 0.5935173 0.3070764 1.495745 0.5912273 0.3037745 1.507323 0.5912273 0.30273 1.507609 0.593672 0.3061458 1.501647 0.5912273 0.3065668 1.500188 0.5653055 0.3000603 1.512553 0.5912273 0.2986369 1.512516 0.5943745 0.166341 1.321356 0.5929599 0.1664497 1.321017 0.5653055 0.174223 1.319295 0.5912273 0.1738767 1.319979 0.5936413 0.1646368 1.32518 0.5967371 0.1597063 1.32389 0.5928187 0.1576366 1.327591 0.5958764 0.1593137 1.323813 0.5653055 0.1668722 1.33069 0.5997228 0.1596099 1.332318 0.5988254 0.1535786 1.32756 0.592899 0.1530925 1.327575 0.5653055 0.1534682 1.33176 0.5965537 0.1574902 1.337607 0.5997152 0.1485479 1.332015 0.5928384 0.1424509 1.344561 0.5935173 0.1421116 1.343065 0.5912273 0.1443339 1.33739 0.5912273 0.1454314 1.337104 0.593672 0.1414585 1.348967 0.5912273 0.1467757 1.495587 0.5929498 0.1468565 1.500064 0.5653055 0.1417303 1.344524 0.5653055 0.1443139 1.33739 0.5653055 0.1480277 1.332159 0.5653055 0.1447656 1.344603 0.5957695 0.1500817 1.500311 0.5959471 0.1489339 1.337322 0.5965863 0.148435 1.344632 0.5977885 0.1536544 1.500229 0.5979585 0.1532758 1.344589 0.5995354 0.1761432 1.344243 0.6030079 0.1667439 1.500292 0.6017053 0.1620998 1.344528 0.6015971 0.1721655 1.336834 0.6019286 0.1582865 1.500212 0.5996799 0.1856625 1.525832 0.5926379 0.1781868 1.525118 0.5929853 0.1706118 1.522885 0.593672 0.1708398 1.520316 0.5965863 0.1797009 1.525687 0.5653054 0.1709904 1.523696 0.5912273 0.1640964 1.52053 0.5928383 0.1800271 1.517232 0.5995353 0.1636923 1.516921 0.5965536 0.1710775 1.514044 0.5997152 0.1675109 1.522501 0.5653054 0.1583748 1.517138 0.5653054 0.1550992 1.508684 0.5967371 0.1643014 1.512431 0.5988254 0.1583411 1.516792 0.592899 0.1583087 1.513823 0.5958764 0.1534645 1.512553 0.5653054 0.1535483 1.512274 0.5928186 0.1620954 1.507102 0.5997226 0.170457 1.507457 0.6012687 0.1497428 1.507323 0.5912273 0.1473706 1.501647 0.5912273 0.1482537 1.501904 0.5936412 0.1497499 1.507323 0.5653054 0.1507771 1.507626 0.593645 0.2951531 1.517138 0.5653054 0.3000639 1.512553 0.5653054 0.3037786 1.507323 0.5653054</float_array>
          <technique_common>
            <accessor count="2790" source="#verts-array-array" stride="3">
              <param type="float" name="X" />
              <param type="float" name="Y" />
              <param type="float" name="Z" />
            </accessor>
          </technique_common>
        </source>
        <source id="normals-array">
          <float_array count="8370" id="normals-array-array">0.9993785 -0.03525044 2.489663e-07 0.9962355 -0.0701237 -0.05096594 0.9979085 -0.04017869 -0.05063933 0.9962732 -0.07249784 0.04673119 0.9987304 0.00101559 -0.05036506 0.9988454 0.007793514 0.04740364 0.9982812 -0.03455984 0.0473323 0.9849766 -0.1655831 0.04902296 0.9858091 -0.1603443 -0.04970002 0.967107 -0.1608906 -0.1970234 0.9763278 -0.07566761 -0.202629 0.9981447 -0.03868381 0.04701924 0.9652676 -0.1793125 0.1900146 0.980525 -0.08576852 0.1766762 0.985288 -0.04081082 0.1659577 0.9843091 -0.04770555 0.1698816 -0.9993762 -0.03531419 0.0003075234 -0.9963034 -0.07356827 0.04435453 -0.9983682 -0.03885156 0.04184999 -0.9987251 0.001089961 -0.05046848 -0.9978919 -0.04020863 -0.05094204 -0.996222 -0.07022608 -0.05108927 -0.9853031 -0.0489631 0.1636473 -0.9651269 -0.1801937 0.1898954 -0.9778978 -0.08966027 0.1888835 -0.9984432 -0.03684469 0.04187549 -0.9672414 -0.1604443 -0.1967273 -0.9858083 -0.1603441 -0.04971635 -0.9849639 -0.1656842 0.04893723 -0.9763278 -0.07566758 -0.202629 0.04647807 -0.07565388 -0.9960503 -0.04635149 -0.1068023 -0.9931993 -0.04647806 -0.0756539 -0.9960503 0.1868647 -0.1100453 -0.9762027 0.04635159 -0.1068023 -0.9931993 -0.04794808 -0.05604989 -0.997276 -0.1891075 -0.06404927 -0.9798653 0.04794836 -0.05605019 -0.997276 -0.1868647 -0.1100453 -0.9762026 0.03070323 0.06337291 -0.9975175 0.1891069 -0.06404914 -0.9798654 -0.05420973 -0.9761006 0.2104496 -0.2131165 -0.975528 0.05409743 -0.054776 -0.9970287 0.05416064 -0.05365371 -0.9968535 -0.05834735 -0.21496 -0.9528828 0.2140248 0.05365317 -0.9968535 -0.05834696 0.05477592 -0.9970287 0.0541609 -0.05215638 -0.9141028 0.402114 -0.2083735 -0.8908815 0.4036218 -0.4058768 -0.9124353 0.05221012 -0.3642554 -0.7668076 0.5285112 -0.3889134 -0.8367916 0.385391 -0.4069775 -0.8896699 0.207019 -0.05001021 -0.8222072 0.5669871 -0.1986179 -0.8060053 0.5575898 0.05296192 -0.9141305 0.4019459 0.05041674 -0.8223131 0.5667974 -0.3502118 -0.6820592 0.6419868 -0.04931027 -0.7094124 0.7030666 -0.1896664 -0.7052411 0.6831263 -0.2111414 -0.9756679 -0.05908826 -0.574975 -0.8164681 -0.05276076 -0.4070038 -0.911663 -0.05673219 -0.5713417 -0.8192128 0.04958907 -0.5338654 -0.7652258 0.3597461 -0.5630052 -0.8028423 0.1961361 -0.4967369 -0.7158774 0.4906853 -0.4698519 -0.6504923 0.5967403 -0.7096149 -0.7026843 -0.05178307 -0.7072174 -0.705341 0.048348 -0.6480833 -0.6792191 0.3444553 -0.6887095 -0.7006934 0.1863009 -0.6033859 -0.6492789 0.4629927 -0.5599504 -0.617229 0.5527059 -0.4858308 -0.5617396 0.6696394 -0.8160335 -0.5758135 -0.0502796 -0.194848 -0.1865708 0.9629255 -0.3785398 -0.3288335 0.8652029 -0.1979269 -0.3192482 0.9267716 -0.05714814 -0.4103233 0.9101477 -0.1753434 -0.4017535 0.8988041 -0.05026364 -0.1733527 0.9835763 -0.36796 -0.4655085 0.8049269 -0.1940503 -0.4630839 0.8648108 -0.05168197 -0.3022364 0.9518309 0.05137241 -0.4464201 0.8933476 0.0512837 -0.3019967 0.9519286 -0.05187274 -0.4465283 0.8932646 -0.3779547 -0.198478 0.904299 -0.5356345 -0.3314641 0.776677 -0.3782615 -0.3584046 0.8535013 -0.5135293 -0.4585919 0.7252456 -0.5468198 -0.2037268 0.8120859 -0.6711859 -0.3310016 0.6632854 -0.5948626 -0.2558469 0.7620242 -0.6341292 -0.4534716 0.6262936 -0.6972589 -0.2034537 0.6873403 -0.8358087 -0.1333679 0.5325757 -0.8197275 -0.2005871 0.5364808 -0.720069 -0.1778403 0.670726 -0.3545302 -0.5825343 0.7314111 -0.1894625 -0.5914364 0.7837774 -0.05061286 -0.5826159 0.8111702 -0.5959951 -0.5464465 0.5883759 -0.7829136 -0.3305064 0.5270785 -0.6763937 -0.5603479 0.4780187 -0.7318713 -0.4575889 0.5049523 -0.9287039 -0.3174519 0.1916593 -0.8693321 -0.3275022 0.3701404 -0.9530227 -0.2987342 0.05005525 -0.8679791 -0.4594508 0.1884602 -0.8098571 -0.4633289 0.3598024 -0.9545937 -0.2936258 -0.05034703 -0.8955117 -0.4421958 0.05021743 -0.7883828 -0.5866621 0.1851491 -0.7370527 -0.5796586 0.34749 -0.8975969 -0.4379699 -0.05002097 -0.8144415 -0.5781575 0.04918212 -0.9086122 -0.1934605 0.3701308 -0.9216556 -0.1093306 0.3722871 -0.0415911 0.1116172 0.9928806 -0.1722562 0.1722555 0.9698741 -0.01145351 0.1645146 0.9863082 -0.6894719 0.1443803 0.7097766 -0.4230293 0.1985517 0.8840947 -0.2052669 0.1394002 0.9687276 -0.1231198 0.2258678 0.9663463 0.1453419 0.2269719 0.9629951 -1.261929e-05 0.3480611 0.9374719 -0.3949972 0.1392527 0.9080671 -0.05125047 0.311864 0.9487435 -0.2087007 0.3168681 0.9252235 0.0503602 0.1026673 0.9934401 0.05203268 0.3117222 0.9487475 -0.05244787 0.4847858 0.873059 -0.2077562 0.4808766 0.8518187 -0.3878481 0.4556016 0.8012496 -0.3971245 0.3041983 0.8658842 -0.3985417 0.1341573 0.9072852 -0.2076922 0.6292383 0.748948 -0.387788 0.58927 0.7087887 -0.05463658 0.6460789 0.7613126 -0.8274677 0.07004716 0.5571271 -0.5547566 0.2842306 0.7819578 -0.5663311 0.1255192 0.8145637 -0.5694309 0.09236049 0.8168341 -0.5329497 0.4210792 0.7339325 -0.5216919 0.5435619 0.6575545 -0.5519533 0.6303811 0.5458637 -0.7057266 0.1201676 0.698219 -0.7173009 0.05227039 0.6948001 -0.8857765 0.02904783 0.4632022 -0.6839183 0.2742363 0.6760549 -0.6523051 0.3979443 0.6450879 -0.6149896 0.5019355 0.6081518 -0.6635643 0.5425444 0.5151 -0.821205 0.125395 0.5566853 -0.8374044 0.02567627 0.5459804 -0.9206586 -0.003482677 0.3903531 -0.7398838 0.4196729 0.525782 -0.1308524 0.9829528 0.1291568 -0.3902758 0.9192875 0.05094418 -0.4189991 0.8815132 0.2176563 -0.2219841 0.8823269 0.4149968 -0.05226051 0.9207152 0.3867201 -0.6143152 0.7599696 0.2122803 -0.6184146 0.7835256 -0.0604239 -0.6151413 0.7863827 0.05659922 -0.1244597 0.9823131 -0.1398954 -0.3907884 0.9186262 -0.05839906 -0.590061 0.7018165 0.399101 -0.4294856 0.7975262 0.4236675 -0.7673877 0.6387839 -0.05541927 -0.7649178 0.6418864 0.05369047 -0.7521918 0.626576 0.2039854 -0.8779449 0.4758115 -0.05306768 -0.8753743 0.4806552 0.05186841 -0.8541694 0.4780577 0.2045859 -0.4047114 0.7027729 0.5850803 -0.2162315 0.7616712 0.6108199 -0.05793801 0.7896376 0.610832 -0.7135619 0.5870345 0.3823872 -0.8053911 0.4529783 0.3823032 -0.9894921 0.1355516 0.0503112 -0.9988378 0.00854088 0.04743615 -0.9816661 0.01045259 0.1903216 -0.9696952 0.1367054 0.2024915 -0.9985218 -0.03272136 0.04339928 -0.9849292 -0.0299231 0.1703498 -0.9265874 0.01431277 0.3758069 -0.9104193 0.1319358 0.3920838 -0.9497917 0.3087086 0.05093781 -0.9522985 -0.02260451 0.3043299 -0.927014 0.3133651 0.2060278 -0.9901463 0.1300972 -0.05181634 -0.8695603 0.3011432 0.3913793 -0.7880015 0.2825829 0.5469923 -0.951228 0.3040092 -0.05237983 -0.05009716 -0.972307 -0.2282746 0.04254084 -0.8995686 -0.434703 0.04955913 -0.9724194 -0.227913 -0.2090903 -0.9499378 -0.2321626 -0.04337772 -0.8996138 -0.4345267 -0.4102782 -0.8838879 -0.2245305 -0.1928014 -0.8784053 -0.4373006 -0.5495943 -0.7422195 -0.3834792 -0.3926312 -0.8200391 -0.4163852 -0.5737306 -0.7923792 -0.2072882 -0.6969275 -0.6896939 -0.1965054 -0.6623562 -0.6540369 -0.3654039 -0.7946583 -0.5741135 -0.1972611 -0.03593504 -0.7928567 -0.6083477 -0.1744038 -0.7773217 -0.6044455 -0.5136395 -0.6797941 -0.5235021 -0.3642483 -0.7339904 -0.57322 -0.6196531 -0.6122593 -0.4910892 -0.03027386 -0.6642313 -0.7469138 -0.3499389 -0.6351235 -0.6885934 -0.1619118 -0.6621721 -0.7316507 -0.4860391 -0.6011785 -0.634311 -0.5759496 -0.5703626 -0.5856351 -0.6905782 -0.5182991 -0.504448 -0.9325917 -0.2984736 -0.2029438 -0.9092567 -0.1577311 -0.3851924 -0.8743234 -0.2911344 -0.3883289 -0.8198255 -0.4294622 -0.3787457 -0.8739482 -0.4417515 -0.2026579 -0.914958 -0.08072375 -0.3953928 -0.7894692 -0.2769138 -0.5477748 -0.743167 -0.4090868 -0.5294816 -0.8191103 -0.151084 -0.5533823 -0.6776138 -0.2628814 -0.6868282 -0.8180539 -0.08279728 -0.5691506 -0.6456302 -0.3926495 -0.6549718 -0.6953806 -0.1388336 -0.7051036 -0.6909734 -0.08221681 -0.7181895 -0.5397249 -0.07890702 -0.8381353 -0.5454347 -0.1260463 -0.8286213 -0.7495469 -0.5506688 -0.3673463 -0.6105106 -0.4929347 -0.619913 -0.5418781 -0.2511733 -0.8020474 -0.5244729 -0.3878972 -0.757934 -0.500013 -0.5008565 -0.7064911 -0.1994998 -0.09422476 -0.9753571 -0.04961585 -0.0874269 -0.9949346 -0.1900397 -0.2285358 -0.9548069 -0.3841406 -0.2395541 -0.8916557 -0.0359665 -0.223143 -0.974122 0.0496572 -0.08747979 -0.9949279 -0.173469 -0.3866025 -0.9057853 -0.3751891 -0.3877541 -0.8419501 0.03668421 -0.2233696 -0.9740433 0.02945192 -0.3755332 -0.9263409 -0.02869121 -0.3754393 -0.9264028 -0.1614261 -0.5316264 -0.8314535 -0.3590007 -0.5190707 -0.775683 0.02814119 -0.5231146 -0.8517976 -0.02767829 -0.523207 -0.8517561 0.03033034 -0.6641462 -0.7469872 -0.3794983 -0.1117735 -0.9184159 -0.3703978 -0.07268019 -0.9260254 -0.03599352 0.9092505 -0.4146902 -0.1928523 0.8739217 -0.4461714 -0.4161735 0.8767401 -0.2410944 0.124724 0.9823161 -0.1396386 0.03647526 0.9092985 -0.4145429 0.1305991 0.9829528 0.1294128 -0.3870054 0.6725331 -0.6308138 -0.4172761 0.7819592 -0.4630555 -0.03054784 0.7590862 -0.650273 -0.1732964 0.7365271 -0.6538319 0.02319922 0.6001413 -0.7995575 -0.02326764 0.6000337 -0.7996362 0.0310022 0.7592123 -0.6501042 -0.1529436 0.5890923 -0.7934598 -0.0173305 0.4267314 -0.9042123 -0.1522181 0.4261107 -0.8917731 -0.6027658 0.6736848 -0.4275771 -0.6250132 0.7465981 -0.2279252 -0.5630969 0.5870053 -0.5816757 -0.3692824 0.5390419 -0.7570102 -0.3767906 0.3835479 -0.8431607 -0.7622964 0.6100623 -0.2161672 -0.7279588 0.5542103 -0.4036421 -0.5315282 0.4835346 -0.6954654 -0.5395878 0.3467457 -0.7672108 -0.6774528 0.4958364 -0.5433268 -0.8623315 0.4593368 -0.2130589 -0.6264393 0.4441987 -0.6405164 -0.8151865 0.418079 -0.4008503 -0.7496294 0.3682198 -0.5499727 -0.03159821 0.06387756 -0.9974574 -0.182581 -0.09189413 -0.9788869 -0.1748743 0.04404406 -0.9836051 -0.3698544 -0.110598 -0.9224835 -0.01772523 0.2428768 -0.9698952 -0.3729839 -0.09709549 -0.9227435 -0.3902604 0.03693331 -0.9199634 -0.5404259 -0.1069001 -0.8345731 -0.5454161 -0.09087089 -0.8332249 -0.5572205 0.03850922 -0.8294711 -0.1642589 0.2363198 -0.957691 -0.692576 -0.09902264 -0.7145159 -0.6989922 0.04636328 -0.7136248 -0.6852975 0.203177 -0.6993472 -0.6979932 -0.07908452 -0.711724 -0.8168592 0.06543959 -0.5731132 0.01653562 0.243066 -0.9698688 -0.3921769 0.2122451 -0.8950694 -0.5552014 0.2008872 -0.8070909 -0.6600583 0.3326855 -0.6735305 -0.7910996 0.2275122 -0.5678024 0.01678696 0.4269677 -0.904111 -0.9797523 -0.01708195 -0.1994835 -0.9167315 -0.0724051 -0.3928878 -0.9780017 -0.0546975 -0.201298 -0.9710342 0.1171304 -0.2082619 -0.9203363 -0.04089494 -0.3889842 -0.9323322 0.2930159 -0.2118923 -0.9106141 0.09121707 -0.403065 -0.8754503 0.2623363 -0.4059143 -0.8197982 -0.0873738 -0.5659477 -0.8246707 -0.06232079 -0.5621694 0.05477176 -0.9759906 0.2108135 0.2127573 -0.975637 0.05354154 0.2164837 -0.9528764 0.2125122 0.2115354 -0.9755455 -0.05969755 0.4060441 -0.9124062 0.05141126 0.407069 -0.8901247 0.2048726 0.4068423 -0.9116801 -0.057608 0.5748437 -0.8165305 -0.05322217 0.5715281 -0.819107 0.04918763 0.5635937 -0.8028938 0.1942261 0.2097601 -0.8909184 0.4028215 0.7094822 -0.702817 -0.05180094 0.7072922 -0.7052629 0.04839318 0.6878077 -0.7015752 0.186314 0.3886492 -0.8368206 0.3855946 0.6476539 -0.6796035 0.3445049 0.5347804 -0.7644919 0.3599474 0.6033062 -0.6493516 0.4629948 0.1991745 -0.8054723 0.5581612 0.04926448 -0.7094911 0.7029903 0.3649323 -0.7666223 0.5283131 0.4969309 -0.7158772 0.4904891 0.5599478 -0.6172315 0.5527058 0.6763917 -0.5602046 0.4781893 0.189657 -0.7043625 0.6840348 0.3501584 -0.681678 0.6424206 0.4698302 -0.6504232 0.5968326 0.9288172 -0.3160717 0.1933839 0.8695088 -0.3263474 0.3707451 0.8098419 -0.4625511 0.3608359 0.8678542 -0.459106 0.1898703 0.9529289 -0.2989679 0.05044519 0.8954307 -0.4423039 0.05070625 0.9089252 -0.1924119 0.369909 0.9337384 -0.1074711 0.3414419 0.78352 -0.3300804 0.526444 0.7321064 -0.4570439 0.505105 0.8198563 -0.2003936 0.5363562 0.6720732 -0.3309913 0.6623914 0.8560719 -0.1439076 0.4964187 0.6345325 -0.4534622 0.6258918 0.6975009 -0.2054382 0.6865039 0.7431208 -0.1860223 0.6427808 0.5986873 -0.2667058 0.7552758 0.5459909 -0.2068439 0.8118556 0.736799 -0.5795771 0.3481633 0.7877763 -0.5872985 0.1857119 0.8144786 -0.5780727 0.04956461 0.5960714 -0.5464455 0.5882994 0.5362784 -0.331875 0.776057 0.5133586 -0.4591368 0.7250216 0.4856428 -0.5618854 0.6696536 0.1942079 -0.1901068 0.9623631 0.176705 -0.3990188 0.8997551 0.01335449 -0.4025142 0.9153163 0.1961641 -0.3206492 0.9266627 0.3779112 -0.3299995 0.8650338 0.04971326 -0.1750874 0.983297 0.1926126 -0.4634358 0.8649437 0.3669026 -0.4662963 0.8049535 0.1888891 -0.5908024 0.7843936 0.353844 -0.5826238 0.731672 0.0502206 -0.5827035 0.8111317 0.3784106 -0.2021024 0.9033051 0.3578817 -0.373508 0.855811 0.05177259 0.920686 0.3868551 0.2203569 0.8825617 0.4153646 0.4186353 0.8812865 0.2192683 0.390145 0.9193157 0.05143455 0.05744929 0.7895722 0.6109626 0.2156434 0.7624254 0.6100864 0.4038897 0.7031103 0.5852427 0.2077506 0.63031 0.7480301 0.05463382 0.6459232 0.761445 0.05289581 0.4846366 0.8731148 0.2083472 0.4816301 0.8512485 0.3877565 0.5897481 0.7084081 0.4282546 0.7975351 0.424895 0.5901667 0.7014143 0.3996515 0.3909061 0.9186102 -0.05785938 0.6185265 0.7834761 -0.05991801 0.6151841 0.7590527 0.2130432 0.5518926 0.6303813 0.545925 0.3885927 0.4554295 0.8009867 0.6150137 0.7864476 0.0570819 0.7529261 0.6256354 0.2041633 0.7674731 0.6386875 -0.05534803 0.7138311 0.5868355 0.3821902 0.5217624 0.5435558 0.6575037 0.5331341 0.4208788 0.7339136 0.6636148 0.5425514 0.5150276 0.7647893 0.642039 0.05369489 0.8780476 0.4755746 -0.05349008 0.8753197 0.4808019 0.05142951 0.8547285 0.4773076 0.2040014 0.614988 0.5019385 0.6081508 0.8056479 0.453144 0.3815652 0.7399016 0.4198706 0.5255989 0.1989437 0.1298126 0.9713753 0.03039256 0.1217761 0.9920922 0.1687876 0.1810742 0.9688771 0.3935895 0.1300959 0.9100343 0.3992036 0.1329063 0.9071783 0.4752426 0.1751961 0.8622359 0.7168189 0.1098146 0.6885575 0.8222463 0.06703378 0.5651704 0.5676473 0.08903344 0.8184434 0.5649046 0.1258972 0.8154953 0.2100892 0.3161507 0.9251548 0.8794333 0.03354117 0.4748391 0.7051717 0.1209966 0.6986363 0.6834726 0.2742392 0.6765043 0.7175756 0.05235606 0.69451 0.8206535 0.125936 0.5573759 0.9190905 -0.000620888 0.394046 0.3982034 0.3031175 0.8657678 0.5548634 0.2835428 0.7821317 0.6522178 0.3979434 0.6451767 0.7878281 0.2832683 0.5468875 0.9895673 0.1352014 0.04977061 0.9816184 0.01032871 0.1905745 0.9900778 0.130408 -0.05234266 0.9838468 -0.03033906 0.1764226 0.9697934 0.1380411 0.2011103 0.9267403 0.01504606 0.3754012 0.9497874 0.3088476 0.05017065 0.9270777 0.3140697 0.2046634 0.9512568 0.3037807 -0.05317624 0.9105198 0.1331757 0.3914305 0.8696671 0.3022118 0.3903168 0.950894 -0.0202218 0.3088553 0.8376153 0.0269868 0.5455935 0.2074386 -0.9499012 -0.2337884 0.191168 -0.8783933 -0.4380412 0.03551135 -0.7927329 -0.6085339 0.4094261 -0.8839024 -0.2260239 0.1735702 -0.7778212 -0.6040427 0.3915757 -0.8200179 -0.4174196 0.1620187 -0.6631504 -0.7307404 0.3499561 -0.6355644 -0.6881778 0.5494132 -0.7419863 -0.3841893 0.3635241 -0.7340266 -0.5736333 0.5134316 -0.6797895 -0.5237119 0.4860356 -0.6012735 -0.6342237 0.574386 -0.7917696 -0.2078018 0.6977919 -0.6888367 -0.1964446 0.6627848 -0.6536324 -0.3653504 0.6197368 -0.6121829 -0.4910788 0.5759566 -0.5703614 -0.5856295 0.500195 -0.5007105 -0.7064658 0.1993527 -0.09387126 -0.9754213 0.1920868 -0.2270654 -0.9547481 0.3847237 -0.2383379 -0.8917302 0.3762331 -0.3869362 -0.8418604 0.1752769 -0.3861125 -0.9056462 0.379428 -0.1113443 -0.918497 0.5412198 -0.2506673 -0.80265 0.3703984 -0.0726794 -0.9260252 0.5246163 -0.3873099 -0.7581351 0.545562 -0.1257248 -0.8285864 0.5397249 -0.07890708 -0.8381353 0.6767232 -0.2627738 -0.6877468 0.6452319 -0.3925971 -0.6553955 0.695516 -0.1388407 -0.7049686 0.6909725 -0.08221752 -0.7181903 0.8180541 -0.08279806 -0.5691503 0.8191241 -0.1514252 -0.5532685 0.3596812 -0.5190183 -0.7754028 0.1621918 -0.5322371 -0.8309136 0.6104397 -0.492926 -0.6199898 0.7888838 -0.2772644 -0.5484403 0.7429593 -0.4096621 -0.5293282 0.6905854 -0.5184722 -0.5042602 0.954725 -0.2932878 -0.04982329 0.9325181 -0.2996328 -0.2015693 0.897587 -0.4380715 -0.0493039 0.8739525 -0.4423422 -0.2013465 0.8198487 -0.4303692 -0.3776646 0.9091976 -0.1583567 -0.3850752 0.8159727 -0.5759347 -0.04987868 0.7952321 -0.5735091 -0.1967057 0.7497828 -0.5508255 -0.3666292 0.8743001 -0.2922268 -0.38756 0.9149583 -0.08072457 -0.3953921 0.4166086 0.8770122 -0.2393466 0.1944832 0.8737128 -0.4458723 0.6241098 0.7476073 -0.2270908 0.7615029 0.6110932 -0.2160519 0.6027254 0.6740995 -0.4269801 0.8618802 0.4597715 -0.2139454 0.4186643 0.7819702 -0.4617822 0.5632371 0.5869328 -0.5816132 0.7277051 0.5543872 -0.4038565 0.8150557 0.4177165 -0.4014936 0.1740562 0.735613 -0.6546586 0.3876465 0.6720278 -0.6309586 0.1531261 0.5879981 -0.7942358 0.6774009 0.4958203 -0.5434062 0.3690884 0.5387552 -0.7573087 0.7496011 0.3679875 -0.5501667 0.53148 0.4835164 -0.6955148 0.1514714 0.4255987 -0.8921447 0.6264302 0.444205 -0.640521 0.3759741 0.3837307 -0.8434419 0.5394133 0.3469463 -0.7672428 0.9798095 -0.0174916 -0.1991669 0.9709057 0.1156277 -0.2096956 0.9780017 -0.05469753 -0.201298 0.9167313 -0.07240497 -0.3928883 0.9202622 -0.0416154 -0.389083 0.9105178 0.08978104 -0.4036046 0.8197992 -0.08737359 -0.5659462 0.932217 0.292259 -0.2134388 0.8245559 -0.06268525 -0.5622972 0.8173122 0.06476393 -0.5725438 0.6925771 -0.09902269 -0.7145148 0.697458 -0.07833787 -0.7123311 0.6994576 0.04549638 -0.7132245 0.8753356 0.261559 -0.4066626 0.5459852 -0.08973647 -0.8329751 0.5586549 0.03822108 -0.8285191 0.7911235 0.2269296 -0.5680023 0.6857466 0.2032476 -0.6988862 0.6601411 0.3326987 -0.6734428 0.5551311 0.2016058 -0.8069601 0.1829298 -0.09146687 -0.9788618 0.3698537 -0.1105981 -0.9224838 0.1730511 0.04548287 -0.9838621 0.1625265 0.2373647 -0.9577281 0.3729095 -0.09640379 -0.922846 0.3910787 0.2133259 -0.895293 0.3896295 0.03819287 -0.9201794 0.5404245 -0.1069003 -0.8345739 0.07769076 -0.5533405 0.8293241 -0.1275259 -0.5513737 0.8244539 0.3201961 -0.5312205 0.7843973 -0.4246292 -0.4828277 0.7658769 -0.6708147 -0.3448496 0.6565717 -0.8361414 -0.149103 0.5278596 -0.7921284 -0.2505018 0.5565802 -0.8616369 -0.1786995 0.4750246 -0.8939924 -0.09597908 0.4376822 -0.9105671 -0.1177125 0.3962466 -0.9495214 -0.07421974 0.304796 -0.9563235 -0.04955941 0.2880784 -0.9866022 -0.04118 0.1578617 0.5977846 -0.4273461 0.6782543 0.8093152 -0.2599422 0.5267247 0.8809822 -0.160308 0.4451648 0.9219707 -0.08990224 0.3766798 0.9538533 -0.06286295 0.2936192 -0.0562775 0.04136907 0.9975577 0.05863848 -0.1547748 0.986208 0.0562771 0.04136969 0.9975577 -0.2218643 -0.1652993 0.9609643 -0.05865155 -0.1547515 0.9862109 0.05744271 -0.3695916 0.927417 0.2157129 -0.3886296 0.8957874 0.22206 -0.1657169 0.9608472 -0.2173779 -0.3871676 0.8960179 -0.05778092 -0.3698165 0.9273064 0.9975577 0.04136897 0.05627751 0.986208 -0.1547748 -0.05863907 0.9975577 0.04136949 -0.05627705 0.9609641 -0.1652999 0.2218648 0.9862108 -0.1547523 0.05865162 0.9274168 -0.3695922 -0.05744249 0.8957873 -0.3886294 -0.2157134 0.9706581 0.2337944 0.05624068 0.9608472 -0.1657165 -0.2220601 0.8960176 -0.3871684 0.2173779 0.927306 -0.3698173 0.05778104 -0.05264099 0.9972251 -0.05264113 -0.2093031 0.9763932 0.05337189 -0.05264105 0.9972251 0.05264087 0.05264099 0.9972251 -0.05264113 0.05264105 0.9972251 0.05264087 0.2096274 0.9762964 0.05386736 -0.05386749 0.9762964 0.2096272 0.0533722 0.9763932 0.209303 -0.9975578 0.04136889 -0.05627744 -0.9609641 -0.1652999 -0.2218649 -0.9862108 -0.1547523 -0.05865148 -0.986208 -0.1547748 0.05863912 -0.9975577 0.04136957 0.05627712 -0.9274168 -0.3695922 0.05744256 -0.8957874 -0.3886294 0.2157132 -0.9608472 -0.1657165 0.2220602 -0.9742282 0.04038501 0.2219201 -0.8960176 -0.3871685 -0.2173778 -0.927306 -0.3698173 -0.05778083 0.0562775 0.04136881 -0.9975577 0.2218652 -0.1653005 -0.9609639 0.05865161 -0.1547526 -0.9862107 -0.05863876 -0.1547761 -0.9862078 -0.05627711 0.04136941 -0.9975577 -0.05744159 -0.3695933 -0.9274164 -0.2157131 -0.38863 -0.8957871 -0.2220606 -0.1657171 -0.960847 0.2173786 -0.387169 -0.8960171 0.057781 -0.3698183 -0.9273057 -0.05079302 -0.9784526 0.2001263 -0.2004106 -0.9783715 0.05123302 -0.05123584 -0.9973714 0.05123593 -0.2025838 -0.9578321 0.2037586 -0.200126 -0.9784527 -0.05079283 -0.05123588 -0.9973714 -0.05123575 -0.04940703 -0.9206653 0.3872137 -0.1970745 -0.9006201 0.3873566 -0.3870439 -0.9207033 0.05002423 -0.3499042 -0.7836034 0.5133544 -0.3690535 -0.8526488 0.3698507 -0.3869716 -0.9005728 0.1980442 -0.04892323 -0.828993 0.557115 -0.1911983 -0.8168607 0.5442259 -0.05135471 -0.7054218 0.7069248 -0.1924605 -0.7069297 0.6805949 -0.3544465 -0.6883586 0.6328745 0.04911775 -0.8290885 0.5569557 0.05111836 -0.7055066 0.7068574 -0.05545001 -0.5519014 0.8320638 -0.2042168 -0.5655539 0.7990271 -0.5569558 -0.8290884 0.04911817 -0.5132687 -0.7834807 0.3503045 -0.5449477 -0.8163314 0.1914028 -0.476796 -0.7383963 0.476903 -0.4816358 -0.6585227 0.5782515 -0.7069242 -0.7054225 -0.05135385 -0.557115 -0.8289931 -0.04892263 -0.3872139 -0.9206652 -0.04940687 -0.6331981 -0.6881813 0.3542128 -0.6815077 -0.7061403 0.1921279 -0.7068572 -0.7055068 0.05111759 -0.5782608 -0.658534 0.4816093 -0.6469851 -0.5482752 0.52991 -0.2222825 0.04093321 0.9741227 -0.4105847 -0.3935828 0.822504 -0.3820608 -0.5605135 0.7347477 -0.4259536 -0.1728817 0.888074 -0.4341919 0.04003428 0.8999304 -0.5763888 -0.3935505 0.7161661 -0.5298932 -0.5479715 0.6472561 -0.612159 -0.1745758 0.7712228 -0.7153816 -0.3938372 0.5771667 -0.6217146 0.0385459 0.7822948 -0.7821861 0.0382717 0.6218684 -0.7713224 -0.1747844 0.611974 -0.8998858 0.03930343 0.434351 -0.887978 -0.1733338 0.42597 -0.8221671 -0.3946857 0.4102005 -0.734663 -0.5612269 0.3811753 -0.799188 -0.5657357 0.2030804 -0.8320637 -0.5519016 -0.05544971 -0.8321155 -0.551867 0.05501448 -0.05624077 0.2337952 0.9706579 -0.2285252 0.2433529 0.9426323 -0.4145944 0.4406272 0.7962155 -0.4367898 0.2375823 0.8676228 -0.05628869 0.4543901 0.8890226 -0.221306 0.4591805 0.8603354 -0.2099924 0.6353923 0.743088 0.05573288 0.6432166 0.7636532 -0.05550753 0.6433811 0.763531 -0.3898684 0.6044557 0.69472 -0.05496772 0.7988204 0.599053 -0.2078558 0.7775742 0.5934429 -0.05495373 0.9088889 0.4134018 -0.2151006 0.8821319 0.4190167 -0.6123819 0.2276568 0.7570738 -0.5763127 0.4184953 0.701944 -0.52983 0.5625398 0.6346883 -0.3864782 0.7293802 0.5644813 -0.7578895 0.2273239 0.611496 -0.5258126 0.6686987 0.5257025 -0.6346808 0.5625296 0.5298498 -0.2096274 0.9762964 -0.05386772 -0.4134016 0.908889 -0.05495407 -0.4135489 0.9088618 0.05429154 -0.2188709 0.951172 0.2176405 -0.4041494 0.8209873 0.4032904 -0.4194102 0.8822038 0.2140364 -0.599053 0.7988204 -0.05496862 -0.5991732 0.7987493 0.05469031 -0.5925905 0.7782733 0.2076711 -0.5645593 0.7295602 0.3860241 -0.7635313 0.6433807 -0.05550878 -0.7636535 0.6432163 0.05573334 -0.7422012 0.6362872 0.2104186 -0.6944051 0.6046695 0.3900979 -0.8890229 0.4543895 -0.05628943 -0.8890606 0.4542293 0.05698276 -0.8602905 0.4587342 0.222403 -0.7962493 0.4396984 0.4155146 -0.7022054 0.4181328 0.5762573 -0.970547 0.2341303 0.05675798 -0.9426613 0.2419991 0.2298391 -0.9706581 0.2337943 -0.05624091 -0.8677162 0.2364239 0.4372325 -0.05123284 -0.9783716 -0.2004103 -0.2037582 -0.9578322 -0.2025836 -0.3873565 -0.9006201 -0.1970743 -0.05002429 -0.9207034 -0.3870437 -0.5133544 -0.7836034 -0.3499042 -0.3698499 -0.8526489 -0.3690541 -0.1980444 -0.9005729 -0.3869714 -0.5442259 -0.8168609 -0.1911975 -0.6805947 -0.7069299 -0.1924603 -0.6328746 -0.6883585 -0.3544466 -0.7990272 -0.5655537 -0.204217 -0.04911811 -0.8290885 -0.5569557 -0.3503043 -0.783481 -0.5132684 -0.1914033 -0.8163316 -0.5449473 -0.4769021 -0.7383964 -0.4767968 -0.5782518 -0.6585226 -0.4816356 0.0513537 -0.7054221 -0.7069246 0.04892275 -0.828993 -0.5571151 -0.354213 -0.6881816 -0.6331976 -0.1921279 -0.7061403 -0.6815077 -0.05111757 -0.7055067 -0.7068573 -0.4816089 -0.6585343 -0.5782607 -0.5299099 -0.5482757 -0.6469848 -0.9741228 0.04093308 -0.222282 -0.8225036 -0.3935831 -0.4105851 -0.7347474 -0.5605137 -0.382061 -0.8880739 -0.1728819 -0.4259538 -0.7161663 -0.3935513 -0.5763881 -0.8999307 0.04003464 -0.4341912 -0.6472563 -0.5479716 -0.5298929 -0.7712234 -0.1745765 -0.6121581 -0.5771663 -0.393838 -0.7153815 -0.7822951 0.03854651 -0.6217142 -0.6218685 0.03827176 -0.7821859 -0.6119738 -0.1747847 -0.7713225 -0.4259699 -0.1733345 -0.8879779 -0.4343504 0.03930355 -0.8998861 -0.4102003 -0.3946863 -0.8221669 -0.3811755 -0.561227 -0.7346629 -0.2219194 0.04038477 -0.9742283 -0.2030801 -0.5657359 -0.7991879 0.05544943 -0.5519024 -0.8320632 -0.05501411 -0.5518666 -0.8321158 -0.05337204 0.9763931 -0.2093033 -0.2176405 0.9511719 -0.2188712 -0.05429164 0.9088618 -0.4135488 -0.2140365 0.8822037 -0.4194103 -0.4032902 0.8209872 -0.4041499 -0.4190168 0.8821319 -0.2151007 -0.2076716 0.7782732 -0.5925904 -0.3860243 0.7295604 -0.564559 -0.390098 0.6046698 -0.6944048 -0.05469034 0.798749 -0.5991736 -0.2104183 0.636287 -0.7422014 -0.05573289 0.6432166 -0.7636533 -0.05698298 0.4542294 -0.8890605 -0.2224033 0.4587341 -0.8602906 0.05628953 0.4543892 -0.889023 -0.5934433 0.7775738 -0.207856 -0.5644818 0.7293798 -0.3864783 -0.5257026 0.6686984 -0.525813 -0.5298509 0.5625293 -0.6346801 -0.4155147 0.4396978 -0.7962496 -0.6947203 0.6044553 -0.3898684 -0.743088 0.6353921 -0.209993 -0.6346886 0.5625398 -0.5298296 -0.5762572 0.4181328 -0.7022055 -0.05675805 0.2341293 -0.9705473 0.05624082 0.2337935 -0.9706583 -0.2298392 0.2419987 -0.9426614 -0.4372324 0.2364239 -0.8677163 -0.6114958 0.2273241 -0.7578896 -0.7570743 0.2276564 -0.6123815 -0.7019439 0.4184959 -0.5763123 -0.867623 0.2375823 -0.4367895 -0.7962157 0.4406272 -0.4145941 -0.9426323 0.2433526 -0.2285253 -0.8603351 0.4591807 -0.2213065 0.05123299 -0.9783714 0.2004109 0.200126 -0.9784527 0.05079323 0.2037583 -0.9578321 0.2025838 0.05123584 -0.9973714 0.05123593 0.05002405 -0.9207032 0.3870442 0.387214 -0.9206651 0.04940718 0.3873566 -0.90062 0.1970745 0.05123588 -0.9973714 -0.05123575 0.2004105 -0.9783715 -0.05123271 0.3870439 -0.9207033 -0.05002396 0.5569558 -0.8290885 -0.04911789 0.1980441 -0.9005729 0.3869716 0.557115 -0.8289931 0.04892291 0.5442257 -0.816861 0.1911977 0.6805947 -0.7069298 0.1924607 0.6328744 -0.6883586 0.3544466 0.7069242 -0.7054225 0.05135394 0.7068573 -0.7055068 -0.05111737 0.8320636 -0.5519016 0.05544994 0.7990273 -0.5655535 0.204217 0.3698506 -0.8526487 0.3690538 0.5133541 -0.7836035 0.3499044 0.4769022 -0.7383968 0.4767961 0.5782513 -0.6585229 0.4816358 0.1914031 -0.816331 0.5449482 0.354212 -0.6881813 0.6331986 0.1921281 -0.7061396 0.6815083 0.3503048 -0.7834807 0.5132686 0.4816085 -0.6585345 0.5782609 0.52991 -0.5482748 0.6469854 0.9741228 0.04093306 0.2222818 0.8225037 -0.393583 0.410585 0.7347477 -0.5605134 0.3820609 0.8880739 -0.1728822 0.4259537 0.7161662 -0.3935509 0.5763885 0.8999304 0.04003452 0.4341918 0.6472564 -0.5479708 0.5298935 0.771223 -0.1745767 0.6121586 0.7822948 0.0385458 0.6217146 0.5771665 -0.3938372 0.7153817 0.6218685 0.03827109 0.782186 0.611973 -0.174785 0.771323 0.42597 -0.1733339 0.887978 0.434351 0.03930292 0.8998858 0.4102005 -0.3946852 0.8221673 0.3811746 -0.5612268 0.7346635 0.2219208 0.04038502 0.974228 0.20308 -0.565736 0.7991879 0.05501516 -0.5518664 0.8321158 0.2093031 0.9763932 -0.05337237 0.2176407 0.951172 0.2188706 0.05429167 0.9088617 0.4135492 0.2140366 0.8822038 0.41941 0.4134015 0.908889 0.05495376 0.4032906 0.8209872 0.4041494 0.05468999 0.7987492 0.5991733 0.2076711 0.7782733 0.5925904 0.3860241 0.7295602 0.5645593 0.2104188 0.6362875 0.7422009 0.05698237 0.4542299 0.8890603 0.2224027 0.4587344 0.8602905 0.3900972 0.6046701 0.694405 0.4190168 0.882132 0.2151002 0.5934432 0.7775739 0.2078558 0.4135489 0.9088618 -0.05429194 0.5644816 0.72938 0.3864781 0.5257028 0.6686994 0.5258115 0.5298505 0.56253 0.6346798 0.4155143 0.4396988 0.7962493 0.599053 0.7988204 0.05496832 0.743088 0.6353923 0.2099924 0.7635313 0.6433807 0.05550856 0.5991732 0.7987493 -0.05469059 0.6947203 0.6044555 0.3898683 0.6346886 0.5625402 0.5298292 0.5762572 0.4181331 0.7022053 0.05675801 0.2341311 0.9705468 0.2298393 0.2419992 0.9426613 0.4372321 0.2364235 0.8677166 0.6114958 0.2273237 0.7578897 0.7570742 0.2276564 0.6123816 0.7019443 0.4184961 0.5763117 0.8676227 0.2375829 0.4367897 0.7962156 0.4406274 0.414594 0.9705471 0.2341302 -0.05675809 0.9426323 0.2433528 0.2285253 0.8890229 0.4543896 0.05628918 0.860335 0.4591809 0.2213064 0.7636535 0.6432162 -0.05573359 0.05079305 -0.9784527 -0.2001258 0.2025836 -0.9578322 -0.2037579 0.04940704 -0.9206653 -0.3872135 0.1970745 -0.9006202 -0.3873562 0.1911978 -0.8168609 -0.5442258 0.3499048 -0.7836035 -0.5133539 0.3869716 -0.9005729 -0.1980442 0.1924605 -0.7069295 -0.680595 0.2042169 -0.565554 -0.799027 0.3544464 -0.6883584 -0.6328747 0.3690541 -0.8526488 -0.3698502 0.5132684 -0.7834809 -0.3503045 0.4767961 -0.7383972 -0.4769015 0.4816356 -0.6585228 -0.5782516 0.5449477 -0.8163314 -0.1914029 0.6331982 -0.6881814 -0.3542124 0.6815078 -0.7061402 -0.1921279 0.5782607 -0.6585345 -0.4816087 0.6469851 -0.5482752 -0.52991 0.4105853 -0.3935836 -0.8225033 0.2222812 0.04093295 -0.974123 0.3820611 -0.5605134 -0.7347476 0.425954 -0.1728828 -0.8880736 0.4341917 0.04003468 -0.8999304 0.5763877 -0.3935518 -0.7161664 0.5298932 -0.5479709 -0.6472566 0.6121584 -0.1745769 -0.7712231 0.6217148 0.03854568 -0.7822947 0.7821861 0.03827187 -0.6218683 0.7153813 -0.3938379 -0.5771666 0.7713228 -0.1747847 -0.6119734 0.8998861 0.03930323 -0.4343504 0.8879782 -0.173334 -0.4259695 0.8221672 -0.3946859 -0.4102001 0.7346632 -0.5612271 -0.3811748 0.9742282 0.04038476 -0.2219201 0.799188 -0.5657358 -0.2030803 0.8321155 -0.5518671 -0.05501416 0.05386758 0.9762963 -0.2096277 0.2188709 0.9511719 -0.2176408 0.41941 0.8822038 -0.2140367 0.05495399 0.908889 -0.4134015 0.5925903 0.7782732 -0.2076716 0.5645591 0.7295603 -0.3860243 0.7422012 0.6362872 -0.2104187 0.6944051 0.6046694 -0.3900981 0.8890606 0.4542292 -0.05698292 0.8602905 0.4587341 -0.2224034 0.2151002 0.882132 -0.4190167 0.4041493 0.8209872 -0.4032906 0.5258123 0.6686986 -0.5257029 0.63468 0.562529 -0.5298514 0.7962494 0.4396978 -0.4155149 0.2078561 0.777574 -0.593443 0.05496855 0.7988204 -0.5990529 0.3898683 0.6044555 -0.6947203 0.209993 0.635392 -0.7430881 0.05550836 0.6433809 -0.7635312 0.3864781 0.7293797 -0.5644821 0.5298296 0.5625399 -0.6346885 0.7022058 0.4181328 -0.5762568 0.9426613 0.2419989 -0.2298395 0.8677163 0.2364237 -0.4372326 0.7578896 0.2273242 -0.6114957 0.6123817 0.2276561 -0.7570742 0.5763126 0.4184959 -0.7019437 0.4367897 0.2375826 -0.8676228 0.4145938 0.4406274 -0.7962158 0.2285251 0.2433524 -0.9426324 0.2213066 0.4591806 -0.8603352 -0.1503868 -0.4597531 0.8752205 0.1521601 -0.5896358 0.7932067 0.1547922 -0.2298562 0.9608358 -0.4741239 -0.5965077 0.6475995 -0.1661616 -0.7423914 0.6490341 -0.1540284 -0.9123432 0.3793482 -0.2639802 -0.2201496 0.9390679 -0.6564058 -0.3294655 0.6786633 0.1519338 -0.8745425 0.460534 -0.8290143 -0.05636517 0.5563796 -0.5070929 0.08345519 0.8578415 -0.9607647 0.2322122 0.1516858 -0.9631401 -0.1585083 0.2173392 -0.7701541 -0.5545274 0.3152174 -0.1430981 0.1007545 0.9845666 -0.8393808 0.3048666 0.4499958 -0.156003 0.4610197 0.8735696 -0.5513792 0.3712991 0.7470729 -0.4697316 -0.7993599 0.3746679 -0.4038677 -0.8944483 0.1919719 -0.4516151 0.6530127 0.6079624 -0.4711014 0.8348904 0.2846429 -0.7140402 0.5736236 0.4013758 -0.150724 0.7918937 0.5917657 -0.1487009 0.9547152 0.2576954 -0.2322283 0.9706777 -0.06208714 -0.844064 0.5326423 0.06203347 -0.6086657 0.7933465 -0.01128855 0.820141 -0.4956771 0.2857849 0.487738 -0.6038185 0.6304878 0.4964091 -0.7938177 0.3513282 0.9360451 -0.3458734 0.06473846 0.963423 -0.06135714 0.2608666 0.3946266 -0.8970795 0.1987921 0.7503114 -0.3050413 0.5865003 0.473335 -0.2833844 0.8340547 0.1528966 0.988225 0.005829937 -0.1714014 0.9609749 -0.2171376 0.4691994 0.8823765 -0.03554823 0.2757042 0.9374831 -0.2123975 0.1510741 0.8969099 0.4156072 0.4620873 0.8367991 0.2936709 -0.5959321 0.785284 -0.1679104 0.4832327 0.6347151 0.6030115 0.1487239 0.6723818 0.7251096 0.748648 0.6624017 0.02738947 0.7285857 0.5926044 0.3434865 0.9405528 0.3129438 0.1320099 0.8414079 0.29678 0.451613 0.7615737 0.6370288 -0.1191629 0.7654768 0.03691444 0.6424038 0.4799172 0.08694603 0.8729948 0.6086794 0.357014 0.7085552 0.2265332 0.3869072 0.8938599 -0.9381921 -0.3405746 0.06168156 0.9753144 0.220816 0.001462016 -0.9423985 0.3316086 -0.04382801 0.1622138 0.1099607 0.9806097 -0.6635962 0.132181 -0.7363208 -0.921055 0.0372384 -0.387648 -0.9022178 0.1284059 -0.411722 -0.1904536 0.1021204 -0.9763702 -0.6806276 0.1011188 -0.7256177 -0.6604893 -0.7342526 -0.1569301 -0.9714003 0.007936058 -0.2373153 -0.9651472 0.1391994 -0.2216177 -0.6522183 0.1176038 -0.7488529 -0.1625641 -0.6341878 -0.755896 -0.5479396 -0.6182206 -0.5635295 -0.6638627 -0.6993317 -0.2649932 -0.2204204 0.09621677 -0.9706478 -0.9003904 0.126814 -0.4161915 -0.9726331 0.2231906 -0.06458133 -0.6394429 0.1822379 -0.7469285 0.194105 0.09555715 -0.9763156 -0.217103 0.08656999 -0.9723024 0.1926588 0.06952901 -0.9787994 0.1499758 -0.6388977 -0.7545309 0.5714775 0.09316829 -0.8153117 0.5496845 0.09788336 -0.8296178 0.5700133 0.08419372 -0.8173103 0.1921095 0.07166397 -0.9787534 0.5591261 0.1753864 -0.8103195 0.9040509 0.0963129 -0.4164323 0.8841658 0.1135597 -0.4531611 0.8921165 0.1236046 -0.4345687 0.7188341 -0.6182917 -0.3177939 0.4413736 -0.633669 -0.6353369 0.9915122 0.1241188 -0.03870524 0.9897893 0.009594846 0.1422147 0.9992466 0.03517315 -0.01640659 0.9217441 0.175654 0.3457361 0.9635656 0.1808568 0.1970587 0.9008876 0.3559572 0.248387 0.983101 0.01516021 0.182435 0.6594366 -0.7418559 0.1216271 0.6716032 -0.7341875 0.09958814 0.7157897 -0.6983157 0.0005355473 0.5764662 0.5265982 0.6248048 0.9917632 0.1225068 -0.03738708 0.4335026 0.3330912 0.8373326 0.8908173 0.2114519 0.4021599 0.4468513 0.8182972 0.3615433 0.8755806 0.4341829 0.2117638 0.9820436 0.019738 0.1876186 0.657306 -0.7431507 0.1252034 -0.9573565 -0.004490485 0.2888742 -0.6822892 -0.7261147 -0.08508128 -0.6949839 -0.6790977 0.2362702 -0.8998699 0.3756388 0.2216521 -0.892428 0.4356721 -0.1173122 -0.6893802 0.2088367 0.6936441 -0.4501869 -0.7102583 0.5411699 -0.9925124 0.01965654 -0.1205521 -0.6626347 -0.04080473 0.7478303 -0.6570322 -0.7431796 -0.1264625 -0.8793364 0.4446633 -0.1704173 -0.1944982 -0.1247027 0.9729438 -0.1283085 -0.7515621 0.6470636 0.8720585 0.178357 -0.4557441 0.188959 0.1778939 -0.9657372 0.4625184 0.5713252 -0.6779854 -0.2092691 0.1780655 -0.9615088 -0.1710259 0.5733691 -0.8012478 0.1568425 0.5754464 -0.8026592 -0.5309239 0.5697191 -0.6273276 -0.07363069 0.9944317 -0.07539279 -0.0139036 0.9952781 -0.09606339 0.01564043 0.9966705 -0.08002103 0.04915846 0.9952624 -0.08388263 0.09676068 0.99441 -0.04226187 0.728606 0.5669325 -0.3843446 0.3765192 0.2080602 0.9027426 0.4324473 0.812108 0.3917524 0.2645809 0.6008425 0.7543111 0.3286708 -0.03010835 0.9439645 0.2081847 -0.7094474 0.6733079 -0.1919587 0.1637156 0.9676513 0.7436537 0.37522 0.5533436 0.5558658 -0.6776681 0.4814346 0.773113 0.005394557 0.6342453 -0.1453266 0.6645724 0.7329555 -0.5346228 0.5988553 0.5962808 -0.04924294 0.9677618 0.2470066 -0.5523679 0.8098765 0.1974585 -0.004924568 0.9997215 0.0230796 -0.4702422 0.8806481 -0.05771622 0.4544471 0.8821464 0.1236752 -0.0001605572 1 -0.0001083098 0.868911 0.4415415 0.2236846 0.9671558 0.02137348 0.2532841 0.4548255 0.8861516 0.08870747 0.9819951 0.02094573 0.1877418 0.8781828 0.4471007 0.1699883 0.6663557 -0.7254373 0.172368 -0.7705587 0.6369177 0.02398197 -0.857327 0.3171674 -0.4054568 -0.6865741 0.6525114 -0.3206945 -0.6680679 0.6586867 0.3461461 -0.8468713 0.302068 0.4376802 -0.9536029 0.2999716 0.02566342 0.08766769 0.9961463 0.002613384 -0.42326 0.652057 0.6290252 -0.5344759 0.3041362 0.7885662 -0.8517242 0.3149614 0.4187663 -0.5425178 0.3238706 0.7751014 -0.9465719 0.3223223 0.0104835 -0.8487708 0.3442841 -0.4013186 -0.1476069 0.6384976 0.7553364 -0.1822043 0.3041482 0.9350377 -0.1795404 0.3334279 0.9255221 0.9826685 0.1819433 -0.03548549 0.7442104 0.5721414 0.3446811 0.8246484 0.5648637 -0.02973399 0.1009168 0.9941275 0.03906854 -0.8944125 0.1868882 -0.406324 -0.9756789 0.2150393 0.04253047 -0.7444926 0.5418974 0.3899718 -0.7167629 0.3319834 0.6132193 -0.9464777 0.3168012 -0.0617814 -0.7515793 0.5666475 -0.3376969 -0.1582279 0.5673772 0.8081133 -0.1852292 0.2579859 0.9482265 -0.6047923 0.5808119 0.5448705 -0.1596736 0.5526848 0.817951 -0.8185616 0.5729682 0.04079716 -0.0892044 0.9909538 0.1002658 -0.1081569 0.9941325 -0.001641854 -0.08206273 0.9961624 -0.0304343 -0.5468848 0.8208152 0.1648617 0.3554943 0.5811962 0.7320074 0.04495403 0.9909664 0.1263517 -0.02050409 0.9942573 0.1050335 0.4878393 0.6588402 0.5726625 0.7055954 0.6361919 0.3120818 0.1566373 0.652479 0.7414418 0.757037 0.6521955 -0.03919281 0.6184271 0.3001342 0.7262695 0.2002457 0.3035336 0.9315412 -0.4124126 0.3341481 -0.8475027 -0.3194137 0.669281 -0.6708486 0.1476255 0.6374284 -0.7562352 0.5481313 0.6693282 -0.5015494 0.7007959 0.3342081 -0.6302302 0.1812167 0.325708 -0.9279412 0.8744457 0.2967466 0.3837787 0.9475081 0.3149791 -0.05492321 0.6303956 0.3106497 0.7114057 0.8718605 0.3225911 0.3685028 0.6899127 0.3669713 -0.6239812 0.9366979 0.3455701 -0.05637704 0.1789495 0.359827 -0.9156973 -0.4043863 0.3670563 -0.8377001 0.2124822 0.3190441 0.9236137 0.4519587 0.8835819 0.1225413 0.8777952 0.4450023 0.1773372 0.9820868 0.02067944 0.187291 0.6573279 -0.7431359 0.1251764 -0.07285894 0.9257438 0.3710661 -0.006607594 0.9994202 0.03339916 0.6580339 -0.7425856 0.1247317 -0.4623225 0.8852405 -0.05105932 -0.8919879 0.4325644 -0.1313225 -0.8838568 0.440097 -0.1584671 -0.4562542 0.8853639 -0.08923497 -0.9825857 0.01595766 -0.1851237 -0.6579592 -0.7419242 -0.1289894 -0.6572755 -0.7431805 -0.1251864 -0.981458 0.009572667 -0.1914382 -0.9822024 0.01911899 -0.1868502 -0.6571554 -0.74329 -0.1251673 -0.9820533 0.01913437 -0.1876306 -0.001354285 0.9999986 -0.001026298 0.0001311439 0.9999998 -0.0005791866 -0.002054534 0.9999944 -0.002643572 0.001623544 0.9999986 -0.0003740765 0.002860679 0.9999946 -0.001589654 -0.0001602079 0.9999994 0.001057189 0.001381261 0.9999985 0.001068229 -0.001606808 0.9999986 0.0004584766 -0.003550947 0.9999906 0.002470542 0.002459957 0.9999902 0.003676285 0.005341531 0.9999623 0.006843619 -0.007366372 0.9999636 0.004297771 0.902573 0.1284058 -0.4109427 0.9716048 0.007936734 -0.2364765 0.9213893 0.03723758 -0.3868527 0.6642322 0.132181 -0.735747 0.6812539 0.1011193 -0.7250297 0.6606247 -0.7342525 -0.1563592 0.6640904 -0.6993324 -0.2644202 0.1912965 0.1021202 -0.9762055 0.2212586 0.0962169 -0.9704571 0.5484269 -0.6182197 -0.5630563 0.1632168 -0.6341879 -0.7557552 0.652865 0.1176038 -0.7482892 0.9007494 0.1268129 -0.4154142 0.2179423 0.08657025 -0.9721146 0.6400874 0.1822375 -0.7463763 0.8947628 0.1868886 -0.4055516 0.9726887 0.2231898 -0.06374151 0.9653382 0.1391991 -0.2207845 -0.193262 0.0955574 -0.9764828 -0.1918139 0.06952912 -0.9789653 -0.1912641 0.07166401 -0.9789189 -0.1493243 -0.6388975 -0.7546604 -0.548968 0.09788314 -0.8300922 -0.5707734 0.0931682 -0.8158048 0.2100991 0.1780656 -0.9613277 -0.5584264 0.1753875 -0.8108016 -0.1881249 0.177894 -0.9659 -0.5693074 0.08419327 -0.8178023 -0.903691 0.09631279 -0.4172128 -0.8917409 0.1236046 -0.435339 -0.4408246 -0.6336693 -0.6357176 -0.7185593 -0.6182918 -0.3184144 -0.9914784 0.1241188 -0.03956138 -0.9899118 0.009594848 0.14136 -0.9637354 0.1808567 0.1962268 -0.999232 0.03517309 -0.01726942 -0.6595406 -0.7418568 0.121057 -0.9832583 0.01516082 0.1815855 -0.9011017 0.3559572 0.247609 -0.6716889 -0.7341875 0.09900831 -0.9220423 0.175654 0.3449401 -0.4342254 0.3330906 0.8369582 -0.8911642 0.2114523 0.4013905 -0.9917306 0.1225068 -0.03824346 -0.9826374 0.1819437 -0.03633397 -0.8837743 0.1135595 -0.4539243 -0.5770055 0.5265981 0.6243069 -0.4471634 0.8182972 0.3611573 -0.8757631 0.4341829 0.2110075 -0.6574174 -0.7431473 0.1246374 -0.9822051 0.01973991 0.1867712 0.9571071 -0.004489424 0.2896996 0.6823627 -0.7261143 -0.08449397 0.992616 0.01965786 -0.1196957 0.6887809 0.208837 0.6942391 0.6619887 -0.040805 0.7484023 0.6947805 -0.6790971 0.2368695 0.6571411 -0.7431799 -0.1258937 0.9822153 0.0191334 -0.1867805 0.4497188 -0.710259 0.5415581 0.1936579 -0.1247045 0.9731112 0.1277491 -0.7515638 0.6471724 -0.8716648 0.1783573 -0.4564967 0.1717172 0.5733705 -0.8010989 -0.4619326 0.5713262 -0.6783839 -0.1561498 0.5754453 -0.8027951 0.5314653 0.5697188 -0.6268693 -0.04908622 0.9952623 -0.08392543 -0.0155714 0.9966704 -0.08003487 0.01398643 0.9952782 -0.09605026 -0.7282736 0.5669328 -0.3849736 -0.09672596 0.9944098 -0.0423468 -0.3772984 0.2080604 0.9024172 -0.4327853 0.8121079 0.3913792 -0.7441309 0.3752204 0.5527014 0.1911228 0.1637153 0.9678168 -0.3294858 -0.03010947 0.9436803 -0.2087658 -0.7094481 0.6731272 0.5341075 0.5988555 0.5967423 -0.2652326 0.600843 0.7540818 -0.7736602 0.005394166 0.6335778 -0.5562811 -0.6776684 0.480954 0.1446937 0.6645721 0.733081 0.0490293 0.9677619 0.2470485 0.5521975 0.8098763 0.1979351 0.8996784 0.3756384 0.2224288 0.004904609 0.9997215 0.02308389 -0.4545537 0.8821464 0.1232832 0.4702929 0.8806475 -0.05731053 0.0001607939 1 -0.0001081124 -0.4549019 0.8861517 0.08831476 0.8925292 0.4356716 -0.1165411 -0.869104 0.4415411 0.2229344 -0.9673741 0.02137317 0.2524489 -0.8783291 0.4471008 0.1692301 -0.9821568 0.02094572 0.1868939 -0.6665048 -0.7254367 0.1717933 0.9535804 0.2999715 0.02648617 0.9465625 0.3223223 0.01130056 0.8513622 0.3149622 0.4195012 0.8464933 0.302067 0.4384115 0.7705382 0.6369172 0.02464724 0.8491167 0.3442849 -0.4005854 0.5418485 0.3238707 0.7755695 0.8576767 0.3171679 -0.4047163 0.6677679 0.6586879 0.3467222 0.533795 0.3041362 0.7890273 -0.08767203 0.9961462 0.002537096 0.422717 0.652057 0.6293902 0.1469553 0.638495 0.7554656 0.181397 0.3041483 0.9351946 -0.7445088 0.5721398 0.3440388 -0.8246232 0.5648624 -0.03044619 -0.1009543 0.994127 0.03898391 0.7518685 0.5666509 -0.3370469 0.7441557 0.5418969 0.390615 0.9465307 0.3168012 -0.06096446 0.716233 0.3319827 0.6138385 0.9756419 0.2150388 0.04337308 0.6043205 0.5808137 0.5453918 0.8185246 0.5729703 0.0415035 0.1575303 0.5673769 0.8082497 0.5467418 0.8208155 0.1653341 0.1844104 0.2579857 0.9483861 0.08911375 0.9909545 0.1003395 0.1081567 0.9941327 -0.001548225 0.07369615 0.9944316 -0.07533007 0.08208723 0.9961625 -0.03036286 0.07253865 0.9257437 0.371129 -0.3561255 0.581198 0.731699 0.1589677 0.5526838 0.8180891 -0.04506284 0.9909666 0.1263113 0.02041335 0.9942573 0.1050507 -0.4883337 0.6588402 0.572241 -0.7058637 0.6361932 0.3114718 -0.1572771 0.652479 0.7413063 -0.6190546 0.3001332 0.7257351 -0.8747774 0.2967443 0.3830239 -0.7570011 0.6521976 -0.03984581 -0.2010495 0.303534 0.9313679 0.6868504 0.6525119 -0.3201011 0.4131442 0.334148 -0.8471464 0.3199922 0.6692823 -0.6705715 -0.1469727 0.6374257 -0.7563647 -0.5476979 0.669328 -0.502023 -0.7002516 0.3342083 -0.6308348 -0.1804154 0.3257077 -0.9280974 -0.6310099 0.3106492 0.7108612 -0.872179 0.322588 0.3677509 -0.9474606 0.3149783 -0.0557414 -0.9366489 0.3455699 -0.05718678 -0.6893737 0.3669694 -0.6245778 -0.1781588 0.3598265 -0.9158517 0.4051096 0.3670574 -0.83735 0.1787411 0.333429 0.9256763 -0.2132791 0.3190443 0.9234299 -0.877948 0.4450024 0.1765789 -0.4520642 0.883582 0.122151 -0.6574354 -0.7431364 0.1246079 -0.9822481 0.02067944 0.186443 -0.6581411 -0.7425859 0.1241632 0.006578808 0.9994203 0.03340483 0.8839932 0.4400973 -0.1577035 0.8921007 0.4325648 -0.1305528 0.4623667 0.8852404 -0.05066076 0.4563312 0.8853639 -0.08884027 0.8794834 0.4446633 -0.1696568 0.9827449 0.01595751 -0.1842765 0.6580703 -0.7419242 -0.1284207 0.9816231 0.009572278 -0.1905899 0.6573827 -0.7431809 -0.1246199 0.9823632 0.01911842 -0.1860027 0.6572627 -0.7432905 -0.1245993 0.0001599213 0.9999994 0.001057436 -0.0001302355 0.9999998 -0.000578967 -0.001381374 0.9999985 0.001066777 -0.002461841 0.9999902 0.003674161 -0.001622939 0.9999986 -0.0003761218 0.001605484 0.9999986 0.0004600432 0.001354333 0.9999986 -0.001024848 0.002055639 0.9999944 -0.002640733 0.003548862 0.9999906 0.002474686 0.007358966 0.9999637 0.004303412 -0.002855487 0.9999947 -0.001589285 -0.005348938 0.9999623 0.006842071 -0.7157899 -0.6983157 -8.253766e-05 -0.9120504 0.2519832 0.323525 -0.9582629 0.1421252 0.2480579 -0.9392238 -0.07725784 0.3344995 -0.8598242 0.1350392 0.4924091 -0.8148089 0.2566941 0.5198025 -0.6799213 0.5115106 0.5254178 -0.8116831 0.4905002 0.3171436 -0.9448107 0.2465292 0.2157685 -0.9659153 0.07890042 -0.2465408 -0.9480464 0.07173463 0.3099391 -0.6530988 -0.04520771 0.7559221 0.3706899 -0.1633518 0.9142785 0.4663763 -0.2838705 0.8378011 -0.898234 0.4059018 -0.1685804 -0.9499319 0.2172526 -0.224568 -0.9533735 0.1451107 -0.2646164 -0.8599598 0.4775986 0.179913 -0.2718266 0.8138656 0.5135495 -0.4440053 0.8742914 0.1961475 -0.5132794 0.854101 -0.08399788 -0.5979732 0.1374271 -0.7896467 -0.5871934 0.5795563 -0.5650827 -0.443239 -0.009539538 -0.8963527 -0.3421383 -0.01781504 -0.9394807 -0.2918425 0.04016808 -0.9556226 -0.2695981 0.5968953 -0.7556672 0.09712242 -0.5997484 -0.7942727 0.1619924 -0.4279828 -0.8891508 0.4931494 -0.8437216 -0.2119847 -0.07639916 0.001631372 -0.997076 0.5337412 -0.2656139 -0.8028509 -0.003823415 0.5747387 -0.818328 0.4541241 0.4059223 -0.7930942 0.4918318 -0.002945776 -0.8706852 0.4542475 -0.4521985 -0.7675778 -0.116502 0.9512707 -0.2855019 0.2223556 0.8970548 -0.3819039 0.8801072 -0.00612217 -0.4747355 0.7130932 0.5291966 -0.4598359 0.6820213 -0.6079924 -0.4064386 0.2721952 -0.9240288 -0.2684782 0.9611372 -0.01674422 -0.2755629 0.7360968 -0.6143998 -0.2840323 0.9488898 -0.01371874 -0.3153094 0.8048204 0.5151976 -0.2946786 0.8600239 0.5030941 -0.08517747 0.7517646 -0.5242471 -0.4000187 0.1745721 -0.8794535 -0.4428162 0.2347771 -0.9604012 -0.1500307 -0.1306019 -0.6069826 -0.7839102 0.4358858 0.8707709 0.2275119 0.4561673 0.5780918 0.676551 0.8789002 0.3450075 0.3293998 0.3538472 0.1965527 0.9144174 0.7742705 0.1687931 0.6099296 0.99017 -0.002869624 -0.13984 0.9956629 -0.03650674 0.0855722 0.6579103 -0.3913797 -0.6434097 0.3590637 -0.3240458 -0.8752529 0.9783425 -0.1770456 -0.107242 -0.05688726 0.04329176 0.9974416 0.01058658 0.1385888 0.9902934 0.1346723 0.4321136 0.8917069 -0.2149556 -0.7389503 0.6385503 -0.354559 0.002435518 0.9350305 0.1613757 -0.05035937 0.9856073 -0.003866367 0.0826693 0.9965695 0.823268 -0.2988436 0.4826202 -0.4115941 0.1734321 0.8947131 -0.3643818 0.1115106 0.9245492 -0.8193237 -0.3766728 0.432234 -0.6015488 -0.05605088 0.7968672 0.7582651 -0.440346 -0.4807592 0.2505466 -0.8873849 -0.387007 -0.4136241 0.3696725 0.83202 -0.09147919 0.4532429 0.8866806 0.1122414 0.8956384 0.4303879 0.3084161 -0.0259021 0.9508988 0.3696885 -0.9024636 -0.2211105 0.2236206 -0.3524913 -0.9087044 -0.230868 -0.3137081 -0.9210251 -0.3011556 -0.3053438 -0.9033662 -0.7662525 -0.4286132 -0.4786938 -0.01357107 0.9997253 0.01911019 0.3408217 0.9308978 -0.1314151 0.9137051 -0.09578453 -0.3949283 0.3619812 -0.1322395 -0.922758 0.3445632 -0.05318016 -0.9372556 0.8750962 -0.08087777 0.4771429 -0.2059589 -0.7105944 -0.6727827 -0.3124543 -0.1956249 -0.9295715 0.9260167 -0.1345578 -0.3526858 -0.3284818 -0.03168922 -0.9439785 0.86813 -0.1547921 0.4715821 0.7135749 -0.5856 0.3845562 0.6729084 -0.6983092 -0.2440462 0.3026664 -0.5634339 -0.7687232 0.3149209 -0.02613692 0.948758 0.3132554 -0.1976219 0.9288793 0.2308671 -0.7215698 0.6527154 0.01458913 -0.9998751 -0.006082723 -0.3483163 -0.0451154 -0.9362907 -0.2991199 -0.3287725 -0.8957879 -0.9716938 -0.02951776 -0.2343925 -0.1503018 -0.8103148 -0.5663915 -0.8969084 -0.2601664 -0.3575874 0.6064852 -0.04631648 -0.7937446 0.5777981 -0.1396162 -0.8041497 -0.9468938 -0.0200298 0.3209219 -0.482134 -0.798772 -0.3598751 0.9472168 -0.01836307 -0.3200675 0.5084267 -0.5834416 -0.6333232 0.73494 -0.6305774 -0.24947 0.02501614 -0.999651 -0.008491306 -0.2764912 -0.9564225 0.09385441 0.865645 -0.3894038 0.3146798 0.8733209 -0.425129 -0.2378572 -0.9011218 -0.05461521 -0.4301123 -0.924969 0.06866986 0.3737871 -0.371944 0.06034556 0.9262916 -0.1975251 -0.8145872 0.5453729 0.7897878 -0.5811353 0.1962576 0.2402819 -0.8130818 0.5302476 0.3183502 -0.3081517 0.8964908 -0.5081124 -0.2374556 0.827911 0.9644087 -0.04870478 0.2598916 0.3057352 -0.05022259 0.9507911 0.9492739 -0.1348864 0.2840506 -0.6304208 -0.04581354 0.7749005 0.9474308 -0.0462848 -0.3165953 -0.9453949 -0.05798368 0.3207278 -0.8448163 -0.4512754 0.2874646 -0.7814652 -0.4309292 0.4512341 -0.7825911 -0.416801 0.4624156 -0.8935631 -0.432914 0.1188717 -0.8380755 -0.4655124 0.2844779 -0.9007751 -0.4197917 0.1112618 -0.04722128 -0.7006529 0.7119379 -0.257843 -0.9621499 0.08823004 -0.4728202 -0.70102 -0.5338652 -0.8858634 -0.03653252 -0.4625057 -0.7992512 -0.1472751 -0.5826728 -0.9390217 -0.01361076 0.3435883 -0.2641357 -0.1420822 0.9539628 -0.3914714 -0.007267529 0.9201616 -0.9411339 -0.05745325 0.3331159 -0.9107105 -0.4049453 -0.08139817 -0.8989794 -0.435103 -0.05021329 -0.8399666 -0.458041 0.2909546 -0.6740066 -0.4304177 0.6003796 -0.6631009 -0.3977543 0.6341046 -0.8255129 -0.4852435 0.2882138 0.7346745 -0.02312757 0.6780254 0.325904 0.05822295 0.9436083 -0.1301523 0.02679561 0.9911319 0.8527742 -0.1703112 0.493731 0.325685 0.0225231 0.94521 0.9055346 -0.3258212 -0.2717491 -0.3749207 -0.1479142 0.9151808 -0.481989 -0.6171926 0.6219003 -0.7196047 -0.5339839 -0.4438809 -0.2532496 -0.6138744 -0.7476783 -0.664125 -0.7126269 0.2260551 6.365118e-07 -1 -1.283732e-06 0.177157 -0.8343987 0.5219139 0.7579431 -0.6221929 0.1959549 0.300521 -0.5287664 -0.7937841 0.663184 -0.7140124 -0.2244399 0.09297713 -0.1772655 0.9797613 0.0971064 -0.1799093 0.9788784 0.318004 -0.1866933 0.9295263 0.5193678 -0.1859882 0.8340657 0.5225909 -0.1838616 0.8325225 0.3142273 -0.1891045 0.9303229 -0.309348 -0.09674256 -0.9460152 0.912395 0.251983 0.3225522 0.9585266 0.1421254 0.2470367 0.9450401 0.2465292 0.2147615 0.6804818 0.511511 0.5246913 0.8153626 0.2566939 0.5189336 0.8603496 0.1350388 0.4914907 0.9395804 -0.07725722 0.3334966 0.9483761 0.07173414 0.3089286 0.9656519 0.07890113 -0.2475704 0.6539048 -0.0452074 0.755225 0.953091 0.1451109 -0.2656322 0.9496921 0.2172527 -0.2255795 0.8120205 0.4905009 0.3162776 -0.3697138 -0.1633523 0.9146736 0.3411373 -0.01781507 -0.9398447 0.442284 -0.009539836 -0.8968243 0.597131 0.1374268 -0.7902838 0.8980544 0.4059011 -0.1695365 0.5865914 0.5795558 -0.5657081 0.8601515 0.4775975 0.1789971 0.5131894 0.8541013 -0.08454391 0.4442147 0.874291 0.1956743 0.2723743 0.8138664 0.5132579 0.2908233 0.04016833 -0.9559332 -0.09796882 -0.599749 -0.7941683 0.0753358 0.001630765 -0.9971569 -0.4933749 -0.8437216 -0.2114594 -0.27248 -0.9240293 -0.2681876 -0.1629408 -0.4279833 -0.8889773 -0.455066 -0.4521983 -0.7670929 -0.4927595 -0.002946098 -0.8701605 0.2687913 0.5968954 -0.7559544 -0.6824541 -0.6079924 -0.4057113 -0.4549691 0.4059222 -0.7926098 0.002951855 0.5747382 -0.818332 -0.713583 0.5291965 -0.4590756 -0.2227625 0.8970547 -0.3816671 -0.8806125 -0.006122142 -0.4737976 0.1161966 0.9512708 -0.2856259 -0.9614306 -0.01674413 -0.2745375 -0.9492254 -0.0137186 -0.3142975 -0.7363992 -0.6144 -0.2832471 -0.7521902 -0.5242477 -0.399217 -0.8051342 0.5151976 -0.2938203 -0.1750435 -0.8794536 -0.4426299 0.129767 -0.6069819 -0.7840495 -0.658595 -0.3913797 -0.6427087 -0.9903185 -0.002869543 -0.1387842 -0.7736197 0.1687934 0.6107547 -0.8785491 0.3450066 0.330336 -0.9955712 -0.03650643 0.08663294 -0.9784563 -0.177045 -0.1061993 -0.359996 -0.3240461 -0.8748697 -0.3528724 0.1965526 0.914794 -0.455445 0.5780926 0.6770367 -0.8601144 0.5030938 -0.08426103 -0.4356429 0.870771 0.2279762 0.05795069 0.04329152 0.9973803 -0.1603254 -0.05035922 0.9857787 0.004928712 0.08266916 0.9965649 -0.009530753 0.1385889 0.9903041 0.3555566 0.002434984 0.9346516 -0.8227529 -0.2988434 0.4834981 -0.3074017 -0.02590204 0.9512273 0.215638 -0.7389516 0.6383188 0.3653667 0.1115103 0.9241605 0.4125469 0.1734316 0.8942743 -0.1337215 0.4321127 0.8918504 0.414512 0.369672 0.8315783 -0.7587776 -0.440345 -0.4799509 0.6023992 -0.05605163 0.7962244 0.8197837 -0.3766721 0.4313617 0.7657418 -0.4286135 -0.4795102 0.3729298 0.06034588 0.9258951 0.09242421 0.4532439 0.886582 -0.1117828 0.8956385 0.4305071 -0.2349369 -0.9604014 -0.1497793 -0.2509604 -0.8873841 -0.3867406 -0.3699238 -0.9024637 -0.2207165 -0.8653092 -0.3894037 0.3156022 -0.2245889 -0.3524927 -0.908465 0.2298854 -0.3137073 -0.9212711 0.3001922 -0.3053441 -0.9036867 0.01359244 0.9997253 0.01909587 -0.3409617 0.9308977 -0.1310517 -0.9141259 -0.09578387 -0.3939534 -0.3629637 -0.1322396 -0.9223719 -0.9263919 -0.1345588 -0.3516987 0.2052413 -0.7105923 -0.6730041 -0.3034845 -0.5634343 -0.7684002 -0.3455625 -0.05318009 -0.9368876 -0.6731672 -0.6983103 -0.2433281 -0.8745867 -0.08087746 0.4780763 -0.7131637 -0.5856011 0.3853165 0.3114625 -0.1956257 -0.9299041 -0.01459731 -0.999875 -0.006069359 -0.867626 -0.1547946 0.4725079 -0.3139089 -0.02613715 0.9490933 -0.3122635 -0.1976221 0.9292131 -0.2301712 -0.7215694 0.6529615 -0.5345962 -0.265614 -0.8022818 0.3473165 -0.04511454 -0.9366621 0.9714436 -0.02951873 -0.2354273 0.2981657 -0.3287756 -0.8961048 0.9472351 -0.02003028 0.3199131 0.8965262 -0.260169 -0.3585426 -0.6073306 -0.04631614 -0.7930979 0.4817432 -0.7987726 -0.3603968 0.1496961 -0.8103134 -0.5665539 -0.5786543 -0.1396163 -0.8035338 -0.509099 -0.5834427 -0.6327819 -0.02502769 -0.9996509 -0.008465478 -0.7352059 -0.6305777 -0.2486847 -0.9475575 -0.01836307 -0.3190575 -0.8735744 -0.4251272 -0.2369275 0.9253662 0.06867035 0.3728025 0.9006627 -0.0546147 -0.4310731 -0.7895793 -0.581134 0.1970987 0.2765863 -0.956424 0.09355811 0.1981032 -0.8145884 0.5451613 -0.2397203 -0.8130819 0.5305017 -0.3173942 -0.3081521 0.8968295 -0.9489705 -0.1348868 0.2850622 -0.3047224 -0.05022262 0.9511162 -0.9641311 -0.04870517 0.2609195 0.6312461 -0.04581335 0.7742283 -0.9477676 -0.04628526 -0.3155856 0.5089955 -0.237454 0.8273688 0.9457366 -0.05798426 0.3197189 0.7819479 -0.4309261 0.4504 0.8451248 -0.4512702 0.2865645 0.7830856 -0.416799 0.4615794 0.8383811 -0.4655067 0.2835855 0.8936917 -0.4329088 0.1179202 0.9008954 -0.4197866 0.1103026 0.04797877 -0.7006527 0.7118875 0.4722464 -0.7010206 -0.534372 0.2579314 -0.9621516 0.08795258 0.7986283 -0.1472764 -0.583526 0.3274751 -0.03168933 -0.9443283 0.8853689 -0.03653171 -0.4634515 0.9393873 -0.0136099 0.3425876 0.9414879 -0.05745558 0.3321135 0.2651515 -0.1420833 0.9536808 0.3924508 -0.007267766 0.9197443 0.6746441 -0.4304145 0.5996655 0.840276 -0.4580408 0.2900602 0.6637745 -0.3977522 0.6334008 0.825822 -0.4852403 0.2873323 0.8989248 -0.4351036 -0.05117602 0.9106205 -0.4049518 -0.08236746 -0.3248981 0.05822284 0.9439551 -0.7339516 -0.02312751 0.6788079 -0.8522468 -0.1703126 0.4946402 -0.3246767 0.02252244 0.9455569 0.1312104 0.0267949 0.9909924 0.3758951 -0.1479137 0.914781 -0.9058239 -0.3258214 -0.270783 0.6643657 -0.7126267 0.2253473 0.7191313 -0.533983 -0.4446486 0.4826502 -0.617192 0.6213878 1.217194e-06 -1 2.501005e-08 -0.7577314 -0.6221922 0.1967736 -0.6634221 -0.7140141 -0.2237296 -0.3013627 -0.5287657 -0.7934654 0.2524526 -0.6138747 -0.7479476 -0.1766036 -0.834397 0.5221042 -0.317013 -0.1866936 0.9298646 -0.3132371 -0.189104 0.9306569 -0.09606183 -0.1799086 0.9789816 -0.5184806 -0.1859886 0.8346173 -0.5217026 -0.1838639 0.8330789 -0.09193128 -0.1772645 0.9798602 0.3083392 -0.09674149 -0.9463445 -0.4654828 -0.2838724 0.8382972 -0.1019739 0.9484663 0.3000216 -0.3141503 0.4916447 0.8121546 0.01588449 0.7032235 0.7107914 0.1018475 0.9420466 -0.3196486 -0.2396337 0.9560385 -0.1690149 0.2637749 0.956735 0.1228049 0.317607 0.8846401 -0.3413763 0.1110889 0.5677925 -0.8156414 -0.5655651 0.6622937 0.4914297 -0.07167669 0.596954 -0.7990672 0.2729213 0.8711575 0.408165 0.453105 0.8913633 0.01293519 -0.9631828 0.1741924 0.2047824 -0.6989909 0.7081076 0.09997625 -0.7601008 -0.1642344 0.628708 -0.7605346 0.1743946 0.6254387 -0.70191 0.5618979 -0.4377136 -0.8489792 0.1331139 -0.5113854 -0.9630134 -0.1708894 0.2083317 -0.3466156 -0.1151743 0.9309095 -0.3468838 0.1300471 0.9288484 -0.7023155 -0.5697096 -0.4268301 -0.6985663 -0.7062669 0.1148574 -0.5646448 -0.6530912 0.5046267 -0.1097399 0.1208051 -0.9865918 -0.3734664 -0.1414123 -0.9168017 -0.3732364 0.1267771 -0.9190333 0.03597866 -0.1024179 -0.9940906 -0.1098491 -0.1365039 -0.9845303 0.03595839 0.08675729 -0.9955803 -0.331568 -0.6455376 -0.6879999 -0.8492336 -0.1413678 -0.5087411 0.1115784 -0.58251 -0.8051288 -0.07187792 -0.6113538 -0.7880863 0.01575581 -0.6897697 0.7238574 -0.3137668 -0.477151 0.8209003 -0.1018457 -0.9420463 0.3196502 0.2638134 -0.9539512 0.142757 0.2722509 -0.8627015 0.4261755 -0.02233073 -0.1019143 0.9945425 0.1019739 -0.9484663 -0.3000218 -0.239745 -0.9593408 -0.1489547 -0.02232271 0.1176352 0.992806 -0.3307167 0.6328948 -0.7000505 0.3182351 -0.8914869 -0.3224554 0.4131584 -0.84449 0.3407886 0.4536773 -0.8680356 -0.2017201 0.1019739 0.9484663 0.3000216 -0.01588449 0.7032235 0.7107914 0.3141503 0.4916447 0.8121546 0.2396339 0.9560384 -0.1690151 -0.1018475 0.9420466 -0.3196486 -0.2637749 0.956735 0.1228049 0.07167682 0.596954 -0.7990672 0.5655654 0.6622934 0.4914297 0.6989909 0.7081077 0.09997608 -0.1110889 0.5677925 -0.8156414 -0.317607 0.8846401 -0.3413763 -0.453105 0.8913633 0.01293519 -0.2729213 0.8711575 0.408165 0.9631828 0.1741924 0.2047825 0.760535 0.174394 0.6254385 0.7601012 -0.1642339 0.6287078 0.9630134 -0.1708889 0.2083317 0.8489792 0.1331139 -0.5113854 0.3466161 -0.1151742 0.9309093 0.6985669 -0.7062664 0.1148567 0.702315 -0.5697094 -0.4268311 0.5646451 -0.6530909 0.5046268 0.3732363 0.1267773 -0.9190333 0.8492336 -0.1413678 -0.5087411 0.3734664 -0.1414125 -0.9168017 0.7019096 0.5618982 -0.4377138 0.1097399 0.1208052 -0.9865917 0.3315674 -0.6455376 -0.6880002 -0.03597866 -0.1024179 -0.9940906 -0.03595839 0.08675729 -0.9955803 0.1098491 -0.136504 -0.9845303 0.07187805 -0.6113538 -0.7880863 -0.1115784 -0.58251 -0.8051288 0.3137668 -0.477151 0.8209003 -0.01575581 -0.6897697 0.7238574 0.1018457 -0.9420463 0.3196502 -0.2638134 -0.9539512 0.142757 0.2397448 -0.9593408 -0.148955 -0.1019739 -0.9484663 -0.3000218 0.02233073 -0.1019143 0.9945425 0.02232271 0.1176352 0.992806 0.3468843 0.130047 0.9288483 0.3307163 0.6328948 -0.7000506 -0.3182351 -0.8914869 -0.3224554 -0.2722509 -0.8627015 0.4261755 -0.4131584 -0.84449 0.3407886 -0.4536773 -0.8680356 -0.2017201 -0.8495436 -0.03613785 0.5262791 -0.7422431 -0.01971204 0.6698407 -0.4917255 -0.02274919 0.8704531 0.9573607 -0.04689645 0.2850634 0.9320874 -0.05929353 0.3573478 0.9063193 -0.08559988 0.4138334 0.8474731 -0.1565369 0.5072333 -0.9984666 -0.03684982 0.04131021 -0.9866711 -0.03953915 0.1578505 -0.9573382 -0.04054122 0.2861118 -0.9294015 -0.03904773 0.3669988 -0.9017807 -0.03505266 0.4307701 -0.154596 -0.02813413 0.9875771 0.147273 -0.02384999 0.9888083 0.4815232 -0.05318922 0.8748179 0.9982776 -0.03681947 0.04567406 0.9852731 -0.03980855 0.1662896 0.9573251 -0.03976794 0.286264 0.932362 -0.03719604 0.3596074 0.9057279 -0.03360503 0.4225253 0.857415 -0.04003936 0.5130657 0.7431955 -0.06096969 0.6662905 0.9982714 -0.03679442 0.04583017 -0.4939941 -0.2629687 0.8287444 -0.155943 -0.3110445 0.9375143 0.1225038 -0.3118393 0.9422044 0.7072169 -0.2564941 0.6588285 0.429188 -0.3082656 0.8489817 -0.9267842 -0.06337885 0.3702084 -0.7392889 -0.186063 0.6471727 -0.1290151 0.9916426 -1.671785e-07 -0.1107086 0.9791864 0.1701104 -0.01469794 0.999892 -1.685692e-07 -0.7689232 0.467966 0.4356202 -0.4501066 0.7422574 0.4964454 -0.4347421 -0.236711 0.8688885 -0.4357534 0.8441412 0.3123214 -0.3451376 0.6729671 0.6542135 0.4390183 0.8421502 0.3131229 0.7795054 0.6257668 0.02805755 0.3319164 0.652971 0.6807792 0.7152039 0.6989158 -1.178284e-07 -0.3218496 -0.6001075 0.732314 -0.7834881 0.6214067 -1.047613e-07 -0.4853555 -0.8743169 1.473988e-07 -0.5440642 -0.7166802 0.4363068 -0.3087467 -0.7557589 0.577498 0.7147489 -0.6993795 0.001519279 0.4499013 -0.2388846 0.8605364 0.3495554 -0.5609041 0.750465 0.05801964 -0.9299017 0.3632033 0.1290151 0.9916426 -1.671785e-07 0.7689235 0.4679655 0.4356202 0.7834885 0.6214063 -1.047613e-07 0.1107086 0.9791864 0.1701104 0.4501066 0.7422574 0.4964454 -0.4390183 0.8421502 0.3131229 0.4357534 0.8441412 0.3123214 0.01469794 0.999892 -1.685692e-07 0.4347421 -0.236711 0.8688885 0.3451376 0.6729671 0.6542135 0.3218496 -0.6001075 0.732314 0.3087467 -0.7557589 0.577498 -0.7795054 0.6257668 0.02805755 0.5440638 -0.7166806 0.4363067 0.4853549 -0.8743172 1.473989e-07 -0.7147489 -0.6993795 0.001519279 -0.6879602 -0.6754541 0.2654666 -0.7152039 0.6989158 -1.178284e-07 -0.4499013 -0.2388846 0.8605364 -0.3319164 0.652971 0.6807792 -0.3495554 -0.5609041 0.750465 -0.05801964 -0.9299017 0.3632033 0.1292578 -0.991611 0.0002955819 0.01510512 -0.9998851 0.001301467 0.6879602 -0.6754541 0.2654666 -0.1292578 -0.991611 0.000295582 -0.01510512 -0.9998851 0.001301467 0.958164 0.2258749 -0.1757905 0.9706676 -0.1837341 0.1550682 0.9693111 -0.204351 -0.1366624 0.9706683 0.2075897 0.1212828 0.6704202 -0.5634486 0.4827655 0.776469 -0.6140472 0.1415696 0.8101397 0.1936741 -0.5533209 0.7544124 -0.6482528 -0.1031031 0.8150804 -0.1725032 0.5530702 0.06578876 0.9774061 -0.2008712 -0.05242617 0.965552 -0.254874 -0.07043168 0.993457 -0.0899035 0.07818554 0.9949869 -0.06235409 -0.2463958 0.8290808 -0.5019106 -0.2712995 0.9288011 -0.2524382 -0.3119659 0.9000768 0.3042023 -0.1011211 0.949276 0.2977409 -0.3205619 0.9453849 -0.05905475 0.278689 0.9410756 -0.1915964 0.05140024 0.9556278 0.2900579 0.3096659 0.9111432 0.2718917 -0.9519083 0.2185128 -0.2147619 -0.9651057 -0.1815845 0.1886744 -0.9663787 0.2092927 0.149361 -0.5759816 0.5794943 -0.5765688 -0.7589365 0.1748092 -0.6272616 -0.9641247 -0.2019547 -0.1722726 -0.7743792 -0.609959 0.168187 -0.6488639 -0.5380413 0.5380401 -0.6987471 0.6698243 -0.2511729 -0.7766013 -0.1630458 0.6085281 -0.7857514 0.1908946 0.5883485 0.09242732 0.1546513 -0.9836362 -0.08901007 -0.1629993 -0.9826029 -0.0828773 0.1330797 -0.9876341 0.4277124 -0.1964894 -0.8823004 0.1049363 -0.1844334 -0.9772271 0.1061562 -0.5840317 -0.8047595 -0.08464573 -0.5364558 -0.8396727 -0.3716265 -0.1628905 -0.9139805 0.3819168 -0.5886953 -0.7124447 -0.327818 -0.8181058 0.4724809 -0.3278185 -0.4724822 0.8181049 -0.09634726 -0.9860226 0.1359291 -0.1182703 -0.8681578 0.4819898 -0.3708872 -0.9184966 0.1371375 0.1173859 -0.9904099 -0.0728617 0.07995577 -0.9903094 0.1135536 0.04405357 -0.8974079 0.438997 -0.1115985 -0.9892589 -0.09440643 -0.1703971 -0.1728676 0.9700936 -0.3681677 -0.1322517 0.9203054 -0.1510365 -0.4975519 0.8541839 0.01526286 -0.5585306 0.8293435 -0.1685832 0.1829187 0.9685662 -0.3691351 0.1598522 0.9155253 -0.7526977 -0.6455768 -0.1291385 -0.3782964 -0.9208672 -0.09431541 -0.332345 0.5535004 0.7636649 -0.6465149 0.6160548 0.4499943 -0.1498046 0.5722823 0.8062577 0.01775756 0.6137872 0.7892718 -0.7464081 0.6638221 0.04706531 -0.3383939 -0.8524689 -0.3984801 -0.632308 -0.5954944 -0.4955533 -0.3356388 -0.5352128 -0.7751734 0.1112231 -0.9137465 -0.3907644 -0.1000139 -0.8885441 -0.4477573 -0.7797868 -0.1893385 -0.5967273 -0.3571448 0.1348164 -0.9242684 -0.05236331 0.8539649 -0.5176892 -0.2855829 0.4837795 -0.8272846 -0.0654243 0.4978659 -0.8647828 0.07940703 0.561279 -0.8238085 0.3242763 -0.851966 0.4110947 0.3390531 -0.5339732 0.7745422 0.3639389 -0.9248717 0.1102759 0.3773206 -0.923223 -0.07272144 0.3963557 -0.1594758 0.9041403 0.8231098 0.1916251 0.5345747 0.3961289 0.1821952 0.8999371 0.06600313 0.2242243 0.9722999 0.06899058 -0.2174476 0.9736308 0.3243957 0.9449074 -0.04378935 0.6657 0.6223662 0.4117085 0.7455206 0.6652145 0.04109349 0.3407871 0.596664 0.7265372 0.6979712 0.6896816 -0.1928092 0.3559564 -0.8727981 -0.333944 0.665503 -0.6155771 -0.4221026 0.416223 0.1674259 -0.8937153 0.8294124 -0.1996053 -0.5217594 0.2632048 0.8696605 -0.4176287 0.6118057 0.6180948 -0.4936119 0.06488246 0.8938282 -0.4436906 0.3340055 0.5589562 -0.7589521 -0.1793792 0.1793788 0.9672881 0.1478966 0.6993325 0.6993288 -0.1478966 0.6993325 0.6993288 -0.577351 0.5773497 0.5773501 -0.6993302 0.1478949 0.6993314 0.1793786 -0.1793787 0.9672883 0.1793792 0.1793788 0.9672881 0.1478949 -0.6993303 0.6993313 0.5773505 -0.5773501 0.5773502 -0.179379 -0.179379 0.9672881 -0.1478949 -0.6993305 0.6993311 0.6993302 0.147895 0.6993314 0.577351 0.5773497 0.5773501 0.69933 -0.1478946 0.6993316 -0.6993302 -0.1478946 0.6993315 -0.5773506 -0.5773502 0.57735 0.967288 0.1793789 0.1793796 0.9807852 -0.1950908 3.288985e-08 0.9807853 0.19509 -3.288971e-08 0.967288 -0.1793794 0.1793793 0.6993304 -0.6993312 0.1478946 0.7071065 -0.7071071 1.192093e-07 0.6993283 0.6993331 0.1478956 0.1950871 0.9807859 -1.653481e-07 -0.1950871 0.9807859 -1.653481e-07 -0.1793773 0.9672888 0.1793773 0.1793773 0.9672888 0.1793773 -0.6993283 0.6993331 0.1478956 -0.9807853 0.19509 -3.288971e-08 -0.967288 -0.1793795 0.1793795 -0.967288 0.1793789 0.1793796 -0.9807852 -0.1950908 3.288985e-08 -0.6993305 -0.6993313 0.1478942 -0.1793792 -0.967288 0.1793795 0.1793791 -0.9672881 0.1793793 -0.1950903 -0.9807853 1.65348e-07 -0.7071065 -0.7071071 1.192093e-07 -0.7071047 0.7071088 -1.192096e-07 0.1950903 -0.9807853 1.65348e-07 0.7071047 0.7071088 -1.192096e-07 0.4919102 0.7267105 0.4794958 0.2600841 0.3287967 0.9078816 0.133023 0.8657002 0.482564 -0.2319331 0.9645869 -0.1256155 -0.4918534 0.4788538 0.7271721 0.6866022 0.132774 0.7148066 0.5031079 0.04078183 0.8632608 0.2925632 0.5331793 0.7938052 -0.03967971 0.9577831 0.2847404 -0.6244132 0.684504 0.3762477 -0.3210789 0.9429951 -0.08757046 0.3368947 0.7167305 0.610573 -0.7674762 0.3756281 0.5195034 -0.1683474 0.6266288 0.7609175 -0.07447784 0.1404921 0.9872766 -0.3914508 0.7219938 -0.5705184 -0.3372781 0.8311681 0.4420441 0.1985881 -0.1124177 0.9736144 -0.3595317 0.1008279 0.9276695 -0.30242 -0.2555532 0.9182781 -0.4512068 0.0019771 0.8924172 -0.6914854 0.008951286 0.722335 -0.7980379 -0.003451326 0.6025973 0.3634219 -0.5644018 0.7411985 -0.6348211 0.7293637 0.2550112 -0.5898184 0.4253893 -0.6864097 0.8347383 0.5506467 0.0004565308 0.1676703 0.9687499 -0.1827847 0.168793 0.9852706 -0.02739869 0.9936262 -0.1047642 -0.04161061 0.4067728 0.8222506 -0.398045 0.9250054 0.3456557 0.1577566 0.2510438 0.961517 -0.1116334 0.06415261 0.9621068 -0.2650186 0.2269108 0.941724 -0.2483293 0.1740112 0.6914877 0.7011168 0.06528756 0.9972186 -0.03595183 -0.02043653 0.971297 -0.2369903 -0.3703457 0.4068721 -0.8350444 -0.7028814 0.7082174 0.06622614 0.8042688 0.09445316 0.5867114 -0.3391391 0.6887847 0.6407498 -0.5207811 0.7249369 -0.4508365 -0.4063478 0.6477157 -0.6444733 -0.7475307 0.6334823 0.1997447 -0.2034766 0.5114668 -0.8348646 -0.3005723 0.5942891 -0.7459737 -0.5903383 0.806092 -0.04142925 -0.6694455 0.007174396 -0.7428265 -0.1699942 0.3062795 -0.9366402 -0.6527497 0.06962954 -0.754367 0.8694065 -0.2548453 -0.4233038 0.7955796 -0.5948587 0.1148744 0.7955795 -0.5948589 0.1148745 0.7955782 -0.5948607 0.1148737 0.7955794 -0.5948588 0.1148755 0.8312079 -0.3488868 -0.4328642 0.9404202 -0.2628943 -0.2156304 0.7713876 0.371554 -0.5166321 0.8236231 0.1554478 -0.5454181 0.4570105 -0.1242539 -0.8807397 0.7713889 0.3715576 -0.5166276 0.8387163 -0.4403083 -0.3204427 0.4990636 -0.5535138 -0.6667518 0.8299884 -0.2372818 -0.5047936 0.7023235 -0.694543 -0.1560503 0.493425 -0.8135203 0.3077605 0.6796772 -0.7332742 -0.01864946 0.7955795 -0.5948587 0.1148754 0.7955799 -0.5948586 0.1148732 0.7419956 -0.6341831 0.2173806 0.1937156 -0.9615819 0.1945109 -0.0371273 -0.9264993 0.3744604 0.09770968 -0.9581447 0.269094 0.7955791 -0.5948596 0.114874 0.5370229 -0.7415154 -0.4021956 -0.05272845 -0.5471742 -0.8353563 0.4559023 -0.7390251 -0.4959789 0.1850802 -0.8690063 -0.4588827 -0.2283278 -0.5365654 -0.8123817 -0.3653004 -0.7834612 -0.5027367 -0.2218488 -0.9228749 -0.3147779 0.1441281 -0.8483888 -0.5093756 0.4409544 -0.1417438 -0.8862663 0.2224353 -0.9222688 0.3161373 0.435025 -0.8958212 0.09087129 0.1107777 -0.9181367 -0.3804646 0.185082 -0.8690056 -0.4588833 -0.05272864 -0.5471741 -0.8353563 0.1359644 -0.6291693 -0.7652841 -0.04605216 -0.7212305 -0.6911626 -0.05105341 -0.8045358 -0.5917057 0.1368628 -0.6953236 -0.705545 -0.9414057 0.2846062 -0.1809824 -0.958136 0.2340635 -0.164893 -0.7757079 0.5928331 0.2163936 -0.7566681 0.6459378 0.1010827 -0.726197 0.6040741 -0.3282262 -0.4265327 0.6156991 -0.662559 -0.9273327 -0.331597 -0.1734862 -0.9800875 0.06049294 -0.1891272 -0.7668036 -0.464022 -0.4435039 -0.4911224 0.4095063 -0.7688325 -0.7035592 0.003413668 -0.7106285 -0.9518903 -0.1739931 0.2522522 -0.9869097 0.0204423 -0.1599731 -0.7935335 0.04007214 -0.6072057 -0.8689702 -0.1551061 -0.4699286 -0.4934231 0.8135219 -0.3077592 -0.8417405 0.4838861 -0.239431 -0.6219871 0.75892 -0.1928018 0.165438 0.9641583 -0.2074345 -0.3300761 0.8106556 -0.4836189 -0.5777031 0.3741602 -0.7254401 -0.3507337 0.442332 -0.8254261 -0.6223871 0.06801958 -0.7797484 -0.7000807 0.1593762 -0.6960504 0.6317803 0.7750094 -0.014632 0.6501577 0.7591298 -0.031891 0.36782 0.918832 -0.1430249 -0.1876245 0.9779911 -0.09127139 -0.3297393 0.9384072 0.1032666 0.07441783 0.9633304 -0.2577918 0.5131517 0.8577281 -0.03127087 -0.2218495 -0.9228744 -0.3147787 -0.7570349 0.2034964 -0.6208764 -0.3441017 -0.1425867 -0.9280426 -0.07781135 0.003564788 -0.9969617 0.05560428 -0.3001355 -0.9522746 -0.7350084 -0.6765071 -0.0458345 0.5260362 -0.7418566 -0.4158542 -0.2933683 -0.88105 0.3710605 -0.2933687 -0.8810497 0.371061 -0.2933682 -0.8810513 0.3710575 -0.7995197 -0.5827205 -0.1456194 -0.9040976 -0.3129635 -0.2909663 -0.7120407 -0.6468483 0.273103 -0.2933699 -0.881047 0.3710664 -0.9039614 -0.03977346 -0.4257603 -0.6928106 0.5719256 -0.4392204 -0.7946015 0.2301533 -0.5618167 -0.6657252 -0.5532255 0.500751 -0.2933674 -0.8810492 0.3710632 -0.7713891 -0.3715508 0.5166323 -0.5565926 -0.7627323 0.3293085 -0.8689705 -0.1551061 -0.469928 -0.3354885 -0.9172824 0.2145703 -0.7486705 0.3664827 -0.5524337 -0.4008823 0.5048569 -0.764469 0.5436329 0.2371416 -0.8051255 0.6777053 0.1625086 -0.7171517 0.9082108 -0.05984706 -0.414212 0.2622305 -0.204522 -0.9430832 0.4662711 0.8458703 -0.2590266 0.1571272 0.8829054 -0.4424806 0.4221861 0.5807616 -0.6960423 0.07348995 0.9122434 -0.4030027 -0.4658617 0.4004648 -0.7890506 -0.2847199 -0.05508958 -0.9570265 -0.9054046 0.1248258 -0.4057844 -0.896462 0.2057386 -0.3924635 -0.8657282 0.2246794 -0.4472515 -0.5135233 0.4859692 -0.7071971 -0.8476342 0.1476817 -0.5096139 -0.9058975 0.2077089 -0.369062 -0.6479615 -0.1995996 -0.735055 0.5551043 0.1991481 -0.8075885 0.4450657 0.6932694 -0.566828 0.7102969 0.2803887 -0.6456474 0.8709399 -0.3682432 -0.3253622 0.5025663 -0.008243718 -0.8644994 0.7104168 0.3994025 -0.5794701 0.3507401 0.2875691 -0.8912269 0.686262 0.7065614 -0.1726717 0.1301547 0.7060661 -0.6960821 0.6194569 0.6902485 -0.3739387 0.650832 0.7291908 -0.2114199 0.6521907 0.432286 -0.6227167 0.8830528 0.4606567 0.08951639 0.9788413 -0.1000877 0.1784717 0.8072542 0.1218494 0.5774889 0.964264 -0.1540928 0.2155234 -0.5802669 0.7130041 -0.3935931 -0.5745824 0.7157254 -0.3969789 0.4808897 -0.3940838 -0.783226 0.7639903 -0.4199693 -0.4898414 0.9859787 -0.1621975 -0.03921644 0.9288558 -0.0201861 -0.3698912 0.7123537 0.4790269 -0.5129185 0.2090151 -0.0554964 0.9763364 0.6484974 0.06612191 0.7583396 0.7553415 0.1317298 0.6419552 0.4899258 0.2573951 0.8328989 -0.4164479 0.7357478 0.5340846 -0.09733588 0.4203522 0.9021251 -0.1579641 -0.4662233 0.87045 -0.05537877 0.4820299 0.8744029 0.3005888 0.5359552 0.7889223 0.3014486 0.0447889 0.9524299 0.07964553 0.5497773 0.8315056 0.5285437 0.4004105 0.7485406 0.4745681 0.5346174 0.6992635 -0.2387001 0.7668282 -0.5958161 -0.8485935 0.01128003 0.5289251 -0.9732252 0.2193352 -0.06873626 -0.9111077 -0.3704412 0.18071 -0.9610853 -0.2762517 -5.095817e-07 -0.8403347 0.0272955 -0.5413802 -0.8055726 0.5186316 -0.2864856 0.4934241 -0.8135208 0.3077606 0.5393474 -0.7136416 0.4470124 0.734143 -0.6730286 -0.08981371 -0.1265978 -0.9611458 0.2452995 -0.03692454 -0.9244385 0.3795392 0.7230217 -0.6807885 0.1173312 0.6535501 -0.6351854 0.4115968 0.8285226 -0.241734 -0.5050892 0.7782356 -0.5506524 -0.3018795 0.8073611 -0.5893263 0.02936922 6.878641e-07 -1 -9.993756e-08 0.2771285 -0.9607997 -0.007980183 0.7227797 -0.4481364 0.526083 -0.1434975 -0.6690928 0.7291936 -0.4982785 -0.8574987 0.128119 0.0259025 -0.9414235 0.3362305 -0.03733211 -0.9285372 0.3693576 -0.03712859 -0.9264993 0.3744602 -0.03692637 -0.924438 0.3795402 0.8926345 -0.2880269 -0.3467623 0.8094379 0.2470072 -0.5327267 0.8172251 -0.5587642 -0.1411584 0.7580133 0.3506313 -0.549976 0.888892 0.1714732 -0.4248152 0.9392975 -0.2176574 -0.2652271 0.6090395 0.3889991 -0.691195 0.5583782 0.7551976 -0.3433517 0.8926347 -0.2880277 -0.3467611 0.5765851 0.2915599 -0.7632447 0.8541408 -0.05084342 -0.5175504 0.5337167 -0.7782552 -0.3308554 0.4658302 0.4168649 -0.7805292 0.02145201 0.7323447 -0.6805961 0.04338854 0.979822 -0.1951057 0.2609947 0.9578103 0.1203376 0.3216994 -0.3658478 -0.8733069 0.7185792 -0.2851537 -0.6342959 0.7671865 -0.4541927 -0.4529172 0.986648 0.1335496 -0.09322104 0.8494873 0.2463493 -0.4665654 0.5565958 0.7627258 -0.3293181 0.8379264 0.5394875 0.08265926 0.9461352 0.2854701 -0.152758 0.465831 0.416863 -0.7805298 0.4253291 0.7874765 -0.4460672 0.6200319 0.7231223 0.3043922 0.6776968 0.6398784 -0.3623295 0.4782806 0.8497028 0.2219298 -0.01202151 0.1696365 -0.9854334 0.8299884 -0.2372823 -0.5047935 0.2832688 -0.3397649 -0.8968381 -0.8689703 -0.1551057 -0.4699286 -0.4934241 0.8135207 -0.3077608 0.0341909 -0.1761415 -0.9837709 0.5565923 0.7627325 -0.3293086 0.8209692 -0.5675478 -0.06244283 0.9461353 0.2854695 -0.1527586 0.3217008 -0.3658483 -0.8733061 0.4227955 -0.5458364 -0.7233994 -0.3909665 -0.3313867 -0.8586781 -0.6573441 0.4991135 -0.5646099 -0.4708592 0.2231909 -0.8535089 0.04791352 0.9986703 -0.01902305 0.6193934 0.7224826 0.307198 0.6193974 0.7224804 0.3071953 -0.5337105 0.7782607 0.3308525 -0.586924 -0.6591666 0.4701273 -0.5765852 -0.2915567 0.7632458 -0.5765914 -0.2915451 0.7632456 -0.5765884 -0.2915578 0.763243 -0.3654479 -0.7926123 0.4880713 -0.8299894 0.237279 0.5047933 -0.04791329 -0.9986703 0.01902279 -0.03755469 -0.9307475 0.3637289 -0.3200905 -0.5480284 0.7727917 -0.7453525 -0.6090113 0.27121 -0.5765875 -0.2915583 0.7632435 -0.4857134 -0.3962658 0.779138 -0.4807892 0.039763 0.8759341 -0.4578532 0.6123597 0.6445045 -0.9219858 -0.007420663 -0.3871526 -0.9453795 -0.2199234 -0.2406062 -0.5565925 -0.7627324 0.3293084 -0.6193947 -0.7224816 -0.3071978 -0.9915581 -0.1120338 -0.06527634 -0.9187864 0.06669592 -0.3890798 -0.8299882 0.2372824 0.5047937 -0.9689577 -0.2459282 0.02530571 -0.6031246 0.02602876 0.7972222 -0.466976 0.630261 0.6202455 -0.5337023 0.7782606 0.330866 -0.8520837 -0.5216353 -0.0430121 -0.03755458 -0.9307471 0.3637301 -0.2844227 -0.9447183 0.1631292 -0.8250005 -0.5492766 -0.1329259 -0.8860436 -0.2863887 -0.3645658 -0.9589586 -0.06976767 0.2748287 -0.9287444 -0.3463552 -0.1321812 -0.2918434 -0.5637907 0.7726367 -0.4137712 -0.8808803 0.2298767 -0.2330436 -0.9133648 0.3338493 -0.5582463 -0.5693808 0.6034621 -0.4846476 -0.3801498 0.7877835 0.2379499 -0.821427 0.5183025 0.1519902 0.3950358 0.9060053 -0.8220597 0.2910992 0.4893661 0.2365101 -0.8220831 0.5179212 -0.2232974 -0.9083244 0.3536738 -0.8201903 0.2392096 0.5196793 -0.9941868 -0.05078344 0.0949402 0.7227104 0.2350132 0.649968 -0.7252405 0.4091091 -0.5537653 -0.4106827 -0.9055294 -0.1065655 -0.4137715 -0.8808785 0.2298833 -0.693748 0.7191896 -0.03847071 -0.7242365 0.6895384 -0.004282001 -0.1066442 0.9854996 0.1319759 -0.7027604 0.7113432 0.0108902 0.3390646 -0.1050278 0.934882 0.4825981 0.7102925 0.5124291 0.03585763 0.9450547 -0.3249397 0.4445925 0.8912344 0.08965885 0.4425337 0.4246563 0.7898297 0.4305498 0.8685189 -0.2455642 -0.8814695 0.09044441 -0.463499 0.02986883 -0.6424645 0.7657331 0.0621243 -0.08749436 0.994226 0.5433556 -0.7625563 0.3511019 0.9412569 -0.3215999 0.1029997 -0.7644401 -0.5194379 0.3818582 -0.421756 -0.758312 0.4970762 0.01525899 0.03171578 0.9993804 0.1316258 0.3932976 0.9099405 0.2058609 -0.3410308 0.9172346 0.04940953 0.852112 0.5210219 -0.5074856 -0.7528353 0.4191627 0.648588 -0.7285838 -0.2202254 0.05885438 0.4833699 0.8734356 0.1791751 -0.9838026 -0.005354367 -0.2331794 -0.9723682 0.0112851 0.5486664 -0.7847113 -0.2884326 -0.1484411 0.6156242 0.7739328 0.3945877 0.9116625 0.1147697 -0.4655528 0.855018 0.2284836 0.6163441 0.7589885 0.2098962 -0.5222689 0.8517098 0.04272822 0.0667548 0.8732895 0.4826067 -0.6195663 0.7205397 -0.3113842 -0.9806452 0.1039173 -0.1659402 -0.5096592 0.8008956 0.3143465 -0.4918444 0.7996494 0.3444559 -0.1158527 0.9726614 -0.2012657 -0.9868697 0.1446295 -0.07190624 0.4523462 -0.8918412 -0.001494242 -0.07912063 -0.9328647 0.3514304 -0.07911832 -0.9328628 0.3514361 0.8444389 -0.07738653 0.5300323 -0.01456534 -0.5389493 0.8422123 0.7417275 -0.5681316 0.3564641 0.5849166 0.8062526 0.08848366 -0.07911921 -0.9328653 0.3514293 0.7331639 -0.3755476 0.5669521 0.6220918 -0.722174 0.3024343 0.06234705 -0.9951385 0.07623812 0.5262691 -0.6242613 -0.5773549 -0.060886 -0.9953781 -0.07426574 -0.4911239 -0.7946517 0.3568278 0.2806531 0.414912 0.8654952 -0.2884101 0.1865488 0.9391588 0.9968537 -0.07922857 0.002371052 -0.08233158 -0.9704973 0.2266198 -0.07903777 -0.9307706 -0.3569582 0.3085161 -0.7939953 -0.5238218 0.9625218 0.2680026 0.04154907 0.8628832 0.4699257 -0.1860174 0.403582 0.8483657 -0.3426329 -0.002811881 0.9979137 -0.06450079 0.1893 0.9766996 -0.1011113 -0.572097 0.5114733 -0.6411709 -0.8590215 0.4937436 -0.1352754 -0.329658 0.7563448 -0.5650382 0.9189105 0.3939346 0.02047037 0.7226604 -0.448516 -0.5259233 -0.4911245 -0.7946512 0.356828 -0.4911212 -0.7946517 0.3568314 -0.525731 -0.8506509 -1.423636e-06 -0.6798903 -0.6681999 0.3020897 0.8908116 0.2411791 -0.3850809 0.364314 0.3858937 -0.847562 0.06351936 0.9960739 0.0616605 0.8721546 0.4619261 -0.1611543 -0.2287121 0.7155784 0.6600291 -0.128867 0.5047799 -0.8535752 -0.17308 0.916234 -0.3613289 -0.2386087 0.9509799 -0.196731 -0.2510147 0.5678278 0.7839408 -0.6101766 0.7490872 0.2579784 0.5878135 0.7742441 0.2345663 -0.9009986 0.4276281 0.07304596 0.5588377 0.7819999 0.2760011 0.5905145 0.6408503 0.4905135 0.2978943 0.7608224 0.5765486 0.6256527 0.723462 0.2918244 0.6137197 0.7417938 0.2703517 0.6829369 0.4367039 -0.5855654 -0.3006205 -0.1220046 0.9459081 -0.5001499 -0.2167707 0.8383678 0.3583215 -0.08861437 0.9293832 0.3586267 -0.08584585 0.9295254 -0.9012231 -0.2485779 -0.3549731 -0.9807837 0.1539897 -0.119794 -0.6903562 0.2099536 -0.6923351 -0.9872444 0.1527405 -0.04493128 -0.204596 -0.9535436 0.2211221 0.4726422 -0.4054515 -0.7824439 0.7385533 0.1919133 0.6463035 -0.3015514 0.9339439 0.191874 -0.3741714 0.3214045 -0.8698821 -0.8765313 0.212662 -0.4318191 -0.7955787 0.5948598 -0.1148759 -0.8393035 -0.4027378 -0.3652012 0.02145331 0.732345 -0.6805958 0.622052 0.5077388 -0.5960307 0.7713874 0.3715542 -0.5166322 0.1727282 0.2962154 0.9393729 -0.9877898 0.155123 0.01443071 -0.8694112 -0.07220738 0.4887845 -0.8545559 -0.06669883 0.5150587 0.6666002 -0.1965722 0.7190296 0.5473149 -0.5193229 0.6563156 0.4869164 -0.08870265 0.8689328 -0.9163707 0.3999376 0.01773889 -0.6896927 -0.5398231 0.4826127 -0.95764 -0.2860144 -0.03348746 -0.9571908 -0.288321 -0.02562752 -0.5183419 -0.06542362 0.8526672 -0.3216977 0.3658503 0.8733064 -0.3929514 -0.9189546 0.03334129 0.2365107 -0.822081 0.5179242 0.2365083 -0.8220842 0.5179203 0.2365104 -0.8220829 0.5179214 -0.41377 -0.880881 0.2298764 -0.2933675 -0.8810487 0.3710642 -0.04791533 -0.9986701 0.019028 -0.09436843 -0.90636 0.4118328 -0.289708 -0.9485907 0.1274555 -0.1596788 -0.9792262 0.1249746 -0.02130879 -0.9881915 0.151735 0.0168857 -0.9420958 0.3349186 -0.07561272 -0.706718 0.7034432 -0.2672325 -0.8402625 0.4717475 -0.1037099 -0.9945872 -0.006365235 -0.2855561 -0.9583603 -0.001808122 -0.4450687 -0.8954786 0.005646879 -0.2078569 -0.5908943 0.7795123 0.06231469 -0.5013501 0.8629977 -0.06235671 -0.520325 0.8516887 -0.4225025 -0.8394028 0.3418985 -0.05596329 -0.378718 0.9238186 -0.3193335 -0.5440848 0.7758852 -0.5539386 -0.7638287 0.3312368 -0.4268517 -0.4834016 0.7642778 -0.2422731 -0.3242454 0.9144226 -0.4602332 -0.3237035 0.826681 -0.1473847 -0.3360409 0.9302442 -0.6936474 -0.6288523 0.3512805 -0.5969861 -0.8022001 0.009085344 -0.1598813 -0.0602732 0.9852944 -0.3081493 0.08806824 0.9472529 -0.2844053 -0.07261343 0.9559503 -0.2508387 -0.1976801 0.94763 -0.1295021 -0.1770209 0.9756499 -0.04275665 -0.2179556 0.9750217 -0.8689759 -0.4710143 0.1517443 -0.8136397 -0.228148 0.5347326 -0.962744 -0.2233795 0.1523992 -0.883517 -0.4683981 -0.0009395154 -0.7458996 -0.6660332 0.005781982 -0.7306391 -0.4107786 0.545369 -0.5886928 -0.1064068 0.8013229 -0.9143924 -0.008270803 0.4047444 -0.9872809 -0.1589856 -0.0002968702 -0.6186267 0.1355761 0.7738993 -0.4000003 -0.08424948 0.9126345 -0.04976173 0.2159377 0.9751383 -0.06255698 0.3687165 0.9274345 -0.1772328 0.3364269 0.9248813 -0.1367933 0.1792697 0.9742433 0.04779226 0.06699299 0.9966082 0.04715907 0.2227786 0.9737277 -0.05185644 0.06358574 0.9966282 -0.2650917 0.2040725 0.9423804 -0.1760264 0.06655346 0.9821331 -0.344969 0.3538793 0.869348 -0.4875443 0.299847 0.8199953 -0.04621993 -0.06268164 0.9969628 -0.3062025 0.9441956 0.1213864 -0.2851116 0.8369084 0.4672212 -0.1602607 0.8818496 0.4434611 -0.1470882 0.9820002 0.118493 -0.4646698 0.8854705 0.004894574 -0.4355316 0.840603 0.3220231 -0.07825631 0.7017004 0.7081613 -0.01812151 0.9423839 0.3340423 -0.3048276 0.9524066 -0.001303518 -0.2210329 0.5942924 0.7732793 -0.3849797 0.5907154 0.7091163 0.07897323 0.7232351 0.6860716 0.0279874 0.9523944 0.3035813 -0.06812062 0.5064869 0.8595526 -0.5706 0.7573966 0.3174368 -0.2866307 0.4345633 0.8538135 -0.8545957 0.1810855 0.4866973 -0.9461874 0.2885027 0.1466138 -0.9797555 0.07164992 0.1869369 -0.8684721 0.471224 0.1539615 -0.7490001 0.4239686 0.5091655 -0.8791251 0.4765859 -0.002223551 -0.978819 0.2045593 -0.008303524 -0.7527034 0.6583598 0.0001105379 -0.4301664 0.1021422 0.8969525 -0.7415211 0.6534416 0.1521859 -0.6018826 0.5509676 0.5780761 -0.6100606 0.7923392 0.004967246 0.2796762 -0.8967201 0.3430368 0.1524797 -0.8767206 0.4561918 0.1430395 -0.9830638 0.1145659 0.2863839 -0.9581109 0.002792299 0.4101103 -0.8538508 0.3205439 0.0779423 -0.7006092 0.7092755 0.2275835 -0.588315 0.7759454 0.09768484 -0.9952163 -0.001493481 0.4429669 -0.8964991 0.008352178 0.3461271 -0.5643129 0.7494978 0.2390053 -0.331421 0.9127084 0.1492174 -0.3266942 0.9332765 0.5647586 -0.7540106 0.3354335 0.5970495 -0.8021544 0.008952257 0.6879442 -0.6289253 0.3621958 0.4178578 -0.4387645 0.7955379 0.04556177 -0.323437 0.9451522 0.249216 -0.1998697 0.9475988 0.8493097 -0.1427567 0.5082258 0.870168 -0.4668978 0.1575248 0.9536652 -0.2569653 0.1564975 0.9789206 -0.01258404 0.2038533 0.7340854 -0.4099569 0.5413446 0.9187534 0.06245326 0.3898612 0.8849985 -0.4655899 -0.001925605 0.6011624 -0.1046797 0.7922411 0.4749099 -0.3028234 0.8262921 0.4113792 -0.08064948 0.9078892 0.6079519 0.1352922 0.7823621 0.4184912 0.1054533 0.902078 0.2930437 -0.07350364 0.9532694 0.7459576 -0.6659699 0.005606276 0.04329688 -0.06228173 0.997119 0.08010295 -0.1770402 0.9809385 0.1661535 -0.06336587 0.9840619 0.06686141 0.5212844 0.8507597 0.151084 0.9391407 0.3085262 0.2231818 0.5934575 0.7733034 0.2891923 0.8342536 0.4694559 0.3032516 0.9457692 0.1164435 -0.1095457 0.9939817 -0.0003197248 0.1263644 0.9919747 -0.004280567 0.4485262 0.8308488 0.3294156 0.05953053 0.3806857 0.9227863 0.3373155 0.5494132 0.7644366 0.157947 0.3402471 0.9269761 0.3859868 0.9224951 -0.00412178 0.2576473 0.3309301 0.9078013 0.4782244 0.3364291 0.811244 0.58142 0.747327 0.3216414 0.4461786 0.4893991 0.7492751 0.7509491 0.6603424 0.004835247 0.6003019 0.7997609 0.004490992 0.7089311 0.6186101 0.3387304 0.1686838 0.06741909 0.9833618 0.2655426 0.2070962 0.9415935 0.1382602 0.1813749 0.9736464 0.2992129 0.08724571 0.9501894 0.8664993 0.4787439 0.1413622 0.7394893 0.4204038 0.5257531 0.8192716 0.2582093 0.5119786 0.9556809 0.2575653 0.142598 0.8777406 0.4791323 -0.001930391 0.9789986 0.2038656 -0.0007729712 0.9870867 -0.159916 -0.009309106 0.0943679 -0.9063601 0.4118325 0.2897074 -0.9485909 0.1274555 0.2672321 -0.8402626 0.4717475 0.02130888 -0.9881915 0.151735 0.159678 -0.9792264 0.1249743 0.1037094 -0.9945873 -0.006365202 -0.09768484 -0.9952163 -0.001493481 -0.01688569 -0.9420958 0.3349186 0.2855556 -0.9583604 -0.001808087 0.4450687 -0.8954786 0.005646879 0.4225025 -0.8394028 0.3418985 0.07561273 -0.7067183 0.703443 0.2078567 -0.5908944 0.7795123 -0.07794207 -0.7006093 0.7092755 -0.062315 -0.5013503 0.8629975 0.06235655 -0.520325 0.8516887 0.3193335 -0.5440848 0.7758852 0.05596314 -0.378718 0.9238186 0.5539386 -0.7638287 0.3312368 0.4268517 -0.4834016 0.7642778 0.4602332 -0.3237035 0.826681 0.2422731 -0.3242454 0.9144226 0.6936474 -0.6288523 0.3512805 0.5969861 -0.8022001 0.009085344 0.1598813 -0.06027319 0.9852944 0.3081493 0.08806824 0.9472529 0.1760263 0.06655342 0.9821331 0.129502 -0.1770209 0.97565 0.2508387 -0.1976801 0.94763 0.04621983 -0.06268163 0.9969628 0.2844053 -0.07261343 0.9559503 0.04275653 -0.2179556 0.9750217 0.1473846 -0.3360409 0.9302442 -0.04556193 -0.323437 0.9451522 0.8689759 -0.4710143 0.1517443 0.8136397 -0.228148 0.5347326 0.7306391 -0.4107786 0.545369 0.962744 -0.2233795 0.1523992 0.9143924 -0.008270803 0.4047444 0.9872809 -0.1589856 -0.0002968702 0.883517 -0.4683981 -0.0009395154 0.5886928 -0.1064068 0.8013229 0.7458996 -0.6660332 0.005781982 0.4000003 -0.08424948 0.9126345 0.6186267 0.1355761 0.7738993 0.4301664 0.1021422 0.8969525 0.04976143 0.2159376 0.9751383 -0.04715906 0.2227786 0.9737277 -0.04779226 0.06699299 0.9966082 0.0518562 0.06358572 0.9966282 0.136793 0.1792697 0.9742433 0.1772326 0.3364268 0.9248814 0.06255686 0.3687164 0.9274345 0.2650917 0.2040725 0.9423804 0.344969 0.3538793 0.869348 0.4875443 0.299847 0.8199953 0.3062019 0.9441958 0.1213867 0.147088 0.9820002 0.1184938 0.1602596 0.8818498 0.443461 0.2851111 0.8369086 0.4672212 0.4646698 0.8854705 0.004894574 0.3048273 0.9524067 -0.001303497 0.01812145 0.9423839 0.3340423 0.1095454 0.9939817 -0.0003196982 0.07825624 0.7017007 0.7081611 0.4355316 0.840603 0.3220231 0.2210327 0.5942925 0.7732794 0.3849797 0.5907154 0.7091163 0.06812043 0.5064869 0.8595526 0.5706 0.7573966 0.3174368 0.2866307 0.4345633 0.8538135 -0.07897323 0.7232351 0.6860716 -0.06686134 0.5212845 0.8507597 0.8545957 0.1810855 0.4866973 0.9797555 0.07164992 0.1869369 0.8684721 0.471224 0.1539615 0.7490001 0.4239686 0.5091655 0.9461874 0.2885027 0.1466138 0.978819 0.2045593 -0.008303524 0.7415211 0.6534416 0.1521859 0.6018826 0.5509676 0.5780761 -0.2796764 -0.8967201 0.3430367 -0.2863839 -0.9581109 0.002792299 -0.1430394 -0.9830638 0.1145656 -0.1524799 -0.8767206 0.4561917 -0.2275836 -0.588315 0.7759454 -0.4101103 -0.8538508 0.3205439 -0.3461271 -0.5643133 0.7494975 -0.4429669 -0.8964991 0.008352178 -0.1492175 -0.3266941 0.9332765 -0.239005 -0.3314209 0.9127085 -0.5647586 -0.7540109 0.3354332 -0.5970495 -0.8021544 0.008952257 -0.4178578 -0.4387651 0.7955376 -0.2492156 -0.1998696 0.9475989 -0.6879443 -0.6289257 0.3621948 -0.8493088 -0.1427578 0.5082271 -0.9536647 -0.256967 0.1564978 -0.870168 -0.4668978 0.1575248 -0.7340862 -0.409957 0.5413434 -0.9789198 -0.01258545 0.203857 -0.9187534 0.06245308 0.3898614 -0.9789984 0.2038664 -0.0007726109 -0.9870867 -0.1599163 -0.009309573 -0.8849985 -0.4655899 -0.001925605 -0.7459576 -0.6659699 0.005606276 -0.6011626 -0.1046793 0.792241 -0.6079517 0.135292 0.7823623 -0.474911 -0.3028235 0.8262914 -0.4113791 -0.08064879 0.9078893 -0.4184916 0.1054536 0.9020778 -0.2930435 -0.07350337 0.9532695 -0.04329688 -0.06228173 0.997119 -0.1686838 0.06741909 0.9833618 -0.1661535 -0.06336587 0.9840619 -0.08010296 -0.1770402 0.9809385 -0.2992125 0.08724578 0.9501895 -0.0279874 0.9523944 0.3035813 -0.151084 0.9391407 0.3085262 -0.2891923 0.8342536 0.4694559 -0.2231818 0.5934575 0.7733033 -0.1263644 0.9919747 -0.004280567 -0.3032516 0.9457692 0.1164435 -0.4485262 0.8308488 0.3294156 -0.05953067 0.3806857 0.9227863 -0.3373155 0.5494132 0.7644366 -0.157947 0.3402471 0.9269761 -0.3859868 0.9224951 -0.00412178 -0.6003019 0.7997609 0.004490992 -0.4782244 0.3364292 0.811244 -0.2576473 0.3309301 0.9078013 -0.58142 0.747327 0.3216414 -0.4461786 0.4893991 0.7492751 -0.7509491 0.6603424 0.004835247 -0.7089311 0.6186101 0.3387304 -0.2655426 0.2070962 0.9415935 -0.1382602 0.1813749 0.9736464 -0.8664991 0.4787443 0.1413618 -0.9556812 0.2575653 0.1425962 -0.819272 0.2582092 0.5119779 -0.8777403 0.4791329 -0.001930233 -0.7394889 0.4204042 0.5257532 0.6100606 0.7923392 0.004967246 0.7527034 0.6583598 0.0001105379 0.8791251 0.4765859 -0.002223551</float_array>
          <technique_common>
            <accessor count="2790" source="#normals-array-array" stride="3">
              <param type="float" name="X" />
              <param type="float" name="Y" />
              <param type="float" name="Z" />
            </accessor>
          </technique_common>
        </source>
        <source id="texcoords-array">
          <float_array count="5580" id="texcoords-array-array">0.4839768 0.8984795 0.4832368 0.8684227 0.4839768 0.8984795 0.4832368 0.8684227 0.4847005 0.9278815 0.4847005 0.9278815 0.484236 0.9090095 0.4816312 0.8032019 0.4816312 0.8032019 0.4814159 0.8032019 0.4830216 0.8684227 0.4837044 0.8874135 0.4814159 0.8032019 0.4830216 0.8684227 0.4836614 0.894082 0.4834838 0.8868724 0.3953029 0.897101 0.3960429 0.8684227 0.3955832 0.8861485 0.3945791 0.9278815 0.3953029 0.8984795 0.3960429 0.8684227 0.395816 0.8843788 0.3978637 0.8032019 0.3962581 0.8684227 0.3954064 0.8933142 0.3978637 0.8032019 0.3976485 0.8032019 0.3976485 0.8032019 0.3962581 0.8684227 0.4735397 0.9278815 0.4064638 0.8984795 0.4057399 0.9278815 0.4749925 0.8984795 0.4728159 0.8984795 0.4072037 0.8684227 0.4050272 0.8684227 0.472076 0.8684227 0.4042871 0.8984795 0.4736286 0.931448 0.4742525 0.8684227 0.4092427 0.7852721 0.4070653 0.7852721 0.4092503 0.7849208 0.4092503 0.7849208 0.4069895 0.7856851 0.4700294 0.7849208 0.4700294 0.7849208 0.4092182 0.7863123 0.4069598 0.7867974 0.4049471 0.7863123 0.4049552 0.7894043 0.4048603 0.7879117 0.4048306 0.7868022 0.4091778 0.7880018 0.4069397 0.7884548 0.4700615 0.7863123 0.4701019 0.7880018 0.4049874 0.7911841 0.409123 0.7902752 0.406901 0.790525 0.4070653 0.7852721 0.4029771 0.7880018 0.4049471 0.7863123 0.4029771 0.7880018 0.403139 0.7894112 0.4029484 0.7884724 0.4034149 0.7905643 0.4035427 0.7919806 0.4012311 0.7902752 0.4012311 0.7902752 0.4017651 0.7911879 0.401378 0.7905406 0.4022326 0.7919806 0.4026236 0.7926474 0.4033354 0.7938614 0.3997763 0.7930455 0.4066328 0.8032019 0.4045176 0.7995206 0.4066276 0.7995262 0.4072037 0.8684227 0.4050272 0.8684227 0.4088093 0.8032019 0.4046519 0.7961248 0.4067118 0.7960333 0.4088962 0.7996355 0.4703002 0.796206 0.4703835 0.7996355 0.4089795 0.796206 0.4045397 0.8032019 0.4026918 0.7995527 0.402934 0.8684227 0.4029737 0.7963388 0.4026105 0.8032019 0.4011697 0.7995709 0.4010049 0.8684227 0.4016403 0.7964617 0.4009193 0.8032019 0.3979256 0.8684227 0.3995312 0.8032019 0.3993137 0.8684227 0.4048537 0.7933643 0.406816 0.7930156 0.4090561 0.7930455 0.4021808 0.7941266 0.399908 0.7995303 0.4013225 0.7938614 0.4005587 0.7963291 0.3982065 0.7994803 0.3988892 0.7994794 0.3979498 0.7996355 0.3989696 0.7960229 0.3996483 0.796108 0.3979498 0.7996354 0.3986682 0.796206 0.4000539 0.7930331 0.400626 0.7933671 0.3986682 0.796206 0.3997763 0.7930455 0.3984995 0.8032019 0.3968938 0.8684227 0.4056511 0.931448 0.4035634 0.9278815 0.4039946 0.9278815 0.4019919 0.9000105 0.4040928 0.8985878 0.4034041 0.9316031 0.4062743 0.8977993 0.4730032 0.897294 0.4641086 0.9277231 0.4014703 0.9278815 0.4055656 0.9348774 0.4033144 0.9350605 0.4736286 0.931448 0.4737141 0.9348774 0.4054866 0.938038 0.4032592 0.9380503 0.4013059 0.9377162 0.4012439 0.9349754 0.4012721 0.931604 0.4032078 0.9405429 0.4013263 0.9398955 0.4054172 0.9408082 0.4000596 0.9003943 0.3995644 0.9347543 0.3994314 0.9315531 0.3995411 0.9278815 0.3998061 0.937222 0.3999209 0.9391029 0.3997233 0.9405191 0.397912 0.9315125 0.3978499 0.9278815 0.3983629 0.9016012 0.3982367 0.9346217 0.3986645 0.9369568 0.3990345 0.938436 0.3986106 0.9391029 0.3966476 0.9315307 0.3964618 0.9278815 0.3969697 0.9026191 0.3977933 0.937222 0.403811 0.9456736 0.4010461 0.9447709 0.4009474 0.9442861 0.4030576 0.9442812 0.4053172 0.9447709 0.399164 0.9426286 0.3991593 0.9430816 0.3991593 0.9430816 0.4038204 0.9456736 0.4010461 0.9447709 0.3993922 0.9416791 0.4010278 0.9431717 0.3975253 0.9408082 0.3975253 0.9408082 0.3976943 0.9405584 0.3962067 0.938038 0.3962067 0.938038 0.3964942 0.9380678 0.4012007 0.9416722 0.403131 0.942611 0.40536 0.9430816 0.3981065 0.9398993 0.3970765 0.9377191 0.3947047 0.931448 0.3945791 0.9278815 0.3947944 0.9278815 0.3949551 0.9315572 0.3950527 0.9076457 0.3952818 0.9058218 0.3954301 0.9278815 0.3956346 0.9315629 0.3952543 0.9348774 0.395931 0.9038104 0.3955499 0.9350501 0.3947047 0.931448 0.3962301 0.9349586 0.397147 0.9347446 0.3952543 0.9348774 0.4092427 0.7852721 0.4700615 0.7863123 0.470037 0.7852721 0.4069615 0.7856851 0.4092182 0.7863123 0.4048245 0.7867974 0.4069345 0.7868022 0.403141 0.7894043 0.40485 0.7879117 0.4029595 0.7884548 0.401388 0.790525 0.4017676 0.7911841 0.4000651 0.7930156 0.4091778 0.7880017 0.4069256 0.7884724 0.4034149 0.7905643 0.4049491 0.7894112 0.4022326 0.7919805 0.409123 0.7902752 0.4049872 0.7911878 0.4069006 0.7905406 0.4035427 0.7919805 0.4026236 0.7926472 0.4013225 0.7938614 0.3982054 0.7995262 0.3984995 0.8032019 0.3988852 0.7995206 0.399648 0.7961248 0.3989722 0.7960333 0.3968938 0.8684227 0.3998966 0.7995527 0.4005543 0.7963388 0.3995312 0.8032019 0.4011602 0.7995709 0.3979256 0.8684227 0.4016379 0.7964616 0.4009193 0.8032019 0.3993137 0.8684227 0.4010049 0.8684227 0.4026105 0.8032019 0.4006303 0.7933643 0.4021808 0.7941266 0.4026816 0.7995303 0.4029721 0.7963291 0.4033354 0.7938614 0.4066328 0.8032019 0.4088093 0.8032019 0.4066567 0.7994803 0.4045248 0.7994792 0.4088962 0.7996354 0.4704703 0.8032019 0.4067372 0.7960229 0.4046626 0.796108 0.4703835 0.7996354 0.4703002 0.796206 0.4089796 0.796206 0.4068293 0.7930331 0.4048596 0.7933671 0.4702236 0.7930455 0.4090561 0.7930455 0.4701567 0.7902752 0.4045397 0.8032019 0.402934 0.8684227 0.4053172 0.9447709 0.4030827 0.944286 0.4009537 0.9442812 0.4754687 0.9456736 0.4739625 0.9447709 0.4754593 0.9456736 0.4012065 0.9416791 0.4010381 0.9431717 0.40536 0.9430816 0.4031442 0.9426285 0.4738624 0.9408082 0.4054172 0.9408082 0.4739198 0.9430816 0.4032075 0.9405584 0.4054866 0.938038 0.4032451 0.9380678 0.3993906 0.9416722 0.3991537 0.942611 0.3997233 0.9405191 0.4013262 0.9398993 0.4013 0.9377191 0.3976852 0.9405429 0.3981042 0.9398955 0.3999209 0.9391029 0.3998061 0.937222 0.3986106 0.9391029 0.3964838 0.9380503 0.3990345 0.938436 0.3970723 0.9377162 0.3977932 0.937222 0.4056511 0.931448 0.4035634 0.9278815 0.4033772 0.9315572 0.4021941 0.8984795 0.4055656 0.9348774 0.4014703 0.9278815 0.4012668 0.9315629 0.4002649 0.8984795 0.3995411 0.9278815 0.3994427 0.9315307 0.4032895 0.9350501 0.3985737 0.8984795 0.3979215 0.9315125 0.398239 0.9346217 0.3978499 0.9278815 0.3966577 0.9315531 0.4737141 0.9348774 0.4012341 0.9349586 0.3995664 0.9347446 0.3986645 0.9369568 0.397151 0.9347543 0.4737931 0.938038 0.3947944 0.9278815 0.3961539 0.8984795 0.3955182 0.8984795 0.3949539 0.9316031 0.3954301 0.9278815 0.3955467 0.9350605 0.3956365 0.931604 0.3962297 0.9349754 0.3971857 0.8984795 0.3964618 0.9278815 0.470037 0.7852721 0.4722144 0.7852721 0.4723182 0.7856851 0.4722144 0.7852721 0.4743326 0.7863123 0.4744551 0.7867974 0.4743326 0.7863123 0.4763025 0.7880018 0.4763025 0.7880018 0.4763202 0.7884548 0.4723451 0.7868022 0.4780486 0.7902752 0.4780486 0.7902752 0.4778917 0.790525 0.4744296 0.7879117 0.477512 0.7911841 0.4761387 0.7894043 0.4770471 0.7919806 0.4723541 0.7884724 0.4701567 0.7902752 0.4743306 0.7894112 0.4758648 0.7905643 0.4766561 0.7926474 0.4779572 0.7938614 0.472379 0.7905406 0.4742924 0.7911879 0.475737 0.7919806 0.4810742 0.7995262 0.4803945 0.7995206 0.4796317 0.7961248 0.4803074 0.7960333 0.4813299 0.7996355 0.4806115 0.796206 0.4807802 0.8032019 0.4823858 0.8684227 0.4793831 0.7995527 0.4787253 0.7963388 0.4797485 0.8032019 0.4781195 0.7995709 0.4813541 0.8684227 0.4776417 0.7964617 0.4783603 0.8032019 0.479966 0.8684227 0.4782748 0.8684227 0.4766692 0.8032019 0.4786494 0.7933643 0.4792146 0.7930156 0.4795034 0.7930455 0.4770989 0.7941266 0.4765981 0.7995303 0.4763075 0.7963291 0.4759443 0.7938614 0.4726469 0.8032019 0.4742525 0.8684227 0.472076 0.8684227 0.472623 0.7994803 0.4747548 0.7994794 0.4704703 0.8032019 0.4725424 0.7960229 0.474617 0.796108 0.4724504 0.7930331 0.4744201 0.7933671 0.4702236 0.7930455 0.47474 0.8032019 0.4763457 0.8684227 0.4739625 0.9447709 0.476197 0.9442861 0.4783259 0.9442812 0.4782335 0.9447709 0.4739198 0.9430816 0.4761355 0.9426286 0.4780733 0.9416791 0.4760722 0.9405584 0.4738624 0.9408082 0.4737931 0.938038 0.4760346 0.9380678 0.4779535 0.9398993 0.4782416 0.9431717 0.4798891 0.9416722 0.4782335 0.9447709 0.4801203 0.9430816 0.480126 0.942611 0.4795564 0.9405191 0.4779797 0.9377191 0.4801203 0.9430816 0.4815945 0.9405429 0.4817543 0.9408082 0.4811755 0.9398955 0.4793588 0.9391029 0.4794735 0.937222 0.4806691 0.9391029 0.4817543 0.9408082 0.4830729 0.938038 0.4830729 0.938038 0.4827959 0.9380503 0.4802451 0.938436 0.4822073 0.9377162 0.4814864 0.937222 0.4759025 0.9315572 0.4753964 0.9278815 0.4757163 0.9278815 0.4778093 0.9278815 0.4780128 0.9315629 0.4751801 0.8968556 0.4772761 0.8967205 0.4792151 0.8984866 0.4797386 0.9278815 0.479837 0.9315307 0.4759902 0.9350501 0.4809218 0.9018639 0.4813581 0.9315125 0.4810406 0.9346217 0.4814297 0.9278815 0.4826219 0.9315531 0.4823227 0.9044422 0.4780456 0.9349586 0.4797134 0.9347446 0.4806152 0.9369568 0.4821287 0.9347543 0.4845749 0.931448 0.4844853 0.9278815 0.4845749 0.931448 0.4840165 0.9085013 0.4843258 0.9316031 0.4838497 0.9278815 0.4840253 0.9348774 0.483733 0.9350605 0.4840253 0.9348774 0.4836433 0.931604 0.48305 0.9349754 0.4833688 0.9068626 0.4828179 0.9278815 0.4722902 0.7856851 0.4723199 0.7867974 0.4701019 0.7880017 0.4744491 0.7868022 0.47234 0.7884548 0.4744194 0.7879117 0.4723786 0.790525 0.4742923 0.7911841 0.4761406 0.7894112 0.4743244 0.7894043 0.4758648 0.7905643 0.475737 0.7919805 0.4763313 0.7884724 0.4779017 0.7905406 0.4775144 0.7911878 0.4770471 0.7919805 0.4766561 0.7926472 0.4759443 0.7938614 0.4726469 0.8032019 0.472652 0.7995261 0.4747622 0.7995206 0.4746278 0.7961248 0.4725679 0.7960333 0.47474 0.8032019 0.4765878 0.7995527 0.4763457 0.8684227 0.476306 0.7963388 0.4766692 0.8032019 0.4782748 0.8684227 0.4781099 0.7995709 0.4776393 0.7964616 0.4783603 0.8032019 0.479966 0.8684227 0.4813541 0.8684227 0.4797485 0.8032019 0.4744259 0.7933643 0.4724636 0.7930156 0.4770989 0.7941266 0.4793717 0.7995303 0.4787209 0.7963291 0.4779572 0.7938614 0.4813299 0.7996354 0.4810732 0.7994803 0.4806115 0.796206 0.4803101 0.7960229 0.4796313 0.796108 0.4807802 0.8032019 0.4795034 0.7930455 0.4792258 0.7930331 0.4786537 0.7933671 0.4803905 0.7994792 0.4823858 0.8684227 0.4783324 0.944286 0.4762221 0.9442812 0.4801157 0.9426285 0.4815854 0.9405584 0.4798875 0.9416791 0.4827856 0.9380678 0.4782519 0.9431717 0.4795564 0.9405191 0.4811732 0.9398993 0.4822032 0.9377191 0.4761487 0.942611 0.4780789 0.9416722 0.4760719 0.9405429 0.4806691 0.9391029 0.4779534 0.9398955 0.4814864 0.937222 0.4793588 0.9391029 0.4760205 0.9380503 0.4802451 0.938436 0.4779737 0.9377162 0.4794735 0.937222 0.4844853 0.9278815 0.4843246 0.9315572 0.4837615 0.8984795 0.4831258 0.8984795 0.4838497 0.9278815 0.4836451 0.9315629 0.482094 0.8984795 0.4837298 0.9350501 0.4828179 0.9278815 0.4826321 0.9315307 0.4807059 0.8984795 0.4814297 0.9278815 0.4813676 0.9315125 0.4830495 0.9349586 0.4797386 0.9278815 0.4798482 0.9315531 0.4821327 0.9347446 0.481043 0.9346217 0.4806152 0.9369568 0.4797153 0.9347543 0.4757163 0.9278815 0.4770856 0.8984795 0.4758756 0.9316031 0.4759653 0.9350605 0.4778093 0.9278815 0.4780358 0.9349754 0.4780075 0.931604 0.4790147 0.8984795 0.4724937 0.8786901 0.4067811 0.8791107 0.4746554 0.8779961 0.4046063 0.879463 0.4025156 0.8801737 0.4004026 0.8862636 0.4005952 0.8800986 0.3989019 0.8808761 0.3987096 0.8872851 0.3975098 0.8816004 0.3964701 0.8825531 0.3962822 0.8892615 0.395638 0.8915265 0.4767281 0.8772941 0.4786614 0.8782532 0.4803726 0.8807199 0.4817795 0.8829043 0.482832 0.8851943 0.7777256 0.9234067 0.8399438 0.7955433 0.8399438 0.9234067 0.7745797 0.7955433 0.7777256 0.7955433 0.8399438 0.7890782 0.8431906 0.788801 0.8430896 0.7955433 0.7744448 0.7888709 0.7777256 0.7890782 0.8540881 0.9234067 0.8540881 0.7955433 0.8540881 0.9234067 0.8537338 0.7955433 0.8540881 0.7955433 0.8537338 0.7890782 0.8533138 0.788801 0.8537338 0.9298717 0.8537338 0.7955433 0.8533138 0.7888709 0.8537338 0.7890782 0.7777256 0.9524745 0.7745797 0.9517464 0.7777256 0.9524745 0.8399438 0.9524745 0.8399438 0.9524745 0.8430896 0.9517464 0.7777256 0.9517464 0.8399438 0.9517464 0.7635813 0.9234067 0.7639356 0.7955433 0.7635813 0.7955433 0.7635813 0.7955433 0.7635813 0.9234067 0.7639356 0.7890782 0.7643555 0.788801 0.7639356 0.7955433 0.7639356 0.9234067 0.7643555 0.7888709 0.7639356 0.7890782 0.8399438 0.9234067 0.8430896 0.7955433 0.8399438 0.7955433 0.7777256 0.7955433 0.7777256 0.9234067 0.7777256 0.7890782 0.7744789 0.788801 0.7745797 0.7955433 0.8432245 0.7888709 0.8399438 0.7890782 0.7777256 0.7672035 0.7745797 0.7672035 0.7777256 0.7664754 0.7744789 0.7680667 0.7745797 0.7672035 0.7777256 0.7664754 0.7777256 0.7693527 0.7744923 0.7703204 0.77159 0.7693527 0.7718861 0.7751882 0.7716615 0.7724371 0.7714848 0.7703335 0.7777256 0.7728164 0.7745332 0.773576 0.7777256 0.7774209 0.7745233 0.7776449 0.7718828 0.77861 0.8399438 0.7728164 0.8399438 0.7774209 0.7777256 0.7829342 0.7744644 0.7827179 0.7689072 0.7728164 0.7694858 0.7751956 0.7690163 0.7736053 0.7699936 0.7771054 0.7699936 0.7796533 0.7666667 0.7774208 0.7689072 0.7728164 0.77159 0.7693527 0.7678208 0.7786142 0.7670364 0.7776733 0.7666667 0.7774208 0.7687537 0.7796533 0.7678245 0.7835358 0.7745797 0.9234067 0.7714829 0.7888985 0.7716532 0.7830811 0.77159 0.7955433 0.77159 0.9234067 0.7690301 0.7889825 0.769488 0.7835425 0.7689072 0.7955433 0.7670506 0.7889622 0.7689072 0.9234067 0.7666667 0.9234067 0.7666667 0.7955433 0.7649813 0.9234067 0.7649813 0.7955433 0.7654586 0.7888411 0.7664822 0.783064 0.7654521 0.7827141 0.7649813 0.7829342 0.7649813 0.7829342 0.7777256 0.9298717 0.7744789 0.9301489 0.7716615 0.9358859 0.7714848 0.9301088 0.7777256 0.9360157 0.7744923 0.9362358 0.7745332 0.9412766 0.8399438 0.941529 0.7777256 0.941529 0.7718861 0.9403358 0.7777256 0.9461336 0.7745233 0.9453446 0.7777256 0.9495972 0.7744644 0.9486164 0.7690163 0.9299877 0.7694858 0.9354141 0.7699936 0.9392967 0.7718828 0.9437543 0.7670364 0.9299674 0.7699936 0.9418445 0.7687537 0.9392967 0.7745797 0.9517464 0.77159 0.9495972 0.77159 0.9495972 0.7744448 0.9508832 0.7716532 0.9465128 0.7714829 0.9486297 0.7689072 0.9461336 0.7689072 0.9461336 0.7690301 0.9453739 0.769488 0.9437617 0.7666667 0.941529 0.7666667 0.941529 0.7670506 0.9413051 0.7678245 0.9403399 0.7649813 0.9360157 0.7649813 0.9360157 0.7654586 0.9362321 0.7664822 0.9358689 0.7678208 0.9354074 0.7639356 0.9298717 0.7643555 0.930079 0.7639356 0.9298717 0.7654521 0.9300516 0.7777256 0.7672035 0.7744448 0.7680667 0.7714829 0.7703204 0.7777256 0.7693527 0.769488 0.7751882 0.7716532 0.7724371 0.7744644 0.7703335 0.7690301 0.773576 0.7670506 0.7776448 0.7678245 0.7786099 0.7654586 0.7827179 0.7777256 0.7728164 0.7718828 0.7751956 0.7745233 0.7736053 0.7699936 0.7771054 0.7687537 0.7796533 0.8399438 0.7774208 0.8399438 0.7728164 0.7718861 0.7786142 0.7745332 0.7776733 0.7777256 0.7774208 0.7699936 0.7796533 0.7694858 0.7835358 0.7639356 0.9234067 0.7654521 0.7888985 0.7664822 0.7830811 0.7649813 0.7955433 0.7670364 0.7889825 0.7649813 0.9234067 0.7678208 0.7835425 0.7666667 0.7955433 0.7690163 0.7889622 0.7666667 0.9234067 0.7689072 0.9234067 0.7689072 0.7955433 0.77159 0.7955433 0.77159 0.9234067 0.7714848 0.7888411 0.7716615 0.7830638 0.7745797 0.9234067 0.7744923 0.7827141 0.8399438 0.7829342 0.7777256 0.7829342 0.7777256 0.9517464 0.7744789 0.9508832 0.7777256 0.9495972 0.7744923 0.9486296 0.7716615 0.9465128 0.7714848 0.9486164 0.7745332 0.9453739 0.7718861 0.9437617 0.7718828 0.9403399 0.7777256 0.9461336 0.7745233 0.9413051 0.7777256 0.941529 0.7777256 0.9360157 0.7744644 0.936232 0.8399438 0.9360157 0.7690163 0.9453446 0.7694858 0.9437541 0.7699936 0.9418445 0.7699936 0.9392966 0.7716532 0.9358689 0.7678208 0.9403358 0.7670364 0.9412766 0.7687537 0.9392966 0.769488 0.9354074 0.7777256 0.9298717 0.8399438 0.9298717 0.7744448 0.930079 0.7714829 0.9300514 0.7690301 0.9299674 0.7670506 0.9299877 0.7678245 0.9354141 0.7654586 0.9301088 0.7664822 0.9358859 0.7643555 0.9301487 0.7654521 0.9362358 0.8399438 0.7672035 0.8430896 0.7672035 0.8432245 0.7680667 0.8399438 0.7664754 0.8399438 0.7693527 0.8460793 0.7693527 0.8461864 0.7703204 0.8399438 0.7664754 0.8430896 0.7672035 0.8460793 0.7693527 0.8487622 0.7728164 0.843205 0.7703335 0.8487622 0.7728164 0.8486392 0.773576 0.8506187 0.7776449 0.8498448 0.77861 0.8510026 0.7774208 0.8510026 0.7774208 0.8526881 0.7829342 0.8522108 0.7827179 0.8460162 0.7724371 0.8481814 0.7751882 0.8476758 0.7771054 0.8489156 0.7796533 0.8431461 0.7736053 0.8457833 0.7786142 0.8431362 0.7776733 0.8457866 0.7751956 0.8476758 0.7796533 0.8481835 0.7835358 0.8537338 0.9234067 0.8522172 0.7888985 0.8511872 0.7830811 0.8526881 0.7955433 0.850633 0.7889825 0.8526881 0.9234067 0.8498485 0.7835425 0.8510026 0.7955433 0.8510026 0.9234067 0.8486531 0.7889622 0.8487622 0.9234067 0.8487622 0.7955433 0.8460793 0.7955433 0.8460793 0.9234067 0.8461846 0.7888411 0.8460078 0.783064 0.8430896 0.9234067 0.8431771 0.7827141 0.8399438 0.7829342 0.8430896 0.9517464 0.8431906 0.9508832 0.8399438 0.9495972 0.8431771 0.9486297 0.8460793 0.9495972 0.8460078 0.9465128 0.8399438 0.9461336 0.8431362 0.9453739 0.8457833 0.9437617 0.8431461 0.9413051 0.8399438 0.9360157 0.843205 0.9362321 0.8457866 0.9403399 0.8461846 0.9486164 0.8486531 0.9453446 0.8460793 0.9495972 0.8481835 0.9437543 0.8476758 0.9418445 0.8476758 0.9392967 0.8460162 0.9358689 0.8487622 0.9461336 0.850633 0.9412766 0.8510026 0.941529 0.8487622 0.9461336 0.8498485 0.9403358 0.8489156 0.9392967 0.8481814 0.9354074 0.8399438 0.9298717 0.8432245 0.930079 0.8461864 0.9300516 0.8486392 0.9299675 0.8506187 0.9299877 0.8498448 0.9354141 0.8522108 0.9301088 0.8511872 0.9358859 0.8537338 0.9298717 0.8533138 0.9301489 0.8526881 0.9360157 0.8522172 0.9362358 0.8510026 0.941529 0.8399438 0.7672035 0.8431906 0.7680667 0.8399438 0.7693527 0.8431771 0.7703204 0.8431362 0.773576 0.8457833 0.7751882 0.8461846 0.7703335 0.8431461 0.7776448 0.843205 0.7827179 0.8457866 0.7786099 0.8460078 0.7724371 0.8481835 0.7751956 0.8476758 0.7771054 0.8476758 0.7796533 0.8486531 0.7736053 0.8498485 0.7786142 0.850633 0.7776733 0.8489156 0.7796533 0.8498448 0.7835358 0.8461864 0.7888985 0.8430896 0.9234067 0.8460162 0.7830811 0.8460793 0.7955433 0.8460793 0.9234067 0.8486392 0.7889825 0.8481814 0.7835425 0.8487622 0.7955433 0.8487622 0.9234067 0.8510026 0.9234067 0.8506187 0.7889622 0.8510026 0.7955433 0.8526881 0.9234067 0.8526881 0.7955433 0.8522108 0.7888411 0.8511872 0.7830638 0.8537338 0.9234067 0.8522172 0.7827141 0.8526881 0.7829342 0.8399438 0.9517464 0.8432245 0.9508832 0.8461864 0.9486296 0.8399438 0.9495972 0.8486392 0.9453739 0.8481814 0.9437617 0.8506187 0.9413051 0.8498448 0.9403399 0.8526881 0.9360157 0.8522108 0.936232 0.843205 0.9486164 0.8460162 0.9465128 0.8476758 0.9418445 0.8489156 0.9392966 0.8511872 0.9358689 0.8431461 0.9453446 0.8399438 0.9461336 0.8457833 0.9403358 0.8431362 0.9412766 0.8399438 0.941529 0.8457866 0.9437541 0.8476758 0.9392966 0.8498485 0.9354074 0.8533138 0.930079 0.8522172 0.9300514 0.850633 0.9299674 0.8486531 0.9299877 0.8481835 0.9354141 0.8461846 0.9301088 0.8460078 0.9358859 0.8431906 0.9301487 0.8431771 0.9362358 0.6833163 0.3403894 0.712589 0.3372778 0.7125165 0.3440904 0.6766236 0.3370751 0.6833888 0.3343415 0.6833379 0.3305627 0.6810196 0.3449701 0.6734452 0.3422337 0.7126891 0.3314586 0.669661 0.3475978 0.6764875 0.3505763 0.6663567 0.4143107 0.6668443 0.3452863 0.6708501 0.3373829 0.6832582 0.3512083 0.6685906 0.415795 0.6833834 0.4202323 0.6750535 0.4174559 0.6766357 0.3327717 0.6782361 0.3259517 0.677226 0.42414 0.676299 0.4273775 0.6713861 0.4223832 0.6832492 0.4269325 0.6833088 0.4301482 0.6813115 0.4302378 0.6686308 0.4207934 0.6734558 0.4264851 0.726201 0.3391092 0.7193353 0.3370622 0.7194178 0.3328304 0.7285648 0.3369923 0.7290842 0.3475749 0.7172357 0.3258137 0.7246855 0.3428512 0.7192476 0.3430661 0.7125558 0.4307221 0.6834159 0.4248152 0.7194149 0.4284755 0.7147045 0.4242676 0.7125559 0.4288064 0.7192475 0.4274631 0.6746252 0.4212219 0.7193353 0.4236208 0.7125689 0.4243947 0.7251185 0.4238885 0.7246855 0.4227061 0.7290481 0.4162111 0.7272746 0.4157676 0.7251528 0.4174879 0.7250553 0.349365 0.7192697 0.350553 0.7224985 0.4172326 0.7144268 0.4181774 0.6673405 0.3369923 0.7298962 0.4079116 0.6670532 0.4109725 0.7127165 0.3512103 0.4026691 0.8923841 0.3917901 0.7575191 0.3955178 0.8924032 0.4141253 0.7586228 0.3985098 0.7586607 0.3915959 0.7626867 0.3893197 0.7571176 0.3929477 0.8926545 0.4053864 0.9286283 0.4136352 0.762695 0.3989162 0.7626834 0.3934802 0.7626827 0.4169196 0.8922594 0.3978614 0.928699 0.3959087 0.9292877 0.4069144 0.9561508 0.439784 0.7584397 0.4190839 0.9285121 0.4385708 0.8921657 0.4397676 0.7625908 0.4600415 0.8922434 0.46526 0.7586244 0.4579905 0.9284966 0.4386145 0.9284451 0.4569072 0.9561142 0.4804607 0.7586628 0.4712923 0.9286025 0.473888 0.8923595 0.4800425 0.7626841 0.4657175 0.7626953 0.4804605 0.892383 0.4882869 0.7571186 0.486581 0.7575209 0.4793746 0.9292792 0.4822941 0.8926455 0.4813532 0.893093 0.4882924 0.7570557 0.4859256 0.7626904 0.4860103 0.762687 0.4848943 0.7626829 0.4698554 0.9320136 0.4782205 0.9286771 0.4653588 0.9571035 0.4774126 0.9564359 0.466144 0.9249232 0.4805299 0.8927356 0.4881396 0.7570506 0.4857713 0.7626916 0.3900062 0.7575574 0.390413 0.7626802 0.3922135 0.762657 0.3947756 0.8921572 0.3931842 0.8926555 0.4071999 0.8908999 0.406041 0.7627878 0.3880652 0.7570495 0.4043665 0.75899 0.3906589 0.7626917 0.3934669 0.8926926 0.4369729 0.7585804 0.4370963 0.7626708 0.4698178 0.9561342 0.4386161 0.9561079 0.455658 0.9744158 0.420192 0.9561245 0.4213758 0.9744196 0.438574 0.9744252 0.4089476 0.9744086 0.4132055 0.9818397 0.4237542 0.9818451 0.4384708 0.9818534 0.4530948 0.981845 0.4633678 0.9818392 0.4677575 0.9744025 0.4646324 0.89092 0.463608 0.9226731 0.4575701 0.9160773 0.4703706 0.7589869 0.4687626 0.762787 0.4355957 0.8910725 0.477672 0.8921826 0.4830664 0.7626557 0.4852451 0.7575537 0.4356819 0.9208219 0.414126 0.9160707 0.4359214 0.9333602 0.4085469 0.9226646 0.436276 0.9351035 0.4077662 0.9241372 0.4650085 0.9241427 0.4366637 0.9351051 0.4797756 0.8926742 0.4876107 0.7570466 0.4653186 0.9241598 0.48784 0.7570475 0.4800504 0.8927033 0.4852804 0.7626798 0.4633209 0.9762977 0.4614496 0.9628396 0.4637902 0.9763871 0.4588001 0.9763885 0.4569375 0.96278 0.4610452 0.9627537 0.4688947 0.9818505 0.4504808 0.9763584 0.4494348 0.9627898 0.4563144 0.952482 0.4492363 0.9525157 0.4599857 0.9525461 0.4601906 0.9525154 0.4383645 0.9762959 0.4383191 0.9627767 0.4382926 0.9525682 0.4767774 0.956163 0.4748272 0.9744247 0.4743087 0.9744043 0.4694206 0.9818356 0.3993585 0.9561771 0.3979066 0.956441 0.4046336 0.9320091 0.4092324 0.9571006 0.3932232 0.8930914 0.4018269 0.9744095 0.4371349 0.9420347 0.4371651 0.9577937 0.4113743 0.9744151 0.4372075 0.9743663 0.4005262 0.9744266 0.4151466 0.9818162 0.4059906 0.9818356 0.4071897 0.9818506 0.4080424 0.92492 0.4632922 0.9744159 0.4596765 0.9818162 0.4373055 0.9818356 0.4176286 0.9763858 0.4127061 0.9762951 0.4261717 0.9763569 0.4116786 0.9763858 0.4194171 0.9627721 0.4271302 0.9627852 0.4542949 0.9629216 0.4559171 0.9764785 0.4374097 0.9763439 0.4190742 0.9764781 0.4207675 0.9629211 0.4374543 0.962865 0.4149467 0.9627459 0.4140388 0.9628352 0.4199921 0.9524785 0.4159759 0.9525429 0.4217545 0.9524901 0.4153044 0.9525136 0.4374789 0.9525533 0.4533457 0.9524903 0.4272761 0.9525136 0.4655721 0.924155 0.4802724 0.8926867 0.4880224 0.7570482 0.4856553 0.7626916 0.4370786 0.9359474 0.4369456 0.9351028 0.4854751 0.7626915 0.4083519 0.9241533 0.3936944 0.8927307 0.3936821 0.8926809 0.4081035 0.924157 0.3885845 0.757051 0.3911031 0.7626903 0.3909553 0.7626916 0.3887375 0.7570553 0.3884671 0.7570492 0.3908392 0.7626917 0.3882847 0.7570493 0.08984844 0.8679966 0.06713675 0.8680238 0.08300354 0.8679786 0.04496224 0.8679954 0.05141239 0.8679786 0.0679505 0.8680346 0.04563372 0.8680164 0.08964361 0.8680187 0.07889421 0.8679968 0.056934 0.8679954 0.04964994 0.8679702 0.08597225 0.8679727 0.4790859 0.8940437 0.4877256 0.7567616 0.4852763 0.757163 0.4719492 0.8940247 0.4785723 0.7583047 0.4854495 0.7623306 0.4835863 0.7623266 0.4629664 0.7582667 0.4577076 0.8939 0.4781658 0.7623273 0.4634558 0.7623389 0.4692317 0.9302688 0.4767422 0.9303397 0.4555429 0.9301527 0.4677033 0.9577912 0.4752449 0.9578178 0.4786751 0.9309282 0.4816365 0.8942951 0.4373106 0.7580837 0.4360596 0.8938062 0.4360151 0.9300858 0.4373266 0.7622347 0.4118308 0.7582684 0.414585 0.8938841 0.4544339 0.957765 0.4177181 0.9577547 0.4360124 0.9577485 0.4166355 0.9301373 0.3966199 0.7583067 0.400729 0.8940002 0.4113726 0.7623393 0.397038 0.762328 0.3941417 0.8940235 0.3887567 0.7567626 0.3922885 0.8942862 0.3904836 0.7571649 0.3911003 0.7623343 0.3887335 0.7566996 0.3932117 0.8947334 0.3910334 0.7623309 0.3952077 0.9309196 0.4092064 0.958744 0.3971699 0.9580764 0.3963818 0.9303178 0.3978249 0.9578035 0.4033246 0.9302429 0.4047074 0.9336542 0.4084113 0.9265639 0.3940257 0.8943762 0.391245 0.7623355 0.3888768 0.7566946 0.4869674 0.7572013 0.4865729 0.7623242 0.4889205 0.7566934 0.4673006 0.8925403 0.4725962 0.7586339 0.4847603 0.762301 0.4863404 0.7623357 0.4887147 0.7566933 0.4709226 0.7624317 0.439979 0.7582244 0.4398584 0.7623148 0.4047989 0.9577746 0.4532481 0.9760603 0.4189653 0.9760565 0.4360522 0.9760658 0.4656687 0.9760493 0.4215241 0.9834857 0.4361506 0.9834938 0.4508653 0.9834858 0.4068578 0.976043 0.4112445 0.9834799 0.4098672 0.8925606 0.410901 0.9243135 0.3968386 0.8938233 0.4388959 0.892713 0.4065907 0.7586308 0.4081999 0.762431 0.460375 0.9177111 0.4169301 0.9177179 0.3917267 0.7571976 0.3939057 0.7622997 0.4388144 0.9224623 0.438585 0.9350008 0.4659629 0.9243051 0.4797364 0.8937978 0.4382445 0.9367442 0.4095136 0.9257832 0.4667569 0.9257779 0.4378728 0.9367455 0.4092181 0.9258004 0.4813402 0.8942962 0.3947473 0.8943149 0.3893732 0.7566906 0.3944864 0.8943439 0.3891576 0.7566915 0.3917037 0.7623237 0.4135536 0.9643942 0.4146127 0.9541867 0.4182922 0.9541227 0.4176701 0.9644206 0.4112785 0.9779384 0.4143966 0.954156 0.4253752 0.9541562 0.4131371 0.96448 0.4158088 0.9780291 0.4251777 0.9644302 0.4057059 0.9834909 0.4241336 0.9779989 0.4362518 0.9779364 0.4362952 0.9644171 0.3997561 0.9760654 0.4002931 0.976045 0.4051639 0.983476 0.4727761 0.9760501 0.4699302 0.9336498 0.4813432 0.8947321 0.4653337 0.9587411 0.4766773 0.9580816 0.4631935 0.9760556 0.4740581 0.9760672 0.4374231 0.9436752 0.4665137 0.9265606 0.4373944 0.9594342 0.4594249 0.9834567 0.468595 0.9834762 0.4614075 0.9834802 0.4674119 0.9834913 0.4374767 0.9375881 0.4112748 0.9760566 0.437354 0.9760067 0.4148943 0.9834567 0.4372606 0.983476 0.456981 0.9780264 0.461894 0.9779358 0.4484431 0.9779974 0.455191 0.9644128 0.4596528 0.9643866 0.4629083 0.9780264 0.4474827 0.9644259 0.4107959 0.9780276 0.4202817 0.9645623 0.4186577 0.9781189 0.4371613 0.9779845 0.4555013 0.9781188 0.4538096 0.9645618 0.4371188 0.9645054 0.4546151 0.9541191 0.4586233 0.9541835 0.4605486 0.9644759 0.4592835 0.9541541 0.4528236 0.9541308 0.4370955 0.9541937 0.421232 0.9541308 0.4363207 0.9542089 0.4473357 0.9541541 0.394276 0.8943274 0.4089765 0.9257954 0.3913538 0.7623355 0.3889866 0.7566921 0.3915225 0.7623355 0.4376033 0.9367434 0.4808677 0.8943214 0.4808626 0.8943713 0.4661977 0.925794 0.4664342 0.9257976 0.4810715 0.894333 0.4884336 0.756695 0.4859246 0.7623342 0.4882902 0.7566993 0.4860629 0.7623355 0.4885437 0.7566932 0.4861716 0.7623357 0.06597854 0.869212 0.06675337 0.8692013 0.08828114 0.8691939 0.0769936 0.8691728 0.08894132 0.8691728 0.04427053 0.8691962 0.04405446 0.8691741 0.05088986 0.8691561 0.05503301 0.8691744 0.0479501 0.8691502 0.08248152 0.869156 0.084273 0.8691477 0.3921705 0.7623268 0.7773398 0.8765876 0.7715373 0.8358892 0.772149 0.8299149 0.7716812 0.8362233 0.7780089 0.876786 0.7868317 0.9118677 0.7859246 0.9133852 0.7777075 0.8767481 0.7727102 0.8080554 0.7691738 0.8081322 0.7723017 0.8091136 0.7817623 0.8127649 0.7833859 0.8249989 0.7860472 0.9045253 0.7809652 0.8760387 0.7755378 0.8364424 0.785682 0.9118677 0.797068 0.9266936 0.7951781 0.9288905 0.7941431 0.9267574 0.7898036 0.8768641 0.7929187 0.9118677 0.7857537 0.8363529 0.7820461 0.8082483 0.8041245 0.877224 0.8053157 0.9133852 0.8215606 0.845443 0.8015338 0.8356587 0.805353 0.8305799 0.8219571 0.8780222 0.7918265 0.8096963 0.8218887 0.9118677 0.8335371 0.9045253 0.8359048 0.8781484 0.8335371 0.8526565 0.8059427 0.9288905 0.8224217 0.9267576 0.8416638 0.8782647 0.8365487 0.9118677 0.8364677 0.8465405 0.8221455 0.8355311 0.8414582 0.8772168 0.836706 0.8459497 0.8421898 0.8783754 0.8373539 0.9133852 0.8376913 0.9116625 0.8358831 0.8437812 0.8223979 0.8328974 0.8220026 0.8367271 0.8224082 0.8229226 0.8253347 0.9266732 0.8265344 0.9112834 0.8374706 0.899603 0.825665 0.875774 0.8359896 0.8705467 0.8405817 0.870454 0.8395514 0.8589932 0.8352392 0.8324084 0.8303961 0.8084849 0.8371753 0.8317782 0.8050772 0.870905 0.8145412 0.8715215 0.811493 0.9084236 0.8061775 0.8279881 0.8092462 0.8592269 0.7888312 0.8359646 0.7935544 0.876196 0.7958552 0.8102064 0.7825686 0.8760842 0.7766418 0.8368072 0.8126088 0.8084138 0.8093339 0.8314273 0.7987624 0.814331 0.8074704 0.8297893 0.7884201 0.9045253 0.797465 0.9114884 0.8099734 0.9286345 0.7847922 0.809231 0.8008308 0.8352845 0.7936199 0.8173019 0.7833859 0.8249989 0.8226566 0.8075768 0.8147968 0.808134 0.8072645 0.9311054 0.8234348 0.9288905 0.7959182 0.7930776 0.7920741 0.7750216 0.7915928 0.7940463 0.7928909 0.7914624 0.7836714 0.763091 0.7825385 0.7747157 0.7960688 0.7747157 0.7818431 0.7930776 0.7927675 0.7746987 0.791558 0.7649638 0.7933985 0.763091 0.7912334 0.7649638 0.7830331 0.7907088 0.7831637 0.7744195 0.7838907 0.763091 0.7841614 0.7591612 0.7806427 0.7885193 0.7816763 0.7711932 0.7720359 0.7884118 0.7833187 0.7591397 0.7728519 0.7713762 0.7892494 0.7892733 0.7904394 0.771484 0.7688085 0.7885197 0.7756067 0.7611323 0.793819 0.7714891 0.7904088 0.7611323 0.7925359 0.7591397 0.7839713 0.754958 0.7741016 0.7591397 0.7917399 0.8161995 0.7954177 0.8133557 0.7725644 0.810216 0.7693242 0.8092648 0.7736518 0.8091953 0.7756067 0.7611327 0.7904088 0.7611323 0.7833187 0.7591397 0.7816763 0.7714891 0.7728519 0.771484 0.7892494 0.7918573 0.7806427 0.7908883 0.7904394 0.771807 0.7720359 0.7892733 0.792477 0.7908883 0.7695335 0.7711932 0.6377674 0.3681089 0.6446797 0.297508 0.6415443 0.3701493 0.6446797 0.2975057 0.6429666 0.2835218 0.6415443 0.3693931 0.7758582 0.7649638 0.7741638 0.763091 0.7757499 0.7649638 0.772418 0.7914624 0.7731314 0.7746987 0.768958 0.7907088 0.7733601 0.7745909 0.7728508 0.7906011 0.7696335 0.7744195 0.6418623 0.3927089 0.6448429 0.3243936 0.6378812 0.3907499 0.6449661 0.3243936 0.6421226 0.3919529 0.6430374 0.3112502 0.8333566 0.8345118 0.8237801 0.8359886 0.8140236 0.8345118 0.8302145 0.8090724 0.8228629 0.8090618 0.8329406 0.8085015 0.8154885 0.8090724 0.8180043 0.7976777 0.8180043 0.7976777 0.8227317 0.7956977 0.8173257 0.7956977 0.8227317 0.7915425 0.8227317 0.7956977 0.8274591 0.7976777 0.8274591 0.7976777 0.8281378 0.7956977 0.6900732 0.4073723 0.6929367 0.3274089 0.6984665 0.4072981 0.703698 0.3274089 0.7068343 0.4073723 0.6983173 0.3135135 0.7826135 0.8138596 0.8523084 0.8765876 0.8581109 0.8358892 0.8519407 0.8767481 0.8428164 0.9118677 0.8516393 0.876786 0.8579669 0.8362233 0.8574995 0.8299149 0.8604745 0.8081322 0.8569381 0.8080554 0.8573465 0.8091136 0.8541105 0.8364424 0.8486829 0.8760387 0.8437237 0.9133852 0.8478857 0.8127649 0.8476022 0.8082483 0.8438946 0.8363529 0.8398445 0.8768641 0.843601 0.9045253 0.8367295 0.9118677 0.8439661 0.9118677 0.8355049 0.9267576 0.8344703 0.9288905 0.83258 0.9266936 0.8255235 0.877224 0.8080875 0.845443 0.8076911 0.8780222 0.8242952 0.8305799 0.8075029 0.8355311 0.8281144 0.8356587 0.7961112 0.8526565 0.7937435 0.8781484 0.8243325 0.9133852 0.7931804 0.8465405 0.7961112 0.9045253 0.8077595 0.9118677 0.7930995 0.9118677 0.8072264 0.9267576 0.7879845 0.8782647 0.8237056 0.9288905 0.7881899 0.8772167 0.7874584 0.8783754 0.7929422 0.8459497 0.7937651 0.8437812 0.7922941 0.9133852 0.8072503 0.8328976 0.80724 0.8229226 0.7944089 0.8324084 0.7890665 0.870454 0.7936586 0.8705467 0.7921776 0.899603 0.7900968 0.8589932 0.792473 0.8317786 0.7992521 0.8084849 0.8039832 0.875774 0.8031136 0.9112837 0.7919569 0.9116625 0.8043136 0.9266732 0.824571 0.870905 0.840817 0.8359646 0.8360938 0.876196 0.815107 0.8715215 0.8204019 0.8592269 0.8337931 0.8102064 0.844856 0.809231 0.8234708 0.8279881 0.8530064 0.8368072 0.8470798 0.8760842 0.8181552 0.9084236 0.8412281 0.9045253 0.8308858 0.8143305 0.8203144 0.8314273 0.8170396 0.8084138 0.8148515 0.8081342 0.8559964 0.8091953 0.8321831 0.9114884 0.8196747 0.9286345 0.8076457 0.8367271 0.8221777 0.8297893 0.8288174 0.8352845 0.8379084 0.8161995 0.8360283 0.8173019 0.8462621 0.8249989 0.8069916 0.8075768 0.8223837 0.9311054 0.8062136 0.9288905 0.8337299 0.7930776 0.8375742 0.7750216 0.8335795 0.7747157 0.8459767 0.763091 0.8384145 0.7649638 0.8380554 0.7940463 0.8362498 0.763091 0.8367574 0.7914624 0.8380901 0.7649638 0.8471094 0.7747157 0.8454868 0.7591612 0.8368806 0.7746984 0.846615 0.7907088 0.8464845 0.7744195 0.8457575 0.763091 0.8378217 0.8096963 0.8490055 0.7885193 0.8576123 0.7884118 0.8479719 0.7711932 0.8608397 0.7885197 0.8567963 0.7713762 0.8403988 0.7892733 0.8540415 0.7611323 0.8463295 0.7591397 0.839209 0.771484 0.8392394 0.7611323 0.8456767 0.754958 0.8371124 0.7591397 0.8358292 0.7714891 0.8342305 0.8133557 0.8603238 0.8092648 0.8570838 0.810216 0.8392394 0.7611323 0.8555467 0.7591397 0.8540415 0.7611323 0.8463295 0.7591397 0.8479719 0.7714891 0.839209 0.771807 0.8490056 0.7908883 0.8403988 0.7918573 0.8576123 0.7892733 0.8371711 0.7908883 0.8567963 0.771484 0.8601147 0.7711932 0.733954 0.2975057 0.7408667 0.3681089 0.7370895 0.3701493 0.7356672 0.2835218 0.733954 0.2975057 0.7370895 0.3693931 0.8537901 0.7649638 0.8538983 0.7649638 0.8554845 0.763091 0.856517 0.7746984 0.8478054 0.7930776 0.85723 0.7914624 0.8606902 0.7907088 0.8600146 0.7744195 0.856288 0.7745909 0.8567973 0.7906011 0.7336679 0.3243936 0.7407526 0.3907499 0.7365112 0.3919529 0.7355965 0.3112502 0.7337912 0.3243936 0.7367718 0.3927066 0.8058683 0.8359886 0.7962916 0.8345118 0.7994337 0.8090724 0.8067856 0.8090618 0.8156247 0.8345118 0.8141596 0.8090724 0.7967077 0.8085015 0.8123226 0.7956977 0.811644 0.7976777 0.811644 0.7976777 0.8069165 0.7915425 0.8021891 0.7976777 0.8015106 0.7956977 0.8021891 0.7976777 0.8069165 0.7956977 0.8069165 0.7956977 0.6801674 0.4072981 0.6803166 0.3135135 0.6856973 0.3274089 0.6749359 0.3274089 0.6717995 0.4073723 0.6885606 0.4073723 0.8470347 0.8138596 0.8462621 0.8249989 0.7934551 0.8947989 0.7947968 0.885948 0.7978138 0.8949671 0.7866019 0.8811917 0.7809736 0.8709552 0.7990834 0.9050354 0.7941147 0.8869457 0.7930942 0.8814625 0.7913713 0.8830991 0.787672 0.8750777 0.8034421 0.9052035 0.8065962 0.9107894 0.7834557 0.8484629 0.7788898 0.8592554 0.8456844 0.8178215 0.7959373 0.8723066 0.7796304 0.856975 0.7837989 0.8489367 0.833203 0.7939777 0.8493161 0.8245773 0.799569 0.8790626 0.8400793 0.7907688 0.8417439 0.790415 0.8542254 0.8142587 0.7935445 0.866599 0.8376634 0.8018773 0.7879163 0.8563626 0.8487711 0.8221417 0.8432916 0.8121138 0.7990239 0.8766271 0.844898 0.796001 0.8335462 0.7944516 0.8535432 0.8152563 0.8505262 0.8062372 0.8606679 0.8261266 0.8552458 0.8197418 0.8617381 0.8200126 0.8673664 0.830249 0.8662963 0.8363631 0.8547955 0.8346052 0.854885 0.8064054 0.8492566 0.7961689 0.8050483 0.8890905 0.7820438 0.8648412 0.8569686 0.8181053 0.8687096 0.8442293 0.8694502 0.8419489 0.7934551 0.8947989 0.7978138 0.8949671 0.7947968 0.885948 0.7809736 0.8709552 0.7866019 0.8811917 0.7990834 0.9050354 0.787672 0.8750777 0.7913713 0.8830991 0.7788898 0.8592554 0.7930942 0.8814625 0.7941147 0.8869457 0.8065962 0.9107894 0.8034421 0.9052035 0.7834557 0.8484629 0.7959373 0.8723066 0.8456844 0.8178215 0.833203 0.7939777 0.7837989 0.8489367 0.8493161 0.8245773 0.8417439 0.790415 0.8400793 0.7907688 0.8542254 0.8142587 0.7879163 0.8563626 0.8335462 0.7944516 0.8376634 0.8018773 0.7796304 0.856975 0.7935445 0.866599 0.844898 0.796001 0.8487711 0.8221417 0.7990239 0.8766271 0.8432916 0.8121138 0.8505262 0.8062372 0.8535432 0.8152563 0.8552458 0.8197418 0.8606679 0.8261266 0.8617381 0.8200126 0.8673664 0.830249 0.8492566 0.7961689 0.854885 0.8064054 0.8547955 0.8346052 0.8050483 0.8890905 0.799569 0.8790626 0.7820438 0.8648412 0.8569686 0.8181053 0.8662963 0.8363631 0.8687096 0.8442293 0.8694502 0.8419489 0.4002065 0.8936923 0.402136 0.8933955 0.4042328 0.8920877 0.4830115 0.8921396 0.4819674 0.8897102 0.4805681 0.8872422 0.4788649 0.8842535 0.3952295 0.9004799 0.3954599 0.8986741 0.3960848 0.8970422 0.3971211 0.8958718 0.3985123 0.8948711 0.4064116 0.8913924 0.4728664 0.8908916 0.4750412 0.8903562 0.4840588 0.9018109 0.4838389 0.9012917 0.483208 0.9000707 0.4821663 0.8975935 0.4807693 0.8949816 0.4790676 0.8916595 0.4771329 0.8900414 0.4838815 0.8946122 0.4044207 0.8850875 0.406597 0.8845519 0.4726798 0.8840818 0.4769324 0.8829308 0.474849 0.8834532 0.3973188 0.8881783 0.4023277 0.8861349 0.0293861 0.8683755 0.03895885 0.8701279 0.03895885 0.8701279 0.02348989 0.8594866 0.0293861 0.8683755 0.04087156 0.872093 0.0408631 0.8817167 0.03314596 0.8702475 0.04510587 0.8817167 0.04701012 0.8701279 0.03706747 0.8708261 0.04701012 0.8701279 0.0331623 0.8594334 0.02348989 0.8594866 0.02367634 0.8487922 0.02367634 0.8487922 0.02947026 0.8575714 0.04701012 0.8592949 0.04511446 0.872093 0.03708369 0.8600131 0.03897065 0.8593536 0.09560126 0.8683755 0.1014975 0.8594866 0.1014975 0.8594866 0.08602852 0.8701279 0.09560126 0.8683755 0.07988149 0.8817167 0.08412427 0.8817167 0.08602852 0.8701279 0.0841158 0.872093 0.0918414 0.8702475 0.09182519 0.8594334 0.0955171 0.8575714 0.07797724 0.8701279 0.101311 0.8487922 0.101311 0.8487922 0.07797724 0.8592949 0.0779739 0.8594645 0.07797724 0.8701279 0.07987291 0.872093 0.08791989 0.8708261 0.08790368 0.8600131 0.08601671 0.8593536 0.02948147 0.8575792 0.03896946 0.8592949 0.04701346 0.8594645 0.09550589 0.8575792 0.08601791 0.8592949 0.4908694 0.8783373 0.4908694 0.8567028 0.4908694 0.8557019 0.4908694 0.8818026 0.4869219 0.8519154 0.488867 0.8517039 0.488867 0.8773343 0.488867 0.8513358 0.488867 0.8567028 0.475881 0.8857982 0.4030896 0.8857982 0.4030896 0.8903476 0.475881 0.8903476 0.3959221 0.8834043 0.3956053 0.8849491 0.3959221 0.8890907 0.4030896 0.890251 0.3956053 0.8892567 0.4833653 0.8849491 0.475881 0.890251 0.4830486 0.8890907 0.3881012 0.8783373 0.3881012 0.8567028 0.3881012 0.8818026 0.3920487 0.8814598 0.3901037 0.8773343 0.3881012 0.8557019 0.3901037 0.8517039 0.3920487 0.8519154 0.3901037 0.8823333 0.3901037 0.8567028 0.3901037 0.8826213 0.475881 0.8757871 0.4030896 0.8546253 0.4030896 0.8757871 0.4833653 0.8548102 0.475881 0.8546253 0.475881 0.8506737 0.4030896 0.8506737 0.3956053 0.8548102 0.4830486 0.8509733 0.3959221 0.8493283 0.3959221 0.8519154 0.4030896 0.8466917 0.4030896 0.8480291 0.3956053 0.8480291 0.475881 0.8462054 0.475881 0.8466917 0.475881 0.8480291 0.4030896 0.8462054 0.4030896 0.8567028 0.3956053 0.8567028 0.4030896 0.8517039 0.475881 0.8517039 0.4030896 0.8828655 0.3956053 0.8831851 0.3901037 0.8513358 0.3956053 0.8479847 0.3959221 0.8872471 0.3920487 0.8868291 0.4030896 0.8876239 0.475881 0.8876239 0.3901037 0.8861706 0.3959221 0.8489132 0.3920487 0.8511863 0.3959221 0.8509733 0.475881 0.8472449 0.4030896 0.8472449 0.3901037 0.8552465 0.3956053 0.8762754 0.4030896 0.8841971 0.3959221 0.8808172 0.4030896 0.8805224 0.475881 0.8805224 0.4830486 0.8493283 0.4830486 0.8519154 0.4833653 0.8480291 0.4833653 0.8479847 0.4833653 0.8567028 0.488867 0.8826213 0.4833653 0.8831851 0.475881 0.8828655 0.475881 0.8567028 0.4833653 0.8892567 0.4869219 0.8868291 0.488867 0.8861706 0.4830486 0.8872471 0.488867 0.8823333 0.4830486 0.8489132 0.4869219 0.8511863 0.4833653 0.8762754 0.488867 0.8552465 0.4830486 0.8834043 0.4869219 0.8814598 0.475881 0.8841971 0.4830486 0.8808172 0.4258288 0.8269475 0.4531418 0.8302622 0.4258288 0.8302622 0.4231224 0.8296539 0.4225141 0.8269475 0.4531418 0.8149307 0.4531418 0.8269475 0.4531418 0.8116161 0.4558482 0.8122243 0.4258288 0.8149307 0.4258288 0.8116161 0.4564565 0.8269475 0.4558482 0.8296539 0.4564565 0.8149307 0.4225141 0.8149307 0.4231224 0.8122243 0.4578295 0.8269475 0.4578295 0.8149307 0.4578295 0.8269475 0.4578295 0.8149307 0.4564565 0.8116161 0.4564565 0.8116161 0.4564565 0.8302622 0.4531418 0.8316352 0.4258288 0.8316352 0.4258288 0.8316352 0.4531418 0.8316352 0.4225141 0.8302622 0.4211411 0.8269475 0.4211411 0.8149307 0.4211411 0.8269475 0.4211411 0.8149307 0.4225141 0.8116161 0.4258288 0.8102431 0.4531418 0.8102431 0.4258288 0.8102431 0.4225141 0.8116161 0.4225141 0.8302622 0.4531418 0.8102431 0.4564565 0.8302622 0.05510569 0.9157436 0.05351444 0.9083399 0.05487559 0.9134686 0.07099937 0.923581 0.07528255 0.9175658 0.05494494 0.8942627 0.05367106 0.895875 0.04392007 0.9147176 0.06808576 0.92173 0.06847128 0.9250332 0.0688965 0.9210685 0.06926413 0.9210994 0.08074917 0.9092539 0.06810984 0.9243949 0.07105947 0.9221539 0.07105947 0.9221539 0.06881202 0.9205398 0.06027524 0.8886011 0.06684736 0.8954701 0.06280877 0.8874148 0.07658809 0.8975645 0.07752189 0.8967699 0.08061489 0.9075092 0.06048098 0.8836995 0.07485475 0.9178471 0.07302658 0.9170508 0.05563186 0.924485 0.05497035 0.937758 0.05726857 0.9276888 0.05303416 0.9274426 0.05515068 0.9226512 0.05294282 0.9282941 0.05353525 0.9222319 0.04286075 0.9359713 0.06707127 0.9550372 0.06777273 0.9409576 0.06108988 0.9314389 0.0675474 0.9320076 0.07925834 0.9393508 0.08403653 0.9477913 0.05316045 0.9276659 0.07625791 0.9250886 0.08580647 0.9312886 0.08428564 0.9248348 0.08344062 0.9344758 0.06874885 0.931873 0.07688588 0.9262463 0.1012806 0.9427012 0.08094864 0.9233921 0.08132497 0.9218056 0.08007249 0.9259218 0.0268046 0.7928887 0.0321868 0.7883912 0.0330341 0.7857403 0.03437765 0.782092 0.03615173 0.7776286 0.02948406 0.8136416 0.02919608 0.8004091 0.0379965 0.82669 0.02940454 0.8219428 0.04219013 0.8305079 0.04071584 0.8273084 0.02888409 0.8218244 0.02737527 0.8155497 0.01608178 0.8122754 0.02951648 0.7960408 0.02358989 0.7906199 0.03112451 0.7931205 0.0382619 0.7725858 0.03188423 0.7898978 0.03184665 0.791621 0.03123833 0.7931977 0.02531884 0.7912973 0.03180713 0.7934318 0.04059004 0.7672399 0.04206635 0.7639689 0.05272093 0.7852691 0.04299535 0.7632837 0.04424175 0.7621845 0.06500211 0.8014481 0.06294408 0.8030227 0.05640693 0.7713441 0.06911967 0.7843651 0.04485937 0.8338217 0.06948385 0.7833639 0.06968764 0.7823887 0.068787 0.7834594 0.07555342 0.772379 0.08416177 0.7958152 0.06958368 0.8056328 0.06544772 0.8040903 0.06631801 0.8041427 0.06174487 0.8061874 0.1104595 0.8955758 0.1091393 0.903784 0.1093408 0.9148253 0.1092516 0.9002325 0.1092088 0.9002196 0.1119072 0.9013119 0.1144338 0.8673403 0.1127655 0.8697261 0.1126509 0.8675899 0.1022975 0.9023834 0.1103994 0.8665913 0.1118785 0.8637012 0.1107435 0.8631227 0.1139005 0.8578692 0.1203659 0.8666101 0.1125577 0.9015278 0.1084699 0.9073619 0.10479 0.9129132 0.08433302 0.9255059 0.08507945 0.8992893 0.09268206 0.8646875 0.09520218 0.863192 0.1076163 0.8650325 0.09530888 0.8632806 0.08153018 0.9143009 0.07919522 0.9157807 0.07795657 0.9024928 0.07858075 0.9028108 0.08827065 0.9205464 0.08461545 0.9198389 0.08451227 0.9197404 0.08461596 0.7792025 0.1037866 0.841307 0.08560065 0.8448074 0.07774211 0.8354632 0.07612398 0.8218039 0.1033222 0.794759 0.07383428 0.7738951 0.09142271 0.7856667 0.09366655 0.7883379 0.08907232 0.7832986 0.1045325 0.8115993 0.1043559 0.8132427 0.103064 0.8079802 0.09569386 0.7911806 0.1050804 0.8412752 0.09342912 0.8602781 0.09277804 0.8495327 0.09875126 0.7970217 0.09868181 0.7968085 0.09959149 0.8056916 0.1109928 0.8115985 0.1171685 0.8363194 0.09964794 0.8068252 0.1052091 0.8429606 0.1021423 0.8495041 0.0443581 0.895888 0.03427196 0.8953703 0.04285082 0.8829715 0.04604283 0.8926322 0.04951198 0.8991198 0.04962657 0.8992946 0.03379514 0.897366 0.05005715 0.8994616 0.07336779 0.9140781 0.07230099 0.9081861 0.07919522 0.9157807 0.07512271 0.9090111 0.08145992 0.918624 0.08085375 0.9201785 0.08153018 0.9143009 0.07795657 0.9024928 0.07496765 0.9093114 0.03224866 0.8941015 0.03394619 0.897962 0.03036399 0.8593779 0.03452135 0.8897097 0.03438686 0.8904477 0.02724506 0.8561453 0.02764108 0.8546183 0.02581086 0.8557167 0.02205418 0.8542777 0.01719953 0.8522094 0.02186969 0.8445153 0.02865522 0.8542066 0.02153294 0.8956007 0.02564858 0.8614497 0.02697927 0.8798751 0.02686575 0.8800032 0.05303416 0.9274426 0.05316045 0.9276659 0.03768419 0.8726857 0.0381952 0.8742323 0.0360588 0.8748593 0.03672266 0.8775851 0.04167952 0.8790669 0.05098421 0.8954381 0.03941264 0.8898206 0.03521617 0.8855269 0.06514528 0.9264448 0.08211583 0.9313321 0.08689193 0.9181983 0.0982938 0.9079755 0.09297977 0.9026987 0.0880386 0.8949504 0.08061489 0.9075092 0.07620761 0.9246587 0.08074917 0.9092539 0.07485475 0.9178471 0.08827065 0.9205464 0.1129621 0.9013069 0.1115199 0.8912303 0.1115097 0.8911597 0.1111978 0.8889803 0.1129621 0.9013069 0.1125147 0.900545 0.01851003 0.7993793 0.02571054 0.8017691 0.01923653 0.8100877 0.02681382 0.8131589 0.0315657 0.8044946 0.013466 0.8219363 0.01672604 0.8182568 0.01240126 0.8169991 0.01245981 0.8245943 0.0132582 0.8221707 0.02561327 0.8082262 0.02327277 0.8128895 0.01139471 0.8242739 0.0312981 0.8167565 0.03080589 0.8175675 0.02783495 0.8026616 0.03157371 0.8041265 0.02841707 0.8028897 0.03179826 0.793836 0.01619516 0.821598 0.01526963 0.8264954 0.01886964 0.811146 0.01592872 0.831332 0.01179629 0.8275883 0.01196843 0.8266309 0.02014903 0.8535555 0.02197926 0.8555514 0.02534106 0.8234997 0.02262918 0.8378496 0.02321789 0.8275408 0.02321789 0.8275408 0.02447996 0.8514312 0.02468839 0.8546933 0.02654039 0.8573384 0.03005315 0.8589416 0.02940454 0.8219428 0.03601623 0.838619 0.03639885 0.8371232 0.02262918 0.8378496 0.03713812 0.8444149 0.02959462 0.874332 0.02468839 0.8546933 0.02447996 0.8514312 0.03908442 0.8586963 0.04021334 0.8763725 0.02654039 0.8573384 0.04179322 0.8786288 0.03672266 0.8775851 0.06479529 0.8655476 0.03644115 0.8311766 0.04485937 0.8338217 0.09380739 0.8536537 0.08091986 0.911287 0.05314615 0.8160609 0.04546535 0.8973956 0.0379965 0.82669 0.03908442 0.8586963 0.04219013 0.8305079 0.04071584 0.8273084 0.07774211 0.8354632 0.08621708 0.8923004 0.08937332 0.8456674 0.07230099 0.9081861 0.04604283 0.8926322 0.04285082 0.8829715 0.07512271 0.9090111 0.1092895 0.839159 0.1060936 0.8299856 0.1061178 0.8305432 0.1055821 0.8333683 0.1055989 0.8378138 0.1163396 0.8508338 0.09987742 0.8069867 0.09988129 0.8072449 0.1049076 0.8216243 0.1123967 0.8460544 0.10542 0.8335491 0.1002128 0.8293594 0.1024012 0.8339376 0.1147527 0.85227 0.1144447 0.8559456 0.1147419 0.855442 0.1140508 0.8413319 0.1147527 0.85227 0.1119557 0.8626496 0.1110279 0.8644318 0.1195183 0.8814516 0.1067236 0.8659419 0.1084784 0.8699819 0.1111978 0.8889803 0.1127473 0.8998061 0.1048838 0.8564357 0.1003117 0.8359489 0.1036891 0.8543296 0.1142095 0.8528038 0.1096833 0.8784001 0.1066619 0.8675992 0.1127473 0.8998061 0.1028268 0.8488094 0.09928799 0.8387011 0.09800233 0.8381816 0.08408332 0.8485167 0.08572397 0.8616975 0.09800086 0.8381849 0.0935368 0.8841106 0.1139915 0.8867888 0.08964764 0.8451957 0.08409579 0.8481884 0.08736107 0.8799722 0.08779984 0.8744554 0.08779984 0.8744554 0.1119537 0.8905732 0.1003217 0.8366181 0.1003369 0.8376325 0.1021736 0.9053841 0.1091059 0.8947404 0.09917714 0.9099214 0.1115097 0.8911597 0.08234513 0.8934057 0.08510432 0.8853334 0.0982938 0.9079755 0.08311409 0.8912007 0.08389462 0.8921103 0.08310881 0.8910229 0.1114246 0.890565 0.05726202 0.8471633 0.06951017 0.8625664 0.05995001 0.8332986 0.05825264 0.8391207 0.05825264 0.8391207 0.05609346 0.83011 0.05917655 0.8666568 0.05996224 0.8694938 0.05971506 0.8633978 0.069951 0.8979439 0.08118013 0.8400191 0.05820775 0.8388067 0.04242241 0.880858 0.06441463 0.8330433 0.07727688 0.836908 0.05826399 0.8391997 0.05818202 0.8779049 0.06684736 0.8954701 0.07658809 0.8975645 0.06280877 0.8874148 0.0534353 0.899612 0.05894185 0.8800988 0.08189297 0.8972613 0.08510432 0.8853334 0.07752189 0.8967699 0.08046854 0.8973426 0.08165759 0.8971867 0.08311409 0.8912007 0.03354387 0.8188307 0.03963358 0.8222895 0.03736903 0.8206587 0.02460293 0.8505131 0.04455678 0.8375848 0.03039466 0.82999 0.03009011 0.8888483 0.04202633 0.8235955 0.02838128 0.8371245 0.0306717 0.8290088 0.0314544 0.8262349 0.03352189 0.8237671 0.03266795 0.8269208 0.03218757 0.8255141 0.02003209 0.85976 0.02460293 0.8505131 0.02460293 0.8505131 0.03722993 0.8205302 0.03531075 0.8205021 0.03462431 0.8206706 0.02619161 0.861613 0.02742581 0.870235 0.03521617 0.8855269 0.03941264 0.8898206 0.03187745 0.8743466 0.0530563 0.8927786 0.05494494 0.8942627 0.05098421 0.8954381 0.007945169 0.8561236 0.01139474 0.8242739 0.03144744 0.822453 0.03122606 0.8200641 0.03130221 0.8165735 0.03126205 0.818409 0.01310886 0.8358345 0.02003209 0.85976 0.02537014 0.8816913 0.01632318 0.8445223 0.02742581 0.870235 0.02564858 0.8614497 0.02686575 0.8800032 0.03195354 0.8742607 0.02619161 0.861613 0.02697927 0.8798751 0.06048098 0.8836995 0.0572829 0.8859774 0.05855663 0.881464 0.03768419 0.8726857 0.03836431 0.862321 0.0360588 0.8748593 0.0381952 0.8742323 0.02654879 0.8560897 0.1021736 0.9053841 0.1091059 0.8947404 0.08296432 0.8917342 0.08310881 0.8910229 0.111058 0.8880036 0.08296432 0.8917342 0.08234513 0.8934057 0.08310881 0.8910229 0.1005486 0.8517514 0.03836431 0.862321 0.03195354 0.8742607 0.07496765 0.9093114 0.1027793 0.8573882 0.0999857 0.8550026 0.1021423 0.8495041 0.1003555 0.8546042 0.1003555 0.8546042 0.08145992 0.918624 0.03639885 0.8371232 0.07302658 0.9170508 0.08177523 0.8969004 0.08165759 0.8971867 0.08046854 0.8973426 0.0572829 0.8859774 0.05855663 0.881464 0.0530563 0.8927786 0.05855663 0.881464 0.05746681 0.8336301 0.05820775 0.8388067 0.05826399 0.8391997 0.1002422 0.8313206 0.1003097 0.8358186 0.08298606 0.8468682 0.09204325 0.8442652 0.09430857 0.8427289 0.09632906 0.8406672 0.1000801 0.838515 0.0973947 0.7940527 0.1003097 0.8358186 0.01823384 0.7655525 0.01725187 0.7657452 0.01802833 0.7655234 0.01883794 0.7654486 0.0276991 0.7654828 0.01824122 0.7657718 0.01721361 0.7658496 0.01822811 0.7654862 0.01725109 0.7657452 0.01653768 0.7661053 0.01724651 0.7661805 0.02833143 0.7661597 0.0182477 0.7661194 0.01654783 0.7661431 0.01824546 0.7665777 0.01648987 0.7666178 0.01596355 0.7665891 0.01592512 0.7670168 0.01657279 0.7671962 0.01560514 0.7676787 0.01729341 0.7669883 0.01546058 0.7671635 0.01591571 0.7665899 0.01688386 0.7687597 0.01638751 0.7888157 0.01598512 0.7687701 0.01635905 0.7678826 0.01725098 0.7678369 0.0182737 0.7674403 0.01504072 0.7678542 0.01491097 0.7685521 0.01481864 0.7685852 0.01503803 0.7678542 0.01540934 0.7671804 0.01514939 0.7678151 0.01511358 0.7687573 0.01478991 0.7693658 0.01476926 0.7687891 0.01558614 0.7888138 0.01549311 0.768768 0.01857466 0.7901215 0.01859612 0.7909717 0.01748545 0.7905546 0.01765513 0.7897639 0.02797421 0.7888544 0.02796919 0.7901849 0.01851383 0.788834 0.01681311 0.7897151 0.01721727 0.7888235 0.01668993 0.7903216 0.01601277 0.7897518 0.01824995 0.7687679 0.01770447 0.791852 0.01766452 0.7917486 0.01839397 0.7919857 0.01842762 0.7920737 0.01703423 0.7914919 0.01706986 0.791482 0.01859384 0.791797 0.01919673 0.7921143 0.01770411 0.791852 0.01768701 0.7914168 0.0168648 0.7910051 0.0279384 0.7918254 0.02738715 0.7921271 0.01859987 0.7914375 0.01648705 0.7910092 0.01699292 0.7907715 0.01536813 0.7888193 0.01534384 0.789012 0.01525082 0.7882517 0.01558089 0.789743 0.01568528 0.7897798 0.01558045 0.789743 0.01530175 0.788824 0.01595178 0.7904167 0.01593169 0.7888101 0.01595214 0.7904167 0.01609441 0.7904119 0.01644266 0.7910072 0.0293185 0.7657889 0.02856524 0.7656115 0.02853063 0.7655234 0.02930762 0.7657452 0.02998169 0.7661152 0.02834538 0.7658002 0.02948884 0.7662814 0.02826359 0.7654737 0.03002093 0.7661053 0.03018857 0.7665921 0.02999132 0.7672008 0.02926539 0.7669911 0.03059422 0.766588 0.0306428 0.7665899 0.03109707 0.7671618 0.03060523 0.7671289 0.02832409 0.7668476 0.0302032 0.7678822 0.03170652 0.7687778 0.03151828 0.7678542 0.03174043 0.7685852 0.03180571 0.7693454 0.03140859 0.7678173 0.03127421 0.7882313 0.03152028 0.7678542 0.03147513 0.7687833 0.03105848 0.7678455 0.03110835 0.768787 0.03094374 0.7888398 0.03058662 0.7888292 0.03062448 0.7687815 0.03114906 0.7671804 0.02833868 0.7687369 0.02873628 0.7677825 0.02974242 0.7687737 0.02793912 0.7914777 0.02813441 0.7920352 0.02886881 0.7914168 0.02889159 0.7917476 0.02885375 0.791852 0.01862855 0.7921212 0.02798305 0.7921084 0.02954286 0.7914441 0.02795047 0.7910194 0.02958326 0.7909793 0.02884504 0.7906088 0.02920154 0.7916981 0.02952237 0.7904009 0.03044221 0.7899184 0.03011816 0.7909627 0.03012139 0.7905803 0.03060561 0.7904167 0.03011478 0.7910072 0.03059723 0.7903808 0.02927821 0.7888374 0.02974287 0.7897146 0.02890707 0.7897603 0.03012361 0.7888271 0.03097763 0.789743 0.03087424 0.789782 0.03112647 0.789045 0.03121474 0.789012 0.0309769 0.789743 0.03126612 0.7888081 0.03177854 0.7687731 0.01823384 0.7655525 0.01725187 0.7657452 0.01721361 0.7658496 0.01883794 0.7654486 0.01802833 0.7655234 0.01822811 0.7654862 0.02826359 0.7654737 0.0276991 0.7654828 0.01725109 0.7657452 0.01653768 0.7661053 0.01654783 0.7661431 0.01824122 0.7657718 0.01724651 0.7661805 0.02834538 0.7658002 0.02833143 0.7661597 0.0182477 0.7661194 0.01648987 0.7666178 0.01824546 0.7665777 0.01596355 0.7665891 0.01592512 0.7670168 0.01560514 0.7676787 0.01657279 0.7671962 0.01546058 0.7671635 0.01591571 0.7665899 0.01688386 0.7687597 0.01638751 0.7888157 0.01721727 0.7888235 0.01725098 0.7678369 0.01635905 0.7678826 0.01824995 0.7687679 0.01598512 0.7687701 0.0182737 0.7674403 0.01729341 0.7669883 0.02832409 0.7668476 0.01504072 0.7678542 0.01491097 0.7685521 0.01514939 0.7678151 0.01481864 0.7685852 0.01478991 0.7693658 0.01476926 0.7687891 0.01503803 0.7678542 0.01511358 0.7687573 0.01540934 0.7671804 0.01549311 0.768768 0.01558614 0.7888138 0.01593169 0.7888101 0.01857466 0.7901215 0.02796919 0.7901849 0.02797421 0.7888544 0.01851383 0.788834 0.01765513 0.7897639 0.01748545 0.7905546 0.01859612 0.7909717 0.01681311 0.7897151 0.01668993 0.7903216 0.01601277 0.7897518 0.01770447 0.791852 0.01842762 0.7920737 0.01839397 0.7919857 0.01766452 0.7917486 0.01703423 0.7914919 0.01770411 0.791852 0.01919673 0.7921143 0.01862855 0.7921212 0.01859384 0.791797 0.01706986 0.791482 0.01768701 0.7914168 0.0168648 0.7910051 0.01859987 0.7914375 0.01648705 0.7910092 0.01699292 0.7907715 0.0279384 0.7918254 0.02793912 0.7914777 0.01536813 0.7888193 0.01525082 0.7882517 0.01558089 0.789743 0.01568528 0.7897798 0.01534384 0.789012 0.01530175 0.788824 0.01595214 0.7904167 0.01609441 0.7904119 0.0293185 0.7657889 0.02930762 0.7657452 0.02853063 0.7655234 0.02856524 0.7656115 0.02948884 0.7662814 0.02998169 0.7661152 0.03018857 0.7665921 0.03002093 0.7661053 0.02926539 0.7669911 0.02999132 0.7672008 0.03059422 0.766588 0.0306428 0.7665899 0.03060523 0.7671289 0.0302032 0.7678822 0.03109707 0.7671618 0.03170652 0.7687778 0.03174043 0.7685852 0.03151828 0.7678542 0.03140859 0.7678173 0.03180571 0.7693454 0.03127421 0.7882313 0.03126612 0.7888081 0.03177854 0.7687731 0.03152028 0.7678542 0.03114906 0.7671804 0.03147513 0.7687833 0.03094374 0.7888398 0.03105848 0.7678455 0.03110835 0.768787 0.03058662 0.7888292 0.03062448 0.7687815 0.02833868 0.7687369 0.02927821 0.7888374 0.02974242 0.7687737 0.02873628 0.7677825 0.03012361 0.7888271 0.02738715 0.7921271 0.02813441 0.7920352 0.02889159 0.7917476 0.02886881 0.7914168 0.02798305 0.7921084 0.02885375 0.791852 0.02954286 0.7914441 0.02795047 0.7910194 0.02958326 0.7909793 0.02884504 0.7906088 0.02920154 0.7916981 0.03011478 0.7910072 0.03044221 0.7899184 0.02952237 0.7904009 0.03011816 0.7909627 0.03012139 0.7905803 0.03060561 0.7904167 0.03059723 0.7903808 0.02974287 0.7897146 0.02890707 0.7897603 0.03097763 0.789743 0.03121474 0.789012 0.03112647 0.789045 0.0309769 0.789743 0.03087424 0.789782 0.01644266 0.7910072 0.01595178 0.7904167 0.01558045 0.789743</float_array>
          <technique_common>
            <accessor count="2790" source="#texcoords-array-array" stride="2">
              <param type="float" name="S" />
              <param type="float" name="T" />
            </accessor>
          </technique_common>
        </source>
        <vertices id="verts-array-vertices">
          <input semantic="POSITION" source="#verts-array" />
        </vertices>
        <triangles count="5061" material="material0">
          <input offset="0" semantic="VERTEX" source="#verts-array-vertices" />
          <input offset="1" semantic="NORMAL" source="#normals-array" />
          <input offset="2" semantic="TEXCOORD" source="#texcoords-array" />
          <p>0 0 0 1 1 1 2 2 2 0 0 0 3 3 3 1 1 1 0 0 0 4 4 4 5 5 5 0 0 0 5 5 5 6 6 6 1 1 1 7 7 7 8 8 8 1 1 1 8 8 8 9 9 9 2 2 2 1 1 1 10 10 10 3 3 3 0 0 0 11 11 11 3 3 3 12 12 12 7 7 7 11 11 11 13 13 13 3 3 3 11 11 11 14 14 14 15 15 15 16 16 16 17 17 17 18 18 18 16 16 16 19 19 19 20 20 20 16 16 16 21 21 21 17 17 17 17 17 17 22 22 22 18 18 18 17 17 17 23 23 23 24 24 24 18 18 18 25 25 25 16 16 16 21 21 21 26 26 26 27 27 27 21 21 21 16 16 16 20 20 20 21 21 21 28 28 28 17 17 17 20 20 20 29 29 29 21 21 21 30 30 30 31 31 31 32 32 32 30 30 30 33 33 33 34 34 34 31 31 31 30 30 30 34 34 34 31 31 31 35 35 35 36 36 36 31 31 31 37 37 37 35 35 35 32 32 32 31 31 31 38 38 38 32 32 32 39 39 39 30 30 30 34 34 34 40 40 40 37 37 37 41 41 41 42 42 42 43 43 43 42 42 42 44 44 44 43 43 43 42 42 42 41 41 41 45 45 45 43 43 43 46 46 46 47 47 47 45 45 45 48 48 48 49 49 49 45 45 45 50 50 50 42 42 42 48 48 48 45 45 45 41 41 41 49 49 49 51 51 51 52 52 52 49 49 49 53 53 53 45 45 45 49 49 49 54 54 54 55 55 55 54 54 54 49 49 49 48 48 48 54 54 54 56 56 56 57 57 57 55 55 55 58 58 58 51 51 51 55 55 55 59 59 59 60 60 60 59 59 59 55 55 55 54 54 54 50 50 50 61 61 61 42 42 42 50 50 50 45 45 45 53 53 53 50 50 50 62 62 62 63 63 63 53 53 53 49 49 49 52 52 52 53 53 53 64 64 64 50 50 50 53 53 53 65 65 65 66 66 66 52 52 52 67 67 67 65 65 65 51 51 51 68 68 68 67 67 67 51 51 51 49 49 49 55 55 55 58 58 58 55 55 55 60 60 60 64 64 64 69 69 69 62 62 62 64 64 64 53 53 53 66 66 66 66 66 66 70 70 70 64 64 64 66 66 66 71 71 71 72 72 72 65 65 65 73 73 73 71 71 71 65 65 65 53 53 53 52 52 52 67 67 67 52 52 52 51 51 51 67 67 67 74 74 74 73 73 73 68 68 68 51 51 51 58 58 58 68 68 68 75 75 75 74 74 74 70 70 70 76 76 76 69 69 69 70 70 70 66 66 66 72 72 72 71 71 71 66 66 66 65 65 65 73 73 73 65 65 65 67 67 67 74 74 74 67 67 67 68 68 68 77 77 77 78 78 78 79 79 79 77 77 77 80 80 80 81 81 81 77 77 77 79 79 79 82 82 82 79 79 79 83 83 83 84 84 84 82 82 82 79 79 79 85 85 85 85 85 85 86 86 86 87 87 87 85 85 85 84 84 84 88 88 88 89 89 89 90 90 90 78 78 78 89 89 89 81 81 81 91 91 91 89 89 89 78 78 78 77 77 77 78 78 78 83 83 83 79 79 79 78 78 78 92 92 92 83 83 83 93 93 93 94 94 94 90 90 90 93 93 93 91 91 91 95 95 95 93 93 93 90 90 90 89 89 89 90 90 90 96 96 96 92 92 92 90 90 90 92 92 92 78 78 78 97 97 97 94 94 94 93 93 93 97 97 97 98 98 98 99 99 99 97 97 97 95 95 95 100 100 100 94 94 94 96 96 96 90 90 90 94 94 94 97 97 97 99 99 99 84 84 84 85 85 85 79 79 79 84 84 84 101 101 101 102 102 102 88 88 88 102 102 102 103 103 103 83 83 83 101 101 101 84 84 84 83 83 83 75 75 75 101 101 101 92 92 92 104 104 104 75 75 75 92 92 92 75 75 75 83 83 83 96 96 96 104 104 104 92 92 92 96 96 96 94 94 94 105 105 105 102 102 102 60 60 60 103 103 103 102 102 102 58 58 58 60 60 60 102 102 102 88 88 88 84 84 84 103 103 103 60 60 60 59 59 59 101 101 101 58 58 58 102 102 102 101 101 101 68 68 68 58 58 58 75 75 75 68 68 68 101 101 101 104 104 104 106 106 106 74 74 74 104 104 104 74 74 74 75 75 75 104 104 104 96 96 96 107 107 107 23 23 23 108 108 108 109 109 109 23 23 23 17 17 17 28 28 28 23 23 23 28 28 28 108 108 108 28 28 28 110 110 110 108 108 108 28 28 28 21 21 21 27 27 27 108 108 108 111 111 111 112 112 112 108 108 108 110 110 110 111 111 111 110 110 110 27 27 27 113 113 113 110 110 110 114 114 114 111 111 111 111 111 111 115 115 115 116 116 116 111 111 111 114 114 114 115 115 115 114 114 114 113 113 113 117 117 117 114 114 114 118 118 118 115 115 115 115 115 115 118 118 118 72 72 72 115 115 115 72 72 72 71 71 71 118 118 118 117 117 117 76 76 76 118 118 118 70 70 70 72 72 72 119 119 119 109 109 109 105 105 105 119 119 119 24 24 24 23 23 23 119 119 119 23 23 23 109 109 109 109 109 109 112 112 112 107 107 107 109 109 109 108 108 108 112 112 112 112 112 112 111 111 111 116 116 116 112 112 112 116 116 116 106 106 106 116 116 116 71 71 71 73 73 73 116 116 116 115 115 115 71 71 71 99 99 99 119 119 119 105 105 105 99 99 99 120 120 120 119 119 119 99 99 99 105 105 105 94 94 94 105 105 105 109 109 109 107 107 107 105 105 105 107 107 107 96 96 96 107 107 107 106 106 106 104 104 104 107 107 107 112 112 112 106 106 106 106 106 106 73 73 73 74 74 74 106 106 106 116 116 116 73 73 73 121 121 121 122 122 122 123 123 123 122 122 122 124 124 124 125 125 125 122 122 122 121 121 121 126 126 126 123 123 123 125 125 125 127 127 127 123 123 123 128 128 128 129 129 129 126 126 126 130 130 130 122 122 122 126 126 126 131 131 131 132 132 132 131 131 131 126 126 126 121 121 121 131 131 131 133 133 133 134 134 134 132 132 132 135 135 135 136 136 136 132 132 132 137 137 137 138 138 138 132 132 132 139 139 139 126 126 126 135 135 135 140 140 140 136 136 136 135 135 135 132 132 132 131 131 131 136 136 136 141 141 141 137 137 137 140 140 140 135 135 135 142 142 142 130 130 130 143 143 143 124 124 124 130 130 130 126 126 126 139 139 139 139 139 139 132 132 132 138 138 138 139 139 139 144 144 144 145 145 145 139 139 139 146 146 146 130 130 130 138 138 138 147 147 147 144 144 144 137 137 137 148 148 148 147 147 147 137 137 137 132 132 132 136 136 136 141 141 141 136 136 136 140 140 140 141 141 141 149 149 149 148 148 148 146 146 146 139 139 139 145 145 145 146 146 146 150 150 150 151 151 151 146 146 146 152 152 152 143 143 143 145 145 145 153 153 153 150 150 150 144 144 144 139 139 139 138 138 138 144 144 144 154 154 154 153 153 153 147 147 147 138 138 138 137 137 137 147 147 147 155 155 155 154 154 154 148 148 148 156 156 156 155 155 155 148 148 148 137 137 137 141 141 141 150 150 150 146 146 146 145 145 145 151 151 151 157 157 157 158 158 158 151 151 151 159 159 159 152 152 152 153 153 153 145 145 145 144 144 144 154 154 154 144 144 144 147 147 147 155 155 155 156 156 156 160 160 160 155 155 155 147 147 147 148 148 148 161 161 161 162 162 162 163 163 163 161 161 161 164 164 164 165 165 165 162 162 162 166 166 166 163 163 163 162 162 162 167 167 167 168 168 168 162 162 162 169 169 169 170 170 170 163 163 163 171 171 171 172 172 172 163 163 163 164 164 164 161 161 161 168 168 168 166 166 166 162 162 162 168 168 168 173 173 173 174 174 174 168 168 168 175 175 175 166 166 166 166 166 166 171 171 171 163 163 163 174 174 174 176 176 176 177 177 177 174 174 174 173 173 173 176 176 176 174 174 174 175 175 175 168 168 168 175 175 175 171 171 171 166 166 166 175 175 175 174 174 174 177 177 177 175 175 175 177 177 177 178 178 178 164 164 164 163 163 163 172 172 172 164 164 164 179 179 179 180 180 180 165 165 165 180 180 180 181 181 181 172 172 172 149 149 149 179 179 179 172 172 172 179 179 179 164 164 164 171 171 171 175 175 175 182 182 182 171 171 171 149 149 149 172 172 172 182 182 182 178 178 178 183 183 183 182 182 182 175 175 175 178 178 178 182 182 182 149 149 149 171 171 171 180 180 180 165 165 165 164 164 164 180 180 180 141 141 141 140 140 140 180 180 180 179 179 179 141 141 141 180 180 180 140 140 140 181 181 181 181 181 181 140 140 140 142 142 142 149 149 149 141 141 141 179 179 179 149 149 149 182 182 182 156 156 156 156 156 156 183 183 183 160 160 160 156 156 156 148 148 148 149 149 149 156 156 156 182 182 182 183 183 183 184 184 184 19 19 19 185 185 185 184 184 184 186 186 186 187 187 187 186 186 186 188 188 188 189 189 189 186 186 186 184 184 184 185 185 185 187 187 187 190 190 190 191 191 191 187 187 187 192 192 192 184 184 184 185 185 185 16 16 16 188 188 188 190 190 190 189 189 189 193 193 193 190 190 190 187 187 187 186 186 186 191 191 191 158 158 158 157 157 157 191 191 191 194 194 194 187 187 187 158 158 158 193 193 193 159 159 159 158 158 158 191 191 191 190 190 190 157 157 157 151 151 151 150 150 150 157 157 157 150 150 150 153 153 153 192 192 192 187 187 187 194 194 194 192 192 192 195 195 195 184 184 184 194 194 194 191 191 191 196 196 196 194 194 194 177 177 177 192 192 192 196 196 196 197 197 197 160 160 160 197 197 197 153 153 153 154 154 154 197 197 197 157 157 157 153 153 153 197 197 197 191 191 191 157 157 157 197 197 197 196 196 196 191 191 191 177 177 177 194 194 194 178 178 178 177 177 177 198 198 198 192 192 192 177 177 177 176 176 176 198 198 198 183 183 183 178 178 178 194 194 194 183 183 183 194 194 194 196 196 196 160 160 160 154 154 154 155 155 155 160 160 160 183 183 183 196 196 196 160 160 160 197 197 197 154 154 154 61 61 61 50 50 50 63 63 63 61 61 61 199 199 199 44 44 44 199 199 199 200 200 200 201 201 201 199 199 199 61 61 61 202 202 202 199 199 199 46 46 46 44 44 44 44 44 44 42 42 42 61 61 61 202 202 202 203 203 203 199 199 199 202 202 202 63 63 63 204 204 204 63 63 63 202 202 202 61 61 61 204 204 204 205 205 205 202 202 202 204 204 204 206 206 206 207 207 207 204 204 204 62 62 62 208 208 208 62 62 62 209 209 209 208 208 208 62 62 62 204 204 204 63 63 63 62 62 62 50 50 50 64 64 64 208 208 208 210 210 210 206 206 206 208 208 208 206 206 206 204 204 204 69 69 69 64 64 64 70 70 70 69 69 69 209 209 209 62 62 62 209 209 209 76 76 76 211 211 211 209 209 209 210 210 210 208 208 208 203 203 203 202 202 202 205 205 205 205 205 205 204 204 204 207 207 207 205 205 205 212 212 212 203 203 203 207 207 207 213 213 213 205 205 205 207 207 207 214 214 214 215 215 215 206 206 206 214 214 214 207 207 207 206 206 206 216 216 216 214 214 214 210 210 210 216 216 216 206 206 206 212 212 212 205 205 205 213 213 213 212 212 212 200 200 200 203 203 203 213 213 213 207 207 207 215 215 215 213 213 213 217 217 217 212 212 212 213 213 213 215 215 215 218 218 218 213 213 213 218 218 218 219 219 219 215 215 215 214 214 214 220 220 220 215 215 215 220 220 220 218 218 218 214 214 214 221 221 221 220 220 220 216 216 216 221 221 221 214 214 214 216 216 216 222 222 222 221 221 221 217 217 217 213 213 213 219 219 219 26 26 26 21 21 21 29 29 29 26 26 26 113 113 113 27 27 27 113 113 113 114 114 114 110 110 110 113 113 113 26 26 26 223 223 223 27 27 27 110 110 110 28 28 28 223 223 223 224 224 224 225 225 225 223 223 223 117 117 117 113 113 113 223 223 223 226 226 226 227 227 227 224 224 224 223 223 223 26 26 26 224 224 224 29 29 29 228 228 228 224 224 224 229 229 229 225 225 225 225 225 225 230 230 230 226 226 226 225 225 225 226 226 226 223 223 223 231 231 231 229 229 229 224 224 224 231 231 231 232 232 232 229 229 229 231 231 231 228 228 228 233 233 233 229 229 229 230 230 230 225 225 225 229 229 229 234 234 234 230 230 230 235 235 235 236 236 236 237 237 237 235 235 235 233 233 233 236 236 236 235 235 235 232 232 232 231 231 231 232 232 232 235 235 235 238 238 238 232 232 232 234 234 234 229 229 229 117 117 117 223 223 223 227 227 227 117 117 117 118 118 118 114 114 114 227 227 227 239 239 239 211 211 211 227 227 227 76 76 76 117 117 117 226 226 226 239 239 239 227 227 227 226 226 226 222 222 222 239 239 239 230 230 230 222 222 222 226 226 226 230 230 230 240 240 240 222 222 222 234 234 234 232 232 232 241 241 241 234 234 234 240 240 240 230 230 230 76 76 76 70 70 70 118 118 118 76 76 76 209 209 209 69 69 69 76 76 76 227 227 227 211 211 211 211 211 211 210 210 210 209 209 209 239 239 239 210 210 210 211 211 211 239 239 239 216 216 216 210 210 210 222 222 222 216 216 216 239 239 239 240 240 240 234 234 234 242 242 242 240 240 240 221 221 221 222 222 222 240 240 240 243 243 243 221 221 221 244 244 244 36 36 36 35 35 35 244 244 244 245 245 245 246 246 246 244 244 244 246 246 246 247 247 247 245 245 245 248 248 248 246 246 246 245 245 245 37 37 37 249 249 249 246 246 246 248 248 248 250 250 250 246 246 246 250 250 250 251 251 251 248 248 248 252 252 252 253 253 253 248 248 248 253 253 253 254 254 254 248 248 248 249 249 249 252 252 252 248 248 248 254 254 254 250 250 250 250 250 250 254 254 254 255 255 255 250 250 250 255 255 255 256 256 256 254 254 254 253 253 253 257 257 257 254 254 254 257 257 257 258 258 258 254 254 254 258 258 258 255 255 255 255 255 255 219 219 219 218 218 218 255 255 255 258 258 258 219 219 219 258 258 258 257 257 257 259 259 259 258 258 258 217 217 217 219 219 219 258 258 258 259 259 259 217 217 217 260 260 260 247 247 247 241 241 241 260 260 260 261 261 261 36 36 36 260 260 260 244 244 244 247 247 247 247 247 247 251 251 251 242 242 242 247 247 247 246 246 246 251 251 251 251 251 251 250 250 250 256 256 256 251 251 251 256 256 256 243 243 243 256 256 256 218 218 218 220 220 220 256 256 256 255 255 255 218 218 218 238 238 238 241 241 241 232 232 232 238 238 238 260 260 260 241 241 241 238 238 238 237 237 237 261 261 261 241 241 241 242 242 242 234 234 234 241 241 241 247 247 247 242 242 242 242 242 242 251 251 251 243 243 243 242 242 242 243 243 243 240 240 240 243 243 243 220 220 220 221 221 221 243 243 243 256 256 256 220 220 220 169 169 169 262 262 262 263 263 263 169 169 169 264 264 264 170 170 170 169 169 169 265 265 265 266 266 266 169 169 169 266 266 266 262 262 262 169 169 169 267 267 267 265 265 265 169 169 169 162 162 162 161 161 161 263 263 263 268 268 268 269 269 269 263 263 263 264 264 264 169 169 169 263 263 263 270 270 270 271 271 271 270 270 270 272 272 272 273 273 273 270 270 270 263 263 263 262 262 262 270 270 270 266 266 266 274 274 274 270 270 270 274 274 274 272 272 272 271 271 271 273 273 273 275 275 275 273 273 273 271 271 271 270 270 270 275 275 275 276 276 276 277 277 277 275 275 275 273 273 273 276 276 276 275 275 275 268 268 268 271 271 271 264 264 264 278 278 278 279 279 279 264 264 264 263 263 263 269 269 269 170 170 170 279 279 279 167 167 167 269 269 269 280 280 280 278 278 278 268 268 268 275 275 275 281 281 281 268 268 268 263 263 263 271 271 271 281 281 281 277 277 277 282 282 282 281 281 281 280 280 280 268 268 268 281 281 281 275 275 275 277 277 277 279 279 279 170 170 170 264 264 264 167 167 167 283 283 283 173 173 173 167 167 167 162 162 162 170 170 170 278 278 278 264 264 264 269 269 269 278 278 278 283 283 283 279 279 279 280 280 280 284 284 284 278 278 278 280 280 280 269 269 269 268 268 268 280 280 280 281 281 281 285 285 285 285 285 285 281 281 281 282 282 282 285 285 285 282 282 282 286 286 286 285 285 285 287 287 287 280 280 280 283 283 283 278 278 278 284 284 284 283 283 283 167 167 167 279 279 279 173 173 173 288 288 288 176 176 176 173 173 173 168 168 168 167 167 167 284 284 284 288 288 288 283 283 283 284 284 284 280 280 280 287 287 287 287 287 287 285 285 285 289 289 289 287 287 287 290 290 290 284 284 284 289 289 289 291 291 291 287 287 287 289 289 289 285 285 285 286 286 286 292 292 292 293 293 293 294 294 294 293 293 293 38 38 38 295 295 295 293 293 293 292 292 292 32 32 32 294 294 294 296 296 296 292 292 292 294 294 294 297 297 297 298 298 298 297 297 297 294 294 294 293 293 293 297 297 297 295 295 295 299 299 299 298 298 298 300 300 300 301 301 301 298 298 298 302 302 302 294 294 294 300 300 300 298 298 298 297 297 297 300 300 300 299 299 299 303 303 303 301 301 301 304 304 304 305 305 305 301 301 301 306 306 306 304 304 304 306 306 306 301 301 301 300 300 300 306 306 306 307 307 307 304 304 304 296 296 296 294 294 294 302 302 302 296 296 296 308 308 308 39 39 39 296 296 296 39 39 39 292 292 292 302 302 302 298 298 298 309 309 309 302 302 302 276 276 276 296 296 296 309 309 309 310 310 310 286 286 286 310 310 310 305 305 305 311 311 311 310 310 310 301 301 301 305 305 305 310 310 310 298 298 298 301 301 301 310 310 310 309 309 309 298 298 298 305 305 305 307 307 307 312 312 312 276 276 276 302 302 302 277 277 277 276 276 276 272 272 272 313 313 313 276 276 276 308 308 308 296 296 296 282 282 282 277 277 277 302 302 302 282 282 282 302 302 302 309 309 309 286 286 286 282 282 282 309 309 309 286 286 286 310 310 310 311 311 311 286 286 286 311 311 311 289 289 289 311 311 311 312 312 312 291 291 291 195 195 195 314 314 314 19 19 19 195 195 195 192 192 192 198 198 198 314 314 314 315 315 315 316 316 316 314 314 314 195 195 195 317 317 317 19 19 19 316 316 316 20 20 20 19 19 19 184 184 184 195 195 195 19 19 19 16 16 16 185 185 185 317 317 317 318 318 318 314 314 314 317 317 317 198 198 198 319 319 319 198 198 198 317 317 317 195 195 195 319 319 319 176 176 176 288 288 288 319 319 319 320 320 320 317 317 317 176 176 176 319 319 319 198 198 198 288 288 288 284 284 284 290 290 290 288 288 288 173 173 173 283 283 283 288 288 288 321 321 321 319 319 319 318 318 318 317 317 317 320 320 320 318 318 318 322 322 322 315 315 315 320 320 320 323 323 323 318 318 318 320 320 320 319 319 319 321 321 321 321 321 321 291 291 291 312 312 312 321 321 321 307 307 307 320 320 320 321 321 321 288 288 288 290 290 290 290 290 290 287 287 287 291 291 291 323 323 323 303 303 303 322 322 322 323 323 323 320 320 320 307 307 307 307 307 307 306 306 306 323 323 323 307 307 307 305 305 305 304 304 304 307 307 307 321 321 321 312 312 312 312 312 312 311 311 311 305 305 305 291 291 291 321 321 321 290 290 290 291 291 291 289 289 289 311 311 311 324 324 324 325 325 325 326 326 326 324 324 324 41 41 41 43 43 43 324 324 324 43 43 43 47 47 47 325 325 325 324 324 324 47 47 47 325 325 325 46 46 46 327 327 327 326 326 326 328 328 328 329 329 329 326 326 326 56 56 56 324 324 324 328 328 328 330 330 330 331 331 331 328 328 328 327 327 327 330 330 330 328 328 328 326 326 326 325 325 325 329 329 329 332 332 332 333 333 333 329 329 329 334 334 334 326 326 326 332 332 332 331 331 331 335 335 335 332 332 332 329 329 329 328 328 328 333 333 333 336 336 336 337 337 337 333 333 333 338 338 338 329 329 329 333 333 333 337 337 337 339 339 339 336 336 336 333 333 333 332 332 332 56 56 56 41 41 41 324 324 324 56 56 56 326 326 326 334 334 334 56 56 56 54 54 54 48 48 48 56 56 56 48 48 48 41 41 41 334 334 334 57 57 57 56 56 56 334 334 334 329 329 329 338 338 338 338 338 338 333 333 333 340 340 340 340 340 340 339 339 339 341 341 341 339 339 339 340 340 340 333 333 333 57 57 57 334 334 334 342 342 342 342 342 342 343 343 343 57 57 57 344 344 344 342 342 342 334 334 334 344 344 344 334 334 334 338 338 338 345 345 345 341 341 341 346 346 346 345 345 345 344 344 344 338 338 338 345 345 345 338 338 338 340 340 340 341 341 341 345 345 345 340 340 340 341 341 341 347 347 347 346 346 346 343 343 343 59 59 59 54 54 54 343 343 343 54 54 54 57 57 57 343 343 343 342 342 342 348 348 348 349 349 349 342 342 342 344 344 344 349 349 349 348 348 348 342 342 342 350 350 350 344 344 344 345 345 345 350 350 350 349 349 349 344 344 344 346 346 346 350 350 350 345 345 345 12 12 12 351 351 351 7 7 7 12 12 12 3 3 3 13 13 13 12 12 12 352 352 352 351 351 351 351 351 351 353 353 353 354 354 354 7 7 7 351 351 351 355 355 355 7 7 7 1 1 1 3 3 3 355 355 355 354 354 354 356 356 356 357 357 357 352 352 352 12 12 12 357 357 357 13 13 13 358 358 358 357 357 357 359 359 359 352 352 352 352 352 352 353 353 353 351 351 351 352 352 352 360 360 360 353 353 353 361 361 361 362 362 362 359 359 359 361 361 361 359 359 359 357 357 357 361 361 361 358 358 358 363 363 363 359 359 359 360 360 360 352 352 352 359 359 359 364 364 364 360 360 360 365 365 365 363 363 363 366 366 366 365 365 365 366 366 366 367 367 367 365 365 365 362 362 362 361 361 361 362 362 362 364 364 364 359 359 359 362 362 362 365 365 365 368 368 368 354 354 354 369 369 369 370 370 370 354 354 354 355 355 355 351 351 351 356 356 356 370 370 370 371 371 371 353 353 353 369 369 369 354 354 354 353 353 353 347 347 347 369 369 369 360 360 360 347 347 347 353 353 353 360 360 360 372 372 372 347 347 347 364 364 364 372 372 372 360 360 360 364 364 364 362 362 362 373 373 373 370 370 370 356 356 356 354 354 354 370 370 370 339 339 339 337 337 337 370 370 370 337 337 337 371 371 371 371 371 371 337 337 337 336 336 336 369 369 369 341 341 341 339 339 339 369 369 369 339 339 339 370 370 370 347 347 347 341 341 341 369 369 369 372 372 372 364 364 364 374 374 374 372 372 372 346 346 346 347 347 347 372 372 372 375 375 375 346 346 346 376 376 376 377 377 377 378 378 378 376 376 376 379 379 379 380 380 380 376 376 376 381 381 381 379 379 379 381 381 381 85 85 85 87 87 87 381 381 381 82 82 82 85 85 85 381 381 381 80 80 80 82 82 82 381 381 381 87 87 87 379 379 379 379 379 379 382 382 382 383 383 383 379 379 379 87 87 87 382 382 382 87 87 87 86 86 86 382 382 382 382 382 382 86 86 86 384 384 384 382 382 382 384 384 384 385 385 385 86 86 86 88 88 88 103 103 103 86 86 86 103 103 103 386 386 386 86 86 86 386 386 386 384 384 384 86 86 86 85 85 85 88 88 88 384 384 384 386 386 386 348 348 348 384 384 384 348 348 348 349 349 349 386 386 386 59 59 59 343 343 343 386 386 386 103 103 103 59 59 59 386 386 386 343 343 343 348 348 348 387 387 387 380 380 380 373 373 373 387 387 387 388 388 388 377 377 377 387 387 387 376 376 376 380 380 380 380 380 380 379 379 379 383 383 383 380 380 380 383 383 383 374 374 374 383 383 383 382 382 382 385 385 385 383 383 383 385 385 385 375 375 375 385 385 385 384 384 384 349 349 349 385 385 385 349 349 349 350 350 350 368 368 368 387 387 387 373 373 373 368 368 368 367 367 367 388 388 388 368 368 368 373 373 373 362 362 362 373 373 373 380 380 380 374 374 374 373 373 373 374 374 374 364 364 364 374 374 374 383 383 383 375 375 375 374 374 374 375 375 375 372 372 372 375 375 375 385 385 385 350 350 350 375 375 375 350 350 350 346 346 346 267 267 267 169 169 169 161 161 161 267 267 267 389 389 389 390 390 390 267 267 267 165 165 165 389 389 389 267 267 267 161 161 161 165 165 165 267 267 267 391 391 391 392 392 392 389 389 389 165 165 165 181 181 181 389 389 389 181 181 181 393 393 393 389 389 389 393 393 393 394 394 394 390 390 390 391 391 391 267 267 267 390 390 390 394 394 394 395 395 395 390 390 390 389 389 389 394 394 394 394 394 394 393 393 393 396 396 396 393 393 393 397 397 397 396 396 396 393 393 393 142 142 142 397 397 397 393 393 393 181 181 181 142 142 142 396 396 396 397 397 397 398 398 398 396 396 396 398 398 398 399 399 399 396 396 396 400 400 400 394 394 394 397 397 397 142 142 142 135 135 135 397 397 397 135 135 135 398 398 398 391 391 391 401 401 401 402 402 402 391 391 391 390 390 390 401 401 401 392 392 392 403 403 403 265 265 265 392 392 392 404 404 404 403 403 403 392 392 392 391 391 391 405 405 405 401 401 401 395 395 395 406 406 406 401 401 401 390 390 390 395 395 395 395 395 395 394 394 394 400 400 400 400 400 400 406 406 406 395 395 395 400 400 400 399 399 399 407 407 407 400 400 400 396 396 396 399 399 399 408 408 408 392 392 392 405 405 405 408 408 408 405 405 405 409 409 409 408 408 408 410 410 410 404 404 404 405 405 405 391 391 391 402 402 402 402 402 402 401 401 401 406 406 406 402 402 402 409 409 409 405 405 405 406 406 406 411 411 411 402 402 402 406 406 406 400 400 400 412 412 412 412 412 412 400 400 400 407 407 407 412 412 412 407 407 407 413 413 413 412 412 412 414 414 414 406 406 406 415 415 415 416 416 416 410 410 410 415 415 415 408 408 408 409 409 409 409 409 409 417 417 417 415 415 415 409 409 409 402 402 402 411 411 411 411 411 411 418 418 418 409 409 409 411 411 411 406 406 406 414 414 414 414 414 414 412 412 412 419 419 419 414 414 414 420 420 420 411 411 411 419 419 419 412 412 412 413 413 413 419 419 419 421 421 421 414 414 414 422 422 422 134 134 134 133 133 133 422 422 422 133 133 133 423 423 423 422 422 422 423 423 423 424 424 424 422 422 422 425 425 425 426 426 426 133 133 133 131 131 131 121 121 121 133 133 133 121 121 121 123 123 123 133 133 133 123 123 123 423 423 423 424 424 424 427 427 427 428 428 428 424 424 424 128 128 128 427 427 427 425 425 425 422 422 422 424 424 424 425 425 425 428 428 428 429 429 429 426 426 426 430 430 430 431 431 431 426 426 426 432 432 432 422 422 422 430 430 430 426 426 426 425 425 425 430 430 430 429 429 429 433 433 433 431 431 431 434 434 434 435 435 435 431 431 431 436 436 436 434 434 434 436 436 436 437 437 437 434 434 434 436 436 436 431 431 431 430 430 430 436 436 436 433 433 433 438 438 438 134 134 134 422 422 422 432 432 432 432 432 432 398 398 398 134 134 134 432 432 432 426 426 426 439 439 439 439 439 439 440 440 440 413 413 413 440 440 440 431 431 431 435 435 435 440 440 440 426 426 426 431 431 431 440 440 440 435 435 435 441 441 441 440 440 440 439 439 439 426 426 426 435 435 435 437 437 437 442 442 442 398 398 398 135 135 135 131 131 131 398 398 398 432 432 432 399 399 399 398 398 398 131 131 131 134 134 134 407 407 407 399 399 399 432 432 432 407 407 407 432 432 432 439 439 439 413 413 413 407 407 407 439 439 439 413 413 413 441 441 441 419 419 419 413 413 413 440 440 440 441 441 441 441 441 441 442 442 442 421 421 421 443 443 443 444 444 444 5 5 5 443 443 443 4 4 4 445 445 445 444 444 444 446 446 446 6 6 6 444 444 444 443 443 443 447 447 447 447 447 447 448 448 448 444 444 444 447 447 447 449 449 449 450 450 450 449 449 449 445 445 445 451 451 451 449 449 449 447 447 447 443 443 443 450 450 450 417 417 417 418 418 418 450 450 450 452 452 452 447 447 447 450 450 450 420 420 420 453 453 453 417 417 417 450 450 450 449 449 449 417 417 417 409 409 409 418 418 418 417 417 417 451 451 451 416 416 416 418 418 418 411 411 411 420 420 420 448 448 448 447 447 447 452 452 452 448 448 448 454 454 454 446 446 446 452 452 452 450 450 450 453 453 453 452 452 452 455 455 455 448 448 448 452 452 452 442 442 442 437 437 437 453 453 453 421 421 421 442 442 442 420 420 420 414 414 414 421 421 421 420 420 420 450 450 450 418 418 418 455 455 455 438 438 438 454 454 454 455 455 455 452 452 452 437 437 437 437 437 437 436 436 436 455 455 455 437 437 437 435 435 435 434 434 434 442 442 442 441 441 441 435 435 435 442 442 442 452 452 452 453 453 453 421 421 421 419 419 419 441 441 441 421 421 421 453 453 453 420 420 420 327 327 327 201 201 201 456 456 456 327 327 327 328 328 328 325 325 325 201 201 201 327 327 327 46 46 46 456 456 456 330 330 330 327 327 327 456 456 456 200 200 200 457 457 457 46 46 46 199 199 199 201 201 201 46 46 46 43 43 43 44 44 44 46 46 46 325 325 325 47 47 47 200 200 200 212 212 212 458 458 458 200 200 200 199 199 199 203 203 203 200 200 200 456 456 456 201 201 201 457 457 457 459 459 459 456 456 456 457 457 457 458 458 458 460 460 460 458 458 458 217 217 217 259 259 259 458 458 458 212 212 212 217 217 217 458 458 458 457 457 457 200 200 200 460 460 460 461 461 461 457 457 457 460 460 460 259 259 259 462 462 462 259 259 259 460 460 460 458 458 458 462 462 462 463 463 463 460 460 460 330 330 330 456 456 456 459 459 459 459 459 459 457 457 457 461 461 461 459 459 459 461 461 461 464 464 464 459 459 459 331 331 331 330 330 330 461 461 461 465 465 465 466 466 466 461 461 461 460 460 460 465 465 465 465 465 465 460 460 460 463 463 463 463 463 463 467 467 467 465 465 465 331 331 331 459 459 459 468 468 468 331 331 331 332 332 332 328 328 328 331 331 331 468 468 468 469 469 469 468 468 468 459 459 459 464 464 464 468 468 468 464 464 464 470 470 470 464 464 464 461 461 461 466 466 466 464 464 464 466 466 466 471 471 471 466 466 466 467 467 467 472 472 472 466 466 466 465 465 465 467 467 467 467 467 467 473 473 473 472 472 472 335 335 335 336 336 336 332 332 332 335 335 335 331 331 331 469 469 469 469 469 469 468 468 468 470 470 470 470 470 470 464 464 464 471 471 471 471 471 471 466 466 466 472 472 472 474 474 474 475 475 475 249 249 249 474 474 474 37 37 37 40 40 40 474 474 474 476 476 476 475 475 475 475 475 475 477 477 477 478 478 478 249 249 249 248 248 248 245 245 245 249 249 249 475 475 475 252 252 252 252 252 252 478 478 478 253 253 253 479 479 479 480 480 480 476 476 476 479 479 479 40 40 40 481 481 481 479 479 479 476 476 476 474 474 474 476 476 476 482 482 482 477 477 477 476 476 476 477 477 477 475 475 475 483 483 483 481 481 481 484 484 484 483 483 483 480 480 480 479 479 479 483 483 483 485 485 485 480 480 480 480 480 480 482 482 482 476 476 476 480 480 480 486 486 486 482 482 482 487 487 487 484 484 484 488 488 488 487 487 487 488 488 488 489 489 489 487 487 487 485 485 485 483 483 483 485 485 485 486 486 486 480 480 480 485 485 485 487 487 487 490 490 490 478 478 478 491 491 491 492 492 492 478 478 478 252 252 252 475 475 475 253 253 253 492 492 492 257 257 257 477 477 477 473 473 473 491 491 491 477 477 477 491 491 491 478 478 478 482 482 482 493 493 493 473 473 473 482 482 482 473 473 473 477 477 477 486 486 486 493 493 493 482 482 482 486 486 486 485 485 485 494 494 494 492 492 492 463 463 463 462 462 462 492 492 492 462 462 462 257 257 257 492 492 492 253 253 253 478 478 478 257 257 257 462 462 462 259 259 259 491 491 491 463 463 463 492 492 492 491 491 491 467 467 467 463 463 463 473 473 473 467 467 467 491 491 491 493 493 493 472 472 472 473 473 473 493 493 493 486 486 486 495 495 495 493 493 493 496 496 496 472 472 472 9 9 9 497 497 497 498 498 498 9 9 9 10 10 10 1 1 1 497 497 497 356 356 356 499 499 499 497 497 497 355 355 355 356 356 356 497 497 497 9 9 9 8 8 8 498 498 498 500 500 500 501 501 501 498 498 498 499 499 499 500 500 500 498 498 498 502 502 502 9 9 9 8 8 8 355 355 355 497 497 497 8 8 8 7 7 7 355 355 355 499 499 499 498 498 498 497 497 497 499 499 499 371 371 371 503 503 503 499 499 499 356 356 356 371 371 371 500 500 500 504 504 504 505 505 505 500 500 500 503 503 503 504 504 504 503 503 503 336 336 336 335 335 335 503 503 503 335 335 335 469 469 469 503 503 503 371 371 371 336 336 336 503 503 503 500 500 500 499 499 499 504 504 504 503 503 503 469 469 469 504 504 504 469 469 469 470 470 470 502 502 502 498 498 498 506 506 506 502 502 502 507 507 507 10 10 10 502 502 502 506 506 506 494 494 494 506 506 506 498 498 498 501 501 501 506 506 506 501 501 501 495 495 495 501 501 501 500 500 500 505 505 505 501 501 501 505 505 505 496 496 496 505 505 505 470 470 470 471 471 471 505 505 505 504 504 504 470 470 470 490 490 490 502 502 502 494 494 494 490 490 490 489 489 489 507 507 507 490 490 490 494 494 494 485 485 485 494 494 494 506 506 506 495 495 495 494 494 494 495 495 495 486 486 486 495 495 495 496 496 496 493 493 493 495 495 495 501 501 501 496 496 496 496 496 496 505 505 505 471 471 471 496 496 496 471 471 471 472 472 472 265 265 265 267 267 267 392 392 392 265 265 265 403 403 403 508 508 508 265 265 265 509 509 509 266 266 266 508 508 508 509 509 509 265 265 265 510 510 510 508 508 508 403 403 403 510 510 510 403 403 403 404 404 404 510 510 510 404 404 404 511 511 511 404 404 404 392 392 392 408 408 408 404 404 404 410 410 410 511 511 511 511 511 511 512 512 512 510 510 510 410 410 410 408 408 408 415 415 415 410 410 410 513 513 513 511 511 511 509 509 509 274 274 274 266 266 266 509 509 509 508 508 508 514 514 514 266 266 266 270 270 270 262 262 262 514 514 514 512 512 512 515 515 515 512 512 512 511 511 511 516 516 516 512 512 512 508 508 508 510 510 510 512 512 512 514 514 514 508 508 508 516 516 516 515 515 515 512 512 512 516 516 516 513 513 513 517 517 517 516 516 516 511 511 511 513 513 513 274 274 274 509 509 509 518 518 518 518 518 518 272 272 272 274 274 274 519 519 519 520 520 520 518 518 518 519 519 519 509 509 509 514 514 514 519 519 519 518 518 518 509 509 509 515 515 515 516 516 516 521 521 521 515 515 515 519 519 519 514 514 514 515 515 515 522 522 522 519 519 519 521 521 521 516 516 516 517 517 517 521 521 521 517 517 517 523 523 523 521 521 521 524 524 524 515 515 515 272 272 272 276 276 276 273 273 273 272 272 272 518 518 518 520 520 520 520 520 520 313 313 313 272 272 272 520 520 520 519 519 519 522 522 522 522 522 522 525 525 525 520 520 520 522 522 522 515 515 515 524 524 524 524 524 524 521 521 521 526 526 526 524 524 524 527 527 527 522 522 522 526 526 526 528 528 528 524 524 524 526 526 526 521 521 521 523 523 523 445 445 445 449 449 449 443 443 443 445 445 445 529 529 529 530 530 530 529 529 529 531 531 531 532 532 532 529 529 529 445 445 445 4 4 4 530 530 530 533 533 533 534 534 534 530 530 530 451 451 451 445 445 445 4 4 4 443 443 443 5 5 5 4 4 4 2 2 2 531 531 531 4 4 4 0 0 0 2 2 2 533 533 533 532 532 532 535 535 535 533 533 533 530 530 530 529 529 529 534 534 534 536 536 536 530 530 530 534 534 534 537 537 537 538 538 538 537 537 537 535 535 535 539 539 539 537 537 537 534 534 534 533 533 533 538 538 538 540 540 540 541 541 541 538 538 538 542 542 542 534 534 534 540 540 540 538 538 538 537 537 537 541 541 541 543 543 543 544 544 544 451 451 451 530 530 530 536 536 536 451 451 451 417 417 417 449 449 449 536 536 536 534 534 534 542 542 542 536 536 536 416 416 416 451 451 451 542 542 542 513 513 513 536 536 536 542 542 542 538 538 538 545 545 545 545 545 545 546 546 546 547 547 547 546 546 546 544 544 544 548 548 548 546 546 546 538 538 538 541 541 541 546 546 546 545 545 545 538 538 538 416 416 416 536 536 536 513 513 513 416 416 416 415 415 415 417 417 417 513 513 513 410 410 410 416 416 416 513 513 513 542 542 542 517 517 517 523 523 523 542 542 542 545 545 545 523 523 523 517 517 517 542 542 542 523 523 523 547 547 547 526 526 526 547 547 547 523 523 523 545 545 545 547 547 547 548 548 548 528 528 528 39 39 39 32 32 32 292 292 292 39 39 39 549 549 549 30 30 30 549 549 549 550 550 550 33 33 33 549 549 549 39 39 39 551 551 551 551 551 551 308 308 308 552 552 552 551 551 551 553 553 553 549 549 549 308 308 308 276 276 276 313 313 313 308 308 308 551 551 551 39 39 39 552 552 552 527 527 527 554 554 554 552 552 552 555 555 555 551 551 551 552 552 552 313 313 313 525 525 525 313 313 313 520 520 520 525 525 525 313 313 313 552 552 552 308 308 308 525 525 525 522 522 522 527 527 527 553 553 553 556 556 556 550 550 550 553 553 553 551 551 551 555 555 555 555 555 555 552 552 552 554 554 554 555 555 555 543 543 543 553 553 553 555 555 555 548 548 548 544 544 544 554 554 554 528 528 528 548 548 548 527 527 527 524 524 524 528 528 528 527 527 527 552 552 552 525 525 525 543 543 543 539 539 539 556 556 556 543 543 543 555 555 555 544 544 544 543 543 543 541 541 541 540 540 540 544 544 544 546 546 546 541 541 541 548 548 548 547 547 547 546 546 546 548 548 548 555 555 555 554 554 554 528 528 528 554 554 554 527 527 527 528 528 528 526 526 526 547 547 547 557 557 557 80 80 80 378 378 378 557 557 557 558 558 558 80 80 80 558 558 558 81 81 81 80 80 80 80 80 80 381 381 381 378 378 378 80 80 80 77 77 77 82 82 82 378 378 378 381 381 381 376 376 376 378 378 378 559 559 559 557 557 557 560 560 560 91 91 91 81 81 81 91 91 91 560 560 560 561 561 561 91 91 91 93 93 93 89 89 89 81 81 81 558 558 558 560 560 560 81 81 81 89 89 89 77 77 77 561 561 561 562 562 562 563 563 563 561 561 561 95 95 95 91 91 91 95 95 95 564 564 564 100 100 100 95 95 95 97 97 97 93 93 93 95 95 95 561 561 561 563 563 563 563 563 563 565 565 565 564 564 564 564 564 564 95 95 95 563 563 563 100 100 100 566 566 566 98 98 98 566 566 566 100 100 100 564 564 564 98 98 98 97 97 97 100 100 100 98 98 98 567 567 567 120 120 120 567 567 567 98 98 98 566 566 566 567 567 567 24 24 24 120 120 120 567 567 567 568 568 568 22 22 22 120 120 120 99 99 99 98 98 98 24 24 24 567 567 567 22 22 22 24 24 24 119 119 119 120 120 120 22 22 22 17 17 17 24 24 24 22 22 22 569 569 569 18 18 18 36 36 36 244 244 244 260 260 260 36 36 36 38 38 38 31 31 31 35 35 35 245 245 245 244 244 244 261 261 261 260 260 260 238 238 238 261 261 261 295 295 295 38 38 38 237 237 237 299 299 299 295 295 295 237 237 237 238 238 238 235 235 235 236 236 236 303 303 303 299 299 299 236 236 236 322 322 322 303 303 303 233 233 233 315 315 315 322 322 322 233 233 233 235 235 235 231 231 231 228 228 228 316 316 316 315 315 315 228 228 228 231 231 231 224 224 224 29 29 29 20 20 20 316 316 316 29 29 29 224 224 224 26 26 26 10 10 10 531 531 531 2 2 2 10 10 10 9 9 9 502 502 502 507 507 507 532 532 532 531 531 531 507 507 507 502 502 502 490 490 490 489 489 489 535 535 535 532 532 532 489 489 489 490 490 490 487 487 487 488 488 488 539 539 539 535 535 535 488 488 488 556 556 556 539 539 539 484 484 484 550 550 550 556 556 556 484 484 484 487 487 487 483 483 483 481 481 481 483 483 483 479 479 479 481 481 481 33 33 33 550 550 550 40 40 40 479 479 479 474 474 474 40 40 40 34 34 34 33 33 33 37 37 37 474 474 474 249 249 249 37 37 37 245 245 245 35 35 35 37 37 37 31 31 31 34 34 34 377 377 377 376 376 376 387 387 387 377 377 377 570 570 570 559 559 559 388 388 388 387 387 387 368 368 368 367 367 367 368 368 368 365 365 365 367 367 367 571 571 571 570 570 570 367 367 367 572 572 572 571 571 571 363 363 363 365 365 365 361 361 361 363 363 363 573 573 573 572 572 572 358 358 358 361 361 361 357 357 357 358 358 358 574 574 574 573 573 573 13 13 13 11 11 11 15 15 15 13 13 13 15 15 15 574 574 574 13 13 13 357 357 357 12 12 12 575 575 575 576 576 576 577 577 577 575 575 575 578 578 578 579 579 579 576 576 576 580 580 580 581 581 581 576 576 576 575 575 575 579 579 579 577 577 577 576 576 576 582 582 582 579 579 579 583 583 583 584 584 584 579 579 579 580 580 580 576 576 576 585 585 585 586 586 586 587 587 587 585 585 585 588 588 588 589 589 589 586 586 586 585 585 585 589 589 589 586 586 586 590 590 590 591 591 591 587 587 587 592 592 592 585 585 585 587 587 587 586 586 586 593 593 593 589 589 589 590 590 590 586 586 586 589 589 589 594 594 594 595 595 595 596 596 596 597 597 597 598 598 598 596 596 596 598 598 598 599 599 599 599 599 599 600 600 600 601 601 601 599 599 599 598 598 598 600 600 600 600 600 600 602 602 602 603 603 603 600 600 600 598 598 598 602 602 602 604 604 604 605 605 605 606 606 606 604 604 604 607 607 607 608 608 608 607 607 607 604 604 604 606 606 606 607 607 607 609 609 609 610 610 610 608 608 608 611 611 611 612 612 612 606 606 606 609 609 609 607 607 607 606 606 606 613 613 613 614 614 614 615 615 615 616 616 616 617 617 617 615 615 615 618 618 618 619 619 619 618 618 618 620 620 620 621 621 621 618 618 618 615 615 615 617 617 617 619 619 619 618 618 618 622 622 622 617 617 617 620 620 620 618 618 618 617 617 617 623 623 623 624 624 624 625 625 625 626 626 626 627 627 627 626 626 626 625 625 625 628 628 628 627 627 627 629 629 629 630 630 630 628 628 628 631 631 631 632 632 632 628 628 628 633 633 633 626 626 626 631 631 631 628 628 628 625 625 625 632 632 632 634 634 634 635 635 635 632 632 632 636 636 636 628 628 628 632 632 632 637 637 637 638 638 638 637 637 637 632 632 632 631 631 631 638 638 638 639 639 639 640 640 640 638 638 638 641 641 641 634 634 634 639 639 639 642 642 642 643 643 643 639 639 639 638 638 638 637 637 637 640 640 640 644 644 644 645 645 645 633 633 633 628 628 628 636 636 636 633 633 633 629 629 629 626 626 626 636 636 636 632 632 632 635 635 635 636 636 636 646 646 646 633 633 633 636 636 636 647 647 647 648 648 648 635 635 635 649 649 649 647 647 647 634 634 634 650 650 650 649 649 649 634 634 634 632 632 632 638 638 638 641 641 641 638 638 638 640 640 640 646 646 646 636 636 636 648 648 648 646 646 646 651 651 651 652 652 652 646 646 646 653 653 653 633 633 633 648 648 648 654 654 654 655 655 655 648 648 648 656 656 656 646 646 646 648 648 648 655 655 655 656 656 656 647 647 647 636 636 636 635 635 635 647 647 647 657 657 657 654 654 654 649 649 649 650 650 650 657 657 657 649 649 649 635 635 635 634 634 634 650 650 650 658 658 658 657 657 657 650 650 650 634 634 634 641 641 641 578 578 578 575 575 575 659 659 659 578 578 578 583 583 583 579 579 579 578 578 578 660 660 660 583 583 583 583 583 583 661 661 661 645 645 645 584 584 584 645 645 645 644 644 644 662 662 662 659 659 659 663 663 663 662 662 662 660 660 660 578 578 578 662 662 662 664 664 664 660 660 660 660 660 660 661 661 661 583 583 583 660 660 660 665 665 665 661 661 661 666 666 666 664 664 664 662 662 662 666 666 666 667 667 667 664 664 664 666 666 666 663 663 663 668 668 668 666 666 666 669 669 669 670 670 670 664 664 664 665 665 665 660 660 660 664 664 664 658 658 658 665 665 665 670 670 670 671 671 671 672 672 672 670 670 670 672 672 672 667 667 667 670 670 670 667 667 667 666 666 666 667 667 667 658 658 658 664 664 664 667 667 667 673 673 673 658 658 658 645 645 645 584 584 584 583 583 583 645 645 645 641 641 641 640 640 640 644 644 644 640 640 640 639 639 639 661 661 661 641 641 641 645 645 645 661 661 661 650 650 650 641 641 641 665 665 665 650 650 650 661 661 661 658 658 658 674 674 674 657 657 657 658 658 658 650 650 650 665 665 665 657 657 657 647 647 647 649 649 649 611 611 611 608 608 608 607 607 607 611 611 611 610 610 610 673 673 673 611 611 611 607 607 607 610 610 610 610 610 610 675 675 675 674 674 674 610 610 610 609 609 609 675 675 675 609 609 609 676 676 676 677 677 677 609 609 609 606 606 606 614 614 614 609 609 609 614 614 614 676 676 676 609 609 609 677 677 677 675 675 675 675 675 675 655 655 655 654 654 654 675 675 675 677 677 677 655 655 655 677 677 677 656 656 656 655 655 655 656 656 656 676 676 676 651 651 651 672 672 672 612 612 612 611 611 611 672 672 672 611 611 611 673 673 673 672 672 672 673 673 673 667 667 667 673 673 673 674 674 674 658 658 658 673 673 673 610 610 610 674 674 674 674 674 674 654 654 654 657 657 657 674 674 674 675 675 675 654 654 654 654 654 654 648 648 648 647 647 647 678 678 678 659 659 659 575 575 575 659 659 659 678 678 678 679 679 679 659 659 659 662 662 662 578 578 578 679 679 679 680 680 680 681 681 681 679 679 679 682 682 682 683 683 683 679 679 679 663 663 663 659 659 659 682 682 682 679 679 679 678 678 678 682 682 682 684 684 684 683 683 683 682 682 682 685 685 685 686 686 686 683 683 683 687 687 687 680 680 680 684 684 684 682 682 682 686 686 686 684 684 684 688 688 688 689 689 689 688 688 688 684 684 684 686 686 686 689 689 689 687 687 687 684 684 684 689 689 689 690 690 690 691 691 691 663 663 663 666 666 666 662 662 662 663 663 663 692 692 692 668 668 668 663 663 663 679 679 679 681 681 681 681 681 681 693 693 693 692 692 692 680 680 680 694 694 694 693 693 693 680 680 680 679 679 679 683 683 683 687 687 687 689 689 689 695 695 695 687 687 687 683 683 683 684 684 684 695 695 695 694 694 694 687 687 687 692 692 692 696 696 696 669 669 669 692 692 692 669 669 669 668 668 668 692 692 692 663 663 663 681 681 681 693 693 693 681 681 681 680 680 680 694 694 694 695 695 695 697 697 697 694 694 694 680 680 680 687 687 687 694 694 694 697 697 697 698 698 698 597 597 597 596 596 596 699 699 699 597 597 597 700 700 700 701 701 701 597 597 597 602 602 602 598 598 598 602 602 602 597 597 597 702 702 702 702 702 702 703 703 703 691 691 691 702 702 702 690 690 690 602 602 602 702 702 702 701 701 701 704 704 704 701 701 701 705 705 705 706 706 706 701 701 701 707 707 707 704 704 704 701 701 701 702 702 702 597 597 597 704 704 704 708 708 708 703 703 703 704 704 704 703 703 703 702 702 702 706 706 706 707 707 707 701 701 701 706 706 706 709 709 709 710 710 710 706 706 706 711 711 711 707 707 707 707 707 707 712 712 712 708 708 708 707 707 707 708 708 708 704 704 704 710 710 710 711 711 711 706 706 706 710 710 710 713 713 713 714 714 714 711 711 711 710 710 710 714 714 714 711 711 711 714 714 714 715 715 715 711 711 711 712 712 712 707 707 707 690 690 690 702 702 702 691 691 691 690 690 690 689 689 689 688 688 688 691 691 691 695 695 695 689 689 689 703 703 703 695 695 695 691 691 691 703 703 703 697 697 697 695 695 695 708 708 708 697 697 697 703 703 703 708 708 708 698 698 698 697 697 697 712 712 712 711 711 711 715 715 715 712 712 712 715 715 715 716 716 716 712 712 712 698 698 698 708 708 708 698 698 698 712 712 712 716 716 716 698 698 698 717 717 717 694 694 694 718 718 718 612 612 612 719 719 719 718 718 718 604 604 604 608 608 608 718 718 718 720 720 720 604 604 604 612 612 612 672 672 672 671 671 671 612 612 612 718 718 718 608 608 608 719 719 719 671 671 671 721 721 721 719 719 719 714 714 714 718 718 718 671 671 671 719 719 719 612 612 612 671 671 671 670 670 670 669 669 669 721 721 721 696 696 696 717 717 717 696 696 696 671 671 671 669 669 669 696 696 696 721 721 721 671 671 671 696 696 696 692 692 692 693 693 693 669 669 669 666 666 666 668 668 668 714 714 714 713 713 713 720 720 720 714 714 714 720 720 720 718 718 718 714 714 714 719 719 719 715 715 715 716 716 716 719 719 719 721 721 721 716 716 716 715 715 715 719 719 719 716 716 716 717 717 717 698 698 698 717 717 717 696 696 696 693 693 693 717 717 717 716 716 716 721 721 721 717 717 717 693 693 693 694 694 694 629 629 629 722 722 722 630 630 630 629 629 629 627 627 627 626 626 626 629 629 629 633 633 633 653 653 653 722 722 722 629 629 629 723 723 723 723 723 723 653 653 653 724 724 724 723 723 723 725 725 725 722 722 722 653 653 653 723 723 723 629 629 629 653 653 653 646 646 646 652 652 652 724 724 724 726 726 726 727 727 727 724 724 724 728 728 728 723 723 723 724 724 724 652 652 652 729 729 729 652 652 652 724 724 724 653 653 653 729 729 729 651 651 651 730 730 730 729 729 729 731 731 731 726 726 726 651 651 651 646 646 646 656 656 656 651 651 651 729 729 729 652 652 652 730 730 730 676 676 676 732 732 732 725 725 725 723 723 723 728 728 728 728 728 728 733 733 733 725 725 725 728 728 728 734 734 734 735 735 735 728 728 728 724 724 724 727 727 727 727 727 727 734 734 734 728 728 728 727 727 727 736 736 736 734 734 734 726 726 726 724 724 724 729 729 729 726 726 726 736 736 736 727 727 727 726 726 726 737 737 737 736 736 736 731 731 731 729 729 729 730 730 730 733 733 733 728 728 728 735 735 735 733 733 733 738 738 738 739 739 739 735 735 735 740 740 740 741 741 741 735 735 735 742 742 742 733 733 733 734 734 734 743 743 743 740 740 740 736 736 736 737 737 737 743 743 743 737 737 737 726 726 726 731 731 731 737 737 737 744 744 744 743 743 743 605 605 605 604 604 604 745 745 745 605 605 605 746 746 746 613 613 613 605 605 605 613 613 613 606 606 606 613 613 613 747 747 747 732 732 732 614 614 614 732 732 732 676 676 676 748 748 748 749 749 749 746 746 746 748 748 748 745 745 745 750 750 750 748 748 748 746 746 746 605 605 605 746 746 746 747 747 747 613 613 613 746 746 746 751 751 751 747 747 747 752 752 752 753 753 753 749 749 749 752 752 752 750 750 750 754 754 754 752 752 752 754 754 754 755 755 755 752 752 752 749 749 749 748 748 748 749 749 749 751 751 751 746 746 746 749 749 749 744 744 744 751 751 751 756 756 756 757 757 757 753 753 753 756 756 756 753 753 753 752 752 752 756 756 756 755 755 755 758 758 758 753 753 753 759 759 759 744 744 744 753 753 753 744 744 744 749 749 749 732 732 732 731 731 731 730 730 730 732 732 732 614 614 614 613 613 613 676 676 676 730 730 730 651 651 651 676 676 676 656 656 656 677 677 677 747 747 747 737 737 737 731 731 731 747 747 747 731 731 731 732 732 732 751 751 751 737 737 737 747 747 747 744 744 744 737 737 737 751 751 751 744 744 744 760 760 760 743 743 743 743 743 743 734 734 734 736 736 736 622 622 622 621 621 621 759 759 759 622 622 622 618 618 618 621 621 621 622 622 622 761 761 761 619 619 619 621 621 621 762 762 762 760 760 760 621 621 621 620 620 620 762 762 762 620 620 620 624 624 624 763 763 763 620 620 620 763 763 763 764 764 764 620 620 620 617 617 617 624 624 624 620 620 620 764 764 764 762 762 762 762 762 762 741 741 741 740 740 740 762 762 762 764 764 764 741 741 741 764 764 764 763 763 763 738 738 738 764 764 764 738 738 738 742 742 742 764 764 764 742 742 742 741 741 741 742 742 742 735 735 735 741 741 741 757 757 757 622 622 622 759 759 759 757 757 757 759 759 759 753 753 753 757 757 757 758 758 758 761 761 761 759 759 759 621 621 621 760 760 760 759 759 759 760 760 760 744 744 744 760 760 760 740 740 740 743 743 743 760 760 760 762 762 762 740 740 740 740 740 740 735 735 735 734 734 734 765 765 765 699 699 699 596 596 596 699 699 699 765 765 765 766 766 766 766 766 766 767 767 767 768 768 768 766 766 766 700 700 700 699 699 699 766 766 766 769 769 769 770 770 770 767 767 767 771 771 771 768 768 768 767 767 767 766 766 766 765 765 765 768 768 768 772 772 772 769 769 769 771 771 771 773 773 773 772 772 772 771 771 771 767 767 767 774 774 774 774 774 774 775 775 775 771 771 771 775 775 775 774 774 774 776 776 776 775 775 775 777 777 777 778 778 778 775 775 775 776 776 776 777 777 777 776 776 776 779 779 779 777 777 777 700 700 700 780 780 780 705 705 705 700 700 700 766 766 766 770 770 770 700 700 700 597 597 597 699 699 699 770 770 770 781 781 781 780 780 780 769 769 769 782 782 782 781 781 781 769 769 769 766 766 766 768 768 768 772 772 772 768 768 768 771 771 771 772 772 772 783 783 783 782 782 782 773 773 773 775 775 775 778 778 778 773 773 773 778 778 778 784 784 784 773 773 773 771 771 771 775 775 775 780 780 780 785 785 785 786 786 786 780 780 780 700 700 700 770 770 770 705 705 705 701 701 701 700 700 700 705 705 705 786 786 786 709 709 709 781 781 781 770 770 770 769 769 769 781 781 781 787 787 787 785 785 785 782 782 782 783 783 783 787 787 787 782 782 782 769 769 769 772 772 772 783 783 783 773 773 773 784 784 784 783 783 783 772 772 772 773 773 773 783 783 783 788 788 788 787 787 787 789 789 789 615 615 615 619 619 619 789 789 789 790 790 790 615 615 615 789 789 789 761 761 761 791 791 791 761 761 761 622 622 622 757 757 757 761 761 761 789 789 789 619 619 619 791 791 791 777 777 777 789 789 789 791 791 791 758 758 758 792 792 792 758 758 758 791 791 791 761 761 761 758 758 758 757 757 757 756 756 756 792 792 792 793 793 793 788 788 788 793 793 793 794 794 794 795 795 795 793 793 793 792 792 792 758 758 758 793 793 793 758 758 758 755 755 755 755 755 755 756 756 756 752 752 752 794 794 794 755 755 755 754 754 754 794 794 794 750 750 750 796 796 796 794 794 794 793 793 793 755 755 755 777 777 777 779 779 779 790 790 790 777 777 777 790 790 790 789 789 789 777 777 777 791 791 791 778 778 778 784 784 784 791 791 791 792 792 792 784 784 784 778 778 778 791 791 791 784 784 784 788 788 788 783 783 783 788 788 788 784 784 784 792 792 792 788 788 788 795 795 795 787 787 787 788 788 788 793 793 793 795 795 795 795 795 795 796 796 796 797 797 797 787 787 787 781 781 781 782 782 782 787 787 787 797 797 797 785 785 785 720 720 720 745 745 745 604 604 604 745 745 745 748 748 748 605 605 605 745 745 745 720 720 720 798 798 798 798 798 798 713 713 713 799 799 799 798 798 798 750 750 750 745 745 745 798 798 798 797 797 797 796 796 796 713 713 713 798 798 798 720 720 720 713 713 713 710 710 710 709 709 709 713 713 713 786 786 786 799 799 799 799 799 799 785 785 785 797 797 797 786 786 786 705 705 705 780 780 780 786 786 786 713 713 713 709 709 709 709 709 709 706 706 706 705 705 705 750 750 750 752 752 752 748 748 748 750 750 750 798 798 798 796 796 796 750 750 750 794 794 794 754 754 754 796 796 796 795 795 795 794 794 794 797 797 797 787 787 787 795 795 795 797 797 797 798 798 798 799 799 799 785 785 785 799 799 799 786 786 786 785 785 785 780 780 780 781 781 781 800 800 800 801 801 801 802 802 802 800 800 800 627 627 627 803 803 803 800 800 800 625 625 625 627 627 627 801 801 801 800 800 800 803 803 803 802 802 802 804 804 804 800 800 800 802 802 802 805 805 805 806 806 806 803 803 803 627 627 627 630 630 630 803 803 803 630 630 630 807 807 807 803 803 803 807 807 807 808 808 808 805 805 805 802 802 802 801 801 801 805 805 805 809 809 809 810 810 810 805 805 805 808 808 808 809 809 809 806 806 806 811 811 811 802 802 802 806 806 806 812 812 812 813 813 813 812 812 812 806 806 806 805 805 805 813 813 813 814 814 814 815 815 815 813 813 813 816 816 816 814 814 814 816 816 816 810 810 810 817 817 817 816 816 816 813 813 813 812 812 812 814 814 814 818 818 818 819 819 819 804 804 804 631 631 631 625 625 625 804 804 804 625 625 625 800 800 800 804 804 804 802 802 802 811 811 811 811 811 811 806 806 806 820 820 820 811 811 811 642 642 642 804 804 804 820 820 820 821 821 821 822 822 822 821 821 821 815 815 815 823 823 823 821 821 821 820 820 820 806 806 806 821 821 821 806 806 806 813 813 813 821 821 821 813 813 813 815 815 815 642 642 642 637 637 637 631 631 631 642 642 642 639 639 639 637 637 637 642 642 642 811 811 811 824 824 824 642 642 642 631 631 631 804 804 804 824 824 824 825 825 825 826 826 826 827 827 827 828 828 828 825 825 825 827 827 827 811 811 811 820 820 820 827 827 827 824 824 824 811 811 811 822 822 822 827 827 827 820 820 820 822 822 822 821 821 821 823 823 823 822 822 822 823 823 823 828 828 828 823 823 823 829 829 829 828 828 828 588 588 588 585 585 585 830 830 830 588 588 588 594 594 594 589 589 589 588 588 588 831 831 831 594 594 594 594 594 594 832 832 832 819 819 819 595 595 595 819 819 819 818 818 818 833 833 833 834 834 834 831 831 831 833 833 833 831 831 831 588 588 588 833 833 833 830 830 830 835 835 835 831 831 831 832 832 832 594 594 594 831 831 831 836 836 836 832 832 832 837 837 837 835 835 835 838 838 838 837 837 837 834 834 834 833 833 833 837 837 837 839 839 839 834 834 834 837 837 837 838 838 838 840 840 840 834 834 834 829 829 829 836 836 836 834 834 834 836 836 836 831 831 831 841 841 841 839 839 839 837 837 837 841 841 841 842 842 842 839 839 839 841 841 841 840 840 840 843 843 843 839 839 839 844 844 844 829 829 829 839 839 839 829 829 829 834 834 834 819 819 819 595 595 595 594 594 594 819 819 819 815 815 815 814 814 814 818 818 818 814 814 814 816 816 816 832 832 832 823 823 823 815 815 815 832 832 832 815 815 815 819 819 819 836 836 836 823 823 823 832 832 832 829 829 829 845 845 845 828 828 828 829 829 829 823 823 823 836 836 836 828 828 828 827 827 827 822 822 822 582 582 582 581 581 581 844 844 844 582 582 582 846 846 846 577 577 577 582 582 582 576 576 576 581 581 581 581 581 581 847 847 847 845 845 845 581 581 581 580 580 580 847 847 847 580 580 580 584 584 584 644 644 644 580 580 580 579 579 579 584 584 584 580 580 580 644 644 644 848 848 848 580 580 580 848 848 848 847 847 847 847 847 847 826 826 826 825 825 825 847 847 847 848 848 848 826 826 826 848 848 848 639 639 639 643 643 643 848 848 848 644 644 644 639 639 639 848 848 848 643 643 643 826 826 826 826 826 826 643 643 643 824 824 824 643 643 643 642 642 642 824 824 824 842 842 842 844 844 844 839 839 839 842 842 842 582 582 582 844 844 844 842 842 842 843 843 843 846 846 846 844 844 844 581 581 581 845 845 845 844 844 844 845 845 845 829 829 829 845 845 845 847 847 847 825 825 825 845 845 845 825 825 825 828 828 828 825 825 825 824 824 824 827 827 827 601 601 601 849 849 849 599 599 599 601 601 601 603 603 603 850 850 850 603 603 603 602 602 602 690 690 690 603 603 603 690 690 690 851 851 851 603 603 603 601 601 601 600 600 600 850 850 850 851 851 851 852 852 852 850 850 850 853 853 853 601 601 601 850 850 850 852 852 852 854 854 854 851 851 851 850 850 850 603 603 603 851 851 851 855 855 855 856 856 856 851 851 851 690 690 690 688 688 688 851 851 851 688 688 688 855 855 855 852 852 852 851 851 851 856 856 856 852 852 852 856 856 856 857 857 857 856 856 856 855 855 855 858 858 858 855 855 855 686 686 686 685 685 685 855 855 855 688 688 688 686 686 686 685 685 685 682 682 682 859 859 859 685 685 685 858 858 858 855 855 855 858 858 858 859 859 859 860 860 860 858 858 858 685 685 685 859 859 859 858 858 858 861 861 861 856 856 856 853 853 853 862 862 862 863 863 863 853 853 853 850 850 850 862 862 862 853 853 853 864 864 864 849 849 849 862 862 862 854 854 854 865 865 865 862 862 862 850 850 850 854 854 854 854 854 854 857 857 857 866 866 866 854 854 854 852 852 852 857 857 857 857 857 857 856 856 856 861 861 861 861 861 861 867 867 867 857 857 857 861 861 861 860 860 860 868 868 868 861 861 861 858 858 858 860 860 860 869 869 869 870 870 870 871 871 871 869 869 869 872 872 872 864 864 864 869 869 869 853 853 853 863 863 863 863 863 863 862 862 862 865 865 865 863 863 863 873 873 873 870 870 870 865 865 865 874 874 874 873 873 873 865 865 865 854 854 854 866 866 866 866 866 866 867 867 867 874 874 874 866 866 866 857 857 857 867 867 867 867 867 867 861 861 861 868 868 868 867 867 867 875 875 875 874 874 874 876 876 876 678 678 678 575 575 575 876 876 876 575 575 575 577 577 577 876 876 876 846 846 846 877 877 877 846 846 846 582 582 582 842 842 842 846 846 846 876 876 876 577 577 577 877 877 877 859 859 859 876 876 876 877 877 877 843 843 843 878 878 878 843 843 843 842 842 842 841 841 841 843 843 843 877 877 877 846 846 846 878 878 878 879 879 879 875 875 875 879 879 879 880 880 880 881 881 881 879 879 879 843 843 843 840 840 840 879 879 879 878 878 878 843 843 843 840 840 840 841 841 841 837 837 837 880 880 880 879 879 879 840 840 840 880 880 880 840 840 840 838 838 838 880 880 880 835 835 835 882 882 882 859 859 859 682 682 682 678 678 678 859 859 859 877 877 877 860 860 860 859 859 859 678 678 678 876 876 876 868 868 868 875 875 875 867 867 867 868 868 868 877 877 877 878 878 878 868 868 868 860 860 860 877 877 877 875 875 875 879 879 879 881 881 881 875 875 875 881 881 881 874 874 874 875 875 875 868 868 868 878 878 878 881 881 881 882 882 882 883 883 883 874 874 874 865 865 865 866 866 866 874 874 874 883 883 883 873 873 873 592 592 592 587 587 587 884 884 884 592 592 592 830 830 830 585 585 585 830 830 830 833 833 833 588 588 588 830 830 830 592 592 592 885 885 885 885 885 885 835 835 835 830 830 830 885 885 885 886 886 886 887 887 887 885 885 885 883 883 883 882 882 882 886 886 886 888 888 888 871 871 871 886 886 886 870 870 870 887 887 887 886 886 886 885 885 885 592 592 592 887 887 887 873 873 873 883 883 883 870 870 870 869 869 869 863 863 863 870 870 870 886 886 886 871 871 871 871 871 871 888 888 888 872 872 872 835 835 835 885 885 885 882 882 882 835 835 835 880 880 880 838 838 838 835 835 835 837 837 837 833 833 833 882 882 882 881 881 881 880 880 880 883 883 883 874 874 874 881 881 881 883 883 883 885 885 885 887 887 887 873 873 873 863 863 863 865 865 865 873 873 873 887 887 887 870 870 870 808 808 808 889 889 889 890 890 890 808 808 808 805 805 805 801 801 801 808 808 808 801 801 801 803 803 803 889 889 889 725 725 725 891 891 891 889 889 889 808 808 808 807 807 807 889 889 889 722 722 722 725 725 725 890 890 890 809 809 809 808 808 808 890 890 890 891 891 891 892 892 892 807 807 807 630 630 630 722 722 722 807 807 807 722 722 722 889 889 889 891 891 891 725 725 725 733 733 733 891 891 891 733 733 733 739 739 739 891 891 891 890 890 890 889 889 889 892 892 892 739 739 739 893 893 893 892 892 892 893 893 893 894 894 894 892 892 892 895 895 895 890 890 890 739 739 739 892 892 892 891 891 891 893 893 893 738 738 738 896 896 896 738 738 738 733 733 733 742 742 742 738 738 738 893 893 893 739 739 739 896 896 896 763 763 763 897 897 897 896 896 896 898 898 898 893 893 893 809 809 809 890 890 890 895 895 895 895 895 895 892 892 892 899 899 899 895 895 895 810 810 810 809 809 809 895 895 895 899 899 899 900 900 900 899 899 899 892 892 892 894 894 894 899 899 899 894 894 894 901 901 901 894 894 894 893 893 893 898 898 898 898 898 898 902 902 902 894 894 894 810 810 810 816 816 816 812 812 812 810 810 810 895 895 895 903 903 903 810 810 810 812 812 812 805 805 805 810 810 810 903 903 903 817 817 817 903 903 903 904 904 904 905 905 905 903 903 903 895 895 895 900 900 900 900 900 900 906 906 906 904 904 904 900 900 900 899 899 899 901 901 901 901 901 901 894 894 894 902 902 902 901 901 901 902 902 902 906 906 906 902 902 902 907 907 907 906 906 906 616 616 616 623 623 623 617 617 617 616 616 616 908 908 908 623 623 623 616 616 616 615 615 615 909 909 909 623 623 623 910 910 910 897 897 897 624 624 624 897 897 897 763 763 763 911 911 911 908 908 908 616 616 616 911 911 911 909 909 909 912 912 912 911 911 911 913 913 913 908 908 908 908 908 908 910 910 910 623 623 623 908 908 908 914 914 914 910 910 910 915 915 915 912 912 912 916 916 916 915 915 915 916 916 916 917 917 917 915 915 915 918 918 918 913 913 913 915 915 915 913 913 913 911 911 911 913 913 913 907 907 907 914 914 914 913 913 913 914 914 914 908 908 908 919 919 919 918 918 918 915 915 915 919 919 919 917 917 917 920 920 920 919 919 919 921 921 921 918 918 918 918 918 918 907 907 907 913 913 913 918 918 918 922 922 922 907 907 907 897 897 897 624 624 624 623 623 623 897 897 897 898 898 898 896 896 896 763 763 763 896 896 896 738 738 738 910 910 910 898 898 898 897 897 897 910 910 910 902 902 902 898 898 898 914 914 914 902 902 902 910 910 910 907 907 907 902 902 902 914 914 914 907 907 907 923 923 923 906 906 906 906 906 906 900 900 900 901 901 901 593 593 593 586 586 586 591 591 591 593 593 593 924 924 924 587 587 587 593 593 593 591 591 591 922 922 922 591 591 591 925 925 925 923 923 923 591 591 591 590 590 590 925 925 925 590 590 590 595 595 595 818 818 818 590 590 590 589 589 589 595 595 595 590 590 590 818 818 818 926 926 926 590 590 590 926 926 926 925 925 925 925 925 925 926 926 926 905 905 905 925 925 925 905 905 905 904 904 904 926 926 926 817 817 817 905 905 905 926 926 926 816 816 816 817 817 817 926 926 926 818 818 818 816 816 816 817 817 817 903 903 903 905 905 905 921 921 921 922 922 922 918 918 918 921 921 921 593 593 593 922 922 922 921 921 921 920 920 920 924 924 924 922 922 922 923 923 923 907 907 907 922 922 922 591 591 591 923 923 923 923 923 923 925 925 925 904 904 904 923 923 923 904 904 904 906 906 906 904 904 904 903 903 903 900 900 900 927 927 927 765 765 765 596 596 596 927 927 927 596 596 596 599 599 599 927 927 927 849 849 849 928 928 928 849 849 849 601 601 601 853 853 853 849 849 849 927 927 927 599 599 599 928 928 928 864 864 864 929 929 929 928 928 928 930 930 930 927 927 927 864 864 864 853 853 853 869 869 869 864 864 864 928 928 928 849 849 849 929 929 929 931 931 931 932 932 932 931 931 931 933 933 933 934 934 934 931 931 931 929 929 929 864 864 864 931 931 931 872 872 872 933 933 933 931 931 931 864 864 864 872 872 872 872 872 872 869 869 869 871 871 871 933 933 933 872 872 872 888 888 888 933 933 933 935 935 935 936 936 936 933 933 933 888 888 888 935 935 935 888 888 888 886 886 886 935 935 935 930 930 930 767 767 767 765 765 765 930 930 930 765 765 765 927 927 927 930 930 930 928 928 928 937 937 937 938 938 938 928 928 928 929 929 929 938 938 938 937 937 937 928 928 928 938 938 938 932 932 932 939 939 939 932 932 932 938 938 938 929 929 929 932 932 932 934 934 934 940 940 940 932 932 932 931 931 931 934 934 934 934 934 934 936 936 936 941 941 941 934 934 934 933 933 933 936 936 936 942 942 942 930 930 930 937 937 937 942 942 942 943 943 943 930 930 930 942 942 942 944 944 944 945 945 945 943 943 943 945 945 945 946 946 946 943 943 943 774 774 774 767 767 767 943 943 943 767 767 767 930 930 930 947 947 947 937 937 937 938 938 938 947 947 947 942 942 942 937 937 937 947 947 947 948 948 948 944 944 944 939 939 939 947 947 947 938 938 938 939 939 939 932 932 932 940 940 940 939 939 939 940 940 940 948 948 948 940 940 940 949 949 949 948 948 948 940 940 940 934 934 934 941 941 941 884 884 884 924 924 924 950 950 950 924 924 924 593 593 593 921 921 921 924 924 924 884 884 884 587 587 587 950 950 950 920 920 920 951 951 951 950 950 950 935 935 935 884 884 884 920 920 920 921 921 921 919 919 919 920 920 920 950 950 950 924 924 924 951 951 951 952 952 952 949 949 949 952 952 952 953 953 953 954 954 954 952 952 952 920 920 920 917 917 917 952 952 952 951 951 951 920 920 920 917 917 917 919 919 919 915 915 915 953 953 953 917 917 917 916 916 916 953 953 953 912 912 912 955 955 955 953 953 953 952 952 952 917 917 917 935 935 935 886 886 886 592 592 592 935 935 935 592 592 592 884 884 884 935 935 935 950 950 950 936 936 936 941 941 941 950 950 950 951 951 951 941 941 941 936 936 936 950 950 950 941 941 941 949 949 949 940 940 940 949 949 949 941 941 941 951 951 951 949 949 949 952 952 952 954 954 954 949 949 949 954 954 954 948 948 948 954 954 954 955 955 955 956 956 956 948 948 948 947 947 947 939 939 939 948 948 948 956 956 956 944 944 944 790 790 790 909 909 909 615 615 615 909 909 909 790 790 790 957 957 957 909 909 909 911 911 911 616 616 616 957 957 957 912 912 912 909 909 909 957 957 957 779 779 779 958 958 958 957 957 957 956 956 956 955 955 955 779 779 779 776 776 776 946 946 946 779 779 779 957 957 957 790 790 790 779 779 779 945 945 945 958 958 958 958 958 958 944 944 944 956 956 956 945 945 945 779 779 779 946 946 946 945 945 945 943 943 943 942 942 942 946 946 946 774 774 774 943 943 943 946 946 946 776 776 776 774 774 774 912 912 912 953 953 953 916 916 916 912 912 912 915 915 915 911 911 911 912 912 912 957 957 957 955 955 955 955 955 955 954 954 954 953 953 953 956 956 956 948 948 948 954 954 954 956 956 956 957 957 957 958 958 958 944 944 944 942 942 942 947 947 947 944 944 944 958 958 958 945 945 945 959 959 959 960 960 960 961 961 961 959 959 959 962 962 962 963 963 963 962 962 962 964 964 964 963 963 963 962 962 962 965 965 965 966 966 966 963 963 963 967 967 967 960 960 960 968 968 968 966 966 966 969 969 969 968 968 968 970 970 970 971 971 971 966 966 966 965 965 965 969 969 969 966 966 966 971 971 971 972 972 972 969 969 969 965 965 965 973 973 973 969 969 969 974 974 974 968 968 968 965 965 965 961 961 961 973 973 973 965 965 965 962 962 962 959 959 959 973 973 973 975 975 975 976 976 976 972 972 972 962 962 962 966 966 966 972 972 972 977 977 977 962 962 962 972 972 972 978 978 978 977 977 977 979 979 979 976 976 976 975 975 975 979 979 979 974 974 974 976 976 976 979 979 979 980 980 980 981 981 981 980 980 980 982 982 982 983 983 983 980 980 980 983 983 983 984 984 984 981 981 981 985 985 985 974 974 974 981 981 981 980 980 980 986 986 986 987 987 987 988 988 988 989 989 989 987 987 987 990 990 990 991 991 991 987 987 987 992 992 992 990 990 990 988 988 988 987 987 987 993 993 993 988 988 988 967 967 967 989 989 989 993 993 993 994 994 994 988 988 988 983 983 983 995 995 995 984 984 984 995 995 995 996 996 996 984 984 984 995 995 995 997 997 997 998 998 998 995 995 995 983 983 983 999 999 999 995 995 995 1000 1000 1000 997 997 997 984 984 984 1001 1001 1001 986 986 986 984 984 984 986 986 986 980 980 980 999 999 999 1002 1002 1002 1000 1000 1000 999 999 999 982 982 982 1003 1003 1003 1004 1004 1004 1005 1005 1005 1006 1006 1006 1004 1004 1004 1000 1000 1000 1005 1005 1005 1005 1005 1005 1007 1007 1007 1006 1006 1006 1005 1005 1005 1000 1000 1000 1002 1002 1002 1006 1006 1006 1008 1008 1008 1004 1004 1004 1007 1007 1007 1009 1009 1009 991 991 991 1007 1007 1007 1010 1010 1010 1009 1009 1009 1007 1007 1007 1002 1002 1002 1011 1011 1011 1002 1002 1002 1012 1012 1012 1011 1011 1011 1002 1002 1002 999 999 999 1003 1003 1003 1002 1002 1002 1007 1007 1007 1005 1005 1005 1000 1000 1000 995 995 995 999 999 999 1003 1003 1003 982 982 982 975 975 975 1003 1003 1003 975 975 975 1012 1012 1012 1003 1003 1003 1012 1012 1012 1002 1002 1002 974 974 974 969 969 969 976 976 976 974 974 974 979 979 979 981 981 981 976 976 976 969 969 969 973 973 973 982 982 982 980 980 980 979 979 979 982 982 982 979 979 979 975 975 975 982 982 982 999 999 999 983 983 983 975 975 975 973 973 973 1012 1012 1012 994 994 994 960 960 960 988 988 988 978 978 978 972 972 972 1013 1013 1013 1013 1013 1013 972 972 972 971 971 971 997 997 997 1000 1000 1000 1004 1004 1004 967 967 967 988 988 988 960 960 960 967 967 967 963 963 963 964 964 964 967 967 967 992 992 992 989 989 989 960 960 960 959 959 959 963 963 963 991 991 991 1009 1009 1009 993 993 993 991 991 991 993 993 993 987 987 987 991 991 991 1006 1006 1006 1007 1007 1007 991 991 991 1014 1014 1014 1006 1006 1006 1009 1009 1009 994 994 994 993 993 993 961 961 961 960 960 960 994 994 994 961 961 961 965 965 965 959 959 959 998 998 998 997 997 997 1008 1008 1008 1008 1008 1008 997 997 997 1004 1004 1004 1008 1008 1008 1006 1006 1006 1014 1014 1014 985 985 985 1015 1015 1015 970 970 970 985 985 985 981 981 981 986 986 986 985 985 985 970 970 970 974 974 974 985 985 985 1001 1001 1001 1015 1015 1015 1015 1015 1015 1013 1013 1013 971 971 971 1015 1015 1015 971 971 971 970 970 970 970 970 970 968 968 968 974 974 974 992 992 992 987 987 987 989 989 989 1012 1012 1012 973 973 973 1016 1016 1016 1012 1012 1012 1016 1016 1016 1011 1011 1011 1016 1016 1016 973 973 973 961 961 961 1016 1016 1016 961 961 961 1010 1010 1010 1011 1011 1011 1010 1010 1010 1007 1007 1007 1011 1011 1011 1016 1016 1016 1010 1010 1010 1010 1010 1010 994 994 994 1009 1009 1009 1010 1010 1010 961 961 961 994 994 994 964 964 964 992 992 992 967 967 967 964 964 964 962 962 962 977 977 977 964 964 964 977 977 977 978 978 978 964 964 964 978 978 978 992 992 992 1014 1014 1014 991 991 991 990 990 990 996 996 996 995 995 995 998 998 998 971 971 971 966 966 966 968 968 968 1001 1001 1001 984 984 984 996 996 996 1001 1001 1001 985 985 985 986 986 986 1017 1017 1017 1018 1018 1018 1019 1019 1019 1017 1017 1017 1020 1020 1020 1021 1021 1021 1018 1018 1018 1017 1017 1017 1021 1021 1021 1018 1018 1018 1022 1022 1022 1023 1023 1023 1019 1019 1019 1023 1023 1023 1024 1024 1024 1019 1019 1019 1025 1025 1025 1017 1017 1017 1021 1021 1021 1026 1026 1026 1027 1027 1027 1021 1021 1021 1028 1028 1028 1018 1018 1018 1025 1025 1025 1029 1029 1029 1017 1017 1017 1025 1025 1025 1019 1019 1019 1030 1030 1030 1030 1030 1030 1024 1024 1024 1031 1031 1031 1030 1030 1030 1032 1032 1032 1025 1025 1025 1029 1029 1029 1033 1033 1033 1020 1020 1020 1029 1029 1029 1025 1025 1025 1034 1034 1034 1034 1034 1034 1035 1035 1035 1029 1029 1029 1020 1020 1020 1017 1017 1017 1029 1029 1029 1020 1020 1020 1036 1036 1036 1026 1026 1026 1033 1033 1033 1037 1037 1037 1038 1038 1038 1033 1033 1033 1029 1029 1029 1035 1035 1035 1035 1035 1035 1039 1039 1039 1037 1037 1037 1035 1035 1035 1034 1034 1034 1040 1040 1040 1040 1040 1040 1041 1041 1041 1039 1039 1039 1039 1039 1039 1035 1035 1035 1040 1040 1040 1037 1037 1037 1033 1033 1033 1035 1035 1035 1037 1037 1037 1042 1042 1042 1038 1038 1038 1037 1037 1037 1043 1043 1043 1044 1044 1044 1038 1038 1038 1036 1036 1036 1033 1033 1033 1038 1038 1038 1045 1045 1045 1046 1046 1046 1047 1047 1047 1048 1048 1048 1049 1049 1049 1047 1047 1047 1050 1050 1050 1051 1051 1051 1048 1048 1048 1052 1052 1052 1053 1053 1053 1048 1048 1048 1054 1054 1054 1055 1055 1055 1048 1048 1048 1047 1047 1047 1051 1051 1051 1049 1049 1049 1044 1044 1044 1047 1047 1047 1049 1049 1049 1055 1055 1055 1056 1056 1056 1051 1051 1051 1057 1057 1057 1052 1052 1052 1050 1050 1050 1047 1047 1047 1058 1058 1058 1050 1050 1050 1059 1059 1059 1057 1057 1057 1058 1058 1058 1060 1060 1060 1050 1050 1050 1058 1058 1058 1044 1044 1044 1043 1043 1043 1057 1057 1057 1051 1051 1051 1050 1050 1050 1052 1052 1052 1048 1048 1048 1051 1051 1051 1052 1052 1052 1061 1061 1061 1062 1062 1062 1053 1053 1053 1062 1062 1062 1063 1063 1063 1053 1053 1053 1064 1064 1064 1054 1054 1054 1065 1065 1065 1066 1066 1066 1067 1067 1067 1065 1065 1065 1068 1068 1068 1069 1069 1069 1065 1065 1065 1070 1070 1070 1068 1068 1068 1066 1066 1066 1071 1071 1071 1067 1067 1067 1066 1066 1066 1065 1065 1065 1072 1072 1072 1067 1067 1067 1073 1073 1073 1065 1065 1065 1072 1072 1072 1074 1074 1074 1066 1066 1066 1072 1072 1072 1069 1069 1069 1075 1075 1075 1073 1073 1073 1067 1067 1067 1071 1071 1071 1071 1071 1071 1076 1076 1076 1073 1073 1073 1071 1071 1071 1074 1074 1074 1077 1077 1077 1041 1041 1041 1078 1078 1078 1043 1043 1043 1041 1041 1041 1040 1040 1040 1079 1079 1079 1041 1041 1041 1043 1043 1043 1039 1039 1039 1079 1079 1079 1080 1080 1080 1041 1041 1041 1081 1081 1081 1040 1040 1040 1034 1034 1034 1081 1081 1081 1079 1079 1079 1040 1040 1040 1082 1082 1082 1079 1079 1079 1081 1081 1081 1082 1082 1082 1083 1083 1083 1079 1079 1079 1082 1082 1082 1084 1084 1084 1085 1085 1085 1083 1083 1083 1086 1086 1086 1087 1087 1087 1083 1083 1083 1088 1088 1088 1080 1080 1080 1083 1083 1083 1082 1082 1082 1086 1086 1086 1080 1080 1080 1089 1089 1089 1090 1090 1090 1080 1080 1080 1079 1079 1079 1083 1083 1083 1080 1080 1080 1090 1090 1090 1078 1078 1078 1091 1091 1091 1092 1092 1092 1093 1093 1093 1091 1091 1091 1076 1076 1076 1094 1094 1094 1076 1076 1076 1071 1071 1071 1077 1077 1077 1076 1076 1076 1070 1070 1070 1073 1073 1073 1076 1076 1076 1095 1095 1095 1094 1094 1094 1076 1076 1076 1091 1091 1091 1096 1096 1096 1094 1094 1094 1097 1097 1097 1091 1091 1091 1094 1094 1094 1098 1098 1098 1099 1099 1099 1096 1096 1096 1093 1093 1093 1100 1100 1100 1096 1096 1096 1101 1101 1101 1070 1070 1070 1093 1093 1093 1102 1102 1102 1100 1100 1100 1093 1093 1093 1096 1096 1096 1091 1091 1091 1101 1101 1101 1096 1096 1096 1100 1100 1100 1101 1101 1101 1103 1103 1103 1070 1070 1070 1070 1070 1070 1076 1076 1076 1096 1096 1096 1070 1070 1070 1065 1065 1065 1073 1073 1073 1104 1104 1104 1105 1105 1105 1103 1103 1103 1104 1104 1104 1103 1103 1103 1102 1102 1102 1104 1104 1104 1092 1092 1092 1106 1106 1106 1092 1092 1092 1091 1091 1091 1097 1097 1097 1092 1092 1092 1104 1104 1104 1102 1102 1102 1106 1106 1106 1107 1107 1107 1104 1104 1104 1106 1106 1106 1097 1097 1097 1108 1108 1108 1102 1102 1102 1093 1093 1093 1092 1092 1092 1102 1102 1102 1103 1103 1103 1101 1101 1101 1102 1102 1102 1101 1101 1101 1100 1100 1100 1105 1105 1105 1069 1069 1069 1068 1068 1068 1103 1103 1103 1105 1105 1105 1068 1068 1068 1103 1103 1103 1068 1068 1068 1070 1070 1070 1097 1097 1097 1106 1106 1106 1092 1092 1092 1097 1097 1097 1094 1094 1094 1099 1099 1099 1097 1097 1097 1109 1109 1109 1108 1108 1108 1109 1109 1109 1097 1097 1097 1099 1099 1099 1108 1108 1108 1110 1110 1110 1106 1106 1106 1108 1108 1108 1111 1111 1111 1112 1112 1112 1099 1099 1099 1113 1113 1113 1109 1109 1109 1114 1114 1114 1115 1115 1115 1116 1116 1116 1114 1114 1114 1117 1117 1117 1118 1118 1118 1114 1114 1114 1118 1118 1118 1119 1119 1119 1117 1117 1117 1114 1114 1114 1120 1120 1120 1117 1117 1117 1088 1088 1088 1121 1121 1121 1117 1117 1117 1122 1122 1122 1118 1118 1118 1118 1118 1118 1123 1123 1123 1119 1119 1119 1118 1118 1118 1124 1124 1124 1123 1123 1123 1119 1119 1119 1123 1123 1123 1125 1125 1125 1119 1119 1119 1126 1126 1126 1115 1115 1115 1121 1121 1121 1122 1122 1122 1117 1117 1117 1121 1121 1121 1087 1087 1087 1127 1127 1127 1122 1122 1122 1124 1124 1124 1118 1118 1118 1122 1122 1122 1127 1127 1127 1128 1128 1128 1124 1124 1124 1128 1128 1128 1129 1129 1129 1130 1130 1130 1043 1043 1043 1078 1078 1078 1130 1130 1130 1131 1131 1131 1060 1060 1060 1043 1043 1043 1130 1130 1130 1058 1058 1058 1043 1043 1043 1037 1037 1037 1039 1039 1039 1078 1078 1078 1041 1041 1041 1080 1080 1080 1090 1090 1090 1132 1132 1132 1130 1130 1130 1090 1090 1090 1130 1130 1130 1078 1078 1078 1132 1132 1132 1133 1133 1133 1131 1131 1131 1132 1132 1132 1090 1090 1090 1089 1089 1089 1134 1134 1134 1084 1084 1084 1032 1032 1032 1134 1134 1134 1031 1031 1031 1135 1135 1135 1031 1031 1031 1136 1136 1136 1137 1137 1137 1031 1031 1031 1134 1134 1134 1030 1030 1030 1031 1031 1031 1138 1138 1138 1136 1136 1136 1135 1135 1135 1139 1139 1139 1134 1134 1134 1137 1137 1137 1135 1135 1135 1031 1031 1031 1137 1137 1137 1140 1140 1140 1141 1141 1141 1142 1142 1142 1141 1141 1141 1143 1143 1143 1142 1142 1142 1144 1144 1144 1135 1135 1135 1142 1142 1142 1135 1135 1135 1137 1137 1137 1144 1144 1144 1142 1142 1142 1145 1145 1145 1144 1144 1144 1145 1145 1145 1146 1146 1146 1139 1139 1139 1085 1085 1085 1084 1084 1084 1139 1139 1139 1146 1146 1146 1147 1147 1147 1139 1139 1139 1135 1135 1135 1144 1144 1144 1140 1140 1140 1136 1136 1136 1148 1148 1148 1140 1140 1140 1061 1061 1061 1057 1057 1057 1140 1140 1140 1057 1057 1057 1059 1059 1059 1140 1140 1140 1137 1137 1137 1136 1136 1136 1141 1141 1141 1142 1142 1142 1137 1137 1137 1059 1059 1059 1141 1141 1141 1140 1140 1140 1059 1059 1059 1050 1050 1050 1060 1060 1060 1149 1149 1149 1060 1060 1060 1131 1131 1131 1149 1149 1149 1143 1143 1143 1141 1141 1141 1149 1149 1149 1141 1141 1141 1059 1059 1059 1143 1143 1143 1150 1150 1150 1151 1151 1151 1143 1143 1143 1145 1145 1145 1142 1142 1142 1152 1152 1152 1147 1147 1147 1153 1153 1153 1152 1152 1152 1154 1154 1154 1086 1086 1086 1147 1147 1147 1155 1155 1155 1153 1153 1153 1147 1147 1147 1152 1152 1152 1085 1085 1085 1153 1153 1153 1156 1156 1156 1152 1152 1152 1085 1085 1085 1139 1139 1139 1147 1147 1147 1085 1085 1085 1086 1086 1086 1082 1082 1082 1086 1086 1086 1085 1085 1085 1152 1152 1152 1154 1154 1154 1156 1156 1156 1157 1157 1157 1154 1154 1154 1152 1152 1152 1156 1156 1156 1084 1084 1084 1134 1134 1134 1139 1139 1139 1084 1084 1084 1082 1082 1082 1081 1081 1081 1084 1084 1084 1081 1081 1081 1032 1032 1032 1087 1087 1087 1086 1086 1086 1154 1154 1154 1087 1087 1087 1154 1154 1154 1127 1127 1127 1087 1087 1087 1121 1121 1121 1088 1088 1088 1127 1127 1127 1122 1122 1122 1121 1121 1121 1127 1127 1127 1157 1157 1157 1128 1128 1128 1088 1088 1088 1083 1083 1083 1087 1087 1087 1088 1088 1088 1117 1117 1117 1089 1089 1089 1120 1120 1120 1116 1116 1116 1133 1133 1133 1120 1120 1120 1089 1089 1089 1117 1117 1117 1116 1116 1116 1120 1120 1120 1114 1114 1114 1116 1116 1116 1158 1158 1158 1159 1159 1159 1133 1133 1133 1159 1159 1159 1150 1150 1150 1133 1133 1133 1132 1132 1132 1120 1120 1120 1159 1159 1159 1151 1151 1151 1150 1150 1150 1159 1159 1159 1133 1133 1133 1116 1116 1116 1150 1150 1150 1143 1143 1143 1149 1149 1149 1150 1150 1150 1131 1131 1131 1133 1133 1133 1131 1131 1131 1130 1130 1130 1132 1132 1132 1131 1131 1131 1150 1150 1150 1149 1149 1149 1151 1151 1151 1159 1159 1159 1160 1160 1160 1151 1151 1151 1161 1161 1161 1145 1145 1145 1160 1160 1160 1162 1162 1162 1161 1161 1161 1160 1160 1160 1158 1158 1158 1163 1163 1163 1161 1161 1161 1151 1151 1151 1160 1160 1160 1145 1145 1145 1143 1143 1143 1151 1151 1151 1155 1155 1155 1147 1147 1147 1146 1146 1146 1155 1155 1155 1164 1164 1164 1153 1153 1153 1155 1155 1155 1162 1162 1162 1165 1165 1165 1164 1164 1164 1166 1166 1166 1156 1156 1156 1164 1164 1164 1155 1155 1155 1165 1165 1165 1165 1165 1165 1167 1167 1167 1164 1164 1164 1165 1165 1165 1168 1168 1168 1169 1169 1169 1165 1165 1165 1162 1162 1162 1168 1168 1168 1162 1162 1162 1160 1160 1160 1163 1163 1163 1162 1162 1162 1155 1155 1155 1161 1161 1161 1168 1168 1168 1163 1163 1163 1170 1170 1170 1167 1167 1167 1165 1165 1165 1169 1169 1169 1163 1163 1163 1171 1171 1171 1170 1170 1170 1163 1163 1163 1168 1168 1168 1162 1162 1162 1158 1158 1158 1160 1160 1160 1159 1159 1159 1158 1158 1158 1116 1116 1116 1115 1115 1115 1171 1171 1171 1163 1163 1163 1158 1158 1158 1171 1171 1171 1115 1115 1115 1126 1126 1126 1128 1128 1128 1124 1124 1124 1122 1122 1122 1157 1157 1157 1166 1166 1166 1172 1172 1172 1157 1157 1157 1127 1127 1127 1154 1154 1154 1157 1157 1157 1129 1129 1129 1128 1128 1128 1129 1129 1129 1157 1157 1157 1172 1172 1172 1062 1062 1062 1173 1173 1173 1174 1174 1174 1062 1062 1062 1053 1053 1053 1052 1052 1052 1063 1063 1063 1174 1174 1174 1175 1175 1175 1063 1063 1063 1176 1176 1176 1064 1064 1064 1061 1061 1061 1140 1140 1140 1177 1177 1177 1061 1061 1061 1052 1052 1052 1057 1057 1057 1173 1173 1173 1112 1112 1112 1174 1174 1174 1173 1173 1173 1062 1062 1062 1061 1061 1061 1173 1173 1173 1177 1177 1177 1178 1178 1178 1174 1174 1174 1063 1063 1063 1062 1062 1062 1175 1175 1175 1112 1112 1112 1111 1111 1111 1175 1175 1175 1179 1179 1179 1176 1176 1176 1177 1177 1177 1148 1148 1148 1180 1180 1180 1177 1177 1177 1180 1180 1180 1178 1178 1178 1177 1177 1177 1173 1173 1173 1061 1061 1061 1148 1148 1148 1177 1177 1177 1140 1140 1140 1148 1148 1148 1138 1138 1138 1181 1181 1181 1148 1148 1148 1181 1181 1181 1182 1182 1182 1180 1180 1180 1075 1075 1075 1183 1183 1183 1178 1178 1178 1110 1110 1110 1173 1173 1173 1178 1178 1178 1180 1180 1180 1183 1183 1183 1178 1178 1178 1183 1183 1183 1107 1107 1107 1184 1184 1184 1185 1185 1185 1186 1186 1186 1184 1184 1184 1181 1181 1181 1138 1138 1138 1185 1185 1185 1184 1184 1184 1187 1187 1187 1186 1186 1186 1188 1188 1188 1184 1184 1184 1186 1186 1186 1054 1054 1054 1064 1064 1064 1186 1186 1186 1064 1064 1064 1189 1189 1189 1187 1187 1187 1022 1022 1022 1185 1185 1185 1187 1187 1187 1024 1024 1024 1023 1023 1023 1188 1188 1188 1182 1182 1182 1181 1181 1181 1188 1188 1188 1186 1186 1186 1189 1189 1189 1189 1189 1189 1176 1176 1176 1074 1074 1074 1189 1189 1189 1190 1190 1190 1188 1188 1188 1156 1156 1156 1153 1153 1153 1164 1164 1164 1156 1156 1156 1166 1166 1166 1157 1157 1157 1166 1166 1166 1164 1164 1164 1167 1167 1167 1191 1191 1191 1192 1192 1192 1193 1193 1193 1192 1192 1192 1194 1194 1194 1195 1195 1195 1192 1192 1192 1196 1196 1196 1197 1197 1197 1194 1194 1194 1192 1192 1192 1197 1197 1197 1196 1196 1196 1198 1198 1198 1199 1199 1199 1196 1196 1196 1192 1192 1192 1198 1198 1198 1197 1197 1197 1200 1200 1200 1201 1201 1201 1197 1197 1197 1196 1196 1196 1200 1200 1200 1198 1198 1198 1192 1192 1192 1191 1191 1191 1199 1199 1199 1198 1198 1198 1202 1202 1202 1089 1089 1089 1080 1080 1080 1088 1088 1088 1089 1089 1089 1120 1120 1120 1132 1132 1132 1146 1146 1146 1145 1145 1145 1161 1161 1161 1146 1146 1146 1161 1161 1161 1155 1155 1155 1146 1146 1146 1139 1139 1139 1144 1144 1144 1032 1032 1032 1081 1081 1081 1034 1034 1034 1032 1032 1032 1034 1034 1034 1025 1025 1025 1032 1032 1032 1030 1030 1030 1134 1134 1134 1060 1060 1060 1058 1058 1058 1130 1130 1130 1060 1060 1060 1149 1149 1149 1059 1059 1059 1115 1115 1115 1114 1114 1114 1119 1119 1119 1115 1115 1115 1171 1171 1171 1158 1158 1158 1126 1126 1126 1119 1119 1119 1125 1125 1125 1042 1042 1042 1056 1056 1056 1045 1045 1045 1042 1042 1042 1037 1037 1037 1044 1044 1044 1044 1044 1044 1049 1049 1049 1042 1042 1042 1044 1044 1044 1058 1058 1058 1047 1047 1047 1024 1024 1024 1187 1187 1187 1138 1138 1138 1024 1024 1024 1030 1030 1030 1019 1019 1019 1138 1138 1138 1148 1148 1148 1136 1136 1136 1138 1138 1138 1031 1031 1031 1024 1024 1024 1138 1138 1138 1187 1187 1187 1184 1184 1184 1023 1023 1023 1019 1019 1019 1018 1018 1018 1112 1112 1112 1175 1175 1175 1174 1174 1174 1112 1112 1112 1173 1173 1173 1110 1110 1110 1111 1111 1111 1108 1108 1108 1109 1109 1109 1111 1111 1111 1113 1113 1113 1179 1179 1179 1110 1110 1110 1108 1108 1108 1112 1112 1112 1110 1110 1110 1178 1178 1178 1107 1107 1107 1107 1107 1107 1183 1183 1183 1105 1105 1105 1107 1107 1107 1105 1105 1105 1104 1104 1104 1107 1107 1107 1106 1106 1106 1110 1110 1110 1183 1183 1183 1069 1069 1069 1105 1105 1105 1190 1190 1190 1189 1189 1189 1074 1074 1074 1190 1190 1190 1075 1075 1075 1182 1182 1182 1074 1074 1074 1071 1071 1071 1066 1066 1066 1074 1074 1074 1072 1072 1072 1190 1190 1190 1182 1182 1182 1188 1188 1188 1190 1190 1190 1182 1182 1182 1075 1075 1075 1180 1180 1180 1182 1182 1182 1180 1180 1180 1148 1148 1148 1075 1075 1075 1069 1069 1069 1183 1183 1183 1075 1075 1075 1190 1190 1190 1072 1072 1072 1069 1069 1069 1072 1072 1072 1065 1065 1065 1179 1179 1179 1175 1175 1175 1111 1111 1111 1179 1179 1179 1077 1077 1077 1074 1074 1074 1179 1179 1179 1074 1074 1074 1176 1176 1176 1176 1176 1176 1063 1063 1063 1175 1175 1175 1176 1176 1176 1189 1189 1189 1064 1064 1064 1113 1113 1113 1111 1111 1111 1109 1109 1109 1113 1113 1113 1099 1099 1099 1098 1098 1098 1022 1022 1022 1187 1187 1187 1023 1023 1023 1022 1022 1022 1018 1018 1018 1028 1028 1028 1028 1028 1028 1021 1021 1021 1027 1027 1027 1045 1045 1045 1038 1038 1038 1042 1042 1042 1046 1046 1046 1056 1056 1056 1036 1036 1036 1056 1056 1056 1042 1042 1042 1049 1049 1049 1056 1056 1056 1046 1046 1046 1045 1045 1045 1181 1181 1181 1184 1184 1184 1188 1188 1188 1064 1064 1064 1053 1053 1053 1063 1063 1063 1054 1054 1054 1048 1048 1048 1053 1053 1053 1054 1054 1054 1185 1185 1185 1055 1055 1055 1054 1054 1054 1186 1186 1186 1185 1185 1185 1098 1098 1098 1094 1094 1094 1095 1095 1095 1095 1095 1095 1179 1179 1179 1113 1113 1113 1095 1095 1095 1113 1113 1113 1098 1098 1098 1095 1095 1095 1076 1076 1076 1077 1077 1077 1077 1077 1077 1179 1179 1179 1095 1095 1095 1055 1055 1055 1022 1022 1022 1056 1056 1056 1055 1055 1055 1185 1185 1185 1022 1022 1022 1055 1055 1055 1049 1049 1049 1048 1048 1048 1036 1036 1036 1022 1022 1022 1028 1028 1028 1036 1036 1036 1028 1028 1028 1026 1026 1026 1036 1036 1036 1038 1038 1038 1046 1046 1046 1036 1036 1036 1020 1020 1020 1033 1033 1033 1036 1036 1036 1056 1056 1056 1022 1022 1022 1026 1026 1026 1028 1028 1028 1027 1027 1027 1026 1026 1026 1021 1021 1021 1020 1020 1020 1203 1203 1203 1204 1204 1204 1205 1205 1205 1203 1203 1203 1205 1205 1205 1206 1206 1206 1205 1205 1205 1207 1207 1207 1206 1206 1206 1205 1205 1205 1208 1208 1208 1209 1209 1209 1205 1205 1205 1204 1204 1204 1208 1208 1208 1206 1206 1206 1210 1210 1210 1211 1211 1211 1207 1207 1207 1205 1205 1205 1209 1209 1209 1207 1207 1207 1209 1209 1209 1212 1212 1212 1207 1207 1207 1213 1213 1213 1210 1210 1210 1214 1214 1214 1215 1215 1215 1203 1203 1203 1214 1214 1214 1203 1203 1203 1206 1206 1206 1214 1214 1214 1211 1211 1211 1216 1216 1216 1215 1215 1215 1217 1217 1217 1218 1218 1218 1215 1215 1215 1219 1219 1219 1220 1220 1220 1215 1215 1215 1220 1220 1220 1203 1203 1203 1211 1211 1211 1214 1214 1214 1206 1206 1206 1211 1211 1211 1221 1221 1221 1222 1222 1222 1216 1216 1216 1217 1217 1217 1214 1214 1214 1216 1216 1216 1222 1222 1222 1223 1223 1223 1210 1210 1210 1206 1206 1206 1207 1207 1207 1210 1210 1210 1224 1224 1224 1221 1221 1221 1221 1221 1221 1225 1225 1225 1226 1226 1226 1221 1221 1221 1211 1211 1211 1210 1210 1210 1222 1222 1222 1221 1221 1221 1226 1226 1226 1222 1222 1222 1216 1216 1216 1211 1211 1211 1223 1223 1223 1227 1227 1227 1216 1216 1216 1223 1223 1223 1228 1228 1228 1229 1229 1229 1230 1230 1230 1222 1222 1222 1226 1226 1226 1230 1230 1230 1223 1223 1223 1222 1222 1222 1226 1226 1226 1231 1231 1231 1232 1232 1232 1225 1225 1225 1224 1224 1224 1233 1233 1233 1225 1225 1225 1221 1221 1221 1224 1224 1224 1225 1225 1225 1234 1234 1234 1231 1231 1231 1235 1235 1235 1236 1236 1236 1237 1237 1237 1236 1236 1236 1235 1235 1235 1238 1238 1238 1236 1236 1236 1239 1239 1239 1240 1240 1240 1237 1237 1237 1236 1236 1236 1241 1241 1241 1238 1238 1238 1242 1242 1242 1236 1236 1236 1238 1238 1238 1232 1232 1232 1231 1231 1231 1243 1243 1243 1244 1244 1244 1245 1245 1245 1243 1243 1243 1235 1235 1235 1237 1237 1237 1243 1243 1243 1246 1246 1246 1235 1235 1235 1246 1246 1246 1245 1245 1245 1247 1247 1247 1246 1246 1246 1248 1248 1248 1232 1232 1232 1246 1246 1246 1232 1232 1232 1235 1235 1235 1249 1249 1249 1243 1243 1243 1237 1237 1237 1249 1249 1249 1237 1237 1237 1241 1241 1241 1249 1249 1249 1241 1241 1241 1250 1250 1250 1241 1241 1241 1236 1236 1236 1240 1240 1240 1241 1241 1241 1251 1251 1251 1250 1250 1250 1241 1241 1241 1240 1240 1240 1251 1251 1251 1240 1240 1240 1252 1252 1252 1253 1253 1253 1254 1254 1254 1255 1255 1255 1256 1256 1256 1254 1254 1254 1257 1257 1257 1258 1258 1258 1255 1255 1255 1254 1254 1254 1259 1259 1259 1256 1256 1256 1260 1260 1260 1261 1261 1261 1259 1259 1259 1258 1258 1258 1262 1262 1262 1258 1258 1258 1259 1259 1259 1254 1254 1254 1262 1262 1262 1263 1263 1263 1264 1264 1264 1262 1262 1262 1260 1260 1260 1255 1255 1255 1262 1262 1262 1255 1255 1255 1259 1259 1259 1228 1228 1228 1248 1248 1248 1265 1265 1265 1228 1228 1228 1223 1223 1223 1230 1230 1230 1229 1229 1229 1266 1266 1266 1227 1227 1227 1229 1229 1229 1267 1267 1267 1268 1268 1268 1227 1227 1227 1223 1223 1223 1229 1229 1229 1227 1227 1227 1269 1269 1269 1217 1217 1217 1266 1266 1266 1229 1229 1229 1268 1268 1268 1268 1268 1268 1270 1270 1270 1271 1271 1271 1268 1268 1268 1272 1272 1272 1266 1266 1266 1267 1267 1267 1229 1229 1229 1228 1228 1228 1267 1267 1267 1265 1265 1265 1273 1273 1273 1267 1267 1267 1274 1274 1274 1270 1270 1270 1275 1275 1275 1276 1276 1276 1277 1277 1277 1275 1275 1275 1263 1263 1263 1278 1278 1278 1263 1263 1263 1279 1279 1279 1280 1280 1280 1263 1263 1263 1262 1262 1262 1258 1258 1258 1263 1263 1263 1280 1280 1280 1264 1264 1264 1263 1263 1263 1275 1275 1275 1279 1279 1279 1278 1278 1278 1257 1257 1257 1281 1281 1281 1278 1278 1278 1263 1263 1263 1257 1257 1257 1278 1278 1278 1282 1282 1282 1275 1275 1275 1279 1279 1279 1283 1283 1283 1284 1284 1284 1279 1279 1279 1277 1277 1277 1283 1283 1283 1279 1279 1279 1284 1284 1284 1280 1280 1280 1282 1282 1282 1278 1278 1278 1285 1285 1285 1282 1282 1282 1286 1286 1286 1276 1276 1276 1285 1285 1285 1281 1281 1281 1286 1286 1286 1281 1281 1281 1285 1285 1285 1278 1278 1278 1257 1257 1257 1287 1287 1287 1281 1281 1281 1257 1257 1257 1254 1254 1254 1288 1288 1288 1257 1257 1257 1263 1263 1263 1258 1258 1258 1276 1276 1276 1275 1275 1275 1282 1282 1282 1276 1276 1276 1289 1289 1289 1290 1290 1290 1289 1289 1289 1291 1291 1291 1292 1292 1292 1289 1289 1289 1276 1276 1276 1286 1286 1286 1290 1290 1290 1292 1292 1292 1293 1293 1293 1290 1290 1290 1277 1277 1277 1276 1276 1276 1286 1286 1286 1287 1287 1287 1289 1289 1289 1286 1286 1286 1282 1282 1282 1285 1285 1285 1287 1287 1287 1286 1286 1286 1281 1281 1281 1287 1287 1287 1288 1288 1288 1291 1291 1291 1287 1287 1287 1257 1257 1257 1288 1288 1288 1291 1291 1291 1288 1288 1288 1294 1294 1294 1291 1291 1291 1289 1289 1289 1287 1287 1287 1295 1295 1295 1296 1296 1296 1277 1277 1277 1295 1295 1295 1293 1293 1293 1297 1297 1297 1295 1295 1295 1298 1298 1298 1296 1296 1296 1277 1277 1277 1279 1279 1279 1275 1275 1275 1277 1277 1277 1296 1296 1296 1283 1283 1283 1277 1277 1277 1290 1290 1290 1295 1295 1295 1283 1283 1283 1296 1296 1296 1299 1299 1299 1283 1283 1283 1299 1299 1299 1284 1284 1284 1300 1300 1300 1301 1301 1301 1302 1302 1302 1300 1300 1300 1303 1303 1303 1304 1304 1304 1300 1300 1300 1305 1305 1305 1301 1301 1301 1303 1303 1303 1302 1302 1302 1306 1306 1306 1303 1303 1303 1300 1300 1300 1302 1302 1302 1304 1304 1304 1307 1307 1307 1300 1300 1300 1308 1308 1308 1304 1304 1304 1303 1303 1303 1308 1308 1308 1303 1303 1303 1309 1309 1309 1308 1308 1308 1310 1310 1310 1304 1304 1304 1308 1308 1308 1270 1270 1270 1274 1274 1274 1311 1311 1311 1271 1271 1271 1270 1270 1270 1311 1311 1311 1308 1308 1308 1309 1309 1309 1309 1309 1309 1312 1312 1312 1311 1311 1311 1309 1309 1309 1303 1303 1303 1306 1306 1306 1306 1306 1306 1313 1313 1313 1309 1309 1309 1247 1247 1247 1248 1248 1248 1246 1246 1246 1247 1247 1247 1314 1314 1314 1315 1315 1315 1247 1247 1247 1273 1273 1273 1265 1265 1265 1248 1248 1248 1247 1247 1247 1265 1265 1265 1248 1248 1248 1228 1228 1228 1230 1230 1230 1248 1248 1248 1226 1226 1226 1232 1232 1232 1248 1248 1248 1230 1230 1230 1226 1226 1226 1265 1265 1265 1267 1267 1267 1228 1228 1228 1273 1273 1273 1247 1247 1247 1315 1315 1315 1273 1273 1273 1315 1315 1315 1274 1274 1274 1315 1315 1315 1316 1316 1316 1310 1310 1310 1218 1218 1218 1219 1219 1219 1215 1215 1215 1218 1218 1218 1269 1269 1269 1317 1317 1317 1219 1219 1219 1318 1318 1318 1319 1319 1319 1219 1219 1219 1320 1320 1320 1318 1318 1318 1219 1219 1219 1218 1218 1218 1321 1321 1321 1219 1219 1219 1319 1319 1319 1220 1220 1220 1321 1321 1321 1322 1322 1322 1320 1320 1320 1321 1321 1321 1317 1317 1317 1323 1323 1323 1320 1320 1320 1219 1219 1219 1321 1321 1321 1320 1320 1320 1324 1324 1324 1318 1318 1318 1318 1318 1318 1324 1324 1324 1325 1325 1325 1322 1322 1322 1326 1326 1326 1320 1320 1320 1322 1322 1322 1321 1321 1321 1323 1323 1323 1323 1323 1323 1327 1327 1327 1322 1322 1322 1323 1323 1323 1317 1317 1317 1328 1328 1328 1317 1317 1317 1329 1329 1329 1330 1330 1330 1317 1317 1317 1321 1321 1321 1218 1218 1218 1324 1324 1324 1250 1250 1250 1331 1331 1331 1324 1324 1324 1244 1244 1244 1249 1249 1249 1324 1324 1324 1320 1320 1320 1326 1326 1326 1326 1326 1326 1332 1332 1332 1244 1244 1244 1326 1326 1326 1322 1322 1322 1333 1333 1333 1244 1244 1244 1324 1324 1324 1326 1326 1326 1244 1244 1244 1243 1243 1243 1249 1249 1249 1332 1332 1332 1333 1333 1333 1334 1334 1334 1332 1332 1332 1326 1326 1326 1333 1333 1333 1332 1332 1332 1245 1245 1245 1244 1244 1244 1333 1333 1333 1327 1327 1327 1335 1335 1335 1330 1330 1330 1336 1336 1336 1337 1337 1337 1330 1330 1330 1328 1328 1328 1317 1317 1317 1336 1336 1336 1338 1338 1338 1339 1339 1339 1336 1336 1336 1272 1272 1272 1338 1338 1338 1336 1336 1336 1330 1330 1330 1329 1329 1329 1337 1337 1337 1339 1339 1339 1340 1340 1340 1337 1337 1337 1341 1341 1341 1330 1330 1330 1329 1329 1329 1317 1317 1317 1269 1269 1269 1329 1329 1329 1272 1272 1272 1336 1336 1336 1329 1329 1329 1266 1266 1266 1272 1272 1272 1272 1272 1272 1268 1268 1268 1271 1271 1271 1338 1338 1338 1312 1312 1312 1342 1342 1342 1338 1338 1338 1271 1271 1271 1312 1312 1312 1269 1269 1269 1227 1227 1227 1266 1266 1266 1269 1269 1269 1266 1266 1266 1329 1329 1329 1269 1269 1269 1218 1218 1218 1217 1217 1217 1271 1271 1271 1311 1311 1311 1312 1312 1312 1271 1271 1271 1338 1338 1338 1272 1272 1272 1312 1312 1312 1309 1309 1309 1313 1313 1313 1270 1270 1270 1268 1268 1268 1267 1267 1267 1270 1270 1270 1308 1308 1308 1311 1311 1311 1310 1310 1310 1343 1343 1343 1304 1304 1304 1343 1343 1343 1310 1310 1310 1316 1316 1316 1343 1343 1343 1344 1344 1344 1307 1307 1307 1316 1316 1316 1345 1345 1345 1343 1343 1343 1316 1316 1316 1315 1315 1315 1314 1314 1314 1345 1345 1345 1316 1316 1316 1334 1334 1334 1345 1345 1345 1346 1346 1346 1344 1344 1344 1334 1334 1334 1314 1314 1314 1332 1332 1332 1334 1334 1334 1335 1335 1335 1345 1345 1345 1314 1314 1314 1247 1247 1247 1245 1245 1245 1314 1314 1314 1334 1334 1334 1316 1316 1316 1335 1335 1335 1334 1334 1334 1333 1333 1333 1335 1335 1335 1347 1347 1347 1346 1346 1346 1346 1346 1346 1348 1348 1348 1349 1349 1349 1346 1346 1346 1345 1345 1345 1335 1335 1335 1347 1347 1347 1335 1335 1335 1327 1327 1327 1347 1347 1347 1341 1341 1341 1348 1348 1348 1327 1327 1327 1333 1333 1333 1322 1322 1322 1340 1340 1340 1341 1341 1341 1337 1337 1337 1340 1340 1340 1350 1350 1350 1351 1351 1351 1341 1341 1341 1347 1347 1347 1328 1328 1328 1341 1341 1341 1340 1340 1340 1352 1352 1352 1352 1352 1352 1351 1351 1351 1353 1353 1353 1352 1352 1352 1348 1348 1348 1341 1341 1341 1348 1348 1348 1346 1346 1346 1347 1347 1347 1348 1348 1348 1352 1352 1352 1354 1354 1354 1353 1353 1353 1354 1354 1354 1352 1352 1352 1354 1354 1354 1349 1349 1349 1348 1348 1348 1351 1351 1351 1352 1352 1352 1340 1340 1340 1349 1349 1349 1344 1344 1344 1346 1346 1346 1349 1349 1349 1354 1354 1354 1355 1355 1355 1344 1344 1344 1349 1349 1349 1356 1356 1356 1344 1344 1344 1343 1343 1343 1345 1345 1345 1355 1355 1355 1356 1356 1356 1349 1349 1349 1356 1356 1356 1307 1307 1307 1344 1344 1344 1313 1313 1313 1306 1306 1306 1357 1357 1357 1313 1313 1313 1342 1342 1342 1312 1312 1312 1342 1342 1342 1339 1339 1339 1338 1338 1338 1342 1342 1342 1357 1357 1357 1358 1358 1358 1342 1342 1342 1358 1358 1358 1350 1350 1350 1357 1357 1357 1342 1342 1342 1313 1313 1313 1251 1251 1251 1359 1359 1359 1360 1360 1360 1251 1251 1251 1240 1240 1240 1253 1253 1253 1251 1251 1251 1253 1253 1253 1359 1359 1359 1253 1253 1253 1361 1361 1361 1362 1362 1362 1250 1250 1250 1324 1324 1324 1249 1249 1249 1250 1250 1250 1251 1251 1251 1360 1360 1360 1360 1360 1360 1331 1331 1331 1250 1250 1250 1360 1360 1360 1297 1297 1297 1293 1293 1293 1359 1359 1359 1253 1253 1253 1362 1362 1362 1359 1359 1359 1362 1362 1362 1297 1297 1297 1362 1362 1362 1363 1363 1363 1298 1298 1298 1331 1331 1331 1325 1325 1325 1324 1324 1324 1331 1331 1331 1360 1360 1360 1364 1364 1364 1325 1325 1325 1365 1365 1365 1366 1366 1366 1325 1325 1325 1331 1331 1331 1367 1367 1367 1325 1325 1325 1319 1319 1319 1318 1318 1318 1364 1364 1364 1367 1367 1367 1331 1331 1331 1364 1364 1364 1293 1293 1293 1292 1292 1292 1367 1367 1367 1364 1364 1364 1368 1368 1368 1367 1367 1367 1368 1368 1368 1369 1369 1369 1367 1367 1367 1369 1369 1369 1365 1365 1365 1370 1370 1370 1371 1371 1371 1372 1372 1372 1370 1370 1370 1319 1319 1319 1366 1366 1366 1371 1371 1371 1370 1370 1370 1373 1373 1373 1372 1372 1372 1208 1208 1208 1204 1204 1204 1373 1373 1373 1374 1374 1374 1375 1375 1375 1373 1373 1373 1239 1239 1239 1371 1371 1371 1374 1374 1374 1373 1373 1373 1370 1370 1370 1374 1374 1374 1366 1366 1366 1365 1365 1365 1375 1375 1375 1252 1252 1252 1373 1373 1373 1375 1375 1375 1261 1261 1261 1260 1260 1260 1339 1339 1339 1337 1337 1337 1336 1336 1336 1339 1339 1339 1342 1342 1342 1350 1350 1350 1350 1350 1350 1340 1340 1340 1339 1339 1339 1376 1376 1376 1377 1377 1377 1378 1378 1378 1376 1376 1376 1378 1378 1378 1379 1379 1379 1377 1377 1377 1380 1380 1380 1378 1378 1378 1377 1377 1377 1376 1376 1376 1381 1381 1381 1377 1377 1377 1382 1382 1382 1383 1383 1383 1381 1381 1381 1384 1384 1384 1385 1385 1385 1384 1384 1384 1381 1381 1381 1376 1376 1376 1380 1380 1380 1377 1377 1377 1386 1386 1386 1379 1379 1379 1378 1378 1378 1387 1387 1387 1382 1382 1382 1377 1377 1377 1381 1381 1381 1274 1274 1274 1267 1267 1267 1273 1273 1273 1274 1274 1274 1315 1315 1315 1310 1310 1310 1274 1274 1274 1310 1310 1310 1308 1308 1308 1328 1328 1328 1327 1327 1327 1323 1323 1323 1328 1328 1328 1347 1347 1347 1327 1327 1327 1328 1328 1328 1330 1330 1330 1341 1341 1341 1217 1217 1217 1216 1216 1216 1227 1227 1227 1217 1217 1217 1215 1215 1215 1214 1214 1214 1245 1245 1245 1246 1246 1246 1243 1243 1243 1245 1245 1245 1332 1332 1332 1314 1314 1314 1307 1307 1307 1356 1356 1356 1305 1305 1305 1307 1307 1307 1304 1304 1304 1343 1343 1343 1305 1305 1305 1300 1300 1300 1307 1307 1307 1231 1231 1231 1388 1388 1388 1238 1238 1238 1231 1231 1231 1226 1226 1226 1225 1225 1225 1232 1232 1232 1238 1238 1238 1235 1235 1235 1319 1319 1319 1370 1370 1370 1372 1372 1372 1319 1319 1319 1325 1325 1325 1366 1366 1366 1319 1319 1319 1372 1372 1372 1220 1220 1220 1220 1220 1220 1372 1372 1372 1204 1204 1204 1220 1220 1220 1204 1204 1204 1203 1203 1203 1297 1297 1297 1362 1362 1362 1298 1298 1298 1297 1297 1297 1360 1360 1360 1359 1359 1359 1297 1297 1297 1298 1298 1298 1295 1295 1295 1298 1298 1298 1299 1299 1299 1296 1296 1296 1293 1293 1293 1364 1364 1364 1360 1360 1360 1293 1293 1293 1295 1295 1295 1290 1290 1290 1292 1292 1292 1290 1290 1290 1289 1289 1289 1292 1292 1292 1291 1291 1291 1368 1368 1368 1292 1292 1292 1368 1368 1368 1364 1364 1364 1368 1368 1368 1294 1294 1294 1369 1369 1369 1368 1368 1368 1291 1291 1291 1294 1294 1294 1261 1261 1261 1375 1375 1375 1374 1374 1374 1260 1260 1260 1361 1361 1361 1375 1375 1375 1260 1260 1260 1262 1262 1262 1264 1264 1264 1260 1260 1260 1264 1264 1264 1363 1363 1363 1260 1260 1260 1256 1256 1256 1255 1255 1255 1369 1369 1369 1256 1256 1256 1261 1261 1261 1369 1369 1369 1261 1261 1261 1365 1365 1365 1365 1365 1365 1325 1325 1325 1367 1367 1367 1365 1365 1365 1261 1261 1261 1374 1374 1374 1294 1294 1294 1254 1254 1254 1256 1256 1256 1294 1294 1294 1256 1256 1256 1369 1369 1369 1363 1363 1363 1362 1362 1362 1361 1361 1361 1363 1363 1363 1280 1280 1280 1299 1299 1299 1361 1361 1361 1253 1253 1253 1252 1252 1252 1361 1361 1361 1260 1260 1260 1363 1363 1363 1299 1299 1299 1298 1298 1298 1363 1363 1363 1299 1299 1299 1280 1280 1280 1284 1284 1284 1208 1208 1208 1224 1224 1224 1209 1209 1209 1208 1208 1208 1372 1372 1372 1371 1371 1371 1209 1209 1209 1213 1213 1213 1212 1212 1212 1234 1234 1234 1225 1225 1225 1233 1233 1233 1233 1233 1233 1388 1388 1388 1234 1234 1234 1388 1388 1388 1208 1208 1208 1242 1242 1242 1388 1388 1388 1233 1233 1233 1224 1224 1224 1388 1388 1388 1231 1231 1231 1234 1234 1234 1366 1366 1366 1374 1374 1374 1370 1370 1370 1252 1252 1252 1240 1240 1240 1239 1239 1239 1252 1252 1252 1375 1375 1375 1361 1361 1361 1239 1239 1239 1236 1236 1236 1242 1242 1242 1239 1239 1239 1373 1373 1373 1252 1252 1252 1280 1280 1280 1363 1363 1363 1264 1264 1264 1288 1288 1288 1254 1254 1254 1294 1294 1294 1242 1242 1242 1238 1238 1238 1388 1388 1388 1242 1242 1242 1371 1371 1371 1239 1239 1239 1242 1242 1242 1208 1208 1208 1371 1371 1371 1224 1224 1224 1208 1208 1208 1388 1388 1388 1224 1224 1224 1210 1210 1210 1213 1213 1213 1213 1213 1213 1209 1209 1209 1224 1224 1224 1213 1213 1213 1207 1207 1207 1212 1212 1212 1389 1389 1389 1390 1390 1390 1391 1391 1391 1389 1389 1389 1392 1392 1392 1393 1393 1393 1389 1389 1389 1394 1394 1394 1395 1395 1395 1390 1390 1390 1389 1389 1389 1396 1396 1396 1390 1390 1390 1397 1397 1397 1398 1398 1398 1390 1390 1390 1399 1399 1399 1391 1391 1391 1391 1391 1391 1400 1400 1400 1401 1401 1401 1396 1396 1396 1402 1402 1402 1403 1403 1403 1396 1396 1396 1404 1404 1404 1390 1390 1390 1396 1396 1396 1395 1395 1395 1405 1405 1405 1395 1395 1395 1406 1406 1406 1407 1407 1407 1395 1395 1395 1396 1396 1396 1389 1389 1389 1405 1405 1405 1407 1407 1407 1408 1408 1408 1402 1402 1402 1409 1409 1409 1403 1403 1403 1402 1402 1402 1408 1408 1408 1410 1410 1410 1402 1402 1402 1396 1396 1396 1405 1405 1405 1403 1403 1403 1411 1411 1411 1404 1404 1404 1404 1404 1404 1397 1397 1397 1390 1390 1390 1404 1404 1404 1412 1412 1412 1397 1397 1397 1404 1404 1404 1396 1396 1396 1403 1403 1403 1413 1413 1413 1410 1410 1410 1414 1414 1414 1413 1413 1413 1415 1415 1415 1416 1416 1416 1415 1415 1415 1417 1417 1417 1416 1416 1416 1415 1415 1415 1413 1413 1413 1418 1418 1418 1416 1416 1416 1419 1419 1419 1411 1411 1411 1416 1416 1416 1409 1409 1409 1413 1413 1413 1418 1418 1418 1414 1414 1414 1420 1420 1420 1418 1418 1418 1421 1421 1421 1422 1422 1422 1418 1418 1418 1423 1423 1423 1415 1415 1415 1414 1414 1414 1408 1408 1408 1424 1424 1424 1414 1414 1414 1418 1418 1418 1413 1413 1413 1420 1420 1420 1424 1424 1424 1425 1425 1425 1420 1420 1420 1425 1425 1425 1421 1421 1421 1421 1421 1421 1426 1426 1426 1422 1422 1422 1421 1421 1421 1425 1425 1425 1427 1427 1427 1421 1421 1421 1418 1418 1418 1420 1420 1420 1423 1423 1423 1418 1418 1418 1422 1422 1422 1423 1423 1423 1426 1426 1426 1428 1428 1428 1423 1423 1423 1429 1429 1429 1415 1415 1415 1430 1430 1430 1431 1431 1431 1432 1432 1432 1430 1430 1430 1433 1433 1433 1434 1434 1434 1431 1431 1431 1430 1430 1430 1435 1435 1435 1431 1431 1431 1436 1436 1436 1437 1437 1437 1432 1432 1432 1427 1427 1427 1433 1433 1433 1432 1432 1432 1428 1428 1428 1426 1426 1426 1435 1435 1435 1438 1438 1438 1436 1436 1436 1433 1433 1433 1439 1439 1439 1434 1434 1434 1433 1433 1433 1430 1430 1430 1432 1432 1432 1434 1434 1434 1439 1439 1439 1440 1440 1440 1441 1441 1441 1442 1442 1442 1443 1443 1443 1441 1441 1441 1434 1434 1434 1440 1440 1440 1441 1441 1441 1444 1444 1444 1430 1430 1430 1441 1441 1441 1430 1430 1430 1434 1434 1434 1444 1444 1444 1443 1443 1443 1445 1445 1445 1444 1444 1444 1446 1446 1446 1435 1435 1435 1444 1444 1444 1435 1435 1435 1430 1430 1430 1446 1446 1446 1447 1447 1447 1438 1438 1438 1446 1446 1446 1444 1444 1444 1445 1445 1445 1446 1446 1446 1445 1445 1445 1448 1448 1448 1449 1449 1449 1450 1450 1450 1451 1451 1451 1449 1449 1449 1452 1452 1452 1453 1453 1453 1449 1449 1449 1454 1454 1454 1452 1452 1452 1454 1454 1454 1449 1449 1449 1455 1455 1455 1454 1454 1454 1456 1456 1456 1452 1452 1452 1454 1454 1454 1457 1457 1457 1458 1458 1458 1452 1452 1452 1459 1459 1459 1460 1460 1460 1452 1452 1452 1461 1461 1461 1462 1462 1462 1455 1455 1455 1463 1463 1463 1457 1457 1457 1455 1455 1455 1451 1451 1451 1464 1464 1464 1451 1451 1451 1455 1455 1455 1449 1449 1449 1451 1451 1451 1442 1442 1442 1440 1440 1440 1451 1451 1451 1439 1439 1439 1465 1465 1465 1464 1464 1464 1465 1465 1465 1406 1406 1406 1464 1464 1464 1394 1394 1394 1463 1463 1463 1463 1463 1463 1393 1393 1393 1457 1457 1457 1463 1463 1463 1455 1455 1455 1464 1464 1464 1457 1457 1457 1454 1454 1454 1455 1455 1455 1458 1458 1458 1393 1393 1393 1392 1392 1392 1458 1458 1458 1466 1466 1466 1454 1454 1454 1462 1462 1462 1438 1438 1438 1452 1452 1452 1462 1462 1462 1437 1437 1437 1436 1436 1436 1437 1437 1437 1417 1417 1417 1429 1429 1429 1437 1437 1437 1462 1462 1462 1467 1467 1467 1437 1437 1437 1467 1467 1467 1417 1417 1417 1437 1437 1437 1428 1428 1428 1431 1431 1431 1436 1436 1436 1431 1431 1431 1435 1435 1435 1467 1467 1467 1468 1468 1468 1469 1469 1469 1467 1467 1467 1461 1461 1461 1468 1468 1468 1438 1438 1438 1462 1462 1462 1436 1436 1436 1438 1438 1438 1447 1447 1447 1470 1470 1470 1438 1438 1438 1471 1471 1471 1452 1452 1452 1438 1438 1438 1435 1435 1435 1446 1446 1446 1406 1406 1406 1395 1395 1395 1394 1394 1394 1406 1406 1406 1472 1472 1472 1407 1407 1407 1472 1472 1472 1425 1425 1425 1424 1424 1424 1472 1472 1472 1406 1406 1406 1465 1465 1465 1407 1407 1407 1424 1424 1424 1408 1408 1408 1407 1407 1407 1405 1405 1405 1395 1395 1395 1465 1465 1465 1473 1473 1473 1472 1472 1472 1465 1465 1465 1464 1464 1464 1451 1451 1451 1394 1394 1394 1389 1389 1389 1393 1393 1393 1394 1394 1394 1464 1464 1464 1406 1406 1406 1439 1439 1439 1451 1451 1451 1440 1440 1440 1439 1439 1439 1433 1433 1433 1473 1473 1473 1473 1473 1473 1465 1465 1465 1439 1439 1439 1473 1473 1473 1427 1427 1427 1425 1425 1425 1474 1474 1474 1475 1475 1475 1476 1476 1476 1474 1474 1474 1456 1456 1456 1477 1477 1477 1475 1475 1475 1478 1478 1478 1479 1479 1479 1475 1475 1475 1474 1474 1474 1480 1480 1480 1476 1476 1476 1479 1479 1479 1481 1481 1481 1476 1476 1476 1461 1461 1461 1474 1474 1474 1480 1480 1480 1477 1477 1477 1482 1482 1482 1480 1480 1480 1483 1483 1483 1484 1484 1484 1480 1480 1480 1485 1485 1485 1475 1475 1475 1477 1477 1477 1466 1466 1466 1486 1486 1486 1477 1477 1477 1480 1480 1480 1474 1474 1474 1482 1482 1482 1486 1486 1486 1487 1487 1487 1483 1483 1483 1487 1487 1487 1488 1488 1488 1483 1483 1483 1489 1489 1489 1484 1484 1484 1483 1483 1483 1480 1480 1480 1482 1482 1482 1485 1485 1485 1489 1489 1489 1478 1478 1478 1485 1485 1485 1480 1480 1480 1484 1484 1484 1411 1411 1411 1419 1419 1419 1412 1412 1412 1411 1411 1411 1412 1412 1412 1404 1404 1404 1411 1411 1411 1403 1403 1403 1409 1409 1409 1409 1409 1409 1402 1402 1402 1410 1410 1410 1409 1409 1409 1416 1416 1416 1411 1411 1411 1410 1410 1410 1413 1413 1413 1409 1409 1409 1490 1490 1490 1491 1491 1491 1492 1492 1492 1491 1491 1491 1493 1493 1493 1494 1494 1494 1491 1491 1491 1495 1495 1495 1496 1496 1496 1492 1492 1492 1491 1491 1491 1494 1494 1494 1492 1492 1492 1398 1398 1398 1397 1397 1397 1494 1494 1494 1497 1497 1497 1492 1492 1492 1494 1494 1494 1493 1493 1493 1498 1498 1498 1495 1495 1495 1491 1491 1491 1490 1490 1490 1495 1495 1495 1499 1499 1499 1496 1496 1496 1496 1496 1496 1493 1493 1493 1491 1491 1491 1493 1493 1493 1496 1496 1496 1500 1500 1500 1500 1500 1500 1499 1499 1499 1501 1501 1501 1500 1500 1500 1502 1502 1502 1493 1493 1493 1498 1498 1498 1502 1502 1502 1503 1503 1503 1425 1425 1425 1472 1472 1472 1473 1473 1473 1427 1427 1427 1432 1432 1432 1426 1426 1426 1427 1427 1427 1473 1473 1473 1433 1433 1433 1424 1424 1424 1420 1420 1420 1414 1414 1414 1424 1424 1424 1407 1407 1407 1472 1472 1472 1408 1408 1408 1402 1402 1402 1405 1405 1405 1408 1408 1408 1414 1414 1414 1410 1410 1410 1417 1417 1417 1415 1415 1415 1429 1429 1429 1417 1417 1417 1504 1504 1504 1505 1505 1505 1417 1417 1417 1467 1467 1467 1504 1504 1504 1417 1417 1417 1419 1419 1419 1416 1416 1416 1429 1429 1429 1423 1423 1423 1428 1428 1428 1428 1428 1428 1432 1432 1432 1431 1431 1431 1428 1428 1428 1437 1437 1437 1429 1429 1429 1426 1426 1426 1421 1421 1421 1427 1427 1427 1426 1426 1426 1423 1423 1423 1422 1422 1422 1393 1393 1393 1458 1458 1458 1457 1457 1457 1393 1393 1393 1463 1463 1463 1394 1394 1394 1392 1392 1392 1506 1506 1506 1507 1507 1507 1392 1392 1392 1508 1508 1508 1458 1458 1458 1392 1392 1392 1389 1389 1389 1391 1391 1391 1502 1502 1502 1509 1509 1509 1503 1503 1503 1502 1502 1502 1500 1500 1500 1501 1501 1501 1502 1502 1502 1510 1510 1510 1511 1511 1511 1502 1502 1502 1498 1498 1498 1493 1493 1493 1510 1510 1510 1502 1502 1502 1501 1501 1501 1509 1509 1509 1502 1502 1502 1511 1511 1511 1509 1509 1509 1512 1512 1512 1513 1513 1513 1512 1512 1512 1514 1514 1514 1515 1515 1515 1512 1512 1512 1509 1509 1509 1511 1511 1511 1512 1512 1512 1511 1511 1511 1516 1516 1516 1512 1512 1512 1517 1517 1517 1513 1513 1513 1514 1514 1514 1512 1512 1512 1516 1516 1516 1514 1514 1514 1516 1516 1516 1518 1518 1518 1514 1514 1514 1400 1400 1400 1515 1515 1515 1515 1515 1515 1399 1399 1399 1517 1517 1517 1516 1516 1516 1511 1511 1511 1510 1510 1510 1517 1517 1517 1512 1512 1512 1515 1515 1515 1517 1517 1517 1398 1398 1398 1497 1497 1497 1513 1513 1513 1497 1497 1497 1519 1519 1519 1497 1497 1497 1494 1494 1494 1519 1519 1519 1497 1497 1497 1513 1513 1513 1517 1517 1517 1520 1520 1520 1521 1521 1521 1522 1522 1522 1520 1520 1520 1523 1523 1523 1524 1524 1524 1520 1520 1520 1525 1525 1525 1523 1523 1523 1521 1521 1521 1520 1520 1520 1524 1524 1524 1518 1518 1518 1516 1516 1516 1499 1499 1499 1518 1518 1518 1499 1499 1499 1495 1495 1495 1499 1499 1499 1500 1500 1500 1496 1496 1496 1499 1499 1499 1516 1516 1516 1510 1510 1510 1499 1499 1499 1510 1510 1510 1501 1501 1501 1489 1489 1489 1526 1526 1526 1527 1527 1527 1489 1489 1489 1528 1528 1528 1478 1478 1478 1489 1489 1489 1527 1527 1527 1528 1528 1528 1489 1489 1489 1485 1485 1485 1484 1484 1484 1489 1489 1489 1483 1483 1483 1488 1488 1488 1528 1528 1528 1479 1479 1479 1478 1478 1478 1478 1478 1478 1475 1475 1475 1485 1485 1485 1526 1526 1526 1489 1489 1489 1488 1488 1488 1481 1481 1481 1479 1479 1479 1529 1529 1529 1479 1479 1479 1476 1476 1476 1475 1475 1475 1479 1479 1479 1528 1528 1528 1530 1530 1530 1529 1529 1529 1479 1479 1479 1530 1530 1530 1529 1529 1529 1530 1530 1530 1531 1531 1531 1531 1531 1531 1532 1532 1532 1533 1533 1533 1531 1531 1531 1530 1530 1530 1534 1534 1534 1532 1532 1532 1526 1526 1526 1487 1487 1487 1532 1532 1532 1486 1486 1486 1533 1533 1533 1532 1532 1532 1531 1531 1531 1534 1534 1534 1535 1535 1535 1536 1536 1536 1537 1537 1537 1537 1537 1537 1538 1538 1538 1539 1539 1539 1537 1537 1537 1536 1536 1536 1540 1540 1540 1538 1538 1538 1537 1537 1537 1540 1540 1540 1486 1486 1486 1482 1482 1482 1477 1477 1477 1486 1486 1486 1532 1532 1532 1487 1487 1487 1486 1486 1486 1508 1508 1508 1533 1533 1533 1487 1487 1487 1526 1526 1526 1488 1488 1488 1487 1487 1487 1483 1483 1483 1482 1482 1482 1443 1443 1443 1541 1541 1541 1445 1445 1445 1443 1443 1443 1542 1542 1542 1541 1541 1541 1443 1443 1443 1444 1444 1444 1441 1441 1441 1542 1542 1542 1443 1443 1443 1442 1442 1442 1542 1542 1542 1450 1450 1450 1543 1543 1543 1542 1542 1542 1544 1544 1544 1541 1541 1541 1541 1541 1541 1544 1544 1544 1448 1448 1448 1442 1442 1442 1451 1451 1451 1450 1450 1450 1442 1442 1442 1441 1441 1441 1440 1440 1440 1450 1450 1450 1449 1449 1449 1453 1453 1453 1450 1450 1450 1542 1542 1542 1442 1442 1442 1543 1543 1543 1545 1545 1545 1542 1542 1542 1543 1543 1543 1450 1450 1450 1453 1453 1453 1445 1445 1445 1541 1541 1541 1448 1448 1448 1448 1448 1448 1544 1544 1544 1546 1546 1546 1448 1448 1448 1447 1447 1447 1446 1446 1446 1453 1453 1453 1460 1460 1460 1543 1543 1543 1453 1453 1453 1452 1452 1452 1460 1460 1460 1460 1460 1460 1547 1547 1547 1543 1543 1543 1547 1547 1547 1460 1460 1460 1459 1459 1459 1459 1459 1459 1548 1548 1548 1547 1547 1547 1459 1459 1459 1452 1452 1452 1471 1471 1471 1471 1471 1471 1438 1438 1438 1470 1470 1470 1549 1549 1549 1470 1470 1470 1550 1550 1550 1549 1549 1549 1459 1459 1459 1471 1471 1471 1551 1551 1551 1459 1459 1459 1549 1549 1549 1548 1548 1548 1459 1459 1459 1551 1551 1551 1548 1548 1548 1552 1552 1552 1553 1553 1553 1552 1552 1552 1551 1551 1551 1549 1549 1549 1552 1552 1552 1554 1554 1554 1553 1553 1553 1552 1552 1552 1555 1555 1555 1556 1556 1556 1552 1552 1552 1548 1548 1548 1551 1551 1551 1552 1552 1552 1549 1549 1549 1550 1550 1550 1555 1555 1555 1552 1552 1552 1550 1550 1550 1555 1555 1555 1546 1546 1546 1556 1556 1556 1556 1556 1556 1546 1546 1546 1554 1554 1554 1554 1554 1554 1552 1552 1552 1556 1556 1556 1544 1544 1544 1554 1554 1554 1546 1546 1546 1544 1544 1544 1542 1542 1542 1545 1545 1545 1545 1545 1545 1543 1543 1543 1547 1547 1547 1557 1557 1557 1558 1558 1558 1559 1559 1559 1559 1559 1559 1560 1560 1560 1561 1561 1561 1559 1559 1559 1558 1558 1558 1562 1562 1562 1560 1560 1560 1559 1559 1559 1562 1562 1562 1470 1470 1470 1555 1555 1555 1550 1550 1550 1470 1470 1470 1549 1549 1549 1471 1471 1471 1447 1447 1447 1555 1555 1555 1470 1470 1470 1447 1447 1447 1448 1448 1448 1546 1546 1546 1546 1546 1546 1555 1555 1555 1447 1447 1447 1456 1456 1456 1474 1474 1474 1461 1461 1461 1456 1456 1456 1454 1454 1454 1466 1466 1466 1466 1466 1466 1477 1477 1477 1456 1456 1456 1466 1466 1466 1458 1458 1458 1508 1508 1508 1508 1508 1508 1531 1531 1531 1533 1533 1533 1508 1508 1508 1392 1392 1392 1507 1507 1507 1508 1508 1508 1486 1486 1486 1466 1466 1466 1507 1507 1507 1529 1529 1529 1531 1531 1531 1507 1507 1507 1531 1531 1531 1508 1508 1508 1506 1506 1506 1392 1392 1392 1391 1391 1391 1506 1506 1506 1529 1529 1529 1507 1507 1507 1506 1506 1506 1469 1469 1469 1563 1563 1563 1506 1506 1506 1481 1481 1481 1529 1529 1529 1469 1469 1469 1506 1506 1506 1391 1391 1391 1469 1469 1469 1468 1468 1468 1563 1563 1563 1563 1563 1563 1476 1476 1476 1481 1481 1481 1563 1563 1563 1481 1481 1481 1506 1506 1506 1468 1468 1468 1476 1476 1476 1563 1563 1563 1461 1461 1461 1452 1452 1452 1456 1456 1456 1461 1461 1461 1467 1467 1467 1462 1462 1462 1461 1461 1461 1476 1476 1476 1468 1468 1468 1419 1419 1419 1518 1518 1518 1495 1495 1495 1419 1419 1419 1417 1417 1417 1505 1505 1505 1419 1419 1419 1495 1495 1495 1412 1412 1412 1505 1505 1505 1514 1514 1514 1518 1518 1518 1505 1505 1505 1518 1518 1518 1419 1419 1419 1504 1504 1504 1514 1514 1514 1505 1505 1505 1504 1504 1504 1401 1401 1401 1400 1400 1400 1399 1399 1399 1515 1515 1515 1400 1400 1400 1399 1399 1399 1390 1390 1390 1398 1398 1398 1398 1398 1398 1492 1492 1492 1497 1497 1497 1398 1398 1398 1517 1517 1517 1399 1399 1399 1397 1397 1397 1490 1490 1490 1492 1492 1492 1401 1401 1401 1504 1504 1504 1467 1467 1467 1400 1400 1400 1391 1391 1391 1399 1399 1399 1400 1400 1400 1514 1514 1514 1504 1504 1504 1412 1412 1412 1490 1490 1490 1397 1397 1397 1412 1412 1412 1495 1495 1495 1490 1490 1490 1564 1564 1564 1565 1565 1565 1566 1566 1566 1564 1564 1564 1567 1567 1567 1568 1568 1568 1564 1564 1564 1569 1569 1569 1570 1570 1570 1564 1564 1564 1568 1568 1568 1569 1569 1569 1565 1565 1565 1564 1564 1564 1570 1570 1570 1565 1565 1565 1571 1571 1571 1572 1572 1572 1565 1565 1565 1573 1573 1573 1571 1571 1571 1566 1566 1566 1574 1574 1574 1575 1575 1575 1566 1566 1566 1576 1576 1576 1564 1564 1564 1570 1570 1570 1577 1577 1577 1573 1573 1573 1574 1574 1574 1565 1565 1565 1572 1572 1572 1574 1574 1574 1572 1572 1572 1578 1578 1578 1574 1574 1574 1566 1566 1566 1565 1565 1565 1575 1575 1575 1579 1579 1579 1580 1580 1580 1581 1581 1581 1580 1580 1580 1582 1582 1582 1581 1581 1581 1566 1566 1566 1575 1575 1575 1581 1581 1581 1583 1583 1583 1566 1566 1566 1581 1581 1581 1584 1584 1584 1583 1583 1583 1583 1583 1583 1585 1585 1585 1576 1576 1576 1576 1576 1576 1566 1566 1566 1583 1583 1583 1576 1576 1576 1586 1586 1586 1567 1567 1567 1587 1587 1587 1582 1582 1582 1580 1580 1580 1587 1587 1587 1588 1588 1588 1589 1589 1589 1588 1588 1588 1590 1590 1590 1591 1591 1591 1588 1588 1588 1587 1587 1587 1592 1592 1592 1589 1589 1589 1593 1593 1593 1594 1594 1594 1589 1589 1589 1595 1595 1595 1587 1587 1587 1592 1592 1592 1580 1580 1580 1579 1579 1579 1593 1593 1593 1589 1589 1589 1588 1588 1588 1593 1593 1593 1591 1591 1591 1596 1596 1596 1597 1597 1597 1598 1598 1598 1589 1589 1589 1597 1597 1597 1589 1589 1589 1594 1594 1594 1597 1597 1597 1599 1599 1599 1600 1600 1600 1597 1597 1597 1601 1601 1601 1599 1599 1599 1598 1598 1598 1600 1600 1600 1602 1602 1602 1595 1595 1595 1589 1589 1589 1598 1598 1598 1595 1595 1595 1602 1602 1602 1584 1584 1584 1603 1603 1603 1604 1604 1604 1605 1605 1605 1603 1603 1603 1605 1605 1605 1606 1606 1606 1603 1603 1603 1607 1607 1607 1604 1604 1604 1604 1604 1604 1596 1596 1596 1605 1605 1605 1604 1604 1604 1601 1601 1601 1596 1596 1596 1604 1604 1604 1599 1599 1599 1601 1601 1601 1605 1605 1605 1608 1608 1608 1606 1606 1606 1606 1606 1606 1609 1609 1609 1610 1610 1610 1611 1611 1611 1603 1603 1603 1606 1606 1606 1611 1611 1611 1612 1612 1612 1613 1613 1613 1611 1611 1611 1610 1610 1610 1614 1614 1614 1611 1611 1611 1606 1606 1606 1610 1610 1610 1610 1610 1610 1615 1615 1615 1614 1614 1614 1610 1610 1610 1609 1609 1609 1616 1616 1616 1613 1613 1613 1617 1617 1617 1618 1618 1618 1613 1613 1613 1603 1603 1603 1611 1611 1611 1613 1613 1613 1619 1619 1619 1603 1603 1603 1619 1619 1619 1618 1618 1618 1620 1620 1620 1607 1607 1607 1603 1603 1603 1619 1619 1619 1621 1621 1621 1622 1622 1622 1623 1623 1623 1621 1621 1621 1624 1624 1624 1625 1625 1625 1622 1622 1622 1626 1626 1626 1627 1627 1627 1622 1622 1622 1621 1621 1621 1628 1628 1628 1622 1622 1622 1629 1629 1629 1630 1630 1630 1623 1623 1623 1631 1631 1631 1621 1621 1621 1623 1623 1623 1622 1622 1622 1630 1630 1630 1623 1623 1623 1630 1630 1630 1632 1632 1632 1628 1628 1628 1633 1633 1633 1626 1626 1626 1628 1628 1628 1621 1621 1621 1625 1625 1625 1628 1628 1628 1625 1625 1625 1634 1634 1634 1628 1628 1628 1635 1635 1635 1636 1636 1636 1630 1630 1630 1629 1629 1629 1568 1568 1568 1629 1629 1629 1569 1569 1569 1568 1568 1568 1629 1629 1629 1627 1627 1627 1637 1637 1637 1638 1638 1638 1567 1567 1567 1586 1586 1586 1638 1638 1638 1623 1623 1623 1632 1632 1632 1632 1632 1632 1568 1568 1568 1567 1567 1567 1631 1631 1631 1623 1623 1623 1638 1638 1638 1631 1631 1631 1639 1639 1639 1620 1620 1620 1631 1631 1631 1618 1618 1618 1617 1617 1617 1631 1631 1631 1617 1617 1617 1624 1624 1624 1640 1640 1640 1641 1641 1641 1608 1608 1608 1640 1640 1640 1590 1590 1590 1642 1642 1642 1640 1640 1640 1596 1596 1596 1591 1591 1591 1641 1641 1641 1640 1640 1640 1642 1642 1642 1641 1641 1641 1609 1609 1609 1608 1608 1608 1608 1608 1608 1605 1605 1605 1640 1640 1640 1642 1642 1642 1590 1590 1590 1643 1643 1643 1642 1642 1642 1644 1644 1644 1633 1633 1633 1642 1642 1642 1645 1645 1645 1644 1644 1644 1609 1609 1609 1606 1606 1606 1608 1608 1608 1609 1609 1609 1641 1641 1641 1628 1628 1628 1609 1609 1609 1636 1636 1636 1646 1646 1646 1609 1609 1609 1646 1646 1646 1616 1616 1616 1586 1586 1586 1585 1585 1585 1647 1647 1647 1586 1586 1586 1639 1639 1639 1638 1638 1638 1586 1586 1586 1576 1576 1576 1585 1585 1585 1585 1585 1585 1583 1583 1583 1584 1584 1584 1585 1585 1585 1584 1584 1584 1602 1602 1602 1647 1647 1647 1639 1639 1639 1586 1586 1586 1647 1647 1647 1602 1602 1602 1600 1600 1600 1639 1639 1639 1631 1631 1631 1638 1638 1638 1639 1639 1639 1647 1647 1647 1648 1648 1648 1567 1567 1567 1638 1638 1638 1632 1632 1632 1567 1567 1567 1564 1564 1564 1576 1576 1576 1620 1620 1620 1607 1607 1607 1619 1619 1619 1620 1620 1620 1618 1618 1618 1631 1631 1631 1620 1620 1620 1648 1648 1648 1607 1607 1607 1648 1648 1648 1620 1620 1620 1639 1639 1639 1648 1648 1648 1600 1600 1600 1599 1599 1599 1618 1618 1618 1619 1619 1619 1613 1613 1613 1649 1649 1649 1626 1626 1626 1633 1633 1633 1649 1649 1649 1650 1650 1650 1651 1651 1651 1650 1650 1650 1652 1652 1652 1653 1653 1653 1650 1650 1650 1649 1649 1649 1654 1654 1654 1651 1651 1651 1653 1653 1653 1655 1655 1655 1651 1651 1651 1656 1656 1656 1649 1649 1649 1651 1651 1651 1655 1655 1655 1657 1657 1657 1654 1654 1654 1633 1633 1633 1644 1644 1644 1654 1654 1654 1658 1658 1658 1650 1650 1650 1653 1653 1653 1651 1651 1651 1650 1650 1650 1653 1653 1653 1659 1659 1659 1655 1655 1655 1660 1660 1660 1651 1651 1651 1657 1657 1657 1660 1660 1660 1661 1661 1661 1656 1656 1656 1657 1657 1657 1662 1662 1662 1660 1660 1660 1657 1657 1657 1659 1659 1659 1663 1663 1663 1656 1656 1656 1627 1627 1627 1626 1626 1626 1656 1656 1656 1651 1651 1651 1660 1660 1660 1579 1579 1579 1575 1575 1575 1574 1574 1574 1579 1579 1579 1578 1578 1578 1664 1664 1664 1580 1580 1580 1592 1592 1592 1587 1587 1587 1580 1580 1580 1581 1581 1581 1575 1575 1575 1582 1582 1582 1587 1587 1587 1595 1595 1595 1665 1665 1665 1666 1666 1666 1667 1667 1667 1666 1666 1666 1668 1668 1668 1669 1669 1669 1666 1666 1666 1669 1669 1669 1667 1667 1667 1667 1667 1667 1670 1670 1670 1665 1665 1665 1669 1669 1669 1671 1671 1671 1672 1672 1672 1672 1672 1672 1673 1673 1673 1667 1667 1667 1672 1672 1672 1667 1667 1667 1669 1669 1669 1673 1673 1673 1672 1672 1672 1674 1674 1674 1674 1674 1674 1675 1675 1675 1676 1676 1676 1674 1674 1674 1677 1677 1677 1673 1673 1673 1670 1670 1670 1667 1667 1667 1673 1673 1673 1670 1670 1670 1673 1673 1673 1677 1677 1677 1600 1600 1600 1598 1598 1598 1597 1597 1597 1600 1600 1600 1648 1648 1648 1647 1647 1647 1599 1599 1599 1607 1607 1607 1648 1648 1648 1599 1599 1599 1604 1604 1604 1607 1607 1607 1602 1602 1602 1595 1595 1595 1598 1598 1598 1602 1602 1602 1647 1647 1647 1585 1585 1585 1584 1584 1584 1582 1582 1582 1595 1595 1595 1584 1584 1584 1581 1581 1581 1582 1582 1582 1590 1590 1590 1664 1664 1664 1678 1678 1678 1590 1590 1590 1588 1588 1588 1592 1592 1592 1590 1590 1590 1640 1640 1640 1591 1591 1591 1591 1591 1591 1593 1593 1593 1588 1588 1588 1596 1596 1596 1640 1640 1640 1605 1605 1605 1601 1601 1601 1594 1594 1594 1593 1593 1593 1601 1601 1601 1597 1597 1597 1594 1594 1594 1601 1601 1601 1593 1593 1593 1596 1596 1596 1568 1568 1568 1632 1632 1632 1630 1630 1630 1569 1569 1569 1679 1679 1679 1680 1680 1680 1569 1569 1569 1637 1637 1637 1679 1679 1679 1675 1675 1675 1674 1674 1674 1672 1672 1672 1675 1675 1675 1681 1681 1681 1676 1676 1676 1675 1675 1675 1672 1672 1672 1671 1671 1671 1675 1675 1675 1671 1671 1671 1682 1682 1682 1675 1675 1675 1683 1683 1683 1684 1684 1684 1675 1675 1675 1684 1684 1684 1681 1681 1681 1683 1683 1683 1675 1675 1675 1682 1682 1682 1684 1684 1684 1685 1685 1685 1686 1686 1686 1676 1676 1676 1681 1681 1681 1677 1677 1677 1685 1685 1685 1684 1684 1684 1683 1683 1683 1685 1685 1685 1687 1687 1687 1688 1688 1688 1685 1685 1685 1689 1689 1689 1687 1687 1687 1687 1687 1687 1573 1573 1573 1577 1577 1577 1688 1688 1688 1690 1690 1690 1686 1686 1686 1688 1688 1688 1686 1686 1686 1685 1685 1685 1688 1688 1688 1577 1577 1577 1643 1643 1643 1686 1686 1686 1677 1677 1677 1681 1681 1681 1686 1686 1686 1681 1681 1681 1684 1684 1684 1691 1691 1691 1668 1668 1668 1689 1689 1689 1691 1691 1691 1685 1685 1685 1683 1683 1683 1689 1689 1689 1685 1685 1685 1691 1691 1691 1689 1689 1689 1571 1571 1571 1573 1573 1573 1668 1668 1668 1692 1692 1692 1669 1669 1669 1668 1668 1668 1691 1691 1691 1692 1692 1692 1693 1693 1693 1694 1694 1694 1695 1695 1695 1694 1694 1694 1693 1693 1693 1696 1696 1696 1696 1696 1696 1697 1697 1697 1694 1694 1694 1698 1698 1698 1694 1694 1694 1697 1697 1697 1690 1690 1690 1670 1670 1670 1677 1677 1677 1690 1690 1690 1677 1677 1677 1686 1686 1686 1677 1677 1677 1674 1674 1674 1676 1676 1676 1659 1659 1659 1699 1699 1699 1663 1663 1663 1659 1659 1659 1657 1657 1657 1655 1655 1655 1659 1659 1659 1653 1653 1653 1652 1652 1652 1659 1659 1659 1652 1652 1652 1700 1700 1700 1659 1659 1659 1700 1700 1700 1701 1701 1701 1700 1700 1700 1658 1658 1658 1702 1702 1702 1652 1652 1652 1650 1650 1650 1658 1658 1658 1699 1699 1699 1659 1659 1659 1701 1701 1701 1703 1703 1703 1704 1704 1704 1658 1658 1658 1704 1704 1704 1705 1705 1705 1702 1702 1702 1704 1704 1704 1702 1702 1702 1658 1658 1658 1658 1658 1658 1700 1700 1700 1652 1652 1652 1658 1658 1658 1654 1654 1654 1703 1703 1703 1705 1705 1705 1679 1679 1679 1637 1637 1637 1705 1705 1705 1706 1706 1706 1702 1702 1702 1705 1705 1705 1707 1707 1707 1706 1706 1706 1707 1707 1707 1662 1662 1662 1699 1699 1699 1707 1707 1707 1705 1705 1705 1708 1708 1708 1708 1708 1708 1661 1661 1661 1707 1707 1707 1709 1709 1709 1710 1710 1710 1711 1711 1711 1710 1710 1710 1712 1712 1712 1713 1713 1713 1710 1710 1710 1709 1709 1709 1712 1712 1712 1714 1714 1714 1710 1710 1710 1713 1713 1713 1661 1661 1661 1637 1637 1637 1627 1627 1627 1661 1661 1661 1660 1660 1660 1662 1662 1662 1661 1661 1661 1662 1662 1662 1707 1707 1707 1662 1662 1662 1657 1657 1657 1663 1663 1663 1662 1662 1662 1663 1663 1663 1699 1699 1699 1612 1612 1612 1715 1715 1715 1617 1617 1617 1612 1612 1612 1611 1611 1611 1614 1614 1614 1715 1715 1715 1612 1612 1612 1716 1716 1716 1715 1715 1715 1717 1717 1717 1718 1718 1718 1617 1617 1617 1715 1715 1715 1624 1624 1624 1617 1617 1617 1613 1613 1613 1612 1612 1612 1716 1716 1716 1612 1612 1612 1614 1614 1614 1624 1624 1624 1719 1719 1719 1625 1625 1625 1624 1624 1624 1621 1621 1621 1631 1631 1631 1624 1624 1624 1715 1715 1715 1719 1719 1719 1719 1719 1719 1718 1718 1718 1720 1720 1720 1614 1614 1614 1615 1615 1615 1716 1716 1716 1615 1615 1615 1721 1721 1721 1717 1717 1717 1615 1615 1615 1616 1616 1616 1721 1721 1721 1625 1625 1625 1719 1719 1719 1634 1634 1634 1634 1634 1634 1720 1720 1720 1635 1635 1635 1720 1720 1720 1634 1634 1634 1719 1719 1719 1635 1635 1635 1722 1722 1722 1723 1723 1723 1635 1635 1635 1724 1724 1724 1722 1722 1722 1635 1635 1635 1628 1628 1628 1634 1634 1634 1724 1724 1724 1725 1725 1725 1722 1722 1722 1724 1724 1724 1635 1635 1635 1720 1720 1720 1636 1636 1636 1635 1635 1635 1723 1723 1723 1636 1636 1636 1609 1609 1609 1628 1628 1628 1723 1723 1723 1646 1646 1646 1636 1636 1636 1725 1725 1725 1726 1726 1726 1727 1727 1727 1725 1725 1725 1723 1723 1723 1722 1722 1722 1725 1725 1725 1728 1728 1728 1729 1729 1729 1725 1725 1725 1729 1729 1729 1723 1723 1723 1725 1725 1725 1724 1724 1724 1730 1730 1730 1726 1726 1726 1725 1725 1725 1730 1730 1730 1728 1728 1728 1721 1721 1721 1616 1616 1616 1728 1728 1728 1725 1725 1725 1727 1727 1727 1717 1717 1717 1716 1716 1716 1615 1615 1615 1717 1717 1717 1715 1715 1715 1716 1716 1716 1717 1717 1717 1721 1721 1721 1726 1726 1726 1718 1718 1718 1719 1719 1719 1715 1715 1715 1731 1731 1731 1732 1732 1732 1733 1733 1733 1731 1731 1731 1734 1734 1734 1732 1732 1732 1734 1734 1734 1731 1731 1731 1735 1735 1735 1736 1736 1736 1731 1731 1731 1733 1733 1733 1646 1646 1646 1723 1723 1723 1729 1729 1729 1646 1646 1646 1729 1729 1729 1728 1728 1728 1616 1616 1616 1615 1615 1615 1610 1610 1610 1616 1616 1616 1646 1646 1646 1728 1728 1728 1721 1721 1721 1727 1727 1727 1726 1726 1726 1721 1721 1721 1728 1728 1728 1727 1727 1727 1626 1626 1626 1649 1649 1649 1656 1656 1656 1626 1626 1626 1622 1622 1622 1628 1628 1628 1627 1627 1627 1656 1656 1656 1661 1661 1661 1627 1627 1627 1629 1629 1629 1622 1622 1622 1637 1637 1637 1661 1661 1661 1708 1708 1708 1637 1637 1637 1569 1569 1569 1629 1629 1629 1637 1637 1637 1708 1708 1708 1705 1705 1705 1679 1679 1679 1705 1705 1705 1704 1704 1704 1680 1680 1680 1679 1679 1679 1704 1704 1704 1680 1680 1680 1570 1570 1570 1569 1569 1569 1680 1680 1680 1645 1645 1645 1570 1570 1570 1680 1680 1680 1704 1704 1704 1703 1703 1703 1645 1645 1645 1680 1680 1680 1737 1737 1737 1645 1645 1645 1737 1737 1737 1644 1644 1644 1737 1737 1737 1680 1680 1680 1703 1703 1703 1737 1737 1737 1703 1703 1703 1654 1654 1654 1644 1644 1644 1737 1737 1737 1654 1654 1654 1633 1633 1633 1628 1628 1628 1641 1641 1641 1633 1633 1633 1654 1654 1654 1649 1649 1649 1633 1633 1633 1641 1641 1641 1642 1642 1642 1664 1664 1664 1578 1578 1578 1670 1670 1670 1664 1664 1664 1592 1592 1592 1579 1579 1579 1664 1664 1664 1590 1590 1590 1592 1592 1592 1664 1664 1664 1670 1670 1670 1690 1690 1690 1678 1678 1678 1643 1643 1643 1590 1590 1590 1678 1678 1678 1690 1690 1690 1688 1688 1688 1678 1678 1678 1664 1664 1664 1690 1690 1690 1643 1643 1643 1738 1738 1738 1642 1642 1642 1643 1643 1643 1678 1678 1678 1688 1688 1688 1573 1573 1573 1565 1565 1565 1570 1570 1570 1573 1573 1573 1687 1687 1687 1689 1689 1689 1571 1571 1571 1689 1689 1689 1668 1668 1668 1571 1571 1571 1668 1668 1668 1666 1666 1666 1572 1572 1572 1666 1666 1666 1665 1665 1665 1572 1572 1572 1571 1571 1571 1666 1666 1666 1738 1738 1738 1643 1643 1643 1577 1577 1577 1577 1577 1577 1570 1570 1570 1738 1738 1738 1577 1577 1577 1688 1688 1688 1687 1687 1687 1578 1578 1578 1665 1665 1665 1670 1670 1670 1578 1578 1578 1572 1572 1572 1665 1665 1665 1578 1578 1578 1579 1579 1579 1574 1574 1574 1739 1739 1739 1740 1740 1740 1741 1741 1741 1739 1739 1739 1742 1742 1742 1743 1743 1743 1742 1742 1742 1739 1739 1739 1744 1744 1744 1742 1742 1742 1745 1745 1745 1746 1746 1746 1743 1743 1743 1747 1747 1747 1739 1739 1739 1743 1743 1743 1742 1742 1742 1748 1748 1748 1744 1744 1744 1745 1745 1745 1742 1742 1742 1744 1744 1744 1741 1741 1741 1749 1749 1749 1744 1744 1744 1749 1749 1749 1750 1750 1750 1751 1751 1751 1747 1747 1747 1752 1752 1752 1751 1751 1751 1753 1753 1753 1754 1754 1754 1751 1751 1751 1755 1755 1755 1756 1756 1756 1753 1753 1753 1751 1751 1751 1757 1757 1757 1754 1754 1754 1758 1758 1758 1759 1759 1759 1757 1757 1757 1760 1760 1760 1761 1761 1761 1757 1757 1757 1762 1762 1762 1753 1753 1753 1757 1757 1757 1751 1751 1751 1756 1756 1756 1763 1763 1763 1764 1764 1764 1765 1765 1765 1763 1763 1763 1766 1766 1766 1767 1767 1767 1763 1763 1763 1746 1746 1746 1768 1768 1768 1764 1764 1764 1763 1763 1763 1767 1767 1767 1764 1764 1764 1769 1769 1769 1760 1760 1760 1765 1765 1765 1764 1764 1764 1770 1770 1770 1765 1765 1765 1756 1756 1756 1755 1755 1755 1767 1767 1767 1769 1769 1769 1764 1764 1764 1767 1767 1767 1771 1771 1771 1772 1772 1772 1773 1773 1773 1774 1774 1774 1775 1775 1775 1773 1773 1773 1776 1776 1776 1777 1777 1777 1774 1774 1774 1778 1778 1778 1758 1758 1758 1775 1775 1775 1774 1774 1774 1762 1762 1762 1775 1775 1775 1779 1779 1779 1776 1776 1776 1762 1762 1762 1780 1780 1780 1775 1775 1775 1762 1762 1762 1758 1758 1758 1753 1753 1753 1762 1762 1762 1757 1757 1757 1761 1761 1761 1778 1778 1778 1774 1774 1774 1773 1773 1773 1778 1778 1778 1759 1759 1759 1758 1758 1758 1758 1758 1758 1762 1762 1762 1774 1774 1774 1758 1758 1758 1754 1754 1754 1753 1753 1753 1740 1740 1740 1781 1781 1781 1741 1741 1741 1740 1740 1740 1739 1739 1739 1747 1747 1747 1781 1781 1781 1740 1740 1740 1759 1759 1759 1741 1741 1741 1744 1744 1744 1739 1739 1739 1759 1759 1759 1747 1747 1747 1754 1754 1754 1759 1759 1759 1778 1778 1778 1781 1781 1781 1747 1747 1747 1751 1751 1751 1754 1754 1754 1747 1747 1747 1759 1759 1759 1740 1740 1740 1747 1747 1747 1743 1743 1743 1752 1752 1752 1761 1761 1761 1769 1769 1769 1780 1780 1780 1769 1769 1769 1761 1761 1761 1760 1760 1760 1769 1769 1769 1767 1767 1767 1772 1772 1772 1780 1780 1780 1772 1772 1772 1779 1779 1779 1780 1780 1780 1762 1762 1762 1761 1761 1761 1760 1760 1760 1757 1757 1757 1770 1770 1770 1770 1770 1770 1756 1756 1756 1765 1765 1765 1770 1770 1770 1764 1764 1764 1760 1760 1760 1752 1752 1752 1782 1782 1782 1755 1755 1755 1782 1782 1782 1752 1752 1752 1743 1743 1743 1782 1782 1782 1763 1763 1763 1765 1765 1765 1755 1755 1755 1782 1782 1782 1765 1765 1765 1755 1755 1755 1751 1751 1751 1752 1752 1752 1756 1756 1756 1770 1770 1770 1757 1757 1757 1776 1776 1776 1779 1779 1779 1783 1783 1783 1776 1776 1776 1784 1784 1784 1777 1777 1777 1776 1776 1776 1773 1773 1773 1775 1775 1775 1783 1783 1783 1785 1785 1785 1776 1776 1776 1783 1783 1783 1779 1779 1779 1771 1771 1771 1779 1779 1779 1775 1775 1775 1780 1780 1780 1779 1779 1779 1772 1772 1772 1771 1771 1771 1772 1772 1772 1780 1780 1780 1769 1769 1769 1766 1766 1766 1771 1771 1771 1767 1767 1767 1766 1766 1766 1763 1763 1763 1768 1768 1768 1746 1746 1746 1763 1763 1763 1748 1748 1748 1746 1746 1746 1748 1748 1748 1742 1742 1742 1748 1748 1748 1782 1782 1782 1743 1743 1743 1748 1748 1748 1763 1763 1763 1782 1782 1782 1745 1745 1745 1744 1744 1744 1750 1750 1750 1786 1786 1786 1787 1787 1787 1788 1788 1788 1786 1786 1786 1789 1789 1789 1790 1790 1790 1786 1786 1786 1791 1791 1791 1787 1787 1787 1789 1789 1789 1792 1792 1792 1790 1790 1790 1789 1789 1789 1793 1793 1793 1794 1794 1794 1790 1790 1790 1791 1791 1791 1786 1786 1786 1790 1790 1790 1795 1795 1795 1796 1796 1796 1791 1791 1791 1796 1796 1796 1797 1797 1797 1791 1791 1791 1798 1798 1798 1787 1787 1787 1791 1791 1791 1797 1797 1797 1798 1798 1798 1799 1799 1799 1800 1800 1800 1801 1801 1801 1799 1799 1799 1802 1802 1802 1803 1803 1803 1799 1799 1799 1801 1801 1801 1802 1802 1802 1800 1800 1800 1804 1804 1804 1801 1801 1801 1800 1800 1800 1799 1799 1799 1793 1793 1793 1802 1802 1802 1805 1805 1805 1806 1806 1806 1802 1802 1802 1807 1807 1807 1805 1805 1805 1808 1808 1808 1809 1809 1809 1810 1810 1810 1808 1808 1808 1811 1811 1811 1803 1803 1803 1808 1808 1808 1810 1810 1810 1812 1812 1812 1810 1810 1810 1806 1806 1806 1813 1813 1813 1812 1812 1812 1814 1814 1814 1815 1815 1815 1812 1812 1812 1810 1810 1810 1816 1816 1816 1816 1816 1816 1813 1813 1813 1817 1817 1817 1816 1816 1816 1817 1817 1817 1818 1818 1818 1819 1819 1819 1820 1820 1820 1821 1821 1821 1820 1820 1820 1822 1822 1822 1821 1821 1821 1821 1821 1821 1823 1823 1823 1807 1807 1807 1821 1821 1821 1824 1824 1824 1823 1823 1823 1821 1821 1821 1807 1807 1807 1819 1819 1819 1807 1807 1807 1804 1804 1804 1819 1819 1819 1807 1807 1807 1802 1802 1802 1801 1801 1801 1804 1804 1804 1807 1807 1807 1801 1801 1801 1804 1804 1804 1825 1825 1825 1819 1819 1819 1825 1825 1825 1820 1820 1820 1819 1819 1819 1788 1788 1788 1826 1826 1826 1827 1827 1827 1788 1788 1788 1787 1787 1787 1826 1826 1826 1826 1826 1826 1825 1825 1825 1827 1827 1827 1827 1827 1827 1793 1793 1793 1788 1788 1788 1827 1827 1827 1804 1804 1804 1800 1800 1800 1827 1827 1827 1825 1825 1825 1804 1804 1804 1793 1793 1793 1786 1786 1786 1788 1788 1788 1793 1793 1793 1827 1827 1827 1800 1800 1800 1793 1793 1793 1789 1789 1789 1786 1786 1786 1813 1813 1813 1816 1816 1816 1810 1810 1810 1813 1813 1813 1805 1805 1805 1823 1823 1823 1805 1805 1805 1807 1807 1807 1823 1823 1823 1805 1805 1805 1813 1813 1813 1806 1806 1806 1823 1823 1823 1817 1817 1817 1813 1813 1813 1809 1809 1809 1802 1802 1802 1806 1806 1806 1809 1809 1809 1806 1806 1806 1810 1810 1810 1828 1828 1828 1808 1808 1808 1812 1812 1812 1828 1828 1828 1792 1792 1792 1789 1789 1789 1828 1828 1828 1794 1794 1794 1811 1811 1811 1794 1794 1794 1828 1828 1828 1789 1789 1789 1794 1794 1794 1793 1793 1793 1799 1799 1799 1811 1811 1811 1808 1808 1808 1828 1828 1828 1811 1811 1811 1794 1794 1794 1799 1799 1799 1811 1811 1811 1799 1799 1799 1803 1803 1803 1803 1803 1803 1802 1802 1802 1809 1809 1809 1803 1803 1803 1809 1809 1809 1808 1808 1808 1822 1822 1822 1829 1829 1829 1824 1824 1824 1822 1822 1822 1830 1830 1830 1831 1831 1831 1822 1822 1822 1820 1820 1820 1830 1830 1830 1818 1818 1818 1824 1824 1824 1829 1829 1829 1824 1824 1824 1818 1818 1818 1817 1817 1817 1824 1824 1824 1821 1821 1821 1822 1822 1822 1817 1817 1817 1823 1823 1823 1824 1824 1824 1814 1814 1814 1816 1816 1816 1818 1818 1818 1814 1814 1814 1812 1812 1812 1816 1816 1816 1792 1792 1792 1828 1828 1828 1812 1812 1812 1792 1792 1792 1795 1795 1795 1790 1790 1790 1795 1795 1795 1792 1792 1792 1812 1812 1812 1795 1795 1795 1812 1812 1812 1815 1815 1815 1796 1796 1796 1791 1791 1791 1790 1790 1790 1832 1832 1832 1829 1829 1829 1822 1822 1822 124 124 124 122 122 122 130 130 130 124 124 124 1833 1833 1833 1834 1834 1834 124 124 124 1834 1834 1834 125 125 125 125 125 125 123 123 123 122 122 122 125 125 125 1835 1835 1835 127 127 127 15 15 15 1836 1836 1836 574 574 574 574 574 574 1837 1837 1837 573 573 573 574 574 574 358 358 358 13 13 13 573 573 573 1838 1838 1838 572 572 572 573 573 573 363 363 363 358 358 358 572 572 572 366 366 366 363 363 363 572 572 572 367 367 367 366 366 366 572 572 572 1839 1839 1839 571 571 571 570 570 570 571 571 571 1839 1839 1839 570 570 570 377 377 377 388 388 388 570 570 570 388 388 388 367 367 367 559 559 559 378 378 378 377 377 377 33 33 33 481 481 481 40 40 40 33 33 33 30 30 30 549 549 549 550 550 550 484 484 484 481 481 481 550 550 550 549 549 549 553 553 553 556 556 556 488 488 488 484 484 484 556 556 556 553 553 553 543 543 543 539 539 539 543 543 543 540 540 540 539 539 539 540 540 540 537 537 537 535 535 535 489 489 489 488 488 488 535 535 535 537 537 537 533 533 533 532 532 532 533 533 533 529 529 529 532 532 532 507 507 507 489 489 489 531 531 531 10 10 10 507 507 507 531 531 531 529 529 529 4 4 4 316 316 316 228 228 228 29 29 29 316 316 316 19 19 19 314 314 314 315 315 315 233 233 233 228 228 228 315 315 315 314 314 314 318 318 318 322 322 322 236 236 236 233 233 233 322 322 322 318 318 318 323 323 323 303 303 303 306 306 306 300 300 300 303 303 303 323 323 323 306 306 306 299 299 299 300 300 300 297 297 297 299 299 299 237 237 237 236 236 236 295 295 295 297 297 297 293 293 293 295 295 295 261 261 261 237 237 237 38 38 38 293 293 293 32 32 32 38 38 38 36 36 36 261 261 261 188 188 188 186 186 186 185 185 185 188 188 188 1840 1840 1840 189 189 189 189 189 189 190 190 190 186 186 186 189 189 189 1841 1841 1841 193 193 193 193 193 193 1842 1842 1842 159 159 159 193 193 193 158 158 158 190 190 190 159 159 159 151 151 151 158 158 158 159 159 159 1843 1843 1843 152 152 152 159 159 159 1842 1842 1842 1843 1843 1843 152 152 152 1844 1844 1844 143 143 143 152 152 152 146 146 146 151 151 151 152 152 152 1843 1843 1843 1844 1844 1844 143 143 143 130 130 130 146 146 146 143 143 143 1844 1844 1844 1833 1833 1833 143 143 143 1833 1833 1833 124 124 124 127 127 127 1835 1835 1835 1845 1845 1845 128 128 128 1845 1845 1845 1846 1846 1846 128 128 128 123 123 123 127 127 127 128 128 128 127 127 127 1845 1845 1845 128 128 128 424 424 424 423 423 423 128 128 128 1846 1846 1846 427 427 427 427 427 427 1846 1846 1846 1847 1847 1847 427 427 427 1847 1847 1847 428 428 428 6 6 6 5 5 5 444 444 444 6 6 6 1848 1848 1848 0 0 0 446 446 446 444 444 444 448 448 448 446 446 446 1848 1848 1848 6 6 6 454 454 454 1849 1849 1849 446 446 446 454 454 454 448 448 448 455 455 455 438 438 438 1850 1850 1850 454 454 454 438 438 438 455 455 455 436 436 436 433 433 433 436 436 436 430 430 430 433 433 433 1851 1851 1851 438 438 438 429 429 429 430 430 430 425 425 425 429 429 429 1852 1852 1852 433 433 433 428 428 428 1853 1853 1853 429 429 429 428 428 428 1847 1847 1847 1854 1854 1854 428 428 428 425 425 425 424 424 424 25 25 25 18 18 18 569 569 569 25 25 25 1840 1840 1840 16 16 16 1840 1840 1840 188 188 188 16 16 16 1840 1840 1840 25 25 25 1841 1841 1841 1848 1848 1848 1855 1855 1855 0 0 0 1848 1848 1848 446 446 446 1849 1849 1849 1855 1855 1855 11 11 11 0 0 0 1855 1855 1855 1849 1849 1849 14 14 14 1845 1845 1845 1856 1856 1856 1857 1857 1857 1846 1846 1846 1845 1845 1845 1857 1857 1857 1846 1846 1846 1857 1857 1857 1858 1858 1858 1846 1846 1846 1858 1858 1858 1847 1847 1847 1857 1857 1857 560 560 560 558 558 558 1858 1858 1858 558 558 558 557 557 557 1858 1858 1858 1857 1857 1857 558 558 558 14 14 14 11 11 11 1855 1855 1855 14 14 14 1850 1850 1850 1836 1836 1836 1849 1849 1849 454 454 454 1850 1850 1850 1849 1849 1849 1855 1855 1855 1848 1848 1848 1836 1836 1836 1851 1851 1851 1837 1837 1837 1836 1836 1836 15 15 15 14 14 14 1850 1850 1850 14 14 14 1849 1849 1849 1850 1850 1850 438 438 438 1851 1851 1851 1837 1837 1837 574 574 574 1836 1836 1836 1837 1837 1837 1852 1852 1852 1838 1838 1838 1851 1851 1851 1836 1836 1836 1850 1850 1850 1851 1851 1851 433 433 433 1852 1852 1852 1838 1838 1838 573 573 573 1837 1837 1837 1838 1838 1838 1853 1853 1853 1839 1839 1839 1852 1852 1852 1837 1837 1837 1851 1851 1851 1852 1852 1852 429 429 429 1853 1853 1853 1839 1839 1839 572 572 572 1838 1838 1838 1839 1839 1839 1854 1854 1854 1859 1859 1859 1853 1853 1853 1838 1838 1838 1852 1852 1852 1853 1853 1853 428 428 428 1854 1854 1854 1859 1859 1859 570 570 570 1839 1839 1839 1859 1859 1859 1860 1860 1860 559 559 559 1859 1859 1859 559 559 559 570 570 570 1854 1854 1854 1839 1839 1839 1853 1853 1853 1854 1854 1854 1860 1860 1860 1859 1859 1859 1860 1860 1860 1858 1858 1858 557 557 557 1860 1860 1860 557 557 557 559 559 559 1847 1847 1847 1858 1858 1858 1860 1860 1860 1847 1847 1847 1860 1860 1860 1854 1854 1854 1841 1841 1841 189 189 189 1840 1840 1840 1841 1841 1841 569 569 569 1842 1842 1842 569 569 569 1841 1841 1841 25 25 25 569 569 569 22 22 22 568 568 568 1842 1842 1842 193 193 193 1841 1841 1841 1842 1842 1842 568 568 568 1843 1843 1843 568 568 568 1842 1842 1842 569 569 569 568 568 568 567 567 567 1861 1861 1861 1843 1843 1843 568 568 568 1861 1861 1861 1843 1843 1843 1861 1861 1861 1844 1844 1844 1861 1861 1861 567 567 567 566 566 566 1861 1861 1861 566 566 566 565 565 565 1844 1844 1844 565 565 565 1833 1833 1833 1844 1844 1844 1861 1861 1861 565 565 565 565 565 565 563 563 563 562 562 562 565 565 565 566 566 566 564 564 564 1833 1833 1833 565 565 565 562 562 562 1833 1833 1833 1862 1862 1862 1834 1834 1834 562 562 562 561 561 561 1862 1862 1862 1834 1834 1834 1862 1862 1862 1835 1835 1835 1862 1862 1862 561 561 561 1856 1856 1856 1862 1862 1862 1833 1833 1833 562 562 562 1835 1835 1835 1856 1856 1856 1845 1845 1845 1835 1835 1835 125 125 125 1834 1834 1834 1856 1856 1856 561 561 561 560 560 560 1856 1856 1856 560 560 560 1857 1857 1857 1856 1856 1856 1835 1835 1835 1862 1862 1862 1863 1863 1863 1864 1864 1864 1865 1865 1865 1863 1863 1863 1866 1866 1866 1867 1867 1867 1864 1864 1864 1868 1868 1868 1869 1869 1869 1864 1864 1864 1867 1867 1867 1870 1870 1870 1864 1864 1864 1871 1871 1871 1872 1872 1872 1864 1864 1864 1870 1870 1870 1873 1873 1873 1864 1864 1864 1863 1863 1863 1867 1867 1867 1865 1865 1865 1872 1872 1872 1874 1874 1874 1867 1867 1867 1875 1875 1875 1870 1870 1870 1866 1866 1866 1863 1863 1863 1876 1876 1876 1866 1866 1866 1877 1877 1877 1878 1878 1878 1866 1866 1866 1879 1879 1879 1867 1867 1867 1872 1872 1872 1865 1865 1865 1864 1864 1864 1872 1872 1872 1880 1880 1880 1874 1874 1874 1872 1872 1872 1871 1871 1871 1881 1881 1881 1870 1870 1870 1882 1882 1882 1873 1873 1873 1873 1873 1873 1883 1883 1883 1864 1864 1864 1871 1871 1871 1868 1868 1868 1881 1881 1881 1871 1871 1871 1869 1869 1869 1868 1868 1868 1871 1871 1871 1864 1864 1864 1869 1869 1869 1884 1884 1884 1885 1885 1885 1886 1886 1886 1884 1884 1884 1887 1887 1887 1888 1888 1888 1887 1887 1887 1889 1889 1889 1890 1890 1890 1887 1887 1887 1884 1884 1884 1891 1891 1891 1887 1887 1887 1890 1890 1890 1892 1892 1892 1888 1888 1888 1893 1893 1893 1894 1894 1894 1888 1888 1888 1894 1894 1894 1895 1895 1895 1888 1888 1888 1887 1887 1887 1893 1893 1893 1891 1891 1891 1896 1896 1896 1887 1887 1887 1885 1885 1885 1884 1884 1884 1888 1888 1888 1885 1885 1885 1895 1895 1895 1897 1897 1897 1885 1885 1885 1888 1888 1888 1895 1895 1895 1886 1886 1886 1897 1897 1897 1898 1898 1898 1896 1896 1896 1899 1899 1899 1900 1900 1900 1896 1896 1896 1891 1891 1891 1901 1901 1901 1896 1896 1896 1902 1902 1902 1889 1889 1889 1896 1896 1896 1901 1901 1901 1899 1899 1899 1893 1893 1893 1903 1903 1903 1904 1904 1904 1893 1893 1893 1904 1904 1904 1894 1894 1894 1893 1893 1893 1887 1887 1887 1903 1903 1903 1903 1903 1903 1905 1905 1905 1904 1904 1904 1889 1889 1889 1892 1892 1892 1890 1890 1890 1889 1889 1889 1887 1887 1887 1896 1896 1896 1883 1883 1883 1881 1881 1881 1868 1868 1868 1883 1883 1883 1873 1873 1873 1882 1882 1882 1883 1883 1883 1906 1906 1906 1907 1907 1907 1883 1883 1883 1875 1875 1875 1879 1879 1879 1906 1906 1906 1878 1878 1878 1877 1877 1877 1906 1906 1906 1883 1883 1883 1879 1879 1879 1907 1907 1907 1908 1908 1908 1883 1883 1883 1879 1879 1879 1866 1866 1866 1878 1878 1878 1878 1878 1878 1906 1906 1906 1879 1879 1879 1877 1877 1877 1866 1866 1866 1876 1876 1876 1908 1908 1908 1907 1907 1907 1880 1880 1880 1880 1880 1880 1872 1872 1872 1908 1908 1908 1875 1875 1875 1883 1883 1883 1882 1882 1882 1875 1875 1875 1867 1867 1867 1879 1879 1879 1882 1882 1882 1870 1870 1870 1875 1875 1875 1881 1881 1881 1908 1908 1908 1872 1872 1872 1881 1881 1881 1883 1883 1883 1908 1908 1908 1868 1868 1868 1864 1864 1864 1883 1883 1883 1905 1905 1905 1894 1894 1894 1904 1904 1904 1905 1905 1905 1903 1903 1903 1887 1887 1887 1905 1905 1905 1909 1909 1909 1895 1895 1895 1905 1905 1905 1895 1895 1895 1894 1894 1894 1905 1905 1905 1902 1902 1902 1900 1900 1900 1909 1909 1909 1905 1905 1905 1910 1910 1910 1909 1909 1909 1897 1897 1897 1895 1895 1895 1910 1910 1910 1900 1900 1900 1899 1899 1899 1897 1897 1897 1909 1909 1909 1898 1898 1898 1897 1897 1897 1886 1886 1886 1885 1885 1885 1900 1900 1900 1910 1910 1910 1905 1905 1905 1902 1902 1902 1905 1905 1905 1892 1892 1892 1902 1902 1902 1896 1896 1896 1900 1900 1900 1892 1892 1892 1889 1889 1889 1902 1902 1902 1892 1892 1892 1905 1905 1905 1887 1887 1887 1911 1911 1911 1912 1912 1912 1913 1913 1913 1912 1912 1912 1911 1911 1911 1914 1914 1914 1912 1912 1912 1915 1915 1915 1916 1916 1916 1913 1913 1913 1917 1917 1917 1911 1911 1911 1913 1913 1913 1912 1912 1912 1916 1916 1916 1913 1913 1913 1916 1916 1916 1918 1918 1918 1914 1914 1914 1919 1919 1919 1912 1912 1912 1920 1920 1920 1921 1921 1921 1922 1922 1922 1920 1920 1920 1922 1922 1922 1923 1923 1923 1921 1921 1921 1924 1924 1924 1925 1925 1925 1922 1922 1922 1926 1926 1926 1927 1927 1927 1922 1922 1922 1925 1925 1925 1928 1928 1928 1923 1923 1923 1929 1929 1929 1920 1920 1920 1923 1923 1923 1930 1930 1930 1931 1931 1931 1923 1923 1923 1922 1922 1922 1927 1927 1927 1932 1932 1932 1933 1933 1933 1934 1934 1934 1932 1932 1932 1935 1935 1935 1936 1936 1936 1933 1933 1933 1932 1932 1932 1937 1937 1937 1933 1933 1933 1938 1938 1938 1939 1939 1939 1934 1934 1934 1940 1940 1940 1932 1932 1932 1934 1934 1934 1941 1941 1941 1942 1942 1942 1937 1937 1937 1938 1938 1938 1933 1933 1933 1937 1937 1937 1932 1932 1932 1936 1936 1936 1943 1943 1943 1944 1944 1944 1945 1945 1945 1943 1943 1943 1946 1946 1946 1947 1947 1947 1944 1944 1944 1943 1943 1943 1947 1947 1947 1944 1944 1944 1948 1948 1948 1949 1949 1949 1944 1944 1944 1947 1947 1947 1948 1948 1948 1945 1945 1945 1944 1944 1944 1950 1950 1950 1947 1947 1947 1946 1946 1946 1951 1951 1951 1947 1947 1947 1951 1951 1951 1948 1948 1948 1952 1952 1952 1953 1953 1953 1939 1939 1939 1952 1952 1952 1954 1954 1954 1955 1955 1955 1954 1954 1954 1952 1952 1952 1956 1956 1956 1954 1954 1954 1957 1957 1957 1958 1958 1958 1955 1955 1955 1953 1953 1953 1952 1952 1952 1955 1955 1955 1958 1958 1958 1959 1959 1959 1956 1956 1956 1960 1960 1960 1954 1954 1954 1956 1956 1956 1939 1939 1939 1938 1938 1938 1953 1953 1953 1961 1961 1961 1962 1962 1962 1953 1953 1953 1955 1955 1955 1963 1963 1963 1963 1963 1963 1959 1959 1959 1964 1964 1964 1961 1961 1961 1953 1953 1953 1963 1963 1963 1962 1962 1962 1939 1939 1939 1953 1953 1953 1962 1962 1962 1965 1965 1965 1966 1966 1966 1962 1962 1962 1942 1942 1942 1941 1941 1941 1941 1941 1941 1934 1934 1934 1933 1933 1933 1941 1941 1941 1939 1939 1939 1962 1962 1962 1941 1941 1941 1933 1933 1933 1939 1939 1939 1939 1939 1939 1956 1956 1956 1952 1952 1952 1938 1938 1938 1937 1937 1937 1967 1967 1967 1938 1938 1938 1968 1968 1968 1956 1956 1956 1969 1969 1969 1926 1926 1926 1970 1970 1970 1969 1969 1969 1965 1965 1965 1971 1971 1971 1969 1969 1969 1927 1927 1927 1926 1926 1926 1965 1965 1965 1972 1972 1972 1971 1971 1971 1965 1965 1965 1962 1962 1962 1961 1961 1961 1965 1965 1965 1969 1969 1969 1966 1966 1966 1971 1971 1971 1972 1972 1972 1930 1930 1930 1966 1966 1966 1970 1970 1970 1942 1942 1942 1927 1927 1927 1930 1930 1930 1923 1923 1923 1927 1927 1927 1969 1969 1969 1971 1971 1971 1928 1928 1928 1926 1926 1926 1922 1922 1922 1928 1928 1928 1970 1970 1970 1926 1926 1926 1928 1928 1928 1940 1940 1940 1973 1973 1973 1973 1973 1973 1970 1970 1970 1928 1928 1928 1973 1973 1973 1942 1942 1942 1970 1970 1970 1970 1970 1970 1966 1966 1966 1969 1969 1969 1942 1942 1942 1962 1962 1962 1966 1966 1966 1942 1942 1942 1973 1973 1973 1934 1934 1934 1974 1974 1974 1960 1960 1960 1968 1968 1968 1974 1974 1974 1975 1975 1975 1976 1976 1976 1960 1960 1960 1977 1977 1977 1957 1957 1957 1960 1960 1960 1956 1956 1956 1968 1968 1968 1960 1960 1960 1974 1974 1974 1978 1978 1978 1968 1968 1968 1975 1975 1975 1974 1974 1974 1968 1968 1968 1938 1938 1938 1967 1967 1967 1978 1978 1978 1976 1976 1976 1949 1949 1949 1978 1978 1978 1948 1948 1948 1977 1977 1977 1967 1967 1967 1979 1979 1979 1975 1975 1975 1967 1967 1967 1975 1975 1975 1968 1968 1968 1975 1975 1975 1950 1950 1950 1976 1976 1976 1979 1979 1979 1936 1936 1936 1980 1980 1980 1979 1979 1979 1967 1967 1967 1937 1937 1937 1950 1950 1950 1980 1980 1980 1945 1945 1945 1950 1950 1950 1975 1975 1975 1979 1979 1979 1950 1950 1950 1944 1944 1944 1976 1976 1976 1976 1976 1976 1978 1978 1978 1974 1974 1974 1949 1949 1949 1976 1976 1976 1944 1944 1944 1924 1924 1924 1921 1921 1921 1981 1981 1981 1924 1924 1924 1982 1982 1982 1935 1935 1935 1981 1981 1981 1982 1982 1982 1924 1924 1924 1925 1925 1925 1922 1922 1922 1921 1921 1921 1925 1925 1925 1935 1935 1935 1940 1940 1940 1982 1982 1982 1981 1981 1981 1983 1983 1983 1983 1983 1983 1980 1980 1980 1982 1982 1982 1983 1983 1983 1943 1943 1943 1945 1945 1945 1983 1983 1983 1984 1984 1984 1943 1943 1943 1980 1980 1980 1950 1950 1950 1979 1979 1979 1980 1980 1980 1983 1983 1983 1945 1945 1945 1980 1980 1980 1936 1936 1936 1935 1935 1935 1935 1935 1935 1925 1925 1925 1924 1924 1924 1935 1935 1935 1932 1932 1932 1940 1940 1940 1935 1935 1935 1982 1982 1982 1980 1980 1980 1936 1936 1936 1979 1979 1979 1937 1937 1937 1940 1940 1940 1928 1928 1928 1925 1925 1925 1940 1940 1940 1934 1934 1934 1973 1973 1973 1985 1985 1985 1915 1915 1915 1986 1986 1986 1985 1985 1985 1959 1959 1959 1958 1958 1958 1985 1985 1985 1987 1987 1987 1915 1915 1915 1985 1985 1985 1958 1958 1958 1987 1987 1987 1959 1959 1959 1986 1986 1986 1964 1964 1964 1959 1959 1959 1963 1963 1963 1955 1955 1955 1958 1958 1958 1955 1955 1955 1954 1954 1954 1958 1958 1958 1957 1957 1957 1988 1988 1988 1987 1987 1987 1988 1988 1988 1918 1918 1918 1987 1987 1987 1916 1916 1916 1915 1915 1915 1915 1915 1915 1912 1912 1912 1919 1919 1919 1915 1915 1915 1989 1989 1989 1986 1986 1986 1919 1919 1919 1914 1914 1914 1990 1990 1990 1989 1989 1989 1990 1990 1990 1991 1991 1991 1989 1989 1989 1915 1915 1915 1919 1919 1919 1989 1989 1989 1991 1991 1991 1992 1992 1992 1989 1989 1989 1993 1993 1993 1986 1986 1986 1986 1986 1986 1959 1959 1959 1985 1985 1985 1993 1993 1993 1964 1964 1964 1986 1986 1986 1993 1993 1993 1963 1963 1963 1964 1964 1964 1993 1993 1993 1961 1961 1961 1963 1963 1963 1994 1994 1994 1923 1923 1923 1931 1931 1931 1994 1994 1994 1995 1995 1995 1996 1996 1996 1931 1931 1931 1997 1997 1997 1995 1995 1995 1931 1931 1931 1930 1930 1930 1997 1997 1997 1930 1930 1930 1927 1927 1927 1971 1971 1971 1972 1972 1972 1965 1965 1965 1992 1992 1992 1972 1972 1972 1997 1997 1997 1930 1930 1930 1997 1997 1997 1992 1992 1992 1991 1991 1991 1997 1997 1997 1972 1972 1972 1992 1992 1992 1992 1992 1992 1993 1993 1993 1989 1989 1989 1991 1991 1991 1990 1990 1990 1995 1995 1995 1995 1995 1995 1997 1997 1997 1991 1991 1991 1995 1995 1995 1994 1994 1994 1931 1931 1931 1990 1990 1990 1996 1996 1996 1995 1995 1995 1990 1990 1990 1989 1989 1989 1919 1919 1919 1996 1996 1996 1998 1998 1998 1929 1929 1929 1996 1996 1996 1990 1990 1990 1914 1914 1914 1988 1988 1988 1987 1987 1987 1958 1958 1958 1988 1988 1988 1957 1957 1957 1999 1999 1999 1988 1988 1988 2000 2000 2000 1918 1918 1918 1957 1957 1957 1977 1977 1977 1999 1999 1999 1957 1957 1957 1954 1954 1954 1960 1960 1960 1999 1999 1999 1951 1951 1951 2000 2000 2000 1999 1999 1999 1977 1977 1977 1951 1951 1951 1977 1977 1977 1960 1960 1960 1978 1978 1978 1948 1948 1948 1978 1978 1978 1949 1949 1949 1948 1948 1948 1951 1951 1951 1977 1977 1977 1946 1946 1946 1943 1943 1943 2001 2001 2001 1946 1946 1946 2000 2000 2000 1951 1951 1951 2002 2002 2002 2001 2001 2001 1917 1917 1917 2002 2002 2002 1918 1918 1918 2000 2000 2000 2002 2002 2002 2000 2000 2000 1946 1946 1946 2000 2000 2000 1988 1988 1988 1999 1999 1999 1918 1918 1918 2002 2002 2002 1913 1913 1913 1918 1918 1918 1916 1916 1916 1987 1987 1987 2003 2003 2003 1929 1929 1929 2004 2004 2004 2003 2003 2003 2005 2005 2005 1920 1920 1920 2003 2003 2003 1920 1920 1920 1929 1929 1929 2003 2003 2003 2004 2004 2004 2006 2006 2006 2005 2005 2005 1921 1921 1921 1920 1920 1920 2005 2005 2005 1981 1981 1981 1921 1921 1921 2005 2005 2005 2006 2006 2006 1984 1984 1984 1929 1929 1929 1994 1994 1994 1996 1996 1996 1929 1929 1929 1923 1923 1923 1994 1994 1994 1929 1929 1929 1998 1998 1998 2004 2004 2004 2004 2004 2004 1998 1998 1998 1911 1911 1911 2004 2004 2004 1911 1911 1911 1917 1917 1917 2004 2004 2004 2001 2001 2001 2006 2006 2006 1998 1998 1998 1996 1996 1996 1914 1914 1914 1998 1998 1998 1914 1914 1914 1911 1911 1911 1917 1917 1917 1913 1913 1913 2002 2002 2002 2001 2001 2001 1984 1984 1984 2006 2006 2006 2001 2001 2001 2004 2004 2004 1917 1917 1917 2001 2001 2001 2002 2002 2002 1946 1946 1946 2006 2006 2006 2005 2005 2005 2003 2003 2003 1984 1984 1984 2001 2001 2001 1943 1943 1943 1984 1984 1984 1983 1983 1983 1981 1981 1981 1984 1984 1984 1981 1981 1981 2005 2005 2005 2007 2007 2007 2008 2008 2008 2009 2009 2009 2007 2007 2007 2010 2010 2010 2011 2011 2011 2007 2007 2007 2012 2012 2012 2013 2013 2013 2012 2012 2012 2014 2014 2014 2015 2015 2015 2012 2012 2012 2016 2016 2016 2017 2017 2017 2012 2012 2012 2017 2017 2017 2014 2014 2014 2012 2012 2012 2007 2007 2007 2016 2016 2016 2013 2013 2013 2018 2018 2018 2019 2019 2019 2013 2013 2013 2012 2012 2012 2020 2020 2020 2016 2016 2016 2011 2011 2011 2021 2021 2021 2016 2016 2016 2022 2022 2022 2017 2017 2017 2023 2023 2023 2024 2024 2024 2025 2025 2025 2023 2023 2023 2019 2019 2019 2018 2018 2018 2024 2024 2024 2023 2023 2023 2026 2026 2026 2024 2024 2024 2026 2026 2026 2027 2027 2027 2024 2024 2024 2027 2027 2027 2028 2028 2028 2025 2025 2025 2029 2029 2029 2023 2023 2023 2026 2026 2026 2023 2023 2023 2018 2018 2018 2026 2026 2026 2015 2015 2015 2027 2027 2027 2030 2030 2030 2031 2031 2031 2032 2032 2032 2030 2030 2030 2032 2032 2032 2033 2033 2033 2030 2030 2030 2033 2033 2033 2029 2029 2029 2031 2031 2031 2034 2034 2034 2032 2032 2032 2032 2032 2032 2010 2010 2010 2009 2009 2009 2033 2033 2033 2009 2009 2009 2008 2008 2008 2033 2033 2033 2032 2032 2032 2009 2009 2009 2033 2033 2033 2008 2008 2008 2019 2019 2019 2035 2035 2035 2036 2036 2036 2037 2037 2037 2036 2036 2036 2035 2035 2035 2038 2038 2038 2036 2036 2036 2039 2039 2039 2022 2022 2022 2037 2037 2037 2011 2011 2011 2010 2010 2010 2037 2037 2037 2021 2021 2021 2011 2011 2011 2038 2038 2038 2039 2039 2039 2036 2036 2036 2022 2022 2022 2040 2040 2040 2017 2017 2017 2040 2040 2040 2022 2022 2022 2039 2039 2039 2017 2017 2017 2041 2041 2041 2014 2014 2014 2039 2039 2039 2042 2042 2042 2040 2040 2040 2039 2039 2039 2038 2038 2038 2043 2043 2043 2021 2021 2021 2036 2036 2036 2022 2022 2022 2021 2021 2021 2022 2022 2022 2016 2016 2016 2021 2021 2021 2037 2037 2037 2036 2036 2036 2010 2010 2010 2034 2034 2034 2037 2037 2037 2010 2010 2010 2007 2007 2007 2009 2009 2009 2011 2011 2011 2016 2016 2016 2007 2007 2007 2034 2034 2034 2031 2031 2031 2044 2044 2044 2034 2034 2034 2010 2010 2010 2032 2032 2032 2034 2034 2034 2035 2035 2035 2037 2037 2037 2034 2034 2034 2044 2044 2044 2035 2035 2035 2015 2015 2015 2014 2014 2014 2041 2041 2041 2041 2041 2041 2040 2040 2040 2042 2042 2042 2041 2041 2041 2027 2027 2027 2015 2015 2015 2041 2041 2041 2042 2042 2042 2045 2045 2045 2041 2041 2041 2017 2017 2017 2040 2040 2040 2027 2027 2027 2045 2045 2045 2028 2028 2028 2020 2020 2020 2012 2012 2012 2015 2015 2015 2020 2020 2020 2018 2018 2018 2013 2013 2013 2020 2020 2020 2015 2015 2015 2026 2026 2026 2029 2029 2029 2025 2025 2025 2046 2046 2046 2029 2029 2029 2033 2033 2033 2019 2019 2019 2029 2029 2029 2046 2046 2046 2030 2030 2030 2019 2019 2019 2008 2008 2008 2013 2013 2013 2019 2019 2019 2023 2023 2023 2029 2029 2029 2008 2008 2008 2007 2007 2007 2013 2013 2013 2018 2018 2018 2020 2020 2020 2026 2026 2026 2042 2042 2042 2039 2039 2039 2043 2043 2043 2045 2045 2045 2027 2027 2027 2041 2041 2041 2047 2047 2047 2048 2048 2048 2049 2049 2049 2047 2047 2047 2050 2050 2050 2051 2051 2051 2048 2048 2048 2052 2052 2052 2053 2053 2053 2048 2048 2048 2054 2054 2054 2049 2049 2049 2049 2049 2049 2055 2055 2055 2047 2047 2047 2055 2055 2055 2049 2049 2049 2056 2056 2056 2050 2050 2050 2047 2047 2047 2055 2055 2055 2050 2050 2050 2057 2057 2057 2058 2058 2058 2050 2050 2050 2059 2059 2059 2051 2051 2051 2057 2057 2057 2050 2050 2050 2055 2055 2055 2057 2057 2057 2055 2055 2055 2056 2056 2056 2057 2057 2057 2056 2056 2056 2060 2060 2060 2058 2058 2058 2060 2060 2060 2061 2061 2061 2058 2058 2058 2062 2062 2062 2050 2050 2050 2058 2058 2058 2057 2057 2057 2063 2063 2063 2063 2063 2063 2060 2060 2060 2058 2058 2058 2064 2064 2064 2052 2052 2052 2047 2047 2047 2064 2064 2064 2047 2047 2047 2051 2051 2051 2064 2064 2064 2065 2065 2065 2066 2066 2066 2051 2051 2051 2067 2067 2067 2065 2065 2065 2051 2051 2051 2068 2068 2068 2067 2067 2067 2051 2051 2051 2069 2069 2069 2068 2068 2068 2065 2065 2065 2064 2064 2064 2051 2051 2051 2066 2066 2066 2070 2070 2070 2064 2064 2064 2059 2059 2059 2050 2050 2050 2071 2071 2071 2071 2071 2071 2062 2062 2062 2072 2072 2072 2062 2062 2062 2071 2071 2071 2050 2050 2050 2073 2073 2073 2074 2074 2074 2075 2075 2075 2073 2073 2073 2076 2076 2076 2077 2077 2077 2076 2076 2076 2073 2073 2073 2078 2078 2078 2077 2077 2077 2079 2079 2079 2073 2073 2073 2077 2077 2077 2080 2080 2080 2079 2079 2079 2078 2078 2078 2081 2081 2081 2082 2082 2082 2075 2075 2075 2078 2078 2078 2073 2073 2073 2075 2075 2075 2081 2081 2081 2078 2078 2078 2075 2075 2075 2074 2074 2074 2083 2083 2083 2081 2081 2081 2075 2075 2075 2083 2083 2083 2081 2081 2081 2083 2083 2083 2084 2084 2084 2081 2081 2081 2085 2085 2085 2086 2086 2086 2082 2082 2082 2087 2087 2087 2078 2078 2078 2082 2082 2082 2081 2081 2081 2086 2086 2086 2082 2082 2082 2061 2061 2061 2060 2060 2060 2086 2086 2086 2088 2088 2088 2082 2082 2082 2086 2086 2086 2085 2085 2085 2089 2089 2089 2089 2089 2089 2085 2085 2085 2090 2090 2090 2089 2089 2089 2091 2091 2091 2086 2086 2086 2085 2085 2085 2084 2084 2084 2092 2092 2092 2085 2085 2085 2092 2092 2092 2093 2093 2093 2090 2090 2090 2094 2094 2094 2089 2089 2089 2090 2090 2090 2095 2095 2095 2096 2096 2096 2090 2090 2090 2085 2085 2085 2097 2097 2097 2098 2098 2098 2099 2099 2099 2100 2100 2100 2098 2098 2098 2100 2100 2100 2101 2101 2101 2098 2098 2098 2101 2101 2101 2102 2102 2102 2098 2098 2098 2103 2103 2103 2104 2104 2104 2098 2098 2098 2105 2105 2105 2106 2106 2106 2098 2098 2098 2107 2107 2107 2108 2108 2108 2098 2098 2098 2108 2108 2108 2105 2105 2105 2103 2103 2103 2098 2098 2098 2109 2109 2109 2104 2104 2104 2110 2110 2110 2111 2111 2111 2109 2109 2109 2098 2098 2098 2106 2106 2106 2109 2109 2109 2110 2110 2110 2103 2103 2103 2112 2112 2112 2111 2111 2111 2113 2113 2113 2112 2112 2112 2098 2098 2098 2104 2104 2104 2112 2112 2112 2113 2113 2113 2114 2114 2114 2112 2112 2112 2099 2099 2099 2098 2098 2098 2115 2115 2115 2098 2098 2098 2102 2102 2102 2099 2099 2099 2112 2112 2112 2116 2116 2116 2117 2117 2117 2114 2114 2114 2118 2118 2118 2114 2114 2114 2117 2117 2117 2116 2116 2116 2114 2114 2114 2113 2113 2113 2118 2118 2118 2118 2118 2118 2119 2119 2119 2120 2120 2120 2116 2116 2116 2112 2112 2112 2114 2114 2114 2121 2121 2121 2098 2098 2098 2115 2115 2115 2122 2122 2122 2098 2098 2098 2121 2121 2121 2123 2123 2123 2124 2124 2124 2125 2125 2125 2123 2123 2123 2107 2107 2107 2098 2098 2098 2123 2123 2123 2126 2126 2126 2127 2127 2127 2123 2123 2123 2128 2128 2128 2129 2129 2129 2124 2124 2124 2098 2098 2098 2122 2122 2122 2124 2124 2124 2123 2123 2123 2098 2098 2098 2107 2107 2107 2123 2123 2123 2130 2130 2130 2128 2128 2128 2131 2131 2131 2132 2132 2132 2128 2128 2128 2123 2123 2123 2125 2125 2125 2128 2128 2128 2132 2132 2132 2133 2133 2133 2129 2129 2129 2134 2134 2134 2135 2135 2135 2129 2129 2129 2128 2128 2128 2133 2133 2133 2126 2126 2126 2136 2136 2136 2137 2137 2137 2126 2126 2126 2123 2123 2123 2129 2129 2129 2127 2127 2127 2138 2138 2138 2139 2139 2139 2137 2137 2137 2127 2127 2127 2126 2126 2126 2139 2139 2139 2123 2123 2123 2127 2127 2127 2140 2140 2140 2141 2141 2141 2142 2142 2142 2141 2141 2141 2140 2140 2140 2143 2143 2143 2141 2141 2141 2143 2143 2143 2144 2144 2144 2141 2141 2141 2144 2144 2144 2145 2145 2145 2142 2142 2142 2146 2146 2146 2140 2140 2140 2147 2147 2147 2140 2140 2140 2146 2146 2146 2146 2146 2146 2148 2148 2148 2147 2147 2147 2146 2146 2146 2149 2149 2149 2150 2150 2150 2148 2148 2148 2151 2151 2151 2152 2152 2152 2148 2148 2148 2146 2146 2146 2151 2151 2151 2148 2148 2148 2153 2153 2153 2154 2154 2154 2143 2143 2143 2140 2140 2140 2155 2155 2155 2143 2143 2143 2155 2155 2155 2145 2145 2145 2156 2156 2156 2094 2094 2094 2157 2157 2157 2156 2156 2156 2157 2157 2157 2142 2142 2142 2156 2156 2156 2142 2142 2142 2141 2141 2141 2149 2149 2149 2158 2158 2158 2159 2159 2159 2149 2149 2149 2160 2160 2160 2161 2161 2161 2149 2149 2149 2162 2162 2162 2150 2150 2150 2149 2149 2149 2161 2161 2161 2163 2163 2163 2149 2149 2149 2146 2146 2146 2142 2142 2142 2158 2158 2158 2164 2164 2164 2165 2165 2165 2158 2158 2158 2166 2166 2166 2167 2167 2167 2158 2158 2158 2149 2149 2149 2142 2142 2142 2158 2158 2158 2168 2168 2168 2169 2169 2169 2158 2158 2158 2142 2142 2142 2168 2168 2168 2158 2158 2158 2169 2169 2169 2170 2170 2170 2171 2171 2171 2135 2135 2135 2134 2134 2134 2135 2135 2135 2172 2172 2172 2173 2173 2173 2135 2135 2135 2173 2173 2173 2174 2174 2174 2135 2135 2135 2175 2175 2175 2136 2136 2136 2135 2135 2135 2174 2174 2174 2175 2175 2175 2135 2135 2135 2126 2126 2126 2129 2129 2129 2135 2135 2135 2176 2176 2176 2172 2172 2172 2134 2134 2134 2129 2129 2129 2177 2177 2177 2176 2176 2176 2178 2178 2178 2179 2179 2179 2176 2176 2176 2180 2180 2180 2178 2178 2178 2176 2176 2176 2171 2171 2171 2180 2180 2180 2176 2176 2176 2135 2135 2135 2171 2171 2171 2176 2176 2176 2181 2181 2181 2182 2182 2182 2176 2176 2176 2183 2183 2183 2181 2181 2181 2176 2176 2176 2179 2179 2179 2184 2184 2184 2172 2172 2172 2182 2182 2182 2185 2185 2185 2172 2172 2172 2176 2176 2176 2182 2182 2182 2172 2172 2172 2161 2161 2161 2186 2186 2186 2172 2172 2172 2186 2186 2186 2187 2187 2187 2188 2188 2188 2176 2176 2176 2189 2189 2189 2188 2188 2188 2190 2190 2190 2183 2183 2183 2183 2183 2183 2176 2176 2176 2188 2188 2188 2183 2183 2183 2191 2191 2191 2181 2181 2181 2181 2181 2181 2191 2191 2191 2192 2192 2192 2193 2193 2193 2183 2183 2183 2190 2190 2190 2194 2194 2194 2172 2172 2172 2185 2185 2185 2194 2194 2194 2185 2185 2185 2192 2192 2192 2194 2194 2194 2150 2150 2150 2162 2162 2162 2194 2194 2194 2162 2162 2162 2195 2195 2195 2185 2185 2185 2182 2182 2182 2192 2192 2192 2196 2196 2196 2197 2197 2197 2198 2198 2198 2196 2196 2196 2199 2199 2199 2200 2200 2200 2196 2196 2196 2201 2201 2201 2074 2074 2074 2201 2201 2201 2196 2196 2196 2200 2200 2200 2074 2074 2074 2202 2202 2202 2196 2196 2196 2074 2074 2074 2201 2201 2201 2203 2203 2203 2074 2074 2074 2203 2203 2203 2204 2204 2204 2074 2074 2074 2084 2084 2084 2083 2083 2083 2074 2074 2074 2092 2092 2092 2084 2084 2084 2203 2203 2203 2205 2205 2205 2204 2204 2204 2204 2204 2204 2092 2092 2092 2074 2074 2074 2204 2204 2204 2097 2097 2097 2093 2093 2093 2206 2206 2206 2097 2097 2097 2204 2204 2204 2206 2206 2206 2204 2204 2204 2207 2207 2207 2097 2097 2097 2208 2208 2208 2095 2095 2095 2208 2208 2208 2097 2097 2097 2206 2206 2206 2208 2208 2208 2209 2209 2209 2095 2095 2095 2208 2208 2208 2206 2206 2206 2210 2210 2210 2095 2095 2095 2209 2209 2209 2096 2096 2096 2095 2095 2095 2090 2090 2090 2097 2097 2097 2207 2207 2207 2211 2211 2211 2206 2206 2206 2207 2207 2207 2204 2204 2204 2212 2212 2212 2092 2092 2092 2204 2204 2204 2093 2093 2093 2093 2093 2093 2097 2097 2097 2085 2085 2085 2213 2213 2213 2197 2197 2197 2202 2202 2202 2213 2213 2213 2202 2202 2202 2214 2214 2214 2213 2213 2213 2215 2215 2215 2216 2216 2216 2213 2213 2213 2216 2216 2216 2217 2217 2217 2213 2213 2213 2218 2218 2218 2219 2219 2219 2213 2213 2213 2220 2220 2220 2218 2218 2218 2218 2218 2218 2221 2221 2221 2222 2222 2222 2218 2218 2218 2223 2223 2223 2219 2219 2219 2219 2219 2219 2223 2223 2223 2224 2224 2224 2219 2219 2219 2224 2224 2224 2215 2215 2215 2220 2220 2220 2225 2225 2225 2226 2226 2226 2220 2220 2220 2213 2213 2213 2225 2225 2225 2225 2225 2225 2054 2054 2054 2227 2227 2227 2225 2225 2225 2227 2227 2227 2228 2228 2228 2225 2225 2225 2213 2213 2213 2080 2080 2080 2225 2225 2225 2080 2080 2080 2054 2054 2054 2080 2080 2080 2077 2077 2077 2229 2229 2229 2080 2080 2080 2229 2229 2229 2230 2230 2230 2080 2080 2080 2213 2213 2213 2214 2214 2214 2216 2216 2216 2231 2231 2231 2232 2232 2232 2216 2216 2216 2232 2232 2232 2233 2233 2233 2217 2217 2217 2233 2233 2233 2234 2234 2234 2197 2197 2197 2196 2196 2196 2202 2202 2202 2197 2197 2197 2213 2213 2213 2217 2217 2217 2197 2197 2197 2234 2234 2234 2235 2235 2235 2054 2054 2054 2053 2053 2053 2236 2236 2236 2054 2054 2054 2056 2056 2056 2049 2049 2049 2054 2054 2054 2080 2080 2080 2056 2056 2056 2054 2054 2054 2237 2237 2237 2238 2238 2238 2214 2214 2214 2074 2074 2074 2079 2079 2079 2214 2214 2214 2079 2079 2079 2080 2080 2080 2202 2202 2202 2074 2074 2074 2214 2214 2214 2079 2079 2079 2074 2074 2074 2073 2073 2073 2230 2230 2230 2060 2060 2060 2056 2056 2056 2230 2230 2230 2056 2056 2056 2080 2080 2080 2060 2060 2060 2063 2063 2063 2057 2057 2057 2060 2060 2060 2239 2239 2239 2082 2082 2082 2240 2240 2240 2094 2094 2094 2241 2241 2241 2240 2240 2240 2086 2086 2086 2091 2091 2091 2240 2240 2240 2241 2241 2241 2088 2088 2088 2241 2241 2241 2242 2242 2242 2243 2243 2243 2241 2241 2241 2244 2244 2244 2245 2245 2245 2241 2241 2241 2246 2246 2246 2088 2088 2088 2241 2241 2241 2245 2245 2245 2247 2247 2247 2241 2241 2241 2248 2248 2248 2246 2246 2246 2088 2088 2088 2086 2086 2086 2240 2240 2240 2094 2094 2094 2249 2249 2249 2157 2157 2157 2094 2094 2094 2090 2090 2090 2249 2249 2249 2094 2094 2094 2091 2091 2091 2089 2089 2089 2094 2094 2094 2240 2240 2240 2091 2091 2091 2250 2250 2250 2251 2251 2251 2252 2252 2252 2250 2250 2250 2253 2253 2253 2251 2251 2251 2250 2250 2250 2242 2242 2242 2241 2241 2241 2250 2250 2250 2241 2241 2241 2094 2094 2094 2254 2254 2254 2253 2253 2253 2250 2250 2250 2254 2254 2254 2145 2145 2145 2255 2255 2255 2254 2254 2254 2141 2141 2141 2145 2145 2145 2254 2254 2254 2094 2094 2094 2156 2156 2156 2254 2254 2254 2250 2250 2250 2094 2094 2094 2254 2254 2254 2156 2156 2156 2141 2141 2141 2256 2256 2256 2257 2257 2257 2258 2258 2258 2256 2256 2256 2259 2259 2259 2260 2260 2260 2256 2256 2256 2261 2261 2261 2262 2262 2262 2256 2256 2256 2263 2263 2263 2264 2264 2264 2261 2261 2261 2256 2256 2256 2265 2265 2265 2262 2262 2262 2266 2266 2266 2267 2267 2267 2262 2262 2262 2268 2268 2268 2266 2266 2266 2267 2267 2267 2256 2256 2256 2262 2262 2262 2259 2259 2259 2269 2269 2269 2260 2260 2260 2259 2259 2259 2256 2256 2256 2267 2267 2267 2269 2269 2269 2259 2259 2259 2270 2270 2270 2260 2260 2260 2271 2271 2271 2256 2256 2256 2260 2260 2260 2272 2272 2272 2273 2273 2273 2271 2271 2271 2113 2113 2113 2257 2257 2257 2271 2271 2271 2119 2119 2119 2113 2113 2113 2271 2271 2271 2260 2260 2260 2273 2273 2273 2273 2273 2273 2274 2274 2274 2119 2119 2119 2257 2257 2257 2256 2256 2256 2271 2271 2271 2263 2263 2263 2275 2275 2275 2276 2276 2276 2263 2263 2263 2258 2258 2258 2277 2277 2277 2263 2263 2263 2278 2278 2278 2222 2222 2222 2263 2263 2263 2279 2279 2279 2280 2280 2280 2263 2263 2263 2277 2277 2277 2275 2275 2275 2258 2258 2258 2263 2263 2263 2256 2256 2256 2277 2277 2277 2113 2113 2113 2111 2111 2111 2278 2278 2278 2263 2263 2263 2276 2276 2276 2222 2222 2222 2221 2221 2221 2281 2281 2281 2222 2222 2222 2278 2278 2278 2223 2223 2223 2276 2276 2276 2282 2282 2282 2278 2278 2278 2223 2223 2223 2215 2215 2215 2224 2224 2224 2223 2223 2223 2278 2278 2278 2282 2282 2282 2223 2223 2223 2218 2218 2218 2222 2222 2222 2113 2113 2113 2277 2277 2277 2258 2258 2258 2113 2113 2113 2258 2258 2258 2257 2257 2257 2119 2119 2119 2271 2271 2271 2273 2273 2273 2119 2119 2119 2118 2118 2118 2113 2113 2113 2120 2120 2120 2117 2117 2117 2118 2118 2118 2120 2120 2120 2119 2119 2119 2274 2274 2274 2274 2274 2274 2273 2273 2273 2272 2272 2272 2111 2111 2111 2275 2275 2275 2277 2277 2277 2111 2111 2111 2276 2276 2276 2275 2275 2275 2111 2111 2111 2112 2112 2112 2104 2104 2104 2111 2111 2111 2283 2283 2283 2284 2284 2284 2111 2111 2111 2110 2110 2110 2283 2283 2283 2110 2110 2110 2104 2104 2104 2103 2103 2103 2110 2110 2110 2285 2285 2285 2283 2283 2283 2110 2110 2110 2109 2109 2109 2286 2286 2286 2282 2282 2282 2276 2276 2276 2111 2111 2111 2282 2282 2282 2215 2215 2215 2223 2223 2223 2282 2282 2282 2284 2284 2284 2287 2287 2287 2282 2282 2282 2287 2287 2287 2288 2288 2288 2282 2282 2282 2288 2288 2288 2289 2289 2289 2282 2282 2282 2290 2290 2290 2215 2215 2215 2282 2282 2282 2111 2111 2111 2284 2284 2284 2291 2291 2291 2292 2292 2292 2285 2285 2285 2292 2292 2292 2291 2291 2291 2293 2293 2293 2285 2285 2285 2294 2294 2294 2283 2283 2283 2295 2295 2295 2285 2285 2285 2292 2292 2292 2295 2295 2295 2296 2296 2296 2285 2285 2285 2296 2296 2296 2297 2297 2297 2298 2298 2298 2296 2296 2296 2295 2295 2295 2299 2299 2299 2296 2296 2296 2299 2299 2299 2300 2300 2300 2296 2296 2296 2301 2301 2301 2297 2297 2297 2300 2300 2300 2235 2235 2235 2296 2296 2296 2235 2235 2235 2300 2300 2300 2302 2302 2302 2235 2235 2235 2303 2303 2303 2296 2296 2296 2138 2138 2138 2136 2136 2136 2175 2175 2175 2136 2136 2136 2126 2126 2126 2135 2135 2135 2136 2136 2136 2127 2127 2127 2137 2137 2137 2136 2136 2136 2138 2138 2138 2127 2127 2127 2304 2304 2304 2305 2305 2305 2306 2306 2306 2304 2304 2304 2307 2307 2307 2308 2308 2308 2304 2304 2304 2309 2309 2309 2138 2138 2138 2309 2309 2309 2139 2139 2139 2138 2138 2138 2309 2309 2309 2304 2304 2304 2306 2306 2306 2309 2309 2309 2123 2123 2123 2139 2139 2139 2305 2305 2305 2304 2304 2304 2310 2310 2310 2305 2305 2305 2292 2292 2292 2311 2311 2311 2305 2305 2305 2295 2295 2295 2292 2292 2292 2305 2305 2305 2312 2312 2312 2295 2295 2295 2306 2306 2306 2123 2123 2123 2309 2309 2309 2306 2306 2306 2305 2305 2305 2313 2313 2313 2313 2313 2313 2305 2305 2305 2314 2314 2314 2315 2315 2315 2138 2138 2138 2175 2175 2175 2315 2315 2315 2304 2304 2304 2138 2138 2138 2307 2307 2307 2316 2316 2316 2308 2308 2308 2307 2307 2307 2304 2304 2304 2173 2173 2173 2173 2173 2173 2172 2172 2172 2317 2317 2317 2173 2173 2173 2317 2317 2317 2307 2307 2307 2173 2173 2173 2304 2304 2304 2315 2315 2315 2317 2317 2317 2187 2187 2187 2307 2307 2307 2317 2317 2317 2172 2172 2172 2187 2187 2187 2310 2310 2310 2318 2318 2318 2203 2203 2203 2310 2310 2310 2203 2203 2203 2201 2201 2201 2310 2310 2310 2201 2201 2201 2200 2200 2200 2310 2310 2310 2200 2200 2200 2319 2319 2319 2310 2310 2310 2320 2320 2320 2300 2300 2300 2310 2310 2310 2304 2304 2304 2308 2308 2308 2159 2159 2159 2321 2321 2321 2308 2308 2308 2159 2159 2159 2308 2308 2308 2316 2316 2316 2316 2316 2316 2149 2149 2149 2159 2159 2159 2316 2316 2316 2186 2186 2186 2160 2160 2160 2186 2186 2186 2316 2316 2316 2307 2307 2307 2160 2160 2160 2149 2149 2149 2316 2316 2316 2322 2322 2322 2323 2323 2323 2324 2324 2324 2322 2322 2322 2325 2325 2325 2326 2326 2326 2322 2322 2322 2191 2191 2191 2323 2323 2323 2191 2191 2191 2327 2327 2327 2192 2192 2192 2191 2191 2191 2328 2328 2328 2329 2329 2329 2191 2191 2191 2330 2330 2330 2323 2323 2323 2191 2191 2191 2331 2331 2331 2327 2327 2327 2323 2323 2323 2332 2332 2332 2324 2324 2324 2323 2323 2323 2333 2333 2333 2334 2334 2334 2331 2331 2331 2191 2191 2191 2322 2322 2322 2331 2331 2331 2335 2335 2335 2327 2327 2327 2327 2327 2327 2336 2336 2336 2192 2192 2192 2327 2327 2327 2335 2335 2335 2337 2337 2337 2325 2325 2325 2322 2322 2322 2324 2324 2324 2324 2324 2324 2332 2332 2332 2325 2325 2325 2326 2326 2326 2325 2325 2325 2332 2332 2332 2326 2326 2326 2338 2338 2338 2322 2322 2322 2332 2332 2332 2323 2323 2323 2334 2334 2334 2332 2332 2332 2334 2334 2334 2326 2326 2326 2192 2192 2192 2182 2182 2182 2181 2181 2181 2337 2337 2337 2339 2339 2339 2154 2154 2154 2340 2340 2340 2153 2153 2153 2151 2151 2151 2153 2153 2153 2152 2152 2152 2151 2151 2151 2153 2153 2153 2148 2148 2148 2152 2152 2152 2153 2153 2153 2340 2340 2340 2336 2336 2336 2151 2151 2151 2146 2146 2146 2340 2340 2340 2336 2336 2336 2327 2327 2327 2337 2337 2337 2336 2336 2336 2340 2340 2340 2192 2192 2192 2336 2336 2336 2154 2154 2154 2153 2153 2153 2341 2341 2341 2146 2146 2146 2150 2150 2150 2341 2341 2341 2192 2192 2192 2340 2340 2340 2341 2341 2341 2340 2340 2340 2146 2146 2146 2150 2150 2150 2192 2192 2192 2341 2341 2341 2150 2150 2150 2194 2194 2194 2192 2192 2192 2342 2342 2342 2343 2343 2343 2344 2344 2344 2342 2342 2342 2338 2338 2338 2343 2343 2343 2342 2342 2342 2344 2344 2344 2345 2345 2345 2342 2342 2342 2345 2345 2345 2346 2346 2346 2338 2338 2338 2331 2331 2331 2322 2322 2322 2338 2338 2338 2339 2339 2339 2331 2331 2331 2338 2338 2338 2154 2154 2154 2339 2339 2339 2338 2338 2338 2342 2342 2342 2154 2154 2154 2338 2338 2338 2347 2347 2347 2343 2343 2343 2338 2338 2338 2326 2326 2326 2348 2348 2348 2338 2338 2338 2349 2349 2349 2347 2347 2347 2343 2343 2343 2347 2347 2347 2350 2350 2350 2343 2343 2343 2351 2351 2351 2352 2352 2352 2154 2154 2154 2336 2336 2336 2337 2337 2337 2154 2154 2154 2342 2342 2342 2155 2155 2155 2154 2154 2154 2147 2147 2147 2148 2148 2148 2154 2154 2154 2155 2155 2155 2140 2140 2140 2154 2154 2154 2140 2140 2140 2147 2147 2147 2155 2155 2155 2255 2255 2255 2145 2145 2145 2155 2155 2155 2346 2346 2346 2255 2255 2255 2155 2155 2155 2342 2342 2342 2346 2346 2346 2255 2255 2255 2353 2353 2353 2254 2254 2254 2145 2145 2145 2144 2144 2144 2143 2143 2143 2354 2354 2354 2355 2355 2355 2356 2356 2356 2354 2354 2354 2357 2357 2357 2358 2358 2358 2354 2354 2354 2356 2356 2356 2359 2359 2359 2354 2354 2354 2358 2358 2358 2360 2360 2360 2354 2354 2354 2360 2360 2360 2361 2361 2361 2357 2357 2357 2362 2362 2362 2363 2363 2363 2357 2357 2357 2354 2354 2354 2362 2362 2362 2358 2358 2358 2364 2364 2364 2365 2365 2365 2360 2360 2360 2358 2358 2358 2366 2366 2366 2360 2360 2360 2244 2244 2244 2243 2243 2243 2350 2350 2350 2351 2351 2351 2343 2343 2343 2350 2350 2350 2354 2354 2354 2361 2361 2361 2350 2350 2350 2361 2361 2361 2367 2367 2367 2350 2350 2350 2368 2368 2368 2369 2369 2369 2350 2350 2350 2355 2355 2355 2354 2354 2354 2361 2361 2361 2370 2370 2370 2371 2371 2371 2361 2361 2361 2360 2360 2360 2372 2372 2372 2367 2367 2367 2351 2351 2351 2350 2350 2350 2367 2367 2367 2373 2373 2373 2251 2251 2251 2367 2367 2367 2361 2361 2361 2373 2373 2373 2244 2244 2244 2241 2241 2241 2243 2243 2243 2244 2244 2244 2374 2374 2374 2245 2245 2245 2244 2244 2244 2360 2360 2360 2375 2375 2375 2243 2243 2243 2376 2376 2376 2372 2372 2372 2375 2375 2375 2377 2377 2377 2378 2378 2378 2375 2375 2375 2378 2378 2378 2244 2244 2244 2375 2375 2375 2360 2360 2360 2366 2366 2366 2377 2377 2377 2379 2379 2379 2378 2378 2378 2372 2372 2372 2360 2360 2360 2243 2243 2243 2373 2373 2373 2361 2361 2361 2371 2371 2371 2370 2370 2370 2361 2361 2361 2372 2372 2372 2251 2251 2251 2253 2253 2253 2380 2380 2380 2251 2251 2251 2380 2380 2380 2367 2367 2367 2381 2381 2381 2382 2382 2382 2383 2383 2383 2381 2381 2381 2383 2383 2383 2384 2384 2384 2381 2381 2381 2385 2385 2385 2386 2386 2386 2382 2382 2382 2387 2387 2387 2388 2388 2388 2382 2382 2382 2381 2381 2381 2389 2389 2389 2382 2382 2382 2390 2390 2390 2364 2364 2364 2382 2382 2382 2389 2389 2389 2387 2387 2387 2383 2383 2383 2382 2382 2382 2391 2391 2391 2383 2383 2383 2392 2392 2392 2384 2384 2384 2387 2387 2387 2393 2393 2393 2388 2388 2388 2391 2391 2391 2358 2358 2358 2357 2357 2357 2391 2391 2391 2382 2382 2382 2364 2364 2364 2391 2391 2391 2394 2394 2394 2383 2383 2383 2394 2394 2394 2392 2392 2392 2383 2383 2383 2394 2394 2394 2391 2391 2391 2395 2395 2395 2392 2392 2392 2394 2394 2394 2396 2396 2396 2390 2390 2390 2388 2388 2388 2397 2397 2397 2390 2390 2390 2398 2398 2398 2399 2399 2399 2390 2390 2390 2397 2397 2397 2400 2400 2400 2388 2388 2388 2390 2390 2390 2382 2382 2382 2388 2388 2388 2393 2393 2393 2397 2397 2397 2397 2397 2397 2401 2401 2401 2402 2402 2402 2364 2364 2364 2403 2403 2403 2404 2404 2404 2364 2364 2364 2399 2399 2399 2405 2405 2405 2364 2364 2364 2358 2358 2358 2391 2391 2391 2364 2364 2364 2406 2406 2406 2403 2403 2403 2364 2364 2364 2390 2390 2390 2399 2399 2399 2363 2363 2363 2391 2391 2391 2357 2357 2357 2406 2406 2406 2407 2407 2407 2403 2403 2403 2406 2406 2406 2364 2364 2364 2405 2405 2405 2403 2403 2403 2408 2408 2408 2404 2404 2404 2409 2409 2409 2410 2410 2410 2411 2411 2411 2409 2409 2409 2412 2412 2412 2413 2413 2413 2412 2412 2412 2409 2409 2409 2414 2414 2414 2412 2412 2412 2415 2415 2415 2393 2393 2393 2413 2413 2413 2416 2416 2416 2410 2410 2410 2413 2413 2413 2387 2387 2387 2389 2389 2389 2413 2413 2413 2389 2389 2389 2381 2381 2381 2413 2413 2413 2386 2386 2386 2416 2416 2416 2413 2413 2413 2412 2412 2412 2393 2393 2393 2414 2414 2414 2268 2268 2268 2417 2417 2417 2414 2414 2414 2409 2409 2409 2418 2418 2418 2414 2414 2414 2417 2417 2417 2412 2412 2412 2418 2418 2418 2268 2268 2268 2414 2414 2414 2419 2419 2419 2420 2420 2420 2421 2421 2421 2419 2419 2419 2418 2418 2418 2409 2409 2409 2419 2419 2419 2266 2266 2266 2418 2418 2418 2419 2419 2419 2421 2421 2421 2422 2422 2422 2417 2417 2417 2268 2268 2268 2423 2423 2423 2417 2417 2417 2423 2423 2423 2424 2424 2424 2425 2425 2425 2412 2412 2412 2417 2417 2417 2426 2426 2426 2409 2409 2409 2411 2411 2411 2426 2426 2426 2427 2427 2427 2409 2409 2409 2410 2410 2410 2409 2409 2409 2413 2413 2413 2386 2386 2386 2413 2413 2413 2381 2381 2381 2428 2428 2428 2409 2409 2409 2427 2427 2427 2420 2420 2420 2419 2419 2419 2409 2409 2409 2420 2420 2420 2409 2409 2409 2428 2428 2428 2429 2429 2429 2430 2430 2430 2415 2415 2415 2429 2429 2429 2412 2412 2412 2425 2425 2425 2415 2415 2415 2412 2412 2412 2429 2429 2429 2415 2415 2415 2430 2430 2430 2431 2431 2431 2415 2415 2415 2431 2431 2431 2432 2432 2432 2430 2430 2430 2433 2433 2433 2431 2431 2431 2393 2393 2393 2387 2387 2387 2413 2413 2413 2393 2393 2393 2415 2415 2415 2401 2401 2401 2401 2401 2401 2397 2397 2397 2393 2393 2393 2401 2401 2401 2434 2434 2434 2435 2435 2435 2401 2401 2401 2432 2432 2432 2436 2436 2436 2432 2432 2432 2401 2401 2401 2415 2415 2415 2268 2268 2268 2437 2437 2437 2423 2423 2423 2268 2268 2268 2438 2438 2438 2437 2437 2437 2268 2268 2268 2262 2262 2262 2261 2261 2261 2268 2268 2268 2418 2418 2418 2266 2266 2266 2266 2266 2266 2270 2270 2270 2259 2259 2259 2266 2266 2266 2439 2439 2439 2440 2440 2440 2266 2266 2266 2440 2440 2440 2441 2441 2441 2266 2266 2266 2441 2441 2441 2270 2270 2270 2266 2266 2266 2259 2259 2259 2267 2267 2267 2266 2266 2266 2419 2419 2419 2439 2439 2439 2438 2438 2438 2261 2261 2261 2265 2265 2265 2438 2438 2438 2264 2264 2264 2280 2280 2280 2438 2438 2438 2268 2268 2268 2261 2261 2261 2265 2265 2265 2264 2264 2264 2438 2438 2438 2265 2265 2265 2256 2256 2256 2264 2264 2264 2439 2439 2439 2419 2419 2419 2422 2422 2422 2441 2441 2441 2442 2442 2442 2270 2270 2270 2442 2442 2442 2269 2269 2269 2270 2270 2270 2437 2437 2437 2279 2279 2279 2443 2443 2443 2437 2437 2437 2444 2444 2444 2445 2445 2445 2437 2437 2437 2446 2446 2446 2444 2444 2444 2437 2437 2437 2438 2438 2438 2279 2279 2279 2264 2264 2264 2263 2263 2263 2280 2280 2280 2423 2423 2423 2437 2437 2437 2445 2445 2445 2446 2446 2446 2222 2222 2222 2281 2281 2281 2446 2446 2446 2437 2437 2437 2443 2443 2443 2444 2444 2444 2446 2446 2446 2281 2281 2281 2279 2279 2279 2438 2438 2438 2280 2280 2280 2443 2443 2443 2279 2279 2279 2263 2263 2263 2443 2443 2443 2263 2263 2263 2222 2222 2222 2443 2443 2443 2222 2222 2222 2446 2446 2446 2445 2445 2445 2433 2433 2433 2447 2447 2447 2445 2445 2445 2448 2448 2448 2449 2449 2449 2445 2445 2445 2450 2450 2450 2433 2433 2433 2448 2448 2448 2444 2444 2444 2221 2221 2221 2448 2448 2448 2445 2445 2445 2444 2444 2444 2447 2447 2447 2451 2451 2451 2423 2423 2423 2447 2447 2447 2423 2423 2423 2445 2445 2445 2450 2450 2450 2431 2431 2431 2433 2433 2433 2450 2450 2450 2445 2445 2445 2452 2452 2452 2424 2424 2424 2423 2423 2423 2451 2451 2451 2400 2400 2400 2402 2402 2402 2453 2453 2453 2400 2400 2400 2398 2398 2398 2390 2390 2390 2402 2402 2402 2401 2401 2401 2454 2454 2454 2402 2402 2402 2400 2400 2400 2397 2397 2397 2402 2402 2402 2455 2455 2455 2453 2453 2453 2344 2344 2344 2352 2352 2352 2351 2351 2351 2344 2344 2344 2343 2343 2343 2352 2352 2352 2312 2312 2312 2305 2305 2305 2310 2310 2310 2312 2312 2312 2310 2310 2310 2300 2300 2300 2311 2311 2311 2292 2292 2292 2293 2293 2293 2311 2311 2311 2314 2314 2314 2305 2305 2305 2456 2456 2456 2457 2457 2457 2290 2290 2290 2456 2456 2456 2458 2458 2458 2459 2459 2459 2458 2458 2458 2456 2456 2456 2290 2290 2290 2301 2301 2301 2303 2303 2303 2458 2458 2458 2301 2301 2301 2458 2458 2458 2290 2290 2290 2290 2290 2290 2282 2282 2282 2289 2289 2289 2303 2303 2303 2301 2301 2301 2296 2296 2296 2106 2106 2106 2286 2286 2286 2109 2109 2109 2298 2298 2298 2285 2285 2285 2296 2296 2296 2298 2298 2298 2294 2294 2294 2285 2285 2285 2281 2281 2281 2221 2221 2221 2444 2444 2444 2221 2221 2221 2220 2220 2220 2460 2460 2460 2221 2221 2221 2460 2460 2460 2448 2448 2448 2221 2221 2221 2218 2218 2218 2220 2220 2220 2461 2461 2461 2250 2250 2250 2462 2462 2462 2242 2242 2242 2250 2250 2250 2461 2461 2461 2463 2463 2463 2378 2378 2378 2464 2464 2464 2374 2374 2374 2244 2244 2244 2378 2378 2378 2374 2374 2374 2378 2378 2378 2463 2463 2463 2351 2351 2351 2367 2367 2367 2465 2465 2465 2351 2351 2351 2253 2253 2253 2344 2344 2344 2252 2252 2252 2462 2462 2462 2250 2250 2250 2380 2380 2380 2465 2465 2465 2367 2367 2367 2380 2380 2380 2253 2253 2253 2465 2465 2465 2376 2376 2376 2370 2370 2370 2372 2372 2372 2253 2253 2253 2351 2351 2351 2465 2465 2465 2253 2253 2253 2254 2254 2254 2353 2353 2353 2404 2404 2404 2365 2365 2365 2364 2364 2364 2408 2408 2408 2403 2403 2403 2466 2466 2466 2466 2466 2466 2403 2403 2403 2467 2467 2467 2466 2466 2466 2468 2468 2468 2408 2408 2408 2349 2349 2349 2338 2338 2338 2348 2348 2348 2349 2349 2349 2350 2350 2350 2347 2347 2347 2349 2349 2349 2368 2368 2368 2350 2350 2350 2349 2349 2349 2348 2348 2348 2469 2469 2469 2452 2452 2452 2445 2445 2445 2449 2449 2449 2226 2226 2226 2460 2460 2460 2220 2220 2220 2226 2226 2226 2225 2225 2225 2228 2228 2228 2227 2227 2227 2054 2054 2054 2238 2238 2238 2434 2434 2434 2401 2401 2401 2436 2436 2436 2435 2435 2435 2454 2454 2454 2401 2401 2401 2215 2215 2215 2213 2213 2213 2219 2219 2219 2215 2215 2215 2470 2470 2470 2231 2231 2231 2471 2471 2471 2227 2227 2227 2238 2238 2238 2231 2231 2231 2216 2216 2216 2215 2215 2215 2457 2457 2457 2215 2215 2215 2290 2290 2290 2198 2198 2198 2197 2197 2197 2235 2235 2235 2198 2198 2198 2235 2235 2235 2302 2302 2302 2198 2198 2198 2199 2199 2199 2196 2196 2196 2318 2318 2318 2310 2310 2310 2308 2308 2308 2318 2318 2318 2308 2308 2308 2472 2472 2472 2472 2472 2472 2308 2308 2308 2321 2321 2321 2320 2320 2320 2310 2310 2310 2319 2319 2319 2320 2320 2320 2302 2302 2302 2300 2300 2300 2205 2205 2205 2212 2212 2212 2204 2204 2204 2233 2233 2233 2217 2217 2217 2216 2216 2216 2234 2234 2234 2197 2197 2197 2217 2217 2217 2328 2328 2328 2183 2183 2183 2193 2193 2193 2328 2328 2328 2191 2191 2191 2183 2183 2183 2329 2329 2329 2333 2333 2333 2330 2330 2330 2329 2329 2329 2330 2330 2330 2191 2191 2191 2162 2162 2162 2149 2149 2149 2163 2163 2163 2195 2195 2195 2162 2162 2162 2473 2473 2473 2187 2187 2187 2186 2186 2186 2307 2307 2307 2474 2474 2474 2163 2163 2163 2475 2475 2475 2474 2474 2474 2476 2476 2476 2473 2473 2473 2473 2473 2473 2477 2477 2477 2195 2195 2195 2473 2473 2473 2163 2163 2163 2474 2474 2474 2161 2161 2161 2160 2160 2160 2186 2186 2186 2161 2161 2161 2172 2172 2172 2163 2163 2163 2163 2163 2163 2473 2473 2473 2162 2162 2162 2164 2164 2164 2170 2170 2170 2478 2478 2478 2164 2164 2164 2158 2158 2158 2170 2170 2170 2170 2170 2170 2096 2096 2096 2478 2478 2478 2169 2169 2169 2090 2090 2090 2096 2096 2096 2168 2168 2168 2142 2142 2142 2157 2157 2157 2475 2475 2475 2476 2476 2476 2474 2474 2474 2475 2475 2475 2163 2163 2163 2172 2172 2172 2475 2475 2475 2172 2172 2172 2194 2194 2194 2321 2321 2321 2159 2159 2159 2167 2167 2167 2167 2167 2167 2159 2159 2159 2158 2158 2158 2166 2166 2166 2158 2158 2158 2165 2165 2165 2166 2166 2166 2321 2321 2321 2167 2167 2167 2249 2249 2249 2090 2090 2090 2169 2169 2169 2177 2177 2177 2133 2133 2133 2132 2132 2132 2177 2177 2177 2129 2129 2129 2133 2133 2133 2131 2131 2131 2177 2177 2177 2132 2132 2132 2479 2479 2479 2106 2106 2106 2105 2105 2105 2087 2087 2087 2076 2076 2076 2078 2078 2078 2087 2087 2087 2082 2082 2082 2239 2239 2239 2096 2096 2096 2170 2170 2170 2169 2169 2169 2478 2478 2478 2096 2096 2096 2209 2209 2209 2084 2084 2084 2085 2085 2085 2081 2081 2081 2246 2246 2246 2082 2082 2082 2088 2088 2088 2246 2246 2246 2480 2480 2480 2061 2061 2061 2069 2069 2069 2467 2467 2467 2481 2481 2481 2069 2069 2069 2481 2481 2481 2482 2482 2482 2069 2069 2069 2051 2051 2051 2059 2059 2059 2069 2069 2069 2483 2483 2483 2068 2068 2068 2467 2467 2467 2403 2403 2403 2481 2481 2481 2483 2483 2483 2069 2069 2069 2482 2482 2482 2053 2053 2053 2054 2054 2054 2048 2048 2048 2061 2061 2061 2082 2082 2082 2246 2246 2246 2480 2480 2480 2246 2246 2246 2248 2248 2248 2484 2484 2484 2064 2064 2064 2070 2070 2070 2484 2484 2484 2070 2070 2070 2485 2485 2485 2486 2486 2486 2236 2236 2236 2053 2053 2053 2236 2236 2236 2237 2237 2237 2054 2054 2054 2407 2407 2407 2481 2481 2481 2403 2403 2403 2454 2454 2454 2487 2487 2487 2402 2402 2402 2052 2052 2052 2064 2064 2064 2484 2484 2484 2052 2052 2052 2048 2048 2048 2047 2047 2047 2052 2052 2052 2486 2486 2486 2053 2053 2053 2248 2248 2248 2241 2241 2241 2247 2247 2247 2488 2488 2488 2385 2385 2385 2489 2489 2489 2385 2385 2385 2488 2488 2488 2386 2386 2386 2490 2490 2490 2488 2488 2488 2489 2489 2489 2491 2491 2491 2334 2334 2334 2333 2333 2333 2491 2491 2491 2492 2492 2492 2334 2334 2334 2333 2333 2333 2323 2323 2323 2330 2330 2330 2362 2362 2362 2493 2493 2493 2363 2363 2363 2362 2362 2362 2354 2354 2354 2494 2494 2494 2494 2494 2494 2354 2354 2354 2495 2495 2495 2496 2496 2496 2354 2354 2354 2359 2359 2359 2495 2495 2495 2354 2354 2354 2496 2496 2496 2493 2493 2493 2391 2391 2391 2363 2363 2363 2493 2493 2493 2395 2395 2395 2391 2391 2391 2492 2492 2492 2326 2326 2326 2334 2334 2334 2368 2368 2368 2349 2349 2349 2469 2469 2469 2497 2497 2497 2350 2350 2350 2369 2369 2369 2355 2355 2355 2350 2350 2350 2497 2497 2497 2189 2189 2189 2176 2176 2176 2498 2498 2498 2184 2184 2184 2498 2498 2498 2176 2176 2176 2499 2499 2499 2348 2348 2348 2326 2326 2326 2500 2500 2500 2501 2501 2501 2502 2502 2502 2500 2500 2500 2502 2502 2502 2503 2503 2503 2500 2500 2500 2504 2504 2504 2505 2505 2505 2500 2500 2500 2506 2506 2506 2501 2501 2501 2503 2503 2503 2502 2502 2502 2507 2507 2507 2501 2501 2501 2508 2508 2508 2502 2502 2502 2501 2501 2501 2509 2509 2509 2508 2508 2508 2505 2505 2505 2506 2506 2506 2500 2500 2500 2505 2505 2505 2510 2510 2510 2506 2506 2506 2505 2505 2505 2511 2511 2511 2512 2512 2512 2506 2506 2506 2513 2513 2513 2501 2501 2501 2512 2512 2512 2511 2511 2511 2514 2514 2514 2512 2512 2512 2510 2510 2510 2505 2505 2505 2510 2510 2510 2515 2515 2515 2513 2513 2513 2510 2510 2510 2513 2513 2513 2506 2506 2506 2513 2513 2513 2509 2509 2509 2501 2501 2501 2515 2515 2515 2516 2516 2516 2513 2513 2513 2515 2515 2515 2517 2517 2517 2516 2516 2516 2515 2515 2515 2518 2518 2518 2519 2519 2519 2515 2515 2515 2520 2520 2520 2518 2518 2518 2516 2516 2516 2517 2517 2517 2521 2521 2521 2516 2516 2516 2522 2522 2522 2509 2509 2509 2523 2523 2523 2524 2524 2524 2525 2525 2525 2523 2523 2523 2525 2525 2525 2526 2526 2526 2523 2523 2523 2526 2526 2526 2527 2527 2527 2527 2527 2527 2526 2526 2526 2518 2518 2518 2527 2527 2527 2518 2518 2518 2520 2520 2520 2528 2528 2528 2520 2520 2520 2514 2514 2514 2528 2528 2528 2527 2527 2527 2520 2520 2520 2520 2520 2520 2515 2515 2515 2510 2510 2510 2514 2514 2514 2520 2520 2520 2510 2510 2510 2514 2514 2514 2510 2510 2510 2512 2512 2512 2529 2529 2529 2530 2530 2530 2531 2531 2531 2529 2529 2529 2532 2532 2532 2533 2533 2533 2529 2529 2529 2533 2533 2533 2521 2521 2521 2529 2529 2529 2534 2534 2534 2530 2530 2530 2530 2530 2530 2535 2535 2535 2536 2536 2536 2531 2531 2531 2530 2530 2530 2536 2536 2536 2531 2531 2531 2532 2532 2532 2529 2529 2529 2531 2531 2531 2536 2536 2536 2537 2537 2537 2521 2521 2521 2517 2517 2517 2519 2519 2519 2521 2521 2521 2519 2519 2519 2534 2534 2534 2521 2521 2521 2534 2534 2534 2529 2529 2529 2521 2521 2521 2533 2533 2533 2522 2522 2522 2521 2521 2521 2522 2522 2522 2516 2516 2516 2534 2534 2534 2535 2535 2535 2530 2530 2530 2534 2534 2534 2519 2519 2519 2535 2535 2535 2535 2535 2535 2538 2538 2538 2536 2536 2536 2519 2519 2519 2539 2539 2539 2535 2535 2535 2519 2519 2519 2518 2518 2518 2526 2526 2526 2517 2517 2517 2515 2515 2515 2519 2519 2519 2539 2539 2539 2519 2519 2519 2525 2525 2525 2539 2539 2539 2538 2538 2538 2535 2535 2535 2540 2540 2540 2541 2541 2541 2542 2542 2542 2540 2540 2540 2542 2542 2542 2543 2543 2543 2540 2540 2540 2544 2544 2544 2545 2545 2545 2540 2540 2540 2543 2543 2543 2546 2546 2546 2543 2543 2543 2542 2542 2542 2547 2547 2547 2543 2543 2543 2548 2548 2548 2546 2546 2546 2547 2547 2547 2549 2549 2549 2550 2550 2550 2547 2547 2547 2542 2542 2542 2549 2549 2549 2548 2548 2548 2547 2547 2547 2524 2524 2524 2548 2548 2548 2551 2551 2551 2546 2546 2546 2548 2548 2548 2543 2543 2543 2547 2547 2547 2524 2524 2524 2523 2523 2523 2548 2548 2548 2524 2524 2524 2547 2547 2547 2550 2550 2550 2552 2552 2552 2553 2553 2553 2554 2554 2554 2552 2552 2552 2554 2554 2554 2555 2555 2555 2552 2552 2552 2556 2556 2556 2557 2557 2557 2554 2554 2554 2558 2558 2558 2559 2559 2559 2555 2555 2555 2554 2554 2554 2559 2559 2559 2555 2555 2555 2560 2560 2560 2552 2552 2552 2557 2557 2557 2553 2553 2553 2552 2552 2552 2557 2557 2557 2561 2561 2561 2553 2553 2553 2557 2557 2557 2562 2562 2562 2561 2561 2561 2553 2553 2553 2561 2561 2561 2558 2558 2558 2553 2553 2553 2558 2558 2558 2554 2554 2554 2558 2558 2558 2563 2563 2563 2559 2559 2559 2559 2559 2559 2563 2563 2563 2564 2564 2564 2561 2561 2561 2565 2565 2565 2558 2558 2558 2561 2561 2561 2541 2541 2541 2565 2565 2565 2566 2566 2566 2562 2562 2562 2557 2557 2557 2562 2562 2562 2567 2567 2567 2561 2561 2561 2565 2565 2565 2563 2563 2563 2558 2558 2558 2567 2567 2567 2542 2542 2542 2561 2561 2561 2567 2567 2567 2549 2549 2549 2542 2542 2542 2568 2568 2568 2569 2569 2569 2570 2570 2570 2568 2568 2568 2571 2571 2571 2569 2569 2569 2568 2568 2568 2536 2536 2536 2538 2538 2538 2568 2568 2568 2570 2570 2570 2536 2536 2536 2568 2568 2568 2572 2572 2572 2571 2571 2571 2569 2569 2569 2573 2573 2573 2574 2574 2574 2570 2570 2570 2537 2537 2537 2536 2536 2536 2571 2571 2571 2575 2575 2575 2573 2573 2573 2538 2538 2538 2539 2539 2539 2576 2576 2576 2538 2538 2538 2572 2572 2572 2568 2568 2568 2538 2538 2538 2550 2550 2550 2572 2572 2572 2572 2572 2572 2577 2577 2577 2571 2571 2571 2572 2572 2572 2578 2578 2578 2577 2577 2577 2576 2576 2576 2525 2525 2525 2524 2524 2524 2576 2576 2576 2550 2550 2550 2538 2538 2538 2550 2550 2550 2578 2578 2578 2572 2572 2572 2550 2550 2550 2576 2576 2576 2524 2524 2524 2550 2550 2550 2549 2549 2549 2578 2578 2578 2577 2577 2577 2579 2579 2579 2575 2575 2575 2578 2578 2578 2562 2562 2562 2566 2566 2566 2578 2578 2578 2566 2566 2566 2577 2577 2577 2549 2549 2549 2567 2567 2567 2562 2562 2562 2549 2549 2549 2562 2562 2562 2578 2578 2578 2580 2580 2580 2581 2581 2581 2582 2582 2582 2580 2580 2580 2583 2583 2583 2584 2584 2584 2581 2581 2581 2585 2585 2585 2504 2504 2504 2581 2581 2581 2586 2586 2586 2585 2585 2585 2582 2582 2582 2583 2583 2583 2580 2580 2580 2582 2582 2582 2581 2581 2581 2504 2504 2504 2585 2585 2585 2505 2505 2505 2504 2504 2504 2504 2504 2504 2500 2500 2500 2503 2503 2503 2504 2504 2504 2503 2503 2503 2587 2587 2587 2584 2584 2584 2583 2583 2583 2588 2588 2588 2584 2584 2584 2586 2586 2586 2580 2580 2580 2584 2584 2584 2589 2589 2589 2586 2586 2586 2586 2586 2586 2511 2511 2511 2585 2585 2585 2586 2586 2586 2590 2590 2590 2591 2591 2591 2586 2586 2586 2581 2581 2581 2580 2580 2580 2592 2592 2592 2589 2589 2589 2584 2584 2584 2592 2592 2592 2588 2588 2588 2593 2593 2593 2592 2592 2592 2593 2593 2593 2594 2594 2594 2589 2589 2589 2595 2595 2595 2586 2586 2586 2511 2511 2511 2591 2591 2591 2596 2596 2596 2511 2511 2511 2505 2505 2505 2585 2585 2585 2595 2595 2595 2597 2597 2597 2590 2590 2590 2595 2595 2595 2589 2589 2589 2592 2592 2592 2595 2595 2595 2590 2590 2590 2586 2586 2586 2595 2595 2595 2592 2592 2592 2594 2594 2594 2598 2598 2598 2599 2599 2599 2600 2600 2600 2598 2598 2598 2600 2600 2600 2601 2601 2601 2598 2598 2598 2602 2602 2602 2599 2599 2599 2598 2598 2598 2601 2601 2601 2603 2603 2603 2599 2599 2599 2604 2604 2604 2600 2600 2600 2605 2605 2605 2602 2602 2602 2598 2598 2598 2605 2605 2605 2606 2606 2606 2602 2602 2602 2602 2602 2602 2594 2594 2594 2599 2599 2599 2607 2607 2607 2608 2608 2608 2609 2609 2609 2607 2607 2607 2606 2606 2606 2605 2605 2605 2606 2606 2606 2610 2610 2610 2597 2597 2597 2606 2606 2606 2597 2597 2597 2595 2595 2595 2606 2606 2606 2595 2595 2595 2594 2594 2594 2606 2606 2606 2594 2594 2594 2602 2602 2602 2594 2594 2594 2611 2611 2611 2599 2599 2599 2612 2612 2612 2551 2551 2551 2528 2528 2528 2612 2612 2612 2528 2528 2528 2613 2613 2613 2612 2612 2612 2613 2613 2613 2614 2614 2614 2613 2613 2613 2596 2596 2596 2591 2591 2591 2614 2614 2614 2613 2613 2613 2597 2597 2597 2614 2614 2614 2597 2597 2597 2610 2610 2610 2597 2597 2597 2591 2591 2591 2590 2590 2590 2610 2610 2610 2606 2606 2606 2607 2607 2607 2563 2563 2563 2565 2565 2565 2615 2615 2615 2563 2563 2563 2616 2616 2616 2564 2564 2564 2563 2563 2563 2617 2617 2617 2618 2618 2618 2563 2563 2563 2618 2618 2618 2616 2616 2616 2616 2616 2616 2618 2618 2618 2619 2619 2619 2564 2564 2564 2620 2620 2620 2559 2559 2559 2564 2564 2564 2616 2616 2616 2621 2621 2621 2618 2618 2618 2622 2622 2622 2619 2619 2619 2615 2615 2615 2541 2541 2541 2623 2623 2623 2615 2615 2615 2617 2617 2617 2563 2563 2563 2617 2617 2617 2615 2615 2615 2623 2623 2623 2617 2617 2617 2622 2622 2622 2618 2618 2618 2617 2617 2617 2624 2624 2624 2622 2622 2622 2617 2617 2617 2623 2623 2623 2625 2625 2625 2619 2619 2619 2621 2621 2621 2616 2616 2616 2619 2619 2619 2622 2622 2622 2626 2626 2626 2624 2624 2624 2627 2627 2627 2628 2628 2628 2624 2624 2624 2629 2629 2629 2622 2622 2622 2624 2624 2624 2630 2630 2630 2629 2629 2629 2624 2624 2624 2625 2625 2625 2627 2627 2627 2624 2624 2624 2617 2617 2617 2625 2625 2625 2629 2629 2629 2631 2631 2631 2632 2632 2632 2629 2629 2629 2630 2630 2630 2633 2633 2633 2634 2634 2634 2635 2635 2635 2636 2636 2636 2634 2634 2634 2614 2614 2614 2637 2637 2637 2634 2634 2634 2637 2637 2637 2635 2635 2635 2634 2634 2634 2612 2612 2612 2614 2614 2614 2635 2635 2635 2637 2637 2637 2628 2628 2628 2636 2636 2636 2544 2544 2544 2634 2634 2634 2545 2545 2545 2544 2544 2544 2636 2636 2636 2545 2545 2545 2541 2541 2541 2540 2540 2540 2545 2545 2545 2625 2625 2625 2623 2623 2623 2545 2545 2545 2636 2636 2636 2625 2625 2625 2625 2625 2625 2636 2636 2636 2627 2627 2627 2638 2638 2638 2631 2631 2631 2633 2633 2633 2638 2638 2638 2639 2639 2639 2640 2640 2640 2638 2638 2638 2640 2640 2640 2641 2641 2641 2640 2640 2640 2608 2608 2608 2603 2603 2603 2641 2641 2641 2640 2640 2640 2603 2603 2603 2641 2641 2641 2642 2642 2642 2638 2638 2638 2641 2641 2641 2603 2603 2603 2643 2643 2643 2633 2633 2633 2628 2628 2628 2639 2639 2639 2633 2633 2633 2639 2639 2639 2638 2638 2638 2633 2633 2633 2630 2630 2630 2628 2628 2628 2639 2639 2639 2608 2608 2608 2640 2640 2640 2639 2639 2639 2628 2628 2628 2608 2608 2608 2608 2608 2608 2607 2607 2607 2605 2605 2605 2608 2608 2608 2605 2605 2605 2603 2603 2603 2603 2603 2603 2601 2601 2601 2643 2643 2643 2603 2603 2603 2605 2605 2605 2598 2598 2598 2628 2628 2628 2627 2627 2627 2635 2635 2635 2628 2628 2628 2609 2609 2609 2608 2608 2608 2630 2630 2630 2624 2624 2624 2628 2628 2628 2609 2609 2609 2610 2610 2610 2607 2607 2607 2627 2627 2627 2636 2636 2636 2635 2635 2635 2620 2620 2620 2555 2555 2555 2559 2559 2559 2620 2620 2620 2564 2564 2564 2621 2621 2621 2574 2574 2574 2537 2537 2537 2570 2570 2570 2574 2574 2574 2570 2570 2570 2569 2569 2569 2587 2587 2587 2582 2582 2582 2504 2504 2504 2644 2644 2644 2600 2600 2600 2604 2604 2604 2644 2644 2644 2601 2601 2601 2600 2600 2600 2546 2546 2546 2551 2551 2551 2544 2544 2544 2551 2551 2551 2523 2523 2523 2527 2527 2527 2551 2551 2551 2527 2527 2527 2528 2528 2528 2551 2551 2551 2548 2548 2548 2523 2523 2523 2544 2544 2544 2540 2540 2540 2546 2546 2546 2544 2544 2544 2612 2612 2612 2634 2634 2634 2544 2544 2544 2551 2551 2551 2612 2612 2612 2596 2596 2596 2613 2613 2613 2528 2528 2528 2596 2596 2596 2514 2514 2514 2511 2511 2511 2596 2596 2596 2528 2528 2528 2514 2514 2514 2621 2621 2621 2619 2619 2619 2626 2626 2626 2643 2643 2643 2601 2601 2601 2644 2644 2644 2525 2525 2525 2576 2576 2576 2539 2539 2539 2525 2525 2525 2519 2519 2519 2526 2526 2526 2541 2541 2541 2561 2561 2561 2542 2542 2542 2541 2541 2541 2545 2545 2545 2623 2623 2623 2541 2541 2541 2615 2615 2615 2565 2565 2565 2591 2591 2591 2511 2511 2511 2586 2586 2586 2591 2591 2591 2597 2597 2597 2613 2613 2613 2637 2637 2637 2609 2609 2609 2628 2628 2628 2637 2637 2637 2610 2610 2610 2609 2609 2609 2637 2637 2637 2614 2614 2614 2610 2610 2610 2508 2508 2508 2507 2507 2507 2502 2502 2502 2507 2507 2507 2587 2587 2587 2503 2503 2503 2509 2509 2509 2513 2513 2513 2516 2516 2516 2532 2532 2532 2531 2531 2531 2537 2537 2537 2560 2560 2560 2555 2555 2555 2620 2620 2620 2556 2556 2556 2552 2552 2552 2560 2560 2560 2556 2556 2556 2566 2566 2566 2557 2557 2557 2579 2579 2579 2577 2577 2577 2566 2566 2566 2579 2579 2579 2566 2566 2566 2556 2556 2556 2575 2575 2575 2571 2571 2571 2577 2577 2577 2573 2573 2573 2569 2569 2569 2571 2571 2571 2583 2583 2583 2582 2582 2582 2587 2587 2587 2588 2588 2588 2592 2592 2592 2584 2584 2584 2611 2611 2611 2594 2594 2594 2593 2593 2593 2604 2604 2604 2599 2599 2599 2611 2611 2611 2626 2626 2626 2622 2622 2622 2632 2632 2632 2632 2632 2632 2622 2622 2622 2629 2629 2629 2631 2631 2631 2638 2638 2638 2642 2642 2642 2631 2631 2631 2629 2629 2629 2633 2633 2633 2642 2642 2642 2641 2641 2641 2643 2643 2643 2645 2645 2645 2646 2646 2646 2647 2647 2647 2645 2645 2645 2648 2648 2648 2649 2649 2649 2645 2645 2645 2649 2649 2649 2646 2646 2646 2648 2648 2648 2650 2650 2650 2649 2649 2649 2648 2648 2648 2651 2651 2651 2650 2650 2650 2648 2648 2648 2652 2652 2652 2651 2651 2651 2649 2649 2649 2653 2653 2653 2646 2646 2646 2646 2646 2646 2654 2654 2654 2655 2655 2655 2656 2656 2656 2647 2647 2647 2657 2657 2657 2656 2656 2656 2658 2658 2658 2652 2652 2652 2656 2656 2656 2652 2652 2652 2645 2645 2645 2656 2656 2656 2659 2659 2659 2658 2658 2658 2656 2656 2656 2645 2645 2645 2647 2647 2647 2647 2647 2647 2646 2646 2646 2655 2655 2655 2660 2660 2660 2656 2656 2656 2657 2657 2657 2657 2657 2657 2655 2655 2655 2661 2661 2661 2657 2657 2657 2662 2662 2662 2660 2660 2660 2657 2657 2657 2647 2647 2647 2655 2655 2655 2655 2655 2655 2654 2654 2654 2663 2663 2663 2661 2661 2661 2663 2663 2663 2664 2664 2664 2661 2661 2661 2665 2665 2665 2666 2666 2666 2661 2661 2661 2655 2655 2655 2663 2663 2663 2663 2663 2663 2667 2667 2667 2664 2664 2664 2663 2663 2663 2654 2654 2654 2668 2668 2668 2663 2663 2663 2668 2668 2668 2667 2667 2667 2669 2669 2669 2670 2670 2670 2671 2671 2671 2669 2669 2669 2672 2672 2672 2673 2673 2673 2669 2669 2669 2674 2674 2674 2672 2672 2672 2669 2669 2669 2673 2673 2673 2675 2675 2675 2672 2672 2672 2666 2666 2666 2673 2673 2673 2672 2672 2672 2674 2674 2674 2676 2676 2676 2676 2676 2676 2662 2662 2662 2677 2677 2677 2676 2676 2676 2677 2677 2677 2672 2672 2672 2662 2662 2662 2659 2659 2659 2660 2660 2660 2662 2662 2662 2657 2657 2657 2677 2677 2677 2662 2662 2662 2678 2678 2678 2659 2659 2659 2677 2677 2677 2661 2661 2661 2666 2666 2666 2677 2677 2677 2657 2657 2657 2661 2661 2661 2679 2679 2679 2680 2680 2680 2681 2681 2681 2679 2679 2679 2682 2682 2682 2680 2680 2680 2682 2682 2682 2683 2683 2683 2680 2680 2680 2682 2682 2682 2684 2684 2684 2683 2683 2683 2682 2682 2682 2685 2685 2685 2684 2684 2684 2680 2680 2680 2683 2683 2683 2686 2686 2686 2667 2667 2667 2687 2687 2687 2679 2679 2679 2667 2667 2667 2681 2681 2681 2665 2665 2665 2667 2667 2667 2665 2665 2665 2664 2664 2664 2667 2667 2667 2679 2679 2679 2681 2681 2681 2681 2681 2681 2680 2680 2680 2686 2686 2686 2681 2681 2681 2686 2686 2686 2665 2665 2665 2665 2665 2665 2673 2673 2673 2666 2666 2666 2665 2665 2665 2686 2686 2686 2688 2688 2688 2665 2665 2665 2688 2688 2688 2675 2675 2675 2664 2664 2664 2665 2665 2665 2661 2661 2661 2688 2688 2688 2689 2689 2689 2690 2690 2690 2666 2666 2666 2672 2672 2672 2677 2677 2677 2691 2691 2691 2692 2692 2692 2693 2693 2693 2691 2691 2691 2693 2693 2693 2694 2694 2694 2691 2691 2691 2694 2694 2694 2695 2695 2695 2691 2691 2691 2695 2695 2695 2696 2696 2696 2691 2691 2691 2696 2696 2696 2697 2697 2697 2695 2695 2695 2694 2694 2694 2671 2671 2671 2695 2695 2695 2698 2698 2698 2696 2696 2696 2698 2698 2698 2699 2699 2699 2696 2696 2696 2698 2698 2698 2700 2700 2700 2699 2699 2699 2671 2671 2671 2674 2674 2674 2669 2669 2669 2671 2671 2671 2698 2698 2698 2695 2695 2695 2671 2671 2671 2670 2670 2670 2698 2698 2698 2670 2670 2670 2669 2669 2669 2675 2675 2675 2670 2670 2670 2700 2700 2700 2698 2698 2698 2701 2701 2701 2702 2702 2702 2703 2703 2703 2701 2701 2701 2703 2703 2703 2704 2704 2704 2701 2701 2701 2705 2705 2705 2706 2706 2706 2702 2702 2702 2707 2707 2707 2703 2703 2703 2702 2702 2702 2706 2706 2706 2708 2708 2708 2703 2703 2703 2707 2707 2707 2709 2709 2709 2710 2710 2710 2711 2711 2711 2712 2712 2712 2710 2710 2710 2701 2701 2701 2704 2704 2704 2710 2710 2710 2704 2704 2704 2711 2711 2711 2704 2704 2704 2709 2709 2709 2711 2711 2711 2704 2704 2704 2703 2703 2703 2709 2709 2709 2711 2711 2711 2713 2713 2713 2697 2697 2697 2711 2711 2711 2709 2709 2709 2713 2713 2713 2714 2714 2714 2705 2705 2705 2710 2710 2710 2714 2714 2714 2710 2710 2710 2712 2712 2712 2712 2712 2712 2711 2711 2711 2715 2715 2715 2713 2713 2713 2716 2716 2716 2717 2717 2717 2715 2715 2715 2696 2696 2696 2699 2699 2699 2715 2715 2715 2711 2711 2711 2696 2696 2696 2718 2718 2718 2683 2683 2683 2719 2719 2719 2718 2718 2718 2720 2720 2720 2721 2721 2721 2718 2718 2718 2719 2719 2719 2722 2722 2722 2718 2718 2718 2722 2722 2722 2720 2720 2720 2719 2719 2719 2684 2684 2684 2723 2723 2723 2689 2689 2689 2718 2718 2718 2721 2721 2721 2689 2689 2689 2721 2721 2721 2700 2700 2700 2689 2689 2689 2688 2688 2688 2686 2686 2686 2689 2689 2689 2686 2686 2686 2683 2683 2683 2689 2689 2689 2683 2683 2683 2718 2718 2718 2721 2721 2721 2720 2720 2720 2724 2724 2724 2721 2721 2721 2724 2724 2724 2725 2725 2725 2690 2690 2690 2689 2689 2689 2700 2700 2700 2690 2690 2690 2675 2675 2675 2688 2688 2688 2700 2700 2700 2670 2670 2670 2690 2690 2690 2700 2700 2700 2721 2721 2721 2725 2725 2725 2700 2700 2700 2725 2725 2725 2699 2699 2699 2725 2725 2725 2724 2724 2724 2714 2714 2714 2725 2725 2725 2714 2714 2714 2712 2712 2712 2699 2699 2699 2712 2712 2712 2715 2715 2715 2699 2699 2699 2725 2725 2725 2712 2712 2712 2726 2726 2726 2727 2727 2727 2728 2728 2728 2726 2726 2726 2728 2728 2728 2729 2729 2729 2728 2728 2728 2652 2652 2652 2729 2729 2729 2729 2729 2729 2652 2652 2652 2658 2658 2658 2729 2729 2729 2730 2730 2730 2726 2726 2726 2652 2652 2652 2648 2648 2648 2645 2645 2645 2731 2731 2731 2730 2730 2730 2732 2732 2732 2731 2731 2731 2726 2726 2726 2730 2730 2730 2731 2731 2731 2733 2733 2733 2727 2727 2727 2730 2730 2730 2658 2658 2658 2659 2659 2659 2730 2730 2730 2729 2729 2729 2658 2658 2658 2730 2730 2730 2734 2734 2734 2735 2735 2735 2736 2736 2736 2731 2731 2731 2732 2732 2732 2736 2736 2736 2737 2737 2737 2733 2733 2733 2732 2732 2732 2730 2730 2730 2738 2738 2738 2659 2659 2659 2656 2656 2656 2660 2660 2660 2659 2659 2659 2734 2734 2734 2730 2730 2730 2738 2738 2738 2736 2736 2736 2732 2732 2732 2738 2738 2738 2735 2735 2735 2739 2739 2739 2738 2738 2738 2730 2730 2730 2735 2735 2735 2738 2738 2738 2740 2740 2740 2736 2736 2736 2741 2741 2741 2742 2742 2742 2743 2743 2743 2741 2741 2741 2743 2743 2743 2744 2744 2744 2741 2741 2741 2745 2745 2745 2742 2742 2742 2741 2741 2741 2746 2746 2746 2745 2745 2745 2745 2745 2745 2747 2747 2747 2748 2748 2748 2742 2742 2742 2748 2748 2748 2749 2749 2749 2742 2742 2742 2749 2749 2749 2743 2743 2743 2743 2743 2743 2750 2750 2750 2740 2740 2740 2743 2743 2743 2749 2749 2749 2750 2750 2750 2751 2751 2751 2741 2741 2741 2744 2744 2744 2751 2751 2751 2752 2752 2752 2746 2746 2746 2751 2751 2751 2744 2744 2744 2753 2753 2753 2744 2744 2744 2743 2743 2743 2740 2740 2740 2754 2754 2754 2751 2751 2751 2753 2753 2753 2754 2754 2754 2755 2755 2755 2752 2752 2752 2754 2754 2754 2753 2753 2753 2756 2756 2756 2753 2753 2753 2744 2744 2744 2740 2740 2740 2753 2753 2753 2739 2739 2739 2756 2756 2756 2753 2753 2753 2740 2740 2740 2738 2738 2738 2740 2740 2740 2737 2737 2737 2736 2736 2736 2740 2740 2740 2750 2750 2750 2737 2737 2737 2757 2757 2757 2693 2693 2693 2758 2758 2758 2757 2757 2757 2759 2759 2759 2760 2760 2760 2759 2759 2759 2758 2758 2758 2761 2761 2761 2759 2759 2759 2739 2739 2739 2760 2760 2760 2759 2759 2759 2756 2756 2756 2739 2739 2739 2760 2760 2760 2734 2734 2734 2678 2678 2678 2760 2760 2760 2676 2676 2676 2757 2757 2757 2756 2756 2756 2761 2761 2761 2755 2755 2755 2739 2739 2739 2734 2734 2734 2760 2760 2760 2739 2739 2739 2753 2753 2753 2738 2738 2738 2716 2716 2716 2762 2762 2762 2763 2763 2763 2716 2716 2716 2709 2709 2709 2707 2707 2707 2716 2716 2716 2707 2707 2707 2762 2762 2762 2716 2716 2716 2713 2713 2713 2709 2709 2709 2716 2716 2716 2763 2763 2763 2764 2764 2764 2716 2716 2716 2764 2764 2764 2765 2765 2765 2762 2762 2762 2766 2766 2766 2763 2763 2763 2763 2763 2763 2767 2767 2767 2764 2764 2764 2764 2764 2764 2767 2767 2767 2768 2768 2768 2717 2717 2717 2697 2697 2697 2713 2713 2713 2717 2717 2717 2716 2716 2716 2765 2765 2765 2717 2717 2717 2765 2765 2765 2769 2769 2769 2765 2765 2765 2770 2770 2770 2771 2771 2771 2765 2765 2765 2764 2764 2764 2768 2768 2768 2765 2765 2765 2768 2768 2768 2770 2770 2770 2767 2767 2767 2772 2772 2772 2768 2768 2768 2768 2768 2768 2772 2772 2772 2773 2773 2773 2770 2770 2770 2774 2774 2774 2775 2775 2775 2770 2770 2770 2768 2768 2768 2776 2776 2776 2770 2770 2770 2776 2776 2776 2777 2777 2777 2776 2776 2776 2773 2773 2773 2778 2778 2778 2776 2776 2776 2778 2778 2778 2779 2779 2779 2776 2776 2776 2779 2779 2779 2777 2777 2777 2758 2758 2758 2759 2759 2759 2757 2757 2757 2758 2758 2758 2780 2780 2780 2761 2761 2761 2758 2758 2758 2781 2781 2781 2780 2780 2780 2781 2781 2781 2758 2758 2758 2693 2693 2693 2692 2692 2692 2769 2769 2769 2771 2771 2771 2692 2692 2692 2781 2781 2781 2693 2693 2693 2692 2692 2692 2771 2771 2771 2781 2781 2781 2771 2771 2771 2775 2775 2775 2781 2781 2781 2771 2771 2771 2769 2769 2769 2765 2765 2765 2782 2782 2782 2783 2783 2783 2784 2784 2784 2782 2782 2782 2778 2778 2778 2785 2785 2785 2782 2782 2782 2784 2784 2784 2786 2786 2786 2783 2783 2783 2785 2785 2785 2747 2747 2747 2783 2783 2783 2747 2747 2747 2746 2746 2746 2783 2783 2783 2746 2746 2746 2784 2784 2784 2784 2784 2784 2746 2746 2746 2752 2752 2752 2779 2779 2779 2782 2782 2782 2786 2786 2786 2779 2779 2779 2786 2786 2786 2774 2774 2774 2779 2779 2779 2774 2774 2774 2777 2777 2777 2786 2786 2786 2784 2784 2784 2752 2752 2752 2786 2786 2786 2752 2752 2752 2774 2774 2774 2746 2746 2746 2741 2741 2741 2751 2751 2751 2752 2752 2752 2751 2751 2751 2754 2754 2754 2774 2774 2774 2780 2780 2780 2775 2775 2775 2774 2774 2774 2752 2752 2752 2755 2755 2755 2774 2774 2774 2761 2761 2761 2780 2780 2780 2777 2777 2777 2774 2774 2774 2770 2770 2770 2755 2755 2755 2754 2754 2754 2756 2756 2756 2775 2775 2775 2780 2780 2780 2781 2781 2781 2775 2775 2775 2771 2771 2771 2770 2770 2770 2708 2708 2708 2766 2766 2766 2762 2762 2762 2708 2708 2708 2762 2762 2762 2707 2707 2707 2708 2708 2708 2707 2707 2707 2702 2702 2702 2723 2723 2723 2722 2722 2722 2719 2719 2719 2651 2651 2651 2652 2652 2652 2728 2728 2728 2748 2748 2748 2742 2742 2742 2745 2745 2745 2693 2693 2693 2674 2674 2674 2694 2694 2694 2674 2674 2674 2693 2693 2693 2757 2757 2757 2674 2674 2674 2671 2671 2671 2694 2694 2694 2674 2674 2674 2757 2757 2757 2676 2676 2676 2678 2678 2678 2662 2662 2662 2676 2676 2676 2678 2678 2678 2676 2676 2676 2760 2760 2760 2766 2766 2766 2767 2767 2767 2763 2763 2763 2684 2684 2684 2719 2719 2719 2683 2683 2683 2747 2747 2747 2745 2745 2745 2746 2746 2746 2675 2675 2675 2690 2690 2690 2670 2670 2670 2675 2675 2675 2673 2673 2673 2665 2665 2665 2697 2697 2697 2717 2717 2717 2769 2769 2769 2697 2697 2697 2769 2769 2769 2692 2692 2692 2697 2697 2697 2692 2692 2692 2691 2691 2691 2697 2697 2697 2696 2696 2696 2711 2711 2711 2734 2734 2734 2659 2659 2659 2678 2678 2678 2734 2734 2734 2739 2739 2739 2735 2735 2735 2761 2761 2761 2756 2756 2756 2759 2759 2759 2761 2761 2761 2774 2774 2774 2755 2755 2755 2653 2653 2653 2649 2649 2649 2650 2650 2650 2654 2654 2654 2646 2646 2646 2653 2653 2653 2687 2687 2687 2667 2667 2667 2668 2668 2668 2685 2685 2685 2679 2679 2679 2687 2687 2687 2685 2685 2685 2682 2682 2682 2679 2679 2679 2706 2706 2706 2702 2702 2702 2701 2701 2701 2705 2705 2705 2714 2714 2714 2787 2787 2787 2705 2705 2705 2701 2701 2701 2710 2710 2710 2787 2787 2787 2724 2724 2724 2788 2788 2788 2787 2787 2787 2714 2714 2714 2724 2724 2724 2788 2788 2788 2720 2720 2720 2789 2789 2789 2788 2788 2788 2724 2724 2724 2720 2720 2720 2789 2789 2789 2722 2722 2722 2723 2723 2723 2789 2789 2789 2720 2720 2720 2722 2722 2722 2727 2727 2727 2726 2726 2726 2731 2731 2731 2727 2727 2727 2651 2651 2651 2728 2728 2728 2733 2733 2733 2731 2731 2731 2736 2736 2736 2772 2772 2772 2767 2767 2767 2766 2766 2766 2773 2773 2773 2776 2776 2776 2768 2768 2768 2778 2778 2778 2782 2782 2782 2779 2779 2779 2785 2785 2785 2783 2783 2783 2782 2782 2782</p>
        </triangles>
      </mesh>
    </geometry>
  </library_geometries>
  <library_materials>
    <material id="36277258f5cb4c6ab17e294accb6fb90" name="pbrmaterial">
      <instance_effect url="#f6c9869ee9bd440c99fbd4608db4f42a" />
    </material>
  </library_materials>
  <library_visual_scenes>
    <visual_scene id="scene">
      <node id="node0" name="node0">
        <instance_geometry url="#a028d6184fcc48cca5fc0ad1705f98c3">
          <bind_material>
            <technique_common>
              <instance_material symbol="material0" target="#36277258f5cb4c6ab17e294accb6fb90" />
            </technique_common>
          </bind_material>
        </instance_geometry>
      </node>
    </visual_scene>
  </library_visual_scenes>
  <scene>
    <instance_visual_scene url="#scene" />
  </scene>
</COLLADA>
