<COLLADA xmlns="http://www.collada.org/2005/11/COLLADASchema" version="1.4.1">
  <asset>
    <created>2026-01-11T12:32:04.823544</created>
    <modified>2026-01-11T12:32:04.823547</modified>
    <up_axis>Y_UP</up_axis>
  </asset>
  <library_effects>
    <effect id="4e19dba9c3db47c3a23155c4fcd088c7" name="4e19dba9c3db47c3a23155c4fcd088c7">
      <profile_COMMON>
        <technique sid="common">
          <phong>
            <ambient>
              <color>0.0 0.0 0.0 1.0</color>
            </ambient>
            <diffuse>
              <color>1.0 1.0 1.0 1.0</color>
            </diffuse>
            <specular>
              <color>1.0 1.0 1.0 1.0</color>
            </specular>
            <shininess>
              <float>0.0</float>
            </shininess>
            <reflective>
              <color>0.0 0.0 0.0 1.0</color>
            </reflective>
            <reflectivity>
              <float>0.0</float>
            </reflectivity>
            <transparent>
              <color>0.0 0.0 0.0 1.0</color>
            </transparent>
            <transparency>
              <float>1.0</float>
            </transparency>
          </phong>
        </technique>
        <extra>
          <technique profile="GOOGLEEARTH">
            <double_sided>0</double_sided>
          </technique>
        </extra>
      </profile_COMMON>
    </effect>
  </library_effects>
  <library_geometries>
    <geometry id="00136db23b5a4e968da435008e0a5d68" name="c5e26e6974754792b3296cfc430bf11e">
      <mesh>
        <source id="verts-array">
          <float_array count="8754" id="verts-array-array">0.06785713 0.8689166 0.3571561 0.2340016 0.9320511 0.3582647 0.1013401 0.9217586 0.350647 0.2044083 0.4395974 0.346349 0.2188391 0.4395974 0.3449219 0.1072748 0.9345275 0.3475765 -0.2044083 0.4395974 0.346349 -0.2188734 0.4247432 0.3426565 -0.2038326 0.4251848 0.3443515 -0.02170254 0.8411216 0.3597024 -0.06889504 0.8706655 0.3570299 -0.2340021 0.9320336 0.3582517 -0.1037628 0.9219162 0.3507339 -0.1081392 0.9346264 0.3475989 -0.2363562 0.9450064 0.3557905 -0.2188391 0.4395974 0.3449219 0.2038326 0.4251848 0.3443515 0.2186806 0.424558 0.3426492 0.02348846 0.8410197 0.3596455 0.299393 0.9428562 0.2921068 0.2984858 0.956527 0.3062184 0.2985748 0.9422858 0.3060237 0.2784055 0.4395974 -0.1364647 0.2987558 0.9434473 -0.1568151 0.2769784 0.4395974 0.2867827 0.2784055 0.4395974 0.2723518 0.276408 0.4251847 -0.135889 0.2747056 0.4245579 -0.1507371 0.276408 0.4251848 0.2717761 0.2769784 0.4395973 -0.1508956 0.2992295 0.9567073 0.2920689 0.2747129 0.4247432 0.286817 -0.2994056 0.9428438 0.2920944 -0.2784055 0.4395974 -0.1364647 -0.2784055 0.4395974 0.2723518 -0.2769784 0.4395974 0.2867827 -0.2985915 0.9422689 0.3060075 -0.2987558 0.9434473 -0.1568151 -0.2747129 0.4247431 -0.1509299 -0.276408 0.4251847 -0.135889 -0.276408 0.4251848 0.2717761 -0.2747056 0.424558 0.2866241 -0.2769784 0.4395973 -0.1508956 0.2247586 0.9434473 -0.2308124 0.2188391 0.4395973 -0.2090348 0.2044083 0.4395974 -0.210462 -0.2044083 0.4395974 -0.2104619 -0.2247586 0.9434473 -0.2308124 0.2038326 0.4251847 -0.2084644 -0.2038326 0.4251847 -0.2084644 -0.2186806 0.4245579 -0.2067621 -0.2188391 0.4395973 -0.2090348 0.2253472 0.95786 -0.2299791 0.2188734 0.4247431 -0.2067694 -0.2015355 0.3671401 0.2839152 -0.2159716 0.3671401 0.269479 -0.2014846 0.3657206 0.2694281 -0.2300154 0.3713441 -0.1337543 -0.2159716 0.36714 -0.1335919 -0.2014846 0.3657205 -0.133541 -0.2164743 0.3688093 0.2846034 -0.2305907 0.3778073 0.2986023 -0.2307877 0.3733236 0.2847822 -0.2300154 0.3713441 0.2696414 -0.2016979 0.3713441 0.297959 -0.2166711 0.3733041 0.2987721 0.2015354 0.3671401 0.2839152 0.2016979 0.3713441 0.297959 -0.2299616 0.383839 0.3099335 -0.2019657 0.3781711 0.3110199 -0.2168041 0.3800019 0.3111368 -0.2170607 0.3883679 0.3215566 -0.2297485 0.3910312 0.3190391 -0.2027723 0.3985537 0.3322423 -0.2176241 0.3984329 0.3303268 -0.2023284 0.3873586 0.3225959 0.2019656 0.3781711 0.3110199 0.2023284 0.3873586 0.3225959 -0.242003 0.383867 0.2979454 -0.2432672 0.3800734 0.284841 -0.2430763 0.3781711 0.2699092 -0.2401737 0.388527 0.3081172 -0.2393264 0.3942501 0.3159566 -0.2536788 0.388431 0.2850068 -0.2546524 0.3873586 0.270272 -0.2546524 0.3873586 -0.1343849 -0.2430763 0.378171 -0.1340221 -0.2511116 0.3910467 0.2976927 -0.248013 0.3942501 0.3072699 -0.2454206 0.3969446 0.3133641 -0.2476372 0.933646 0.3579675 -0.2327166 0.4395974 0.3407071 -0.2328634 0.4247205 0.3381496 -0.2319723 0.4109978 0.3330924 -0.218315 0.4106276 0.3375724 -0.2032802 0.411326 0.3395883 -0.2603945 0.9354122 0.3549469 -0.2449682 0.4248502 0.3314439 -0.243099 0.4118626 0.3270834 -0.2455073 0.4395974 0.3338666 -0.2718572 0.9371851 0.3493002 -0.2550598 0.4249238 0.3230666 -0.2519396 0.412359 0.3198986 -0.2567197 0.4395974 0.3246633 -0.2816751 0.9388354 0.3412395 -0.2659231 0.4395974 0.3134508 -0.2306341 0.3998418 0.3265797 -0.240701 0.4018509 0.3219902 -0.2483562 0.4029227 0.3162998 -0.2634252 0.4247597 0.3129792 -0.2591103 0.4118234 0.3110529 -0.2540466 0.4018509 0.3086445 -0.2701799 0.4245539 0.3007586 -0.2716447 0.411326 0.2712237 -0.2696467 0.4105861 0.2860901 -0.2651462 0.4109299 0.2998451 -0.2716447 0.4113259 -0.1353367 -0.2642987 0.3985536 0.2707158 -0.2624577 0.3985039 0.2854799 -0.2586646 0.3998537 0.2985389 -0.2642988 0.3985536 -0.1348288 -0.2727636 0.4395974 0.3006601 -0.2895564 0.9402651 0.3310683 -0.2952602 0.9414155 0.3191718 -0.2504559 0.9473325 0.3553796 -0.1140234 0.9476259 0.3418487 -0.238397 0.9579476 0.3506253 -0.2524777 0.9604522 0.3500493 -0.1208252 0.9604053 0.3337714 -0.2399517 0.97038 0.3430053 -0.2537744 0.9722235 0.3427104 -0.2633328 0.9492548 0.3522142 -0.1277745 0.9723917 0.3237667 -0.2408895 0.9817971 0.3332953 -0.2545222 0.9824568 0.3339654 -0.2648537 0.9620612 0.3470143 -0.1340032 0.9829919 0.3123071 -0.241139 0.9916973 0.3219519 -0.254918 0.9913907 0.3238429 -0.2653103 0.9727577 0.3404291 -0.2740933 0.9508871 0.3467442 -0.2734437 0.9798885 0.3310636 -0.2737993 0.9723902 0.3370641 -0.2655529 0.9816061 0.3329419 -0.2745031 0.9629514 0.3422806 -0.266243 0.9892689 0.3241939 -0.2827338 0.9523501 0.3395422 -0.2800913 0.9726571 0.3324053 -0.2819172 0.9639296 0.3362332 -0.2782645 0.9782083 0.3292638 -0.2897417 0.9538628 0.3305352 -0.2805573 0.9815154 0.3237312 -0.2848068 0.9748341 0.3256754 -0.2483199 1.006026 0.2933342 -0.2558792 1.0117 -0.1596182 -0.2640226 1.005043 0.2867015 -0.2661481 1.001827 0.3005086 -0.2683886 1.004874 -0.1593345 -0.2750386 0.9995211 0.2883605 -0.2764024 0.996512 0.3020519 -0.2547428 0.9990979 0.311976 -0.2483199 1.006026 0.2933342 -0.2792225 0.995686 -0.1589551 -0.2843006 0.9915902 0.2897994 -0.266749 0.9961822 0.3134533 -0.2845704 0.9894148 0.3033844 -0.2879646 0.9844911 -0.1584947 -0.2915535 0.9815446 0.2909202 -0.291015 0.9805179 0.3046889 -0.2760072 0.9915932 0.3141976 -0.2406983 0.9996228 0.3094883 -0.1424235 0.997982 0.2871001 -0.2483199 1.006026 0.2933342 -0.2745307 0.986065 0.3236504 -0.2830323 0.9856437 0.3150045 -0.1388385 0.99166 0.2999032 -0.2884671 0.9779221 0.3165862 -0.2985005 0.9563184 0.3063755 -0.2992484 0.9566893 0.2920498 -0.2979226 0.95786 -0.1574037 -0.2951523 0.9552694 0.3194536 -0.2878679 0.9657419 0.3284385 -0.2958292 0.9694336 0.3057893 -0.2926528 0.967859 0.3183774 -0.296591 0.9697609 0.2916714 -0.2942788 0.9717188 -0.1579708 -0.2015354 0.36714 -0.148028 -0.2166598 0.3688093 -0.1485307 0.2016979 0.3713441 -0.1620719 0.2015355 0.36714 -0.148028 -0.2306588 0.3778072 -0.1626472 -0.2168387 0.3733235 -0.1628441 -0.2308286 0.373304 -0.1487275 -0.2016979 0.3713441 -0.1620719 -0.2431933 0.3800018 -0.1488606 -0.24199 0.3838389 -0.162018 -0.2536131 0.3883678 -0.1491172 -0.2510956 0.3910312 -0.161805 -0.2623833 0.3984329 -0.1496805 -0.2300018 0.3838669 -0.1740595 -0.2168975 0.3800733 -0.1753236 -0.2019656 0.378171 -0.1751328 -0.2401737 0.3885269 -0.1722302 -0.248013 0.3942501 -0.1713828 0.2023284 0.3873585 -0.1867088 0.2019657 0.378171 -0.1751328 -0.2170632 0.3884309 -0.1857352 -0.2023284 0.3873585 -0.1867088 -0.2297492 0.3910466 -0.1831681 -0.2393263 0.3942501 -0.1800695 -0.2454206 0.3969445 -0.177477 -0.2973287 0.9434473 -0.171246 -0.2651488 0.4109977 -0.1640288 -0.2696288 0.4106275 -0.1503715 -0.2727636 0.4395973 -0.164773 -0.2702061 0.4247204 -0.1649199 -0.2635004 0.4248501 -0.1770247 -0.2931139 0.9434473 -0.1851234 -0.2591399 0.4118625 -0.1751555 -0.2659231 0.4395973 -0.1775637 -0.2862734 0.9434473 -0.1979141 -0.255123 0.4249238 -0.1871163 -0.2519551 0.4123589 -0.1839961 -0.2567197 0.4395973 -0.1887762 -0.2455073 0.4395973 -0.1979795 -0.2770701 0.9434473 -0.2091266 -0.2658576 0.9434473 -0.2183299 -0.2586361 0.3998417 -0.1626905 -0.2540466 0.4018508 -0.1727575 -0.2483562 0.4029226 -0.1804127 -0.2450356 0.4247597 -0.1954816 -0.2431094 0.4118234 -0.1911667 -0.240701 0.4018508 -0.1861031 -0.2328151 0.4245538 -0.2022364 -0.2391894 0.9434473 -0.2293852 -0.2032802 0.4113259 -0.2037012 -0.2181465 0.410586 -0.2017031 -0.2319016 0.4109298 -0.1972026 0.2032802 0.4113259 -0.2037012 0.2027723 0.3985536 -0.1963552 -0.2027723 0.3985536 -0.1963552 -0.2175363 0.3985039 -0.1945142 -0.2305953 0.3998537 -0.190721 -0.2327165 0.4395973 -0.20482 -0.2530669 0.9434473 -0.2251705 -0.2374856 1.015348 -0.169604 0.08356035 1.017324 -0.0904682 0.2375474 1.015348 -0.1695421 0.2275617 1.0117 -0.1879358 -0.2275617 1.0117 -0.1879358 -0.2423766 1.009741 -0.1885906 -0.2419685 1.003043 -0.2004143 -0.2564916 1.009721 -0.1745991 -0.2374856 1.015348 -0.169604 -0.254816 0.9992057 -0.198901 -0.2559324 1.005237 -0.188057 -0.227278 1.004874 -0.2004452 -0.254022 0.9920134 -0.2074256 -0.2415494 0.9946768 -0.2101582 0.227278 1.004874 -0.2004452 -0.2268986 0.995686 -0.2112791 0.2268986 0.995686 -0.2112791 0.2264381 0.9844911 -0.2200211 -0.2264381 0.9844911 -0.2200211 -0.2412996 0.9846117 -0.2181154 -0.2668552 0.9991777 -0.1869106 -0.2684259 1.002971 -0.1741127 -0.2374856 1.015348 -0.169604 -0.2646495 0.9945177 -0.196706 -0.2633398 0.9887945 -0.204083 -0.2541958 0.9832029 -0.2142544 -0.2753838 0.9919981 -0.1860779 -0.2781623 0.9946138 -0.1736033 -0.2720265 0.9887945 -0.1953963 -0.2692164 0.9861001 -0.2012729 -0.2641004 0.9811937 -0.2095026 -0.2861276 0.9845408 -0.1732627 -0.2822254 0.983191 -0.1862127 -0.2774461 0.9811937 -0.196157 -0.2253472 0.95786 -0.2299791 -0.2404237 0.9583015 -0.2283197 -0.2544155 0.9583242 -0.2238147 -0.2259143 0.9717188 -0.2263353 -0.2665098 0.9581946 -0.2170985 -0.2410055 0.9724171 -0.2243758 -0.2765954 0.9581209 -0.2087152 -0.2744903 0.9706857 -0.2065622 -0.2849741 0.9582849 -0.1986411 0.2259143 0.9717188 -0.2263354 -0.2546329 0.9720469 -0.219866 -0.2656898 0.9711821 -0.2137871 -0.2716691 0.980122 -0.2037257 -0.2817042 0.9712213 -0.1977598 -0.2962708 0.9584867 -0.1723023 -0.2923405 0.9724587 -0.1728969 -0.2878123 0.9721148 -0.1866242 -0.2917455 0.9584908 -0.1864372 0.2014846 0.3657206 0.2694281 0.2159716 0.3671401 0.269479 0.2166598 0.3688093 0.2844179 0.2300154 0.3713441 0.2696414 0.2308286 0.3733041 0.2846147 0.2014846 0.3657205 -0.133541 0.2159716 0.36714 -0.1335919 0.2300154 0.3713441 -0.1337543 0.2430763 0.378171 -0.1340221 0.2430763 0.3781711 0.2699092 0.2431933 0.3800019 0.2847477 0.2546524 0.3873586 -0.1343849 0.2536131 0.3883679 0.2850043 0.2510956 0.3910312 0.2976921 0.2642988 0.3985536 0.2707159 0.2623833 0.3984329 0.2855676 0.2546524 0.3873586 0.270272 0.2168387 0.3733236 0.2987312 0.2306588 0.3778073 0.2985343 0.24199 0.383839 0.2979051 0.2401737 0.388527 0.3081172 0.248013 0.3942501 0.3072699 0.2168975 0.3800734 0.3112107 0.2300018 0.383867 0.3099466 0.2454206 0.3969446 0.3133641 0.2170632 0.388431 0.3216224 0.2297492 0.3910467 0.3190552 0.2393263 0.3942501 0.3159566 0.2651488 0.4109978 0.2999158 0.2696288 0.4106276 0.2862586 0.2727636 0.4395974 0.3006601 0.2702061 0.4247205 0.300807 0.2716447 0.4113259 -0.1353366 0.2716447 0.411326 0.2712238 0.2952403 0.9414367 0.3191909 0.2895349 0.9402898 0.3310894 0.2635004 0.4248502 0.3129117 0.2591399 0.4118626 0.3110426 0.2659231 0.4395974 0.3134508 0.2816538 0.9388622 0.3412614 0.255123 0.4249238 0.3230034 0.2519551 0.412359 0.3198832 0.2567197 0.4395974 0.3246633 0.2718386 0.9372123 0.3493215 0.2455073 0.4395974 0.3338666 0.2586361 0.3998418 0.2985776 0.2540466 0.4018509 0.3086445 0.2483562 0.4029227 0.3162998 0.2431094 0.4118235 0.3270538 0.2450356 0.4247597 0.3313687 0.2642987 0.3985536 -0.1348288 0.240701 0.4018509 0.3219902 0.2328151 0.4245539 0.3381235 0.2476296 0.9336685 0.3579842 0.2032802 0.411326 0.3395883 0.2181465 0.4105861 0.3375902 0.2319016 0.4109299 0.3330897 0.2027723 0.3985537 0.3322423 0.2175363 0.398504 0.3304013 0.2305953 0.3998538 0.3266082 0.2327165 0.4395974 0.3407071 0.2603806 0.9354379 0.3549664 0.2482402 1.006052 0.2934326 0.2406764 0.9996605 0.3095331 0.2545641 0.9991368 0.3120422 0.1442194 0.9980574 0.2873083 0.1394633 0.9916652 0.300044 0.24112 0.9917346 0.3219926 0.2548089 0.991497 0.3238047 0.2660896 1.001829 0.3007082 0.2482402 1.006052 0.2934326 0.1337892 0.9829439 0.3123988 0.2545017 0.9825618 0.33394 0.2655236 0.9816628 0.332967 0.2408742 0.9818326 0.3333307 0.2666583 0.9962107 0.313557 0.253844 0.9723433 0.3426797 0.1274218 0.9723291 0.3238398 0.2653188 0.9728145 0.3404418 0.2639876 1.00508 0.2867507 0.2750022 0.9995569 0.2884066 0.2683886 1.004874 -0.1593345 0.2558792 1.0117 -0.1596182 0.2661766 0.9893341 0.3242213 0.2764297 0.9964812 0.3021936 0.2744948 0.9861062 0.323694 0.2734102 0.9799292 0.3311043 0.2792225 0.995686 -0.1589551 0.2842656 0.9916233 0.2898401 0.2759806 0.991605 0.3142828 0.280521 0.9815553 0.3237725 0.2845828 0.9893969 0.3034357 0.2782299 0.9782482 0.3293037 0.2737683 0.9724294 0.3371011 0.2879646 0.9844911 -0.1584947 0.2830067 0.9856695 0.3150492 0.2915225 0.9815736 0.2909541 0.29103 0.9804958 0.3046495 0.2884521 0.9779526 0.3165905 0.2847718 0.9748719 0.3257132 0.2363529 0.9450293 0.3558085 0.113822 0.9475585 0.3418765 0.2505875 0.9472136 0.3554304 0.263327 0.9491376 0.3522719 0.23839 0.9579756 0.3506489 0.2526096 0.9604675 0.3500773 0.2739954 0.9508241 0.346839 0.2648823 0.9620421 0.3470563 0.2826537 0.9523717 0.3396255 0.2896651 0.9539668 0.3306221 0.2744603 0.9629484 0.3423411 0.1206539 0.960345 0.3338298 0.2399406 0.9704123 0.3430348 0.2818736 0.9639631 0.3362797 0.280058 0.9726958 0.3324426 0.2878166 0.9658099 0.3284791 0.2926243 0.9679601 0.3183431 0.295125 0.9554545 0.3194342 0.2979226 0.95786 -0.1574037 0.2958104 0.9695132 0.305662 0.2965656 0.9697846 0.2916979 0.2942788 0.9717188 -0.1579708 0.2164743 0.3688093 -0.1487163 0.2166711 0.373304 -0.162885 0.2305907 0.3778072 -0.1627152 0.2168041 0.3800018 -0.1752497 0.2299616 0.3838389 -0.1740464 0.2170607 0.3883678 -0.1856695 0.2297485 0.3910312 -0.183152 0.2176241 0.3984329 -0.1944397 0.2307877 0.3733235 -0.1488951 0.242003 0.3838669 -0.1620583 0.2401737 0.3885269 -0.1722302 0.2393264 0.3942501 -0.1800695 0.2432672 0.3800733 -0.1489539 0.2536788 0.3884309 -0.1491197 0.2511116 0.3910466 -0.1618056 0.248013 0.3942501 -0.1713828 0.2454206 0.3969445 -0.177477 0.2391894 0.9434473 -0.2293852 0.2327166 0.4395973 -0.20482 0.2328634 0.4247204 -0.2022625 0.2319723 0.4109977 -0.1972053 0.218315 0.4106275 -0.2016853 0.2449682 0.4248501 -0.1955568 0.2530669 0.9434473 -0.2251705 0.243099 0.4118625 -0.1911963 0.2455073 0.4395973 -0.1979795 0.2550598 0.4249238 -0.1871794 0.2658576 0.9434473 -0.2183299 0.2519396 0.4123589 -0.1840115 0.2567197 0.4395973 -0.1887762 0.2659231 0.4395973 -0.1775637 0.2770701 0.9434473 -0.2091266 0.2862734 0.9434473 -0.1979141 0.2306341 0.3998417 -0.1906925 0.240701 0.4018508 -0.1861031 0.2483562 0.4029226 -0.1804127 0.2591103 0.4118234 -0.1751658 0.2634252 0.4247597 -0.1770921 0.2540466 0.4018508 -0.1727575 0.2973287 0.9434473 -0.171246 0.2701799 0.4245538 -0.1648716 0.2696467 0.410586 -0.150203 0.2651462 0.4109298 -0.163958 0.2624577 0.3985039 -0.1495928 0.2586646 0.3998537 -0.1626518 0.2727636 0.4395973 -0.164773 0.2931139 0.9434473 -0.1851234 0.2375474 1.015348 -0.1695421 0.2565341 1.009741 -0.1744331 0.2482402 1.006052 0.2934326 0.2425426 1.009721 -0.1885481 0.2375474 1.015348 -0.1695421 0.2683577 1.003043 -0.1740251 0.2781017 0.9946768 -0.1736059 0.2753691 0.9920134 -0.1860786 0.2860589 0.9846117 -0.1733562 0.2560005 1.005237 -0.187989 0.2668444 0.9992057 -0.1868726 0.2646495 0.9945177 -0.196706 0.2720265 0.9887945 -0.1953963 0.2821978 0.983203 -0.1862523 0.2420561 1.002971 -0.2004824 0.254854 0.9991777 -0.1989118 0.2633398 0.9887945 -0.204083 0.2692164 0.9861001 -0.2012729 0.2774461 0.9811937 -0.196157 0.2415468 0.9946138 -0.2102189 0.2412062 0.9845408 -0.2181841 0.2540214 0.9919981 -0.2074404 0.2541561 0.983191 -0.214282 0.2641004 0.9811937 -0.2095027 0.2962632 0.9583015 -0.1724802 0.2917581 0.9583242 -0.186472 0.2923193 0.9724171 -0.173062 0.285042 0.9581946 -0.1985663 0.2766586 0.9581209 -0.208652 0.2745057 0.9706857 -0.2065468 0.2665846 0.9582849 -0.2170306 0.2878094 0.9720469 -0.1866894 0.2817306 0.9711821 -0.1977463 0.2716691 0.980122 -0.2037257 0.2657033 0.9712213 -0.2137607 0.2402458 0.9584867 -0.2283274 0.2408404 0.9724587 -0.2243971 0.2545676 0.9721148 -0.2198688 0.2543806 0.9584908 -0.2238021 -0.1584116 1.017324 -0.0156169 -0.08356035 1.017324 -0.0904682 -0.1364882 1.017324 -0.06854475 0.1584116 1.017324 -0.0156169 -0.1627215 1.011783 0.2169427 0.08356035 1.017324 -0.0904682 0.1627224 1.011794 0.2169604 0.1364882 1.017324 -0.06854475 -0.1584116 1.017324 -0.0156169 -0.2113106 1.016002 -0.1434085 -0.1627215 1.011783 0.2169427 -0.1739054 1.016937 -0.08405061 0.2113519 1.016002 -0.1433671 0.1584116 1.017324 -0.0156169 0.1627224 1.011794 0.2169604 0.1627224 1.011794 0.2169604 -0.1627215 1.011783 0.2169427 -0.1424235 0.997982 0.2871001 0.1442194 0.9980574 0.2873083 0.1394633 0.9916652 0.300044 -0.1051151 0.8566046 0.3740722 -0.1578485 0.8579846 0.3818554 -0.1045165 0.8548169 0.3801016 -0.1577551 0.8597673 0.3758157 -0.1564876 0.8651537 0.3351913 -0.1017461 0.8620166 0.3339629 -0.1030715 0.856782 0.3720215 -0.1035137 0.8565815 0.3736801 -0.09763526 0.8550492 0.3759572 -0.09555541 0.860709 0.3339639 -0.099088 0.8548434 0.3779994 -0.1011777 0.8547566 0.3793757 -0.08337516 0.812384 0.3360096 -0.08616811 0.8429167 0.3748657 -0.08469479 0.8097475 0.3771231 -0.08469479 0.8097475 0.3771231 -0.08824703 0.8056714 0.3733374 -0.08811736 0.8077901 0.3360031 -0.08950305 0.8051173 0.3795653 -0.08490066 0.8477264 0.3348344 -0.2102624 0.8669222 0.3368954 -0.1562506 0.8609834 0.3354625 -0.2223199 0.8641033 0.3373194 -0.2223401 0.8641226 0.3373195 -0.2091444 0.8627056 0.3771769 -0.2109936 0.8630245 0.3752273 -0.2106589 0.8628361 0.3768677 -0.2161662 0.8659965 0.3371039 -0.2168364 0.8622548 0.3761415 -0.2098881 0.8611021 0.3831995 -0.2149733 0.8616218 0.3813703 -0.2130463 0.8613683 0.3826438 -0.2162572 0.8618995 0.3793958 -0.1551442 0.8007717 0.3948783 -0.1044014 0.8026681 0.3897389 -0.1011115 0.8068468 0.3933843 -0.2058343 0.8047717 0.3905387 -0.1550822 0.796358 0.3901095 -0.2092296 0.8095975 0.3944499 -0.2119801 0.8058171 0.3893335 -0.2257274 0.8495294 0.3780583 -0.2267145 0.8139231 0.3365743 -0.2255101 0.8126496 0.3782941 -0.2256724 0.8525051 0.3374872 -0.2219288 0.8078869 0.3741987 -0.2255101 0.8126496 0.3782941 -0.2245763 0.8489942 0.384075 -0.2244764 0.8582271 0.3374492 -0.2220055 0.8090321 0.3364164 -0.08824703 0.8056714 0.3733374 -0.09716481 0.7193871 0.3334456 -0.08811736 0.8077901 0.3360031 -0.09708795 0.7182401 0.3712871 -0.08950305 0.8051173 0.3795653 -0.1550822 0.796358 0.3901095 -0.1110875 0.7178531 0.3877167 -0.1044014 0.8026681 0.3897389 -0.2001772 0.7185519 0.3879188 -0.1556324 0.7182025 0.3878178 -0.1057199 0.7178488 0.3864563 -0.2058343 0.8047717 0.3905387 -0.2055499 0.7186318 0.3866828 -0.0981434 0.7180583 0.3775647 -0.1110875 0.7178531 0.3877167 -0.09708795 0.7182401 0.3712871 -0.1556324 0.7182025 0.3878178 -0.1557425 0.7198465 0.3335785 -0.1011745 0.7179209 0.3828914 -0.1057199 0.7178488 0.3864563 -0.09716481 0.7193871 0.3334456 -0.2142434 0.719159 0.3715529 -0.2143202 0.720306 0.3337114 -0.2219288 0.8078869 0.3741987 -0.2143202 0.720306 0.3337114 -0.2142434 0.719159 0.3715529 -0.2220055 0.8090321 0.3364164 -0.2206929 0.8074977 0.380488 -0.2241255 0.8122742 0.384439 -0.2212434 0.848413 0.3891409 -0.08903916 0.8585342 0.334049 -0.08769028 0.8479766 0.3742414 -0.08901973 0.8585507 0.3340473 -0.1571087 0.8445393 0.3926317 -0.2092296 0.8095975 0.3944499 -0.1551442 0.8007717 0.3948783 -0.2103041 0.8474419 0.3935779 -0.102807 0.8416484 0.3909729 -0.2153162 0.810621 0.3931816 -0.1017461 0.8620166 0.3339629 -0.1011115 0.8068468 0.3933843 -0.09499685 0.8076034 0.392006 -0.09555541 0.860709 0.3339639 -0.08903233 0.8473097 0.3799342 -0.08758659 0.8422386 0.380899 -0.2153162 0.810621 0.3931816 -0.2171991 0.8067715 0.3858029 -0.2205448 0.8115643 0.3896677 -0.2241255 0.8122742 0.384439 -0.2206929 0.8074977 0.380488 -0.09824952 0.8034868 0.3884433 -0.1011745 0.7179209 0.3828914 -0.09301661 0.8043465 0.3848697 -0.0981434 0.7180583 0.3775647 -0.2119801 0.8058171 0.3893335 -0.2101097 0.7187753 0.3831386 -0.2171991 0.8067715 0.3858029 -0.2131624 0.7189604 0.3778257 -0.086108 0.8091786 0.3832032 -0.09301661 0.8043465 0.3848697 -0.08972675 0.8084221 0.3884297 -0.09499685 0.8076034 0.392006 -0.09824952 0.8034868 0.3884433 -0.2205448 0.8115643 0.3896677 -0.2162343 0.847866 0.3924792 -0.0965963 0.841544 0.3896214 -0.08972675 0.8084221 0.3884297 -0.09242938 0.8468422 0.3847302 -0.0912491 0.841753 0.3860821 -0.086108 0.8091786 0.3832032 -0.2001772 0.7185519 0.3879188 -0.2131624 0.7189604 0.3778257 -0.2101097 0.7187753 0.3831386 -0.2055499 0.7186318 0.3866828 -0.2211454 0.8629588 0.3373103 -0.2223401 0.8641226 0.3373195 -0.09016825 0.8575548 0.3341508 -0.08901973 0.8585507 0.3340473 -0.0968547 0.8554509 0.3726743 -0.08642453 0.8530087 0.3344681 -0.09144538 0.8523661 0.3734619 -0.157748 0.8544755 0.3871926 -0.2103559 0.8576534 0.3884498 -0.2184818 0.8584807 0.3852913 -0.2149577 0.8580334 0.3876285 -0.2104909 0.8528707 0.3921031 -0.2160658 0.8533061 0.3910902 -0.2206723 0.8538548 0.3880262 -0.2208138 0.8589601 0.3817111 -0.2237246 0.8544373 0.3833589 -0.2247776 0.8549822 0.377695 -0.2216646 0.8594447 0.3770181 -0.1038598 0.8513555 0.3854529 -0.09899963 0.8512688 0.3843961 -0.1574797 0.8497667 0.3909862 -0.1032538 0.8467433 0.3892802 -0.09738539 0.8466412 0.388004 -0.09518689 0.8514268 0.3818819 -0.09256464 0.8517958 0.378189 -0.02170254 0.8411216 0.3597024 0.06785713 0.8689166 0.3571561 -0.06889504 0.8706655 0.3570299 0.02348846 0.8410197 0.3596455 0.1013401 0.9217586 0.350647 -0.1037628 0.9219162 0.3507339 0.1337892 0.9829439 0.3123988 -0.1340032 0.9829919 0.3123071 0.1274218 0.9723291 0.3238398 -0.1388385 0.99166 0.2999032 -0.1208252 0.9604053 0.3337714 0.1206539 0.960345 0.3338298 -0.1277745 0.9723917 0.3237667 0.1072748 0.9345275 0.3475765 -0.1140234 0.9476259 0.3418487 -0.1081392 0.9346264 0.3475989 0.1013401 0.9217586 0.350647 -0.1037628 0.9219162 0.3507339 0.113822 0.9475585 0.3418765 -0.3388635 1.761766 0.582001 0.3662385 1.072999 0.5828126 0.3388635 1.761766 0.582001 0.3388634 1.796034 0.5781419 -0.3388634 1.796034 0.5781419 -0.392907 1.07679 0.5784702 -0.366383 1.07293 0.5828176 -0.3616093 1.038289 0.5785577 0.3614931 1.038358 0.5785552 0.3893691 1.041329 0.573632 0.392751 1.076853 0.5784674 -0.3898329 1.041672 0.5736324 0.4929342 1.761766 0.4279302 0.4890751 1.796034 -0.2497967 0.4890751 1.796034 0.4279302 0.4929342 1.084039 -0.2497966 0.4929342 1.761766 -0.2497968 0.4929342 1.084039 0.4279303 0.4890751 1.049772 0.4279303 0.4890751 1.049772 -0.2497966 0.4890751 1.084039 -0.284064 0.4890751 1.761766 0.4621976 -0.3388635 1.915837 -0.2497968 -0.3388635 1.915837 0.4279302 0.3388635 1.915837 -0.2497968 -0.3731308 1.911978 -0.2497967 -0.3731308 1.911978 0.4279302 0.3388635 1.915837 0.4279302 0.3731308 1.911978 0.4279302 -0.3388634 1.911978 0.4621975 0.3388634 1.911978 0.4621975 -0.4929342 1.761766 -0.2497968 -0.4929342 1.084039 0.4279303 -0.4929342 1.761766 0.4279302 -0.4890751 1.796034 0.4279302 -0.4890751 1.796034 -0.2497967 -0.4890751 1.049772 -0.2497966 -0.4890751 1.049772 0.4279303 -0.4929342 1.084039 -0.2497966 -0.4890751 1.084039 0.4621977 -0.4890751 1.761766 0.4621976 -0.4890751 1.761766 -0.2840641 0.3388635 1.761766 -0.4038674 -0.3388634 1.796034 -0.4000083 0.3388634 1.796034 -0.4000083 -0.3388635 1.084039 -0.4038673 -0.3388635 1.761766 -0.4038674 0.3388635 1.084039 -0.4038673 0.3388634 1.049772 -0.4000082 -0.3388634 1.049772 -0.4000082 -0.3731308 1.084039 -0.4000082 0.3731308 1.761766 -0.4000083 -0.3434001 0.9299845 0.4607276 -0.3739936 0.933164 0.4275972 -0.34187 0.9273874 0.4266519 -0.4056969 0.9452191 -0.2497966 -0.3731308 0.9338277 -0.2497966 -0.3760082 0.9370604 0.4631517 -0.3388635 0.9299686 -0.2497966 -0.4062264 0.9607299 0.4938241 -0.4072217 0.9501665 0.463353 -0.3456313 0.9397131 0.4932214 -0.3774247 0.9479314 0.4952505 -0.4057351 0.9451932 0.4279168 -0.4052086 0.9744858 0.5172916 -0.3486419 0.9561526 0.5226017 -0.379115 0.963892 0.521925 -0.4068605 0.991836 0.5353888 -0.3524188 0.9786668 0.5474491 -0.3818207 0.9841645 0.5436104 -0.4349197 0.9635778 -0.2497966 -0.4337375 0.9677565 0.4628108 -0.4349197 0.9635779 0.4279303 -0.4290387 0.9759487 0.4914952 -0.424445 0.9855579 0.511961 -0.4253155 0.998652 0.5254147 -0.4552983 0.9893219 0.4627049 -0.459325 0.9879833 0.4279303 -0.4468876 0.9942408 0.4915146 -0.4375216 0.999346 0.5120257 -0.4477359 1.019937 0.5175592 -0.3731308 1.761766 0.5781419 -0.4156978 1.045084 0.5613975 -0.3856556 1.009896 0.5612385 -0.4112132 1.014877 0.5500718 -0.3568288 1.006409 0.5664748 -0.4181257 1.079849 0.5665913 -0.4056969 1.761766 0.5667505 -0.4378647 1.04757 0.5440925 -0.4315767 1.019036 0.5355685 -0.4413956 1.082003 0.5480409 -0.4349197 1.761766 0.5483918 -0.4618121 1.083299 0.5237267 -0.4566135 1.048603 0.5226401 -0.459325 1.761766 0.5239863 -0.4726305 1.048463 0.4958863 -0.4614136 1.01786 0.4939718 -0.4776838 1.761766 0.4947636 -0.4844998 1.048303 0.4632962 -0.4776838 1.017206 -0.2497966 -0.4776838 1.017206 0.4279303 -0.472555 1.01604 0.4631502 -0.4781669 1.083901 0.4946856 -0.4593251 0.9879831 -0.2497966 -0.3742294 1.797503 0.5735666 -0.4049182 1.827912 0.5504019 -0.406843 1.79729 0.5615515 -0.3388634 1.8286 0.5667505 -0.3740833 1.829766 0.5616216 -0.3736381 1.856484 0.544365 -0.4024719 1.851497 0.5358199 -0.4025075 1.869616 0.5176833 -0.3388634 1.857823 0.5483917 -0.3737453 1.878046 0.5227988 -0.3388634 1.900587 0.4947636 -0.3743872 1.895388 0.4959097 -0.3388634 1.882228 0.5239863 -0.4337321 1.796648 0.54421 -0.4286166 1.82541 0.53578 -0.4230862 1.845989 0.5256584 -0.4230863 1.859495 0.512153 -0.4365918 1.845989 0.512153 -0.4056969 1.900587 -0.2497967 -0.4056969 1.900587 0.4279302 -0.3745997 1.907403 0.4632961 -0.4050089 1.884238 0.4939849 -0.4068629 1.895458 0.46315 -0.4335811 1.878201 0.4627048 -0.4349197 1.882228 -0.2497967 -0.4349197 1.882228 0.4279302 -0.428594 1.869656 0.4915387 -0.4467133 1.85152 0.4915742 -0.459325 1.857822 -0.2497967 -0.4593251 1.857823 0.4279302 -0.4551433 1.856635 0.462812 -0.4776838 1.8286 -0.2497967 -0.4776838 1.8286 0.4279302 -0.4724847 1.829746 0.4634539 -0.4613352 1.827821 0.4940757 -0.4467531 1.825375 0.5176607 -0.4844998 1.797132 0.4636665 -0.472555 1.796986 0.4959296 -0.4552983 1.796541 0.5226479 -0.3388634 0.9338277 -0.284064 -0.3745997 0.938403 -0.2851625 -0.4068629 0.9503478 -0.2850164 -0.3388634 0.9452191 -0.31663 -0.4050089 0.9615676 -0.3158513 -0.3743872 0.950418 -0.3177761 -0.4335811 0.9676045 -0.2845712 -0.428594 0.9761497 -0.3134051 -0.4551433 0.9891707 -0.2846784 -0.4467133 0.9942862 -0.3134406 -0.4724847 1.01606 -0.2853203 -0.3737453 0.9677596 -0.3446652 -0.3388634 0.9635778 -0.3458528 -0.4025075 0.9761895 -0.3395497 -0.4230863 0.986311 -0.3340194 -0.4365918 0.9998165 -0.3340194 -0.3736381 0.9893217 -0.3662315 -0.3388634 0.9879831 -0.3702581 -0.4024719 0.9943088 -0.3576863 -0.4230862 0.9998165 -0.3475249 -0.4890751 1.084039 -0.284064 -0.4776838 1.761766 -0.3166301 -0.4844998 1.048673 -0.2855329 -0.4776838 1.084039 -0.31663 -0.472555 1.04882 -0.317796 -0.4613352 1.017985 -0.3159421 -0.4593251 1.761766 -0.3458529 -0.4552983 1.049265 -0.3445143 -0.4467531 1.020431 -0.3395271 -0.459325 1.084039 -0.3458528 -0.4349197 1.761766 -0.3702583 -0.4337321 1.049157 -0.3660764 -0.4286166 1.020395 -0.3576465 -0.4349197 1.084039 -0.3702582 -0.4056969 1.761766 -0.3886171 -0.4056969 1.084039 -0.3886169 -0.406843 1.048516 -0.3834179 -0.4049182 1.017894 -0.3722684 -0.3731308 1.761766 -0.4000083 -0.3742294 1.048303 -0.3954329 0.3388634 1.017206 -0.3886169 -0.3388634 1.017206 -0.3886169 -0.3740833 1.01604 -0.3834882 0.3388634 0.9879831 -0.3702582 0.3388634 0.9635778 -0.3458528 -0.3388634 1.911978 -0.2840641 -0.3742294 1.907403 -0.285533 -0.4049182 1.884238 -0.3159422 -0.406843 1.895387 -0.2853205 -0.3388634 1.900587 -0.3166302 -0.3740833 1.895458 -0.3177962 -0.3736381 1.878201 -0.3445144 -0.4024719 1.869656 -0.3395273 -0.3388634 1.882228 -0.3458529 -0.4025075 1.851519 -0.3576466 0.3388634 1.882228 -0.3458529 0.3388634 1.857822 -0.3702583 -0.3737453 1.856635 -0.3660765 -0.3388634 1.857822 -0.3702583 -0.3388634 1.8286 -0.3886171 -0.3743872 1.829746 -0.383418 0.3388634 1.8286 -0.3886171 -0.4337321 1.878046 -0.2846786 -0.4286166 1.869616 -0.3134408 -0.4230862 1.859494 -0.3340196 -0.4230863 1.845989 -0.347525 -0.4050089 1.827821 -0.3722685 -0.4552983 1.856484 -0.2845714 -0.4467531 1.851497 -0.3134052 -0.4365918 1.845989 -0.3340195 -0.428594 1.825375 -0.3576864 -0.3745997 1.797132 -0.3954331 -0.4068629 1.796986 -0.3834883 -0.4335811 1.796541 -0.3662316 -0.4551433 1.796648 -0.3446653 -0.4467133 1.82541 -0.3395498 -0.4724847 1.79729 -0.3177762 -0.4613352 1.827912 -0.3158515 -0.4844998 1.797502 -0.2851626 -0.472555 1.829766 -0.2850166 0.3433633 0.9300193 0.460741 0.3739706 0.9331824 0.4276064 0.3763105 0.9371141 0.4628003 0.341839 0.9274165 0.4266664 0.3731308 0.9338277 -0.2497966 0.4056969 0.9452191 -0.2497966 0.405729 0.9451973 0.4279189 0.4072163 0.9501132 0.4630557 0.3455863 0.9397551 0.4932331 0.3388635 0.9299686 -0.2497966 0.4349197 0.9635778 -0.2497966 0.4335841 0.9676029 0.4627042 0.428991 0.9759233 0.4914644 0.4349197 0.9635779 0.4279303 0.4551433 0.9891708 0.4628122 0.459325 0.9879831 -0.2497966 0.4776838 1.017206 0.4279303 0.4724847 1.01606 0.463454 0.4593251 0.9879833 0.4279303 0.3776579 0.9480575 0.4952458 0.3485855 0.9562027 0.5226111 0.4062729 0.9607592 0.4937418 0.4244013 0.9855828 0.5119673 0.446833 0.9942257 0.4915528 0.3791668 0.9640912 0.5220862 0.4067619 0.9918961 0.535435 0.3816723 0.9843474 0.5437723 0.4051902 0.9745602 0.5173219 0.4252578 0.998683 0.5254211 0.4374815 0.9993666 0.5120313 0.4890751 1.084039 0.4621977 0.4776838 1.761766 0.4947636 0.4844998 1.048674 0.4636666 0.4781259 1.083913 0.4946923 0.472682 1.048774 0.4959093 0.4614014 1.017956 0.4940646 0.4593251 1.761766 0.5239863 0.4477276 1.019994 0.5175425 0.4617252 1.083325 0.523736 0.456696 1.048738 0.5224966 0.4349197 1.761766 0.5483917 0.4378916 1.047512 0.5439441 0.4315222 1.019038 0.5355351 0.4155361 1.044837 0.5613294 0.4412702 1.082044 0.548048 0.4056969 1.761766 0.5667505 0.417976 1.079903 0.5665932 0.4110386 1.014829 0.5500765 0.3731308 1.761766 0.5781419 0.3853067 1.009901 0.5613121 0.356737 1.006474 0.5664764 0.3523469 0.9787253 0.5474549 0.3731308 1.911978 -0.2497967 0.3742294 1.907403 0.4636664 0.3388634 1.900587 0.4947636 0.3740833 1.895458 0.4959296 0.4056969 1.900587 0.4279302 0.4049182 1.884238 0.4940756 0.3388634 1.882228 0.5239863 0.3736381 1.878201 0.5226478 0.4024719 1.869656 0.5176607 0.3737453 1.856635 0.54421 0.3388634 1.857823 0.5483918 0.3388634 1.8286 0.5667505 0.4025075 1.85152 0.53578 0.3743872 1.829746 0.5615515 0.406843 1.895388 0.4634539 0.4337321 1.878046 0.462812 0.4056969 1.900587 -0.2497967 0.4286166 1.869616 0.4915742 0.4230862 1.859495 0.512153 0.4050089 1.827821 0.5504019 0.4230863 1.845989 0.5256584 0.4349197 1.882228 0.4279302 0.4349197 1.882228 -0.2497967 0.459325 1.857823 0.4279302 0.4552983 1.856484 0.4627048 0.4365918 1.845989 0.5121529 0.4467531 1.851497 0.4915387 0.428594 1.825375 0.5358199 0.3745997 1.797132 0.5735666 0.4068629 1.796986 0.5616216 0.4335811 1.796541 0.544365 0.4551433 1.796648 0.5227988 0.4467133 1.82541 0.5176833 0.4724847 1.79729 0.4959097 0.4613352 1.827912 0.4939849 0.4844998 1.797503 0.4632961 0.4776838 1.8286 0.4279302 0.472555 1.829766 0.46315 0.3388634 0.9338277 -0.284064 0.3742294 0.938403 -0.2855328 0.3388634 0.9452191 -0.31663 0.3740833 0.9503478 -0.317796 0.4049182 0.9615676 -0.3159421 0.3736381 0.9676045 -0.3445142 0.4024719 0.9761497 -0.3395271 0.3737453 0.9891707 -0.3660764 0.4025075 0.9942862 -0.3576465 0.3743872 1.01606 -0.3834178 0.406843 0.9504181 -0.2853203 0.4337321 0.9677596 -0.2846784 0.4286166 0.9761895 -0.3134406 0.4230862 0.986311 -0.3340194 0.4230863 0.9998165 -0.3475249 0.4552983 0.9893218 -0.2845712 0.4467531 0.9943089 -0.3134051 0.4365918 0.9998165 -0.3340194 0.3731308 1.084039 -0.4000082 0.4056969 1.761766 -0.3886171 0.3745997 1.048673 -0.3954329 0.4056969 1.084039 -0.3886169 0.4068629 1.04882 -0.3834882 0.4050089 1.017985 -0.3722684 0.4335811 1.049265 -0.3662315 0.4349197 1.761766 -0.3702583 0.428594 1.020431 -0.3576863 0.4349197 1.084039 -0.3702581 0.459325 1.761766 -0.3458529 0.4551433 1.049157 -0.3446652 0.4467133 1.020395 -0.3395497 0.4593251 1.084039 -0.3458528 0.4776838 1.084039 -0.31663 0.4776838 1.761766 -0.3166301 0.4724847 1.048516 -0.3177761 0.4613352 1.017894 -0.3158513 0.4890751 1.761766 -0.2840641 0.4844998 1.048303 -0.2851625 0.4776838 1.017206 -0.2497966 0.472555 1.01604 -0.2850164 0.3388634 1.911978 -0.2840641 0.3745997 1.907403 -0.2851627 0.4068629 1.895458 -0.2850166 0.3388634 1.900587 -0.3166302 0.4335811 1.878201 -0.2845714 0.428594 1.869656 -0.3134052 0.4551433 1.856635 -0.2846786 0.4467133 1.851519 -0.3134408 0.4593251 1.857822 -0.2497967 0.4776838 1.8286 -0.2497967 0.4724847 1.829746 -0.2853204 0.3743872 1.895387 -0.3177762 0.4050089 1.884238 -0.3158515 0.4230863 1.859494 -0.3340195 0.4365918 1.845989 -0.3340196 0.4613352 1.827821 -0.3159422 0.3737453 1.878046 -0.3446654 0.4025075 1.869616 -0.3395499 0.3736381 1.856484 -0.3662316 0.4024719 1.851497 -0.3576864 0.4230862 1.845989 -0.347525 0.4467531 1.825375 -0.3395273 0.4844998 1.797132 -0.285533 0.472555 1.796986 -0.3177962 0.4552983 1.796541 -0.3445144 0.4337321 1.796648 -0.3660765 0.4286166 1.82541 -0.3576466 0.406843 1.79729 -0.383418 0.4049182 1.827912 -0.3722685 0.3742294 1.797502 -0.3954331 0.3740833 1.829766 -0.3834883 -0.04652971 1.260317 0.6448598 -0.06894419 1.250579 0.6296545 -0.04625739 1.240502 0.6299388 0.04676046 1.250847 0.6392464 0.04617323 1.273306 0.6495961 -0.04643112 1.228819 0.6106923 -0.05348166 1.273787 0.6485329 -0.07960118 1.266732 0.6314994 0.04674806 1.2313 0.6172372 -0.09034789 1.282968 0.6242952 -0.08429008 1.470229 0.5667007 -0.09965698 1.275979 0.5991213 -0.06744255 1.292867 0.6437627 -0.08658926 1.25141 0.6065807 -0.04564488 1.294854 0.6506682 -0.04079611 1.481796 0.5939305 -0.06557639 1.475421 0.5876333 -0.06405078 1.211817 0.5298536 -0.06807793 1.236081 0.6096993 -0.05858624 1.490613 0.5772955 -0.0605617 1.496828 0.5602732 -0.07436967 1.486501 0.5638964 -0.04019578 1.502926 0.5578186 -0.04533031 1.502726 0.5385166 -0.04125273 1.496307 0.5768918 -0.06799939 1.49391 0.5415668 0.09120773 1.256397 0.6051035 0.06306842 1.211138 0.5300204 0.09918252 1.249363 0.5208618 0.06940417 1.250524 0.6293948 0.0682051 1.236069 0.6096514 0.09963419 1.284001 0.6037327 0.0850616 1.267991 0.6260281 0.0686364 1.268654 0.6405856 0.04016639 1.504098 0.5427975 0.04064816 1.500859 0.5673439 -0.03978048 1.486906 0.46835 0.06001915 1.497243 0.5609021 0.05903764 1.49862 0.5395925 0.04614867 1.486176 0.4685107 -0.06514537 1.479897 0.4697661 0.06114127 1.490002 0.5768783 0.04096724 1.491263 0.5850729 0.07646842 1.487832 0.5428016 0.0751297 1.486943 0.5613498 0.08925783 1.470195 0.5475245 0.0843321 1.470263 0.5672043 0.07742256 1.471746 0.4714872 0.08624862 1.288464 0.6289258 0.06961455 1.475121 0.5841346 0.0462831 1.477792 0.5956232 -0.09909077 1.24937 0.5208494 -0.09011938 1.465843 0.5487668 -0.08926004 1.456395 0.474667 0.09114498 1.448633 0.4763138 0.06763126 1.292913 0.6438666 -0.08298601 1.480508 0.5440964 0.04659218 1.294894 0.6506135 -0.2799333 0.1376137 0.0127736 -0.3179825 0.02095691 0.04523356 -0.3061811 0.1376375 0.0533666 -0.2467855 0.01464057 -0.02040546 -0.2922349 0.01442382 0.000944221 -0.2730226 0.1826305 0.01471877 -0.3354686 0.02325483 0.1070026 -0.3231682 0.1379494 0.1107958 -0.313565 -0.008593533 0.04576766 -0.2483693 -0.0086639 -0.01884306 -0.2912779 -0.008597661 0.001668475 -0.3001478 0.1827187 0.05463058 -0.2383056 0.1374586 -0.007566887 -0.3157148 0.1834497 0.1133527 -0.2692625 0.216815 0.0165271 -0.1788238 0.01568824 -0.01738271 -0.2329693 0.1824863 -0.005065168 -0.1805688 0.1373424 -0.007225264 -0.1790726 -0.008067831 -0.01621897 -0.1270586 0.137439 0.01435303 -0.1149122 0.01463129 0.00584478 -0.1808818 0.1824032 -0.004788419 -0.1325839 0.1824671 0.01463953 -0.1357855 0.2167694 0.01639487 -0.1029702 0.1825985 0.04807055 -0.09620158 0.1375832 0.04898113 -0.08089033 0.01441173 0.04302521 -0.08703901 0.1376125 0.09651917 -0.08023185 0.02324878 0.1577725 -0.07352394 0.02094633 0.09390441 -0.100348 0.1834393 0.1555597 -0.09266437 0.1379384 0.1561815 -0.1044499 0.138494 0.2087761 -0.08954602 0.02360928 0.2106801 -0.09564591 -0.00863768 0.2094425 -0.08606878 -0.008618079 0.15641 -0.07782126 -0.00859436 0.09274009 -0.09279765 0.1826916 0.09526663 -0.1456807 0.2179983 0.2004644 -0.1353531 0.1868355 0.2099691 -0.1053128 0.2171691 0.1540129 -0.1489405 0.1780288 0.2308381 -0.1115268 0.1380503 0.2364474 -0.09500952 0.02363797 0.2393513 -0.1011138 -0.008644768 0.2381167 -0.3716826 0.0207377 0.322775 -0.3304393 0.1357702 0.3678012 -0.3565665 0.137332 0.3278795 -0.3641406 -0.008579411 0.2861607 -0.3658597 -0.008446881 0.3231684 -0.3354487 -0.009194973 0.3600375 -0.3702246 0.02364445 0.2851225 -0.3402983 0.01253929 0.3621893 -0.3541161 0.1379507 0.2898913 -0.3460226 0.1379967 0.2482704 -0.3563565 -0.008645288 0.2457383 -0.2615409 0.01488331 0.4091723 -0.2597576 -0.008525882 0.4009268 -0.1814442 0.2167617 -0.001575167 -0.1069392 0.2167941 0.04825677 -0.1400542 0.239501 0.02169296 -0.2305268 0.2167822 -0.002140863 -0.2647003 0.239492 0.02143513 -0.2285228 0.2395057 0.004415225 -0.2554244 0.2487216 0.03328998 -0.1827613 0.2395125 0.005257494 -0.2247438 0.2487286 0.01899114 -0.1856273 0.2487386 0.01994887 -0.1490265 0.2487285 0.03377279 -0.1129335 0.2394844 0.05106143 -0.1259733 0.2487213 0.05855595 -0.1822703 0.1357954 0.3969774 -0.1700718 0.01255709 0.3960418 -0.1799725 0.1752341 0.368437 -0.2002501 0.1670419 0.3920277 -0.1736898 -0.009190743 0.3922155 -0.2617109 0.1359846 0.4079134 -0.1315607 -0.008439468 0.3698387 -0.1260683 0.02075909 0.3716734 -0.142712 0.1373636 0.3700405 -0.2589291 0.1729347 0.3934428 -0.312329 0.1670336 0.3699467 -0.2530579 0.188508 0.3637694 -0.3220258 0.1752236 0.3404778 -0.2446002 0.1906733 0.3211732 -0.1693822 0.1770594 0.3295795 -0.3170665 0.1770526 0.3005332 -0.2351517 0.190675 0.2734581 -0.1307305 0.1379741 0.3339381 -0.1134992 0.02366104 0.3362043 -0.1194861 -0.008576847 0.3348772 -0.1608819 0.1770807 0.2860662 -0.1057206 0.02365566 0.2955604 -0.1226526 0.1380102 0.2922868 -0.1395512 0.2419511 0.06640961 -0.1619239 0.2250608 0.05150689 -0.1451478 0.2250488 0.06994913 -0.1178447 0.2487353 0.09612957 -0.1329309 0.2418385 0.09730355 -0.1582171 0.2419135 0.04632089 -0.1629675 0.2122998 0.05442094 -0.1471987 0.2122581 0.0721478 -0.1391155 0.225016 0.09792646 -0.1444415 0.2251227 0.134254 -0.1387322 0.2419493 0.1373098 -0.1420499 0.2123378 0.09852883 -0.1474827 0.2122995 0.1324411 -0.1885428 0.2418361 0.03487405 -0.1897172 0.2250445 0.04084733 -0.1903318 0.2123652 0.04393134 -0.09655145 0.2168301 0.09470732 -0.1116881 0.239512 0.1510268 -0.1031908 0.2394868 0.09498728 -0.1249368 0.2487166 0.1443131 -0.2963334 0.2168478 0.055664 -0.3104809 0.2171755 0.1139161 -0.3318158 0.1384923 0.1640099 -0.303646 0.1868299 0.1769961 -0.2902395 0.2394931 0.05847124 -0.2905173 0.2179947 0.1721617 -0.2225748 0.1992821 0.2092648 -0.2217334 0.2188554 0.2049492 -0.3355527 0.1380441 0.1923366 -0.284075 0.2395 0.1680528 -0.3034309 0.2395143 0.1135934 -0.2205697 0.2394394 0.1989912 -0.2723836 0.2486926 0.1588572 -0.288627 0.2487167 0.1123625 -0.2770833 0.2487354 0.06504827 -0.2988562 0.1780249 0.2014393 -0.1500941 0.2395011 0.1942076 -0.1574676 0.2486926 0.181286 -0.2178614 0.2487166 0.1851158 -0.2458003 0.2419479 0.0456709 -0.2635487 0.2418352 0.07180488 -0.2419714 0.2250391 0.05103345 -0.2209496 0.2419117 0.03407185 -0.2732127 0.2419477 0.1110557 -0.2194815 0.2250553 0.04025631 -0.1683115 0.2252247 0.1613115 -0.1650552 0.2420627 0.167402 -0.2149829 0.2418957 0.170368 -0.2601334 0.2420626 0.1488433 -0.2137427 0.2251541 0.1640106 -0.2548321 0.2252239 0.1444139 -0.2580758 0.2250065 0.07468711 -0.2667879 0.2251174 0.1103519 -0.2409269 0.2122538 0.05381394 -0.2556169 0.2123336 0.07632233 -0.2517399 0.2122683 0.1418197 -0.2633108 0.2122973 0.1097916 -0.213036 0.2123465 0.1603741 -0.1702182 0.2122684 0.1577539 -0.2196339 0.2122974 0.04333107 -0.153923 0.1770744 0.2504385 -0.1159934 0.1379897 0.2578793 -0.10531 -0.008644504 0.2601566 -0.09920255 0.0236518 0.261356 -0.2241929 0.1917215 0.2175877 -0.2278648 0.1906725 0.2363991 -0.1118235 -0.008644081 0.2943692 -0.3015634 0.1770727 0.221477 -0.3393858 0.1379823 0.2138897 -0.3085019 0.1770772 0.2570659 -0.3517726 0.02363567 0.1883371 -0.3401953 -0.008637167 0.1608087 -0.3456467 -0.008644829 0.1894872 -0.3463084 0.02361068 0.1596643 -0.355966 0.02364616 0.2103414 -0.3498428 -0.008645086 0.2115272 -0.329555 -0.00861621 0.107926 -0.3624835 0.02364548 0.2445427 -0.1474827 0.2122995 0.1324411 -0.213036 0.2123465 0.1603741 -0.1702182 0.2122684 0.1577539 -0.1903318 0.2123652 0.04393134 -0.2556169 0.2123336 0.07632233 -0.2633108 0.2122973 0.1097916 -0.2517399 0.2122683 0.1418197 -0.1420499 0.2123378 0.09852883 -0.1629675 0.2122998 0.05442094 -0.2196339 0.2122974 0.04333107 -0.2409269 0.2122538 0.05381394 -0.1471987 0.2122581 0.0721478 -0.114054 -0.008666034 0.007904361 -0.08206287 -0.00860193 0.04334307 0.3062705 0.1376375 0.05344761 0.3355117 0.02325483 0.1071089 0.3180789 0.02095691 0.04532477 0.2800578 0.1376137 0.01283197 0.2923697 0.01442382 0.001013182 0.2469386 0.01464052 -0.02037572 0.2384477 0.1374586 -0.007544487 0.3136609 -0.008593533 0.04585506 0.291412 -0.008597661 0.001736602 0.2485211 -0.0086639 -0.01881194 0.2731454 0.1826305 0.01477117 0.3002362 0.1827187 0.05470639 0.2331092 0.1824863 -0.005047358 0.323208 0.1379494 0.1108915 0.3157524 0.1834497 0.1134419 0.2693837 0.216815 0.01657624 0.2964209 0.2168479 0.05573651 0.1789744 0.01568824 -0.01741164 0.1807105 0.1373424 -0.007252704 0.1810215 0.1824032 -0.004815572 0.1792222 -0.008067831 -0.01624768 0.1150427 0.01463129 0.005760662 0.1271817 0.137439 0.01427939 0.1359069 0.2167695 0.01632876 0.1815811 0.2167617 -0.001601857 0.2306641 0.2167823 -0.002125165 0.1327069 0.1824671 0.01457066 0.08098874 0.01441173 0.04291169 0.09629485 0.1375832 0.04888084 0.1141827 -0.008666086 0.007819487 0.08709122 0.1376125 0.09641096 0.08023119 0.02324878 0.1576584 0.09266507 0.1379384 0.1560782 0.09560062 -0.00863768 0.2093417 0.08949969 0.02360928 0.210574 0.07357843 0.02094633 0.09378451 0.1044052 0.138494 0.2086829 0.08606931 -0.008618079 0.156301 0.1003492 0.1834393 0.1554629 0.1353074 0.1868355 0.2099026 0.1456431 0.2179983 0.2004068 0.1053154 0.2171691 0.1539205 0.09285097 0.1826916 0.09516338 0.1030643 0.1825985 0.04797611 0.09660525 0.2168301 0.09460732 0.1114582 0.1380503 0.2363602 0.1488767 0.1780288 0.2307833 0.1010438 -0.008644768 0.2380205 0.09493842 0.02363797 0.2392499 0.3715394 0.0207377 0.3229124 0.364029 -0.008579411 0.2862916 0.3701139 0.02364445 0.2852587 0.3302572 0.1357702 0.367903 0.340121 0.01253929 0.3622996 0.3657161 -0.008446881 0.3233008 0.3564189 0.1373319 0.3280038 0.3562797 -0.008645288 0.2458625 0.3624079 0.02364548 0.2446723 0.3352733 -0.009195025 0.3601436 0.2613231 0.01488331 0.4092146 0.2595469 -0.008525882 0.4009675 0.1070331 0.2167941 0.04816574 0.2286545 0.2395057 0.004429215 0.140171 0.2395011 0.02163056 0.1828923 0.2395125 0.005231958 0.2648173 0.239492 0.02148032 0.224863 0.2487286 0.01900184 0.1491329 0.2487285 0.03371811 0.1857456 0.2487386 0.01992581 0.1260583 0.2487213 0.05848134 0.113025 0.2394844 0.05097558 0.182063 0.1357953 0.3969512 0.1797899 0.1752341 0.3684088 0.142528 0.1373636 0.3699802 0.2614942 0.1359846 0.4079557 0.1734866 -0.009190743 0.3921819 0.1698654 0.01255709 0.3960051 0.200047 0.1670419 0.3920171 0.312145 0.1670336 0.3700328 0.1258829 0.02075909 0.3715987 0.1313769 -0.00843952 0.3697687 0.2528793 0.188508 0.3638044 0.2587249 0.1729347 0.3934828 0.3218672 0.1752236 0.3405723 0.2444584 0.1906733 0.321201 0.1692332 0.1770594 0.3295423 0.3169425 0.1770526 0.3006234 0.2350511 0.190675 0.2734777 0.1607704 0.1770807 0.2860217 0.3540012 0.1379507 0.2900135 0.1305777 0.1379741 0.3338675 0.1056009 0.02365566 0.2954682 0.1133444 0.02366104 0.3361188 0.1225358 0.1380102 0.2922092 0.1396294 0.2419511 0.06634676 0.1329824 0.2418385 0.09723495 0.1452229 0.2250488 0.06989111 0.1178972 0.2487353 0.09604796 0.162015 0.2250608 0.05146337 0.1444612 0.2251227 0.1341953 0.1391665 0.225016 0.09786323 0.1472719 0.2122581 0.07209154 0.163056 0.2122998 0.0543783 0.1475039 0.2122996 0.1323851 0.1421004 0.2123378 0.09846813 0.1583127 0.2419136 0.04627415 0.1886483 0.2418361 0.03485349 0.1898175 0.2250445 0.04082777 0.1116933 0.239512 0.1509399 0.1032443 0.2394868 0.09489302 0.1249478 0.2487166 0.1442376 0.2903245 0.2394931 0.05853848 0.310518 0.2171755 0.1140008 0.2905041 0.2179947 0.1722291 0.3036287 0.1868299 0.1770749 0.3318097 0.1384923 0.164113 0.2840654 0.2395001 0.1681146 0.3034683 0.2395143 0.113672 0.2225297 0.1992821 0.2092736 0.2988178 0.1780249 0.201514 0.3355221 0.1380441 0.1924429 0.221692 0.2188554 0.2049573 0.2723819 0.2486926 0.158909 0.2555312 0.2487216 0.03332715 0.2771626 0.2487354 0.06510414 0.2241406 0.1917215 0.2175979 0.150062 0.2395011 0.1941538 0.2205334 0.2394394 0.1989982 0.1574466 0.2486926 0.1812386 0.2178371 0.2487166 0.1851205 0.2458964 0.2419479 0.04569977 0.2636222 0.2418352 0.07184906 0.2886654 0.2487167 0.1124284 0.2210557 0.2419118 0.03407927 0.2420629 0.2250391 0.05105901 0.2732523 0.2419477 0.1111083 0.2581468 0.2250065 0.07472658 0.2195823 0.2250553 0.04026246 0.1387492 0.2419493 0.1372462 0.1683077 0.2252247 0.1612735 0.1650462 0.2420627 0.1673612 0.2149713 0.2418957 0.1703702 0.2601404 0.2420626 0.1488845 0.254843 0.225224 0.1444506 0.2137366 0.2251542 0.1640118 0.241016 0.2122538 0.05383859 0.2556865 0.2123337 0.07635968 0.2668282 0.2251174 0.1103989 0.2633516 0.2122973 0.1098356 0.251753 0.2122683 0.1418537 0.213033 0.2123465 0.1603746 0.1702175 0.2122684 0.1577175 0.1904294 0.2123652 0.04391233 0.219732 0.2122974 0.04333736 0.1159063 0.1379897 0.2577961 0.1538423 0.1770744 0.250388 0.1052209 -0.008644504 0.2600641 0.09911243 0.0236518 0.2612583 0.1117049 -0.008644081 0.2942823 0.2277962 0.1906725 0.2364124 0.3015076 0.1770727 0.2215539 0.3393366 0.1379823 0.2139993 0.3084154 0.1770772 0.2571488 0.3459437 0.1379967 0.2483856 0.3517454 0.02363567 0.1884574 0.3401919 -0.008637167 0.160919 0.346306 0.02361068 0.1597799 0.3456185 -0.008644881 0.1896023 0.3295974 -0.00861621 0.1080272 0.3559199 0.02364616 0.2104654 0.3497956 -0.008645086 0.2116458 0.1904294 0.2123652 0.04391233 0.2556865 0.2123337 0.07635968 0.219732 0.2122974 0.04333736 0.213033 0.2123465 0.1603746 0.1475039 0.2122996 0.1323851 0.1702175 0.2122684 0.1577175 0.2633516 0.2122973 0.1098356 0.1421004 0.2123378 0.09846813 0.163056 0.2122998 0.0543783 0.1472719 0.2122581 0.07209154 0.251753 0.2122683 0.1418537 0.241016 0.2122538 0.05383859 0.07787676 -0.00859436 0.09262393 0.08216102 -0.00860193 0.04323058 0.1193324 -0.008576847 0.3347969 -0.5896291 0.5267684 0.09923701 -0.6223083 0.4482425 0.05130296 -0.6013115 0.4367159 0.1080652 -0.5900966 0.4488878 0.1450002 -0.5742896 0.5271517 0.1388528 -0.5516882 0.5948396 0.1319358 -0.5678758 0.5977681 0.09180444 -0.6065928 0.5270783 0.04619843 -0.6345548 0.3945387 0.005453039 -0.6287336 0.3946872 0.05206352 -0.6057767 0.3965807 0.09363764 -0.576524 0.4036258 0.1010015 -0.5712368 0.4272308 0.1030518 -0.5970691 0.5806728 0.004777893 -0.6129946 0.5257091 0.0001985468 -0.5860386 0.5948397 0.04031693 -0.627385 0.4493101 0.003019325 -0.5245189 0.6234456 0.1267005 -0.5440565 0.6276846 0.08488737 -0.5648962 0.6235691 0.03211492 -0.5966488 0.5273023 -0.02527771 -0.5826846 0.5948396 -0.01008988 -0.607355 0.449138 -0.02307831 -0.6164385 0.3949111 -0.01895078 -0.5607724 0.5279967 -0.03889037 -0.5102785 0.4666764 -0.03539038 -0.5635217 0.4477984 -0.02540598 -0.5518785 0.5977681 -0.02261073 -0.536783 0.4379989 0.02154926 -0.5143886 0.5295364 -0.05080149 -0.5863024 0.3977052 -0.01164876 -0.4766514 0.5806728 -0.03609679 -0.4730583 0.5297797 -0.04523759 -0.4766514 0.4805947 -0.03609676 -0.5092266 0.5948397 -0.03502452 -0.5350512 0.6276847 0.02173981 -0.4931303 0.6235691 0.00795543 -0.4569692 0.5948398 -0.003202464 -0.4442813 0.5300048 -0.008436192 -0.4572635 0.468794 -0.003394604 -0.4939682 0.4475523 0.007788384 -0.4117548 0.5279824 0.08909961 -0.4367572 0.5977681 0.0496338 -0.4202629 0.594444 0.09541627 -0.4391112 0.4676546 0.04809649 -0.424851 0.5302184 0.04442417 -0.426911 0.4634703 0.09089419 -0.4616166 0.4424709 0.1009929 -0.4763793 0.4498596 0.06079548 -0.4529487 0.4232246 0.1264442 -0.451173 0.6234061 0.1072948 -0.4368607 0.5937126 0.1394653 -0.4098846 0.5711755 0.1278295 -0.4329383 0.5251992 0.1582628 -0.4076639 0.5151132 0.1467093 -0.4036148 0.514934 0.1203828 -0.4008404 0.4928209 0.1371398 -0.4181103 0.4415267 0.1221854 -0.4064671 0.4403116 0.1403586 -0.427663 0.3953678 0.1343911 -0.4905733 0.5158045 0.1599823 -0.5351524 0.4483884 0.1639942 -0.4915132 0.4329983 0.1480476 -0.4618855 0.5169936 0.1656532 -0.4751225 0.5881948 0.1520513 -0.4771857 0.4932722 0.1646913 -0.5206258 0.3986892 0.1482737 -0.5223204 0.5260129 0.1624484 -0.5543477 0.5257971 0.1596171 -0.5694592 0.4500141 0.164473 -0.4684489 0.3952306 0.1624175 -0.4769648 0.4396344 0.1646119 -0.5208962 0.4066471 0.1232572 -0.4990884 0.4364736 0.1149595 -0.5405318 0.5806728 0.1515702 -0.5146872 0.5941084 0.1523573 -0.4904915 0.6271908 0.1194339 -0.5461114 0.3968071 0.1653562 -0.5285839 0.4470761 0.0833785 -0.541647 0.4123794 0.104967 -0.5712368 0.4272308 0.1030518 -0.4489346 0.3936153 0.1362005 -0.467195 0.3946907 0.1478832 -0.5130539 0.6319584 0.07553199 -0.4719183 0.6276847 0.06200695 -0.5280683 0.3656398 0.1258227 -0.5284346 0.3625237 0.1499635 -0.5448129 0.3308019 0.1085185 -0.5463461 0.3675096 0.1080105 -0.5276868 0.3302118 0.1256932 -0.5658059 0.3077822 0.1166729 -0.5716226 0.3302119 0.108974 -0.5738091 0.3656398 0.1083264 -0.5290603 0.3301787 0.1491474 -0.5336418 0.3113956 0.1457269 -0.5344575 0.3077824 0.1279915 -0.5454296 0.3113955 0.1137035 -0.5506894 0.3610693 0.1665239 -0.5507815 0.3296406 0.1651653 -0.5578797 0.3001997 0.1359419 -0.551882 0.3077824 0.1558656 -0.6199418 0.3568452 -0.01758088 -0.6164719 0.3234152 -0.01596954 -0.6362645 0.3566376 0.006033363 -0.6063988 0.3001587 2.363403e-05 -0.6335671 0.3237683 0.007181717 -0.5926169 0.3582997 -0.008782407 -0.5889716 0.323976 -0.007955824 -0.6297789 0.3568453 0.05202823 -0.623543 0.3040035 0.01376425 -0.5663603 0.3239865 0.03050136 -0.5860096 0.3040035 0.001023909 -0.5913309 0.2920904 0.03897741 -0.5696143 0.3001587 0.03160588 -0.6163571 0.3001588 0.04747231 -0.5564878 0.4102527 0.07690697 -0.5622434 0.4047658 0.0293133 -0.5771964 0.3967387 0.1665883 -0.5950365 0.3987075 0.1230895 -0.5956089 0.3968725 0.1483958 -0.5640053 0.3040034 0.06584925 -0.5795725 0.3001587 0.07905453 -0.6015386 0.3040036 0.07858958 -0.6279403 0.3234151 0.05140413 -0.5778285 0.3239865 0.09787499 -0.6054843 0.323976 0.08991405 -0.5608888 0.3245993 0.07477652 -0.5632778 0.3632855 0.07765138 -0.5796006 0.3614158 0.1012656 -0.6069255 0.3582996 0.09246715 -0.5697635 0.3614157 0.03165655 -0.5846906 0.3113956 0.1270303 -0.5832302 0.3077824 0.1445469 -0.5734514 0.3113956 0.15924 -0.5947173 0.3296406 0.1484461 -0.5949667 0.3625237 0.1245143 -0.5928452 0.3301787 0.1248226 -0.5964302 0.3610693 0.1490275 -0.5782711 0.3299709 0.1658516 -0.5792496 0.3608617 0.1672122 -0.4122166 0.4455854 0.1552316 -0.4351666 0.4484346 0.1674024 -0.4197446 0.3965014 0.1592309 -0.4612389 0.4455854 0.1718717 -0.4368838 0.3964808 0.1699849 -0.4169002 0.3953998 0.1449014 -0.4570849 0.3965014 0.1719057 -0.4515006 0.3745157 0.167398 -0.4579006 0.3745157 0.1485433 -0.4466149 0.3706954 0.1424085 -0.4564214 0.3706954 0.1585547 -0.4427136 0.362678 0.1539017 -0.4388124 0.3706953 0.165395 -0.4339266 0.3745157 0.1404055 -0.4290059 0.3706954 0.1492488 -0.4275266 0.3745157 0.1592602 -0.5720761 0.4057379 0.1070139 0.5896385 0.5267684 0.09917227 0.6222666 0.4482424 0.05120343 0.6065456 0.5270784 0.04611563 0.5517325 0.5948396 0.1319115 0.5743413 0.5271517 0.1388044 0.5901548 0.4488878 0.1449349 0.6013302 0.4367159 0.107988 0.6286927 0.3946872 0.05195711 0.6344643 0.3945387 0.005340445 0.6057801 0.3965808 0.09355568 0.5678773 0.5977681 0.09176288 0.6272918 0.44931 0.002914346 0.6128984 0.5257091 0.0001089526 0.5765353 0.4036258 0.1009507 0.6163219 0.3949111 -0.01904401 0.607234 0.449138 -0.02316189 0.5965255 0.5273022 -0.02534988 0.5969777 0.5806728 0.004705268 0.5648341 0.6235691 0.03207658 0.5859852 0.5948396 0.04025605 0.5825775 0.5948396 -0.01014716 0.5440506 0.6276846 0.0848712 0.5245575 0.6234456 0.1267051 0.5606346 0.5279967 -0.03892427 0.5101445 0.4666764 -0.03537045 0.5142381 0.5295363 -0.05078596 0.5367097 0.4379991 0.0215409 0.4938802 0.4475523 0.007825668 0.5633983 0.4477984 -0.02544282 0.4765166 0.4805947 -0.03604098 0.4729138 0.5297796 -0.04517794 0.551758 0.5977681 -0.02263515 0.4571635 0.468794 -0.003318166 0.4765166 0.5806728 -0.03604099 0.509093 0.5948396 -0.03500346 0.444176 0.5300048 -0.008345919 0.4568694 0.5948398 -0.003125732 0.4930425 0.6235691 0.007993607 0.5349779 0.6276847 0.02173331 0.4117535 0.5279824 0.08922449 0.4367138 0.5977681 0.04973206 0.424802 0.5302184 0.04453512 0.4390661 0.4676546 0.04819224 0.4269116 0.4634703 0.09100292 0.461628 0.442471 0.1010646 0.4529871 0.4232246 0.1265252 0.4181443 0.4415266 0.1223035 0.4036469 0.514934 0.1205163 0.4008903 0.4928209 0.1372762 0.407724 0.5151131 0.1468385 0.4099246 0.5711755 0.1279564 0.42771 0.3953678 0.134499 0.4065205 0.4403116 0.1404891 0.4202683 0.594444 0.09553209 0.4330108 0.5251992 0.1583651 0.4369131 0.5937127 0.1395635 0.4511911 0.6234061 0.1073776 0.4906476 0.5158044 0.1600232 0.4619658 0.5169936 0.1657246 0.477265 0.4932721 0.1647464 0.5352309 0.4483884 0.1639875 0.5223973 0.5260129 0.1624554 0.5695381 0.4500142 0.1644297 0.5544214 0.5257971 0.1595899 0.5206876 0.3986892 0.1482825 0.5461913 0.3968071 0.1653378 0.4915746 0.4329983 0.1480874 0.5405971 0.5806728 0.1515578 0.4751882 0.5881947 0.1521085 0.4770439 0.4396344 0.1646673 0.4685257 0.3952306 0.1624818 0.4672564 0.3946908 0.147949 0.5209313 0.4066471 0.1232657 0.5772775 0.3967387 0.1665367 0.5147533 0.5941085 0.1523724 0.4905225 0.6271908 0.1194748 0.4763478 0.4498595 0.0608515 0.5285764 0.4470761 0.08337884 0.4991147 0.4364736 0.1149913 0.5416625 0.4123796 0.1049534 0.5712502 0.4272308 0.1030067 0.5564734 0.4102527 0.07687756 0.4489835 0.3936154 0.1362857 0.5130381 0.6319584 0.0755489 0.471888 0.6276847 0.06206771 0.5281061 0.3656398 0.1258236 0.5448322 0.3308019 0.1085015 0.5277244 0.3302118 0.1256945 0.5463649 0.3675096 0.1079919 0.5658338 0.3077824 0.1166335 0.5454544 0.3113955 0.1136859 0.5344977 0.3077824 0.1279855 0.5337008 0.3113956 0.1457219 0.5284982 0.3625237 0.149964 0.5716424 0.3302119 0.1089285 0.5579282 0.3001997 0.135911 0.529123 0.3301785 0.1491472 0.5507706 0.3610694 0.1665006 0.5508612 0.3296406 0.1651419 0.5519518 0.3077824 0.155841 0.5861936 0.3977054 -0.01170989 0.6198266 0.3568452 -0.01767786 0.6361745 0.3566375 0.005918983 0.6163585 0.3234151 -0.01606283 0.6297379 0.3568453 0.05192069 0.6334783 0.3237683 0.007070192 0.5925112 0.3582996 -0.008850266 0.6234613 0.3040034 0.01366341 0.6063024 0.3001588 -5.891934e-05 0.6278986 0.3234152 0.05129855 0.5888667 0.323976 -0.008019798 0.5859144 0.3040035 0.000963078 0.591276 0.2920904 0.03891089 0.5695515 0.3001587 0.03156252 0.5662964 0.3239865 0.03046144 0.5621783 0.4047658 0.02927779 0.5956707 0.3968725 0.1483246 0.5950714 0.3987075 0.123019 0.5639791 0.3040035 0.06581183 0.6163113 0.3001587 0.04737911 0.601526 0.3040035 0.07851214 0.5795604 0.3001587 0.07900053 0.6054838 0.323976 0.0898324 0.5778365 0.3239864 0.09782282 0.5608722 0.3245993 0.07474243 0.5796121 0.3614158 0.1012116 0.5632642 0.3632855 0.07761474 0.6069275 0.3582996 0.09238398 0.5697009 0.3614157 0.03161302 0.5847296 0.3113956 0.1269708 0.583288 0.3077822 0.144489 0.5735248 0.3113956 0.1591924 0.5928819 0.3301785 0.1247544 0.5947792 0.3296406 0.1483759 0.5783515 0.3299709 0.1657989 0.5738282 0.3656398 0.1082785 0.5950031 0.3625236 0.1244438 0.5964928 0.3610693 0.1489555 0.5793315 0.3608617 0.1671585 0.4352488 0.4484346 0.1675023 0.4198181 0.3965014 0.1593472 0.4369687 0.3964809 0.170083 0.4122858 0.4455854 0.1553559 0.4613259 0.4455854 0.1719438 0.4571718 0.3965014 0.1719822 0.4169583 0.3953998 0.1450207 0.4515827 0.3745157 0.1674804 0.4564941 0.3706954 0.1586319 0.4579627 0.3745157 0.1486189 0.4427814 0.362678 0.1539936 0.4466704 0.3706954 0.1424962 0.4388924 0.3706954 0.165491 0.43398 0.3745157 0.1405067 0.4276001 0.3745157 0.1593683 0.4290686 0.3706953 0.1493552 0.5720937 0.4057379 0.1069678 0.5712502 0.4272308 0.1030067 -0.4651615 1.556398 0.1316312 -0.5039734 1.554868 -0.03399869 -0.5341224 1.554947 -0.02542148 -0.4787306 1.540315 0.1546449 -0.456077 1.545297 0.1524248 -0.4782702 1.543509 -0.04120681 -0.4904043 1.538363 -0.05671146 -0.4350124 1.556318 0.123054 -0.5625265 1.538553 -0.03619317 -0.5598257 1.543723 -0.01800481 -0.4908647 1.545174 0.1390479 -0.5130579 1.543386 -0.05458364 -0.4259279 1.545218 0.1438475 -0.4079588 1.542543 0.1249862 -0.5704723 1.516491 -0.0147242 -0.5689101 1.516272 -0.03844232 -0.5015113 1.311008 0.1442394 -0.5015113 1.517941 0.1423285 -0.5689101 1.309339 -0.03653142 -0.5704723 1.309558 -0.01281331 -0.4817802 1.311171 0.1618997 -0.4817802 1.518104 0.1599888 -0.4908647 1.28372 0.1414622 -0.5625265 1.287103 -0.03387121 -0.5598256 1.282269 -0.01559048 -0.5168209 1.516046 -0.06290168 -0.4873547 1.516058 -0.06164432 -0.4873547 1.309124 -0.05973341 -0.5168209 1.309113 -0.06099078 -0.5469699 1.309192 -0.05241358 -0.5469699 1.516125 -0.05432447 -0.5432071 1.282011 -0.04359211 -0.4904043 1.286914 -0.05438949 -0.5130579 1.281931 -0.05216929 -0.4787306 1.288866 0.1569669 -0.452314 1.311183 0.1631571 -0.4651615 1.272361 0.1342541 -0.456077 1.283843 0.1548391 -0.5039734 1.270831 -0.03137581 -0.4350124 1.272282 0.1256769 -0.4259279 1.283764 0.1462618 -0.5341224 1.27091 -0.02279861 -0.452314 1.518116 0.1612462 -0.5432071 1.543465 -0.04600645 -0.4079588 1.286091 0.1273544 -0.4782702 1.282055 -0.03879247 -0.4079588 1.286091 0.1273544 0.4676611 1.556398 0.1316312 0.536622 1.554947 -0.02542148 0.506473 1.554868 -0.03399869 0.437512 1.556318 0.123054 0.4585766 1.545297 0.1524248 0.4812302 1.540315 0.1546449 0.5650261 1.538553 -0.03619317 0.5457066 1.543465 -0.04600645 0.5155575 1.543386 -0.05458364 0.4933643 1.545174 0.1390479 0.5623253 1.543723 -0.01800481 0.4929039 1.538363 -0.05671146 0.4807698 1.543509 -0.04120682 0.4104584 1.542543 0.1249862 0.4284275 1.545218 0.1438475 0.5729719 1.516491 -0.0147242 0.5040109 1.517941 0.1423285 0.5040109 1.311008 0.1442394 0.5714097 1.309339 -0.03653142 0.5714097 1.516272 -0.03844232 0.5729719 1.309558 -0.01281331 0.4842797 1.311171 0.1618997 0.4933643 1.28372 0.1414622 0.5623253 1.282269 -0.01559048 0.5650261 1.287103 -0.03387121 0.5494695 1.516125 -0.05432447 0.5494695 1.309192 -0.05241358 0.5193205 1.516046 -0.06290168 0.5457066 1.282011 -0.04359211 0.5193205 1.309113 -0.06099078 0.4898543 1.309124 -0.05973341 0.4898543 1.516058 -0.06164432 0.5155575 1.281931 -0.05216929 0.4929039 1.286914 -0.05438951 0.4812302 1.288866 0.1569669 0.4585766 1.283843 0.1548391 0.4676611 1.272361 0.1342541 0.437512 1.272282 0.1256769 0.506473 1.270831 -0.03137581 0.536622 1.27091 -0.02279861 0.4548136 1.311183 0.1631571 0.4548136 1.518116 0.1612462 0.4842797 1.518104 0.1599888 0.4807698 1.282055 -0.03879247 0.4284275 1.283764 0.1462618 0.4104584 1.286091 0.1273544 0.4104584 1.286091 0.1273544 0.2113519 1.016002 -0.1433671 0.1739175 1.016937 -0.0840385 -0.1739054 1.016937 -0.08405061 -0.1519819 1.016937 -0.1059741 -0.2113106 1.016002 -0.1434085 -0.1547171 1.017102 -0.08678062 -0.1364882 1.017324 -0.06854475 -0.08356035 1.017324 -0.0904682 -0.1364882 1.017324 -0.06854475 -0.1739054 1.016937 -0.08405061 -0.1584116 1.017324 -0.0156169 0.1519941 1.016937 -0.1059619 0.1739175 1.016937 -0.0840385 0.2113519 1.016002 -0.1433671 0.1547241 1.017102 -0.08677367 0.1364882 1.017324 -0.06854475 0.1584116 1.017324 -0.0156169 0.1364882 1.017324 -0.06854475 0.1519941 1.016937 -0.1059619 0.08356035 1.017324 -0.0904682 -0.08356035 1.017324 -0.0904682 -0.2113106 1.016002 -0.1434085 -0.1519819 1.016937 -0.1059741 0.1519941 1.016937 -0.1059619 -0.2051439 0.5783111 0.3660369 0.1962789 0.5075351 0.3584439 0.2051439 0.5783111 0.3660369 -0.2313289 0.5075351 0.351472 -0.196279 0.5075351 0.3584439 0.2954619 0.578311 -0.1345689 -0.2954619 0.578311 -0.1345689 -0.2885868 0.5783111 0.3102821 -0.2397071 0.5783111 0.3591618 -0.2954619 0.5783111 0.2757189 0.280897 0.507535 0.3019039 0.2313289 0.5075351 0.351472 -0.2878689 0.507535 0.2668539 0.2878689 0.507535 0.2668539 0.2954619 0.5783111 0.2757189 0.2878689 0.507535 -0.1257039 0.280897 0.507535 -0.1607539 -0.2878689 0.507535 -0.1257039 -0.1962789 0.507535 -0.2172939 0.196279 0.507535 -0.2172939 0.2610428 0.507535 -0.1904678 0.2397071 0.5783111 0.3591618 0.2885869 0.5783111 0.3102821 0.2885868 0.578311 -0.1691322 0.2051439 0.578311 -0.224887 0.2313289 0.507535 -0.210322 -0.2051439 0.578311 -0.224887 0.2690084 0.578311 -0.1984334 0.2397071 0.578311 -0.2180119 -0.2885869 0.578311 -0.1691322 -0.2397071 0.578311 -0.2180119 -0.2690084 0.578311 -0.1984334 -0.2610428 0.507535 -0.1904678 -0.280897 0.507535 -0.1607539 -0.2313289 0.507535 -0.210322 -0.280897 0.507535 0.3019039 -0.2610428 0.5075351 0.3316178 -0.2690084 0.5783111 0.3395834 0.2610428 0.5075351 0.3316178 0.2690084 0.5783111 0.3395834 -0.04155347 0.5940578 0.3728126 0.04155347 0.5963138 0.3226269 -0.04155347 0.5963138 0.3226269 0.04155347 0.5940578 0.3728126 -0.04815382 0.5044411 0.3687841 -0.03051871 0.5764405 0.3720206 -0.04815382 0.5874641 0.3725162 -0.03051871 0.5154646 0.3692796 -0.04348667 0.5893954 0.372603 -0.04348667 0.5025098 0.3686973 -0.03051871 0.5161814 0.3533353 -0.03051871 0.5771572 0.3560763 -0.03051871 0.5764405 0.3720206 -0.03051871 0.5154646 0.3692796 -0.04815382 0.5897201 0.3223305 -0.04815382 0.5044411 0.3687841 -0.04815382 0.5874641 0.3725162 -0.04815382 0.506697 0.3185984 0.04815382 0.5897201 0.3223305 0.04815382 0.5044411 0.3687841 0.04815382 0.506697 0.3185984 0.04815382 0.5874641 0.3725162 -0.04155347 0.4978473 0.3684877 -0.03051871 0.5154646 0.3692796 -0.04348667 0.5025098 0.3686973 0.03051871 0.5154646 0.3692796 0.04155347 0.4978473 0.3684877 0.04348667 0.5025098 0.3686973 0.04155347 0.5940578 0.3728126 0.03051871 0.5764405 0.3720206 0.04348667 0.5893954 0.372603 -0.03051871 0.5764405 0.3720206 -0.04155347 0.5940578 0.3728126 -0.04348667 0.5893954 0.372603 0.04815382 0.5044411 0.3687841 0.03051871 0.5154646 0.3692796 0.04348667 0.5025098 0.3686973 0.03051871 0.5764405 0.3720206 0.04815382 0.5874641 0.3725162 0.04348667 0.5893954 0.372603 -0.03051871 0.5771572 0.3560763 0.03051871 0.5764405 0.3720206 -0.03051871 0.5764405 0.3720206 0.03051871 0.5771572 0.3560763 0.03051871 0.5764405 0.3720206 0.03051871 0.5161814 0.3533353 0.03051871 0.5154646 0.3692796 0.03051871 0.5771572 0.3560763 0.03051871 0.5161814 0.3533353 -0.03051871 0.5161814 0.3533353 -0.03051871 0.5154646 0.3692796 0.03051871 0.5154646 0.3692796 -0.04815382 0.5044411 0.3687841 -0.04155347 0.4978473 0.3684877 -0.04348667 0.5025098 0.3686973 -0.04155347 0.5940578 0.3728126 -0.04815382 0.5874641 0.3725162 -0.04348667 0.5893954 0.372603 0.04815382 0.5874641 0.3725162 0.04155347 0.5940578 0.3728126 0.04348667 0.5893954 0.372603 0.04155347 0.4978473 0.3684877 0.04815382 0.5044411 0.3687841 0.04348667 0.5025098 0.3686973 -0.04815382 0.5044411 0.3687841 -0.04155347 0.5001033 0.318302 -0.04155347 0.4978473 0.3684877 -0.04815382 0.506697 0.3185984 -0.04155347 0.5940578 0.3728126 -0.04155347 0.5963138 0.3226269 -0.04815382 0.5897201 0.3223305 -0.04815382 0.5874641 0.3725162 0.04815382 0.5044411 0.3687841 0.04155347 0.5001033 0.318302 0.04815382 0.506697 0.3185984 0.04155347 0.4978473 0.3684877 0.04155347 0.5940578 0.3728126 0.04815382 0.5897201 0.3223305 0.04155347 0.5963138 0.3226269 0.04815382 0.5874641 0.3725162 0.04155347 0.4978473 0.3684877 -0.04155347 0.4978473 0.3684877 -0.04155347 0.5001033 0.318302 0.04155347 0.5001033 0.318302 -0.5198904 1.770343 -0.4390439 -0.5197244 1.840592 0.5922321 0.5197863 1.770343 -0.4390439 -0.5447668 1.830693 0.5770203 -0.5410833 1.756516 -0.4554627 -0.5439127 1.761577 -0.4384468 -0.5437484 1.827851 0.5917548 -0.3966693 1.841541 0.7344073 -0.380232 1.849671 0.7255097 0.3801278 1.849671 0.7255097 0.5196203 1.840592 0.5922321 0.5447204 1.76151 -0.4384421 0.5409796 1.756516 -0.455463 0.5446627 1.830693 0.5770204 0.3965651 1.841541 0.7344073 0.5300567 1.832844 0.6066405 -0.5197244 1.719778 0.6004616 0.3801278 1.728857 0.7337395 -0.380232 1.728857 0.7337395 -0.5301608 1.729408 0.6136863 -0.5437484 1.732337 0.5982612 -0.3966693 1.738118 0.7414523 0.5197863 1.649529 -0.4308143 0.5196203 1.719778 0.6004616 -0.5198904 1.649529 -0.4308143 0.5446627 1.727522 0.5840482 0.5218612 1.656854 -0.4525757 0.5409791 1.661002 -0.4489565 0.5436443 1.732337 0.5982612 0.5300567 1.729408 0.6136863 0.3965651 1.738118 0.7414523 -0.5410836 1.661002 -0.4489567 -0.5219653 1.656854 -0.4525755 -0.5447668 1.727522 0.5840483 -0.5448245 1.658363 -0.4314159 0.5549744 1.808623 0.5643402 0.5485243 1.749532 0.595834 0.5549744 1.74767 0.5684921 0.5549744 1.740413 -0.4370051 0.5549744 1.67946 -0.432853 0.5438085 1.658296 -0.4314114 0.5467429 1.678018 -0.4540172 0.5458834 1.738971 -0.4581692 0.3822158 1.742866 0.7528412 0.3668273 1.739065 0.7543064 -0.3669315 1.739065 0.7543064 -0.3823199 1.742866 0.7528412 -0.3669315 1.842346 0.7472711 0.3668274 1.842346 0.7472711 0.3822158 1.83838 0.7463349 -0.3823199 1.83838 0.7463351 0.5239362 1.738374 -0.4669358 -0.5240403 1.677421 -0.4627837 -0.5240403 1.738374 -0.4669358 0.5239362 1.677421 -0.4627837 -0.5459876 1.678018 -0.4540172 -0.5468471 1.738971 -0.4581692 0.5329521 1.812098 0.6153624 0.4065873 1.759389 0.7405395 0.5329521 1.751145 0.6195144 0.4065873 1.820342 0.7363876 0.3819244 1.760405 0.7554536 -0.5550785 1.808623 0.5643402 -0.5550785 1.67946 -0.432853 -0.5550785 1.74767 0.5684921 -0.5486284 1.749532 0.595834 -0.5550785 1.740413 -0.4370051 -0.353631 1.821779 0.7574792 0.3535269 1.760826 0.7616313 0.3535269 1.821779 0.7574792 -0.353631 1.760826 0.7616313 0.3819244 1.821358 0.7513016 -0.3820285 1.821358 0.7513016 -0.3820285 1.760405 0.7554536 -0.4066915 1.759389 0.7405395 -0.4066915 1.820342 0.7363876 -0.5330563 1.751145 0.6195144 -0.5330563 1.812098 0.6153624 -0.5301608 1.832844 0.6066405 -0.5219653 1.760135 -0.4596109 0.5218612 1.760135 -0.4596109 -0.5486284 1.810485 0.5916819 0.5485243 1.810485 0.5916819 0.5436443 1.827851 0.5917548 -0.296501 2.065767 -0.1421529 -0.2973895 2.084128 0.05324574 -0.2908764 2.076641 0.05670537 -0.2575673 2.048339 -0.186625 -0.2950904 2.069024 -0.1438814 -0.2348649 2.033463 -0.1595966 -0.3048526 2.139723 0.278466 -0.2782521 2.102534 0.2701523 -0.3480109 2.117328 0.03737556 -0.2422512 2.033026 -0.1211096 0.3032444 2.065428 -0.1423328 0.241279 2.03341 -0.159651 0.2489455 2.032923 -0.1212393 0.263899 2.048265 -0.1867183 0.3042207 2.083624 0.05347845 0.3012262 2.069037 -0.1439012 0.2873002 2.103279 0.270174 0.3123686 2.138851 0.2781633 0.2986824 2.077085 0.05650037 0.3543408 2.11718 0.03744373 0.2480862 2.040849 0.07360309 0.2452242 2.059596 0.2678344 0.2398077 2.069426 0.305353 0.3242732 2.187927 0.3536218 0.354772 2.198171 0.3506757 0.261255 2.099689 0.3183704 -0.4428881 2.125192 0.0316047 -0.4112629 2.091573 -0.3692949 -0.4427025 2.086212 -0.3987084 -0.4914243 2.062537 -0.3966072 -0.4914818 2.101714 0.03346805 -0.4047383 2.227887 0.4292559 -0.4096361 2.127841 0.03124352 -0.4437737 2.228574 0.4595484 -0.3396021 2.245025 0.4642972 -0.3482459 2.198449 0.3508534 -0.348285 2.091622 -0.2568992 -0.4917425 2.200553 0.4582303 -0.4834289 2.201618 0.4982782 -0.446665 2.218063 0.5079885 0.4488594 2.174577 0.5310003 0.3522272 1.815074 0.5700365 0.4491952 1.814128 0.5593645 0.4975598 2.163233 0.5095279 0.4895825 2.201692 0.4983059 0.1788787 2.172934 0.5430206 0.1958698 1.819131 0.5921525 0.3471084 2.190697 0.5369086 0.1756709 2.216894 0.5169371 -0.1002933 2.245967 0.4258326 -0.06012044 2.270905 0.4586728 -0.05982808 2.262753 0.4244089 -0.1584545 2.206635 0.3880956 -0.1648924 2.228863 0.4282123 -0.1015097 2.253107 0.462607 0.003158779 2.281635 0.4558165 -0.1248136 2.202783 0.3773961 -0.03167026 2.27208 0.5054526 0.1707396 2.218563 0.4283323 0.410843 2.227882 0.4292211 0.317079 2.200811 0.3775477 0.06610552 2.262896 0.4244355 0.06648083 2.270914 0.4576252 0.172545 2.226852 0.4673213 0.3457258 2.24507 0.4645077 0.3463169 2.23499 0.5132011 0.4528555 2.218158 0.5080277 0.4500552 2.228582 0.4596982 0.4491265 2.125182 0.03160596 0.4157583 2.127841 0.03124352 0.5177321 2.052777 0.03691098 0.5177321 1.80847 0.4853314 0.5177321 1.776239 0.05574828 0.5177321 2.150117 0.4620589 0.5177321 2.013603 -0.3921992 0.4976381 2.101711 0.03346842 0.4976582 1.812194 0.5345564 0.03295976 1.82144 0.5953256 0.04136618 2.271715 0.5052783 0.00732229 2.242794 0.5288538 -0.164207 2.172344 0.5431024 -0.1472443 1.819131 0.5921525 -0.1390243 2.227751 0.5148575 -0.3340009 1.815074 0.5700365 0.1285991 2.019348 -0.1004167 0.007463896 2.023154 0.08408633 0.1291538 2.024162 0.08319457 0.003402703 2.028617 -0.1644998 0.004227358 2.019081 -0.1009183 0.18673 2.025147 0.08172113 0.186084 2.019919 -0.1007593 0.1874165 2.039483 0.2634997 0.1340912 2.028445 -0.1641207 -0.1684959 2.007941 -0.4586437 -0.3400529 1.745844 -0.4407901 -0.3400529 2.007941 -0.4586437 -0.1684959 1.745844 -0.4407901 -0.1684959 2.058286 -0.4428634 -0.4426268 1.745844 -0.4407901 -0.4426269 2.007941 -0.4586437 0.00306112 2.007941 -0.4586437 0.00306112 1.745844 -0.4407901 -0.5116099 2.013603 -0.3921992 -0.51161 1.776239 0.05574828 -0.51161 2.052777 0.03691098 -0.4824711 2.049837 -0.4336437 -0.4914052 2.009834 -0.4391985 -0.5116098 1.749918 -0.3742374 -0.5116098 1.80847 0.4853314 -0.5116099 2.150117 0.4620589 0.1746181 2.058285 -0.44287 0.1746181 2.007941 -0.4586437 0.1746181 1.745844 -0.4407901 0.3461751 2.007941 -0.4586437 0.3461751 1.745844 -0.4407901 -0.3391187 2.190629 0.5369146 -0.4427372 2.174239 0.5310233 -0.4430147 1.814083 0.5588565 -0.3406643 2.086243 -0.3985398 -0.1684959 2.091033 -0.3680673 -0.1684959 2.085755 -0.398358 -0.442665 2.058433 -0.4429514 -0.3176196 2.089327 -0.3064327 -0.1628656 2.088721 -0.3055123 0.00306112 2.092737 -0.3687674 0.00306112 2.086971 -0.3985583 -0.3402319 2.058429 -0.4429166 0.3467861 2.086234 -0.398587 0.1746181 2.085751 -0.3983807 0.1746181 2.091033 -0.3680673 0.3237419 2.089327 -0.3064327 0.4173852 2.091573 -0.3692949 0.4489056 2.086198 -0.398784 0.1523326 2.138925 0.3507115 0.2125931 2.111314 0.343313 0.1453297 2.108991 0.3450605 0.2304742 2.147159 0.3487717 0.009377254 2.107406 0.3410858 0.005852723 2.201597 0.3498084 0.0411444 2.242224 0.3752578 0.1640977 2.189496 0.3785894 0.2010415 2.063176 0.3141305 -0.3396473 2.234957 0.5131411 -0.2318308 2.225654 0.4275536 -0.2333892 2.234077 0.4659597 -0.1663474 2.236721 0.4657837 -0.3093448 2.200815 0.377581 -0.1972194 2.220045 0.516376 -0.1492728 2.067112 -0.2464794 -0.2080304 2.053173 -0.2237969 -0.141513 2.052882 -0.2236549 -0.223727 2.067306 -0.2470989 -0.3177172 2.084497 -0.2658692 -0.1936419 2.028664 -0.1644302 -0.2652249 2.056651 -0.1990552 0.003061119 2.069114 -0.247666 0.003061119 2.053716 -0.2237222 0.147635 2.05288 -0.223654 0.1553952 2.067112 -0.2464799 0.2000985 2.028663 -0.1644296 0.2141521 2.053172 -0.2237968 0.00306112 2.091018 -0.3064373 0.2298492 2.067306 -0.2470989 -0.1274255 2.028447 -0.1641205 -0.1163815 2.060906 0.3167704 -0.1304832 2.108991 0.3450527 0.1343671 2.060905 0.3167721 0.0107954 2.058986 0.3172367 -0.03255726 2.242489 0.3752418 -0.1398506 2.13892 0.3506995 0.003728802 2.256867 0.3839619 0.2713539 2.056657 -0.1990651 0.1689879 2.088721 -0.3055124 0.5177321 1.749918 -0.3742374 0.4975275 2.009833 -0.4391985 -0.1841107 2.192491 0.3782433 -0.2025145 2.111362 0.3430891 -0.2215401 2.147399 0.3488271 -0.1907194 2.063311 0.3139388 0.4487491 2.007941 -0.4586437 0.4487491 1.745844 -0.4407901 -0.2295295 2.069292 0.3052613 -0.1160648 2.024162 0.08319457 -0.1115109 2.038033 0.2660773 0.01069853 2.036175 0.2683727 0.1297081 2.038031 0.266075 -0.1206213 2.019349 -0.1004148 -0.1781213 2.025188 0.08166099 -0.1769848 2.039664 0.2633392 -0.1792933 2.019921 -0.1007636 -0.2397202 2.040731 0.07364553 -0.2351764 2.059432 0.2678053 -0.3170554 2.188123 0.3537094 -0.2513944 2.099192 0.3182412 -0.273122 2.136317 0.3254165 -0.4914052 1.747037 -0.4212973 0.4975691 2.062532 -0.3966452 0.4886105 2.049835 -0.4336599 0.3544112 2.091626 -0.2569006 0.4975275 1.747037 -0.4212973 -0.4914376 2.163064 0.5095394 -0.4915188 1.812181 0.5344075 0.2815665 2.135908 0.3252954 0.3238423 2.084499 -0.2658725 0.003125915 2.273847 0.4220251 0.4488279 2.05843 -0.4429725 0.3463541 2.058426 -0.4429303 0.4979101 2.200566 0.45831 0.004071644 2.281768 0.4947578 -0.167356 2.230038 0.5060139 0.00306112 2.058642 -0.442922 0.01587325 1.900851 0.5913314 -8.404651e-15 1.909617 0.5899991 0.004649169 1.899416 0.5915497 0.05717922 1.925996 0.5875095 -7.985359e-15 2.090995 0.5624305 -0.01587325 1.900851 0.5913314 -0.004649169 1.899416 0.5915497 -8.42285e-15 1.897542 0.5918345 0.04698365 2.090995 0.5624305 -0.0571735 1.925996 0.5875095 -0.0447094 2.137278 0.5553959 -0.05411781 2.120507 0.5579449 0.0447094 2.137278 0.5553959 -7.841727e-15 2.152093 0.5531439 0.102313 1.988194 0.5780558 0.1019023 2.026751 0.5721953 0.09730405 2.090339 0.5625302 0.05411781 2.120507 0.5579449 0.09622091 2.072749 0.5652038 0.08576025 2.152093 0.5531439 0.1031061 2.107002 0.5599975 0.114347 2.126692 0.5570048 0.0680926 2.140384 0.5549237 0.05947664 2.131564 0.5562642 0.05672098 2.136477 0.5555176 0.05639921 2.132933 0.5560562 0.05262785 2.130654 0.5564025 0.09395797 1.955507 0.5830241 0.07810909 1.933666 0.5863438 -8.414296e-15 1.896848 0.59194 -0.04698365 2.090995 0.5624305 -0.09395797 1.955507 0.5830241 -0.07810909 1.933666 0.5863438 -0.09730405 2.090339 0.5625302 -0.09622091 2.072749 0.5652038 -0.05947664 2.131564 0.5562642 -0.05672098 2.136477 0.5555176 -0.0680926 2.140384 0.5549237 -0.1031061 2.107002 0.5599975 -0.05262785 2.130654 0.5564025 -0.05639921 2.132933 0.5560562 -0.08576025 2.152093 0.5531439 -0.114347 2.126692 0.5570048 -0.102313 1.988194 0.5780558 -0.1019023 2.026751 0.5721953 -0.114347 2.124802 0.5445694 -0.08576025 2.152093 0.5531439 -0.08576025 2.150203 0.5407085 -0.114347 2.126692 0.5570048 -0.1031061 2.105113 0.5475622 -0.1031061 2.107002 0.5599975 0.114347 2.124802 0.5445694 0.08576025 2.150203 0.5407085 0.08576025 2.152093 0.5531439 0.114347 2.126692 0.5570048 0.0680926 2.138494 0.5424883 0.0680926 2.140384 0.5549237 0.1031061 2.107002 0.5599975 0.1031061 2.105113 0.5475622 -0.102313 1.988194 0.5780558 -0.09395797 1.953617 0.5705888 -0.09395797 1.955507 0.5830241 -0.1019023 2.024861 0.55976 -0.102313 1.986304 0.5656205 -0.1019023 2.026751 0.5721953 -0.09622091 2.070859 0.5527685 -0.07810909 1.931776 0.5739085 -0.07810909 1.933666 0.5863438 -0.0571735 1.924106 0.5750742 -0.0571735 1.925996 0.5875095 0.07810909 1.933666 0.5863438 0.05717922 1.924106 0.5750742 0.07810909 1.931776 0.5739085 0.05717922 1.925996 0.5875095 0.01587325 1.898961 0.5788961 0.01587325 1.900851 0.5913314 0.09395797 1.953617 0.5705888 0.09395797 1.955507 0.5830241 0.102313 1.986304 0.5656205 0.102313 1.988194 0.5780558 0.1019023 2.024861 0.55976 0.1019023 2.026751 0.5721953 0.09622091 2.070859 0.5527685 0.09622091 2.072749 0.5652038 -8.414296e-15 1.896848 0.59194 -8.307994e-15 1.894958 0.5795046 -0.01587325 1.900851 0.5913314 -0.01587325 1.898961 0.5788961 -0.05672098 2.134586 0.5430823 -0.0447094 2.137278 0.5553959 -0.0447094 2.135387 0.5429605 -0.0680926 2.140384 0.5549237 -0.05672098 2.136477 0.5555176 -0.0680926 2.138494 0.5424883 -7.841727e-15 2.152093 0.5531439 -7.694641e-15 2.150203 0.5407085 0.05672098 2.134586 0.5430823 0.0447094 2.137278 0.5553959 0.05672098 2.136477 0.5555176 0.0447094 2.135387 0.5429605 -0.09622091 2.072749 0.5652038 -0.09730405 2.088449 0.5500949 -0.09730405 2.090339 0.5625302 0.09730405 2.088449 0.5500949 0.09730405 2.090339 0.5625302 0.05596458 1.150303 0.4105766 0.01694839 1.060922 0.5417834 0.02094728 1.056923 0.4105766 0.01694839 1.239683 0.5417834 0.05056066 1.150303 0.5432964 -0.07527491 1.014983 0.4105766 -0.07603145 1.020603 0.5440531 -0.002397573 1.220337 0.6206802 0.01294951 1.150303 0.6360273 -0.002397573 1.080268 0.6206802 -0.0752749 1.283449 0.4105765 -0.07603145 1.277829 0.544053 0.02094728 1.243682 0.4105766 -0.07830108 1.238596 0.6400263 -0.07678799 1.149216 0.6736386 -0.07830108 1.059835 0.6400263 -0.1885536 1.234986 0.6440252 -0.1885536 1.141607 0.6790425 -0.1885536 1.048228 0.6440252 -0.1885536 1.007374 0.5448095 -0.1885536 1.27584 0.5448095 -0.2734172 1.21416 0.6400263 -0.2741542 1.124498 0.6736386 -0.2734172 1.035399 0.6400263 -0.1885536 1.001538 0.4105766 -0.2745227 0.9957441 0.5440531 -0.2748912 0.9899832 0.4105766 -0.1885536 1.281676 0.4105765 -0.2745227 1.25297 0.544053 -0.3406359 1.10131 0.5432964 -0.3148405 1.181208 0.6206803 -0.3242637 1.19695 0.5417833 -0.3148405 1.041138 0.6206802 -0.3223159 1.108315 0.6360273 -0.3242637 1.018189 0.5417833 -0.3432681 1.100304 0.4105766 -0.3262115 1.013446 0.4105766 -0.3262116 1.200205 0.4105766 -0.2748912 1.258449 0.4105765 -0.05596458 1.150303 0.4105766 -0.01694839 1.060922 0.5417834 -0.05056066 1.150303 0.5432964 -0.02094728 1.056923 0.4105766 0.07527491 1.014983 0.4105766 0.07603145 1.020603 0.5440531 -0.01294951 1.150303 0.6360273 0.002397573 1.220337 0.6206802 0.002397573 1.080268 0.6206802 -0.01694839 1.239683 0.5417834 0.0752749 1.283449 0.4105765 -0.02094728 1.243682 0.4105766 0.07678799 1.149216 0.6736386 0.07830108 1.238596 0.6400263 0.07603145 1.277829 0.544053 0.07830108 1.059835 0.6400263 0.1885536 1.007374 0.5448095 0.1885536 1.048228 0.6440252 0.1885536 1.27584 0.5448095 0.1885536 1.234986 0.6440252 0.1885536 1.141607 0.6790425 0.1885536 1.001538 0.4105766 0.1885536 1.281676 0.4105765 0.2745227 1.25297 0.544053 0.2748912 1.258449 0.4105765 0.2734172 1.21416 0.6400263 0.3406359 1.10131 0.5432964 0.3148405 1.181208 0.6206803 0.3223159 1.108315 0.6360273 0.3148405 1.041138 0.6206802 0.3242637 1.018189 0.5417833 0.2734172 1.035399 0.6400263 0.2741542 1.124498 0.6736386 0.2748912 0.9899832 0.4105766 0.3262115 1.013446 0.4105766 0.3242637 1.19695 0.5417833 0.3262116 1.200205 0.4105766 0.3432681 1.100304 0.4105766 0.2745227 0.9957441 0.5440531 -0.1055189 1.626509 0.5661759 -0.1055189 1.626509 0.5961759 -0.1055189 1.601457 0.5661759 -0.1255104 1.647094 0.5961759 -0.1255189 1.626998 0.6161759 -0.1255189 1.602042 0.6161759 -0.1055189 1.601457 0.5961759 -0.1055189 1.576405 0.5661759 -0.1255189 1.576994 0.6161759 -0.1055189 1.576405 0.5961759 -0.1255104 1.647094 0.5661759 -0.2025287 1.649345 0.5961759 -0.2025287 1.649345 0.5661759 -0.2757792 1.644449 0.5661759 -0.2757792 1.644449 0.5961759 -0.2025287 1.629245 0.6161759 -0.3527889 1.611789 0.6161759 -0.2757791 1.602152 0.6161759 -0.2757792 1.62434 0.6161759 -0.372789 1.608646 0.5961759 -0.3527889 1.5954 0.6161759 -0.3530492 1.631861 0.5961759 -0.2025287 1.579244 0.6161759 -0.2025287 1.604293 0.6161759 -0.2757791 1.579858 0.6161759 -0.372789 1.593646 0.5961759 -0.3527889 1.578899 0.6161759 -0.3530492 1.631861 0.5661759 -0.372789 1.608646 0.5661759 -0.1255104 1.55699 0.5961759 -0.2757791 1.559855 0.5961759 -0.2025287 1.559241 0.5961759 -0.372789 1.593646 0.5661759 -0.372789 1.578647 0.5961759 -0.372789 1.578647 0.5661759 -0.3527905 1.558896 0.5961759 -0.3527905 1.558896 0.5661759 -0.2025287 1.559241 0.5661759 -0.1255104 1.55699 0.5661759 -0.2757791 1.559855 0.5661759 0.1055189 1.601457 0.5661759 0.1055189 1.626509 0.5961759 0.1055189 1.626509 0.5661759 0.1055189 1.601457 0.5961759 0.1255104 1.647094 0.5661759 0.1255189 1.602042 0.6161759 0.1255189 1.626998 0.6161759 0.1255104 1.647094 0.5961759 0.1255189 1.576994 0.6161759 0.1055189 1.576405 0.5661759 0.1055189 1.576405 0.5961759 0.2025287 1.649345 0.5961759 0.2025287 1.649345 0.5661759 0.2025287 1.629245 0.6161759 0.2757792 1.644449 0.5961759 0.2757792 1.644449 0.5661759 0.3527889 1.611789 0.6161759 0.372789 1.608646 0.5961759 0.3530492 1.631861 0.5961759 0.2757791 1.602152 0.6161759 0.3527889 1.5954 0.6161759 0.2025287 1.604293 0.6161759 0.2025287 1.579244 0.6161759 0.2757791 1.579858 0.6161759 0.2757792 1.62434 0.6161759 0.3527889 1.578899 0.6161759 0.372789 1.593646 0.5961759 0.3530492 1.631861 0.5661759 0.372789 1.608646 0.5661759 0.1255104 1.55699 0.5961759 0.2757791 1.559855 0.5961759 0.372789 1.593646 0.5661759 0.372789 1.578647 0.5961759 0.372789 1.578647 0.5661759 0.3527905 1.558896 0.5961759 0.3527905 1.558896 0.5661759 0.2025287 1.559241 0.5961759 0.1255104 1.55699 0.5661759 0.2025287 1.559241 0.5661759 0.2757791 1.559855 0.5661759 -0.3033045 1.360287 0.5827598 -0.1861119 1.332954 0.5827598 -0.1509423 1.360287 0.5827598 -0.2681349 1.332954 0.5827598 0.3033045 1.360287 0.5827598 0.1861119 1.332954 0.5827598 0.2681349 1.332954 0.5827598 0.1509423 1.360287 0.5827598 -0.2772337 1.379036 0.5935173 -0.2870574 1.380202 0.5912272 -0.2792897 1.37886 0.5912272 -0.2711902 1.378407 0.5912272 -0.1825417 1.378614 0.5929498 -0.2771599 1.380363 0.5957694 -0.2874403 1.380834 0.593672 -0.277291 1.378634 0.5653054 -0.2942025 1.382382 0.5653054 -0.2870653 1.380202 0.5653054 -0.2871112 1.382837 0.5965862 -0.1762158 1.382711 0.5979584 -0.2770952 1.382467 0.5977884 -0.2941009 1.382611 0.5929398 -0.1762893 1.386875 0.6003767 -0.2771175 1.385241 0.5995353 -0.2946806 1.385484 0.5965537 -0.2938512 1.388985 0.5988254 -0.3035317 1.391906 0.5967371 -0.3003307 1.387899 0.5958763 -0.2999462 1.38531 0.5928984 -0.286642 1.387727 0.5997152 -0.3049778 1.388787 0.5928359 -0.3004247 1.385315 0.5653054 -0.2907391 1.398449 0.6017052 -0.2997304 1.398511 0.5996799 -0.2959894 1.393139 0.5997226 -0.2957048 1.519844 0.5995353 -0.2870665 1.392863 0.6012686 -0.2768351 1.390463 0.6016707 -0.3091783 1.392967 0.5912272 -0.3092052 1.392967 0.5653054 -0.3054905 1.38889 0.5653054 -0.3080911 1.392731 0.5936449 -0.3104764 1.397192 0.5936412 -0.3114001 1.397392 0.5912272 -0.3084494 1.398434 0.5959471 -0.3116874 1.402117 0.5929498 -0.311894 1.398626 0.5653054 -0.3037218 1.519832 0.5957694 -0.3046525 1.398498 0.5979584 -0.2738242 1.527747 0.6017052 -0.2830232 1.525582 0.6012686 -0.2744327 1.519954 0.603003 -0.2736093 1.532893 0.5996799 -0.2847209 1.530369 0.5994856 -0.1797894 1.520078 0.6030329 -0.1798395 1.528131 0.601597 -0.2874037 1.519891 0.601597 -0.2914469 1.525287 0.5997152 -0.2926792 1.528958 0.5979625 -0.2994536 1.525509 0.5965862 -0.2770727 1.398498 0.6030296 -0.2825296 1.538221 0.5912272 -0.2829292 1.537596 0.5936449 -0.2756316 1.539031 0.5936412 -0.2892349 1.536041 0.5653054 -0.2888783 1.535981 0.5928186 -0.2752952 1.539563 0.5912272 -0.2736323 1.537888 0.5959471 -0.2676007 1.539809 0.5929497 -0.2825331 1.538221 0.5653054 -0.2827044 1.535587 0.5965801 -0.2909298 1.533095 0.5958763 -0.1801476 1.53806 0.5957694 -0.1856625 1.539887 0.5926379 -0.2735719 1.535713 0.5979584 -0.294709 1.53312 0.5928989 -0.2896482 1.531681 0.5974582 -0.3059028 1.519865 0.5935173 -0.3070764 1.51643 0.5912272 -0.3027301 1.525679 0.593672 -0.3037745 1.525456 0.5912272 -0.3061458 1.521031 0.5912272 -0.3037786 1.525456 0.5653054 -0.3065668 1.519894 0.5653054 -0.3000639 1.529534 0.5653054 -0.3002649 1.51981 0.5977884 -0.2986369 1.529505 0.5943745 -0.3000604 1.529534 0.5912272 -0.166341 1.380467 0.5929598 -0.1738766 1.379393 0.5936413 -0.174223 1.37886 0.5912272 -0.1664497 1.380202 0.5653054 -0.1597062 1.382442 0.5928187 -0.1646368 1.383448 0.5967371 -0.1760761 1.380535 0.5959471 -0.1768944 1.378559 0.5653054 -0.1593136 1.382382 0.5653054 -0.1576365 1.385328 0.5958763 -0.1596099 1.389013 0.5988253 -0.1668722 1.387744 0.5997228 -0.1535785 1.385303 0.592899 -0.1530924 1.385315 0.5653054 -0.1485479 1.388777 0.5928383 -0.1534681 1.388578 0.5965537 -0.1574902 1.393137 0.5997152 -0.1424509 1.398559 0.5935173 -0.1443339 1.392967 0.5912272 -0.1421116 1.397392 0.5912272 -0.1414585 1.401994 0.5912272 -0.1467757 1.516306 0.5929498 -0.1454313 1.392745 0.593672 -0.1443139 1.392967 0.5653054 -0.1447656 1.398592 0.5957694 -0.1489339 1.392915 0.5965862 -0.1484349 1.398614 0.5977884 -0.1500817 1.519989 0.5959471 -0.1536543 1.519925 0.5979584 -0.1532758 1.39858 0.5995354 -0.1480277 1.38889 0.5653054 -0.1761432 1.39831 0.6030079 -0.1721655 1.392534 0.6019286 -0.1620998 1.398533 0.6015971 -0.1708397 1.535587 0.5965862 -0.1706118 1.537589 0.593672 -0.1801405 1.535956 0.5977884 -0.1781868 1.53933 0.5929852 -0.1709903 1.538221 0.5912272 -0.2732851 1.539851 0.5653054 -0.1797009 1.539774 0.5653054 -0.1640964 1.535753 0.5928383 -0.1800271 1.533182 0.5995353 -0.1636923 1.532939 0.5965536 -0.1710775 1.530697 0.5997152 -0.1675109 1.53729 0.5653054 -0.1643014 1.529438 0.5988254 -0.1550991 1.526518 0.5967371 -0.1583411 1.532839 0.5928989 -0.1583087 1.530524 0.5958763 -0.1535483 1.529316 0.5928186 -0.1667439 1.519975 0.6017052 -0.1620954 1.525284 0.5997225 -0.1704569 1.525561 0.6012686 -0.1582865 1.519912 0.5996799 -0.1497427 1.525456 0.5912272 -0.1507771 1.525692 0.5936449 -0.1482537 1.521231 0.5936412 -0.1473705 1.521031 0.5912272 -0.1534645 1.529534 0.5653054 -0.1497499 1.525456 0.5653054 -0.1468565 1.519797 0.5653054 -0.1583748 1.533108 0.5653054 -0.1417303 1.39853 0.5653054 -0.295153 1.533108 0.5653054 0.2772337 1.379036 0.5935173 0.2870575 1.380202 0.5912272 0.2874403 1.380834 0.593672 0.2711902 1.378407 0.5912272 0.2792896 1.37886 0.5912272 0.1825417 1.378614 0.5929498 0.1768944 1.378559 0.5653054 0.277291 1.378634 0.5653054 0.2870653 1.380202 0.5653054 0.2942025 1.382382 0.5653054 0.294101 1.382611 0.5929398 0.2771599 1.380363 0.5957694 0.1762158 1.382711 0.5979584 0.1760761 1.380535 0.5959471 0.2871112 1.382837 0.5965862 0.2770951 1.382467 0.5977884 0.1762892 1.386875 0.6003767 0.2771174 1.385241 0.5995353 0.2946807 1.385484 0.5965537 0.2999462 1.38531 0.5928984 0.286642 1.387727 0.5997152 0.3003307 1.387899 0.5958763 0.3035318 1.391906 0.5967371 0.2938512 1.388985 0.5988254 0.3004248 1.385315 0.5653054 0.3049778 1.388787 0.5928359 0.2907391 1.398449 0.6017052 0.2870665 1.392863 0.6012686 0.2959894 1.393139 0.5997226 0.2770726 1.398498 0.6030296 0.2997305 1.398511 0.5996799 0.2957048 1.519844 0.5995353 0.2874037 1.519891 0.601597 0.276835 1.390463 0.6016707 0.3091783 1.392967 0.5912272 0.3104764 1.397192 0.5936412 0.3080911 1.392731 0.5936449 0.3114001 1.397392 0.5912272 0.3092052 1.392967 0.5653054 0.311894 1.398626 0.5653054 0.3116874 1.402117 0.5929498 0.3084494 1.398434 0.5959471 0.3054905 1.38889 0.5653054 0.3046525 1.398498 0.5979584 0.3037219 1.519832 0.5957694 0.300265 1.51981 0.5977884 0.2738242 1.527747 0.6017052 0.2847209 1.530369 0.5994856 0.2736093 1.532893 0.5996799 0.2830232 1.525582 0.6012686 0.2744326 1.519954 0.603003 0.1798395 1.528131 0.601597 0.1797894 1.520078 0.6030329 0.2914469 1.525287 0.5997152 0.2926792 1.528958 0.5979625 0.2994537 1.525509 0.5965862 0.2825296 1.538221 0.5912272 0.2756316 1.539031 0.5936412 0.2829292 1.537596 0.5936449 0.2892349 1.536041 0.5653054 0.2825331 1.538221 0.5653054 0.2752952 1.539563 0.5912272 0.273285 1.539851 0.5653054 0.2676007 1.539809 0.5929497 0.2736322 1.537888 0.5959471 0.2888783 1.535981 0.5928186 0.2827044 1.535587 0.5965801 0.2909298 1.533095 0.5958763 0.2735719 1.535713 0.5979584 0.294709 1.53312 0.5928989 0.2896482 1.531681 0.5974582 0.1801476 1.53806 0.5957694 0.1801405 1.535956 0.5977884 0.3059028 1.519865 0.5935173 0.3070764 1.51643 0.5912272 0.3061458 1.521031 0.5912272 0.3037745 1.525456 0.5912272 0.3027301 1.525679 0.593672 0.3065668 1.519894 0.5653054 0.3000604 1.529534 0.5912272 0.2986369 1.529505 0.5943745 0.166341 1.380467 0.5929598 0.1664497 1.380202 0.5653054 0.174223 1.37886 0.5912272 0.1738766 1.379393 0.5936413 0.1646368 1.383448 0.5967371 0.1597062 1.382442 0.5928187 0.1576365 1.385328 0.5958763 0.1593136 1.382382 0.5653054 0.1668722 1.387744 0.5997228 0.1596098 1.389013 0.5988253 0.1535785 1.385303 0.592899 0.1530924 1.385315 0.5653054 0.1534681 1.388578 0.5965537 0.1574902 1.393137 0.5997152 0.1485479 1.388777 0.5928383 0.1424508 1.398559 0.5935173 0.1443339 1.392967 0.5912272 0.1454313 1.392745 0.593672 0.1421116 1.397392 0.5912272 0.1467757 1.516306 0.5929498 0.1414585 1.401994 0.5912272 0.1468565 1.519797 0.5653054 0.1417303 1.39853 0.5653054 0.1443139 1.392967 0.5653054 0.1480277 1.38889 0.5653054 0.1447655 1.398592 0.5957694 0.1500817 1.519989 0.5959471 0.1489339 1.392915 0.5965862 0.1484349 1.398614 0.5977884 0.1536543 1.519925 0.5979584 0.1532758 1.39858 0.5995354 0.1761431 1.39831 0.6030079 0.1620998 1.398533 0.6015971 0.1721655 1.392534 0.6019286 0.1667439 1.519975 0.6017052 0.1582865 1.519912 0.5996799 0.1856625 1.539887 0.5926379 0.1781868 1.53933 0.5929852 0.1706118 1.537589 0.593672 0.1708397 1.535587 0.5965862 0.1797009 1.539774 0.5653054 0.1709903 1.538221 0.5912272 0.1640964 1.535753 0.5928383 0.1800271 1.533182 0.5995353 0.1636923 1.532939 0.5965536 0.1710775 1.530697 0.5997152 0.1675109 1.53729 0.5653054 0.1583748 1.533108 0.5653054 0.1583411 1.532839 0.5928989 0.1550991 1.526518 0.5967371 0.1643014 1.529438 0.5988254 0.1583087 1.530524 0.5958763 0.1535483 1.529316 0.5928186 0.1704569 1.525561 0.6012686 0.1620954 1.525284 0.5997225 0.1497427 1.525456 0.5912272 0.1473705 1.521031 0.5912272 0.1482537 1.521231 0.5936412 0.1507771 1.525692 0.5936449 0.1534645 1.529534 0.5653054 0.1497499 1.525456 0.5653054 0.2951531 1.533108 0.5653054 0.3000639 1.529534 0.5653054 0.3037786 1.525456 0.5653054</float_array>
          <technique_common>
            <accessor count="2918" source="#verts-array-array" stride="3">
              <param type="float" name="X" />
              <param type="float" name="Y" />
              <param type="float" name="Z" />
            </accessor>
          </technique_common>
        </source>
        <source id="normals-array">
          <float_array count="8754" id="normals-array-array">0.01060376 0.01670736 0.9998042 -0.01888051 0.09251757 0.995532 -0.0715488 0.1987833 0.9774282 0.0511288 -0.0855737 0.9950191 0.1938254 -0.09391427 0.9765305 -0.08209123 0.3249041 0.9421774 -0.05113265 -0.08553833 0.9950219 -0.198737 -0.2463322 0.9485906 -0.05260972 -0.2339975 0.9708128 -0.02736901 -0.02043873 0.9994164 -0.01074981 0.01641427 0.9998075 0.01889345 0.0926518 0.9955193 0.07204097 0.2015257 0.9768303 0.08249744 0.326501 0.9415898 0.05165935 0.2850036 0.9571334 -0.1917593 -0.09160864 0.9771572 0.05040142 -0.2318476 0.9714455 0.2011892 -0.2439803 0.9486815 0.02823492 -0.02037795 0.9993936 0.9994742 -0.01607238 0.02816048 0.9817068 0.1084174 0.1565167 0.9880659 -0.02205692 0.1524441 0.994482 -0.09204917 -0.05032336 0.9987163 0.006432732 -0.05024325 0.9763889 -0.09804924 0.1924867 0.9944493 -0.09248579 0.05017014 0.9714453 -0.2318488 -0.05040045 0.9486815 -0.2439803 -0.201189 0.9708125 -0.2339986 0.05260979 0.9758017 -0.09957934 -0.1946661 0.9938795 0.1072693 0.02639768 0.9485905 -0.2463326 0.1987367 -0.9994749 -0.01629647 0.02800507 -0.9944815 -0.09204969 -0.05033199 -0.9944481 -0.09250134 0.05016529 -0.9757462 -0.1003517 0.1945477 -0.9881167 -0.02270676 0.1520194 -0.9987154 0.00643034 -0.05026056 -0.9485905 -0.2463326 -0.1987368 -0.9708125 -0.2339986 -0.0526096 -0.9714453 -0.2318487 0.05040054 -0.9486815 -0.2439802 0.2011893 -0.976442 -0.09728849 -0.1926034 0.04918463 0.006681096 -0.9987674 0.1926037 -0.09728878 -0.9764419 0.05015425 -0.09185952 -0.9945081 -0.05014906 -0.09186268 -0.9945081 -0.04918451 0.00668105 -0.9987674 0.0526097 -0.2339988 -0.9708124 -0.05040055 -0.2318489 -0.9714453 -0.201189 -0.2439804 -0.9486815 -0.194666 -0.09957953 -0.9758018 0.05008336 0.1540364 -0.986795 0.1987368 -0.2463327 -0.9485905 -0.04879983 -0.9802399 0.1916984 -0.1920462 -0.9801452 0.04933278 -0.04854905 -0.9976402 0.04854911 -0.3748702 -0.9258335 -0.04800654 -0.1916979 -0.98024 -0.04879953 -0.04854895 -0.9976402 -0.04854881 -0.1983504 -0.9595642 0.1997341 -0.3701377 -0.8515875 0.37121 -0.3796158 -0.9035348 0.1987881 -0.3747407 -0.9258467 0.0487578 -0.04800646 -0.9258336 0.3748701 -0.1974938 -0.9035218 0.3803217 0.04933268 -0.9801451 0.1920464 0.04875785 -0.9258466 0.374741 -0.3545063 -0.7770909 0.5200529 -0.04791052 -0.8378519 0.5437911 -0.1898249 -0.8190582 0.5413966 -0.1852644 -0.7126113 0.6766552 -0.3467066 -0.6831246 0.642756 -0.05054323 -0.5774951 0.8148281 -0.1892332 -0.5813147 0.7913685 -0.0487253 -0.7212158 0.6909947 0.0483267 -0.8379129 0.5436603 0.04873117 -0.72134 0.6908646 -0.5198957 -0.7768803 0.3551977 -0.542091 -0.8184816 0.1903293 -0.5436606 -0.8379127 0.0483266 -0.4895234 -0.7214907 0.4897122 -0.4692838 -0.6456347 0.6024356 -0.6776007 -0.7117135 0.1852601 -0.6908644 -0.7213402 0.04873071 -0.690995 -0.7212155 -0.04872442 -0.5437915 -0.8378516 -0.04791024 -0.6432046 -0.6827035 0.3467041 -0.6025217 -0.6455548 0.469283 -0.5619696 -0.6069427 0.5619703 -0.1129897 0.06634124 0.9913789 -0.3811221 -0.09950561 0.9191543 -0.3869579 -0.2479935 0.8881232 -0.3739667 -0.4204942 0.8266399 -0.1963311 -0.4250914 0.8836014 -0.05264343 -0.413803 0.9088431 -0.3273538 0.03730398 0.9441652 -0.5472546 -0.2439554 0.8006236 -0.5243093 -0.4079496 0.7474469 -0.5508677 -0.1054575 0.8279031 -0.5359063 0.008667172 0.844233 -0.6856231 -0.2419694 0.6865652 -0.6476039 -0.4008099 0.6480437 -0.7028903 -0.10673 0.7032453 -0.7151857 -0.01280272 0.6988173 -0.8273467 -0.1080742 0.5511964 -0.3564314 -0.5656494 0.743638 -0.4915787 -0.5383502 0.6844922 -0.6043315 -0.519099 0.6044167 -0.7999793 -0.2445 0.5479533 -0.747195 -0.4086274 0.5241406 -0.6844883 -0.5385287 0.4913885 -0.8891669 -0.2477299 0.3847234 -0.9081996 -0.4155584 0.04984604 -0.8825006 -0.4272851 0.1965202 -0.8266093 -0.4215197 0.3728783 -0.9088431 -0.4138029 -0.05264322 -0.8147775 -0.5776031 0.05012223 -0.7920078 -0.5806192 0.1886929 -0.7438693 -0.5657817 0.3557379 -0.8148275 -0.5774959 -0.05054249 -0.91903 -0.1064741 0.3795355 -0.8507546 -0.02356343 0.5250347 -0.9403121 -0.02595952 0.3393218 -0.0913868 0.2644409 0.9600622 0.09738518 0.4845741 0.8693124 0.0731894 0.4534998 0.8882462 -0.06062509 0.4453773 0.8932881 0.1082121 0.6078381 0.786653 0.08773706 0.5900088 0.8026156 -0.03656841 0.5876 0.8083248 -0.3112569 0.2234034 0.9236937 0.1149307 0.706855 0.6979592 0.09408863 0.7020884 0.7058465 -0.02618934 0.7001608 0.7135047 -0.2714273 0.4152575 0.8682675 0.1170722 0.790986 0.6005292 0.09162688 0.7979099 0.5957721 -0.03366273 0.7962358 0.6040491 -0.2322225 0.5631936 0.7930231 -0.5224244 0.1775733 0.8339907 -0.3791106 0.6378303 0.6704085 -0.4152345 0.519523 0.7467772 -0.2121131 0.6790823 0.7027483 -0.4727621 0.37116 0.7992098 -0.2278859 0.7718179 0.5936035 -0.6995275 0.1388353 0.7009893 -0.581231 0.4780583 0.6585065 -0.6464214 0.3309198 0.6874819 -0.5188298 0.5845901 0.6237548 -0.8350629 0.1162739 0.537727 -0.5812178 0.6213408 0.5254725 -0.6982977 0.4818392 0.5293499 -0.08740337 0.9937401 0.06957873 -0.34536 0.9376024 -0.04035037 -0.2649215 0.9610883 0.07826767 -0.2805695 0.9220964 0.2664937 -0.5641201 0.8240618 -0.05187152 -0.5408267 0.8385199 0.06626343 -0.5226553 0.8197971 0.2340174 -0.05146546 0.8917244 0.449643 -0.03711246 0.9408201 0.3368682 -0.7204273 0.6916306 -0.05129927 -0.7290363 0.6828595 0.04699954 -0.2655286 0.8515176 0.4521199 -0.7069517 0.6783997 0.1999826 -0.8464924 0.5299154 -0.05138488 -0.8676463 0.4959517 0.03495462 -0.8454679 0.503601 0.1776796 -0.4721121 0.7755469 0.4190909 0.07903259 0.8947416 0.4395354 0.09867133 0.946356 0.3076918 0.08879278 0.9582404 0.2718293 -0.4142495 0.7171969 0.5603802 -0.6485293 0.655511 0.3869302 0.1137093 0.8661407 0.4866934 -0.7826297 0.49884 0.3723565 -0.981689 0.1062061 0.1581359 -0.9938941 0.107057 0.02670832 -0.9867475 0.1537881 -0.05175522 -0.9290236 0.1073092 0.3541185 -0.7790996 0.3154153 0.5417721 -0.9366885 0.3085798 0.1655088 -0.8768169 0.312296 0.3656 -0.9535172 0.2999377 0.02902161 -0.9362416 0.3475008 -0.05191153 -0.04933275 -0.9801452 -0.1920459 -0.1997343 -0.9595642 -0.1983501 0.04800668 -0.9258336 -0.3748699 0.04879977 -0.98024 -0.1916978 -0.3712096 -0.8515878 -0.3701374 -0.1987883 -0.9035348 -0.3796158 -0.3803216 -0.9035219 -0.1974936 -0.0487579 -0.9258468 -0.3747405 -0.5413965 -0.8190583 -0.1898244 -0.5200529 -0.777091 -0.354506 -0.6766558 -0.7126109 -0.1852637 -0.6427569 -0.683124 -0.3467061 -0.7913684 -0.5813149 -0.1892328 -0.3551969 -0.7768803 -0.5198963 -0.1903296 -0.8184814 -0.5420912 -0.04832712 -0.8379125 -0.5436609 -0.4897113 -0.7214905 -0.4895245 -0.6024354 -0.6456349 -0.4692837 0.04872472 -0.7212157 -0.6909949 0.04791028 -0.8378517 -0.5437914 -0.1852602 -0.7117139 -0.6776002 -0.04873117 -0.72134 -0.6908646 -0.3467036 -0.6827039 -0.6432045 -0.4692819 -0.645555 -0.6025224 -0.5619689 -0.606943 -0.5619708 -0.980776 0.002701359 -0.1951181 -0.8266396 -0.4204948 -0.3739666 -0.8836014 -0.4250911 -0.1963316 -0.9185696 -0.102353 -0.3817771 -0.8881236 -0.2479938 -0.3869568 -0.8006229 -0.2439556 -0.5472555 -0.9241198 -0.002923613 -0.3820916 -0.7474469 -0.4079495 -0.5243094 -0.8275177 -0.10605 -0.5513328 -0.8315839 -0.007223564 -0.5553521 -0.6865649 -0.2419693 -0.6856235 -0.6480439 -0.4008102 -0.6476035 -0.7030709 -0.1058393 -0.7031994 -0.5511987 -0.1064734 -0.8275526 -0.7070991 -0.008770433 -0.7070601 -0.5555126 -0.007607331 -0.8314733 -0.7436383 -0.5656497 -0.3564301 -0.6844925 -0.5383497 -0.4915788 -0.6044163 -0.5190987 -0.6043323 -0.5479538 -0.2445002 -0.7999789 -0.5241409 -0.4086275 -0.7471946 -0.4913883 -0.5385294 -0.6844878 -0.3847238 -0.2477295 -0.8891668 -0.194748 0.002168586 -0.9808509 -0.04984596 -0.4155586 -0.9081996 -0.1965199 -0.4272854 -0.8825005 -0.3728783 -0.4215201 -0.8266091 0.05264327 -0.4138031 -0.9088431 0.05054251 -0.5774961 -0.8148274 -0.05012236 -0.5776034 -0.8147773 -0.1886926 -0.5806199 -0.7920073 -0.3557377 -0.5657825 -0.7438689 -0.3798402 -0.1051256 -0.9190593 -0.382201 -0.003704426 -0.9240718 -0.03290277 0.9863604 -0.1612777 2.692719e-06 0.9996881 -0.02497416 1.496624e-05 0.9923266 -0.123644 0.04656678 0.9357869 -0.3494774 -0.0461259 0.935765 -0.3495943 -0.1983695 0.9042864 -0.378042 -0.198168 0.7994317 -0.5671318 -0.3777433 0.9040849 -0.1998509 -0.2359404 0.9552572 -0.1783697 -0.3748207 0.7466651 -0.5495459 -0.3916525 0.8320698 -0.3927698 -0.05242954 0.8235182 -0.5648618 -0.3660778 0.6371371 -0.678265 -0.1960109 0.6763237 -0.7100464 0.0528709 0.82357 -0.5647451 -0.05029718 0.6912761 -0.7208381 0.05036917 0.6913601 -0.7207525 0.04950027 0.5298923 -0.8466191 -0.04988984 0.5297037 -0.8467142 -0.2010513 0.5262266 -0.8262348 -0.5493944 0.7464067 -0.3755568 -0.5678865 0.7987523 -0.1987452 -0.1263618 0.9918889 0.01375116 -0.5180909 0.6804133 -0.5182852 -0.4957229 0.5911038 -0.6362822 -0.374213 0.5012017 -0.7802317 -0.6787187 0.6366501 -0.3660841 -0.7110859 0.6752488 -0.1959487 -0.6363695 0.5910107 -0.4957219 -0.5927123 0.5453298 -0.592712 -0.5160724 0.4663127 -0.7184858 -0.8268232 0.5255383 -0.2004317 -0.7804681 0.50138 -0.3734806 -0.7184909 0.4665233 -0.5158748 -0.05062933 0.1543847 -0.9867127 -0.2040413 0.1554112 -0.9665477 -0.3947151 0.1498011 -0.9065096 -0.05066115 0.3475133 -0.9363055 -0.559505 0.142274 -0.8165245 -0.2052281 0.3519951 -0.9132255 -0.6998773 0.1371872 -0.7009646 -0.6723609 0.3086054 -0.6728251 -0.8159448 0.142884 -0.5601948 0.04987791 0.3476676 -0.9362903 -0.3897273 0.3385078 -0.8564608 -0.5445167 0.3181464 -0.7760698 -0.6339569 0.442812 -0.6340475 -0.7758596 0.3188941 -0.5443789 -0.9666043 0.1569041 -0.2026258 -0.9132327 0.3527701 -0.2038611 -0.8564974 0.3396813 -0.3886242 -0.9065774 0.1512027 -0.3940244 0.04854897 -0.9976402 0.0485492 0.1916979 -0.98024 0.04879982 0.1997341 -0.9595642 0.1983505 0.3748702 -0.9258335 0.04800677 0.3803215 -0.9035218 0.1974941 0.04854903 -0.9976402 -0.0485488 0.1920462 -0.9801452 -0.0493325 0.3747407 -0.9258467 -0.04875752 0.5436606 -0.8379127 -0.04832632 0.5437915 -0.8378516 0.04791034 0.5413966 -0.8190582 0.1898248 0.6908643 -0.7213403 -0.04873031 0.6766557 -0.712611 0.1852638 0.6427567 -0.6831237 0.3467071 0.8148275 -0.5774959 0.05054262 0.7913684 -0.5813147 0.1892334 0.6909949 -0.7212155 0.04872487 0.198788 -0.9035348 0.3796159 0.3712096 -0.8515875 0.3701381 0.5200528 -0.7770908 0.3545066 0.4897119 -0.7214905 0.489524 0.6024356 -0.6456349 0.4692834 0.1903292 -0.8184817 0.5420909 0.3551976 -0.7768801 0.5198961 0.5619691 -0.606943 0.5619706 0.1852604 -0.7117137 0.6776003 0.3467042 -0.6827036 0.6432045 0.4692823 -0.6455546 0.6025225 0.8266397 -0.4204949 0.3739662 0.8836015 -0.4250905 0.1963325 0.9185456 -0.1036903 0.3814739 0.8881237 -0.2479937 0.3869567 0.9081996 -0.4155585 -0.0498458 0.9088431 -0.4138029 0.05264329 0.940248 -0.0252464 0.3395531 0.8508167 -0.02309366 0.5249549 0.8006231 -0.243955 0.5472555 0.7474472 -0.4079495 0.5243089 0.8273145 -0.1076441 0.5513289 0.7153345 -0.01281269 0.6986647 0.6865649 -0.2419693 0.6856235 0.648044 -0.4008096 0.6476037 0.7027634 -0.1067302 0.7033721 0.536235 0.008005347 0.8440308 0.5507354 -0.1058876 0.8279362 0.7436384 -0.565649 0.356431 0.6844929 -0.5383499 0.491578 0.6044161 -0.5190989 0.6043324 0.5241409 -0.4086273 0.7471948 0.5479539 -0.2445001 0.7999789 0.8147775 -0.5776031 -0.05012224 0.4913883 -0.5385291 0.6844881 0.3847242 -0.2477296 0.8891667 0.1124886 0.06569464 0.991479 0.04984638 -0.4155587 0.9081995 0.1965203 -0.4272847 0.8825007 0.3728779 -0.4215202 0.8266092 0.05012183 -0.5776027 0.8147778 0.1886931 -0.5806186 0.7920081 0.3557387 -0.5657816 0.7438691 0.3791872 -0.1022901 0.9196488 0.3276504 0.03617205 0.9441064 -0.07290602 0.9523573 0.2961422 -0.07995855 0.8946374 0.4395799 0.04961964 0.8916943 0.4499101 -0.09948147 0.9461463 0.3080757 -0.1141261 0.8657136 0.4873553 -0.09232634 0.7976308 0.5960377 0.03263248 0.7964657 0.6038025 0.2801944 0.9217617 0.2680419 0.1193674 0.9574043 0.2629228 -0.117201 0.7904393 0.6012235 0.0261017 0.7006865 0.7129917 0.2118933 0.6791863 0.7027142 -0.09431447 0.7017686 0.7061343 0.2646355 0.8514097 0.4528462 0.03721802 0.5877723 0.8081698 -0.1150709 0.7059106 0.6988912 0.2326304 0.5628833 0.7931239 0.2647472 0.9611126 0.07855939 0.5407075 0.838563 0.0666888 0.5642402 0.8240065 -0.05144149 0.3454929 0.9375712 -0.0399358 0.2272401 0.7717459 0.5939446 0.5234833 0.8190333 0.2348397 0.4142007 0.7170464 0.5606088 0.3792986 0.6377079 0.6704187 0.7205161 0.6915436 -0.05122539 0.7290001 0.6829031 0.04692743 0.4723117 0.7753044 0.4193146 0.5815894 0.6210654 0.5253871 0.7080527 0.6772417 0.2000124 0.5190774 0.5843747 0.6237506 0.4156745 0.519022 0.7468808 0.8465886 0.529725 -0.05176129 0.6492336 0.655086 0.3864687 0.8675536 0.4961408 0.03457023 0.8461756 0.5026953 0.1768735 0.7830696 0.4988122 0.3714678 0.6984797 0.4818661 0.5290853 -0.05140581 0.2848584 0.9571902 -0.09743805 0.483517 0.8698949 0.09298948 0.2622842 0.9604998 0.312253 0.2213213 0.9238587 -0.07263437 0.4528269 0.8886349 0.06202061 0.4442159 0.8937705 0.5219048 0.1763954 0.8345658 0.2724015 0.4141041 0.8685132 0.698647 0.1386306 0.7019073 0.8343872 0.1171149 0.5385928 0.4729299 0.3705683 0.799385 -0.1084061 0.606678 0.7875214 -0.08757628 0.5894434 0.8030485 0.6460795 0.3310899 0.6877214 0.5813168 0.4778643 0.6585715 0.7788735 0.3161534 0.5416669 0.8768526 0.3134546 0.3645212 0.9289625 0.1091368 0.3537199 0.9866653 0.1541373 -0.05228017 0.9367185 0.3093036 0.1639809 0.9534784 0.3001071 0.02854161 0.9362562 0.3473467 -0.05267516 0.1983503 -0.9595643 -0.1997337 0.1974937 -0.903522 -0.3803212 0.3701377 -0.8515877 -0.3712096 0.1898244 -0.8190583 -0.5413965 0.3545062 -0.7770908 -0.5200532 0.1852637 -0.7126111 -0.6766555 0.3467067 -0.683124 -0.6427566 0.1892332 -0.5813149 -0.7913683 0.3796158 -0.9035349 -0.1987877 0.5198965 -0.7768801 -0.3551971 0.4895243 -0.7214903 -0.4897119 0.4692833 -0.6456348 -0.6024358 0.5420911 -0.8184816 -0.190329 0.6776006 -0.7117135 -0.1852601 0.6432046 -0.6827036 -0.3467039 0.6025222 -0.6455554 -0.4692816 0.5619699 -0.6069432 -0.5619695 0.1951179 0.002700616 -0.9807761 0.381777 -0.1023531 -0.9185696 0.386957 -0.2479936 -0.8881236 0.3739665 -0.420495 -0.8266396 0.196332 -0.4250909 -0.8836014 0.5472553 -0.2439556 -0.8006231 0.3820918 -0.002923958 -0.9241197 0.5243092 -0.4079496 -0.747447 0.5513323 -0.1060504 -0.827518 0.6856229 -0.2419693 -0.6865655 0.5553521 -0.00722361 -0.8315839 0.6476033 -0.4008102 -0.6480441 0.7031994 -0.1058393 -0.7030709 0.8275526 -0.106473 -0.5511988 0.7070601 -0.008770433 -0.7070991 0.8314733 -0.007607285 -0.5555126 0.356431 -0.5656494 -0.7436381 0.4915783 -0.53835 -0.6844925 0.6043316 -0.5190987 -0.6044169 0.7471946 -0.4086276 -0.5241409 0.7999787 -0.2445 -0.5479542 0.6844877 -0.5385293 -0.4913885 0.9808509 0.002168741 -0.1947481 0.8891668 -0.2477295 -0.3847239 0.8825005 -0.4272853 -0.19652 0.8266091 -0.4215202 -0.3728782 0.7920076 -0.5806195 -0.1886927 0.7438689 -0.5657826 -0.3557373 0.9190593 -0.1051252 -0.3798404 0.9240718 -0.003704335 -0.382201 0.1632812 0.9863104 -0.02304396 0.3780416 0.9042865 -0.1983698 0.06323186 0.9978567 0.01684723 0.1998506 0.904085 -0.3777434 0.1783691 0.9552574 -0.2359401 0.5671317 0.7994316 -0.1981683 0.7100464 0.6763237 -0.1960109 0.6782648 0.6371369 -0.3660785 0.8262345 0.5262273 -0.2010508 0.3927696 0.8320697 -0.3916529 0.5495458 0.7466649 -0.3748212 0.5182857 0.6804133 -0.5180904 0.6362824 0.5911041 -0.4957224 0.7802314 0.501202 -0.3742133 0.1987451 0.7987522 -0.5678868 0.3755566 0.7464068 -0.5493944 0.4957224 0.5910105 -0.6363693 0.5927127 0.5453298 -0.5927116 0.7184855 0.4663132 -0.5160723 0.1959482 0.6752488 -0.7110861 0.2004317 0.5255381 -0.8268233 0.3660834 0.6366502 -0.678719 0.3734803 0.5013798 -0.7804683 0.5158749 0.4665229 -0.7184911 0.9665478 0.1554107 -0.2040411 0.9065095 0.1498009 -0.3947153 0.9132255 0.3519953 -0.2052278 0.8165245 0.1422741 -0.559505 0.7009646 0.1371872 -0.6998773 0.672825 0.3086054 -0.6723609 0.5601947 0.142884 -0.8159449 0.8564605 0.3385078 -0.3897281 0.7760698 0.3181465 -0.5445168 0.6340474 0.442812 -0.6339569 0.5443789 0.3188941 -0.7758597 0.2026258 0.1569041 -0.9666043 0.203861 0.3527706 -0.9132325 0.3886239 0.3396812 -0.8564976 0.3940249 0.1512029 -0.9065771 4.237836e-16 0.9999064 0.01367982 4.2661e-16 1 -1.685874e-07 2.986272e-15 1 -1.685874e-07 -1.164844e-05 0.9999066 0.01366375 -1.352722e-05 0.9997167 0.0237999 -4.2661e-16 1 -1.685874e-07 -3.349271e-05 0.9997174 0.02377234 -2.986272e-15 1 -1.685874e-07 -0.05679864 0.9982335 0.01743123 -0.02498709 0.9996878 3.041108e-06 -0.003908874 0.9974833 0.07079409 -0.02497562 0.9996881 -1.708912e-06 -3.238414e-06 0.9996878 -0.02498732 0.05667555 0.9982411 0.01739541 0.004198443 0.9975242 0.07019892 -0.0003353635 0.9814334 0.1918031 -4.208448e-05 0.9811925 0.1930316 -0.0001572268 0.9539913 0.2998343 -0.0004680525 0.9543577 0.2986657 -0.0004576541 0.8661949 0.4997061 0.06593952 0.9751043 0.211716 0.06589311 0.9052882 0.4196564 0.08637644 0.9052599 0.4159851 0.05982683 0.9767777 0.2057332 0.01566519 0.7319122 -0.6812188 0.1336919 0.981117 0.1397706 0.1267469 0.9811961 0.1455662 0.1070935 0.9750333 0.194528 0.3194229 0.9151561 0.2458829 0.34658 0.9154966 0.2043238 0.2518065 0.9068787 0.3378825 0.1589589 0.9032086 0.3986806 0.7418822 -0.2833752 -0.6077082 0.9728217 0.1774778 0.1487266 0.9882983 0.05393822 0.1426786 0.7320911 -0.6790224 0.05450918 0.7422136 -0.6699589 0.0165535 0.615844 -0.6319871 -0.4704555 0.6678864 -0.723401 0.1749821 0.7714821 0.1030534 -0.6278497 -0.05820976 0.7527929 -0.6556786 -0.02964839 -0.06662133 -0.9973377 -0.02816763 -0.01560958 -0.9994813 -0.02519737 -0.01511114 -0.9995683 0.05413446 0.9804787 0.1890263 -0.03136435 0.9936098 0.1084242 -0.008372791 0.9857106 0.1682392 -0.2785422 0.7274291 -0.6271053 -0.3142884 0.9419194 0.1183667 0.03321847 0.9069641 0.4198961 -0.1921159 0.9225002 0.3347907 -0.06832997 0.9117839 0.4049458 -0.2832719 0.9332905 0.2207394 -0.01189071 -0.7310357 0.6822356 0.1427247 -0.7133882 0.6860809 0.189954 -0.7254185 0.6615781 -0.1602507 -0.6893224 0.7065085 -0.00769813 -0.733934 0.6791772 -0.2102381 -0.6988469 0.6836761 -0.3433778 -0.7222127 0.600417 -0.9903384 0.09013371 0.1053835 -0.7304355 -0.2644066 -0.6297246 -0.9920033 -0.00758197 0.1259836 -0.7574869 0.09297884 -0.6461955 -0.7778442 -0.6272659 0.03867738 -0.7674984 -0.6359531 0.08068379 -0.9180736 0.09340861 0.3852476 -0.725549 0.3058783 -0.6164553 -0.6523063 -0.6097433 -0.4502329 0.990701 -0.1027387 0.08919782 0.9948963 -0.1008086 -0.004363672 0.9948078 -0.1017448 -0.002318938 0.9916289 -0.1012271 0.08015727 0.9289482 -0.1013833 0.3560571 0.005417624 -0.02800149 0.9995932 0.1124033 -0.03433487 0.9930693 0.1246508 -0.03409662 0.9916146 -0.1064937 -0.03687125 0.9936295 0.002037787 -0.02932383 0.9995679 0.4229937 -0.05721781 0.9043243 -0.1138262 -0.03854478 0.9927527 -0.4196207 -0.05754482 0.9058736 -0.007910093 -0.9995101 -0.03028273 -0.007909658 -0.99951 -0.0302837 -0.007908176 -0.9995101 -0.03028101 -0.007908049 -0.9995102 -0.03027965 -0.00790788 -0.9995102 -0.03027995 -0.007908435 -0.9995101 -0.03028194 -0.007928763 -0.9995087 -0.03032369 -0.007907865 -0.9995102 -0.03028011 -0.007906977 -0.9995102 -0.03028069 -0.007907787 -0.9995102 -0.03028007 -0.9918083 -0.08865025 0.09196376 -0.996271 -0.08627691 -0.0005912738 -0.9925819 -0.08776463 0.08413371 -0.996271 -0.08627683 -0.000591446 -0.9292157 -0.09057154 0.3582667 -0.9125316 -0.008632512 0.4089151 -0.6960053 0.1065471 0.7100876 -0.01080173 -0.08152268 -0.996613 0.8584007 0.484303 0.1691117 -0.0175441 -0.08260621 -0.9964278 0.03038236 0.1760809 0.9839067 -0.08246838 0.02743752 0.9962159 0.01505619 0.05538167 0.9983517 -0.07226974 0.1394679 0.9875858 0.1238374 0.1954693 0.9728597 -0.3642591 0.01031186 0.9312406 -0.02507975 -0.1146943 -0.9930842 0.1107335 0.07406772 0.9910863 0.3749851 0.08225133 0.9233747 -0.02206725 -0.1052254 -0.9942035 0.7771843 0.4883295 0.3968863 0.8875817 0.1931066 0.4182208 -0.3909421 -0.7260676 0.5656766 -0.5503528 -0.7237753 0.4162464 -0.5526364 -0.7217823 0.4166813 -0.6823696 -0.6881397 0.2466485 -0.7033886 -0.6815407 0.201858 0.4232761 -0.06001996 0.9040105 0.7497709 -0.08369015 0.6563837 0.7329367 -0.08686462 0.6747283 0.9364959 -0.09856914 0.3365407 -0.4183246 -0.06050901 0.9062798 -0.7481035 -0.07816196 0.6589627 -0.7320849 -0.08143552 0.6763283 -0.9363709 -0.08798917 0.339805 0.6497042 -0.7290558 0.2153187 0.51995 -0.7611532 0.3876827 0.5227293 -0.7597397 0.3867165 0.3656055 -0.7588187 0.5390054 0.3215556 -0.7525607 0.5746776 -0.6907987 -0.002448784 0.723043 -0.3622135 0.1243161 0.9237678 0.37913 0.2041355 0.9025459 0.6820127 0.08265201 0.7266549 0.5879867 0.4903946 0.643261 0.674262 0.2040192 0.7097513 0.9012524 0.07069489 0.4274884 -0.007908541 -0.9995102 -0.03027871 -0.007905677 -0.9995102 -0.03028082 -0.007918942 -0.9995106 -0.03026418 -0.007912602 -0.9995102 -0.03027734 -0.408142 0.4835515 0.7743372 0.02484726 0.01762336 0.9995359 0.3887095 0.5175145 0.7622885 0.01648372 0.08455738 0.9962823 0.3431516 0.924953 0.1634286 0.7016855 0.3383528 -0.6270206 0.6168048 0.7673115 0.1754564 0.06221465 0.7396239 0.6701386 -0.002376167 0.725547 0.6881685 -0.4293295 0.7321392 0.5288179 -0.1953211 0.7280625 0.6570956 -0.04339809 0.4354429 0.8991697 -0.3088161 0.4228783 0.8519428 -0.621059 0.4086228 0.6688147 -0.6008024 0.7338125 0.3171052 -0.838405 0.3943151 0.376288 -0.9155903 0.3851776 0.1154667 -0.6662555 0.7353826 0.1237578 0.1084696 0.7453244 0.657819 0.2525447 0.7449244 0.6175021 0.04941839 0.4729502 0.8797022 0.1229461 0.4849079 0.8658802 0.3347485 0.4879104 0.8061556 0.4286083 0.7497681 0.5041256 0.5603676 0.7584502 0.3327783 0.0003807428 0.09001204 0.9959406 0.0006734571 0.1147846 0.9933902 0.0004734346 0.1158387 0.9932679 0.001449451 0.08659615 0.9962424 0.0006052595 0.1219776 0.9925327 0.000514669 0.1222748 0.9924961 -0.0002247147 0.7868158 0.6171879 -3.760661e-05 0.7882201 0.6153935 -7.267332e-05 0.6999146 0.7142265 -0.0001673964 0.8674529 0.4975193 -2.152947e-05 0.6029969 0.7977435 -4.264704e-05 0.6020725 0.7984415 -3.21622e-05 0.7008091 0.7133488 8.604472e-05 0.3412214 0.9399829 0.0001335264 0.4873006 0.8732343 0.0003972462 0.3416672 0.9398209 0.0002208213 0.233898 0.9722611 0.0005957051 0.2396678 0.9708548 -4.069917e-05 0.4859854 0.8739669 -0.05543744 0.05707575 0.9968295 0.09178038 -0.06942273 0.9933564 0.05544189 0.05706769 0.9968297 0.05699439 0.221547 0.9734827 -0.05647497 0.2212076 0.9735902 -0.307252 -0.07273706 0.9488443 -0.09181201 -0.06948993 0.9933487 -0.09942583 -0.2552809 0.9617412 0.09881508 -0.2547956 0.9619328 0.3161709 -0.267515 0.9102042 0.3072425 -0.07302788 0.948825 -0.3179608 -0.2661878 0.9099698 0.9968765 0.05584491 0.05584517 0.9734829 0.2215461 -0.05699445 0.9735903 0.2212067 0.05647495 0.9968764 -0.05584541 -0.05584517 0.9968765 0.05584489 -0.05584519 0.9968764 -0.05584539 0.05584518 0.9734828 -0.2215467 0.05699429 0.9735902 -0.2212072 -0.05647466 0.9734828 -0.05699486 -0.2215464 0.9734828 0.05699447 0.2215465 -0.05584522 0.9968764 -0.05584539 -0.05584522 0.9968764 0.05584505 0.05584522 0.9968764 -0.05584539 -0.2215461 0.9734828 -0.05699568 -0.2212065 0.9735904 0.05647555 0.05584522 0.9968764 0.05584505 0.2215461 0.9734829 0.05699536 -0.05699552 0.9734829 0.2215459 0.05647571 0.9735904 0.2212063 -0.9968765 0.05584489 -0.05584519 -0.9968764 -0.05584539 0.05584518 -0.9968765 0.05584491 0.05584517 -0.9734829 0.2215461 0.05699437 -0.9735903 0.2212067 -0.05647503 -0.9734828 -0.2215467 -0.05699422 -0.9735902 -0.2212072 0.05647474 -0.9968764 -0.05584541 -0.05584517 -0.9748278 -0.05695859 0.2155608 -0.9735904 0.05647447 0.2212068 -0.9734828 0.0569944 -0.2215465 0.05584518 0.05584473 -0.9968765 -0.05699443 0.2215453 -0.9734831 0.05647502 0.2212059 -0.9735905 -0.05584518 -0.05584557 -0.9968764 -0.05584518 0.05584473 -0.9968765 0.05584518 -0.05584557 -0.9968764 0.05699428 -0.2215462 -0.9734829 -0.05647472 -0.2212067 -0.9735904 -0.2215457 -0.05699501 -0.973483 0.2215458 0.05699429 -0.973483 -0.09360099 -0.9796746 0.1774163 -0.267269 -0.9627595 0.04076065 -0.08647366 -0.9956626 0.03432634 -0.4338565 -0.8991562 -0.05733009 -0.2216492 -0.973408 -0.05786653 -0.2906822 -0.9363691 0.1967656 -0.05575788 -0.9967661 -0.05786574 -0.4626006 -0.7999008 0.3823081 -0.464362 -0.861063 0.2072158 -0.09902867 -0.918987 0.3816493 -0.3057905 -0.8706245 0.3853635 -0.4487921 -0.8921804 0.0509882 -0.4593275 -0.7133465 0.5292967 -0.1026592 -0.8132027 0.5728546 -0.3089761 -0.7722648 0.5551043 -0.4729579 -0.6011767 0.6441253 -0.1053546 -0.6629051 0.7412538 -0.3120073 -0.6428149 0.6996002 -0.6212936 -0.7815164 -0.05680145 -0.6185954 -0.7577908 0.2075881 -0.6216163 -0.7812483 0.05695937 -0.6000509 -0.7068444 0.3745797 -0.5757236 -0.6474754 0.4993174 -0.5897577 -0.5504948 0.5908818 -0.7613668 -0.6127581 0.2117738 -0.7815373 -0.6212706 0.05676559 -0.7193317 -0.5800287 0.3822678 -0.6728386 -0.5414651 0.504087 -0.7348978 -0.4070728 0.5424177 -0.2211881 0.05941839 0.9734194 -0.5264116 -0.2608826 0.8092163 -0.3177474 -0.4726555 0.8219692 -0.502853 -0.4474815 0.7395263 -0.1055668 -0.4734684 0.8744617 -0.5308816 -0.07256128 0.8443338 -0.4336214 0.06034989 0.899072 -0.6788953 -0.2451902 0.692086 -0.6383445 -0.4167096 0.6472013 -0.6984581 -0.07044974 0.7121749 -0.6213642 0.05882849 0.7813102 -0.8188944 -0.06513881 0.5702358 -0.7867402 -0.2362106 0.5703021 -0.7816666 0.05752547 0.621038 -0.8779325 -0.2360273 0.4165641 -0.8116093 -0.4216052 0.4044001 -0.8992932 0.05712846 0.4335989 -0.9460197 -0.2320179 0.2263062 -0.8992953 -0.4335215 -0.05768106 -0.8992634 -0.4336794 0.05698724 -0.8707968 -0.4384163 0.2224951 -0.9119782 -0.05926634 0.405935 -0.7816219 -0.6211386 -0.05704423 -0.2292361 0.2305352 0.9456767 -0.4191722 0.4200795 0.8048775 -0.4380813 0.2249381 0.8703376 -0.05698815 0.4336816 0.8992622 -0.2238323 0.4385094 0.8704071 -0.2149973 0.6132842 0.7600386 -0.3979966 0.5819828 0.7091507 -0.3983508 0.7088995 0.5820465 -0.05678543 0.6212872 0.7815227 -0.2153156 0.7592349 0.6141673 -0.05768312 0.8992945 0.4335227 -0.224941 0.8703372 0.4380807 -0.05704262 0.7816197 0.6211415 -0.6141689 0.2153122 0.7592347 -0.5820471 0.3983506 0.7088991 -0.539536 0.5395847 0.6463352 -0.5395848 0.6463358 0.5395353 -0.6463339 0.5395363 0.5395861 -0.4335227 0.8992946 -0.05768343 -0.43368 0.899263 0.05698878 -0.2305363 0.945676 0.2292378 -0.4200793 0.8048771 0.4191733 -0.4385083 0.8704071 0.2238347 -0.6132848 0.7600376 0.2149992 -0.6211416 0.7816196 -0.05704348 -0.6212892 0.781521 0.0567851 -0.581981 0.7091512 0.3979983 -0.7088985 0.5820478 0.3983507 -0.7815228 0.621287 -0.05678574 -0.7816215 0.6211391 0.05704418 -0.7592361 0.6141672 0.2153118 -0.8992626 0.4336808 -0.05698797 -0.8992945 0.4335231 0.0576813 -0.8703374 0.4380819 0.2249377 -0.8048769 0.4191735 0.4200795 -0.7091503 0.397996 0.5819837 -0.945677 0.2292357 0.2305342 -0.8704071 0.2238318 0.4385098 -0.7600371 0.2149961 0.6132864 -0.05699472 -0.9734827 -0.221547 -0.2305342 -0.945677 -0.2292356 -0.4385095 -0.8704076 -0.2238306 -0.05768109 -0.8992947 -0.4335226 -0.4200796 -0.8048774 -0.4191724 -0.2249369 -0.8703379 -0.4380814 -0.6132855 -0.7600376 -0.214997 -0.5819826 -0.7091513 -0.3979958 -0.7592354 -0.6141679 -0.2153123 -0.7088995 -0.5820469 -0.3983502 -0.8703381 -0.4380807 -0.2249376 -0.215312 -0.759235 -0.6141685 -0.05704452 -0.7816215 -0.621139 -0.3983495 -0.7088992 -0.5820478 -0.5395853 -0.6463354 -0.5395353 -0.6463354 -0.5395349 -0.5395856 -0.2149968 -0.6132859 -0.7600374 -0.05678628 -0.621287 -0.7815227 -0.3979961 -0.5819827 -0.7091511 -0.5395354 -0.5395847 -0.6463358 -0.9735903 -0.05647492 -0.2212068 -0.8992949 0.05768122 -0.4335222 -0.9456768 -0.2292363 -0.2305343 -0.899263 -0.05698763 -0.4336801 -0.8704073 -0.2238315 -0.4385094 -0.8048779 -0.4191716 -0.4200794 -0.7816211 0.05704452 -0.6211396 -0.7600377 -0.2149978 -0.6132851 -0.7091515 -0.3979963 -0.581982 -0.7815227 -0.05678637 -0.6212871 -0.6212874 0.05678576 -0.7815225 -0.614168 -0.2153134 -0.759235 -0.5820476 -0.3983502 -0.708899 -0.6211397 -0.05704438 -0.781621 -0.43368 0.05698681 -0.8992631 -0.433522 -0.0576819 -0.899295 -0.4380806 -0.2249384 -0.8703379 -0.4191728 -0.4200794 -0.8048773 -0.2212061 0.0564743 -0.9735905 -0.2292352 -0.2305339 -0.9456772 0.05768137 -0.4335215 -0.8992953 -0.05698704 -0.4336794 -0.8992634 -0.2238309 -0.438509 -0.8704077 0.057044 -0.621139 -0.7816216 0.05678631 -0.7815233 -0.6212863 -0.05647571 0.9735903 -0.2212066 -0.229238 0.9456759 -0.2305364 -0.4191735 0.8048769 -0.4200794 -0.438081 0.870337 -0.2249411 -0.05698893 0.8992629 -0.4336802 -0.2238348 0.870407 -0.4385085 -0.2149993 0.7600374 -0.6132849 -0.3979986 0.7091511 -0.581981 -0.05678517 0.7815208 -0.6212895 -0.3983504 0.5820478 -0.7088986 0.0570433 0.7816193 -0.6211419 0.05678517 0.6212873 -0.7815226 -0.2153119 0.6141669 -0.7592363 -0.05704399 0.6211393 -0.7816213 -0.05768162 0.4335228 -0.8992946 -0.2249379 0.4380816 -0.8703376 0.05698775 0.4336805 -0.8992628 -0.6141672 0.7592351 -0.2153156 -0.5820467 0.7088992 -0.3983511 -0.5395351 0.6463363 -0.5395844 -0.5395858 0.5395366 -0.6463338 -0.4200789 0.4191736 -0.8048772 -0.7600381 0.6132847 -0.2149976 -0.7091507 0.5819827 -0.3979968 -0.6463353 0.5395855 -0.5395352 -0.5819837 0.3979958 -0.7091505 -0.2305337 0.2292354 -0.9456772 -0.4385093 0.2238316 -0.8704074 -0.6132868 0.2149957 -0.7600369 -0.759235 0.2153118 -0.6141686 -0.7088998 0.3983498 -0.5820468 -0.8703376 0.2249383 -0.4380812 -0.8048777 0.420079 -0.4191724 -0.9456769 0.2305343 -0.2292361 -0.8704075 0.4385085 -0.2238328 0.09384917 -0.979564 0.177895 0.2665887 -0.9629588 0.04050595 0.2912552 -0.9363536 0.1959905 0.08633826 -0.9956707 0.03443312 0.2219871 -0.9733012 -0.05836507 0.4336954 -0.8991901 -0.05801268 0.4485269 -0.892339 0.05054476 0.4640759 -0.8613387 0.2067103 0.09956591 -0.9188968 0.3817268 0.05576412 -0.9967667 -0.05784832 0.6211451 -0.7816158 -0.05705722 0.6174141 -0.7587496 0.2076029 0.5993791 -0.7071792 0.375023 0.6216952 -0.7812006 0.05675099 0.7605729 -0.6135912 0.2122141 0.7815231 -0.6212864 -0.05678664 0.8992953 -0.4335215 0.05768119 0.8706868 -0.4379799 0.2237813 0.7816219 -0.6211386 0.0570444 0.3064199 -0.870336 0.3855153 0.102856 -0.8131181 0.5729394 0.462927 -0.799855 0.3820086 0.5752916 -0.6473693 0.4999525 0.7188167 -0.5799749 0.3833167 0.3089304 -0.7713822 0.5563556 0.4723867 -0.6007216 0.6449685 0.3113191 -0.6416746 0.7009523 0.4593986 -0.7130039 0.5296965 0.5893187 -0.5502308 0.5915653 0.6723666 -0.5411909 0.5050105 0.9748137 -0.05647146 0.2157526 0.8993225 0.05781064 0.4334477 0.9459785 -0.2306402 0.2278812 0.9115282 -0.05842827 0.4070656 0.8777721 -0.2345462 0.417737 0.8113587 -0.4206039 0.4059426 0.7817628 0.05775115 0.6208958 0.7345859 -0.4062986 0.5434197 0.818223 -0.06465736 0.5712535 0.7868013 -0.2354889 0.5705162 0.6215124 0.05852744 0.781215 0.6790052 -0.2450878 0.6920144 0.6380205 -0.4165598 0.647617 0.5256137 -0.2616293 0.8094939 0.6977339 -0.07035574 0.7128937 0.4337841 0.05961643 0.8990424 0.5304533 -0.0728269 0.8445801 0.5017017 -0.4479375 0.7400321 0.2208555 0.0588737 0.973528 0.3162893 -0.4726431 0.8225385 0.1050118 -0.473193 0.8746776 0.1051078 -0.6627813 0.7413996 0.2212065 0.9735903 -0.05647588 0.229238 0.945676 0.2305361 0.05698883 0.8992629 0.4336802 0.2238348 0.8704071 0.4385082 0.4335227 0.8992946 0.05768312 0.4191736 0.804877 0.4200792 0.05678477 0.7815211 0.6212892 0.2149991 0.7600377 0.6132847 0.3979988 0.7091509 0.581981 0.2153119 0.6141675 0.7592359 0.0570437 0.6211395 0.7816212 0.05768089 0.4335238 0.8992942 0.3983512 0.582048 0.708898 0.2249373 0.4380822 0.8703374 0.438081 0.8703371 0.2249408 0.6141671 0.7592351 0.2153155 0.43368 0.899263 -0.0569891 0.5820466 0.7088992 0.3983512 0.5395352 0.6463361 0.5395845 0.4200799 0.4191733 0.8048768 0.5395856 0.5395371 0.6463336 0.6211416 0.7816196 0.05704317 0.6212892 0.781521 -0.05678538 0.7815228 0.621287 0.05678552 0.7600381 0.6132848 0.2149974 0.6463349 0.5395859 0.5395353 0.7091505 0.5819828 0.3979968 0.5819835 0.3979959 0.7091506 0.2305349 0.2292358 0.9456768 0.4385107 0.2238313 0.8704067 0.6132858 0.2149961 0.7600376 0.7592346 0.215312 0.614169 0.7088996 0.3983503 0.5820468 0.8703377 0.2249386 0.438081 0.8048777 0.4200791 0.4191724 0.9456769 0.2305344 0.229236 0.8992627 0.4336808 0.0569878 0.8704075 0.4385085 0.2238328 0.0564749 -0.9735902 -0.2212074 0.2292357 -0.945677 -0.230534 0.05698695 -0.8992631 -0.4336801 0.2238308 -0.8704076 -0.4385093 0.4191727 -0.8048774 -0.4200794 0.2149971 -0.7600377 -0.6132854 0.3979959 -0.7091513 -0.5819825 0.2153126 -0.6141678 -0.7592354 0.3983502 -0.5820471 -0.7088994 0.2249378 -0.4380806 -0.8703381 0.4380816 -0.8703378 -0.2249367 0.6141688 -0.7592348 -0.2153118 0.5820482 -0.708899 -0.3983493 0.5395355 -0.6463354 -0.5395851 0.5395856 -0.5395352 -0.6463351 0.7600377 -0.6132854 -0.2149971 0.7091514 -0.5819825 -0.3979957 0.6463361 -0.5395849 -0.5395348 0.2212061 -0.05647507 -0.9735905 0.4335221 0.05768139 -0.899295 0.2305338 -0.2292363 -0.9456769 0.4336799 -0.05698758 -0.8992631 0.4385089 -0.2238316 -0.8704076 0.4200788 -0.4191721 -0.804878 0.6132855 -0.2149974 -0.7600375 0.6211397 0.0570442 -0.781621 0.5819823 -0.3979965 -0.7091512 0.6212873 -0.056786 -0.7815225 0.7815227 0.05678618 -0.6212871 0.759235 -0.2153132 -0.614168 0.7088993 -0.3983503 -0.5820471 0.7816211 -0.05704464 -0.6211396 0.8992949 -0.05768157 -0.4335221 0.899263 0.05698702 -0.4336802 0.8703379 -0.2249382 -0.4380807 0.8048773 -0.42008 -0.4191722 0.9735904 0.0564744 -0.2212068 0.9456771 -0.2305343 -0.2292353 0.8992634 -0.4336794 -0.05698711 0.8704075 -0.4385096 -0.2238307 0.05699552 0.9734828 -0.2215462 0.2305363 0.9456759 -0.2292382 0.4385084 0.870407 -0.2238349 0.05768327 0.8992945 -0.4335228 0.6132848 0.7600375 -0.2149995 0.5819809 0.7091511 -0.3979987 0.7592361 0.6141672 -0.2153118 0.7088986 0.5820477 -0.3983506 0.7816215 0.6211391 -0.05704443 0.8992945 0.4335231 -0.05768145 0.8703374 0.4380819 -0.2249378 0.2249409 0.870337 -0.4380811 0.4200793 0.8048769 -0.4191736 0.5395843 0.6463363 -0.5395351 0.6463339 0.5395363 -0.5395859 0.8048769 0.4191733 -0.4200796 0.2153155 0.7592351 -0.6141672 0.3983511 0.7088993 -0.5820465 0.214997 0.613285 -0.760038 0.3979969 0.5819829 -0.7091505 0.5395355 0.5395853 -0.6463351 0.7091506 0.3979956 -0.5819836 0.945677 0.2292356 -0.2305342 0.8704071 0.2238316 -0.4385099 0.7600371 0.2149961 -0.6132865 0.6141685 0.2153119 -0.759235 0.5820472 0.3983496 -0.7088996 0.438081 0.2249384 -0.8703377 0.4191728 0.4200782 -0.8048779 0.2292359 0.2305337 -0.9456771 0.2238329 0.4385077 -0.8704079 -0.1513634 -0.4528195 0.8786601 -0.4775595 -0.5909392 0.6501752 -0.1670759 -0.7403895 0.651083 0.1529862 -0.5857691 0.7959081 0.1530416 -0.226799 0.9618422 -0.1546224 -0.9120248 0.3798719 -0.265161 -0.2094959 0.9411701 -0.6613967 -0.3177404 0.6794081 0.1525888 -0.8740399 0.461271 -0.8308382 -0.042776 0.5548676 -0.8442329 0.3523405 0.4038899 -0.9653727 -0.1486234 0.2143982 -0.5067049 0.1027429 0.8559755 -0.77592 -0.5465538 0.3150032 -0.1423316 0.1227932 0.9821729 -0.1522022 0.5334307 0.8320374 -0.5520214 0.4341674 0.7118785 -0.4056536 -0.8936321 0.1920076 -0.4725042 -0.797477 0.3751935 -0.4205719 0.7449917 0.5177901 -0.4091628 0.8911664 0.1959801 -0.6735219 0.6602589 0.3323047 -0.1246924 0.9780279 0.1670725 -0.1926016 0.9757526 -0.1039783 -0.1338024 0.8627643 0.4875804 -0.5373466 0.8403733 -0.07093252 0.8236335 -0.4904501 0.284757 0.3964679 -0.8962526 0.1988581 0.9403052 -0.3344166 0.06317894 0.491689 -0.5990786 0.6319389 0.499439 -0.7919466 0.3512568 0.9653246 -0.05440971 0.2553194 0.7544741 -0.3002199 0.5836409 0.4751582 -0.2793113 0.8343919 0.1234702 0.9910596 -0.05055753 0.1266111 0.9429908 0.3077953 -0.1297288 0.9641722 -0.2313923 0.4024989 0.8937922 0.1978133 0.3967714 0.9132151 -0.09279353 0.2174549 0.9472881 -0.235284 -0.5093049 0.8370336 -0.1999582 0.4524263 0.7291193 0.5135129 0.1333674 0.7642962 0.6309235 0.6841108 0.728181 -0.04177199 0.6844631 0.6797441 0.2635492 0.9343985 0.3502921 0.06476853 0.8517135 0.3483645 0.3914412 0.6813268 0.7098432 -0.1786518 0.7699321 0.04044847 0.6368426 0.6120633 0.4261152 0.6661865 0.2268223 0.4576756 0.8597004 -0.9426997 -0.3278631 0.06183092 -0.9606995 0.2610643 0.09435023 -0.915032 0.3920724 -0.09484586 0.9621427 0.2658175 -0.06018732 0.4773435 0.09683203 0.8733652 -0.7951535 0.6063734 -0.006497716 0.1605787 0.1262798 0.9789116 -0.6628678 0.1318237 -0.7370406 -0.9199429 -0.005630783 -0.392012 -0.9010692 0.1280296 -0.4143462 -0.1958774 0.03290367 -0.9800762 -0.6835005 0.03124011 -0.7292813 -0.6508567 0.1182499 -0.749935 -0.9716846 -0.03205368 -0.2340974 -0.9652759 0.1401214 -0.220473 -0.6299316 -0.7336629 -0.2548037 -0.1524227 -0.6805417 -0.71668 -0.525018 -0.6595783 -0.5378779 -0.8994992 0.1276588 -0.417857 -0.2224299 0.09601505 -0.9702093 -0.9722939 0.2248245 -0.06401993 -0.6367608 0.1953015 -0.7459176 0.1948628 0.02375578 -0.9805428 -0.2182644 0.08735165 -0.9719724 0.1926549 0.06947948 -0.9788037 0.1409609 -0.6909143 -0.709061 0.5731518 0.09292839 -0.8141629 0.5544886 0.02979524 -0.8316578 0.1920943 0.07236058 -0.9787051 0.5709345 0.08490361 -0.8165936 0.5589856 0.1883367 -0.807505 0.8833088 0.1142215 -0.4546636 0.891671 0.1231796 -0.4356026 0.9084629 0.02772619 -0.4170448 0.9914206 0.1240803 -0.0410997 0.9892037 -0.03271529 0.1428484 0.9997938 -0.01070252 -0.0172572 0.9284263 0.2226546 0.2974046 0.9784882 0.1374456 0.1538489 0.9042407 0.3089956 0.2947378 0.9827945 -0.02677628 0.182751 0.6275297 -0.7699629 0.1156015 0.6395694 -0.7629011 0.09451429 0.6821763 -0.731185 0.001978031 0.9916124 0.1234064 -0.0384158 0.4238122 0.336008 0.8411194 0.5604158 0.5273331 0.6386344 0.8864486 0.2222294 0.4059839 0.4400872 0.8258307 0.3526001 0.8750402 0.4368611 0.2084637 0.9819949 -0.02174126 0.1876519 0.6253216 -0.771229 0.1190746 -0.9571355 -0.04153463 0.286647 -0.688859 0.213487 0.6927457 -0.8979947 0.3776757 0.2257576 -0.655026 -0.7515585 -0.07810778 -0.6821191 -0.6957304 0.2251061 -0.4214797 -0.7509479 0.5083622 -0.9929116 -0.02070545 -0.1170374 -0.6607484 -0.0980024 0.7441822 -0.8914911 0.438802 -0.1126786 -0.8787232 0.4460277 -0.1700142 -0.625097 -0.7712991 -0.1197976 -0.193653 -0.1500894 0.9695214 -0.1245848 -0.7688324 0.6271965 0.1885054 0.1903642 -0.9634455 0.8692976 0.1915396 -0.4556691 0.457494 0.5850352 -0.6696515 -0.2102906 0.1909326 -0.9588131 -0.5252962 0.5820881 -0.6206749 -0.1695989 0.5870346 -0.7915975 -0.09798528 0.989053 -0.1103316 0.1544905 0.5923047 -0.7907641 -0.0252515 0.9908713 -0.1324252 0.02173035 0.9935437 -0.1113497 0.07342321 0.9908286 -0.1134359 0.7209787 0.5793261 -0.3802248 0.132746 0.9889753 -0.06562278 0.3773997 0.2118227 0.9014991 0.3293283 -0.08677134 0.94022 0.4328112 0.8111835 0.3932631 0.2683821 0.5990672 0.7543802 0.1944486 -0.7501473 0.6320355 -0.1918606 0.1673847 0.9670429 0.5497793 -0.6935926 0.4654803 0.7750313 -0.03043536 0.6311895 0.7416476 0.3754091 0.5559018 -0.1458781 0.6613279 0.7357751 -0.5381494 0.5970863 0.5948808 -0.05112603 0.9653023 0.2560812 -0.5532598 0.8089667 0.1986869 -0.005768259 0.9996193 0.02697936 0.4562078 0.8804312 0.1292876 -0.4739807 0.8789271 -0.05319337 -0.000218534 1 -5.851628e-07 0.8666489 0.443118 0.2292728 0.9654698 -0.01777828 0.2599076 0.6382501 -0.750546 0.1712235 0.4568655 0.8850393 0.08932691 0.9820774 -0.01982131 0.1874329 0.8774792 0.4484477 0.1700735 -0.6088841 0.7275544 0.3161087 -0.5332715 0.2953481 0.7927112 -0.8496122 0.2928832 0.4386098 0.1212646 0.9926192 -0.001433114 -0.7115013 0.7022807 0.02382466 -0.3881212 0.717798 0.5780381 -0.5578186 0.2312181 0.7971051 -0.8766699 0.2204981 0.4275868 -0.95741 0.2874826 0.02682956 -0.859959 0.3157687 -0.4009497 -0.6223479 0.7276794 -0.2883847 -0.9740581 0.2259993 0.0116239 -0.8752545 0.2612721 -0.4070215 -0.1368268 0.700747 0.7001658 -0.1833554 0.2926537 0.9384746 -0.1858857 0.2403565 0.9527199 0.9801088 0.1952684 -0.035455 0.7353585 0.5837347 0.3442406 0.8118484 0.5831782 -0.02837918 0.1412449 0.987994 0.06259218 -0.8917023 0.2003129 -0.4058838 -0.9729801 0.2257825 0.04829088 -0.9528481 0.2886895 -0.09348182 -0.7403984 0.5696706 0.3567711 -0.7399601 0.5851048 -0.3318304 -0.7091894 0.3348761 0.6204098 -0.162177 0.5361263 0.8284125 -0.1855406 0.251631 0.9498719 -0.9119859 0.396782 -0.1041428 -0.6010295 0.5870415 0.5423521 -0.8100314 0.5847363 0.04396179 -0.1574454 0.5697515 0.8065942 -0.1352826 0.981967 0.1320583 -0.1542384 0.9880213 0.004949083 -0.11142 0.9926738 -0.0467368 -0.5035232 0.8416785 0.1950428 0.3529724 0.5873888 0.7282753 0.07569601 0.9819807 0.1731587 -0.02959538 0.9879917 0.151646 0.4442682 0.7277669 0.5224759 0.6510298 0.7014226 0.2901148 0.620106 0.2910728 0.7285226 0.1432737 0.7182946 0.6808271 0.6855914 0.7272088 -0.0336426 0.1985474 0.2943532 0.934845 -0.4117833 0.3415465 -0.8448553 -0.2866164 0.7548178 -0.590001 0.1334345 0.7176313 -0.6835207 0.4873798 0.754839 -0.4389523 0.1814648 0.3220107 -0.9291822 0.6991991 0.3415755 -0.6280501 0.8771367 0.283856 0.3873719 0.9482978 0.3132715 -0.05091457 0.6495561 0.2150661 0.7292623 0.8960733 0.2270357 0.3814543 0.7087052 0.2946328 -0.6410371 0.9631731 0.263563 -0.05321802 0.1842532 0.2778599 -0.9427856 -0.4153191 0.2946847 -0.8606224 0.220365 0.2260518 0.9488624 0.4530316 0.8835123 0.1190308 0.8767816 0.4474699 0.1761382 0.6254337 -0.7711315 0.1191169 0.9820952 -0.02054725 0.1872612 -0.07547072 0.9199938 0.3845979 -0.005310107 0.9996279 0.02675406 0.625626 -0.7710865 0.1183963 -0.4619304 0.8852147 -0.05491061 -0.8823592 0.4428048 -0.1592677 -0.4583788 0.8842463 -0.08942798 -0.9824256 -0.02603337 -0.1848302 -0.6259757 -0.7701197 -0.1227604 -0.6252564 -0.7712834 -0.1190643 -0.9810679 -0.03286829 -0.1908545 -0.9821517 -0.02229892 -0.1867638 -0.6252805 -0.7712611 -0.1190826 -0.6278387 -0.7646312 -0.145457 -0.9820474 -0.02208469 -0.1873369 0.001408916 0.9999977 0.001624017 -0.0002039028 0.9999995 0.0009670951 0.002011808 0.9999934 0.003038895 0.0001431854 0.9999996 -0.0009316071 -0.001398022 0.9999987 -0.0007886852 -0.001901048 0.9999978 0.000915991 -0.002969595 0.9999936 0.001978045 0.001526058 0.9999988 -0.0001951061 0.003795402 0.9999893 -0.002662068 -0.002597885 0.9999889 -0.003930728 -0.005593743 0.9999584 -0.007198223 0.007735447 0.9999598 -0.004530561 0.4142368 -0.6810573 -0.6037953 0.688202 -0.6606106 -0.2999526 0.9014265 0.1280296 -0.4135683 0.9718864 -0.0320536 -0.2332583 0.9202811 -0.005631258 -0.3912172 0.663504 0.1318236 -0.7364679 0.68413 0.03124025 -0.7286907 0.1967233 0.03290334 -0.9799068 0.2232677 0.09601513 -0.9700168 0.6301509 -0.7336634 -0.2542593 0.5254825 -0.659578 -0.5374245 0.153041 -0.680542 -0.716548 0.6515041 0.1182502 -0.7493726 0.8998596 0.1276591 -0.4170801 0.2191036 0.08735182 -0.9717836 0.9654659 0.1401216 -0.2196395 0.9723488 0.2248244 -0.06318054 0.6374046 0.1953007 -0.7453677 0.8920524 0.2003127 -0.405114 -0.1940163 0.0237554 -0.9807106 -0.19181 0.06947963 -0.9789696 -0.1912491 0.07236061 -0.9788706 -0.1403485 -0.6909145 -0.7091823 -0.5537702 0.02979536 -0.8321363 -0.5724488 0.0929284 -0.8146574 -0.5582882 0.1883373 -0.8079872 -0.1876733 0.1903643 -0.9636079 0.2111182 0.1909329 -0.9586312 -0.5702292 0.08490351 -0.8170863 -0.9081025 0.02772602 -0.4178291 -0.8912946 0.1231796 -0.4363722 -0.4137148 -0.6810577 -0.6041526 -0.9913848 0.1240805 -0.04195577 -0.9893267 -0.03271537 0.1419943 -0.9786206 0.1374457 0.1530042 -0.6276294 -0.7699627 0.1150598 -0.982952 -0.02677616 0.1819024 -0.9997785 -0.01070262 -0.01812047 -0.9044949 0.3089957 0.2939567 -0.6396506 -0.7629012 0.09396195 -0.9286828 0.2226545 0.2966028 -0.560967 0.5273331 0.6381503 -0.4245383 0.3360079 0.8407532 -0.8867988 0.2222293 0.4052185 -0.9915788 0.1234065 -0.03927194 -0.8829161 0.1142214 -0.4554258 -0.9800778 0.1952682 -0.03630117 -0.8752199 0.436861 0.207708 -0.4403917 0.8258307 0.3522197 -0.625424 -0.7712291 0.1185345 -0.9821566 -0.02174129 0.1868038 0.9568876 -0.04153381 0.2874735 0.6550944 -0.7515574 -0.07754288 0.9930124 -0.02070485 -0.1161799 0.6882602 0.213487 0.6933406 0.6601051 -0.09800165 0.7447529 0.6819257 -0.695729 0.2256955 0.8977997 0.3776753 0.2265328 0.6252 -0.7712993 -0.1192578 0.982209 -0.02208529 -0.1864878 0.4210403 -0.750948 0.5087261 0.1928157 -0.150089 0.9696883 0.1240436 -0.7688323 0.6273038 -0.8689039 0.1915398 -0.4564192 0.170282 0.5870348 -0.7914506 -0.456915 0.5850365 -0.6700455 -0.1538076 0.5923049 -0.790897 0.5258327 0.5820869 -0.6202216 0.02536573 0.9908711 -0.1324046 -0.07332515 0.9908286 -0.1134992 -0.02163429 0.9935436 -0.1113687 -0.1326891 0.9889753 -0.06573704 -0.7206503 0.5793262 -0.3808469 -0.3781779 0.2118221 0.901173 -0.4331505 0.8111834 0.3928894 -0.7421272 0.3754092 0.5552613 0.1910256 0.1673841 0.9672082 -0.1949947 -0.7501466 0.6318679 -0.33014 -0.08677056 0.9399353 -0.2690339 0.5990666 0.7541485 0.5376352 0.5970862 0.5953456 -0.7755759 -0.03043548 0.6305201 -0.5501801 -0.6935939 0.4650046 0.05090493 0.9653023 0.2561253 0.1452433 0.6613276 0.7359009 0.5530881 0.8089666 0.1991646 0.005745286 0.9996193 0.02698463 -0.4563195 0.8804311 0.1288936 0.4740268 0.8789269 -0.05278424 0.0002186788 1 -3.342176e-07 -0.4569425 0.8850393 0.08893241 0.8915879 0.4388023 -0.1119084 -0.8668468 0.4431176 0.2285242 -0.9822389 -0.01982137 0.1865848 -0.9656939 -0.01777844 0.2590739 -0.8776256 0.4484478 0.1693158 0.6086108 0.7275544 0.3166346 0.7114803 0.702281 0.02443907 0.8492331 0.2928827 0.4393436 -0.1212629 0.9926192 -0.001538209 0.5325869 0.2953475 0.7931715 0.8603046 0.3157699 -0.4002066 0.9573863 0.2874833 0.02765557 0.8763006 0.2204975 0.4283434 0.5571304 0.2312163 0.7975868 0.8756053 0.2612735 -0.4062653 0.9740477 0.2259993 0.01246424 0.3876209 0.7177996 0.5783717 0.1362225 0.7007469 0.7002836 0.1825454 0.292654 0.9386324 -0.7356559 0.583734 0.3436059 -0.8118237 0.583178 -0.02908024 -0.141299 0.9879939 0.06247055 0.7402464 0.585105 -0.3311911 0.9729381 0.2257823 0.04913079 0.7086536 0.3348757 0.621022 0.7400901 0.5696706 0.3574102 0.9529285 0.2886895 -0.0926584 0.6005605 0.5870425 0.5428703 0.8099924 0.5847372 0.04466086 0.1614618 0.5361273 0.8285515 0.5033547 0.8416785 0.1954774 0.9120755 0.3967821 -0.1033554 0.1847204 0.2516312 0.9500317 0.135167 0.9819674 0.132174 0.09808014 0.989053 -0.1102469 0.1114597 0.9926739 -0.04663972 0.07513856 0.919994 0.3846624 -0.3536006 0.5873894 0.72797 0.1567488 0.5697521 0.8067294 -0.07584503 0.9819809 0.1730928 0.02946455 0.9879915 0.1516726 -0.4447196 0.7277661 0.5220929 -0.6512804 0.701422 0.2895531 0.1542333 0.9880214 0.005082288 -0.143861 0.7182954 0.6807024 -0.6207348 0.2910724 0.7279871 -0.6855624 0.7272085 -0.03423454 -0.8774709 0.2838556 0.3866145 -0.1993544 0.2943531 0.9346732 0.6225974 0.7276787 -0.2878476 0.4125129 0.3415471 -0.8444991 0.2871256 0.7548177 -0.5897534 -0.1328441 0.7176324 -0.6836345 -0.4870008 0.7548386 -0.4393733 -0.6986563 0.3415756 -0.6286536 -0.1806624 0.3220108 -0.9293385 -0.6501853 0.2150662 0.7287013 -0.8964023 0.2270357 0.3806805 -0.9482537 0.3132709 -0.05173332 -0.9631275 0.2635605 -0.05404963 -0.7081511 0.2946332 -0.6416489 -0.1834395 0.2778607 -0.942944 0.4160616 0.2946853 -0.8602635 0.1850634 0.2403562 0.9528801 -0.2211837 0.2260527 0.9486717 -0.8769333 0.4474699 0.1753813 -0.4531343 0.8835123 0.1186398 -0.6255365 -0.7711314 0.1185767 -0.9822566 -0.02054717 0.186413 -0.625728 -0.7710865 0.1178561 0.005287308 0.9996279 0.02675993 0.4619776 0.8852148 -0.05451145 0.8824962 0.4428048 -0.1585065 0.4584558 0.8842464 -0.08903157 0.8788698 0.4460278 -0.1692547 0.9825846 -0.02603315 -0.1839831 0.6260814 -0.7701196 -0.1222203 0.9812324 -0.0328684 -0.1900069 0.6253587 -0.7712837 -0.1185243 0.6279643 -0.7646309 -0.144915 0.9823125 -0.02229944 -0.1859161 0.6253827 -0.7712616 -0.1185412 -0.0001421815 0.9999996 -0.0009315009 0.00139867 0.9999987 -0.0007875282 0.00260143 0.9999889 -0.003930231 0.0002033498 0.9999995 0.0009671017 -0.001408804 0.9999977 0.001621121 -0.002013138 0.9999934 0.003035995 0.001901311 0.9999978 0.0009186835 -0.00152559 0.9999988 -0.0001966851 -0.003790977 0.9999893 -0.002663148 -0.007735756 0.9999598 -0.004538057 0.002967888 0.9999936 0.001980612 0.005601625 0.9999584 -0.007196792 -0.6821777 -0.7311851 0.001389153 -0.6879433 -0.6606101 -0.3005466 -0.6383976 -0.7505461 0.1706722 -0.9120504 0.2519832 0.323525 -0.9582629 0.1421252 0.2480579 -0.9392238 -0.07725784 0.3344995 -0.8598242 0.1350392 0.4924091 -0.8148089 0.2566941 0.5198025 -0.6799213 0.5115106 0.5254178 -0.8116831 0.4905002 0.3171436 -0.9448107 0.2465292 0.2157685 -0.9659153 0.07890042 -0.2465408 -0.9480464 0.07173463 0.3099391 -0.6530988 -0.04520771 0.7559221 0.3706899 -0.1633518 0.9142785 0.4663763 -0.2838705 0.8378011 -0.898234 0.4059018 -0.1685804 -0.9499319 0.2172526 -0.224568 -0.8599598 0.4775986 0.179913 -0.9533735 0.1451107 -0.2646164 -0.2718266 0.8138656 0.5135495 -0.4440053 0.8742914 0.1961475 -0.5132794 0.854101 -0.08399788 -0.5979732 0.1374271 -0.7896467 -0.5871934 0.5795563 -0.5650827 -0.443239 -0.009539538 -0.8963527 -0.3421383 -0.01781504 -0.9394807 -0.2918425 0.04016808 -0.9556226 0.09712242 -0.5997484 -0.7942727 0.1619924 -0.4279828 -0.8891508 -0.2695981 0.5968953 -0.7556672 0.4931494 -0.8437216 -0.2119847 -0.07639916 0.001631372 -0.997076 0.5337412 -0.2656139 -0.8028509 0.4541241 0.4059223 -0.7930942 0.4918318 -0.002945776 -0.8706852 0.4542475 -0.4521985 -0.7675778 -0.003823415 0.5747387 -0.818328 -0.116502 0.9512707 -0.2855019 0.2223556 0.8970548 -0.3819039 0.7130932 0.5291966 -0.4598359 0.8801072 -0.00612217 -0.4747355 0.6820213 -0.6079924 -0.4064386 0.2721952 -0.9240288 -0.2684782 0.9611372 -0.01674422 -0.2755629 0.8048204 0.5151976 -0.2946786 0.8600239 0.5030941 -0.08517747 0.7360968 -0.6143998 -0.2840323 0.9488898 -0.01371874 -0.3153094 0.7517646 -0.5242471 -0.4000187 0.1745721 -0.8794535 -0.4428162 0.2347771 -0.9604012 -0.1500307 -0.1306019 -0.6069826 -0.7839102 0.4358858 0.8707709 0.2275119 0.4561673 0.5780918 0.676551 0.8789002 0.3450075 0.3293998 0.3538472 0.1965527 0.9144174 0.7742705 0.1687931 0.6099296 0.99017 -0.002869624 -0.13984 0.9956629 -0.03650674 0.0855722 0.6579103 -0.3913797 -0.6434097 0.9783425 -0.1770456 -0.107242 0.3590637 -0.3240458 -0.8752529 -0.05688726 0.04329176 0.9974416 0.1613757 -0.05035937 0.9856073 -0.2149556 -0.7389503 0.6385503 0.01058658 0.1385888 0.9902934 0.1346723 0.4321136 0.8917069 -0.354559 0.002435518 0.9350305 0.823268 -0.2988436 0.4826202 -0.003866367 0.0826693 0.9965695 -0.4115941 0.1734321 0.8947131 -0.3643818 0.1115106 0.9245492 -0.8193237 -0.3766728 0.432234 -0.6015488 -0.05605088 0.7968672 0.7582651 -0.440346 -0.4807592 0.2505466 -0.8873849 -0.387007 -0.4136241 0.3696725 0.83202 -0.09147919 0.4532429 0.8866806 0.1122414 0.8956384 0.4303879 0.3084161 -0.0259021 0.9508988 0.3696885 -0.9024636 -0.2211105 0.2236206 -0.3524913 -0.9087044 -0.230868 -0.3137081 -0.9210251 -0.3011556 -0.3053438 -0.9033662 -0.7662525 -0.4286132 -0.4786938 -0.01357107 0.9997253 0.01911019 0.3408217 0.9308978 -0.1314151 0.9137051 -0.09578453 -0.3949283 0.8750962 -0.08087777 0.4771429 0.3619812 -0.1322395 -0.922758 0.3445632 -0.05318016 -0.9372556 0.9260167 -0.1345578 -0.3526858 -0.2059589 -0.7105944 -0.6727827 -0.3124543 -0.1956249 -0.9295715 -0.3284818 -0.03168922 -0.9439785 0.86813 -0.1547921 0.4715821 0.7135749 -0.5856 0.3845562 0.6729084 -0.6983092 -0.2440462 0.3026664 -0.5634339 -0.7687232 0.3149209 -0.02613692 0.948758 0.3132554 -0.1976219 0.9288793 0.01458913 -0.9998751 -0.006082723 0.2308671 -0.7215698 0.6527154 -0.3483163 -0.0451154 -0.9362907 -0.2991199 -0.3287725 -0.8957879 -0.9716938 -0.02951776 -0.2343925 -0.1503018 -0.8103148 -0.5663915 -0.9173294 -0.301851 -0.2596012 0.6064852 -0.04631648 -0.7937446 0.5777981 -0.1396162 -0.8041497 -0.9468938 -0.0200298 0.3209219 -0.6745457 -0.7110389 -0.1985242 0.9472168 -0.01836307 -0.3200675 0.5084267 -0.5834416 -0.6333232 0.02501614 -0.999651 -0.008491306 0.73494 -0.6305774 -0.24947 -0.6069892 -0.7675365 0.2060385 0.865645 -0.3894038 0.3146798 0.8733209 -0.425129 -0.2378572 -0.371944 0.06034556 0.9262916 -0.9011218 -0.05461521 -0.4301123 -0.924969 0.06866986 0.3737871 0.7897878 -0.5811353 0.1962576 0.2402819 -0.8130818 0.5302476 -0.4328809 -0.7191136 0.5435897 -0.9155176 -0.2551363 0.3110194 0.3183502 -0.3081517 0.8964908 -0.5802196 -0.2825609 0.7638747 0.9492739 -0.1348864 0.2840506 0.9644087 -0.04870478 0.2598916 0.3057352 -0.05022259 0.9507911 -0.6304208 -0.04581354 0.7749005 0.9474308 -0.0462848 -0.3165953 -0.6566902 -0.6459241 -0.3892815 -0.59743 -0.774571 0.2076468 -0.2785261 -0.6433269 0.7131296 -0.9129398 -0.253194 0.3200526 -0.8858634 -0.03653252 -0.4625057 -0.8564541 -0.2223294 -0.4658927 -0.9390217 -0.01361076 0.3435883 -0.381848 -0.2166097 0.8984834 -0.3914714 -0.007267529 0.9201616 0.7346745 -0.02312757 0.6780254 0.325904 0.05822295 0.9436083 0.7946217 -0.1768061 0.580789 -0.1301523 0.02679561 0.9911319 0.3236763 -0.08134302 0.9426648 0.9055346 -0.3258212 -0.2717491 -0.2744787 -0.1576781 0.9485774 -0.2891154 -0.4934612 0.8203099 -0.7196047 -0.5339839 -0.4438809 -0.2532496 -0.6138744 -0.7476783 -0.664125 -0.7126269 0.2260551 6.365118e-07 -1 -1.283732e-06 0.2606267 -0.5822329 0.770116 0.300521 -0.5287664 -0.7937841 0.663184 -0.7140124 -0.2244399 0.7263122 -0.4979895 0.4737901 -0.309348 -0.09674256 -0.9460152 0.912395 0.251983 0.3225522 0.9585266 0.1421254 0.2470367 0.9450401 0.2465292 0.2147615 0.6804818 0.511511 0.5246913 0.8153626 0.2566939 0.5189336 0.8603496 0.1350388 0.4914907 0.9395804 -0.07725722 0.3334966 0.9483761 0.07173414 0.3089286 0.9656519 0.07890113 -0.2475704 0.6539048 -0.0452074 0.755225 0.8120205 0.4905009 0.3162776 0.953091 0.1451109 -0.2656322 0.9496921 0.2172527 -0.2255795 -0.3697138 -0.1633523 0.9146736 0.3411373 -0.01781507 -0.9398447 0.442284 -0.009539836 -0.8968243 0.597131 0.1374268 -0.7902838 0.8980544 0.4059011 -0.1695365 0.5131894 0.8541013 -0.08454391 0.8601515 0.4775975 0.1789971 0.5865914 0.5795558 -0.5657081 0.4442147 0.874291 0.1956743 0.2723743 0.8138664 0.5132579 0.2908233 0.04016833 -0.9559332 -0.09796882 -0.599749 -0.7941683 0.0753358 0.001630765 -0.9971569 -0.4933749 -0.8437216 -0.2114594 -0.27248 -0.9240293 -0.2681876 -0.1629408 -0.4279833 -0.8889773 -0.455066 -0.4521983 -0.7670929 -0.4927595 -0.002946098 -0.8701605 0.2687913 0.5968954 -0.7559544 -0.6824541 -0.6079924 -0.4057113 -0.4549691 0.4059222 -0.7926098 0.002951855 0.5747382 -0.818332 -0.8806125 -0.006122142 -0.4737976 -0.713583 0.5291965 -0.4590756 -0.2227625 0.8970547 -0.3816671 0.1161966 0.9512708 -0.2856259 -0.9614306 -0.01674413 -0.2745375 -0.8051342 0.5151976 -0.2938203 -0.9492254 -0.0137186 -0.3142975 -0.7363992 -0.6144 -0.2832471 -0.7521902 -0.5242477 -0.399217 -0.1750435 -0.8794536 -0.4426299 0.129767 -0.6069819 -0.7840495 -0.658595 -0.3913797 -0.6427087 -0.9903185 -0.002869543 -0.1387842 -0.9955712 -0.03650643 0.08663294 -0.7736197 0.1687934 0.6107547 -0.8785491 0.3450066 0.330336 -0.359996 -0.3240461 -0.8748697 -0.9784563 -0.177045 -0.1061993 -0.8601144 0.5030938 -0.08426103 -0.3528724 0.1965526 0.914794 -0.455445 0.5780926 0.6770367 -0.4356429 0.870771 0.2279762 0.05795069 0.04329152 0.9973803 -0.009530753 0.1385889 0.9903041 0.3555566 0.002434984 0.9346516 -0.1603254 -0.05035922 0.9857787 0.004928712 0.08266916 0.9965649 0.3653667 0.1115103 0.9241605 0.4125469 0.1734316 0.8942743 -0.8227529 -0.2988434 0.4834981 -0.3074017 -0.02590204 0.9512273 0.215638 -0.7389516 0.6383188 0.414512 0.369672 0.8315783 -0.1337215 0.4321127 0.8918504 0.6023992 -0.05605163 0.7962244 0.8197837 -0.3766721 0.4313617 0.7657418 -0.4286135 -0.4795102 -0.7587776 -0.440345 -0.4799509 0.3729298 0.06034588 0.9258951 0.09242421 0.4532439 0.886582 -0.1117828 0.8956385 0.4305071 -0.2349369 -0.9604014 -0.1497793 -0.3699238 -0.9024637 -0.2207165 -0.2509604 -0.8873841 -0.3867406 -0.2245889 -0.3524927 -0.908465 0.2298854 -0.3137073 -0.9212711 -0.8653092 -0.3894037 0.3156022 0.3001922 -0.3053441 -0.9036867 0.01359244 0.9997253 0.01909587 -0.3409617 0.9308977 -0.1310517 -0.9141259 -0.09578387 -0.3939534 -0.3629637 -0.1322396 -0.9223719 -0.9263919 -0.1345588 -0.3516987 -0.3455625 -0.05318009 -0.9368876 0.2052413 -0.7105923 -0.6730041 -0.3034845 -0.5634343 -0.7684002 -0.6731672 -0.6983103 -0.2433281 -0.7131637 -0.5856011 0.3853165 -0.8745867 -0.08087746 0.4780763 0.3114625 -0.1956257 -0.9299041 -0.01459731 -0.999875 -0.006069359 -0.867626 -0.1547946 0.4725079 -0.3139089 -0.02613715 0.9490933 -0.3122635 -0.1976221 0.9292131 -0.2301712 -0.7215694 0.6529615 -0.5345962 -0.265614 -0.8022818 0.3473165 -0.04511454 -0.9366621 0.9714436 -0.02951873 -0.2354273 0.2981657 -0.3287756 -0.8961048 0.9472351 -0.02003028 0.3199131 0.9170521 -0.3018519 -0.2605779 -0.6073306 -0.04631614 -0.7930979 0.6743323 -0.7110388 -0.1992482 0.1496961 -0.8103134 -0.5665539 0.9158494 -0.2551338 0.3100429 -0.5786543 -0.1396163 -0.8035338 -0.509099 -0.5834427 -0.6327819 -0.02502769 -0.9996509 -0.008465478 -0.7352059 -0.6305777 -0.2486847 -0.9475575 -0.01836307 -0.3190575 -0.8735744 -0.4251272 -0.2369275 0.9253662 0.06867035 0.3728025 0.9006627 -0.0546147 -0.4310731 -0.7895793 -0.581134 0.1970987 0.6072089 -0.7675361 0.2053916 0.4334593 -0.7191142 0.5431278 -0.2397203 -0.8130819 0.5305017 0.5810349 -0.2825593 0.7632553 -0.3173942 -0.3081521 0.8968295 -0.9489705 -0.1348868 0.2850622 -0.3047224 -0.05022262 0.9511162 -0.9641311 -0.04870517 0.2609195 0.6312461 -0.04581335 0.7742283 -0.9477676 -0.04628526 -0.3155856 0.6562715 -0.6459251 -0.3899854 0.5976507 -0.7745716 0.2070082 0.2792847 -0.6433254 0.7128341 0.8559559 -0.2223326 -0.4668058 0.9132799 -0.2531947 0.3190802 0.3828039 -0.2166098 0.8980765 0.3274751 -0.03168933 -0.9443283 0.8853689 -0.03653171 -0.4634515 0.9393873 -0.0136099 0.3425876 0.3924508 -0.007267766 0.9197443 -0.3248981 0.05822284 0.9439551 -0.7940017 -0.1768077 0.5816359 -0.322671 -0.08134331 0.9430094 -0.7339516 -0.02312751 0.6788079 0.1312104 0.0267949 0.9909924 0.275489 -0.1576775 0.9482846 -0.9058239 -0.3258214 -0.270783 0.2899897 -0.4934608 0.8200015 0.6643657 -0.7126267 0.2253473 0.7191313 -0.533983 -0.4446486 1.217194e-06 -1 2.501005e-08 0.2524526 -0.6138747 -0.7479476 -0.2598083 -0.5822303 0.7703944 -0.3013627 -0.5287657 -0.7934654 -0.7258043 -0.4979884 0.4745689 -0.6634221 -0.7140141 -0.2237296 0.3083392 -0.09674149 -0.9463445 -0.4654828 -0.2838724 0.8382972 -0.1055764 0.9586399 0.2643163 0.1055787 0.9535952 -0.2819739 -0.2295402 0.9627065 -0.1432047 -0.3427532 0.5277003 0.7772082 0.01293984 0.7449587 0.6669851 0.317666 0.8974768 -0.3059799 0.1134361 0.6066155 -0.7868607 0.2616382 0.9594981 0.1044455 -0.7256262 0.5547862 -0.4070367 -0.7067045 0.6996764 0.1049848 -0.5876838 0.6777059 0.4419756 -0.08043655 0.639905 -0.7642327 0.2652945 0.8939151 0.3612958 0.4526319 0.8915038 0.01858402 -0.967448 0.177337 0.1805433 -0.8685288 0.1374767 -0.4761911 -0.8011622 -0.1726105 0.5730138 -0.8011619 0.1831637 0.5697286 -0.8685291 -0.1462447 -0.4735713 -0.9674481 -0.1739724 0.1837876 -0.3851736 -0.1295056 0.913712 -0.3851735 0.1463556 0.9111649 -0.5876839 -0.6694278 0.4544162 -0.7256241 -0.5622111 -0.396722 -0.7067023 -0.6976201 0.1178899 -0.1273264 0.1400874 -0.9819183 0.04237007 0.1019553 -0.9938863 0.04237 -0.1202923 -0.9918339 -0.1273265 -0.1581964 -0.9791638 -0.4232737 -0.1611575 -0.8915535 -0.4232742 0.1446651 -0.8943774 -0.3409154 -0.6674568 -0.6620258 0.1134359 -0.6210424 -0.7755247 -0.08043941 -0.6539078 -0.7522859 -0.3427532 -0.5132566 0.7868214 -0.0264938 -0.1192173 0.9925146 -0.105577 -0.9535949 0.2819757 0.01293891 -0.7325143 0.6806287 0.1055763 -0.9586399 -0.2643164 0.2616403 -0.9574049 0.1221486 0.2652981 -0.8870877 0.3777464 -0.2295403 -0.9651867 -0.1254033 -0.02649352 0.1375238 0.9901441 -0.3409187 0.6551198 -0.6742348 0.4200993 -0.858677 0.293582 0.317668 -0.9029734 -0.2893545 0.4563045 -0.8730624 -0.1718958 0.1055764 0.9586399 0.2643163 0.2295402 0.9627064 -0.1432048 -0.1055787 0.9535952 -0.2819739 -0.2616382 0.9594981 0.1044455 -0.01293984 0.7449587 0.6669851 0.3427532 0.5277003 0.7772082 0.725626 0.5547863 -0.407037 0.3409181 0.6551198 -0.674235 0.0804367 0.6399049 -0.7642327 0.5876842 0.6777055 0.4419756 0.7067045 0.6996764 0.1049848 -0.1134361 0.6066155 -0.7868608 -0.3176659 0.8974768 -0.30598 -0.4526319 0.8915038 0.01858399 -0.2652945 0.8939151 0.3612958 0.967448 0.177337 0.1805433 0.8011622 0.1831631 0.5697283 0.8011625 -0.1726099 0.5730135 0.8685291 -0.1462447 -0.4735713 0.8685288 0.1374767 -0.4761911 0.9674482 -0.1739718 0.1837876 0.3851741 -0.1295055 0.9137118 0.5876842 -0.6694275 0.4544162 0.7067029 -0.6976196 0.1178893 0.7256237 -0.562211 -0.3967229 0.4232741 0.1446653 -0.8943774 0.4232736 -0.1611577 -0.8915535 0.1273264 0.1400875 -0.9819183 0.3409149 -0.6674569 -0.662026 0.1273266 -0.1581964 -0.9791638 -0.04237 -0.120292 -0.991834 -0.04237007 0.1019553 -0.9938863 0.08043974 -0.6539078 -0.7522858 -0.1134357 -0.6210424 -0.7755248 0.3427532 -0.5132567 0.7868213 -0.01293883 -0.7325144 0.6806286 0.105577 -0.9535949 0.2819756 -0.2616403 -0.9574049 0.1221486 -0.1055762 -0.9586399 -0.2643163 0.2295401 -0.9651867 -0.1254036 0.0264938 -0.1192173 0.9925146 0.02649352 0.1375238 0.9901441 0.385174 0.1463555 0.9111647 -0.317668 -0.9029735 -0.2893544 -0.2652981 -0.8870877 0.3777464 -0.4200993 -0.858677 0.293582 -0.4563046 -0.8730624 -0.1718958 0.02496761 0.9996883 3.054116e-06 0.02495614 0.9996885 -1.699017e-06 -0.009771492 0.9999045 -0.009771643 -0.00708025 0.9999308 -0.009400269 -0.009657762 0.9999067 -0.009657914 -0.007253348 0.9999474 -0.00725326 -0.003558832 0.9999543 -0.008871137 -0.003657551 0.9999543 -0.008830273 -0.008872443 0.9999543 -0.00355961 -0.008904892 0.9999543 -0.003481307 -0.008831539 0.9999543 -0.003658316 0.009771481 0.9999045 -0.009771655 0.009400107 0.9999308 -0.007080414 0.009657748 0.9999067 -0.009657922 0.007253101 0.9999474 -0.007253512 0.008870973 0.9999543 -0.003559 0.008830107 0.9999543 -0.003657723 0.003559442 0.9999543 -0.008872613 0.003481139 0.9999543 -0.008905062 0.003658146 0.9999543 -0.00883171 1.04017e-08 0.9996884 -0.02496152 3.207323e-06 0.9996883 -0.02496774 -1.509492e-06 0.9996885 -0.02495636 1.543453e-06 0.9996881 -0.02497577 -0.08051883 0.6413737 0.7629918 0.06240296 -0.727345 0.683429 0.08051897 0.6413736 0.7629919 -0.2610078 -0.7176192 0.6456761 -0.06240248 -0.7273451 0.6834289 0.7629922 0.6413732 -0.08051916 -0.7629922 0.6413732 -0.0805189 -0.7289974 0.6108513 0.3089068 -0.3089066 0.6108515 0.7289974 -0.7629922 0.6413732 0.08051913 0.6456751 -0.7176201 0.2610078 0.2610079 -0.7176196 0.6456756 -0.6834285 -0.7273455 0.06240263 0.6834286 -0.7273453 0.06240324 0.7629923 0.6413731 0.08051893 0.6834285 -0.7273454 -0.0624025 0.6456756 -0.7176196 -0.261008 -0.6834286 -0.7273453 -0.06240297 -0.0624027 -0.7273455 -0.6834284 0.0624027 -0.7273455 -0.6834284 0.4889235 -0.7224321 -0.488923 0.3089067 0.610851 0.7289977 0.7289982 0.6108506 0.3089064 0.7289976 0.6108509 -0.3089072 0.08051872 0.6413732 -0.7629923 0.2610082 -0.7176198 -0.6456753 -0.08051869 0.6413732 -0.7629923 0.5624936 0.6059721 -0.5624933 0.308907 0.6108505 -0.728998 -0.7289983 0.6108504 -0.3089067 -0.3089071 0.6108503 -0.7289982 -0.5624938 0.6059718 -0.5624934 -0.4889234 -0.7224323 -0.4889228 -0.6456751 -0.7176201 -0.2610078 -0.261008 -0.7176199 -0.6456752 -0.6456757 -0.7176195 0.2610081 -0.4889237 -0.7224314 0.4889239 -0.5624933 0.6059725 0.5624931 0.4889235 -0.7224318 0.4889234 0.5624936 0.6059721 0.5624934 0 0.9989912 0.04490745 0 0.9989912 0.04490745 0 0.9989912 0.04490745 0 0.9989912 0.04490745 -3.447047e-07 -0.04490683 0.9989912 -4.283158e-07 -0.0449077 0.9989911 -1.54477e-06 -0.04490946 0.9989911 -1.019163e-07 -0.0449072 0.9989912 -3.008073e-06 -0.0449118 0.998991 -6.317238e-07 -0.04490636 0.9989912 1 0 0 1 0 0 1 0 0 1 0 0 -1 0 0 -1 0 0 -1 0 0 -1 0 0 1 0 0 1 0 0 1 0 0 1 0 0 -7.137749e-07 -0.04490599 0.9989912 -1.414062e-07 -0.04490635 0.9989912 -1.472438e-06 -0.04490552 0.9989912 1.414062e-07 -0.04490635 0.9989912 7.137749e-07 -0.04490599 0.9989912 1.472438e-06 -0.04490552 0.9989912 -1.203713e-06 -0.04490711 0.9989912 -2.38466e-07 -0.04490771 0.9989911 -2.483122e-06 -0.04490631 0.9989912 2.38466e-07 -0.04490771 0.9989911 1.203713e-06 -0.04490711 0.9989912 2.483122e-06 -0.04490631 0.9989912 3.447047e-07 -0.04490683 0.9989912 1.019163e-07 -0.0449072 0.9989912 6.317238e-07 -0.04490636 0.9989912 4.283158e-07 -0.0449077 0.9989911 1.54477e-06 -0.04490946 0.9989911 3.008073e-06 -0.0449118 0.998991 0 -0.9989911 -0.04490885 0 -0.9989911 -0.04490885 0 -0.9989911 -0.04490885 0 -0.9989911 -0.04490885 -1 0 0 -1 0 0 -1 0 0 -1 0 0 0 0.9989912 0.04490715 0 0.9989912 0.04490715 0 0.9989912 0.04490715 0 0.9989912 0.04490715 -3.725021e-08 -0.04490492 0.9989913 -3.725021e-08 -0.04490492 0.9989913 -3.725021e-08 -0.04490492 0.9989913 -6.890856e-06 -0.04490243 0.9989914 -6.890856e-06 -0.04490243 0.9989914 -6.890856e-06 -0.04490243 0.9989914 6.890856e-06 -0.04490243 0.9989914 6.890856e-06 -0.04490243 0.9989914 6.890856e-06 -0.04490243 0.9989914 3.725021e-08 -0.04490492 0.9989913 3.725021e-08 -0.04490492 0.9989913 3.725021e-08 -0.04490492 0.9989913 -0.7071093 -0.7063909 -0.03175428 -0.7071077 -0.7063926 -0.03175393 -0.7071095 -0.7063907 -0.03175433 -0.7071074 -0.7063928 -0.03175387 -0.7071061 0.7063941 0.03175361 -0.7071091 0.7063911 0.03175426 -0.7071087 0.7063915 0.03175417 -0.7071057 0.7063945 0.03175353 0.7071093 -0.7063909 -0.03175428 0.7071077 -0.7063926 -0.03175393 0.7071074 -0.7063928 -0.03175387 0.7071095 -0.7063907 -0.03175433 0.7071061 0.7063941 0.03175361 0.7071087 0.7063915 0.03175417 0.7071091 0.7063911 0.03175426 0.7071057 0.7063945 0.03175353 0 -0.9989911 -0.04490758 0 -0.9989911 -0.04490758 0 -0.9989911 -0.04490758 0 -0.9989911 -0.04490758 -0.1563031 0.9577072 -0.2415912 -0.2391137 0.968962 0.06274751 0.1529602 0.9579514 -0.2427598 -0.7040367 0.7071981 0.06483108 -0.5485233 0.5787151 -0.6034989 -0.6508139 0.7372768 -0.1812848 -0.7756386 0.5328828 0.3382612 -0.4555321 0.6740485 0.581506 -0.1189422 0.9731235 0.1971887 0.1189423 0.9731234 0.1971893 0.239115 0.9689618 0.06274639 0.6610786 0.7248613 -0.1937811 0.5489796 0.5674405 -0.613704 0.7039914 0.7072308 0.06496698 0.4555309 0.6740486 0.5815068 0.5991429 0.6745214 0.4313336 -0.2391138 -0.9515022 0.1935669 0.1189408 -0.9373951 0.3273279 -0.1189408 -0.9373951 0.3273279 -0.5991419 -0.609801 0.5188177 -0.7756386 -0.4820867 0.4074029 -0.4555319 -0.588966 0.6675401 0.1563045 -0.9816218 -0.1094874 0.2391139 -0.9515023 0.1935665 -0.1529604 -0.9820223 -0.1106137 0.7040362 -0.6918743 0.1601341 0.1351787 -0.7535305 -0.6433649 0.5485236 -0.6552083 -0.5194458 0.7756395 -0.4820874 0.4074005 0.5991425 -0.6097998 0.5188183 0.4555319 -0.5889661 0.66754 -0.5489772 -0.645422 -0.531088 -0.135163 -0.7535319 -0.6433667 -0.7039899 -0.6918882 0.1602778 -0.661079 -0.7444429 -0.09369743 0.9749793 0.2074018 0.07999929 0.9128023 -0.10803 0.3938545 0.9749463 -0.1949349 0.107145 0.9611043 0.1956854 -0.1948995 0.9607142 -0.2329385 -0.1508902 0.6508141 -0.75505 -0.07962684 0.7002103 -0.2242488 -0.6778038 0.6905518 0.1214698 -0.71301 0.3454488 -0.4284965 0.8348987 0.1086274 -0.6125088 0.7829643 -0.1086278 -0.6125086 0.7829643 -0.3454489 -0.4284963 0.8348988 -0.1086276 0.7130251 0.6926725 0.10863 0.7130247 0.6926726 0.3454517 0.5377566 0.769078 -0.3454505 0.5377533 0.7690808 0.1754534 0.119106 -0.9772563 -0.1762932 -0.2495522 -0.9521788 -0.1722788 0.1187024 -0.97787 0.171461 -0.2511658 -0.9526368 -0.6918764 -0.2133489 -0.6897748 -0.7016094 0.1265922 -0.7012265 0.7563727 0.1978127 0.6235146 0.610575 -0.09702286 0.7859928 0.7563726 -0.1114346 0.6445796 0.6105746 0.2027145 0.7655753 0.3657745 -0.053499 0.9291646 -0.9749464 0.2076634 0.07972095 -0.9612344 -0.2179883 -0.1688476 -0.97498 -0.1946343 0.1073852 -0.9128026 -0.10803 0.393854 -0.9609084 0.2077026 -0.1830699 -0.08806444 0.2402108 0.9667179 0.08806541 -0.1068975 0.9903623 0.08806428 0.2402108 0.9667179 -0.08806543 -0.1068975 0.9903623 0.3657738 0.1790073 0.9133268 -0.3657735 0.1790058 0.9133272 -0.3657744 -0.05349888 0.9291647 -0.6105749 -0.09702295 0.7859929 -0.6105744 0.2027145 0.7655754 -0.7563732 -0.1114369 0.6445785 -0.7563734 0.1978141 0.6235133 -0.5991425 0.6745223 0.4313328 -0.1351789 0.6593275 -0.7396039 0.1351635 0.6593274 -0.7396068 -0.9128025 0.1604426 0.3755658 0.9128023 0.1604432 0.3755662 0.7756394 0.5328849 0.3382562 0.9243815 0.316259 0.2133052 0.6838821 0.7221186 -0.1041631 0.6836722 0.7243965 -0.08855542 0.397254 0.8792954 0.2627335 0.8138231 0.5449108 0.2019016 0.2690341 0.9483821 0.1679048 0.682937 0.6811454 -0.2638901 0.7309605 0.6460745 -0.2197372 0.3900654 0.9093533 -0.1446568 0.3647751 0.9309335 0.01737892 -0.9340797 0.2650732 0.2392305 -0.2661798 0.9487523 0.170345 -0.3626177 0.9317429 0.01906556 -0.3999004 0.8762069 0.2689631 -0.6921476 0.7147357 -0.1004223 -0.840367 0.4934376 0.2242825 -0.7401468 0.6380419 -0.2123329 -0.6938222 0.6716493 -0.2598037 -0.6910516 0.7177551 -0.08529543 -0.3955624 0.9073394 -0.1423571 -0.4387825 0.8955408 -0.07400438 -0.5206605 0.8339994 -0.1826408 -0.4354438 0.7385176 -0.5147625 -0.4132419 0.7628566 -0.4972735 -0.2515554 0.9141396 -0.3179131 -0.5420997 0.5385855 -0.6450221 -0.2653836 0.9507648 -0.1600558 -0.0152434 0.9941027 -0.1073657 -0.2131467 0.9277367 -0.3063873 -0.7191632 0.6598521 -0.2177141 -0.7366543 0.6673839 -0.1092668 -0.07575564 0.9602753 -0.2685749 0.04991545 0.9848353 -0.1661563 -0.3182996 0.947668 -0.0247115 -0.02045724 0.9953775 -0.0938359 0.2460882 0.9163767 -0.315744 0.2177995 0.9759546 -0.008716589 -0.7562247 0.6542259 -0.01061429 -0.6616087 0.5922882 0.4598572 -0.3049885 0.7558869 0.5793247 0.2567408 0.2510898 0.9332942 0.1065294 0.1035035 0.9889077 0.2861236 0.07230021 0.9554611 0.7268204 0.1878875 0.6606288 0.6622502 0.5919453 0.4593751 0.03127697 0.2970752 0.9543417 0.08406571 0.1410211 0.9864309 0.04796388 0.3014707 0.9522683 0.09653828 0.7829063 0.614604 -0.3137316 0.8721355 -0.3754361 -0.2974377 0.9542029 -0.03205623 -0.2844952 0.8883109 -0.3605082 -0.1727638 0.7097892 -0.6828997 -0.160172 0.9120468 -0.3775124 -0.3345316 0.9422592 0.01536762 -0.001532347 0.9953832 -0.09596847 -0.2089801 0.5800924 -0.7872866 -0.1805906 0.8331877 0.5226713 0.1518183 0.9125644 -0.3797069 0.07081986 0.9604887 -0.2691578 -0.160758 0.8505366 -0.5007438 0.285267 0.8889943 -0.3582065 0.2902825 0.9556706 -0.04929213 0.1503972 0.9885964 -0.007600903 0.01166676 0.9935081 -0.1131615 0.03985885 0.8111072 0.5835378 0.3057317 0.7561901 0.5785367 0.3187829 0.947496 -0.02507366 0.2656543 0.9506902 -0.1600497 -0.05139447 0.9848005 -0.1659115 0.9825856 0.1835867 -0.02866184 0.9815763 0.01298532 0.1906288 1 0 0 0.9732335 0.1812083 0.1413509 0.9662776 0.1628175 -0.1994944 0.7370429 0.6669642 -0.1092088 0.7378439 0.04750928 0.6732973 0.001345032 0.1427993 0.9897508 0.1840538 0.8389642 0.5121165 0.004071879 0.4262803 0.904582 -0.03297777 0.2963646 0.9545054 -0.06811092 0.1340193 0.9886353 -0.1907917 0.746335 0.6376383 -0.09456191 0.09862132 0.990622 -0.006198221 0.9982935 0.05806536 0.0005438978 0.9988128 -0.04871097 -0.01400151 0.998568 -0.05163332 1.545543e-05 0.9626778 0.2706501 0.000596394 0.9980177 0.06293125 -0.1405447 0.9884036 -0.05749372 -0.09937283 0.9943551 0.0371893 -0.158201 0.9622682 -0.2213874 -0.0004504256 0.9649877 0.2622946 0 0.1175917 -0.993062 0 -0.067961 -0.997688 0.0001122561 0.1167972 -0.9931558 0 -0.067961 -0.997688 -0.001320666 0.6128107 -0.7902286 -0.1894133 -0.06673077 -0.9796273 -0.174136 0.1024909 -0.9793734 -7.164016e-06 0.1163554 -0.9932076 0 -0.067961 -0.997688 -0.9662354 0.1630307 -0.1995249 -1 -3.186351e-08 4.133024e-08 -0.9825347 0.1838531 -0.02869808 -0.5795395 0.5035303 -0.6407739 -0.6914638 0.09502378 -0.7161343 -0.9797527 -0.01360674 -0.1997487 -0.9814465 0.01303043 0.1912928 -0.9731373 0.1816511 0.1414449 0.001301558 0.6127246 -0.7902954 0 0.1175356 -0.9930687 0 -0.067961 -0.997688 -0.000119891 0.116687 -0.9931687 0 -0.067961 -0.997688 -0.04716293 0.3005213 0.9526083 -0.255798 0.2499135 0.9338686 -0.2798508 0.07146788 0.9573797 0.002196192 0.9334637 -0.3586653 -0.003327104 0.9977073 -0.06759483 -0.003189525 0.9345927 -0.3557054 -0.1478626 0.6050237 -0.7823573 0.0594682 0.9958153 0.06939325 -0.00424578 0.9810351 0.1937838 -5.020664e-07 0.9968166 -0.07972866 -6.372705e-06 0.9293591 -0.369177 0.0009176619 0.6105886 -0.7919474 -0.002222957 0.9334167 -0.3587873 0.003172087 0.9345708 -0.3557632 0.003327774 0.9977074 -0.06759303 -0.05948659 0.9958157 0.06937224 0.01524378 0.9941022 -0.1073709 0.2133334 0.9276147 -0.3066267 0.02941461 0.2976786 -0.9542129 -0.1717284 0.3744593 -0.9112023 -0.008185837 0.3546303 -0.9349708 -0.1573569 0.4485345 -0.8798043 0.000911125 0.2881015 -0.9575995 -0.0002291177 0.3187878 -0.9478261 0.1946684 0.673332 -0.7132519 0.1101215 0.6645632 -0.7390731 -0.1515119 0.7521852 -0.6412968 -0.04055335 0.8111633 0.583412 0.02084077 0.9213991 -0.3880586 0.04648793 0.9988669 0.01019045 -0.1413487 0.9896354 0.02534273 0.1510234 0.8410697 -0.5194167 0.01379048 0.7671875 0.6412746 -0.004147045 0.8981263 0.4397181 0.09092953 0.8980673 0.4303568 -0.001938309 0.8895182 0.4568957 0.07366826 0.9275203 0.3664412 0.218292 0.9630414 0.1577969 0.07743596 0.9677163 0.2398517 0.3304286 0.9139104 0.2357641 3.70738e-06 0.894918 0.4462306 4.886817e-06 0.8847448 0.4660757 0.001946913 0.8895145 0.4569029 0.004144347 0.8981181 0.4397349 -0.07670398 0.9676119 0.2405073 -0.09060283 0.8978488 0.4308812 1.130622e-06 0.9818355 0.1897342 -0.07368544 0.9275158 0.366449 0.0004495681 0.9649902 0.2622855 0.02244577 0.7412689 -0.6708327 0.008388112 0.3546361 -0.9349668 -0.0240855 0.7410547 -0.6710125 -0.0003041729 0.717007 -0.6970659 -0.1946815 0.6649196 -0.7210971 -0.03035869 0.2970114 -0.9543912 0.002137448 0.7991619 -0.601112 -0.3327924 0.9121586 0.2391984 0.004244103 0.9810343 0.1937877 0.9797527 -0.01360655 -0.1997486 0.6914893 0.09477356 -0.7161428 0.007988844 0.6573257 -0.7535643 0.1666006 0.3787486 -0.9103811 0.1549729 0.451028 -0.8789523 0.147333 0.7527427 -0.6416163 0.1741114 0.1022918 -0.9793986 0.1894132 -0.06673073 -0.9796273 0.4241954 0.7427919 -0.5179947 0.01310035 0.9985918 -0.05140834 0.02459145 0.9686157 -0.2473435 -0.0003347428 0.9675813 -0.2525594 -0.02533915 0.9686363 -0.2471873 0.005517228 0.998344 0.05726079 0.1384686 0.9885996 -0.05913704 0.1535975 0.9626043 -0.2231608 0.09995203 0.994319 0.03659607 0.4331552 0.8980272 -0.07696507 0.5091046 0.8400593 -0.1873841 0.40402 0.7675443 -0.497638 0.5309846 0.5464891 -0.6476149 0.4982067 0.6068284 -0.6193136 -0.6993865 -0.04857479 -0.7130912 0.7194745 0.6594824 -0.2178059 0.5797578 0.5030471 -0.6409559 -0.2177958 0.975956 -0.008654883 0.6993864 -0.04857468 -0.7130913 -0.7264125 0.1876914 0.6611329 -0.7353504 0.04747608 0.6760221 -0.5064238 0.5990027 -0.6202666 -0.2183245 0.9630405 0.1577576 -0.001511464 0.9428612 -0.3331823 0.1479284 0.6046523 -0.7826319 -0.0009534735 0.6103989 -0.7920936 0.7568953 0.6534485 -0.01070129 0.005123176 0.9445186 0.3284179 -0.1090454 0.8780297 0.4660183 -1.337118e-05 0.6067107 -0.7949227 1.203515e-06 0.1502706 0.9886449 5.07629e-12 0.1502705 0.9886449 -1.802283e-06 0.1502751 0.9886442 -3.983248e-07 0.1502697 0.988645 1.076552e-13 0.1502685 0.9886452 -1.20354e-06 0.1502706 0.9886449 1.802283e-06 0.1502751 0.9886442 1.141878e-16 0.1503626 0.9886309 -3.520564e-07 0.1502678 0.9886453 3.982487e-07 0.1502697 0.988645 -1.436698e-06 0.1502679 0.9886453 -2.921509e-07 0.1502692 0.9886451 1.436698e-06 0.1502679 0.9886453 -4.765432e-18 0.1502681 0.9886453 -6.106059e-07 0.1502694 0.9886451 -2.623383e-06 0.1502684 0.9886452 2.857187e-07 0.1502691 0.9886451 2.921508e-07 0.1502692 0.9886451 -5.657456e-07 0.1502699 0.988645 -1.298106e-06 0.1502674 0.9886454 -2.662296e-07 0.1502686 0.9886452 -5.611263e-06 0.1502658 0.9886456 8.93964e-07 0.1502692 0.9886451 -1.568854e-06 0.1502702 0.988645 -1.656944e-06 0.1502675 0.9886454 -7.358135e-06 0.1502673 0.9886454 3.945929e-06 0.1502718 0.9886447 -8.761781e-07 0.1502703 0.9886449 -2.111872e-06 0.1502718 0.9886447 6.624547e-17 0.1503909 0.9886266 3.520564e-07 0.1502678 0.9886453 8.760085e-07 0.1502703 0.9886449 2.111086e-06 0.1502718 0.9886447 -2.857187e-07 0.1502691 0.9886451 5.657456e-07 0.1502699 0.988645 1.568854e-06 0.1502702 0.988645 1.656944e-06 0.1502675 0.9886454 -8.93964e-07 0.1502692 0.9886451 2.662296e-07 0.1502686 0.9886452 -3.94592e-06 0.1502718 0.9886447 7.35814e-06 0.1502673 0.9886454 1.298106e-06 0.1502674 0.9886454 5.611263e-06 0.1502658 0.9886456 6.106032e-07 0.1502694 0.9886451 2.623383e-06 0.1502684 0.9886452 -0.9868419 0.1598517 -0.0242987 -0.07072398 0.9861682 -0.149901 -0.07072642 0.9861674 -0.1499054 -0.9868401 0.1598623 -0.02430431 -0.9119889 -0.4055581 0.06163452 -0.9119902 -0.4055555 0.06163307 0.9868419 0.1598517 -0.0242987 0.07072642 0.9861674 -0.1499054 0.07072398 0.9861682 -0.149901 0.9868401 0.1598623 -0.02430431 -0.4462174 0.8847639 -0.1344725 -0.4462145 0.8847652 -0.1344734 0.9119902 -0.4055555 0.06163307 0.9119889 -0.4055581 0.06163452 -0.9929877 -0.1168754 0.01776462 -0.9069052 -0.4165513 0.06330915 -0.9069039 -0.4165539 0.06331043 -0.9978214 0.06522351 -0.009913953 -0.9929876 -0.1168763 0.01776523 -0.9978214 0.06522378 -0.009914084 -0.9995393 0.03000557 -0.004561017 -0.6065133 -0.786045 0.1194772 -0.6065135 -0.7860447 0.1194786 -0.43804 -0.8887473 0.1350898 -0.4380397 -0.8887474 0.1350899 0.6065489 -0.786018 0.1194746 0.4380523 -0.8887414 0.1350889 0.6065487 -0.7860184 0.1194731 0.4380519 -0.8887415 0.135089 0.3901883 -0.9102795 0.1383628 0.3901884 -0.9102795 0.1383626 0.9069052 -0.4165513 0.06330915 0.9069039 -0.4165539 0.06331043 0.9929876 -0.1168763 0.01776523 0.9929877 -0.1168754 0.01776462 0.9978214 0.06522351 -0.009913953 0.9978214 0.06522378 -0.009914084 0.9995393 0.03000557 -0.004561017 0.9995394 0.03000396 -0.004560961 -1.282903e-13 -0.9886444 0.1502736 -1.249209e-13 -0.9886444 0.1502739 -0.3902169 -0.9102676 0.1383608 -0.3902168 -0.9102676 0.138361 0.1331683 0.9798396 -0.1489315 -0.1941464 0.969833 -0.1474145 -0.1941463 0.969833 -0.147415 0.4462145 0.8847652 -0.1344734 0.1331641 0.9798395 -0.1489359 0.4462174 0.8847639 -0.1344725 -5.421587e-14 0.9886434 -0.1502804 -4.961412e-14 0.9886432 -0.1502817 -0.1331683 0.9798396 -0.1489315 0.1941464 0.969833 -0.1474145 -0.1331641 0.9798395 -0.1489359 0.1941463 0.969833 -0.147415 -0.9995394 0.03000396 -0.004560961 -0.9808206 -0.1926995 0.02928835 -0.9808202 -0.1927015 0.02929069 0.9808206 -0.1926995 0.02928835 0.9808202 -0.1927015 0.02929069 0.9991429 -8.462946e-08 0.0413945 0.7127462 -0.6781244 0.1792769 0.7244825 -0.6879478 0.04304712 0.7062259 0.6849204 0.1792457 0.981517 2.194166e-07 0.1913751 0.2605971 -0.9645393 0.04187076 0.2486953 -0.9472567 0.2021273 0.5868242 0.5617255 0.5831825 0.7109106 0.0009566246 0.7032818 0.5943202 -0.5550581 0.5819742 0.1862316 0.9816074 0.04200949 0.1747903 0.9635612 0.2024799 0.7179326 0.6947798 0.04305685 0.1608959 0.6918253 0.7039107 0.2004754 0.006668426 0.979676 0.2161526 -0.6757722 0.7047056 -0.0986414 0.6992531 0.708036 -0.01086877 0.01387475 0.9998447 0.08271339 -0.684453 0.7243498 0.1223325 -0.9689694 0.214786 -0.1337577 0.9683248 0.2108457 -0.4305311 0.6269837 0.6492568 -0.32661 -0.01419768 0.9450525 -0.1714273 -0.6775646 0.7152055 0.12518 -0.9912152 0.04268892 -0.1353498 -0.9701499 0.2012202 -0.1461895 -0.9883416 0.04253774 -0.1381202 0.9895201 0.04210399 -0.5076518 0.8417882 0.1835272 -0.9949314 -0.01515261 0.09940729 -0.8100698 0.3997185 0.4289663 -0.8891524 0.4426876 0.1159123 -0.6825831 -0.5175823 0.5159349 -0.8255254 -0.04374158 0.5626672 -0.7675328 -0.6242724 0.1455245 -0.9997062 -0.01326556 0.02028636 -0.7812253 -0.6233153 0.03413241 -0.9006327 0.4338773 0.02472469 -0.5241695 0.8508368 0.0363751 -0.9991429 -8.462946e-08 0.0413945 -0.7127462 -0.6781244 0.1792769 -0.981517 2.194166e-07 0.1913751 -0.7244825 -0.6879478 0.04304712 -0.2605971 -0.9645393 0.04187076 -0.2486953 -0.9472567 0.2021273 -0.7109106 0.0009566246 0.7032818 -0.5868242 0.5617255 0.5831825 -0.5943202 -0.5550581 0.5819742 -0.7062259 0.6849204 0.1792457 -0.1862316 0.9816074 0.04200949 -0.7179326 0.6947798 0.04305685 -0.2004754 0.006668426 0.979676 -0.1608959 0.6918253 0.7039107 -0.1747903 0.9635612 0.2024799 -0.2161526 -0.6757722 0.7047056 -0.1223325 -0.9689694 0.214786 -0.08271339 -0.684453 0.7243498 0.1337577 0.9683248 0.2108457 0.0986414 0.6992531 0.708036 0.01086877 0.01387475 0.9998447 -0.12518 -0.9912152 0.04268892 0.1381202 0.9895201 0.04210399 0.5076518 0.8417882 0.1835272 0.5241695 0.8508368 0.0363751 0.4305311 0.6269837 0.6492568 0.9949314 -0.01515261 0.09940729 0.8100698 0.3997185 0.4289663 0.8255254 -0.04374158 0.5626672 0.6825831 -0.5175823 0.5159349 0.7675328 -0.6242724 0.1455245 0.1714273 -0.6775646 0.7152055 0.32661 -0.01419768 0.9450525 0.1461895 -0.9883416 0.04253774 0.7812253 -0.6233153 0.03413241 0.8891524 0.4426876 0.1159123 0.9006327 0.4338773 0.02472469 0.9997062 -0.01326556 0.02028636 0.1353498 -0.9701499 0.2012202 0.9266501 0.3759249 -6.33762e-08 0.8784822 0.3346858 0.3409609 1 0 0 0.3599016 0.8682062 0.3415975 0.3482588 0.3373551 0.8745898 0.3826834 1.557545e-07 0.9238796 0.9238795 6.451562e-08 0.3826835 0.9210585 -0.3894244 6.565204e-08 0.3345479 -0.3445211 0.8771447 0.8723919 -0.3486723 0.3425785 0.4028353 0.9152725 -1.543034e-07 -0.01720631 0.9249505 0.3796978 -0.01875993 0.999824 -1.685577e-07 -0.113864 0.9934963 -1.67491e-07 -0.1045241 0.9196963 0.3784619 -0.007515543 0.3913783 0.9201992 -0.3771098 0.321937 0.8684151 2.095763e-17 1.685874e-07 1 -0.04573002 0.3900915 0.9196398 -0.891307 0.3024877 0.3377469 -0.3826831 1.557545e-07 0.9238797 -0.442394 0.8312613 0.3365891 -0.007119949 -0.3804461 0.9247757 -3.251898e-17 1.685874e-07 1 0.0007705592 -0.3804714 0.9247923 -0.9238794 6.451565e-08 0.3826837 -0.3386048 -0.3428267 0.8762515 -0.4914982 0.8708786 -1.468192e-07 -0.9385711 0.345086 -5.817714e-08 0.323049 -0.8822147 0.3425444 0.001882887 -0.9234872 0.3836246 -0.0173955 -0.9233423 0.3835836 -1 0 0 -0.8742289 -0.3446095 0.3420059 -0.9226842 -0.3855566 6.499998e-08 -0.3336916 -0.8784487 0.3420202 -0.3740388 -0.9274131 1.563501e-07 -0.01879974 -0.9998233 1.685576e-07 0.3623453 -0.9320439 1.571309e-07 0.002034961 -0.9999979 1.68587e-07 -1 0 0 -0.8784822 0.3346858 0.3409609 -0.9266501 0.3759249 -6.33762e-08 -0.9238795 6.451562e-08 0.3826835 -0.4028353 0.9152725 -1.543034e-07 -0.3826834 1.557545e-07 0.9238796 -0.3482588 0.3373551 0.8745898 -0.3599016 0.8682062 0.3415975 -0.3345479 -0.3445211 0.8771447 -0.9210585 -0.3894244 6.565204e-08 -0.8723919 -0.3486723 0.3425785 0.01720631 0.9249505 0.3796978 0.01875993 0.999824 -1.685577e-07 0.007515543 0.3913783 0.9201992 0.1045241 0.9196963 0.3784619 0.113864 0.9934963 -1.67491e-07 0.3771098 0.321937 0.8684151 0.891307 0.3024877 0.3377469 0.442394 0.8312613 0.3365891 -2.095764e-17 1.685874e-07 1 0.3826831 1.557545e-07 0.9238797 3.251898e-17 1.685874e-07 1 0.007119949 -0.3804461 0.9247757 -0.0007705592 -0.3804714 0.9247923 0.04573002 0.3900915 0.9196398 0.3386048 -0.3428267 0.8762515 0.9238794 6.451565e-08 0.3826837 0.4914982 0.8708786 -1.468192e-07 0.9385711 0.345086 -5.817714e-08 -0.323049 -0.8822147 0.3425444 -0.001882887 -0.9234872 0.3836246 1 0 0 0.8742289 -0.3446095 0.3420059 0.9226842 -0.3855566 6.499998e-08 0.3336916 -0.8784487 0.3420202 0.3740388 -0.9274131 1.563501e-07 0.0173955 -0.9233423 0.3835836 -0.3623453 -0.9320439 1.571309e-07 0.01879974 -0.9998233 1.685576e-07 -0.002034961 -0.9999979 1.68587e-07 0 1.685874e-07 1 0 1.685874e-07 1 0 1.685874e-07 1 0 1.685874e-07 1 0 1.685874e-07 1 0 1.685874e-07 1 0 1.685874e-07 1 0 1.685874e-07 1 -0.07671667 -0.9371444 0.3404041 -0.2315054 -0.9674991 0.1017388 -0.1260588 -0.987029 0.09941255 -0.01657022 -0.9925986 0.120306 0.01299529 -0.9601552 0.2791652 -0.06528095 -0.7843597 0.6168616 -0.2224186 -0.8893891 0.3993957 -0.08131828 -0.9966758 -0.004976128 -0.3622428 -0.9320724 0.004601005 -0.2268718 -0.9739236 -0.001423538 -0.1858035 -0.6772881 0.7118693 0.05716834 -0.5933204 0.8029338 -0.05718499 -0.6132462 0.7878191 -0.3505064 -0.888914 0.2949188 0.04187852 -0.3978123 0.9165105 -0.05259353 -0.4620557 0.88529 -0.2926224 -0.6323311 0.7173071 -0.2314683 -0.4006246 0.8865226 -0.4448493 -0.3964649 0.803072 -0.3936442 -0.5741225 0.7179329 -0.4739258 -0.8308334 0.2917364 -0.1422059 -0.4134172 0.8993685 -0.6198489 -0.7148066 0.3237885 -0.503494 -0.863965 0.007631616 -0.1603023 -0.07856689 0.9839362 -0.2859761 -0.09375801 0.9536389 -0.2479522 -0.2491132 0.9361957 -0.3090257 0.1135886 0.9442461 -0.1274056 -0.2241703 0.9661861 -0.04134632 -0.2737944 0.9608991 -0.8152774 -0.5614478 0.1417716 -0.8295702 -0.5584015 -0.0009887842 -0.6601787 -0.7510924 0.00491647 -0.6934548 -0.4956359 0.5229392 -0.8023211 -0.2803922 0.5269355 -0.9497513 -0.2769998 0.1457521 -0.5856951 -0.1373394 0.7988111 -0.9150279 -0.0153502 0.4030984 -0.9801513 -0.1982498 -0.0007245714 -0.6163539 0.1727049 0.7682974 -0.3996642 -0.1071872 0.9103732 -0.04835656 0.2709052 0.9613907 -0.1338923 0.226968 0.9646545 -0.0515378 0.08176161 0.9953185 -0.0593499 0.4506852 0.8907078 -0.1712402 0.4142473 0.8939105 0.04730605 0.08603912 0.995168 0.04578362 0.2795685 0.9590335 -0.175983 0.08674651 0.9805636 -0.2602973 0.2572991 0.930614 -0.3331189 0.4333778 0.8373861 -0.4716828 0.3726488 0.7991547 -0.04606804 -0.08058231 0.9956828 -0.2450313 0.964654 0.09696605 -0.237631 0.8871452 0.395607 -0.1318003 0.9198376 0.3694962 -0.3796188 0.9251343 0.004015552 -0.3608267 0.890857 0.2760036 -0.1160786 0.9887967 0.09384444 -0.06759203 0.7799795 0.6221441 -0.01395729 0.9603463 0.2784605 -0.2427853 0.9700795 -0.001026521 -0.1964924 0.6807006 0.7057176 -0.3492932 0.6787549 0.6459768 0.06775012 0.7976862 0.5992551 0.02156551 0.967694 0.2512036 -0.06319913 0.5996278 0.7977796 -0.4885477 0.8263448 0.2801346 -0.2685862 0.5246633 0.8078303 -0.8440329 0.2281255 0.4853528 -0.9784868 0.09492529 0.1831744 -0.7096807 0.5103549 0.4856864 -0.8141421 0.5622091 0.1452363 -0.9251602 0.3529181 0.1397407 -0.8234078 0.5674458 -0.002211928 -0.9671213 0.2541714 -0.00856055 -0.6673108 0.7447793 9.760308e-05 -0.4287121 0.1298644 0.8940588 -0.5495809 0.6408197 0.536014 -0.6591241 0.7397926 0.1351379 0.2266378 -0.9295654 0.2907637 0.1263421 -0.9157759 0.3813034 0.1127428 -0.9894874 0.09057408 0.2275629 -0.9737608 0.002241615 0.3386465 -0.8999699 0.2745408 0.2050393 -0.6736162 0.7100704 0.06740757 -0.7790547 0.6233217 0.07658962 -0.997062 -0.001183157 0.360491 -0.9327381 0.006779475 0.3112505 -0.6525074 0.6909104 0.2299852 -0.4103539 0.8824492 0.1444957 -0.4016449 0.9043243 0.4845158 -0.8221012 0.2989884 0.5035599 -0.8639276 0.00751528 0.6147594 -0.7144021 0.3342163 0.3918657 -0.5237766 0.7563725 0.2470355 -0.2512893 0.9358564 0.8419615 -0.1806062 0.5084115 0.8171244 -0.5570516 0.1483282 0.9374165 -0.3143103 0.1498642 0.9796853 -0.02012966 0.1995284 0.917639 0.08390451 0.3884568 0.6982961 -0.4930725 0.5189047 0.8317334 -0.5551718 -0.001959797 0.6010218 -0.1339123 0.7879342 0.4616002 -0.3754673 0.8037099 0.4107351 -0.1026261 0.9059606 0.6032306 0.1736042 0.7784436 0.4173174 0.1340623 0.8988178 0.2944533 -0.0950517 0.9509272 0.6602412 -0.7510385 0.004761446 0.04168461 -0.08064858 0.9958706 0.08049832 -0.2234397 0.971388 0.1657636 -0.08368403 0.9826085 0.1992418 0.6798239 0.7057919 0.2411684 0.8852057 0.3978048 0.06167316 0.6143939 0.7865854 0.1217016 0.958976 0.2560348 0.2427422 0.9656039 0.09319495 -0.08603682 0.9962919 -0.0002597136 0.09944318 0.9950375 -0.003375111 0.3736112 0.8829835 0.2841741 0.05617043 0.4639871 0.8840593 0.3083478 0.6378405 0.7057487 0.1522702 0.4181819 0.8955097 0.3122026 0.9500099 -0.003281293 0.2459828 0.4082951 0.8790834 0.4608542 0.4112751 0.7864263 0.5007958 0.8177982 0.283566 0.4109097 0.5807719 0.7027498 0.6353779 0.7065376 0.311608 0.1687528 0.08772266 0.981747 0.2621195 0.2607651 0.9291367 0.1361112 0.2295839 0.9637245 0.3002889 0.1124171 0.9472006 0.8107412 0.5704309 0.1315573 0.7000675 0.5069411 0.5029077 0.8042525 0.3171049 0.5026156 0.938011 0.318901 0.1357846 0.665359 0.7465097 0.004537265 0.8214003 0.5703489 -0.001896856 0.9671466 0.2542166 -0.001178889 0.5072999 0.8617591 0.004259136 0.9800716 -0.1984097 -0.009660033 -0.5163447 0.8563711 0.004071187 0.07671663 -0.9371444 0.340404 0.2315047 -0.9674992 0.1017387 0.2224182 -0.8893892 0.3993958 0.0165702 -0.9925986 0.120306 0.1260577 -0.9870293 0.09941123 -0.01299526 -0.9601552 0.2791652 -0.07658951 -0.997062 -0.001183184 0.08131794 -0.9966758 -0.004976014 0.2268713 -0.9739237 -0.001423443 0.3622428 -0.9320724 0.004601005 0.3505064 -0.888914 0.2949188 0.06528015 -0.7843597 0.6168617 -0.05716846 -0.5933205 0.8029337 -0.06740741 -0.7790547 0.6233217 0.1858031 -0.6772883 0.7118692 0.05718484 -0.6132464 0.787819 -0.04187852 -0.3978123 0.9165105 0.05259328 -0.4620556 0.8852901 0.2926224 -0.6323311 0.7173071 0.4739258 -0.8308334 0.2917364 0.1422056 -0.4134172 0.8993685 0.3936442 -0.5741225 0.7179329 0.4448493 -0.3964649 0.803072 0.2314683 -0.4006246 0.8865226 0.503494 -0.863965 0.007631616 0.6198489 -0.7148066 0.3237885 0.1603021 -0.07856684 0.9839362 0.1274053 -0.2241702 0.9661861 0.2479522 -0.2491132 0.9361957 0.04606774 -0.0805823 0.9956828 0.2859761 -0.09375801 0.9536389 0.3090257 0.1135886 0.9442461 0.1759827 0.08674644 0.9805637 0.04134595 -0.2737943 0.9608992 0.8152774 -0.5614478 0.1417716 0.8023211 -0.2803922 0.5269355 0.6934548 -0.4956359 0.5229392 0.9497513 -0.2769998 0.1457521 0.8295702 -0.5584015 -0.0009887842 0.9801513 -0.1982498 -0.0007245714 0.9150279 -0.0153502 0.4030984 0.5856951 -0.1373394 0.7988111 0.6601787 -0.7510924 0.00491647 0.3996642 -0.1071872 0.9103732 0.6163539 0.1727049 0.7682974 0.4287121 0.1298644 0.8940588 0.04835639 0.2709052 0.9613907 0.1712399 0.4142473 0.8939105 0.0593493 0.4506851 0.8907079 0.1338919 0.2269679 0.9646546 0.05153743 0.08176152 0.9953185 -0.04578346 0.2795685 0.9590335 -0.04730607 0.08603912 0.995168 0.2602973 0.2572991 0.930614 0.3331189 0.4333778 0.8373861 0.4716828 0.3726488 0.7991547 0.2450306 0.9646541 0.09696614 0.1317996 0.9198375 0.3694966 0.2376303 0.8871453 0.3956071 0.3796188 0.9251343 0.004015552 0.2427844 0.9700797 -0.001026601 0.116078 0.9887968 0.09384446 0.0860358 0.996292 -0.000259812 0.01395731 0.9603463 0.2784605 0.06759131 0.7799796 0.6221441 0.3608267 0.890857 0.2760036 0.1964918 0.6807007 0.7057177 0.3492932 0.6787549 0.6459768 0.06319911 0.5996278 0.7977796 0.4885477 0.8263448 0.2801346 0.2685862 0.5246633 0.8078303 -0.06775015 0.7976862 0.5992551 -0.06167333 0.6143938 0.7865855 0.8440329 0.2281255 0.4853528 0.9784868 0.09492529 0.1831744 0.9251602 0.3529181 0.1397407 0.8141421 0.5622091 0.1452363 0.7096807 0.5103549 0.4856864 0.9671213 0.2541714 -0.00856055 0.6591241 0.7397926 0.1351379 0.5495809 0.6408197 0.536014 -0.2266376 -0.9295654 0.2907638 -0.227563 -0.9737608 0.002241497 -0.1127428 -0.9894874 0.09057409 -0.1263422 -0.9157757 0.3813036 -0.2050391 -0.6736163 0.7100705 -0.3386469 -0.8999696 0.2745413 -0.3112506 -0.6525068 0.6909109 -0.360491 -0.9327381 0.006779391 -0.1444957 -0.4016451 0.9043242 -0.2299855 -0.4103545 0.8824488 -0.4845162 -0.8221009 0.2989885 -0.50356 -0.8639276 0.007515402 -0.3918658 -0.5237772 0.756372 -0.2470358 -0.2512894 0.9358563 -0.6147591 -0.7144024 0.3342162 -0.841962 -0.1806067 0.5084106 -0.8171237 -0.5570522 0.1483296 -0.6982952 -0.4930732 0.5189053 -0.9374166 -0.3143102 0.1498641 -0.9176389 0.08390463 0.3884569 -0.9796853 -0.02012964 0.1995282 -0.9671464 0.2542175 -0.001178527 -0.9800717 -0.1984089 -0.009660473 -0.8317334 -0.5551718 -0.001959961 -0.660241 -0.7510387 0.004761455 -0.601022 -0.1339129 0.7879339 -0.6032307 0.1736041 0.7784436 -0.4616005 -0.3754679 0.8037094 -0.4107341 -0.1026257 0.9059611 -0.4173178 0.134062 0.8988177 -0.2944537 -0.0950514 0.9509271 -0.04168461 -0.08064858 0.9958706 -0.1657635 -0.0836839 0.9826085 -0.0804983 -0.2234397 0.971388 -0.1687528 0.08772251 0.981747 -0.3002891 0.1124172 0.9472005 -0.02156547 0.967694 0.2512036 -0.1217015 0.958976 0.2560347 -0.2411688 0.8852054 0.3978051 -0.1992418 0.6798239 0.7057919 -0.09944306 0.9950375 -0.003375128 -0.2427424 0.9656039 0.09319492 -0.3736113 0.8829833 0.2841742 -0.0561703 0.463987 0.8840594 -0.3083479 0.6378406 0.7057485 -0.1522704 0.4181821 0.8955096 -0.3122025 0.9500099 -0.00328121 -0.5072999 0.8617591 0.004259378 -0.5007958 0.8177981 0.2835662 -0.4608546 0.4112754 0.7864258 -0.245983 0.4082951 0.8790833 -0.4109097 0.5807725 0.7027493 -0.6353779 0.7065378 0.3116076 -0.1361114 0.2295838 0.9637245 -0.2621193 0.2607651 0.9291367 -0.8107412 0.5704308 0.1315574 -0.938011 0.3189011 0.1357848 -0.8042525 0.3171049 0.5026156 -0.7000679 0.5069411 0.5029072 -0.6653596 0.7465092 0.004537427 -0.8214004 0.5703489 -0.001896699 0.5163447 0.8563711 0.004071187 0.6673108 0.7447793 9.760308e-05 0.8234078 0.5674458 -0.002211928</float_array>
          <technique_common>
            <accessor count="2918" source="#normals-array-array" stride="3">
              <param type="float" name="X" />
              <param type="float" name="Y" />
              <param type="float" name="Z" />
            </accessor>
          </technique_common>
        </source>
        <source id="texcoords-array">
          <float_array count="5836" id="texcoords-array-array">0.9501812 0.1707578 0.9810771 0.1861074 0.9556832 0.1861073 0.9771256 0.06348634 0.9799277 0.06348634 0.9565647 0.189615 0.8977455 0.06348634 0.8949367 0.05987126 0.8978572 0.05997872 0.9332824 0.1625484 0.9245055 0.1712505 0.893794 0.1861074 0.9192655 0.1861074 0.9190949 0.189615 0.8936797 0.189615 0.8949434 0.06348634 0.9770139 0.05997872 0.9798969 0.0598262 0.9419283 0.1625484 0.9954451 0.1861074 0.9949627 0.1897675 0.9951681 0.1861074 0.9914938 0.06348634 0.9954451 0.1861073 0.9912167 0.06348634 0.9914938 0.06348634 0.9911059 0.05997872 0.9907753 0.0598262 0.9911059 0.05997872 0.9912167 0.06348634 0.9952835 0.189615 0.9907768 0.05987126 0.8794259 0.1861074 0.8833774 0.06348634 0.8833774 0.06348634 0.8836545 0.06348634 0.879703 0.1861074 0.8794259 0.1861073 0.8840944 0.05987126 0.8837652 0.05997872 0.8837652 0.05997872 0.8840958 0.0598262 0.8836545 0.06348634 0.9810771 0.1861073 0.9799277 0.06348634 0.9771256 0.06348634 0.8977455 0.06348634 0.8937941 0.1861073 0.9770139 0.05997872 0.8978572 0.05997872 0.8949742 0.0598262 0.8949434 0.06348634 0.9811913 0.189615 0.9799344 0.05987126 0.8983033 0.04585254 0.8955002 0.04585254 0.8983132 0.04550707 0.8927733 0.04687566 0.8955002 0.04585254 0.8983132 0.04550707 0.8954026 0.04625875 0.8926616 0.04844856 0.8926234 0.04735732 0.8927733 0.04687566 0.8982717 0.04687566 0.8953644 0.04735261 0.9765678 0.04585254 0.9765993 0.04687566 0.8927838 0.04991651 0.8982197 0.04853708 0.8953385 0.04898262 0.8952887 0.05101866 0.8928251 0.05166686 0.8980631 0.05349755 0.8951793 0.05346823 0.8981493 0.05077302 0.9766514 0.04853708 0.9767218 0.05077302 0.8904456 0.0499233 0.8902002 0.04900008 0.8902373 0.04853708 0.8908009 0.0510574 0.8909654 0.05245024 0.8881786 0.05103403 0.8879895 0.05077302 0.8879895 0.05077302 0.8902373 0.04853708 0.888677 0.05167061 0.8892787 0.05245024 0.8897821 0.05310601 0.890992 0.1861074 0.8922488 0.06348634 0.8922203 0.05986571 0.8923934 0.05652606 0.8950452 0.056436 0.8979645 0.05660594 0.8882974 0.1861074 0.8898699 0.0598973 0.8902328 0.05673659 0.8897653 0.06348634 0.8858138 0.1861074 0.8879104 0.05991524 0.8885162 0.05685735 0.8875881 0.06348634 0.8836367 0.1861074 0.8858011 0.06348634 0.8926532 0.05381107 0.8906985 0.05430001 0.889212 0.0545609 0.8862861 0.05987531 0.8871239 0.05672705 0.8881071 0.05430001 0.8849745 0.05982518 0.8846901 0.05660594 0.8850781 0.05642587 0.8859519 0.05650955 0.8846901 0.05660594 0.8861165 0.05349755 0.886474 0.05348545 0.8872105 0.05381393 0.8861165 0.05349755 0.8844728 0.06348634 0.8818496 0.1861074 0.8805214 0.1861074 0.8907869 0.1897675 0.9186861 0.1929877 0.8935696 0.1929877 0.8906714 0.1931678 0.9180549 0.1960962 0.8934679 0.1960961 0.8906004 0.1961082 0.8880423 0.1897685 0.9172255 0.1988207 0.8933785 0.1988207 0.8905343 0.1985596 0.888006 0.1930841 0.9162297 0.2010565 0.8933048 0.2010566 0.8904353 0.2005936 0.8880858 0.1957797 0.8856726 0.1897184 0.8863027 0.1971434 0.886155 0.1952937 0.8881121 0.1979231 0.8858438 0.1928667 0.8879504 0.1996704 0.8837166 0.1896784 0.8846854 0.1950328 0.8841346 0.1927363 0.8851616 0.1964877 0.8820888 0.1896964 0.884616 0.1971434 0.8835636 0.1952937 0.8904123 0.2037412 0.8877513 0.202718 0.8877513 0.202718 0.8876241 0.2022411 0.8853223 0.2010566 0.8853223 0.2010566 0.8853284 0.200611 0.8903409 0.2022363 0.8903048 0.2033349 0.8832187 0.1988206 0.8832187 0.1988207 0.8877277 0.2011451 0.8834363 0.198575 0.8815213 0.1960961 0.8815213 0.1960961 0.8818913 0.1961255 0.8856222 0.1996772 0.8932498 0.202718 0.9138974 0.2037413 0.8932154 0.2037412 0.8860484 0.1985363 0.8839669 0.1979269 0.915106 0.2027181 0.882641 0.1957827 0.8799099 0.1897224 0.8795877 0.189615 0.8795877 0.189615 0.8807847 0.189728 0.8827317 0.1928571 0.8806757 0.1931577 0.8815514 0.1930676 0.8802953 0.1929877 0.8802953 0.1929877 0.8983033 0.04585254 0.8953665 0.04625875 0.9765993 0.04687566 0.9765678 0.04585254 0.8926484 0.04844856 0.8953319 0.04735732 0.8926154 0.04735261 0.8982717 0.04687566 0.8902146 0.04898262 0.8904482 0.04991651 0.8881913 0.05101866 0.8886802 0.05166686 0.8864884 0.05346823 0.892776 0.0499233 0.8953204 0.04900008 0.8982197 0.04853708 0.8908009 0.0510574 0.8892787 0.05245024 0.9767218 0.05077302 0.9766514 0.04853708 0.8952882 0.05103403 0.8981493 0.05077302 0.892825 0.05167061 0.8909654 0.05245024 0.8897821 0.05310601 0.879703 0.1861073 0.8859514 0.05652606 0.8850815 0.056436 0.8844728 0.06348634 0.8849695 0.05986571 0.8862715 0.0598973 0.8805214 0.1861073 0.8871182 0.05673659 0.8858011 0.06348634 0.8818496 0.1861073 0.8878981 0.05991524 0.8885133 0.05685735 0.8875881 0.06348634 0.8897653 0.06348634 0.8836367 0.1861073 0.8858138 0.1861073 0.887216 0.05381107 0.8881071 0.05430001 0.889212 0.0545609 0.8898568 0.05987531 0.8902308 0.05672705 0.8906985 0.05430001 0.8922297 0.05982518 0.890992 0.1861073 0.8979645 0.05660594 0.8950779 0.05642587 0.8924071 0.05650955 0.9769067 0.05660594 0.976808 0.05349755 0.8980631 0.05349755 0.8951964 0.05348545 0.8926607 0.05381393 0.8922488 0.06348634 0.8882974 0.1861073 0.8932154 0.2037412 0.9607677 0.2040866 0.9816558 0.2037412 0.9816214 0.202718 0.8932498 0.202718 0.8903731 0.2022411 0.8904524 0.200611 0.8876324 0.2022363 0.8903408 0.2033349 0.8879578 0.1996772 0.887741 0.2011451 0.8933048 0.2010566 0.8881119 0.1979268 0.8905337 0.198575 0.9815663 0.2010566 0.8933785 0.1988206 0.9814926 0.1988206 0.9814032 0.1960961 0.8934679 0.1960961 0.8905822 0.1961255 0.8856201 0.1996704 0.8853151 0.2005936 0.8904123 0.2037412 0.8860484 0.1985363 0.8863027 0.1971434 0.8880782 0.1957826 0.8839641 0.1979231 0.8834246 0.1985596 0.884616 0.1971434 0.8851616 0.1964877 0.886155 0.1952937 0.881878 0.1961082 0.8826357 0.1957797 0.8835636 0.1952937 0.8936797 0.189615 0.8907523 0.1897224 0.8880355 0.189728 0.8935696 0.1929877 0.8856872 0.1896964 0.8906394 0.1931577 0.8837288 0.1896784 0.8841376 0.1927363 0.882102 0.1897184 0.9813015 0.1929877 0.8879933 0.1930676 0.8858464 0.1928571 0.8846854 0.1950328 0.8827369 0.1928667 0.8799084 0.1897675 0.8806716 0.1931678 0.8815508 0.1930841 0.8807871 0.1897684 0.976558 0.04550707 0.9793709 0.04585254 0.9795046 0.04625875 0.9820978 0.04687566 0.9822557 0.04735261 0.976558 0.04550707 0.9793709 0.04585254 0.9820978 0.04687566 0.9846339 0.04853708 0.9846339 0.04853708 0.9846566 0.04898262 0.9868816 0.05077302 0.9866798 0.05101866 0.986191 0.05166686 0.9887546 0.05349755 0.9883827 0.05346823 0.9868816 0.05077302 0.9795393 0.04735732 0.9822227 0.04844856 0.9844229 0.04991651 0.9840702 0.0510574 0.9855924 0.05245024 0.9795507 0.04900008 0.9820952 0.0499233 0.9850891 0.05310601 0.9795829 0.05103403 0.9820461 0.05167061 0.9839057 0.05245024 0.9889197 0.05652606 0.9897896 0.056436 0.9903983 0.06348634 0.9899017 0.05986571 0.9901811 0.05660594 0.9901811 0.05660594 0.9943497 0.1861074 0.9930215 0.1861074 0.9885997 0.0598973 0.9877529 0.05673659 0.9890701 0.06348634 0.9912344 0.1861074 0.986973 0.05991524 0.9863579 0.05685735 0.9872831 0.06348634 0.9890573 0.1861074 0.9851059 0.06348634 0.9876552 0.05381107 0.986764 0.05430001 0.9856591 0.0545609 0.9846403 0.05672705 0.9850143 0.05987531 0.9887546 0.05349755 0.9841726 0.05430001 0.9826415 0.05982518 0.9838791 0.1861074 0.9769067 0.05660594 0.9797932 0.05642587 0.9824641 0.05650955 0.976808 0.05349755 0.9796748 0.05348545 0.9822104 0.05381393 0.9826223 0.06348634 0.9865738 0.1861074 0.9816558 0.2037412 0.9816214 0.202718 0.984498 0.2022411 0.9631921 0.2037413 0.9621443 0.202718 0.9815663 0.2010566 0.9844188 0.200611 0.9872388 0.2022363 0.9845303 0.2033349 0.9610151 0.2010566 0.9843374 0.198575 0.9867592 0.1979269 0.9814926 0.1988207 0.9871302 0.2011451 0.9842889 0.1961255 0.959848 0.1988207 0.986793 0.1957827 0.9871199 0.202718 0.9895488 0.2010566 0.9895488 0.2010566 0.9871199 0.202718 0.9869134 0.1996772 0.989556 0.2005936 0.9888228 0.1985363 0.9885684 0.1971434 0.9916524 0.1988206 0.9916524 0.1988207 0.989251 0.1996704 0.9902551 0.1971434 0.9914466 0.1985596 0.9897095 0.1964877 0.9887161 0.1952937 0.9933498 0.1960961 0.9909071 0.1979231 0.9933499 0.1960961 0.9929931 0.1961082 0.9922355 0.1957797 0.9913075 0.1952937 0.9811913 0.189615 0.9575792 0.1929877 0.9841188 0.1897224 0.9868356 0.189728 0.9813015 0.1929877 0.9842318 0.1931577 0.989184 0.1896964 0.9868778 0.1930676 0.9911424 0.1896784 0.9927691 0.1897184 0.9890248 0.1928571 0.9586878 0.1960962 0.9814032 0.1960961 0.9907335 0.1927363 0.9901857 0.1950328 0.9921343 0.1928667 0.9933202 0.1930841 0.994084 0.1897685 0.9952835 0.189615 0.9941995 0.1931678 0.994576 0.1929877 0.994576 0.1929877 0.9794685 0.04625875 0.9795067 0.04735261 0.9822096 0.04844856 0.9795326 0.04898262 0.9820874 0.04991651 0.9795824 0.05101866 0.982046 0.05166686 0.9796917 0.05346823 0.9822478 0.04735732 0.9844255 0.0499233 0.9840702 0.0510574 0.9839057 0.05245024 0.9846709 0.04900008 0.9866926 0.05103403 0.9861941 0.05167061 0.9855924 0.05245024 0.9850891 0.05310601 0.9838791 0.1861073 0.9826223 0.06348634 0.9826508 0.05986571 0.9824778 0.05652606 0.9798259 0.056436 0.9850013 0.0598973 0.9865738 0.1861073 0.9846383 0.05673659 0.9851059 0.06348634 0.9869607 0.05991524 0.9890573 0.1861073 0.9863549 0.05685735 0.9872831 0.06348634 0.9890701 0.06348634 0.9912344 0.1861073 0.9930215 0.1861073 0.982218 0.05381107 0.9841726 0.05430001 0.9856591 0.0545609 0.9877472 0.05672705 0.988585 0.05987531 0.986764 0.05430001 0.9951681 0.1861073 0.9898967 0.05982518 0.9897931 0.05642587 0.9889191 0.05650955 0.9883972 0.05348545 0.9876606 0.05381393 0.9903983 0.06348634 0.9943497 0.1861073 0.9844589 0.2037412 0.987247 0.2022411 0.9844589 0.2037412 0.9845303 0.2022363 0.9845663 0.2033349 0.9895427 0.200611 0.9914348 0.198575 0.9909042 0.1979268 0.9929799 0.1961255 0.9871434 0.2011451 0.989249 0.1996772 0.9888228 0.1985363 0.9902551 0.1971434 0.9922302 0.1957826 0.9844358 0.2005936 0.9869208 0.1996704 0.9885684 0.1971434 0.9897095 0.1964877 0.9913075 0.1952937 0.9843369 0.1985596 0.9842708 0.1961082 0.9867591 0.1979231 0.9867852 0.1957797 0.9887161 0.1952937 0.9949611 0.1897224 0.9940865 0.189728 0.9941955 0.1931577 0.9927824 0.1896964 0.9911546 0.1896784 0.9907366 0.1927363 0.9891984 0.1897184 0.9933197 0.1930676 0.9921393 0.1928571 0.9901857 0.1950328 0.9890274 0.1928667 0.9840842 0.1897675 0.9841997 0.1931678 0.9868652 0.1930841 0.9868289 0.1897684 0.4345564 0.6507802 0.4310079 0.6465738 0.4312999 0.6478058 0.4421928 0.6507802 0.4518599 0.6643784 0.4350359 0.6465738 0.4594964 0.6643784 0.4378794 0.6478058 0.893203 0.2040867 0.8913361 0.2038555 0.893203 0.2040867 0.8926562 0.204019 0.9816599 0.2038555 0.9816682 0.2040867 0.9816682 0.2040867 0.4948142 0.6609495 0.406349 0.6609495 0.4270434 0.6606739 0.4763381 0.6606739 0.4752903 0.6598575 0.9789861 0.1655045 0.9688652 0.1657413 0.9791067 0.1651443 0.968873 0.1661139 0.9688703 0.1666682 0.9794438 0.1659354 0.9793658 0.165504 0.9792892 0.1654913 0.9803977 0.1651136 0.9806136 0.1655617 0.9801302 0.1651078 0.9797388 0.1651159 0.9823986 0.1523843 0.9823587 0.1614725 0.982191 0.1520857 0.982191 0.1520857 0.9814526 0.1509656 0.9814439 0.1512448 0.9812152 0.1508838 0.9824757 0.1618806 0.958282 0.1668767 0.9688376 0.165514 0.9558429 0.166092 0.9558391 0.166097 0.9587506 0.1664046 0.9583699 0.1664379 0.9584471 0.1664184 0.957094 0.1666079 0.9571864 0.166178 0.9586152 0.1660558 0.9575904 0.1661105 0.9579825 0.1660837 0.9573221 0.16614 0.9684252 0.150059 0.9783177 0.1503803 0.9790128 0.1515382 0.9585716 0.1512586 0.9683905 0.1489135 0.9579471 0.1524752 0.9573832 0.1515516 0.9551579 0.1626824 0.9545667 0.1536223 0.9547936 0.1533045 0.9550279 0.1631016 0.9554632 0.1521217 0.9547936 0.1533045 0.9554118 0.1626123 0.9553329 0.1645647 0.9554544 0.1524009 0.9814526 0.1509656 0.9792047 0.129753 0.9814439 0.1512448 0.9792134 0.1294734 0.9812152 0.1508838 0.9683905 0.1489135 0.9764941 0.1294734 0.9783177 0.1503803 0.9592058 0.1302425 0.96785 0.1298579 0.9775359 0.1294363 0.9585716 0.1512586 0.9581634 0.130298 0.9790076 0.1294363 0.9764941 0.1294734 0.9792134 0.1294734 0.96785 0.1298579 0.9678373 0.1302586 0.9784185 0.1294233 0.9775359 0.1294363 0.9792047 0.129753 0.9564789 0.1304847 0.9564701 0.1307642 0.9554632 0.1521217 0.9564701 0.1307642 0.9564789 0.1304847 0.9554544 0.1524009 0.9557009 0.1520187 0.9550604 0.1532038 0.9560963 0.162537 0.9818323 0.1649359 0.9821519 0.1629578 0.9818363 0.1649406 0.9687653 0.1620622 0.9579471 0.1524752 0.9684252 0.150059 0.9582904 0.1624159 0.9792332 0.1614842 0.956767 0.1527551 0.9794438 0.1659354 0.9790128 0.1515382 0.9802047 0.1517125 0.9806136 0.1655617 0.9819161 0.1629128 0.9821068 0.1614249 0.956767 0.1527551 0.9563751 0.1518185 0.9557533 0.153011 0.9550604 0.1532038 0.9557009 0.1520187 0.9795185 0.150567 0.9784185 0.1294233 0.980536 0.1507438 0.9790076 0.1294363 0.9573832 0.1515516 0.9572791 0.1303636 0.9563751 0.1518185 0.9566876 0.1304291 0.9819247 0.1520089 0.980536 0.1507438 0.9812272 0.1518778 0.9802047 0.1517125 0.9795185 0.150567 0.9557533 0.153011 0.9571072 0.1624681 0.9804153 0.1614312 0.9812272 0.1518778 0.9812862 0.1628993 0.9814244 0.1614104 0.9819247 0.1520089 0.9592058 0.1302425 0.9566876 0.1304291 0.9572791 0.1303636 0.9581634 0.130298 0.9560583 0.165796 0.9558391 0.166097 0.9816006 0.1646599 0.9818363 0.1649406 0.9805322 0.1651396 0.9822545 0.1633672 0.9815106 0.1642455 0.9688419 0.1648405 0.9584801 0.1651753 0.9568423 0.1652648 0.9575586 0.1652159 0.9583662 0.1638971 0.9572512 0.1639463 0.9563177 0.16401 0.9563567 0.1653183 0.9556859 0.1640795 0.9554481 0.1641456 0.9561604 0.1653731 0.9791961 0.1642538 0.9801167 0.1642125 0.9688068 0.1635486 0.9792404 0.1629686 0.9803542 0.1629186 0.9808317 0.1641977 0.9813159 0.1642081 0.4249824 0.5171692 0.4672446 0.5531183 0.4030322 0.5552756 0.4466049 0.5171692 0.4810043 0.6510926 0.3899276 0.6510929 0.4741611 0.6585319 0.4293758 0.6585319 0.472994 0.656748 0.428252 0.6598576 0.4312009 0.6545743 0.4718339 0.6545743 0.4303715 0.656748 0.4697106 0.6494033 0.4318321 0.6520942 0.4322409 0.6494033 0.4688292 0.6466047 0.4324115 0.6466047 0.4707252 0.6520942 0.4072287 0.6581685 0.4694469 0.5678191 0.4694469 0.6581685 0.4694469 0.6627368 0.4072287 0.6627368 0.4040828 0.5678191 0.4072287 0.5678191 0.4072287 0.5632508 0.4694469 0.5632508 0.4726937 0.5630549 0.4725928 0.5678191 0.403948 0.5631043 0.4835912 0.6581685 0.483237 0.6627368 0.483237 0.6627368 0.4835912 0.5678191 0.4835912 0.6581685 0.4835912 0.5678191 0.483237 0.5632508 0.483237 0.5632508 0.483237 0.5678191 0.483237 0.6581685 0.4072287 0.6787081 0.4072287 0.6787081 0.4694469 0.6787081 0.4040828 0.6781936 0.4040828 0.6781936 0.4694469 0.6787081 0.4725928 0.6781936 0.4072287 0.6781936 0.4694469 0.6781936 0.3930844 0.6581685 0.3930844 0.5678191 0.3930844 0.6581685 0.3934387 0.6627368 0.3934387 0.6627368 0.3934387 0.5632508 0.3934387 0.5632508 0.3930844 0.5678191 0.3934387 0.5678191 0.3934387 0.6581685 0.3934387 0.6581685 0.4694469 0.6581685 0.4072287 0.6627368 0.4694469 0.6627368 0.4072287 0.5678191 0.4072287 0.6581685 0.4694469 0.5678191 0.4694469 0.5632508 0.4072287 0.5632508 0.4040828 0.5678191 0.4725928 0.6581685 0.4072287 0.5477939 0.4040828 0.5477939 0.4072287 0.5472794 0.4010931 0.5493125 0.4040828 0.5477939 0.403982 0.5484039 0.4072287 0.5472794 0.4011646 0.551492 0.4009879 0.5500056 0.4072287 0.5493125 0.4039954 0.5499963 0.4010931 0.5493125 0.4013892 0.553436 0.4072287 0.55176 0.4040363 0.5522968 0.4013859 0.5558538 0.4072287 0.5550136 0.4040264 0.5551719 0.3984104 0.55176 0.3985194 0.5523175 0.3984104 0.55176 0.398989 0.5534412 0.3994967 0.5547907 0.3994967 0.556591 0.3965395 0.555192 0.3961698 0.5550135 0.397324 0.5558568 0.3982568 0.556591 0.3973276 0.5593345 0.4040828 0.6581685 0.4009861 0.5631238 0.4039675 0.5587565 0.4011563 0.5590131 0.4072287 0.5589094 0.4010931 0.5678191 0.4010931 0.6581685 0.3985333 0.5631832 0.3989911 0.5593392 0.3984104 0.5678191 0.3984104 0.6581685 0.3961698 0.5678191 0.3965538 0.5631688 0.3961698 0.6581685 0.3949617 0.5630833 0.3959853 0.5590011 0.3944844 0.6581685 0.3938587 0.5630549 0.3944844 0.5589094 0.3944844 0.5589094 0.3949553 0.5587538 0.3944844 0.5678191 0.3961698 0.5550135 0.403982 0.6629326 0.4011646 0.6669865 0.4009879 0.6629043 0.4072287 0.6670782 0.4039954 0.6672337 0.4040363 0.6707956 0.4013892 0.6701307 0.4013859 0.6725463 0.4072287 0.670974 0.4040264 0.6736701 0.4072287 0.676675 0.4039675 0.6759819 0.4072287 0.6742275 0.3985194 0.6628187 0.398989 0.6666531 0.3994967 0.6693965 0.3994967 0.6711969 0.3982568 0.6693965 0.4010931 0.676675 0.4010931 0.676675 0.403948 0.6775837 0.4011563 0.6744955 0.4009861 0.6759914 0.3985333 0.6736907 0.3984104 0.6742275 0.3984104 0.6742275 0.3989911 0.6725516 0.3973276 0.6701337 0.3961698 0.670974 0.3961698 0.670974 0.3965538 0.6708157 0.3944844 0.6670782 0.3944844 0.6670782 0.3949617 0.6672311 0.3959853 0.6669744 0.397324 0.6666483 0.3938587 0.6628832 0.3949553 0.6628639 0.3965395 0.6628044 0.4072287 0.5477939 0.403948 0.5484039 0.4009861 0.5499963 0.4072287 0.5493125 0.4011563 0.551492 0.4039675 0.5500056 0.3985333 0.5522968 0.3989911 0.553436 0.3965538 0.5551718 0.3973276 0.5558538 0.3949617 0.5587565 0.4040264 0.5523175 0.4072287 0.55176 0.4013859 0.5534412 0.3994967 0.5547907 0.3982568 0.556591 0.4040363 0.555192 0.4072287 0.5550135 0.4013892 0.5558568 0.3994967 0.556591 0.3934387 0.5678191 0.3944844 0.6581685 0.3938587 0.5631043 0.3944844 0.5678191 0.3949553 0.5631238 0.3959853 0.5590131 0.3961698 0.6581685 0.3965395 0.5631831 0.397324 0.5593392 0.3961698 0.5678191 0.3984104 0.6581685 0.3985194 0.5631688 0.398989 0.5593345 0.3984104 0.5678191 0.4010931 0.6581685 0.4010931 0.5678191 0.4009879 0.5630833 0.4011646 0.559001 0.4040828 0.6581685 0.403982 0.5630549 0.4694469 0.5589094 0.4072287 0.5589094 0.4039954 0.5587538 0.4694469 0.5550135 0.4694469 0.55176 0.4072287 0.6781936 0.403982 0.6775837 0.4011646 0.6744955 0.4009879 0.6759819 0.4072287 0.676675 0.4039954 0.6759912 0.4040363 0.6736907 0.4013892 0.6725516 0.4072287 0.6742275 0.4013859 0.6701337 0.4694469 0.6742275 0.4694469 0.670974 0.4040264 0.6708157 0.4072287 0.670974 0.4072287 0.6670782 0.4039675 0.667231 0.4694469 0.6670782 0.3985194 0.6736701 0.398989 0.6725462 0.3994967 0.6711969 0.3994967 0.6693965 0.4011563 0.6669744 0.3965395 0.6707956 0.397324 0.6701307 0.3982568 0.6693965 0.3989911 0.6666483 0.403948 0.6628832 0.4009861 0.6628637 0.3985333 0.6628044 0.3965538 0.6628187 0.3973276 0.6666531 0.3949617 0.6629043 0.3959853 0.6669865 0.3938587 0.6629325 0.3949553 0.6672337 0.4694469 0.5477939 0.4725928 0.5477939 0.4727276 0.5484039 0.4694469 0.5472794 0.4725928 0.5477939 0.4755825 0.5493125 0.4755825 0.5493125 0.4756895 0.5499963 0.4694469 0.5493125 0.4694469 0.5472794 0.4782653 0.55176 0.4781424 0.5522968 0.4776845 0.553436 0.4782653 0.55176 0.4801219 0.5551719 0.4805058 0.5550135 0.4821912 0.5589094 0.4817139 0.5587565 0.4805058 0.5550135 0.4727081 0.5500056 0.4694469 0.55176 0.4755193 0.551492 0.4771789 0.5547907 0.479348 0.5558538 0.4726492 0.5523175 0.4752864 0.5558568 0.4726393 0.555192 0.4752897 0.5534412 0.4771789 0.556591 0.4784188 0.556591 0.483237 0.5678191 0.4821912 0.6581685 0.4828169 0.5631043 0.4821912 0.5678191 0.4817203 0.5631238 0.4806903 0.5590131 0.4805058 0.6581685 0.4793516 0.5593392 0.4805058 0.5678191 0.4801361 0.5631832 0.4782653 0.6581685 0.4781562 0.5631688 0.4776866 0.5593345 0.4756877 0.5630833 0.4782653 0.5678191 0.4755825 0.6581685 0.4755825 0.5678191 0.475511 0.5590011 0.4725928 0.6581685 0.4726802 0.5587538 0.4694469 0.5589094 0.4694469 0.5550136 0.4725928 0.6781936 0.4726937 0.6775837 0.4694469 0.676675 0.4726802 0.6759914 0.4755825 0.676675 0.475511 0.6744955 0.4694469 0.6742275 0.4726393 0.6736907 0.4752864 0.6725516 0.4726492 0.6708157 0.4694469 0.670974 0.4694469 0.6670782 0.4752897 0.6701337 0.4727081 0.6672311 0.4756877 0.6759819 0.4781562 0.6736701 0.4755825 0.676675 0.4776866 0.6725463 0.4771789 0.6711969 0.4755193 0.6669744 0.4771789 0.6693965 0.4782653 0.6742275 0.4782653 0.6742275 0.4805058 0.670974 0.4801361 0.6707956 0.4784188 0.6693965 0.4793516 0.6701307 0.4776845 0.6666483 0.4727276 0.6628832 0.4756895 0.6628639 0.4781424 0.6628044 0.4801219 0.6628187 0.479348 0.6666531 0.4817139 0.6629043 0.4806903 0.6669865 0.4828169 0.6629326 0.4821912 0.6670782 0.4817203 0.6672337 0.4694469 0.5477939 0.4726937 0.5484039 0.4694469 0.5493125 0.4726802 0.5499963 0.475511 0.551492 0.4726393 0.5522968 0.4752864 0.553436 0.4726492 0.5551718 0.4752897 0.5558538 0.4727081 0.5587565 0.4756877 0.5500056 0.4781562 0.5523175 0.4776866 0.5534412 0.4771789 0.5547907 0.4771789 0.556591 0.4801361 0.555192 0.4793516 0.5558568 0.4784188 0.556591 0.4725928 0.5678191 0.4755825 0.6581685 0.4727276 0.5631043 0.4755825 0.5678191 0.4756895 0.5631238 0.4755193 0.5590131 0.4781424 0.5631831 0.4782653 0.6581685 0.4776845 0.5593392 0.4782653 0.5678191 0.4805058 0.6581685 0.4801219 0.5631688 0.479348 0.5593345 0.4805058 0.5678191 0.4821912 0.5678191 0.4821912 0.6581685 0.4817139 0.5630833 0.4806903 0.559001 0.483237 0.6581685 0.4828169 0.5630549 0.4821912 0.5589094 0.4817203 0.5587538 0.4694469 0.6781936 0.4727276 0.6775837 0.4756895 0.6759912 0.4694469 0.676675 0.4781424 0.6736907 0.4776845 0.6725516 0.4801219 0.6708157 0.479348 0.6701337 0.4805058 0.670974 0.4821912 0.6670782 0.4817139 0.667231 0.4727081 0.6759819 0.4755193 0.6744955 0.4771789 0.6711969 0.4784188 0.6693965 0.4806903 0.6669744 0.4726492 0.6736701 0.4752897 0.6725462 0.4726393 0.6707956 0.4752864 0.6701307 0.4771789 0.6693965 0.4793516 0.6666483 0.4828169 0.6628832 0.4817203 0.6628637 0.4801361 0.6628044 0.4781562 0.6628187 0.4776866 0.6666531 0.4756877 0.6629043 0.475511 0.6669865 0.4726937 0.6629325 0.4726802 0.6672337 0.9092909 0.3262986 0.9025983 0.3229842 0.9093634 0.3202507 0.9385636 0.323187 0.9384911 0.3299996 0.9093125 0.3164719 0.9069942 0.3308793 0.8994198 0.3281429 0.9386637 0.3173678 0.8956355 0.3335071 0.8945652 0.4017042 0.8928189 0.3311955 0.9024621 0.3364854 0.8968247 0.3232921 0.9092328 0.3371174 0.909358 0.4061415 0.9010281 0.4033651 0.9042107 0.3118609 0.9026103 0.3186808 0.9032006 0.4100491 0.9022736 0.4132867 0.8973607 0.4082924 0.9092834 0.4160574 0.9072861 0.4161469 0.9092238 0.4128416 0.8994304 0.4123942 0.9521756 0.3250183 0.9432104 0.3117229 0.9545394 0.3229015 0.9453099 0.3229715 0.9453924 0.3187397 0.9550588 0.3334842 0.95066 0.3287603 0.9452222 0.3289753 0.9385304 0.4166313 0.9385305 0.4147156 0.9093906 0.4107244 0.9452221 0.4133723 0.9453895 0.4143847 0.9406791 0.4101768 0.9005998 0.4071311 0.9453099 0.40953 0.9385436 0.410304 0.9510931 0.4097977 0.95066 0.4086152 0.9550227 0.4021203 0.9532492 0.4016768 0.9511274 0.403397 0.9510299 0.3352742 0.9484731 0.4031419 0.9404014 0.4040865 0.893315 0.3229015 0.8923314 0.4002199 0.8930277 0.3968816 0.9558709 0.3938208 0.9452443 0.3364622 0.8946053 0.4067026 0.9386911 0.3371195 0.02956348 0.8720416 0.01745407 0.8028747 0.02241217 0.8720556 0.03978931 0.7991297 0.02417385 0.7990012 0.03228077 0.8987326 0.01498369 0.8042371 0.01984211 0.8722408 0.0191442 0.785354 0.03929924 0.7853122 0.02458016 0.7853515 0.02475577 0.8987848 0.04381401 0.8719498 0.02280306 0.8992182 0.03380876 0.9190007 0.06544795 0.7997509 0.04597827 0.898647 0.0654652 0.8718808 0.06543162 0.7856658 0.0869359 0.871938 0.09092399 0.7991243 0.06550891 0.8985978 0.08488493 0.8986357 0.08380158 0.9189738 0.09818669 0.8987135 0.1007824 0.8720236 0.1061248 0.7989941 0.1073549 0.8720408 0.1139509 0.8042336 0.112245 0.8028685 0.1062691 0.8992119 0.1091885 0.8722342 0.1082476 0.8725637 0.1139564 0.8044472 0.1115896 0.7853278 0.1116743 0.7853395 0.1105583 0.7853534 0.1051149 0.8987687 0.0922532 0.9197024 0.09674978 0.9012256 0.104307 0.9192107 0.09303834 0.8960041 0.1074243 0.8723005 0.1138036 0.8044643 0.1114353 0.7853236 0.01567016 0.8027447 0.03409433 0.8709486 0.02166995 0.8718745 0.01607696 0.7853623 0.0178775 0.785441 0.03170498 0.7849974 0.01372925 0.8044682 0.03003044 0.7978838 0.02007864 0.8722415 0.0203613 0.8722687 0.0163229 0.7853233 0.06263693 0.7992736 0.06276032 0.7853941 0.06551047 0.9189692 0.09671222 0.9189885 0.08255243 0.9324515 0.04708641 0.9189814 0.03584202 0.9324463 0.04827019 0.9324543 0.04009991 0.9379187 0.06546839 0.9324585 0.05064859 0.9379227 0.06536522 0.9379287 0.07998925 0.9379226 0.09465193 0.9324417 0.0902622 0.9379183 0.0915268 0.8709635 0.09603464 0.7978943 0.0905024 0.8943471 0.08446448 0.8894898 0.09442659 0.7849998 0.0624901 0.8710757 0.1087304 0.7854454 0.1109091 0.8027574 0.1045664 0.8718933 0.06257635 0.8929838 0.04102036 0.8894849 0.06281573 0.9022173 0.0354413 0.8943409 0.06317044 0.9035012 0.0919029 0.8954293 0.03466063 0.8954253 0.06355812 0.9035022 0.10667 0.8722553 0.1132747 0.804478 0.1109444 0.7853639 0.092213 0.8954419 0.113504 0.8044748 0.1069449 0.8722767 0.08569454 0.9339043 0.07632919 0.9238898 0.08383185 0.9238827 0.0957891 0.9379266 0.09021526 0.9338374 0.07737523 0.9338821 0.07613074 0.9163238 0.08320878 0.916299 0.08793958 0.9238633 0.08834394 0.9239265 0.09068459 0.9339032 0.08688014 0.9163463 0.08708497 0.9163235 0.06525891 0.9338361 0.06521352 0.9238802 0.06518703 0.9163625 0.1036718 0.9190098 0.1017215 0.9324582 0.1012031 0.9324431 0.09631502 0.9379156 0.02625292 0.9190202 0.02480098 0.9192145 0.02011762 0.8725626 0.03152799 0.9012223 0.02872124 0.9324469 0.0361268 0.9197003 0.06402933 0.9086053 0.06405949 0.9202107 0.02058881 0.8722969 0.03826874 0.932451 0.0274206 0.9324594 0.06410184 0.932415 0.04204103 0.9379013 0.03288498 0.9379156 0.03408404 0.9379268 0.03493684 0.8960018 0.09018659 0.9324517 0.08657091 0.9379013 0.06419992 0.9379156 0.04452298 0.9339023 0.03960053 0.9338355 0.04631152 0.9238769 0.05306607 0.933881 0.03857296 0.9339023 0.05402452 0.9238866 0.08118933 0.923987 0.08281147 0.9339705 0.06430408 0.9338714 0.04596858 0.9339703 0.06434875 0.9239452 0.04766188 0.9239866 0.04184108 0.9238576 0.04093321 0.9239233 0.04688647 0.9162965 0.04287025 0.9163439 0.04864892 0.916305 0.04219877 0.9163222 0.06437328 0.9163514 0.08024006 0.9163051 0.05417053 0.9163222 0.09246653 0.8954384 0.1071667 0.8722645 0.1113193 0.7853237 0.1136863 0.8044726 0.06397297 0.9041227 0.06383999 0.9035006 0.1111391 0.785324 0.03524628 0.8954372 0.02057651 0.8722602 0.03499784 0.8954399 0.01424853 0.8044631 0.01676711 0.7853281 0.01661932 0.7853236 0.01440152 0.8044482 0.01413109 0.8044692 0.01650324 0.7853234 0.01725993 0.7853405 0.01394869 0.8044687 0.08984844 0.8679966 0.06713675 0.8680238 0.08300354 0.8679786 0.0679505 0.8680346 0.04563372 0.8680164 0.04496224 0.8679954 0.05141239 0.8679786 0.08964361 0.8680187 0.07889421 0.8679968 0.056934 0.8679954 0.04964994 0.8679702 0.08597225 0.8679727 0.09138151 0.7853109 0.1057065 0.7853491 0.1059803 0.8732638 0.1133897 0.8054453 0.1109403 0.8040828 0.0988436 0.8732498 0.1042364 0.8002093 0.0886304 0.8003379 0.08460205 0.873158 0.1092503 0.7865621 0.1038298 0.7865596 0.08911984 0.7865203 0.09612607 0.8999408 0.1036366 0.8999929 0.08243724 0.8998552 0.1085308 0.8734489 0.1055694 0.9004263 0.09459769 0.9202089 0.1021393 0.9202284 0.06297462 0.800959 0.062954 0.8730889 0.06290948 0.8998059 0.0629906 0.7868739 0.03749474 0.8003324 0.0414794 0.8731462 0.04461252 0.920182 0.06290685 0.9201774 0.08132827 0.9201896 0.04352992 0.8998438 0.0222839 0.8002022 0.02762341 0.8732317 0.03703662 0.7865191 0.02103614 0.8732489 0.01442068 0.8054417 0.01918288 0.8734424 0.01676431 0.7865359 0.01439749 0.8056554 0.01614761 0.8040766 0.0201061 0.8737718 0.01669737 0.7865477 0.02210208 0.9004201 0.03160178 0.9024338 0.03610086 0.9209105 0.02406432 0.9204189 0.02327617 0.8999768 0.03021901 0.8999217 0.02471929 0.9202179 0.02092006 0.8735086 0.03530567 0.8972123 0.01690903 0.7865317 0.01454075 0.8056725 0.1126314 0.8039529 0.1122369 0.7865704 0.1145846 0.8056763 0.094195 0.8721567 0.09826022 0.7990919 0.1104243 0.7866491 0.1066309 0.8730827 0.1120045 0.7865314 0.1143787 0.8056769 0.09658661 0.7862055 0.06564303 0.8004817 0.0655224 0.7866023 0.03169324 0.9201967 0.08014255 0.9336625 0.04585972 0.9336597 0.06294661 0.9336666 0.09256312 0.9336544 0.07775965 0.9391309 0.04841851 0.9391308 0.06304493 0.9391368 0.03813892 0.9391265 0.03375223 0.9336498 0.03676157 0.8721716 0.03779536 0.8955553 0.02373298 0.8731015 0.06579026 0.8722838 0.03386386 0.786208 0.03225475 0.7991025 0.04382446 0.890698 0.08726939 0.8906931 0.01739069 0.8039655 0.01956969 0.7866536 0.06547936 0.9034255 0.06570881 0.8941919 0.09285735 0.895549 0.06513893 0.9047093 0.036408 0.8966374 0.09365129 0.8966335 0.06476717 0.9047104 0.03611251 0.8966501 0.1082346 0.8734497 0.02164169 0.8734635 0.01482161 0.805683 0.01503723 0.8056861 0.02138083 0.8734848 0.04270317 0.9351124 0.03817292 0.9350456 0.04456445 0.9250908 0.03260028 0.9391347 0.05207207 0.9250979 0.04003154 0.9251347 0.04044797 0.9250714 0.04518663 0.9175072 0.05226954 0.917532 0.04129099 0.9175317 0.04150706 0.9175544 0.05102798 0.9350902 0.06314623 0.9350442 0.06318962 0.9250883 0.02665048 0.9336663 0.02718749 0.9336513 0.03205835 0.9391237 0.09967049 0.933655 0.1035717 0.9204227 0.09222808 0.9209084 0.09682461 0.9024305 0.1082376 0.8737707 0.09008791 0.9336591 0.1009525 0.9336677 0.06431746 0.9098135 0.0934081 0.8972099 0.107757 0.873505 0.06428876 0.9214188 0.08631926 0.9391094 0.08830195 0.9391268 0.09430628 0.9391349 0.06437107 0.9053308 0.0381692 0.9336598 0.06424841 0.9336232 0.04178866 0.9391094 0.06415498 0.9391237 0.08387541 0.9351104 0.08878838 0.9350437 0.09548941 0.9391238 0.07533746 0.9350891 0.08208533 0.9250851 0.08980267 0.9351104 0.08654719 0.9250658 0.07437711 0.9250947 0.03769027 0.9351113 0.04717609 0.9251952 0.04555213 0.9351786 0.06405573 0.9350796 0.08239564 0.9351785 0.08070403 0.9251948 0.06401318 0.9251533 0.08150952 0.9175046 0.08551767 0.917552 0.08744305 0.9251316 0.08617785 0.9175304 0.07971805 0.9175131 0.0639899 0.9175596 0.04812639 0.9175133 0.06321507 0.9175707 0.07423013 0.9175304 0.02117043 0.8734727 0.03587087 0.8966465 0.01701777 0.7865319 0.01465064 0.8056808 0.01718652 0.7865321 0.0644977 0.9047087 0.09309208 0.8966454 0.1077621 0.8734683 0.09332856 0.896648 0.1079658 0.8734769 0.1140976 0.8056712 0.1115886 0.7865363 0.1139542 0.8056564 0.1117269 0.7865317 0.1111135 0.7865486 0.1142077 0.8056774 0.1118356 0.7865316 0.06597854 0.869212 0.08828114 0.8691939 0.0769936 0.8691728 0.06675337 0.8692013 0.04405446 0.8691741 0.05088986 0.8691561 0.08894132 0.8691728 0.04427053 0.8691962 0.05503301 0.8691744 0.0479501 0.8691502 0.08248152 0.869156 0.084273 0.8691477 0.01783445 0.7865616 0.02270197 0.7865572 0.01736771 0.786572 0.4033007 0.6162105 0.3974983 0.5868853 0.3981099 0.5825806 0.3976422 0.5871261 0.4039699 0.6163535 0.4127927 0.6416315 0.4118855 0.6427249 0.4036685 0.6163262 0.3986712 0.5668297 0.3951348 0.5668851 0.3982626 0.5675923 0.4077233 0.5702232 0.4093469 0.5790384 0.4120082 0.6363409 0.4069262 0.615815 0.4116429 0.6416315 0.4014988 0.587284 0.423029 0.6523143 0.421139 0.6538973 0.4201041 0.6523603 0.4157646 0.6164098 0.4188797 0.6416315 0.4117147 0.5872195 0.408007 0.5669687 0.4300855 0.6166691 0.4475216 0.5937693 0.4274948 0.5867192 0.4312767 0.6427249 0.431314 0.5830597 0.4479181 0.6172442 0.4177875 0.5680121 0.4594981 0.6363409 0.4618658 0.6173351 0.4594981 0.5989671 0.4478497 0.6416315 0.4319036 0.6538973 0.4483827 0.6523604 0.4625097 0.6416315 0.4676248 0.617419 0.4624287 0.5945601 0.4481065 0.5866274 0.4674192 0.6166639 0.463315 0.6427249 0.4636523 0.6414837 0.462667 0.5941344 0.4681507 0.6174988 0.4618441 0.5925719 0.448359 0.5847297 0.4479637 0.5874891 0.4483692 0.5775422 0.4512957 0.6522996 0.4524954 0.6412105 0.4634316 0.6327943 0.451626 0.6156243 0.4619506 0.6118577 0.4665427 0.611791 0.4655124 0.6035329 0.4612002 0.5843772 0.4631362 0.5839232 0.4563571 0.5671393 0.4310382 0.6121159 0.4147922 0.5869397 0.4321385 0.5811922 0.4405022 0.6125602 0.437454 0.6391499 0.4352072 0.6037013 0.4218162 0.5683796 0.4195153 0.6159284 0.4085295 0.6158478 0.4026029 0.5875468 0.4385698 0.5670879 0.4352949 0.5836704 0.4247234 0.5713516 0.4334314 0.5824901 0.414381 0.6363409 0.423426 0.6413582 0.4359344 0.6537128 0.4107532 0.5676768 0.4267918 0.5864496 0.4195808 0.5734922 0.4093469 0.5790384 0.4486176 0.5664849 0.4407578 0.5668864 0.4332255 0.6554933 0.4493958 0.6538973 0.4218792 0.5560375 0.4188519 0.5548737 0.4180351 0.5430272 0.4175538 0.5567355 0.4220298 0.5428069 0.4096324 0.5344307 0.4084995 0.5428069 0.4078041 0.5560375 0.4187285 0.5427946 0.417519 0.5357802 0.4193595 0.5344307 0.4171944 0.5357802 0.4089941 0.5543306 0.4091247 0.5425935 0.4101224 0.5315991 0.4098517 0.5344307 0.4066037 0.552753 0.4076373 0.5402688 0.3979969 0.5526756 0.4092797 0.5315836 0.3988129 0.5404006 0.4152104 0.5532963 0.4164003 0.5404783 0.3947695 0.5527533 0.4015677 0.5330194 0.41978 0.540482 0.4163698 0.5330194 0.4099323 0.5285705 0.4184969 0.5315836 0.4000625 0.5315836 0.4177009 0.572698 0.4213786 0.5706489 0.3996128 0.5676511 0.3985254 0.5683866 0.3952852 0.5677012 0.4163698 0.5330194 0.4092797 0.5315836 0.4015677 0.5330197 0.3954945 0.5402688 0.4076373 0.540482 0.3988129 0.5404783 0.4164003 0.540711 0.4152104 0.5551582 0.4066037 0.55446 0.3979969 0.5532963 0.418438 0.55446 0.4017109 0.5357802 0.4001248 0.5344307 0.4018192 0.5357802 0.3955945 0.5425935 0.398379 0.5548737 0.3990923 0.5427946 0.394919 0.5543306 0.3993211 0.542717 0.3988117 0.554253 0.4593176 0.5858929 0.449741 0.5869569 0.4561755 0.5675626 0.4399846 0.5858929 0.4488238 0.567555 0.4589015 0.5671512 0.4414495 0.5675626 0.4439653 0.5593522 0.4439653 0.5593522 0.4486926 0.5579254 0.4432867 0.5579254 0.4486927 0.5549313 0.4486926 0.5579254 0.45342 0.5593522 0.4540987 0.5579254 0.45342 0.5593522 0.4085745 0.571012 0.4782694 0.6162105 0.4840719 0.5868853 0.4779017 0.6163262 0.4687773 0.6416315 0.4776002 0.6163535 0.4839279 0.5871261 0.4834604 0.5825806 0.4864354 0.5668851 0.4828991 0.5668297 0.4833075 0.5675923 0.4696846 0.6427249 0.4800715 0.587284 0.4746438 0.615815 0.4738467 0.5702232 0.4735632 0.5669687 0.4698555 0.5872195 0.4658054 0.6164098 0.469562 0.6363409 0.4614659 0.6523604 0.4699271 0.6416315 0.4626905 0.6416315 0.4604312 0.6538973 0.458541 0.6523143 0.4514845 0.6166691 0.4340484 0.5937693 0.433652 0.6172442 0.4502562 0.5830597 0.4334638 0.5866274 0.4540754 0.5867192 0.4220721 0.5989671 0.4197044 0.6173351 0.4502935 0.6427249 0.4191414 0.5945601 0.4220721 0.6363409 0.4337204 0.6416315 0.4139455 0.617419 0.4190605 0.6416315 0.4331874 0.6523604 0.4496665 0.6538973 0.4141508 0.6166638 0.4182551 0.6427249 0.4134194 0.6174988 0.4189031 0.5941344 0.4197261 0.5925719 0.4332112 0.5847298 0.433201 0.5775422 0.4203699 0.5843772 0.4150275 0.611791 0.4160577 0.6035329 0.4196196 0.6118577 0.4181385 0.6327943 0.4252131 0.5671392 0.418434 0.5839235 0.4179179 0.6414837 0.4299442 0.6156243 0.4290746 0.6412107 0.4302746 0.6522996 0.450532 0.6121159 0.4410679 0.6125602 0.4463629 0.6037013 0.466778 0.5869397 0.4620548 0.6159284 0.4789673 0.5875468 0.4730408 0.6158478 0.4597541 0.5683796 0.470817 0.5676768 0.4494318 0.5811922 0.4671891 0.6363409 0.4441162 0.6391499 0.4462754 0.5836704 0.4430006 0.5670879 0.4408124 0.5668865 0.4568468 0.5713513 0.4819573 0.5676511 0.4581441 0.6413582 0.4456357 0.6537128 0.4336067 0.5874891 0.4547784 0.5864496 0.4481387 0.5824901 0.4619893 0.5734922 0.4722231 0.5790384 0.4638693 0.572698 0.4329526 0.5664849 0.4483447 0.6554933 0.4321745 0.6538973 0.4596908 0.5560375 0.4635352 0.5430272 0.4595405 0.5428069 0.4640163 0.5567355 0.4719377 0.5344307 0.4643756 0.5357802 0.4622108 0.5344307 0.4640511 0.5357802 0.4627183 0.5548737 0.4730704 0.5428069 0.4714478 0.5315991 0.4628415 0.5427944 0.472576 0.5543306 0.4724455 0.5425935 0.4717185 0.5344307 0.4637826 0.5680121 0.4749665 0.552753 0.4835733 0.5526756 0.4739329 0.5402688 0.4868007 0.5527533 0.4827572 0.5404006 0.4663597 0.5532963 0.4800024 0.5330194 0.4722905 0.5315836 0.4860757 0.5402688 0.46517 0.5404783 0.4652004 0.5330194 0.4716377 0.5285705 0.4630734 0.5315836 0.4617902 0.540482 0.4601915 0.5706489 0.4862848 0.5677012 0.4830447 0.5683866 0.4652004 0.5330194 0.4815077 0.5315836 0.4800024 0.5330194 0.4722905 0.5315836 0.4827572 0.5404783 0.4739329 0.540482 0.46517 0.540711 0.4749666 0.55446 0.4663597 0.5551582 0.4835733 0.5532963 0.4631321 0.55446 0.4798593 0.5357802 0.4814455 0.5344307 0.4797511 0.5357802 0.482478 0.5427944 0.4859755 0.5425935 0.482249 0.542717 0.4737663 0.5560375 0.483191 0.5548737 0.4866512 0.5543306 0.4827583 0.554253 0.4318293 0.5869569 0.4253947 0.5675626 0.4327466 0.567555 0.4222525 0.5858929 0.4415857 0.5858929 0.4401205 0.5675626 0.4226687 0.5671512 0.4376049 0.5593522 0.4382835 0.5579254 0.4376049 0.5593522 0.4328775 0.5549313 0.4328775 0.5579254 0.4328775 0.5579254 0.4281501 0.5593522 0.4281501 0.5593522 0.4274715 0.5579254 0.4729957 0.571012 0.4722231 0.5790384 0.4229583 0.637954 0.416105 0.6283391 0.4104767 0.6211058 0.4243 0.6316999 0.4273169 0.6380728 0.4236178 0.6324049 0.4225973 0.6285304 0.4285865 0.6451872 0.4091335 0.6112273 0.4083929 0.6128386 0.4208745 0.6296868 0.4171752 0.6240188 0.4329452 0.645306 0.4360993 0.649253 0.4129589 0.6052126 0.4133021 0.6055474 0.4751875 0.5835611 0.4254405 0.6220608 0.4630494 0.5670477 0.4627061 0.5667129 0.4788193 0.5883347 0.4290721 0.6268346 0.4837285 0.5810435 0.4695824 0.5644454 0.4712471 0.5641954 0.4230476 0.6180277 0.428527 0.6251136 0.4782742 0.5866138 0.4727947 0.579528 0.4671665 0.5722948 0.4174194 0.6107946 0.4744011 0.5681425 0.4830463 0.5817485 0.4800294 0.5753755 0.484749 0.584918 0.4842986 0.5954206 0.4912413 0.5851093 0.4901711 0.5894296 0.4843881 0.5754943 0.4968696 0.5923424 0.4957994 0.5966627 0.4787598 0.5682611 0.4345515 0.6339204 0.4115469 0.6167856 0.4982127 0.6022211 0.4864718 0.5837616 0.4989533 0.6006097 0.4229583 0.637954 0.4104767 0.6211058 0.416105 0.6283391 0.4285865 0.6451872 0.4273169 0.6380728 0.4243 0.6316999 0.4091335 0.6112273 0.4115469 0.6167856 0.4171752 0.6240188 0.4208745 0.6296868 0.4083929 0.6128386 0.4225973 0.6285304 0.4236178 0.6324049 0.4360993 0.649253 0.4329452 0.645306 0.4129589 0.6052126 0.4254405 0.6220608 0.4751875 0.5835611 0.4630494 0.5670477 0.4133021 0.6055474 0.4627061 0.5667129 0.4788193 0.5883347 0.4837285 0.5810435 0.4712471 0.5641954 0.4695824 0.5644454 0.4174194 0.6107946 0.4671665 0.5722948 0.4230476 0.6180277 0.4744011 0.5681425 0.4727947 0.579528 0.4782742 0.5866138 0.428527 0.6251136 0.4800294 0.5753755 0.4830463 0.5817485 0.484749 0.584918 0.4901711 0.5894296 0.4912413 0.5851093 0.4968696 0.5923424 0.4843881 0.5754943 0.4787598 0.5682611 0.4842986 0.5954206 0.4345515 0.6339204 0.4290721 0.6268346 0.4864718 0.5837616 0.4957994 0.5966627 0.4982127 0.6022211 0.4989533 0.6006097 0.9835351 0.2038555 0.982215 0.204019 0.947049 0.2018776 0.9471599 0.2018776 0.9470215 0.2018741 0.949048 0.2035487 0.9471318 0.2018809 0.9474952 0.2018789 0.9530401 0.2069148 0.9529983 0.2068921 0.9531078 0.2069924 0.9488013 0.2018776 0.9489123 0.2018776 0.9489007 0.2018741 0.9503185 0.2035469 0.9488848 0.2018809 0.9489009 0.2018789 0.953177 0.2069148 0.9531291 0.20686 0.9531178 0.2068827 0.9141034 0.2040867 0.8932112 0.2038555 0.8979888 0.204019 0.9768836 0.2040189 0.03019686 0.8895931 0.09617005 0.8318731 0.09762701 0.8895931 0.02589339 0.8318731 0.03165379 0.8318731 0.1124706 0.8895931 0.01535324 0.8895931 0.01648312 0.8895931 0.02451645 0.8895931 0.01535324 0.8895931 0.1100769 0.8318731 0.1019305 0.8318731 0.01660113 0.8318731 0.1112227 0.8318731 0.1124706 0.8895931 0.1112227 0.8318728 0.1100769 0.8318728 0.01660113 0.8318728 0.03165379 0.8318728 0.09617005 0.8318728 0.1068139 0.8318728 0.1033074 0.8895931 0.1113408 0.8895931 0.1113407 0.8895931 0.09762701 0.8895931 0.1019305 0.8318728 0.03019684 0.8895931 0.1081231 0.8895931 0.1033074 0.8895931 0.01648312 0.8895931 0.02451643 0.8895931 0.01970081 0.8895931 0.02100997 0.8318728 0.01774696 0.8318728 0.02589339 0.8318728 0.01774694 0.8318731 0.02100997 0.8318731 0.01970084 0.8895931 0.1068139 0.8318731 0.1081231 0.8895931 0.137962 0.7065984 0.2359553 0.7107764 0.137962 0.7107764 0.2359553 0.7065984 0.1301796 0.540632 0.1509734 0.6739718 0.1301796 0.6943873 0.1509734 0.5610475 0.1356826 0.697964 0.1356826 0.5370553 0.1509734 0.5623748 0.1509734 0.6752995 0.1509734 0.6739718 0.1509734 0.5610475 0.1301796 0.6985652 0.1301796 0.540632 0.1301796 0.6943873 0.1301796 0.54481 0.243738 0.6985652 0.243738 0.540632 0.243738 0.54481 0.243738 0.6943873 0.137962 0.5284209 0.1509734 0.5610475 0.1356826 0.5370553 0.2229439 0.5610475 0.2359553 0.5284209 0.238235 0.5370553 0.2359553 0.7065984 0.2229439 0.6739718 0.238235 0.697964 0.1509734 0.6739718 0.137962 0.7065984 0.1356826 0.697964 0.243738 0.540632 0.2229439 0.5610475 0.238235 0.5370553 0.2229439 0.6739718 0.243738 0.6943873 0.238235 0.697964 0.1509734 0.6752995 0.2229439 0.6739718 0.1509734 0.6739718 0.2229439 0.6752995 0.2229439 0.6739718 0.2229439 0.5623748 0.2229439 0.5610475 0.2229439 0.6752995 0.2229439 0.5623748 0.1509734 0.5623748 0.1509734 0.5610475 0.2229439 0.5610475 0.1301796 0.540632 0.137962 0.5284209 0.1356826 0.5370553 0.137962 0.7065984 0.1301796 0.6943873 0.1356826 0.697964 0.243738 0.6943873 0.2359553 0.7065984 0.238235 0.697964 0.2359553 0.5284209 0.243738 0.540632 0.238235 0.5370553 0.1301796 0.540632 0.137962 0.5325989 0.137962 0.5284209 0.1301796 0.54481 0.137962 0.7065984 0.137962 0.7107764 0.1301796 0.6985652 0.1301796 0.6943873 0.243738 0.540632 0.2359553 0.5325989 0.243738 0.54481 0.2359553 0.5284209 0.2359553 0.7065984 0.243738 0.6985652 0.2359553 0.7107764 0.243738 0.6943873 0.2359553 0.5284209 0.137962 0.5284209 0.137962 0.5325989 0.2359553 0.5325989 0.0157827 0.8856972 0.01579818 0.9266133 0.1126965 0.8856972 0.01346385 0.9208481 0.01380719 0.8776433 0.01354346 0.8805912 0.01355878 0.9191923 0.0272688 0.9271656 0.02880101 0.9319011 0.09967818 0.9319011 0.112681 0.9266133 0.1150207 0.8805524 0.114672 0.8776437 0.1150154 0.9208477 0.1012104 0.9271656 0.1136538 0.9221002 0.01579818 0.856246 0.09967818 0.8615338 0.02880101 0.8615338 0.01482534 0.8618552 0.01355878 0.8635606 0.0272688 0.8669277 0.1126965 0.8153299 0.112681 0.856246 0.0157827 0.8153299 0.1150154 0.8607562 0.1128899 0.8195961 0.114672 0.8220124 0.1149204 0.8635606 0.1136538 0.8618552 0.1012104 0.8669277 0.01380718 0.8220121 0.01558929 0.8195961 0.01346385 0.8607562 0.01345846 0.8204747 0.1159766 0.9079928 0.1153753 0.873576 0.1159766 0.8724915 0.1159766 0.8682644 0.1159766 0.8327631 0.1149357 0.8204359 0.1152093 0.8319232 0.1151292 0.8674245 0.09987281 0.8696934 0.09843838 0.8674793 0.03004082 0.8674793 0.02860638 0.8696934 0.03004082 0.9276349 0.09843838 0.9276349 0.09987281 0.9253255 0.02860638 0.9253255 0.1130833 0.8670767 0.01539586 0.8315754 0.01539586 0.8670767 0.1130833 0.8315754 0.01335004 0.8319232 0.01326993 0.8674245 0.1139238 0.910017 0.1021446 0.8793175 0.1139238 0.8745157 0.1021446 0.9148188 0.09984566 0.8799092 0.01250263 0.9079928 0.01250263 0.8327631 0.01250263 0.8724915 0.01310389 0.873576 0.01250263 0.8682644 0.03128062 0.9156556 0.09719858 0.8801543 0.09719858 0.9156556 0.03128062 0.8801543 0.09984566 0.9154106 0.02863354 0.9154106 0.02863354 0.8799092 0.02633458 0.8793175 0.02633458 0.9148188 0.01455544 0.8745157 0.01455544 0.910017 0.01482534 0.9221002 0.01558929 0.8797517 0.1128899 0.8797517 0.01310389 0.9090778 0.1153753 0.9090778 0.1149204 0.9191923 0.9099711 0.1343038 0.9098952 0.1385271 0.9104515 0.1368051 0.9132968 0.1302953 0.9100916 0.1350532 0.915236 0.1268738 0.9092578 0.1513146 0.9115299 0.1427606 0.9055712 0.1461635 0.914605 0.126773 0.9612007 0.1342258 0.9559076 0.1268615 0.9565625 0.1267494 0.9578398 0.1302782 0.961284 0.1384112 0.9610283 0.1350561 0.9598387 0.1429321 0.96198 0.1511142 0.960811 0.1369071 0.9655653 0.1461296 0.9564891 0.1285723 0.9562446 0.1328844 0.9557819 0.1351454 0.9629969 0.1624022 0.9656021 0.1647586 0.957614 0.1421065 0.8974669 0.1479723 0.9001683 0.1402396 0.8974827 0.1390066 0.893321 0.133561 0.8933161 0.142572 0.9007256 0.1715934 0.9003072 0.1485816 0.8973913 0.1717515 0.9062895 0.1755356 0.9055511 0.1648224 0.9055478 0.1402508 0.8932938 0.1653064 0.8940039 0.1655511 0.8971443 0.1693338 0.973639 0.1593316 0.9653847 0.07664168 0.9736676 0.076424 0.9777988 0.1567222 0.9771175 0.1655681 0.9505775 0.1589537 0.9520289 0.07757479 0.9649475 0.1630393 0.9503035 0.1690649 0.9267309 0.1757521 0.9301624 0.1814882 0.9301875 0.179613 0.9217629 0.1667053 0.921213 0.1718179 0.926627 0.1773943 0.9355677 0.1839561 0.9246364 0.1658193 0.9325926 0.1817583 0.9498823 0.1694488 0.9703916 0.1715922 0.9623824 0.1653657 0.9409446 0.1796458 0.9409766 0.1814901 0.9500365 0.1713554 0.9648294 0.1755458 0.9648799 0.1732271 0.9739802 0.1693556 0.9737411 0.1717534 0.9736617 0.1479701 0.9708115 0.1485816 0.9795219 0.1313159 0.9795219 0.07512271 0.9795219 0.06770897 0.9795219 0.1537055 0.9795219 0.1223056 0.9778055 0.1425716 0.9778073 0.07597911 0.9381133 0.07810569 0.9388313 0.1816744 0.9359233 0.1750222 0.9212715 0.1588179 0.9227204 0.07757479 0.9234226 0.1715621 0.9067679 0.07664168 0.9462826 0.1236269 0.9359354 0.1245024 0.9463301 0.1247342 0.9355885 0.1257591 0.935659 0.1235655 0.9512482 0.1249609 0.9511929 0.1237584 0.9513068 0.1282581 0.9467518 0.1257195 0.9209052 0.1210032 0.906251 0.06071782 0.906251 0.1210032 0.9209052 0.06071782 0.9209052 0.1325833 0.8974892 0.06071782 0.8974892 0.1210032 0.9355594 0.1210032 0.9355594 0.06071782 0.8915967 0.1223056 0.8915967 0.06770897 0.8915967 0.1313159 0.8940858 0.1306398 0.8933226 0.1214386 0.8915967 0.06165493 0.8915967 0.07512271 0.8915967 0.1537055 0.9502136 0.132583 0.9502136 0.1210032 0.9502136 0.06071782 0.9648677 0.1210032 0.9648677 0.06071782 0.9063308 0.1630236 0.8974798 0.1592537 0.897456 0.07641369 0.9061987 0.1390136 0.9209052 0.1401154 0.9209052 0.1389015 0.897486 0.1326171 0.9081672 0.1397229 0.9213861 0.1395836 0.9355594 0.1405075 0.9355594 0.139181 0.9062356 0.1326161 0.9649199 0.1390116 0.9502136 0.1389005 0.9502136 0.1401154 0.9629515 0.1397229 0.9709504 0.1402396 0.9736429 0.1390033 0.94831 0.1511311 0.9534573 0.1447804 0.9477118 0.1442458 0.9549847 0.153025 0.9360989 0.1438814 0.9357978 0.1655464 0.9388124 0.1748911 0.9493149 0.162763 0.9524707 0.1337079 0.9062856 0.1732196 0.9154952 0.1710798 0.915362 0.1730172 0.9210886 0.1736253 0.908874 0.1653665 0.9184517 0.1697896 0.9225472 0.1346134 0.9175282 0.1314073 0.92321 0.1313402 0.9161873 0.134658 0.9081588 0.138612 0.9187572 0.1257698 0.9126427 0.132207 0.9355594 0.1350738 0.9355594 0.1315321 0.9479086 0.1313397 0.9485716 0.1346132 0.9523901 0.1257695 0.9535905 0.1314069 0.9355594 0.140112 0.9549313 0.134658 0.9244133 0.1257199 0.9253567 0.1331859 0.9241521 0.1442459 0.9467754 0.1331856 0.93622 0.1327441 0.9325169 0.1749521 0.923352 0.1511301 0.9356164 0.1782591 0.9584766 0.1322085 0.9497326 0.1395835 0.9795219 0.06165493 0.9777961 0.1214385 0.9195713 0.1634519 0.9179993 0.1447914 0.9163742 0.1530802 0.9190068 0.1337391 0.9736295 0.1210032 0.9736295 0.06071782 0.9156917 0.1351147 0.9253837 0.1247342 0.9257727 0.1279247 0.9362118 0.1274974 0.9463774 0.1279243 0.9249945 0.1236274 0.9200829 0.1249702 0.92018 0.1282998 0.9199829 0.1237587 0.9148213 0.1285452 0.9152094 0.132847 0.9082154 0.1624472 0.9138241 0.1419921 0.9119681 0.1505312 0.8933226 0.0609923 0.9777997 0.1335599 0.9770344 0.1306393 0.9655713 0.1402517 0.9777961 0.0609923 0.8933198 0.1566833 0.8933129 0.07597613 0.9593489 0.1504371 0.9629601 0.1386126 0.9355649 0.1821647 0.9736362 0.1326163 0.964883 0.1326156 0.9778287 0.1653093 0.9356457 0.1839868 0.9210025 0.1720881 0.9355594 0.1326652 0.1949107 0.5219674 0.1869587 0.5290129 0.1892878 0.5208135 0.2156033 0.5421776 0.1869587 0.6747946 0.1790068 0.5219674 0.1846297 0.5208135 0.1869587 0.5193072 0.2104958 0.6747946 0.158317 0.5421776 0.164561 0.7119943 0.1598478 0.6985148 0.2093564 0.7119943 0.1869587 0.7239026 0.2382137 0.5921688 0.2380079 0.6231591 0.2357044 0.6742681 0.2140697 0.6985148 0.2351618 0.6601298 0.2299213 0.7239026 0.238611 0.6876606 0.2442423 0.7034864 0.2210705 0.7144908 0.2167542 0.7074023 0.2153738 0.7113506 0.2152126 0.7085023 0.2133233 0.7066709 0.234028 0.5658963 0.2260884 0.5483418 0.1869587 0.5187499 0.1634218 0.6747946 0.1398894 0.5658963 0.1478291 0.5483418 0.1382132 0.6742681 0.1387557 0.6601298 0.1571632 0.7074023 0.1585437 0.7113506 0.152847 0.7144908 0.1353065 0.6876606 0.1605943 0.7066709 0.1587049 0.7085023 0.1439961 0.7239026 0.1296753 0.7034864 0.1357038 0.5921688 0.1359095 0.6231591 0.1296753 0.7019674 0.1439961 0.7239026 0.1439961 0.7223834 0.1296753 0.7034864 0.1353065 0.6861418 0.1353065 0.6876606 0.2442423 0.7019674 0.2299213 0.7223834 0.2299213 0.7239026 0.2442423 0.7034864 0.2210705 0.7129721 0.2210705 0.7144908 0.238611 0.6876606 0.238611 0.6861418 0.1357038 0.5921688 0.1398894 0.5643773 0.1398894 0.5658963 0.1359095 0.6216399 0.1357038 0.5906495 0.1359095 0.6231591 0.1387557 0.6586106 0.1478291 0.5468227 0.1478291 0.5483418 0.158317 0.5406582 0.158317 0.5421776 0.2260884 0.5483418 0.2156033 0.5406582 0.2260884 0.5468227 0.2156033 0.5421776 0.1949107 0.520448 0.1949107 0.5219674 0.234028 0.5643773 0.234028 0.5658963 0.2382137 0.5906495 0.2382137 0.5921688 0.2380079 0.6216399 0.2380079 0.6231591 0.2351618 0.6586106 0.2351618 0.6601298 0.1869587 0.5187499 0.1869587 0.5172305 0.1790068 0.5219674 0.1790068 0.520448 0.1585437 0.7098312 0.164561 0.7119943 0.164561 0.7104752 0.152847 0.7144908 0.1585437 0.7113506 0.152847 0.7129721 0.1869587 0.7239026 0.1869587 0.7223834 0.2153738 0.7098312 0.2093564 0.7119943 0.2153738 0.7113506 0.2093564 0.7104752 0.1387557 0.6601298 0.1382132 0.6727486 0.1382132 0.6742681 0.2357044 0.6727486 0.2357044 0.6742681 0.1927133 0.1071148 0.1871641 0.07530701 0.1877328 0.07388377 0.1871641 0.1389228 0.1919447 0.1071148 0.1740474 0.05895835 0.1739398 0.06095845 0.1844126 0.1320381 0.1865954 0.1071148 0.1844126 0.08219153 0.1740474 0.1544977 0.1739398 0.1524978 0.1877328 0.140346 0.173617 0.1385361 0.1738321 0.106728 0.173617 0.07492 0.1579359 0.1372514 0.1579359 0.1040204 0.1579359 0.07078916 0.1579359 0.05625075 0.1579359 0.1517899 0.1458659 0.12984 0.1457611 0.09793162 0.1458659 0.0662241 0.1579359 0.05417371 0.1457087 0.05211192 0.1456563 0.0500617 0.1579359 0.153867 0.1457087 0.1436512 0.1363055 0.08967984 0.1399744 0.1181132 0.1386341 0.1237155 0.1399744 0.06826639 0.1389112 0.09217268 0.1386341 0.0600996 0.1359312 0.08932161 0.1383571 0.05841136 0.1383571 0.1248735 0.1456563 0.1456012 0.1767938 0.1071148 0.182343 0.07530701 0.1775624 0.1071148 0.1817743 0.07388377 0.1954598 0.05895835 0.1955673 0.06095845 0.1829117 0.1071148 0.1850946 0.1320381 0.1850946 0.08219153 0.182343 0.1389228 0.1954598 0.1544977 0.1817743 0.140346 0.195675 0.106728 0.1958902 0.1385361 0.1955673 0.1524978 0.1958902 0.07492 0.2115712 0.05625075 0.2115712 0.07078916 0.2115712 0.1517899 0.2115712 0.1372514 0.2115712 0.1040204 0.2115712 0.05417371 0.2115712 0.153867 0.2237984 0.1436512 0.2238509 0.1456012 0.2236412 0.12984 0.2332017 0.08967984 0.2295327 0.1181132 0.230596 0.09217268 0.2295327 0.06826639 0.230873 0.0600996 0.2236412 0.0662241 0.223746 0.09793162 0.2238509 0.0500617 0.2311501 0.05841136 0.230873 0.1237155 0.2311501 0.1248735 0.233576 0.08932161 0.2237984 0.05211192 0.1716989 0.1440711 0.1716989 0.1440711 0.1716989 0.1222084 0.1688556 0.1620355 0.1688544 0.1444979 0.1688544 0.1227182 0.1716989 0.1222084 0.1716989 0.1003449 0.1688544 0.1008587 0.1716989 0.1003449 0.1688556 0.1620355 0.1579014 0.1639999 0.1579014 0.1639999 0.1474832 0.159727 0.1474832 0.159727 0.1579014 0.146459 0.1365302 0.1312248 0.1474832 0.1228144 0.1474832 0.1421777 0.1336856 0.1284818 0.1365302 0.1169217 0.1364932 0.1487422 0.1579014 0.1028227 0.1579014 0.1246822 0.1474832 0.1033586 0.1336856 0.1153915 0.1365302 0.1025214 0.1364932 0.1487422 0.1336856 0.1284818 0.1688556 0.08340091 0.1474832 0.08590102 0.1579014 0.08536524 0.1336856 0.1153915 0.1336856 0.1023008 0.1336856 0.1023008 0.13653 0.08506423 0.13653 0.08506423 0.1579014 0.08536524 0.1688556 0.08340091 0.1474832 0.08590102 0.2017145 0.1222084 0.2017145 0.1440711 0.2017145 0.1440711 0.2017145 0.1222084 0.2045578 0.1620355 0.204559 0.1227182 0.204559 0.1444979 0.2045578 0.1620355 0.204559 0.1008587 0.2017145 0.1003449 0.2017145 0.1003449 0.215512 0.1639999 0.215512 0.1639999 0.215512 0.146459 0.2259303 0.159727 0.2259303 0.159727 0.2368832 0.1312248 0.2397279 0.1284818 0.2369202 0.1487422 0.2259303 0.1228144 0.2368832 0.1169217 0.215512 0.1246822 0.215512 0.1028227 0.2259303 0.1033586 0.2259303 0.1421777 0.2368832 0.1025214 0.2397279 0.1153915 0.2369202 0.1487422 0.2397279 0.1284818 0.2045578 0.08340091 0.2259303 0.08590102 0.2397279 0.1153915 0.2397279 0.1023008 0.2397279 0.1023008 0.2368835 0.08506423 0.2368835 0.08506423 0.215512 0.08536524 0.2045578 0.08340091 0.215512 0.08536524 0.2259303 0.08590102 0.4355012 0.5675099 0.4583463 0.5611379 0.4652022 0.5675099 0.442357 0.5611379 0.4355012 0.5675099 0.4583463 0.5611379 0.442357 0.5611379 0.4652022 0.5675099 0.01823384 0.7655525 0.01725187 0.7657452 0.01802833 0.7655234 0.01883794 0.7654486 0.0276991 0.7654828 0.01824122 0.7657718 0.01721361 0.7658496 0.01822811 0.7654862 0.01653768 0.7661053 0.01725109 0.7657452 0.01724651 0.7661805 0.02833143 0.7661597 0.0182477 0.7661194 0.01654783 0.7661431 0.02832409 0.7668476 0.01824546 0.7665777 0.01648987 0.7666178 0.01657279 0.7671962 0.01560514 0.7676787 0.01592512 0.7670168 0.01596355 0.7665891 0.01729341 0.7669883 0.01546058 0.7671635 0.01591571 0.7665899 0.01688386 0.7687597 0.01598512 0.7687701 0.01635905 0.7678826 0.01638751 0.7888157 0.01725098 0.7678369 0.0182737 0.7674403 0.01504072 0.7678542 0.01503803 0.7678542 0.01540934 0.7671804 0.01514939 0.7678151 0.01491097 0.7685521 0.01481864 0.7685852 0.01511358 0.7687573 0.01478991 0.7693658 0.01476926 0.7687891 0.01558614 0.7888138 0.01549311 0.768768 0.01857466 0.7901215 0.01765513 0.7897639 0.01851383 0.788834 0.01859612 0.7909717 0.01748545 0.7905546 0.02797421 0.7888544 0.02796919 0.7901849 0.01721727 0.7888235 0.01681311 0.7897151 0.01668993 0.7903216 0.01601277 0.7897518 0.01824995 0.7687679 0.01770447 0.791852 0.01766452 0.7917486 0.01839397 0.7919857 0.01703423 0.7914919 0.01706986 0.791482 0.01842762 0.7920737 0.01859384 0.791797 0.01919673 0.7921143 0.01770411 0.791852 0.01768701 0.7914168 0.0168648 0.7910051 0.0279384 0.7918254 0.02738715 0.7921271 0.01859987 0.7914375 0.01648705 0.7910092 0.01699292 0.7907715 0.01536813 0.7888193 0.01525082 0.7882517 0.01568528 0.7897798 0.01558089 0.789743 0.01534384 0.789012 0.01558045 0.789743 0.01530175 0.788824 0.01595178 0.7904167 0.01593169 0.7888101 0.01609441 0.7904119 0.01595214 0.7904167 0.0293185 0.7657889 0.02856524 0.7656115 0.02853063 0.7655234 0.02930762 0.7657452 0.02998169 0.7661152 0.02948884 0.7662814 0.02834538 0.7658002 0.02826359 0.7654737 0.03002093 0.7661053 0.03018857 0.7665921 0.02999132 0.7672008 0.02926539 0.7669911 0.03059422 0.766588 0.0306428 0.7665899 0.03109707 0.7671618 0.03060523 0.7671289 0.0302032 0.7678822 0.03170652 0.7687778 0.03151828 0.7678542 0.03174043 0.7685852 0.03180571 0.7693454 0.03127421 0.7882313 0.03140859 0.7678173 0.03152028 0.7678542 0.03147513 0.7687833 0.03105848 0.7678455 0.03110835 0.768787 0.03094374 0.7888398 0.03058662 0.7888292 0.03062448 0.7687815 0.03114906 0.7671804 0.02833868 0.7687369 0.02873628 0.7677825 0.02974242 0.7687737 0.02886881 0.7914168 0.02889159 0.7917476 0.02793912 0.7914777 0.02813441 0.7920352 0.02885375 0.791852 0.01862855 0.7921212 0.02798305 0.7921084 0.02954286 0.7914441 0.02795047 0.7910194 0.02958326 0.7909793 0.02884504 0.7906088 0.02920154 0.7916981 0.02952237 0.7904009 0.03044221 0.7899184 0.03011816 0.7909627 0.03012139 0.7905803 0.03059723 0.7903808 0.02927821 0.7888374 0.02974287 0.7897146 0.02890707 0.7897603 0.03012361 0.7888271 0.03097763 0.789743 0.03087424 0.789782 0.03112647 0.789045 0.03121474 0.789012 0.03060561 0.7904167 0.0309769 0.789743 0.03126612 0.7888081 0.03011478 0.7910072 0.03177854 0.7687731 0.01644266 0.7910072 0.01823384 0.7655525 0.01725187 0.7657452 0.01721361 0.7658496 0.01883794 0.7654486 0.01802833 0.7655234 0.0276991 0.7654828 0.02826359 0.7654737 0.01822811 0.7654862 0.01725109 0.7657452 0.01653768 0.7661053 0.01654783 0.7661431 0.01824122 0.7657718 0.02833143 0.7661597 0.02834538 0.7658002 0.01724651 0.7661805 0.0182477 0.7661194 0.02832409 0.7668476 0.01824546 0.7665777 0.01648987 0.7666178 0.01596355 0.7665891 0.01729341 0.7669883 0.01592512 0.7670168 0.01560514 0.7676787 0.01657279 0.7671962 0.01591571 0.7665899 0.01546058 0.7671635 0.01688386 0.7687597 0.01725098 0.7678369 0.01635905 0.7678826 0.01824995 0.7687679 0.01598512 0.7687701 0.01638751 0.7888157 0.01721727 0.7888235 0.0182737 0.7674403 0.01504072 0.7678542 0.01491097 0.7685521 0.01514939 0.7678151 0.01481864 0.7685852 0.01503803 0.7678542 0.01476926 0.7687891 0.01478991 0.7693658 0.01511358 0.7687573 0.01540934 0.7671804 0.01549311 0.768768 0.01558614 0.7888138 0.01593169 0.7888101 0.01857466 0.7901215 0.01748545 0.7905546 0.01859612 0.7909717 0.01765513 0.7897639 0.01851383 0.788834 0.02796919 0.7901849 0.02797421 0.7888544 0.01681311 0.7897151 0.01668993 0.7903216 0.01601277 0.7897518 0.01770447 0.791852 0.01839397 0.7919857 0.01766452 0.7917486 0.01703423 0.7914919 0.01770411 0.791852 0.01842762 0.7920737 0.01862855 0.7921212 0.01919673 0.7921143 0.01859384 0.791797 0.01706986 0.791482 0.01768701 0.7914168 0.0168648 0.7910051 0.01859987 0.7914375 0.01648705 0.7910092 0.01699292 0.7907715 0.0279384 0.7918254 0.02793912 0.7914777 0.01536813 0.7888193 0.01525082 0.7882517 0.01534384 0.789012 0.01558089 0.789743 0.01568528 0.7897798 0.01530175 0.788824 0.01595214 0.7904167 0.01609441 0.7904119 0.0293185 0.7657889 0.02930762 0.7657452 0.02853063 0.7655234 0.02856524 0.7656115 0.02948884 0.7662814 0.02998169 0.7661152 0.03018857 0.7665921 0.03002093 0.7661053 0.02926539 0.7669911 0.02999132 0.7672008 0.03059422 0.766588 0.0306428 0.7665899 0.03060523 0.7671289 0.0302032 0.7678822 0.03109707 0.7671618 0.03170652 0.7687778 0.03151828 0.7678542 0.03140859 0.7678173 0.03174043 0.7685852 0.03127421 0.7882313 0.03180571 0.7693454 0.03126612 0.7888081 0.03177854 0.7687731 0.03152028 0.7678542 0.03114906 0.7671804 0.03147513 0.7687833 0.03094374 0.7888398 0.03105848 0.7678455 0.03110835 0.768787 0.03058662 0.7888292 0.03062448 0.7687815 0.02833868 0.7687369 0.02974242 0.7687737 0.02873628 0.7677825 0.02927821 0.7888374 0.03012361 0.7888271 0.02738715 0.7921271 0.02813441 0.7920352 0.02889159 0.7917476 0.02886881 0.7914168 0.02798305 0.7921084 0.02885375 0.791852 0.02954286 0.7914441 0.02795047 0.7910194 0.02958326 0.7909793 0.02884504 0.7906088 0.02920154 0.7916981 0.03011478 0.7910072 0.03011816 0.7909627 0.03044221 0.7899184 0.02952237 0.7904009 0.03012139 0.7905803 0.03059723 0.7903808 0.02890707 0.7897603 0.02974287 0.7897146 0.03097763 0.789743 0.03121474 0.789012 0.03112647 0.789045 0.03087424 0.789782 0.03060561 0.7904167 0.0309769 0.789743 0.01644266 0.7910072 0.01595178 0.7904167 0.01558045 0.789743</float_array>
          <technique_common>
            <accessor count="2918" source="#texcoords-array-array" stride="2">
              <param type="float" name="S" />
              <param type="float" name="T" />
            </accessor>
          </technique_common>
        </source>
        <vertices id="verts-array-vertices">
          <input semantic="POSITION" source="#verts-array" />
        </vertices>
        <triangles count="5128" material="material0">
          <input offset="0" semantic="VERTEX" source="#verts-array-vertices" />
          <input offset="1" semantic="NORMAL" source="#normals-array" />
          <input offset="2" semantic="TEXCOORD" source="#texcoords-array" />
          <p>0 0 0 1 1 1 2 2 2 1 1 1 0 0 0 3 3 3 1 1 1 3 3 3 4 4 4 1 1 1 5 5 5 2 2 2 6 6 6 7 7 7 8 8 8 6 6 6 9 9 9 10 10 10 6 6 6 10 10 10 11 11 11 11 11 11 10 10 10 12 12 12 11 11 11 13 13 13 14 14 14 11 11 11 15 15 15 6 6 6 3 3 3 16 16 16 17 17 17 3 3 3 0 0 0 18 18 18 3 3 3 6 6 6 8 8 8 3 3 3 8 8 8 16 16 16 9 9 9 3 3 3 18 18 18 9 9 9 6 6 6 3 3 3 19 19 19 20 20 20 21 21 21 19 19 19 22 22 22 23 23 23 19 19 19 24 24 24 25 25 25 22 22 22 26 26 26 27 27 27 22 22 22 19 19 19 25 25 25 22 22 22 25 25 25 28 28 28 22 22 22 28 28 28 26 26 26 23 23 23 22 22 22 29 29 29 23 23 23 30 30 30 19 19 19 25 25 25 31 31 31 28 28 28 32 32 32 33 33 33 34 34 34 32 32 32 35 35 35 36 36 36 33 33 33 32 32 32 37 37 37 33 33 33 38 38 38 39 39 39 34 34 34 40 40 40 41 41 41 34 34 34 33 33 33 39 39 39 34 34 34 39 39 39 40 40 40 37 37 37 42 42 42 33 33 33 43 43 43 44 44 44 45 45 45 43 43 43 46 46 46 47 47 47 46 46 46 45 45 45 48 48 48 46 46 46 43 43 43 45 45 45 46 46 46 48 48 48 49 49 49 46 46 46 49 49 49 50 50 50 47 47 47 46 46 46 51 51 51 47 47 47 52 52 52 43 43 43 45 45 45 53 53 53 48 48 48 54 54 54 55 55 55 56 56 56 55 55 55 57 57 57 58 58 58 55 55 55 59 59 59 56 56 56 55 55 55 54 54 54 60 60 60 60 60 60 61 61 61 62 62 62 60 60 60 63 63 63 55 55 55 60 60 60 64 64 64 65 65 65 64 64 64 66 66 66 67 67 67 64 64 64 60 60 60 54 54 54 65 65 65 68 68 68 61 61 61 65 65 65 69 69 69 70 70 70 69 69 69 65 65 65 64 64 64 69 69 69 71 71 71 70 70 70 70 70 70 72 72 72 68 68 68 71 71 71 73 73 73 74 74 74 71 71 71 69 69 69 75 75 75 75 75 75 76 76 76 77 77 77 63 63 63 60 60 60 62 62 62 62 62 62 78 78 78 79 79 79 62 62 62 80 80 80 63 63 63 61 61 61 81 81 81 78 78 78 61 61 61 60 60 60 65 65 65 68 68 68 82 82 82 81 81 81 68 68 68 65 65 65 70 70 70 72 72 72 70 70 70 71 71 71 80 80 80 83 83 83 84 84 84 80 80 80 85 85 85 86 86 86 80 80 80 62 62 62 79 79 79 80 80 80 57 57 57 63 63 63 79 79 79 87 87 87 83 83 83 78 78 78 88 88 88 87 87 87 78 78 78 62 62 62 61 61 61 81 81 81 61 61 61 68 68 68 81 81 81 89 89 89 88 88 88 82 82 82 68 68 68 72 72 72 83 83 83 80 80 80 79 79 79 87 87 87 79 79 79 78 78 78 88 88 88 78 78 78 81 81 81 89 89 89 81 81 81 82 82 82 15 15 15 11 11 11 90 90 90 15 15 15 7 7 7 6 6 6 7 7 7 91 91 91 92 92 92 7 7 7 93 93 93 94 94 94 8 8 8 94 94 94 95 95 95 91 91 91 90 90 90 96 96 96 91 91 91 97 97 97 92 92 92 91 91 91 7 7 7 15 15 15 92 92 92 93 93 93 7 7 7 92 92 92 98 98 98 93 93 93 99 99 99 97 97 97 91 91 91 99 99 99 96 96 96 100 100 100 99 99 99 101 101 101 97 97 97 97 97 97 98 98 98 92 92 92 97 97 97 102 102 102 98 98 98 103 103 103 100 100 100 104 104 104 103 103 103 101 101 101 99 99 99 103 103 103 105 105 105 101 101 101 101 101 101 102 102 102 97 97 97 94 94 94 8 8 8 7 7 7 94 94 94 106 106 106 74 74 74 95 95 95 74 74 74 73 73 73 93 93 93 106 106 106 94 94 94 93 93 93 107 107 107 106 106 106 98 98 98 107 107 107 93 93 93 98 98 98 108 108 108 107 107 107 102 102 102 101 101 101 109 109 109 102 102 102 110 110 110 108 108 108 102 102 102 108 108 108 98 98 98 74 74 74 95 95 95 94 94 94 74 74 74 72 72 72 71 71 71 73 73 73 71 71 71 75 75 75 106 106 106 72 72 72 74 74 74 106 106 106 82 82 82 72 72 72 107 107 107 89 89 89 82 82 82 107 107 107 82 82 82 106 106 106 108 108 108 89 89 89 107 107 107 108 108 108 111 111 111 89 89 89 35 35 35 32 32 32 34 34 34 35 35 35 34 34 34 41 41 41 35 35 35 41 41 41 112 112 112 41 41 41 113 113 113 114 114 114 41 41 41 114 114 114 115 115 115 40 40 40 116 116 116 113 113 113 40 40 40 39 39 39 116 116 116 113 113 113 41 41 41 40 40 40 113 113 113 117 117 117 118 118 118 114 114 114 113 113 113 118 118 118 114 114 114 118 118 118 119 119 119 118 118 118 83 83 83 87 87 87 118 118 118 117 117 117 83 83 83 117 117 117 116 116 116 120 120 120 117 117 117 85 85 85 84 84 84 117 117 117 120 120 120 85 85 85 117 117 117 84 84 84 83 83 83 121 121 121 36 36 36 35 35 35 121 121 121 112 112 112 109 109 109 121 121 121 35 35 35 112 112 112 121 121 121 122 122 122 123 123 123 112 112 112 41 41 41 115 115 115 112 112 112 115 115 115 110 110 110 115 115 115 114 114 114 119 119 119 115 115 115 119 119 119 111 111 111 119 119 119 87 87 87 88 88 88 119 119 119 118 118 118 87 87 87 105 105 105 109 109 109 101 101 101 105 105 105 104 104 104 122 122 122 105 105 105 121 121 121 109 109 109 109 109 109 110 110 110 102 102 102 109 109 109 112 112 112 110 110 110 110 110 110 115 115 115 111 111 111 110 110 110 111 111 111 108 108 108 111 111 111 88 88 88 89 89 89 111 111 111 119 119 119 88 88 88 90 90 90 14 14 14 124 124 124 90 90 90 91 91 91 15 15 15 14 14 14 90 90 90 11 11 11 14 14 14 125 125 125 126 126 126 124 124 124 126 126 126 127 127 127 124 124 124 96 96 96 90 90 90 126 126 126 124 124 124 14 14 14 126 126 126 128 128 128 129 129 129 127 127 127 129 129 129 130 130 130 127 127 127 131 131 131 124 124 124 129 129 129 127 127 127 126 126 126 129 129 129 132 132 132 133 133 133 130 130 130 133 133 133 134 134 134 130 130 130 135 135 135 127 127 127 133 133 133 136 136 136 137 137 137 133 133 133 138 138 138 134 134 134 133 133 133 130 130 130 129 129 129 134 134 134 139 139 139 130 130 130 96 96 96 124 124 124 131 131 131 96 96 96 99 99 99 91 91 91 131 131 131 127 127 127 135 135 135 131 131 131 100 100 100 96 96 96 135 135 135 130 130 130 139 139 139 135 135 135 140 140 140 131 131 131 139 139 139 141 141 141 142 142 142 139 139 139 134 134 134 143 143 143 139 139 139 144 144 144 135 135 135 143 143 143 138 138 138 145 145 145 100 100 100 103 103 103 99 99 99 100 100 100 131 131 131 140 140 140 140 140 140 104 104 104 100 100 100 140 140 140 135 135 135 144 144 144 144 144 144 146 146 146 140 140 140 144 144 144 139 139 139 142 142 142 144 144 144 147 147 147 148 148 148 142 142 142 149 149 149 147 147 147 141 141 141 139 139 139 143 143 143 104 104 104 105 105 105 103 103 103 104 104 104 140 140 140 146 146 146 146 146 146 144 144 144 148 148 148 146 146 146 150 150 150 122 122 122 147 147 147 144 144 144 142 142 142 149 149 149 151 151 151 152 152 152 149 149 149 142 142 142 141 141 141 153 153 153 154 154 154 155 155 155 153 153 153 155 155 155 156 156 156 155 155 155 157 157 157 158 158 158 156 156 156 158 158 158 159 159 159 156 156 156 160 160 160 161 161 161 158 158 158 162 162 162 163 163 163 158 158 158 156 156 156 155 155 155 159 159 159 164 164 164 156 156 156 159 159 159 163 163 163 165 165 165 163 163 163 159 159 159 158 158 158 163 163 163 166 166 166 167 167 167 163 163 163 162 162 162 166 166 166 165 165 165 167 167 167 168 168 168 165 165 165 169 169 169 159 159 159 165 165 165 163 163 163 167 167 167 161 161 161 160 160 160 170 170 170 160 160 160 156 156 156 164 164 164 160 160 160 137 137 137 170 170 170 170 170 170 171 171 171 172 172 172 164 164 164 159 159 159 169 169 169 164 164 164 138 138 138 160 160 160 164 164 164 173 173 173 145 145 145 169 169 169 165 165 165 174 174 174 169 169 169 151 151 151 173 173 173 174 174 174 165 165 165 168 168 168 137 137 137 175 175 175 170 170 170 137 137 137 160 160 160 138 138 138 138 138 138 164 164 164 145 145 145 138 138 138 133 133 133 137 137 137 138 138 138 143 143 143 134 134 134 145 145 145 141 141 141 143 143 143 173 173 173 149 149 149 141 141 141 173 173 173 164 164 164 169 169 169 173 173 173 141 141 141 145 145 145 151 151 151 149 149 149 173 173 173 151 151 151 169 169 169 174 174 174 151 151 151 174 174 174 176 176 176 177 177 177 178 178 178 32 32 32 177 177 177 32 32 32 36 36 36 178 178 178 179 179 179 37 37 37 178 178 178 37 37 37 32 32 32 36 36 36 121 121 121 123 123 123 180 180 180 177 177 177 36 36 36 180 180 180 150 150 150 181 181 181 180 180 180 36 36 36 123 123 123 150 150 150 146 146 146 148 148 148 150 150 150 123 123 123 122 122 122 150 150 150 180 180 180 123 123 123 122 122 122 121 121 121 105 105 105 122 122 122 104 104 104 146 146 146 182 182 182 183 183 183 176 176 176 182 182 182 178 178 178 177 177 177 182 182 182 184 184 184 178 178 178 184 184 184 179 179 179 178 178 178 184 184 184 185 185 185 179 179 179 183 183 183 177 177 177 180 180 180 183 183 183 181 181 181 152 152 152 183 183 183 182 182 182 177 177 177 181 181 181 183 183 183 180 180 180 181 181 181 150 150 150 148 148 148 181 181 181 148 148 148 147 147 147 168 168 168 167 167 167 184 184 184 168 168 168 184 184 184 182 182 182 168 168 168 176 176 176 174 174 174 167 167 167 185 185 185 184 184 184 167 167 167 166 166 166 185 185 185 176 176 176 168 168 168 182 182 182 176 176 176 152 152 152 151 151 151 152 152 152 181 181 181 147 147 147 152 152 152 147 147 147 149 149 149 152 152 152 176 176 176 183 183 183 58 58 58 186 186 186 59 59 59 186 186 186 58 58 58 187 187 187 186 186 186 188 188 188 189 189 189 59 59 59 55 55 55 58 58 58 187 187 187 190 190 190 191 191 191 187 187 187 57 57 57 192 192 192 187 187 187 193 193 193 186 186 186 57 57 57 187 187 187 58 58 58 57 57 57 55 55 55 63 63 63 57 57 57 80 80 80 86 86 86 192 192 192 86 86 86 194 194 194 192 192 192 195 195 195 190 190 190 86 86 86 192 192 192 57 57 57 86 86 86 196 196 196 194 194 194 194 194 194 197 197 197 195 195 195 196 196 196 120 120 120 198 198 198 196 196 196 86 86 86 85 85 85 85 85 85 80 80 80 84 84 84 193 193 193 187 187 187 191 191 191 191 191 191 199 199 199 200 200 200 191 191 191 201 201 201 193 193 193 190 190 190 199 199 199 191 191 191 190 190 190 187 187 187 192 192 192 190 190 190 202 202 202 199 199 199 195 195 195 192 192 192 194 194 194 195 195 195 202 202 202 190 190 190 195 195 195 203 203 203 202 202 202 197 197 197 194 194 194 196 196 196 197 197 197 203 203 203 195 195 195 201 201 201 204 204 204 205 205 205 201 201 201 191 191 191 200 200 200 201 201 201 206 206 206 207 207 207 200 200 200 208 208 208 206 206 206 199 199 199 209 209 209 208 208 208 199 199 199 208 208 208 200 200 200 202 202 202 210 210 210 209 209 209 202 202 202 209 209 209 199 199 199 203 203 203 210 210 210 202 202 202 206 206 206 201 201 201 200 200 200 42 42 42 37 37 37 211 211 211 42 42 42 38 38 38 33 33 33 38 38 38 212 212 212 213 213 213 38 38 38 214 214 214 215 215 215 39 39 39 213 213 213 116 116 116 214 214 214 216 216 216 215 215 215 214 214 214 211 211 211 217 217 217 214 214 214 38 38 38 42 42 42 215 215 215 212 212 212 38 38 38 215 215 215 218 218 218 212 212 212 219 219 219 217 217 217 220 220 220 219 219 219 216 216 216 214 214 214 219 219 219 221 221 221 216 216 216 216 216 216 218 218 218 215 215 215 216 216 216 222 222 222 218 218 218 223 223 223 221 221 221 219 219 219 223 223 223 224 224 224 221 221 221 223 223 223 220 220 220 225 225 225 223 223 223 225 225 225 226 226 226 221 221 221 222 222 222 216 216 216 213 213 213 39 39 39 38 38 38 213 213 213 227 227 227 198 198 198 116 116 116 198 198 198 120 120 120 116 116 116 117 117 117 113 113 113 212 212 212 228 228 228 227 227 227 212 212 212 227 227 227 213 213 213 218 218 218 229 229 229 228 228 228 218 218 218 228 228 228 212 212 212 222 222 222 221 221 221 230 230 230 222 222 222 231 231 231 229 229 229 222 222 222 229 229 229 218 218 218 198 198 198 116 116 116 213 213 213 198 198 198 197 197 197 196 196 196 120 120 120 196 196 196 85 85 85 227 227 227 197 197 197 198 198 198 227 227 227 203 203 203 197 197 197 228 228 228 203 203 203 227 227 227 228 228 228 210 210 210 203 203 203 229 229 229 232 232 232 210 210 210 229 229 229 210 210 210 228 228 228 51 51 51 50 50 50 233 233 233 51 51 51 234 234 234 47 47 47 51 51 51 46 46 46 50 50 50 50 50 50 235 235 235 236 236 236 50 50 50 236 236 236 237 237 237 49 49 49 238 238 238 235 235 235 49 49 49 48 48 48 238 238 238 235 235 235 239 239 239 240 240 240 235 235 235 238 238 238 239 239 239 235 235 235 50 50 50 49 49 49 235 235 235 240 240 240 241 241 241 236 236 236 235 235 235 241 241 241 236 236 236 241 241 241 242 242 242 241 241 241 240 240 240 206 206 206 241 241 241 206 206 206 208 208 208 240 240 240 204 204 204 207 207 207 240 240 240 239 239 239 204 204 204 240 240 240 207 207 207 206 206 206 243 243 243 244 244 244 234 234 234 243 243 243 233 233 233 230 230 230 243 243 243 51 51 51 233 233 233 233 233 233 50 50 50 237 237 237 233 233 233 237 237 237 231 231 231 237 237 237 236 236 236 242 242 242 237 237 237 242 242 242 232 232 232 242 242 242 241 241 241 208 208 208 242 242 242 208 208 208 209 209 209 224 224 224 226 226 226 244 244 244 224 224 224 230 230 230 221 221 221 224 224 224 243 243 243 230 230 230 230 230 230 231 231 231 222 222 222 230 230 230 233 233 233 231 231 231 231 231 231 237 237 237 232 232 232 231 231 231 232 232 232 229 229 229 232 232 232 242 242 242 209 209 209 232 232 232 209 209 209 210 210 210 245 245 245 246 246 246 247 247 247 245 245 245 247 247 247 248 248 248 245 245 245 248 248 248 249 249 249 245 245 245 249 249 249 250 250 250 249 249 249 251 251 251 250 250 250 250 250 250 252 252 252 253 253 253 250 250 250 254 254 254 255 255 255 251 251 251 249 249 249 256 256 256 251 251 251 257 257 257 254 254 254 256 256 256 258 258 258 251 251 251 256 256 256 248 248 248 259 259 259 258 258 258 256 256 256 260 260 260 260 260 260 261 261 261 262 262 262 260 260 260 262 262 262 263 263 263 260 260 260 264 264 264 258 258 258 253 253 253 252 252 252 154 154 154 252 252 252 250 250 250 255 255 255 252 252 252 265 265 265 266 266 266 154 154 154 153 153 153 267 267 267 154 154 154 266 266 266 157 157 157 255 255 255 268 268 268 265 265 265 254 254 254 250 250 250 251 251 251 254 254 254 269 269 269 268 268 268 257 257 257 251 251 251 258 258 258 257 257 257 264 264 264 270 270 270 257 257 257 258 258 258 264 264 264 266 266 266 154 154 154 252 252 252 266 266 266 271 271 271 272 272 272 157 157 157 155 155 155 154 154 154 157 157 157 272 272 272 162 162 162 265 265 265 273 273 273 271 271 271 265 265 265 252 252 252 255 255 255 268 268 268 274 274 274 273 273 273 268 268 268 255 255 255 254 254 254 269 269 269 254 254 254 257 257 257 269 269 269 257 257 257 270 270 270 269 269 269 270 270 270 275 275 275 272 272 272 157 157 157 266 266 266 162 162 162 276 276 276 166 166 166 162 162 162 158 158 158 157 157 157 271 271 271 276 276 276 272 272 272 271 271 271 266 266 266 265 265 265 273 273 273 277 277 277 271 271 271 273 273 273 265 265 265 268 268 268 274 274 274 278 278 278 273 273 273 274 274 274 269 269 269 275 275 275 274 274 274 268 268 268 269 269 269 279 279 279 234 234 234 280 280 280 234 234 234 279 279 279 47 47 47 234 234 234 51 51 51 243 243 243 280 280 280 244 244 244 281 281 281 280 280 280 282 282 282 279 279 279 244 244 244 280 280 280 234 234 234 244 244 244 243 243 243 224 224 224 281 281 281 226 226 226 283 283 283 281 281 281 284 284 284 280 280 280 226 226 226 281 281 281 244 244 244 226 226 226 224 224 224 223 223 223 283 283 283 225 225 225 285 285 285 283 283 283 285 285 285 286 286 286 225 225 225 283 283 283 226 226 226 225 225 225 287 287 287 285 285 285 282 282 282 288 288 288 52 52 52 282 282 282 52 52 52 279 279 279 282 282 282 280 280 280 284 284 284 284 284 284 263 263 263 282 282 282 284 284 284 281 281 281 289 289 289 289 289 289 290 290 290 275 275 275 290 290 290 281 281 281 283 283 283 290 290 290 289 289 289 281 281 281 290 290 290 286 286 286 291 291 291 286 286 286 290 290 290 283 283 283 286 286 286 287 287 287 292 292 292 263 263 263 284 284 284 264 264 264 263 263 263 288 288 288 282 282 282 263 263 263 262 262 262 288 288 288 264 264 264 260 260 260 263 263 263 270 270 270 284 284 284 289 289 289 270 270 270 264 264 264 284 284 284 275 275 275 291 291 291 274 274 274 275 275 275 270 270 270 289 289 289 291 291 291 275 275 275 290 290 290 291 291 291 292 292 292 278 278 278 179 179 179 211 211 211 37 37 37 211 211 211 214 214 214 42 42 42 211 211 211 179 179 179 293 293 293 293 293 293 217 217 217 211 211 211 293 293 293 185 185 185 294 294 294 185 185 185 293 293 293 179 179 179 294 294 294 277 277 277 295 295 295 294 294 294 166 166 166 276 276 276 294 294 294 296 296 296 293 293 293 166 166 166 294 294 294 185 185 185 276 276 276 162 162 162 272 272 272 276 276 276 271 271 271 277 277 277 217 217 217 219 219 219 214 214 214 217 217 217 293 293 293 296 296 296 296 296 296 294 294 294 295 295 295 296 296 296 220 220 220 217 217 217 296 296 296 292 292 292 287 287 287 295 295 295 278 278 278 292 292 292 277 277 277 273 273 273 278 278 278 277 277 277 294 294 294 276 276 276 220 220 220 223 223 223 219 219 219 220 220 220 296 296 296 287 287 287 287 287 287 225 225 225 220 220 220 287 287 287 286 286 286 285 285 285 292 292 292 296 296 296 295 295 295 292 292 292 291 291 291 286 286 286 278 278 278 274 274 274 291 291 291 278 278 278 295 295 295 277 277 277 66 66 66 56 56 56 297 297 297 66 66 66 64 64 64 54 54 54 66 66 66 54 54 54 56 56 56 66 66 66 298 298 298 299 299 299 298 298 298 66 66 66 297 297 297 299 299 299 67 67 67 66 66 66 299 299 299 300 300 300 301 301 301 297 297 297 302 302 302 303 303 303 297 297 297 56 56 56 59 59 59 297 297 297 59 59 59 302 302 302 300 300 300 299 299 299 298 298 298 300 300 300 303 303 303 304 304 304 300 300 300 304 304 304 305 305 305 301 301 301 306 306 306 307 307 307 306 306 306 301 301 301 300 300 300 306 306 306 305 305 305 308 308 308 307 307 307 309 309 309 310 310 310 309 309 309 311 311 311 312 312 312 309 309 309 307 307 307 306 306 306 309 309 309 306 306 306 313 313 313 67 67 67 299 299 299 314 314 314 314 314 314 76 76 76 67 67 67 315 315 315 316 316 316 317 317 317 315 315 315 299 299 299 301 301 301 315 315 315 314 314 314 299 299 299 316 316 316 301 301 301 307 307 307 316 316 316 315 315 315 301 301 301 316 316 316 310 310 310 318 318 318 310 310 310 316 316 316 307 307 307 76 76 76 64 64 64 67 67 67 76 76 76 314 314 314 319 319 319 76 76 76 75 75 75 69 69 69 76 76 76 69 69 69 64 64 64 320 320 320 314 314 314 315 315 315 320 320 320 319 319 319 314 314 314 317 317 317 320 320 320 315 315 315 317 317 317 318 318 318 321 321 321 318 318 318 317 317 317 316 316 316 322 322 322 76 76 76 319 319 319 322 322 322 77 77 77 76 76 76 323 323 323 322 322 322 319 319 319 323 323 323 319 319 319 320 320 320 324 324 324 323 323 323 320 320 320 324 324 324 320 320 320 317 317 317 321 321 321 324 324 324 317 317 317 24 24 24 31 31 31 25 25 25 24 24 24 19 19 19 21 21 21 31 31 31 325 325 325 326 326 326 31 31 31 327 327 327 328 328 328 28 28 28 329 329 329 26 26 26 28 28 28 326 326 326 330 330 330 327 327 327 21 21 21 331 331 331 327 327 327 331 331 331 332 332 332 327 327 327 31 31 31 24 24 24 327 327 327 333 333 333 328 328 328 328 328 328 334 334 334 325 325 325 328 328 328 325 325 325 31 31 31 335 335 335 332 332 332 336 336 336 335 335 335 333 333 333 327 327 327 335 335 335 337 337 337 333 333 333 333 333 333 338 338 338 334 334 334 333 333 333 334 334 334 328 328 328 339 339 339 336 336 336 340 340 340 339 339 339 341 341 341 337 337 337 339 339 339 337 337 337 335 335 335 337 337 337 338 338 338 333 333 333 326 326 326 342 342 342 312 312 312 326 326 326 28 28 28 31 31 31 330 330 330 312 312 312 311 311 311 325 325 325 343 343 343 342 342 342 325 325 325 342 342 342 326 326 326 334 334 334 343 343 343 325 325 325 334 334 334 344 344 344 343 343 343 338 338 338 344 344 344 334 334 334 338 338 338 345 345 345 344 344 344 338 338 338 337 337 337 346 346 346 312 312 312 310 310 310 309 309 309 312 312 312 330 330 330 326 326 326 311 311 311 308 308 308 347 347 347 311 311 311 309 309 309 313 313 313 342 342 342 310 310 310 312 312 312 342 342 342 318 318 318 310 310 310 343 343 343 321 321 321 318 318 318 343 343 343 318 318 318 342 342 342 344 344 344 321 321 321 343 343 343 344 344 344 348 348 348 321 321 321 4 4 4 3 3 3 17 17 17 4 4 4 17 17 17 349 349 349 4 4 4 350 350 350 1 1 1 17 17 17 351 351 351 352 352 352 17 17 17 352 352 352 353 353 353 16 16 16 8 8 8 95 95 95 16 16 16 95 95 95 351 351 351 351 351 351 95 95 95 73 73 73 351 351 351 73 73 73 354 354 354 351 351 351 17 17 17 16 16 16 351 351 351 354 354 354 355 355 355 352 352 352 351 351 351 355 355 355 352 352 352 355 355 355 356 356 356 355 355 355 322 322 322 323 323 323 355 355 355 354 354 354 322 322 322 354 354 354 73 73 73 75 75 75 354 354 354 75 75 75 77 77 77 354 354 354 77 77 77 322 322 322 357 357 357 358 358 358 350 350 350 357 357 357 349 349 349 346 346 346 357 357 357 4 4 4 349 349 349 349 349 349 17 17 17 353 353 353 349 349 349 353 353 353 345 345 345 353 353 353 356 356 356 348 348 348 353 353 353 352 352 352 356 356 356 356 356 356 323 323 323 324 324 324 356 356 356 355 355 355 323 323 323 341 341 341 340 340 340 358 358 358 341 341 341 357 357 357 346 346 346 341 341 341 346 346 346 337 337 337 346 346 346 349 349 349 345 345 345 346 346 346 345 345 345 338 338 338 345 345 345 353 353 353 348 348 348 345 345 345 348 348 348 344 344 344 348 348 348 356 356 356 324 324 324 348 348 348 324 324 324 321 321 321 359 359 359 360 360 360 361 361 361 360 360 360 362 362 362 363 363 363 361 361 361 364 364 364 365 365 365 361 361 361 366 366 366 367 367 367 364 364 364 363 363 363 368 368 368 364 364 364 361 361 361 360 360 360 365 365 365 369 369 369 370 370 370 365 365 365 371 371 371 369 369 369 365 365 365 372 372 372 361 361 361 371 371 371 373 373 373 369 369 369 371 371 371 365 365 365 364 364 364 371 371 371 368 368 368 374 374 374 369 369 369 375 375 375 370 370 370 367 367 367 366 366 366 376 376 376 366 366 366 361 361 361 372 372 372 366 366 366 377 377 377 376 376 376 376 376 376 378 378 378 379 379 379 372 372 372 365 365 365 380 380 380 372 372 372 381 381 381 366 366 366 372 372 372 380 380 380 382 382 382 380 380 380 365 365 365 370 370 370 380 380 380 370 370 370 383 383 383 377 377 377 366 366 366 381 381 381 377 377 377 384 384 384 378 378 378 381 381 381 385 385 385 377 377 377 381 381 381 372 372 372 386 386 386 386 386 386 382 382 382 387 387 387 386 386 386 388 388 388 381 381 381 386 386 386 372 372 372 382 382 382 382 382 382 380 380 380 383 383 383 382 382 382 383 383 383 389 389 389 383 383 383 370 370 370 375 375 375 383 383 383 375 375 375 390 390 390 385 385 385 381 381 381 388 388 388 385 385 385 391 391 391 384 384 384 388 388 388 386 386 386 392 392 392 388 388 388 393 393 393 385 385 385 392 392 392 394 394 394 388 388 388 387 387 387 395 395 395 392 392 392 387 387 387 382 382 382 389 389 389 387 387 387 392 392 392 386 386 386 389 389 389 383 383 383 390 390 390 389 389 389 396 396 396 387 387 387 397 397 397 398 398 398 5 5 5 397 397 397 350 350 350 399 399 399 350 350 350 397 397 397 1 1 1 350 350 350 4 4 4 357 357 357 399 399 399 358 358 358 400 400 400 399 399 399 401 401 401 397 397 397 358 358 358 357 357 357 341 341 341 358 358 358 399 399 399 350 350 350 400 400 400 402 402 402 399 399 399 400 400 400 340 340 340 403 403 403 340 340 340 400 400 400 358 358 358 340 340 340 341 341 341 339 339 339 403 403 403 404 404 404 400 400 400 403 403 403 336 336 336 405 405 405 336 336 336 403 403 403 340 340 340 336 336 336 339 339 339 335 335 335 405 405 405 332 332 332 406 406 406 405 405 405 407 407 407 403 403 403 401 401 401 408 408 408 398 398 398 401 401 401 399 399 399 402 402 402 402 402 402 409 409 409 401 401 401 402 402 402 400 400 400 404 404 404 404 404 404 403 403 403 407 407 407 404 404 404 373 373 373 402 402 402 407 407 407 375 375 375 404 404 404 407 407 407 405 405 405 410 410 410 407 407 407 410 410 410 411 411 411 410 410 410 406 406 406 412 412 412 409 409 409 402 402 402 373 373 373 409 409 409 374 374 374 408 408 408 373 373 373 404 404 404 375 375 375 373 373 373 371 371 371 409 409 409 375 375 375 407 407 407 390 390 390 375 375 375 369 369 369 373 373 373 390 390 390 411 411 411 389 389 389 390 390 390 407 407 407 411 411 411 411 411 411 412 412 412 396 396 396 20 20 20 19 19 19 30 30 30 20 20 20 413 413 413 414 414 414 30 30 30 23 23 23 415 415 415 30 30 30 416 416 416 20 20 20 21 21 21 327 327 327 24 24 24 21 21 21 414 414 414 331 331 331 416 416 416 395 395 395 413 413 413 416 416 416 30 30 30 417 417 417 417 417 417 415 415 415 418 418 418 417 417 417 394 394 394 416 416 416 394 394 394 417 417 417 393 393 393 394 394 394 392 392 392 395 395 395 393 393 393 388 388 388 394 394 394 393 393 393 418 418 418 391 391 391 414 414 414 21 21 21 20 20 20 414 414 414 412 412 412 406 406 406 331 331 331 406 406 406 332 332 332 413 413 413 20 20 20 416 416 416 413 413 413 396 396 396 412 412 412 395 395 395 387 387 387 396 396 396 395 395 395 416 416 416 394 394 394 406 406 406 331 331 331 414 414 414 406 406 406 410 410 410 405 405 405 332 332 332 405 405 405 336 336 336 332 332 332 335 335 335 327 327 327 412 412 412 414 414 414 413 413 413 412 412 412 411 411 411 410 410 410 396 396 396 413 413 413 395 395 395 396 396 396 389 389 389 411 411 411 303 303 303 298 298 298 297 297 297 303 303 303 189 189 189 419 419 419 303 303 303 300 300 300 298 298 298 189 189 189 303 303 303 302 302 302 419 419 419 188 188 188 420 420 420 419 419 419 304 304 304 303 303 303 419 419 419 420 420 420 421 421 421 302 302 302 59 59 59 186 186 186 302 302 302 186 186 186 189 189 189 188 188 188 419 419 419 189 189 189 188 188 188 193 193 193 201 201 201 188 188 188 186 186 186 193 193 193 188 188 188 201 201 201 205 205 205 420 420 420 205 205 205 422 422 422 420 420 420 422 422 422 423 423 423 205 205 205 420 420 420 188 188 188 205 205 205 204 204 204 424 424 424 422 422 422 205 205 205 424 424 424 422 422 422 424 424 424 425 425 425 424 424 424 239 239 239 426 426 426 204 204 204 201 201 201 207 207 207 304 304 304 419 419 419 427 427 427 427 427 427 305 305 305 304 304 304 427 427 427 419 419 419 421 421 421 427 427 427 421 421 421 428 428 428 421 421 421 420 420 420 423 423 423 421 421 421 423 423 423 429 429 429 423 423 423 425 425 425 430 430 430 423 423 423 422 422 422 425 425 425 305 305 305 427 427 427 431 431 431 305 305 305 431 431 431 432 432 432 305 305 305 306 306 306 300 300 300 431 431 431 428 428 428 433 433 433 431 431 431 427 427 427 428 428 428 428 428 428 429 429 429 434 434 434 428 428 428 421 421 421 429 429 429 429 429 429 430 430 430 435 435 435 429 429 429 423 423 423 430 430 430 308 308 308 311 311 311 313 313 313 308 308 308 305 305 305 432 432 432 308 308 308 313 313 313 306 306 306 432 432 432 431 431 431 433 433 433 433 433 433 428 428 428 434 434 434 434 434 434 429 429 429 435 435 435 44 44 44 53 53 53 45 45 45 44 44 44 43 43 43 436 436 436 53 53 53 437 437 437 438 438 438 53 53 53 439 439 439 440 440 440 48 48 48 440 440 440 238 238 238 437 437 437 53 53 53 44 44 44 437 437 437 441 441 441 438 438 438 437 437 437 436 436 436 442 442 442 438 438 438 439 439 439 53 53 53 438 438 438 443 443 443 439 439 439 444 444 444 441 441 441 437 437 437 444 444 444 445 445 445 441 441 441 444 444 444 442 442 442 446 446 446 441 441 441 443 443 443 438 438 438 441 441 441 447 447 447 443 443 443 448 448 448 445 445 445 444 444 444 448 448 448 449 449 449 445 445 445 448 448 448 446 446 446 450 450 450 448 448 448 450 450 450 451 451 451 445 445 445 447 447 447 441 441 441 440 440 440 452 452 452 426 426 426 440 440 440 48 48 48 53 53 53 238 238 238 426 426 426 239 239 239 439 439 439 452 452 452 440 440 440 439 439 439 453 453 453 452 452 452 443 443 443 453 453 453 439 439 439 443 443 443 454 454 454 453 453 453 447 447 447 454 454 454 443 443 443 447 447 447 455 455 455 454 454 454 447 447 447 445 445 445 456 456 456 426 426 426 425 425 425 424 424 424 426 426 426 238 238 238 440 440 440 239 239 239 424 424 424 204 204 204 452 452 452 430 430 430 425 425 425 452 452 452 425 425 425 426 426 426 453 453 453 435 435 435 430 430 430 453 453 453 430 430 430 452 452 452 454 454 454 435 435 435 453 453 453 454 454 454 457 457 457 435 435 435 29 29 29 458 458 458 23 23 23 29 29 29 22 22 22 27 27 27 29 29 29 27 27 27 459 459 459 27 27 27 329 329 329 460 460 460 27 27 27 460 460 460 461 461 461 329 329 329 27 27 27 26 26 26 329 329 329 330 330 330 311 311 311 329 329 329 311 311 311 347 347 347 329 329 329 347 347 347 462 462 462 329 329 329 28 28 28 330 330 330 460 460 460 329 329 329 462 462 462 460 460 460 462 462 462 463 463 463 462 462 462 347 347 347 432 432 432 462 462 462 432 432 432 433 433 433 347 347 347 308 308 308 432 432 432 464 464 464 465 465 465 458 458 458 464 464 464 459 459 459 456 456 456 464 464 464 29 29 29 459 459 459 459 459 459 461 461 461 455 455 455 459 459 459 27 27 27 461 461 461 461 461 461 463 463 463 457 457 457 461 461 461 460 460 460 463 463 463 463 463 463 433 433 433 434 434 434 463 463 463 462 462 462 433 433 433 449 449 449 456 456 456 445 445 445 449 449 449 464 464 464 456 456 456 449 449 449 451 451 451 465 465 465 456 456 456 459 459 459 455 455 455 456 456 456 455 455 455 447 447 447 455 455 455 461 461 461 457 457 457 455 455 455 457 457 457 454 454 454 457 457 457 463 463 463 434 434 434 457 457 457 434 434 434 435 435 435 466 466 466 379 379 379 467 467 467 379 379 379 468 468 468 376 376 376 467 467 467 469 469 469 470 470 470 471 471 471 467 467 467 379 379 379 471 471 471 379 379 379 378 378 378 471 471 471 472 472 472 473 473 473 378 378 378 376 376 376 377 377 377 472 472 472 471 471 471 378 378 378 472 472 472 378 378 378 384 384 384 384 384 384 474 474 474 472 472 472 384 384 384 377 377 377 385 385 385 470 470 470 469 469 469 248 248 248 469 469 469 467 467 467 475 475 475 248 248 248 256 256 256 249 249 249 475 475 475 476 476 476 477 477 477 476 476 476 473 473 473 478 478 478 476 476 476 475 475 475 467 467 467 476 476 476 467 467 467 471 471 471 476 476 476 471 471 471 473 473 473 473 473 473 472 472 472 474 474 474 473 473 473 474 474 474 479 479 479 480 480 480 259 259 259 248 248 248 480 480 480 248 248 248 469 469 469 481 481 481 477 477 477 482 482 482 481 481 481 469 469 469 475 475 475 481 481 481 480 480 480 469 469 469 477 477 477 478 478 478 483 483 483 477 477 477 481 481 481 475 475 475 478 478 478 477 477 477 476 476 476 478 478 478 473 473 473 479 479 479 478 478 478 479 479 479 484 484 484 485 485 485 261 261 261 259 259 259 485 485 485 259 259 259 480 480 480 261 261 261 486 486 486 262 262 262 261 261 261 256 256 256 259 259 259 261 261 261 260 260 260 256 256 256 487 487 487 480 480 480 481 481 481 487 487 487 486 486 486 485 485 485 487 487 487 485 485 485 480 480 480 482 482 482 488 488 488 487 487 487 482 482 482 487 487 487 481 481 481 483 483 483 478 478 478 484 484 484 483 483 483 489 489 489 482 482 482 483 483 483 482 482 482 477 477 477 415 415 415 417 417 417 30 30 30 415 415 415 458 458 458 490 490 490 458 458 458 29 29 29 464 464 464 458 458 458 415 415 415 23 23 23 490 490 490 418 418 418 415 415 415 490 490 490 465 465 465 491 491 491 465 465 465 464 464 464 449 449 449 465 465 465 490 490 490 458 458 458 491 491 491 492 492 492 490 490 490 491 491 491 451 451 451 493 493 493 451 451 451 491 491 491 465 465 465 451 451 451 449 449 449 448 448 448 493 493 493 494 494 494 495 495 495 493 493 493 450 450 450 494 494 494 450 450 450 496 496 496 494 494 494 450 450 450 493 493 493 451 451 451 418 418 418 490 490 490 492 492 492 418 418 418 393 393 393 417 417 417 492 492 492 391 391 391 418 418 418 492 492 492 491 491 491 497 497 497 497 497 497 498 498 498 484 484 484 498 498 498 497 497 497 491 491 491 498 498 498 491 491 491 493 493 493 498 498 498 495 495 495 499 499 499 495 495 495 498 498 498 493 493 493 495 495 495 496 496 496 500 500 500 391 391 391 385 385 385 393 393 393 391 391 391 492 492 492 474 474 474 474 474 474 384 384 384 391 391 391 479 479 479 474 474 474 492 492 492 479 479 479 492 492 492 497 497 497 484 484 484 499 499 499 483 483 483 484 484 484 479 479 479 497 497 497 499 499 499 484 484 484 498 498 498 499 499 499 500 500 500 489 489 489 52 52 52 47 47 47 279 279 279 52 52 52 436 436 436 43 43 43 436 436 436 52 52 52 501 501 501 436 436 436 437 437 437 44 44 44 501 501 501 288 288 288 502 502 502 501 501 501 442 442 442 436 436 436 288 288 288 501 501 501 52 52 52 502 502 502 488 488 488 503 503 503 502 502 502 504 504 504 501 501 501 502 502 502 262 262 262 486 486 486 262 262 262 502 502 502 288 288 288 486 486 486 487 487 487 488 488 488 486 486 486 261 261 261 485 485 485 442 442 442 501 501 501 504 504 504 442 442 442 444 444 444 437 437 437 504 504 504 500 500 500 496 496 496 504 504 504 446 446 446 442 442 442 504 504 504 502 502 502 503 503 503 503 503 503 489 489 489 500 500 500 488 488 488 482 482 482 489 489 489 488 488 488 502 502 502 486 486 486 446 446 446 504 504 504 496 496 496 446 446 446 448 448 448 444 444 444 496 496 496 495 495 495 494 494 494 496 496 496 450 450 450 446 446 446 500 500 500 499 499 499 495 495 495 500 500 500 504 504 504 503 503 503 489 489 489 503 503 503 488 488 488 489 489 489 483 483 483 499 499 499 505 505 505 506 506 506 507 507 507 505 505 505 508 508 508 506 506 506 508 508 508 505 505 505 509 509 509 508 508 508 510 510 510 506 506 506 508 508 508 509 509 509 511 511 511 510 510 510 508 508 508 512 512 512 267 267 267 513 513 513 514 514 514 513 513 513 153 153 153 515 515 515 513 513 513 267 267 267 153 153 153 514 514 514 513 513 513 516 516 516 247 247 247 246 246 246 517 517 517 468 468 468 518 518 518 519 519 519 468 468 468 379 379 379 466 466 466 520 520 520 521 521 521 522 522 522 520 520 520 522 522 522 523 523 523 522 522 522 524 524 524 523 523 523 362 362 362 359 359 359 519 519 519 362 362 362 360 360 360 359 359 359 363 363 363 364 364 364 360 360 360 368 368 368 371 371 371 364 364 364 374 374 374 409 409 409 371 371 371 408 408 408 401 401 401 409 409 409 398 398 398 397 397 397 401 401 401 5 5 5 1 1 1 397 397 397 525 525 525 526 526 526 527 527 527 525 525 525 528 528 528 526 526 526 525 525 525 529 529 529 528 528 528 525 525 525 530 530 530 529 529 529 530 530 530 525 525 525 531 531 531 531 531 531 532 532 532 533 533 533 531 531 531 534 534 534 530 530 530 531 531 531 525 525 525 532 532 532 532 532 532 535 535 535 533 533 533 532 532 532 536 536 536 535 535 535 532 532 532 527 527 527 536 536 536 537 537 537 538 538 538 539 539 539 537 537 537 540 540 540 541 541 541 537 537 537 541 541 541 542 542 542 540 540 540 543 543 543 541 541 541 542 542 542 544 544 544 537 537 537 545 545 545 529 529 529 546 546 546 545 545 545 547 547 547 548 548 548 545 545 545 528 528 528 529 529 529 545 545 545 549 549 549 528 528 528 549 549 549 545 545 545 550 550 550 549 549 549 526 526 526 528 528 528 549 549 549 550 550 550 551 551 551 550 550 550 552 552 552 553 553 553 551 551 551 554 554 554 549 549 549 551 551 551 555 555 555 556 556 556 551 551 551 557 557 557 555 555 555 551 551 551 553 553 553 557 557 557 558 558 558 559 559 559 560 560 560 558 558 558 561 561 561 562 562 562 558 558 558 563 563 563 561 561 561 563 563 563 564 564 564 561 561 561 565 565 565 566 566 566 567 567 567 566 566 566 565 565 565 568 568 568 566 566 566 569 569 569 570 570 570 567 567 567 571 571 571 565 565 565 568 568 568 572 572 572 548 548 548 568 568 568 573 573 573 566 566 566 568 568 568 548 548 548 547 547 547 574 574 574 575 575 575 576 576 576 575 575 575 574 574 574 577 577 577 577 577 577 574 574 574 578 578 578 579 579 579 580 580 580 581 581 581 579 579 579 582 582 582 583 583 583 580 580 580 579 579 579 583 583 583 581 581 581 580 580 580 584 584 584 582 582 582 579 579 579 585 585 585 585 585 585 586 586 586 582 582 582 587 587 587 588 588 588 589 589 589 588 588 588 590 590 590 591 591 591 588 588 588 592 592 592 593 593 593 589 589 589 588 588 588 591 591 591 589 589 589 591 591 591 594 594 594 591 591 591 595 595 595 596 596 596 592 592 592 588 588 588 587 587 587 559 559 559 558 558 558 562 562 562 597 597 597 598 598 598 599 599 599 598 598 598 597 597 597 600 600 600 599 599 599 601 601 601 597 597 597 571 571 571 567 567 567 602 602 602 602 602 602 603 603 603 571 571 571 604 604 604 544 544 544 542 542 542 544 544 544 605 605 605 538 538 538 544 544 544 604 604 604 606 606 606 607 607 607 608 608 608 609 609 609 608 608 608 607 607 607 610 610 610 609 609 609 611 611 611 607 607 607 610 610 610 612 612 612 608 608 608 547 547 547 573 573 573 568 568 568 547 547 547 545 545 545 546 546 546 546 546 546 613 613 613 604 604 604 611 611 611 614 614 614 615 615 615 611 611 611 609 609 609 614 614 614 613 613 613 546 546 546 529 529 529 613 613 613 606 606 606 604 604 604 613 613 613 616 616 616 606 606 606 569 569 569 566 566 566 573 573 573 538 538 538 617 617 617 618 618 618 538 538 538 537 537 537 544 544 544 539 539 539 538 538 538 618 618 618 564 564 564 563 563 563 619 619 619 619 619 619 620 620 620 564 564 564 620 620 620 619 619 619 621 621 621 620 620 620 621 621 621 622 622 622 623 623 623 570 570 570 569 569 569 623 623 623 620 620 620 622 622 622 622 622 622 570 570 570 623 623 623 584 584 584 624 624 624 581 581 581 624 624 624 584 584 584 625 625 625 625 625 625 626 626 626 624 624 624 626 626 626 625 625 625 627 627 627 627 627 627 578 578 578 626 626 626 578 578 578 627 627 627 577 577 577 586 586 586 585 585 585 628 628 628 628 628 628 629 629 629 586 586 586 629 629 629 628 628 628 630 630 630 630 630 630 631 631 631 629 629 629 631 631 631 630 630 630 601 601 601 601 601 601 599 599 599 631 631 631 543 543 543 540 540 540 632 632 632 632 632 632 633 633 633 543 543 543 633 633 633 632 632 632 634 634 634 633 633 633 635 635 635 636 636 636 634 634 634 635 635 635 633 633 633 635 635 635 560 560 560 636 636 636 636 636 636 560 560 560 559 559 559 603 603 603 602 602 602 637 637 637 637 637 637 638 638 638 603 603 603 615 615 615 639 639 639 611 611 611 639 639 639 615 615 615 640 640 640 638 638 638 637 637 637 612 612 612 612 612 612 610 610 610 638 638 638 618 618 618 641 641 641 642 642 642 618 618 618 643 643 643 539 539 539 643 643 643 618 618 618 642 642 642 642 642 642 640 640 640 643 643 643 640 640 640 642 642 642 639 639 639 644 644 644 591 591 591 590 590 590 595 595 595 591 591 591 644 644 644 595 595 595 644 644 644 645 645 645 646 646 646 644 644 644 647 647 647 645 645 645 644 644 644 646 646 646 572 572 572 648 648 648 649 649 649 648 648 648 553 553 553 552 552 552 648 648 648 552 552 552 649 649 649 552 552 552 545 545 545 548 548 548 552 552 552 550 550 550 545 545 545 534 534 534 650 650 650 651 651 651 534 534 534 531 531 531 652 652 652 650 650 650 653 653 653 651 651 651 650 650 650 652 652 652 654 654 654 653 653 653 544 544 544 606 606 606 653 653 653 654 654 654 605 605 605 554 554 554 655 655 655 526 526 526 554 554 554 551 551 551 556 556 556 556 556 556 656 656 656 554 554 554 556 556 556 555 555 555 657 657 657 656 656 656 556 556 556 658 658 658 658 658 658 659 659 659 656 656 656 658 658 658 556 556 556 657 657 657 659 659 659 658 658 658 660 660 660 659 659 659 638 638 638 610 610 610 660 660 660 638 638 638 659 659 659 660 660 660 603 603 603 638 638 638 660 660 660 657 657 657 661 661 661 657 657 657 660 660 660 658 658 658 657 657 657 555 555 555 662 662 662 657 657 657 663 663 663 661 661 661 661 661 661 571 571 571 603 603 603 661 661 661 603 603 603 660 660 660 662 662 662 555 555 555 557 557 557 662 662 662 663 663 663 657 657 657 662 662 662 664 664 664 663 663 663 663 663 663 571 571 571 661 661 661 663 663 663 565 565 565 571 571 571 553 553 553 551 551 551 550 550 550 553 553 553 648 648 648 665 665 665 665 665 665 662 662 662 557 557 557 665 665 665 572 572 572 664 664 664 665 665 665 648 648 648 572 572 572 665 665 665 557 557 557 553 553 553 665 665 665 664 664 664 662 662 662 664 664 664 565 565 565 663 663 663 664 664 664 572 572 572 568 568 568 664 664 664 568 568 568 565 565 565 527 527 527 532 532 532 525 525 525 527 527 527 526 526 526 655 655 655 527 527 527 655 655 655 666 666 666 536 536 536 666 666 666 667 667 667 666 666 666 536 536 536 527 527 527 666 666 666 655 655 655 668 668 668 666 666 666 668 668 668 669 669 669 666 666 666 669 669 669 667 667 667 667 667 667 669 669 669 670 670 670 667 667 667 535 535 535 536 536 536 667 667 667 670 670 670 671 671 671 669 669 669 611 611 611 670 670 670 669 669 669 668 668 668 607 607 607 669 669 669 607 607 607 611 611 611 670 670 670 611 611 611 639 639 639 670 670 670 639 639 639 641 641 641 535 535 535 667 667 667 671 671 671 671 671 671 533 533 533 535 535 535 671 671 671 670 670 670 641 641 641 671 671 671 672 672 672 533 533 533 671 671 671 617 617 617 672 672 672 641 641 641 618 618 618 617 617 617 641 641 641 639 639 639 642 642 642 533 533 533 654 654 654 652 652 652 672 672 672 605 605 605 654 654 654 617 617 617 671 671 671 641 641 641 617 617 617 538 538 538 605 605 605 652 652 652 650 650 650 534 534 534 652 652 652 531 531 531 533 533 533 654 654 654 653 653 653 650 650 650 654 654 654 533 533 533 672 672 672 605 605 605 672 672 672 617 617 617 605 605 605 544 544 544 653 653 653 526 526 526 549 549 549 554 554 554 655 655 655 659 659 659 668 668 668 655 655 655 656 656 656 659 659 659 655 655 655 554 554 554 656 656 656 668 668 668 610 610 610 607 607 607 668 668 668 659 659 659 610 610 610 673 673 673 674 674 674 675 675 675 674 674 674 673 673 673 676 676 676 675 675 675 674 674 674 677 677 677 677 677 677 678 678 678 675 675 675 136 136 136 133 133 133 132 132 132 132 132 132 129 129 129 128 128 128 171 171 171 170 170 170 175 175 175 171 171 171 515 515 515 172 172 172 13 13 13 11 11 11 12 12 12 128 128 128 126 126 126 125 125 125 175 175 175 137 137 137 136 136 136 125 125 125 14 14 14 13 13 13 679 679 679 680 680 680 681 681 681 679 679 679 682 682 682 680 680 680 681 681 681 683 683 683 684 684 684 681 681 681 680 680 680 685 685 685 686 686 686 687 687 687 688 688 688 686 686 686 688 688 688 689 689 689 689 689 689 688 688 688 690 690 690 683 683 683 681 681 681 685 685 685 684 684 684 683 683 683 691 691 691 524 524 524 522 522 522 682 682 682 524 524 524 682 682 682 679 679 679 691 691 691 683 683 683 687 687 687 691 691 691 687 687 687 686 686 686 692 692 692 693 693 693 694 694 694 692 692 692 695 695 695 696 696 696 692 692 692 697 697 697 698 698 698 693 693 693 698 698 698 699 699 699 693 693 693 692 692 692 698 698 698 693 693 693 699 699 699 700 700 700 693 693 693 700 700 700 701 701 701 694 694 694 693 693 693 702 702 702 698 698 698 703 703 703 699 699 699 704 704 704 705 705 705 706 706 706 704 704 704 707 707 707 708 708 708 707 707 707 704 704 704 709 709 709 707 707 707 710 710 710 711 711 711 707 707 707 709 709 709 710 710 710 708 708 708 707 707 707 712 712 712 709 709 709 704 704 704 713 713 713 714 714 714 715 715 715 716 716 716 715 715 715 717 717 717 718 718 718 716 716 716 719 719 719 720 720 720 716 716 716 715 715 715 719 719 719 719 719 719 721 721 721 722 722 722 719 719 719 715 715 715 721 721 721 723 723 723 724 724 724 725 725 725 723 723 723 726 726 726 727 727 727 724 724 724 728 728 728 729 729 729 724 724 724 730 730 730 728 728 728 724 724 724 723 723 723 730 730 730 725 725 725 731 731 731 732 732 732 730 730 730 723 723 723 733 733 733 734 734 734 735 735 735 736 736 736 734 734 734 737 737 737 738 738 738 737 737 737 739 739 739 740 740 740 737 737 737 740 740 740 741 741 741 737 737 737 734 734 734 739 739 739 738 738 738 737 737 737 742 742 742 739 739 739 734 734 734 743 743 743 744 744 744 745 745 745 746 746 746 745 745 745 747 747 747 748 748 748 745 745 745 744 744 744 749 749 749 746 746 746 748 748 748 750 750 750 749 749 749 751 751 751 752 752 752 749 749 749 753 753 753 754 754 754 749 749 749 755 755 755 745 745 745 753 753 753 749 749 749 744 744 744 754 754 754 756 756 756 751 751 751 754 754 754 757 757 757 758 758 758 757 757 757 754 754 754 753 753 753 758 758 758 759 759 759 756 756 756 758 758 758 760 760 760 761 761 761 760 760 760 758 758 758 757 757 757 755 755 755 762 762 762 747 747 747 755 755 755 749 749 749 752 752 752 755 755 755 763 763 763 764 764 764 752 752 752 765 765 765 763 763 763 751 751 751 766 766 766 765 765 765 751 751 751 749 749 749 754 754 754 756 756 756 754 754 754 758 758 758 756 756 756 767 767 767 766 766 766 759 759 759 758 758 758 761 761 761 763 763 763 755 755 755 752 752 752 763 763 763 765 765 765 768 768 768 764 764 764 763 763 763 769 769 769 765 765 765 766 766 766 770 770 770 765 765 765 752 752 752 751 751 751 766 766 766 751 751 751 756 756 756 766 766 766 767 767 767 771 771 771 767 767 767 772 772 772 771 771 771 767 767 767 756 756 756 759 759 759 697 697 697 692 692 692 773 773 773 697 697 697 774 774 774 703 703 703 697 697 697 703 703 703 698 698 698 703 703 703 775 775 775 699 699 699 703 703 703 776 776 776 775 775 775 699 699 699 775 775 775 777 777 777 778 778 778 773 773 773 779 779 779 778 778 778 780 780 780 774 774 774 778 778 778 774 774 774 697 697 697 774 774 774 776 776 776 703 703 703 774 774 774 781 781 781 776 776 776 782 782 782 779 779 779 783 783 783 782 782 782 780 780 780 778 778 778 780 780 780 784 784 784 785 785 785 780 780 780 781 781 781 774 774 774 784 784 784 780 780 780 782 782 782 784 784 784 783 783 783 786 786 786 784 784 784 787 787 787 785 785 785 785 785 785 787 787 787 772 772 772 785 785 785 781 781 781 780 780 780 775 775 775 761 761 761 777 777 777 775 775 775 759 759 759 761 761 761 777 777 777 761 761 761 760 760 760 776 776 776 767 767 767 759 759 759 776 776 776 759 759 759 775 775 775 781 781 781 767 767 767 776 776 776 781 781 781 785 785 785 772 772 772 772 772 772 788 788 788 771 771 771 772 772 772 767 767 767 781 781 781 771 771 771 770 770 770 766 766 766 731 731 731 789 789 789 732 732 732 731 731 731 725 725 725 724 724 724 731 731 731 729 729 729 790 790 790 729 729 729 728 728 728 791 791 791 729 729 729 791 791 791 792 792 792 729 729 729 731 731 731 724 724 724 790 790 790 793 793 793 788 788 788 790 790 790 792 792 792 793 793 793 790 790 790 794 794 794 731 731 731 792 792 792 790 790 790 729 729 729 792 792 792 791 791 791 795 795 795 792 792 792 795 795 795 769 769 769 792 792 792 769 769 769 768 768 768 793 793 793 792 792 792 768 768 768 793 793 793 768 768 768 770 770 770 768 768 768 769 769 769 763 763 763 769 769 769 762 762 762 764 764 764 794 794 794 786 786 786 789 789 789 794 794 794 790 790 790 787 787 787 787 787 787 788 788 788 772 772 772 787 787 787 784 784 784 794 794 794 787 787 787 790 790 790 788 788 788 788 788 788 770 770 770 771 771 771 788 788 788 793 793 793 770 770 770 770 770 770 768 768 768 765 765 765 696 696 696 773 773 773 692 692 692 773 773 773 778 778 778 697 697 697 773 773 773 696 696 696 796 796 796 796 796 796 779 779 779 773 773 773 796 796 796 797 797 797 798 798 798 796 796 796 799 799 799 800 800 800 799 799 799 796 796 796 696 696 696 799 799 799 801 801 801 800 800 800 800 800 800 802 802 802 797 797 797 801 801 801 803 803 803 802 802 802 801 801 801 799 799 799 804 804 804 804 804 804 805 805 805 801 801 801 805 805 805 806 806 806 807 807 807 805 805 805 804 804 804 808 808 808 779 779 779 809 809 809 783 783 783 779 779 779 782 782 782 778 778 778 779 779 779 796 796 796 798 798 798 798 798 798 810 810 810 809 809 809 797 797 797 811 811 811 810 810 810 797 797 797 796 796 796 800 800 800 802 802 802 812 812 812 811 811 811 802 802 802 800 800 800 801 801 801 803 803 803 801 801 801 805 805 805 809 809 809 786 786 786 783 783 783 809 809 809 779 779 779 798 798 798 783 783 783 784 784 784 782 782 782 810 810 810 798 798 798 797 797 797 811 811 811 812 812 812 813 813 813 811 811 811 797 797 797 802 802 802 812 812 812 802 802 802 803 803 803 718 718 718 814 814 814 815 815 815 718 718 718 721 721 721 715 715 715 721 721 721 718 718 718 816 816 816 816 816 816 806 806 806 721 721 721 816 816 816 817 817 817 807 807 807 816 816 816 815 815 815 818 818 818 815 815 815 816 816 816 718 718 718 815 815 815 819 819 819 818 818 818 815 815 815 820 820 820 821 821 821 818 818 818 817 817 817 816 816 816 818 818 818 822 822 822 817 817 817 819 819 819 822 822 822 818 818 818 819 819 819 815 815 815 821 821 821 819 819 819 823 823 823 822 822 822 821 821 821 824 824 824 825 825 825 821 821 821 820 820 820 824 824 824 821 821 821 826 826 826 819 819 819 825 825 825 824 824 824 827 827 827 825 825 825 826 826 826 821 821 821 825 825 825 827 827 827 828 828 828 826 826 826 823 823 823 819 819 819 826 826 826 825 825 825 828 828 828 826 826 826 828 828 828 829 829 829 806 806 806 816 816 816 807 807 807 806 806 806 805 805 805 808 808 808 807 807 807 803 803 803 805 805 805 817 817 817 803 803 803 807 807 807 817 817 817 812 812 812 803 803 803 822 822 822 813 813 813 812 812 812 822 822 822 812 812 812 817 817 817 823 823 823 826 826 826 829 829 829 823 823 823 829 829 829 830 830 830 823 823 823 813 813 813 822 822 822 813 813 813 823 823 823 830 830 830 813 813 813 831 831 831 811 811 811 726 726 726 723 723 723 725 725 725 726 726 726 732 732 732 832 832 832 732 732 732 726 726 726 725 725 725 832 832 832 828 828 828 726 726 726 832 832 832 789 789 789 833 833 833 789 789 789 832 832 832 732 732 732 789 789 789 731 731 731 794 794 794 833 833 833 834 834 834 831 831 831 834 834 834 809 809 809 810 810 810 834 834 834 786 786 786 809 809 809 834 834 834 789 789 789 786 786 786 834 834 834 833 833 833 789 789 789 786 786 786 794 794 794 784 784 784 828 828 828 832 832 832 829 829 829 828 828 828 727 727 727 726 726 726 828 828 828 827 827 827 727 727 727 830 830 830 832 832 832 833 833 833 830 830 830 831 831 831 813 813 813 830 830 830 829 829 829 832 832 832 831 831 831 830 830 830 833 833 833 831 831 831 810 810 810 811 811 811 831 831 831 834 834 834 810 810 810 748 748 748 746 746 746 745 745 745 748 748 748 835 835 835 750 750 750 835 835 835 748 748 748 836 836 836 836 836 836 747 747 747 837 837 837 836 836 836 838 838 838 835 835 835 836 836 836 839 839 839 840 840 840 747 747 747 836 836 836 748 748 748 747 747 747 841 841 841 837 837 837 747 747 747 745 745 745 755 755 755 837 837 837 839 839 839 836 836 836 837 837 837 842 842 842 839 839 839 762 762 762 769 769 769 795 795 795 762 762 762 841 841 841 747 747 747 762 762 762 755 755 755 764 764 764 762 762 762 843 843 843 841 841 841 841 841 841 844 844 844 842 842 842 841 841 841 842 842 842 837 837 837 795 795 795 843 843 843 762 762 762 843 843 843 791 791 791 845 845 845 843 843 843 844 844 844 841 841 841 838 838 838 836 836 836 840 840 840 838 838 838 846 846 846 847 847 847 840 840 840 848 848 848 846 846 846 839 839 839 849 849 849 848 848 848 839 839 839 848 848 848 840 840 840 842 842 842 849 849 849 839 839 839 842 842 842 850 850 850 849 849 849 844 844 844 850 850 850 842 842 842 846 846 846 848 848 848 851 851 851 846 846 846 838 838 838 840 840 840 847 847 847 846 846 846 852 852 852 848 848 848 849 849 849 853 853 853 849 849 849 850 850 850 854 854 854 855 855 855 728 728 728 730 730 730 855 855 855 733 733 733 856 856 856 728 728 728 855 855 855 857 857 857 857 857 857 858 858 858 859 859 859 857 857 857 860 860 860 845 845 845 857 857 857 791 791 791 728 728 728 858 858 858 856 856 856 861 861 861 858 858 858 862 862 862 859 859 859 858 858 858 857 857 857 855 855 855 859 859 859 863 863 863 860 860 860 859 859 859 860 860 860 857 857 857 864 864 864 861 861 861 865 865 865 864 864 864 862 862 862 858 858 858 864 864 864 866 866 866 862 862 862 862 862 862 867 867 867 863 863 863 862 862 862 863 863 863 859 859 859 868 868 868 865 865 865 869 869 869 868 868 868 870 870 870 866 866 866 868 868 868 866 866 866 864 864 864 866 866 866 871 871 871 867 867 867 866 866 866 867 867 867 862 862 862 791 791 791 857 857 857 845 845 845 791 791 791 843 843 843 795 795 795 845 845 845 844 844 844 843 843 843 860 860 860 844 844 844 845 845 845 860 860 860 850 850 850 844 844 844 863 863 863 854 854 854 850 850 850 863 863 863 850 850 850 860 860 860 867 867 867 872 872 872 854 854 854 867 867 867 854 854 854 863 863 863 854 854 854 853 853 853 849 849 849 742 742 742 873 873 873 738 738 738 742 742 742 741 741 741 874 874 874 741 741 741 742 742 742 737 737 737 741 741 741 875 875 875 876 876 876 741 741 741 740 740 740 875 875 875 874 874 874 876 876 876 877 877 877 874 874 874 870 870 870 742 742 742 874 874 874 877 877 877 872 872 872 876 876 876 878 878 878 852 852 852 876 876 876 875 875 875 878 878 878 876 876 876 874 874 874 741 741 741 876 876 876 852 852 852 851 851 851 877 877 877 851 851 851 853 853 853 877 877 877 876 876 876 851 851 851 851 851 851 852 852 852 846 846 846 852 852 852 879 879 879 847 847 847 852 852 852 878 878 878 879 879 879 870 870 870 869 869 869 873 873 873 870 870 870 871 871 871 866 866 866 870 870 870 874 874 874 871 871 871 871 871 871 872 872 872 867 867 867 871 871 871 874 874 874 872 872 872 872 872 872 853 853 853 854 854 854 872 872 872 877 877 877 853 853 853 853 853 853 851 851 851 848 848 848 880 880 880 717 717 717 714 714 714 717 717 717 715 715 715 714 714 714 717 717 717 880 880 880 881 881 881 881 881 881 882 882 882 883 883 883 881 881 881 814 814 814 717 717 717 881 881 881 884 884 884 885 885 885 884 884 884 881 881 881 880 880 880 884 884 884 886 886 886 885 885 885 885 885 885 887 887 887 882 882 882 886 886 886 884 884 884 888 888 888 886 886 886 889 889 889 887 887 887 888 888 888 890 890 890 891 891 891 888 888 888 892 892 892 886 886 886 888 888 888 891 891 891 893 893 893 892 892 892 893 893 893 894 894 894 892 892 892 888 888 888 893 893 893 892 892 892 894 894 894 895 895 895 893 893 893 896 896 896 894 894 894 893 893 893 891 891 891 896 896 896 814 814 814 881 881 881 883 883 883 814 814 814 897 897 897 820 820 820 814 814 814 718 718 718 717 717 717 883 883 883 898 898 898 897 897 897 882 882 882 881 881 881 885 885 885 882 882 882 899 899 899 898 898 898 887 887 887 885 885 885 886 886 886 887 887 887 900 900 900 899 899 899 889 889 889 886 886 886 892 892 892 889 889 889 892 892 892 895 895 895 889 889 889 895 895 895 901 901 901 897 897 897 824 824 824 820 820 820 897 897 897 814 814 814 883 883 883 820 820 820 815 815 815 814 814 814 898 898 898 883 883 883 882 882 882 898 898 898 902 902 902 897 897 897 899 899 899 882 882 882 887 887 887 899 899 899 903 903 903 898 898 898 899 899 899 900 900 900 904 904 904 900 900 900 889 889 889 901 901 901 900 900 900 887 887 887 889 889 889 900 900 900 905 905 905 904 904 904 735 735 735 873 873 873 906 906 906 735 735 735 734 734 734 738 738 738 873 873 873 742 742 742 870 870 870 873 873 873 735 735 735 738 738 738 906 906 906 869 869 869 907 907 907 906 906 906 894 894 894 735 735 735 869 869 869 906 906 906 873 873 873 869 869 869 870 870 870 868 868 868 907 907 907 908 908 908 905 905 905 908 908 908 909 909 909 910 910 910 908 908 908 865 865 865 909 909 909 908 908 908 869 869 869 865 865 865 908 908 908 907 907 907 869 869 869 865 865 865 868 868 868 864 864 864 909 909 909 865 865 865 861 861 861 909 909 909 856 856 856 911 911 911 861 861 861 864 864 864 858 858 858 894 894 894 736 736 736 735 735 735 894 894 894 896 896 896 736 736 736 894 894 894 906 906 906 895 895 895 901 901 901 906 906 906 907 907 907 901 901 901 905 905 905 900 900 900 901 901 901 895 895 895 906 906 906 905 905 905 910 910 910 904 904 904 905 905 905 901 901 901 907 907 907 905 905 905 908 908 908 910 910 910 910 910 910 911 911 911 912 912 912 904 904 904 912 912 912 903 903 903 727 727 727 733 733 733 723 723 723 733 733 733 855 855 855 730 730 730 733 733 733 727 727 727 913 913 913 913 913 913 912 912 912 911 911 911 913 913 913 827 827 827 914 914 914 913 913 913 856 856 856 733 733 733 827 827 827 913 913 913 727 727 727 827 827 827 902 902 902 914 914 914 914 914 914 903 903 903 912 912 912 902 902 902 898 898 898 903 903 903 902 902 902 827 827 827 824 824 824 824 824 824 897 897 897 902 902 902 856 856 856 858 858 858 855 855 855 856 856 856 909 909 909 861 861 861 856 856 856 913 913 913 911 911 911 911 911 911 910 910 910 909 909 909 912 912 912 913 913 913 914 914 914 912 912 912 904 904 904 910 910 910 903 903 903 914 914 914 902 902 902 903 903 903 899 899 899 904 904 904 915 915 915 916 916 916 917 917 917 915 915 915 746 746 746 918 918 918 915 915 915 744 744 744 746 746 746 916 916 916 919 919 919 920 920 920 916 916 916 915 915 915 918 918 918 917 917 917 921 921 921 922 922 922 917 917 917 923 923 923 915 915 915 918 918 918 746 746 746 750 750 750 918 918 918 750 750 750 924 924 924 918 918 918 924 924 924 919 919 919 921 921 921 917 917 917 916 916 916 921 921 921 920 920 920 925 925 925 922 922 922 926 926 926 927 927 927 926 926 926 922 922 922 921 921 921 926 926 926 921 921 921 928 928 928 926 926 926 928 928 928 929 929 929 928 928 928 925 925 925 930 930 930 929 929 929 931 931 931 932 932 932 929 929 929 927 927 927 926 926 926 929 929 929 928 928 928 933 933 933 923 923 923 753 753 753 744 744 744 923 923 923 744 744 744 915 915 915 923 923 923 917 917 917 934 934 934 934 934 934 935 935 935 923 923 923 936 936 936 927 927 927 937 937 937 936 936 936 934 934 934 917 917 917 936 936 936 917 917 917 922 922 922 927 927 927 936 936 936 922 922 922 927 927 927 929 929 929 938 938 938 938 938 938 937 937 937 927 927 927 935 935 935 934 934 934 939 939 939 935 935 935 757 757 757 753 753 753 935 935 935 753 753 753 923 923 923 939 939 939 940 940 940 941 941 941 942 942 942 943 943 943 940 940 940 942 942 942 939 939 939 934 934 934 942 942 942 934 934 934 936 936 936 937 937 937 942 942 942 936 936 936 937 937 937 944 944 944 943 943 943 937 937 937 938 938 938 944 944 944 945 945 945 710 710 710 709 709 709 945 945 945 713 713 713 946 946 946 710 710 710 945 945 945 947 947 947 947 947 947 948 948 948 949 949 949 947 947 947 931 931 931 710 710 710 947 947 947 950 950 950 932 932 932 948 948 948 946 946 946 951 951 951 948 948 948 947 947 947 945 945 945 949 949 949 952 952 952 950 950 950 949 949 949 953 953 953 954 954 954 949 949 949 950 950 950 947 947 947 953 953 953 951 951 951 955 955 955 953 953 953 949 949 949 948 948 948 953 953 953 956 956 956 954 954 954 954 954 954 957 957 957 952 952 952 954 954 954 952 952 952 949 949 949 956 956 956 958 958 958 957 957 957 956 956 956 953 953 953 959 959 959 959 959 959 955 955 955 960 960 960 959 959 959 961 961 961 956 956 956 931 931 931 947 947 947 932 932 932 931 931 931 929 929 929 933 933 933 932 932 932 938 938 938 929 929 929 950 950 950 944 944 944 938 938 938 950 950 950 938 938 938 932 932 932 952 952 952 944 944 944 950 950 950 952 952 952 943 943 943 944 944 944 957 957 957 962 962 962 943 943 943 957 957 957 954 954 954 956 956 956 943 943 943 952 952 952 957 957 957 943 943 943 942 942 942 937 937 937 702 702 702 963 963 963 694 694 694 702 702 702 693 693 693 701 701 701 702 702 702 701 701 701 958 958 958 701 701 701 700 700 700 964 964 964 701 701 701 964 964 964 962 962 962 700 700 700 965 965 965 964 964 964 700 700 700 699 699 699 777 777 777 700 700 700 777 777 777 965 965 965 964 964 964 965 965 965 941 941 941 964 964 964 941 941 941 940 940 940 965 965 965 777 777 777 760 760 760 965 965 965 760 760 760 966 966 966 965 965 965 966 966 966 941 941 941 941 941 941 966 966 966 939 939 939 966 966 966 757 757 757 935 935 935 966 966 966 760 760 760 757 757 757 966 966 966 935 935 935 939 939 939 961 961 961 960 960 960 963 963 963 961 961 961 958 958 958 956 956 956 961 961 961 702 702 702 958 958 958 958 958 958 962 962 962 957 957 957 958 958 958 701 701 701 962 962 962 962 962 962 964 964 964 940 940 940 962 962 962 940 940 940 943 943 943 940 940 940 939 939 939 942 942 942 720 720 720 967 967 967 716 716 716 720 720 720 722 722 722 968 968 968 722 722 722 721 721 721 806 806 806 722 722 722 806 806 806 969 969 969 722 722 722 720 720 720 719 719 719 968 968 968 969 969 969 970 970 970 968 968 968 971 971 971 720 720 720 968 968 968 970 970 970 972 972 972 969 969 969 808 808 808 973 973 973 969 969 969 806 806 806 808 808 808 969 969 969 973 973 973 974 974 974 969 969 969 968 968 968 722 722 722 970 970 970 974 974 974 975 975 975 970 970 970 969 969 969 974 974 974 974 974 974 973 973 973 976 976 976 973 973 973 808 808 808 804 804 804 973 973 973 804 804 804 977 977 977 977 977 977 976 976 976 973 973 973 977 977 977 804 804 804 799 799 799 977 977 977 799 799 799 978 978 978 976 976 976 977 977 977 978 978 978 976 976 976 979 979 979 974 974 974 976 976 976 978 978 978 980 980 980 971 971 971 981 981 981 982 982 982 971 971 971 983 983 983 967 967 967 971 971 971 968 968 968 981 981 981 981 981 981 972 972 972 984 984 984 981 981 981 968 968 968 972 972 972 972 972 972 970 970 970 975 975 975 972 972 972 975 975 975 985 985 985 975 975 975 974 974 974 979 979 979 979 979 979 980 980 980 986 986 986 979 979 979 987 987 987 975 975 975 979 979 979 976 976 976 980 980 980 988 988 988 971 971 971 982 982 982 988 988 988 989 989 989 983 983 983 982 982 982 981 981 981 984 984 984 982 982 982 990 990 990 988 988 988 984 984 984 991 991 991 982 982 982 984 984 984 972 972 972 985 985 985 985 985 985 987 987 987 992 992 992 985 985 985 975 975 975 987 987 987 985 985 985 993 993 993 984 984 984 987 987 987 979 979 979 986 986 986 987 987 987 994 994 994 992 992 992 695 695 695 963 963 963 995 995 995 695 695 695 692 692 692 694 694 694 963 963 963 702 702 702 961 961 961 963 963 963 695 695 695 694 694 694 995 995 995 960 960 960 996 996 996 995 995 995 978 978 978 695 695 695 960 960 960 961 961 961 959 959 959 960 960 960 995 995 995 963 963 963 996 996 996 997 997 997 994 994 994 997 997 997 955 955 955 998 998 998 997 997 997 996 996 996 960 960 960 997 997 997 960 960 960 955 955 955 997 997 997 998 998 998 999 999 999 955 955 955 959 959 959 953 953 953 998 998 998 955 955 955 951 951 951 998 998 998 946 946 946 1000 1000 1000 951 951 951 953 953 953 948 948 948 978 978 978 995 995 995 980 980 980 978 978 978 696 696 696 695 695 695 978 978 978 799 799 799 696 696 696 986 986 986 994 994 994 987 987 987 986 986 986 995 995 995 996 996 996 986 986 986 980 980 980 995 995 995 994 994 994 986 986 986 996 996 996 994 994 994 999 999 999 992 992 992 994 994 994 997 997 997 999 999 999 999 999 999 1000 1000 1000 1001 1001 1001 992 992 992 1001 1001 1001 993 993 993 706 706 706 713 713 713 704 704 704 713 713 713 706 706 706 1002 1002 1002 713 713 713 945 945 945 709 709 709 1002 1002 1002 1001 1001 1001 1000 1000 1000 1002 1002 1002 1003 1003 1003 1004 1004 1004 1002 1002 1002 946 946 946 713 713 713 1003 1003 1003 1002 1002 1002 706 706 706 1003 1003 1003 991 991 991 1004 1004 1004 1004 1004 1004 993 993 993 1001 1001 1001 991 991 991 1003 1003 1003 990 990 990 991 991 991 984 984 984 993 993 993 990 990 990 982 982 982 991 991 991 946 946 946 998 998 998 951 951 951 946 946 946 1002 1002 1002 1000 1000 1000 946 946 946 948 948 948 945 945 945 1000 1000 1000 999 999 999 998 998 998 1001 1001 1001 992 992 992 999 999 999 1001 1001 1001 1002 1002 1002 1004 1004 1004 993 993 993 985 985 985 992 992 992 993 993 993 1004 1004 1004 991 991 991 919 919 919 1005 1005 1005 1006 1006 1006 919 919 919 916 916 916 918 918 918 1005 1005 1005 835 835 835 838 838 838 1005 1005 1005 838 838 838 1007 1007 1007 1005 1005 1005 919 919 919 924 924 924 1006 1006 1006 1007 1007 1007 1008 1008 1008 1006 1006 1006 920 920 920 919 919 919 1006 1006 1006 1008 1008 1008 1009 1009 1009 924 924 924 835 835 835 1005 1005 1005 924 924 924 750 750 750 835 835 835 1007 1007 1007 847 847 847 879 879 879 1007 1007 1007 838 838 838 847 847 847 1007 1007 1007 879 879 879 1010 1010 1010 1007 1007 1007 1006 1006 1006 1005 1005 1005 1008 1008 1008 1010 1010 1010 1011 1011 1011 1008 1008 1008 1007 1007 1007 1010 1010 1010 1010 1010 1010 879 879 879 1012 1012 1012 878 878 878 1012 1012 1012 879 879 879 1012 1012 1012 1013 1013 1013 1010 1010 1010 1012 1012 1012 875 875 875 1014 1014 1014 920 920 920 1006 1006 1006 1015 1015 1015 920 920 920 1015 1015 1015 1016 1016 1016 920 920 920 921 921 921 916 916 916 1015 1015 1015 1006 1006 1006 1009 1009 1009 1015 1015 1015 1009 1009 1009 1017 1017 1017 1009 1009 1009 1011 1011 1011 1018 1018 1018 1009 1009 1009 1008 1008 1008 1011 1011 1011 1011 1011 1011 1010 1010 1010 1013 1013 1013 1013 1013 1013 1019 1019 1019 1011 1011 1011 925 925 925 1016 1016 1016 930 930 930 925 925 925 920 920 920 1016 1016 1016 925 925 925 928 928 928 921 921 921 1016 1016 1016 1015 1015 1015 1017 1017 1017 1016 1016 1016 1017 1017 1017 1020 1020 1020 1017 1017 1017 1009 1009 1009 1018 1018 1018 1017 1017 1017 1018 1018 1018 1021 1021 1021 1018 1018 1018 1011 1011 1011 1019 1019 1019 1018 1018 1018 1019 1019 1019 1022 1022 1022 1023 1023 1023 740 740 740 739 739 739 1023 1023 1023 743 743 743 1024 1024 1024 740 740 740 1023 1023 1023 1025 1025 1025 1025 1025 1025 1026 1026 1026 1027 1027 1027 1025 1025 1025 875 875 875 740 740 740 1025 1025 1025 1028 1028 1028 1014 1014 1014 1026 1026 1026 1029 1029 1029 1027 1027 1027 1026 1026 1026 1025 1025 1025 1023 1023 1023 1026 1026 1026 1024 1024 1024 1030 1030 1030 1027 1027 1027 1028 1028 1028 1025 1025 1025 1027 1027 1027 1031 1031 1031 1028 1028 1028 1032 1032 1032 1030 1030 1030 1033 1033 1033 1032 1032 1032 1029 1029 1029 1026 1026 1026 1032 1032 1032 1034 1034 1034 1029 1029 1029 1029 1029 1029 1031 1031 1031 1027 1027 1027 1029 1029 1029 1035 1035 1035 1031 1031 1031 1036 1036 1036 1037 1037 1037 1034 1034 1034 1036 1036 1036 1033 1033 1033 1038 1038 1038 1036 1036 1036 1034 1034 1034 1032 1032 1032 1034 1034 1034 1035 1035 1035 1029 1029 1029 1034 1034 1034 1039 1039 1039 1035 1035 1035 875 875 875 1025 1025 1025 1014 1014 1014 875 875 875 1012 1012 1012 878 878 878 1014 1014 1014 1013 1013 1013 1012 1012 1012 1028 1028 1028 1019 1019 1019 1013 1013 1013 1028 1028 1028 1013 1013 1013 1014 1014 1014 1031 1031 1031 1019 1019 1019 1028 1028 1028 1031 1031 1031 1022 1022 1022 1019 1019 1019 1035 1035 1035 1022 1022 1022 1031 1031 1031 1035 1035 1035 1040 1040 1040 1022 1022 1022 1022 1022 1022 1021 1021 1021 1018 1018 1018 712 712 712 1041 1041 1041 708 708 708 712 712 712 711 711 711 1042 1042 1042 711 711 711 712 712 712 707 707 707 711 711 711 931 931 931 1043 1043 1043 711 711 711 710 710 710 931 931 931 1042 1042 1042 1037 1037 1037 712 712 712 1042 1042 1042 1044 1044 1044 1040 1040 1040 1042 1042 1042 1043 1043 1043 1044 1044 1044 1043 1043 1043 930 930 930 1020 1020 1020 1043 1043 1043 1042 1042 1042 711 711 711 1043 1043 1043 933 933 933 930 930 930 1043 1043 1043 931 931 931 933 933 933 1044 1044 1044 1020 1020 1020 1021 1021 1021 1044 1044 1044 1043 1043 1043 1020 1020 1020 1020 1020 1020 930 930 930 1016 1016 1016 930 930 930 933 933 933 928 928 928 1037 1037 1037 1038 1038 1038 1041 1041 1041 1037 1037 1037 1042 1042 1042 1039 1039 1039 1037 1037 1037 1039 1039 1039 1034 1034 1034 1039 1039 1039 1042 1042 1042 1040 1040 1040 1039 1039 1039 1040 1040 1040 1035 1035 1035 1040 1040 1040 1044 1044 1044 1021 1021 1021 1040 1040 1040 1021 1021 1021 1022 1022 1022 1021 1021 1021 1020 1020 1020 1017 1017 1017 1045 1045 1045 714 714 714 716 716 716 1045 1045 1045 880 880 880 714 714 714 1045 1045 1045 967 967 967 1046 1046 1046 967 967 967 1045 1045 1045 716 716 716 967 967 967 720 720 720 971 971 971 1046 1046 1046 983 983 983 1047 1047 1047 1046 1046 1046 1048 1048 1048 1045 1045 1045 983 983 983 1046 1046 1046 967 967 967 983 983 983 971 971 971 988 988 988 1047 1047 1047 1049 1049 1049 1050 1050 1050 1049 1049 1049 1047 1047 1047 983 983 983 1049 1049 1049 983 983 983 989 989 989 1049 1049 1049 1051 1051 1051 1052 1052 1052 1049 1049 1049 989 989 989 1051 1051 1051 989 989 989 988 988 988 990 990 990 989 989 989 990 990 990 1053 1053 1053 1051 1051 1051 1054 1054 1054 1055 1055 1055 1051 1051 1051 989 989 989 1053 1053 1053 1051 1051 1051 1053 1053 1053 1054 1054 1054 1053 1053 1053 990 990 990 1003 1003 1003 1053 1053 1053 1003 1003 1003 1054 1054 1054 1048 1048 1048 1046 1046 1046 1056 1056 1056 1048 1048 1048 884 884 884 880 880 880 1048 1048 1048 880 880 880 1045 1045 1045 1057 1057 1057 1050 1050 1050 1058 1058 1058 1057 1057 1057 1046 1046 1046 1047 1047 1047 1057 1057 1057 1056 1056 1056 1046 1046 1046 1050 1050 1050 1057 1057 1057 1047 1047 1047 1050 1050 1050 1049 1049 1049 1052 1052 1052 1050 1050 1050 1052 1052 1052 1059 1059 1059 1052 1052 1052 1055 1055 1055 1060 1060 1060 1052 1052 1052 1051 1051 1051 1055 1055 1055 1061 1061 1061 1048 1048 1048 1056 1056 1056 1061 1061 1061 890 890 890 1048 1048 1048 1061 1061 1061 891 891 891 890 890 890 890 890 890 888 888 888 884 884 884 890 890 890 884 884 884 1048 1048 1048 1062 1062 1062 1063 1063 1063 1061 1061 1061 1062 1062 1062 1056 1056 1056 1057 1057 1057 1062 1062 1062 1061 1061 1061 1056 1056 1056 1058 1058 1058 1064 1064 1064 1062 1062 1062 1058 1058 1058 1050 1050 1050 1059 1059 1059 1058 1058 1058 1059 1059 1059 1065 1065 1065 1058 1058 1058 1062 1062 1062 1057 1057 1057 1059 1059 1059 1066 1066 1066 1065 1065 1065 1059 1059 1059 1052 1052 1052 1060 1060 1060 705 705 705 1041 1041 1041 1067 1067 1067 705 705 705 704 704 704 708 708 708 1041 1041 1041 712 712 712 1037 1037 1037 1041 1041 1041 705 705 705 708 708 708 1067 1067 1067 1054 1054 1054 705 705 705 1067 1067 1067 1038 1038 1038 1068 1068 1068 1038 1038 1038 1037 1037 1037 1036 1036 1036 1038 1038 1038 1067 1067 1067 1041 1041 1041 1068 1068 1068 1069 1069 1069 1066 1066 1066 1069 1069 1069 1038 1038 1038 1033 1033 1033 1069 1069 1069 1033 1033 1033 1070 1070 1070 1069 1069 1069 1068 1068 1068 1038 1038 1038 1069 1069 1069 1070 1070 1070 1071 1071 1071 1033 1033 1033 1036 1036 1036 1032 1032 1032 1070 1070 1070 1033 1033 1033 1030 1030 1030 1070 1070 1070 1024 1024 1024 1072 1072 1072 1030 1030 1030 1032 1032 1032 1026 1026 1026 1054 1054 1054 706 706 706 705 705 705 1054 1054 1054 1003 1003 1003 706 706 706 1054 1054 1054 1067 1067 1067 1055 1055 1055 1060 1060 1060 1066 1066 1066 1059 1059 1059 1060 1060 1060 1067 1067 1067 1068 1068 1068 1060 1060 1060 1055 1055 1055 1067 1067 1067 1066 1066 1066 1069 1069 1069 1071 1071 1071 1066 1066 1066 1071 1071 1071 1065 1065 1065 1066 1066 1066 1060 1060 1060 1068 1068 1068 1071 1071 1071 1072 1072 1072 1073 1073 1073 1065 1065 1065 1073 1073 1073 1064 1064 1064 736 736 736 743 743 743 734 734 734 743 743 743 736 736 736 1074 1074 1074 743 743 743 1023 1023 1023 739 739 739 1074 1074 1074 1024 1024 1024 743 743 743 1074 1074 1074 1073 1073 1073 1072 1072 1072 1074 1074 1074 896 896 896 1075 1075 1075 896 896 896 1063 1063 1063 1075 1075 1075 896 896 896 1074 1074 1074 736 736 736 1075 1075 1075 1064 1064 1064 1073 1073 1073 1063 1063 1063 896 896 896 891 891 891 1063 1063 1063 1062 1062 1062 1064 1064 1064 891 891 891 1061 1061 1061 1063 1063 1063 1024 1024 1024 1070 1070 1070 1030 1030 1030 1024 1024 1024 1074 1074 1074 1072 1072 1072 1024 1024 1024 1026 1026 1026 1023 1023 1023 1072 1072 1072 1071 1071 1071 1070 1070 1070 1073 1073 1073 1074 1074 1074 1075 1075 1075 1073 1073 1073 1065 1065 1065 1071 1071 1071 1064 1064 1064 1058 1058 1058 1065 1065 1065 1064 1064 1064 1075 1075 1075 1063 1063 1063 1076 1076 1076 1077 1077 1077 1078 1078 1078 1076 1076 1076 1079 1079 1079 1080 1080 1080 1077 1077 1077 1081 1081 1081 1078 1078 1078 1077 1077 1077 1082 1082 1082 1083 1083 1083 1078 1078 1078 1084 1084 1084 1079 1079 1079 1085 1085 1085 1086 1086 1086 1087 1087 1087 1085 1085 1085 1083 1083 1083 1088 1088 1088 1083 1083 1083 1082 1082 1082 1088 1088 1088 1083 1083 1083 1087 1087 1087 1089 1089 1089 1088 1088 1088 1082 1082 1082 1090 1090 1090 1088 1088 1088 1086 1086 1086 1085 1085 1085 1082 1082 1082 1077 1077 1077 1076 1076 1076 1082 1082 1082 1080 1080 1080 1090 1090 1090 1090 1090 1090 1091 1091 1091 1092 1092 1092 1089 1089 1089 1093 1093 1093 1094 1094 1094 1089 1089 1089 1077 1077 1077 1083 1083 1083 1089 1089 1089 1094 1094 1094 1077 1077 1077 1095 1095 1095 1086 1086 1086 1092 1092 1092 1095 1095 1095 1092 1092 1092 1091 1091 1091 1095 1095 1095 1096 1096 1096 1097 1097 1097 1096 1096 1096 1098 1098 1098 1099 1099 1099 1096 1096 1096 1100 1100 1100 1098 1098 1098 1097 1097 1097 1096 1096 1096 1101 1101 1101 1102 1102 1102 1103 1103 1103 1104 1104 1104 1102 1102 1102 1105 1105 1105 1106 1106 1106 1102 1102 1102 1104 1104 1104 1107 1107 1107 1105 1105 1105 1102 1102 1102 1108 1108 1108 1105 1105 1105 1084 1084 1084 1106 1106 1106 1108 1108 1108 1109 1109 1109 1105 1105 1105 1098 1098 1098 1110 1110 1110 1099 1099 1099 1110 1110 1110 1098 1098 1098 1111 1111 1111 1110 1110 1110 1112 1112 1112 1099 1099 1099 1110 1110 1110 1113 1113 1113 1114 1114 1114 1110 1110 1110 1114 1114 1114 1115 1115 1115 1099 1099 1099 1116 1116 1116 1101 1101 1101 1099 1099 1099 1101 1101 1101 1096 1096 1096 1111 1111 1111 1117 1117 1117 1113 1113 1113 1111 1111 1111 1100 1100 1100 1118 1118 1118 1119 1119 1119 1120 1120 1120 1121 1121 1121 1119 1119 1119 1113 1113 1113 1120 1120 1120 1120 1120 1120 1122 1122 1122 1121 1121 1121 1120 1120 1120 1113 1113 1113 1117 1117 1117 1121 1121 1121 1123 1123 1123 1119 1119 1119 1122 1122 1122 1124 1124 1124 1107 1107 1107 1122 1122 1122 1117 1117 1117 1125 1125 1125 1117 1117 1117 1126 1126 1126 1125 1125 1125 1117 1117 1117 1122 1122 1122 1120 1120 1120 1117 1117 1117 1111 1111 1111 1118 1118 1118 1113 1113 1113 1110 1110 1110 1111 1111 1111 1118 1118 1118 1100 1100 1100 1091 1091 1091 1118 1118 1118 1091 1091 1091 1126 1126 1126 1118 1118 1118 1126 1126 1126 1117 1117 1117 1086 1086 1086 1095 1095 1095 1097 1097 1097 1086 1086 1086 1088 1088 1088 1092 1092 1092 1092 1092 1092 1088 1088 1088 1090 1090 1090 1100 1100 1100 1096 1096 1096 1095 1095 1095 1100 1100 1100 1095 1095 1095 1091 1091 1091 1100 1100 1100 1111 1111 1111 1098 1098 1098 1091 1091 1091 1090 1090 1090 1126 1126 1126 1109 1109 1109 1079 1079 1079 1105 1105 1105 1093 1093 1093 1089 1089 1089 1127 1127 1127 1127 1127 1127 1128 1128 1128 1129 1129 1129 1127 1127 1127 1089 1089 1089 1087 1087 1087 1114 1114 1114 1113 1113 1113 1119 1119 1119 1084 1084 1084 1103 1103 1103 1106 1106 1106 1084 1084 1084 1105 1105 1105 1079 1079 1079 1084 1084 1084 1078 1078 1078 1081 1081 1081 1079 1079 1079 1076 1076 1076 1078 1078 1078 1107 1107 1107 1130 1130 1130 1121 1121 1121 1107 1107 1107 1121 1121 1121 1122 1122 1122 1107 1107 1107 1124 1124 1124 1108 1108 1108 1107 1107 1107 1108 1108 1108 1102 1102 1102 1124 1124 1124 1109 1109 1109 1108 1108 1108 1124 1124 1124 1125 1125 1125 1131 1131 1131 1080 1080 1080 1079 1079 1079 1109 1109 1109 1080 1080 1080 1082 1082 1082 1076 1076 1076 1115 1115 1115 1114 1114 1114 1123 1123 1123 1123 1123 1123 1114 1114 1114 1119 1119 1119 1123 1123 1123 1121 1121 1121 1130 1130 1130 1132 1132 1132 1086 1086 1086 1097 1097 1097 1132 1132 1132 1097 1097 1097 1101 1101 1101 1132 1132 1132 1129 1129 1129 1128 1128 1128 1129 1129 1129 1101 1101 1101 1116 1116 1116 1128 1128 1128 1086 1086 1086 1132 1132 1132 1128 1128 1128 1127 1127 1127 1087 1087 1087 1128 1128 1128 1087 1087 1087 1086 1086 1086 1103 1103 1103 1102 1102 1102 1106 1106 1106 1126 1126 1126 1090 1090 1090 1133 1133 1133 1126 1126 1126 1133 1133 1133 1125 1125 1125 1133 1133 1133 1080 1080 1080 1131 1131 1131 1133 1133 1133 1090 1090 1090 1080 1080 1080 1125 1125 1125 1124 1124 1124 1122 1122 1122 1125 1125 1125 1133 1133 1133 1131 1131 1131 1131 1131 1131 1080 1080 1080 1109 1109 1109 1131 1131 1131 1109 1109 1109 1124 1124 1124 1101 1101 1101 1129 1129 1129 1132 1132 1132 1081 1081 1081 1093 1093 1093 1103 1103 1103 1081 1081 1081 1103 1103 1103 1084 1084 1084 1081 1081 1081 1094 1094 1094 1093 1093 1093 1081 1081 1081 1077 1077 1077 1094 1094 1094 1130 1130 1130 1107 1107 1107 1104 1104 1104 1112 1112 1112 1110 1110 1110 1115 1115 1115 1087 1087 1087 1083 1083 1083 1085 1085 1085 1116 1116 1116 1099 1099 1099 1112 1112 1112 1134 1134 1134 1135 1135 1135 1136 1136 1136 1134 1134 1134 1137 1137 1137 1138 1138 1138 1135 1135 1135 1134 1134 1134 1138 1138 1138 1136 1136 1136 1139 1139 1139 1134 1134 1134 1136 1136 1136 1140 1140 1140 1141 1141 1141 1138 1138 1138 1142 1142 1142 1135 1135 1135 1138 1138 1138 1143 1143 1143 1144 1144 1144 1139 1139 1139 1136 1136 1136 1145 1145 1145 1139 1139 1139 1146 1146 1146 1134 1134 1134 1145 1145 1145 1141 1141 1141 1147 1147 1147 1145 1145 1145 1148 1148 1148 1139 1139 1139 1146 1146 1146 1149 1149 1149 1137 1137 1137 1146 1146 1146 1139 1139 1139 1150 1150 1150 1150 1150 1150 1151 1151 1151 1146 1146 1146 1137 1137 1137 1134 1134 1134 1146 1146 1146 1137 1137 1137 1152 1152 1152 1143 1143 1143 1149 1149 1149 1153 1153 1153 1154 1154 1154 1149 1149 1149 1146 1146 1146 1151 1151 1151 1151 1151 1151 1150 1150 1150 1155 1155 1155 1151 1151 1151 1156 1156 1156 1153 1153 1153 1155 1155 1155 1157 1157 1157 1156 1156 1156 1156 1156 1156 1151 1151 1151 1155 1155 1155 1153 1153 1153 1149 1149 1149 1151 1151 1151 1153 1153 1153 1158 1158 1158 1159 1159 1159 1153 1153 1153 1160 1160 1160 1154 1154 1154 1154 1154 1154 1152 1152 1152 1149 1149 1149 1161 1161 1161 1162 1162 1162 1163 1163 1163 1161 1161 1161 1164 1164 1164 1165 1165 1165 1162 1162 1162 1161 1161 1161 1165 1165 1165 1162 1162 1162 1166 1166 1166 1167 1167 1167 1162 1162 1162 1168 1168 1168 1169 1169 1169 1163 1163 1163 1169 1169 1169 1170 1170 1170 1163 1163 1163 1159 1159 1159 1161 1161 1161 1164 1164 1164 1161 1161 1161 1171 1171 1171 1164 1164 1164 1172 1172 1172 1173 1173 1173 1164 1164 1164 1166 1166 1166 1165 1165 1165 1171 1171 1171 1174 1174 1174 1164 1164 1164 1171 1171 1171 1159 1159 1159 1158 1158 1158 1166 1166 1166 1162 1162 1162 1165 1165 1165 1166 1166 1166 1175 1175 1175 1176 1176 1176 1166 1166 1166 1164 1164 1164 1173 1173 1173 1167 1167 1167 1176 1176 1176 1177 1177 1177 1167 1167 1167 1178 1178 1178 1168 1168 1168 1179 1179 1179 1180 1180 1180 1181 1181 1181 1179 1179 1179 1182 1182 1182 1183 1183 1183 1182 1182 1182 1184 1184 1184 1183 1183 1183 1182 1182 1182 1179 1179 1179 1185 1185 1185 1183 1183 1183 1186 1186 1186 1179 1179 1179 1185 1185 1185 1181 1181 1181 1187 1187 1187 1185 1185 1185 1187 1187 1187 1188 1188 1188 1185 1185 1185 1189 1189 1189 1182 1182 1182 1186 1186 1186 1183 1183 1183 1184 1184 1184 1184 1184 1184 1190 1190 1190 1186 1186 1186 1184 1184 1184 1189 1189 1189 1191 1191 1191 1157 1157 1157 1155 1155 1155 1192 1192 1192 1157 1157 1157 1158 1158 1158 1156 1156 1156 1157 1157 1157 1193 1193 1193 1158 1158 1158 1192 1192 1192 1194 1194 1194 1157 1157 1157 1195 1195 1195 1148 1148 1148 1196 1196 1196 1195 1195 1195 1192 1192 1192 1155 1155 1155 1195 1195 1195 1155 1155 1155 1150 1150 1150 1197 1197 1197 1196 1196 1196 1198 1198 1198 1197 1197 1197 1199 1199 1199 1192 1192 1192 1197 1197 1197 1192 1192 1192 1195 1195 1195 1199 1199 1199 1197 1197 1197 1200 1200 1200 1199 1199 1199 1200 1200 1200 1201 1201 1201 1199 1199 1199 1202 1202 1202 1194 1194 1194 1194 1194 1194 1192 1192 1192 1199 1199 1199 1194 1194 1194 1203 1203 1203 1193 1193 1193 1194 1194 1194 1204 1204 1204 1203 1203 1203 1205 1205 1205 1190 1190 1190 1206 1206 1206 1205 1205 1205 1207 1207 1207 1208 1208 1208 1190 1190 1190 1209 1209 1209 1206 1206 1206 1190 1190 1190 1184 1184 1184 1191 1191 1191 1190 1190 1190 1180 1180 1180 1186 1186 1186 1190 1190 1190 1205 1205 1205 1210 1210 1210 1206 1206 1206 1211 1211 1211 1212 1212 1212 1206 1206 1206 1213 1213 1213 1205 1205 1205 1210 1210 1210 1208 1208 1208 1214 1214 1214 1210 1210 1210 1215 1215 1215 1180 1180 1180 1208 1208 1208 1210 1210 1210 1205 1205 1205 1208 1208 1208 1216 1216 1216 1214 1214 1214 1215 1215 1215 1210 1210 1210 1214 1214 1214 1215 1215 1215 1217 1217 1217 1180 1180 1180 1180 1180 1180 1190 1190 1190 1210 1210 1210 1180 1180 1180 1179 1179 1179 1186 1186 1186 1218 1218 1218 1207 1207 1207 1219 1219 1219 1218 1218 1218 1217 1217 1217 1216 1216 1216 1218 1218 1218 1220 1220 1220 1217 1217 1217 1207 1207 1207 1218 1218 1218 1216 1216 1216 1207 1207 1207 1205 1205 1205 1213 1213 1213 1219 1219 1219 1221 1221 1221 1218 1218 1218 1219 1219 1219 1213 1213 1213 1222 1222 1222 1216 1216 1216 1217 1217 1217 1215 1215 1215 1216 1216 1216 1208 1208 1208 1207 1207 1207 1216 1216 1216 1215 1215 1215 1214 1214 1214 1220 1220 1220 1187 1187 1187 1181 1181 1181 1217 1217 1217 1220 1220 1220 1181 1181 1181 1217 1217 1217 1181 1181 1181 1180 1180 1180 1213 1213 1213 1219 1219 1219 1207 1207 1207 1213 1213 1213 1223 1223 1223 1222 1222 1222 1213 1213 1213 1206 1206 1206 1212 1212 1212 1223 1223 1223 1211 1211 1211 1224 1224 1224 1223 1223 1223 1213 1213 1213 1212 1212 1212 1222 1222 1222 1225 1225 1225 1219 1219 1219 1222 1222 1222 1226 1226 1226 1227 1227 1227 1228 1228 1228 1229 1229 1229 1230 1230 1230 1228 1228 1228 1231 1231 1231 1204 1204 1204 1228 1228 1228 1232 1232 1232 1231 1231 1231 1228 1228 1228 1230 1230 1230 1232 1232 1232 1228 1228 1228 1202 1202 1202 1233 1233 1233 1230 1230 1230 1234 1234 1234 1235 1235 1235 1232 1232 1232 1230 1230 1230 1236 1236 1236 1232 1232 1232 1237 1237 1237 1238 1238 1238 1236 1236 1236 1235 1235 1235 1239 1239 1239 1236 1236 1236 1240 1240 1240 1237 1237 1237 1236 1236 1236 1230 1230 1230 1235 1235 1235 1233 1233 1233 1229 1229 1229 1228 1228 1228 1233 1233 1233 1201 1201 1201 1241 1241 1241 1229 1229 1229 1241 1241 1241 1242 1242 1242 1229 1229 1229 1234 1234 1234 1230 1230 1230 1234 1234 1234 1242 1242 1242 1243 1243 1243 1244 1244 1244 1245 1245 1245 1174 1174 1174 1244 1244 1244 1158 1158 1158 1193 1193 1193 1158 1158 1158 1153 1153 1153 1156 1156 1156 1158 1158 1158 1244 1244 1244 1171 1171 1171 1193 1193 1193 1157 1157 1157 1194 1194 1194 1203 1203 1203 1244 1244 1244 1193 1193 1193 1203 1203 1203 1246 1246 1246 1244 1244 1244 1246 1246 1246 1247 1247 1247 1245 1245 1245 1248 1248 1248 1147 1147 1147 1249 1249 1249 1248 1248 1248 1196 1196 1196 1148 1148 1148 1147 1147 1147 1248 1248 1248 1145 1145 1145 1147 1147 1147 1250 1250 1250 1251 1251 1251 1249 1249 1249 1252 1252 1252 1248 1248 1248 1253 1253 1253 1254 1254 1254 1255 1255 1255 1253 1253 1253 1147 1147 1147 1251 1251 1251 1253 1253 1253 1249 1249 1249 1147 1147 1147 1251 1251 1251 1250 1250 1250 1256 1256 1256 1257 1257 1257 1258 1258 1258 1249 1249 1249 1257 1257 1257 1249 1249 1249 1253 1253 1253 1257 1257 1257 1255 1255 1255 1259 1259 1259 1258 1258 1258 1257 1257 1257 1260 1260 1260 1258 1258 1258 1260 1260 1260 1261 1261 1261 1252 1252 1252 1249 1249 1249 1258 1258 1258 1252 1252 1252 1261 1261 1261 1262 1262 1262 1252 1252 1252 1198 1198 1198 1196 1196 1196 1254 1254 1254 1175 1175 1175 1173 1173 1173 1254 1254 1254 1251 1251 1251 1263 1263 1263 1254 1254 1254 1173 1173 1173 1172 1172 1172 1254 1254 1254 1253 1253 1253 1251 1251 1251 1255 1255 1255 1257 1257 1257 1253 1253 1253 1172 1172 1172 1255 1255 1255 1254 1254 1254 1172 1172 1172 1164 1164 1164 1174 1174 1174 1264 1264 1264 1174 1174 1174 1245 1245 1245 1264 1264 1264 1259 1259 1259 1255 1255 1255 1264 1264 1264 1255 1255 1255 1172 1172 1172 1259 1259 1259 1265 1265 1265 1266 1266 1266 1259 1259 1259 1260 1260 1260 1257 1257 1257 1267 1267 1267 1262 1262 1262 1268 1268 1268 1267 1267 1267 1269 1269 1269 1270 1270 1270 1267 1267 1267 1270 1270 1270 1200 1200 1200 1262 1262 1262 1271 1271 1271 1268 1268 1268 1262 1262 1262 1267 1267 1267 1198 1198 1198 1268 1268 1268 1269 1269 1269 1267 1267 1267 1198 1198 1198 1200 1200 1200 1197 1197 1197 1198 1198 1198 1252 1252 1252 1262 1262 1262 1200 1200 1200 1198 1198 1198 1267 1267 1267 1270 1270 1270 1269 1269 1269 1272 1272 1272 1196 1196 1196 1197 1197 1197 1195 1195 1195 1196 1196 1196 1248 1248 1248 1252 1252 1252 1201 1201 1201 1200 1200 1200 1270 1270 1270 1201 1201 1201 1270 1270 1270 1241 1241 1241 1201 1201 1201 1233 1233 1233 1202 1202 1202 1241 1241 1241 1272 1272 1272 1242 1242 1242 1241 1241 1241 1270 1270 1270 1272 1272 1272 1241 1241 1241 1229 1229 1229 1233 1233 1233 1202 1202 1202 1199 1199 1199 1201 1201 1201 1202 1202 1202 1228 1228 1228 1204 1204 1204 1231 1231 1231 1238 1238 1238 1247 1247 1247 1238 1238 1238 1231 1231 1231 1232 1232 1232 1238 1238 1238 1273 1273 1273 1274 1274 1274 1247 1247 1247 1274 1274 1274 1265 1265 1265 1247 1247 1247 1246 1246 1246 1231 1231 1231 1274 1274 1274 1247 1247 1247 1238 1238 1238 1274 1274 1274 1266 1266 1266 1265 1265 1265 1265 1265 1265 1245 1245 1245 1247 1247 1247 1265 1265 1265 1259 1259 1259 1264 1264 1264 1245 1245 1245 1265 1265 1265 1264 1264 1264 1245 1245 1245 1244 1244 1244 1246 1246 1246 1266 1266 1266 1274 1274 1274 1275 1275 1275 1266 1266 1266 1276 1276 1276 1260 1260 1260 1275 1275 1275 1274 1274 1274 1273 1273 1273 1275 1275 1275 1273 1273 1273 1277 1277 1277 1275 1275 1275 1278 1278 1278 1276 1276 1276 1276 1276 1276 1266 1266 1266 1275 1275 1275 1260 1260 1260 1259 1259 1259 1266 1266 1266 1271 1271 1271 1262 1262 1262 1261 1261 1261 1271 1271 1271 1279 1279 1279 1268 1268 1268 1271 1271 1271 1276 1276 1276 1278 1278 1278 1271 1271 1271 1278 1278 1278 1280 1280 1280 1279 1279 1279 1281 1281 1281 1269 1269 1269 1279 1279 1279 1271 1271 1271 1280 1280 1280 1280 1280 1280 1282 1282 1282 1279 1279 1279 1280 1280 1280 1283 1283 1283 1284 1284 1284 1280 1280 1280 1278 1278 1278 1283 1283 1283 1278 1278 1278 1275 1275 1275 1277 1277 1277 1283 1283 1283 1277 1277 1277 1285 1285 1285 1282 1282 1282 1280 1280 1280 1284 1284 1284 1277 1277 1277 1273 1273 1273 1286 1286 1286 1277 1277 1277 1286 1286 1286 1285 1285 1285 1277 1277 1277 1283 1283 1283 1278 1278 1278 1273 1273 1273 1238 1238 1238 1237 1237 1237 1286 1286 1286 1237 1237 1237 1240 1240 1240 1242 1242 1242 1234 1234 1234 1229 1229 1229 1272 1272 1272 1243 1243 1243 1242 1242 1242 1272 1272 1272 1281 1281 1281 1287 1287 1287 1243 1243 1243 1272 1272 1272 1287 1287 1287 1176 1176 1176 1167 1167 1167 1166 1166 1166 1176 1176 1176 1288 1288 1288 1289 1289 1289 1177 1177 1177 1290 1290 1290 1178 1178 1178 1177 1177 1177 1289 1289 1289 1291 1291 1291 1175 1175 1175 1166 1166 1166 1173 1173 1173 1175 1175 1175 1254 1254 1254 1292 1292 1292 1288 1288 1288 1292 1292 1292 1293 1293 1293 1288 1288 1288 1227 1227 1227 1289 1289 1289 1288 1288 1288 1176 1176 1176 1175 1175 1175 1289 1289 1289 1177 1177 1177 1176 1176 1176 1291 1291 1291 1294 1294 1294 1290 1290 1290 1291 1291 1291 1227 1227 1227 1226 1226 1226 1292 1292 1292 1263 1263 1263 1295 1295 1295 1292 1292 1292 1295 1295 1295 1293 1293 1293 1292 1292 1292 1288 1288 1288 1175 1175 1175 1263 1263 1263 1292 1292 1292 1254 1254 1254 1263 1263 1263 1256 1256 1256 1296 1296 1296 1295 1295 1295 1188 1188 1188 1297 1297 1297 1293 1293 1293 1225 1225 1225 1288 1288 1288 1293 1293 1293 1295 1295 1295 1297 1297 1297 1293 1293 1293 1297 1297 1297 1221 1221 1221 1298 1298 1298 1299 1299 1299 1300 1300 1300 1298 1298 1298 1256 1256 1256 1250 1250 1250 1299 1299 1299 1298 1298 1298 1301 1301 1301 1300 1300 1300 1302 1302 1302 1298 1298 1298 1300 1300 1300 1178 1178 1178 1303 1303 1303 1300 1300 1300 1168 1168 1168 1178 1178 1178 1301 1301 1301 1141 1141 1141 1140 1140 1140 1301 1301 1301 1304 1304 1304 1299 1299 1299 1302 1302 1302 1296 1296 1296 1256 1256 1256 1302 1302 1302 1300 1300 1300 1303 1303 1303 1303 1303 1303 1290 1290 1290 1189 1189 1189 1303 1303 1303 1305 1305 1305 1302 1302 1302 1269 1269 1269 1268 1268 1268 1279 1279 1279 1281 1281 1281 1279 1279 1279 1282 1282 1282 1281 1281 1281 1272 1272 1272 1269 1269 1269 1306 1306 1306 1307 1307 1307 1308 1308 1308 1307 1307 1307 1309 1309 1309 1310 1310 1310 1307 1307 1307 1311 1311 1311 1312 1312 1312 1311 1311 1311 1307 1307 1307 1310 1310 1310 1309 1309 1309 1307 1307 1307 1313 1313 1313 1309 1309 1309 1313 1313 1313 1314 1314 1314 1310 1310 1310 1315 1315 1315 1316 1316 1316 1310 1310 1310 1309 1309 1309 1315 1315 1315 1313 1313 1313 1307 1307 1307 1306 1306 1306 1314 1314 1314 1313 1313 1313 1317 1317 1317 1204 1204 1204 1231 1231 1231 1246 1246 1246 1204 1204 1204 1194 1194 1194 1202 1202 1202 1204 1204 1204 1246 1246 1246 1203 1203 1203 1261 1261 1261 1252 1252 1252 1258 1258 1258 1261 1261 1261 1260 1260 1260 1276 1276 1276 1261 1261 1261 1276 1276 1276 1271 1271 1271 1148 1148 1148 1145 1145 1145 1248 1248 1248 1148 1148 1148 1150 1150 1150 1139 1139 1139 1148 1148 1148 1195 1195 1195 1150 1150 1150 1174 1174 1174 1171 1171 1171 1244 1244 1244 1174 1174 1174 1264 1264 1264 1172 1172 1172 1237 1237 1237 1232 1232 1232 1236 1236 1236 1237 1237 1237 1286 1286 1286 1273 1273 1273 1240 1240 1240 1236 1236 1236 1239 1239 1239 1160 1160 1160 1318 1318 1318 1154 1154 1154 1160 1160 1160 1170 1170 1170 1319 1319 1319 1160 1160 1160 1153 1153 1153 1159 1159 1159 1159 1159 1159 1171 1171 1171 1161 1161 1161 1159 1159 1159 1163 1163 1163 1160 1160 1160 1141 1141 1141 1301 1301 1301 1250 1250 1250 1141 1141 1141 1145 1145 1145 1136 1136 1136 1250 1250 1250 1147 1147 1147 1141 1141 1141 1250 1250 1250 1301 1301 1301 1298 1298 1298 1140 1140 1140 1136 1136 1136 1135 1135 1135 1140 1140 1140 1142 1142 1142 1304 1304 1304 1227 1227 1227 1288 1288 1288 1225 1225 1225 1227 1227 1227 1291 1291 1291 1289 1289 1289 1226 1226 1226 1222 1222 1222 1223 1223 1223 1226 1226 1226 1224 1224 1224 1294 1294 1294 1225 1225 1225 1293 1293 1293 1221 1221 1221 1225 1225 1225 1222 1222 1222 1227 1227 1227 1221 1221 1221 1219 1219 1219 1225 1225 1225 1221 1221 1221 1220 1220 1220 1218 1218 1218 1221 1221 1221 1297 1297 1297 1220 1220 1220 1297 1297 1297 1187 1187 1187 1220 1220 1220 1305 1305 1305 1188 1188 1188 1296 1296 1296 1305 1305 1305 1303 1303 1303 1189 1189 1189 1189 1189 1189 1185 1185 1185 1305 1305 1305 1189 1189 1189 1184 1184 1184 1182 1182 1182 1296 1296 1296 1188 1188 1188 1295 1295 1295 1296 1296 1296 1302 1302 1302 1305 1305 1305 1296 1296 1296 1295 1295 1295 1263 1263 1263 1188 1188 1188 1187 1187 1187 1297 1297 1297 1188 1188 1188 1305 1305 1305 1185 1185 1185 1294 1294 1294 1189 1189 1189 1290 1290 1290 1294 1294 1294 1191 1191 1191 1189 1189 1189 1294 1294 1294 1291 1291 1291 1226 1226 1226 1290 1290 1290 1177 1177 1177 1291 1291 1291 1290 1290 1290 1303 1303 1303 1178 1178 1178 1224 1224 1224 1226 1226 1226 1223 1223 1223 1304 1304 1304 1301 1301 1301 1140 1140 1140 1142 1142 1142 1140 1140 1140 1135 1135 1135 1142 1142 1142 1138 1138 1138 1144 1144 1144 1318 1318 1318 1160 1160 1160 1319 1319 1319 1318 1318 1318 1170 1170 1170 1152 1152 1152 1170 1170 1170 1160 1160 1160 1163 1163 1163 1170 1170 1170 1318 1318 1318 1319 1319 1319 1256 1256 1256 1263 1263 1263 1251 1251 1251 1256 1256 1256 1298 1298 1298 1302 1302 1302 1178 1178 1178 1167 1167 1167 1177 1177 1177 1168 1168 1168 1299 1299 1299 1169 1169 1169 1168 1168 1168 1300 1300 1300 1299 1299 1299 1168 1168 1168 1162 1162 1162 1167 1167 1167 1211 1211 1211 1206 1206 1206 1209 1209 1209 1211 1211 1211 1223 1223 1223 1212 1212 1212 1209 1209 1209 1190 1190 1190 1191 1191 1191 1209 1209 1209 1294 1294 1294 1224 1224 1224 1209 1209 1209 1224 1224 1224 1211 1211 1211 1191 1191 1191 1294 1294 1294 1209 1209 1209 1181 1181 1181 1185 1185 1185 1179 1179 1179 1169 1169 1169 1299 1299 1299 1304 1304 1304 1169 1169 1169 1304 1304 1304 1170 1170 1170 1169 1169 1169 1163 1163 1163 1162 1162 1162 1152 1152 1152 1304 1304 1304 1142 1142 1142 1152 1152 1152 1137 1137 1137 1149 1149 1149 1152 1152 1152 1154 1154 1154 1318 1318 1318 1152 1152 1152 1170 1170 1170 1304 1304 1304 1152 1152 1152 1142 1142 1142 1143 1143 1143 1143 1143 1143 1138 1138 1138 1137 1137 1137 1143 1143 1143 1142 1142 1142 1144 1144 1144 1320 1320 1320 1321 1321 1321 1322 1322 1322 1320 1320 1320 1322 1322 1322 1323 1323 1323 1322 1322 1322 1324 1324 1324 1323 1323 1323 1323 1323 1323 1325 1325 1325 1326 1326 1326 1324 1324 1324 1327 1327 1327 1328 1328 1328 1324 1324 1324 1322 1322 1322 1327 1327 1327 1324 1324 1324 1329 1329 1329 1325 1325 1325 1330 1330 1330 1331 1331 1331 1320 1320 1320 1330 1330 1330 1320 1320 1320 1323 1323 1323 1330 1330 1330 1326 1326 1326 1332 1332 1332 1331 1331 1331 1333 1333 1333 1320 1320 1320 1331 1331 1331 1334 1334 1334 1333 1333 1333 1331 1331 1331 1335 1335 1335 1336 1336 1336 1326 1326 1326 1330 1330 1330 1323 1323 1323 1326 1326 1326 1337 1337 1337 1338 1338 1338 1332 1332 1332 1338 1338 1338 1339 1339 1339 1332 1332 1332 1335 1335 1335 1330 1330 1330 1325 1325 1325 1340 1340 1340 1337 1337 1337 1325 1325 1325 1323 1323 1323 1324 1324 1324 1337 1337 1337 1341 1341 1341 1342 1342 1342 1337 1337 1337 1326 1326 1326 1325 1325 1325 1338 1338 1338 1332 1332 1332 1326 1326 1326 1338 1338 1338 1337 1337 1337 1342 1342 1342 1339 1339 1339 1343 1343 1343 1344 1344 1344 1339 1339 1339 1345 1345 1345 1332 1332 1332 1346 1346 1346 1339 1339 1339 1338 1338 1338 1346 1346 1346 1338 1338 1338 1342 1342 1342 1342 1342 1342 1347 1347 1347 1348 1348 1348 1341 1341 1341 1340 1340 1340 1349 1349 1349 1341 1341 1341 1337 1337 1337 1340 1340 1340 1350 1350 1350 1351 1351 1351 1352 1352 1352 1351 1351 1351 1353 1353 1353 1354 1354 1354 1351 1351 1351 1350 1350 1350 1355 1355 1355 1352 1352 1352 1351 1351 1351 1356 1356 1356 1355 1355 1355 1357 1357 1357 1351 1351 1351 1355 1355 1355 1348 1348 1348 1347 1347 1347 1358 1358 1358 1356 1356 1356 1359 1359 1359 1358 1358 1358 1360 1360 1360 1361 1361 1361 1358 1358 1358 1362 1362 1362 1350 1350 1350 1358 1358 1358 1350 1350 1350 1352 1352 1352 1362 1362 1362 1348 1348 1348 1350 1350 1350 1362 1362 1362 1363 1363 1363 1348 1348 1348 1362 1362 1362 1361 1361 1361 1364 1364 1364 1356 1356 1356 1354 1354 1354 1365 1365 1365 1356 1356 1356 1365 1365 1365 1366 1366 1366 1356 1356 1356 1351 1351 1351 1354 1354 1354 1356 1356 1356 1358 1358 1358 1352 1352 1352 1359 1359 1359 1356 1356 1356 1366 1366 1366 1354 1354 1354 1367 1367 1367 1368 1368 1368 1369 1369 1369 1370 1370 1370 1371 1371 1371 1369 1369 1369 1372 1372 1372 1373 1373 1373 1370 1370 1370 1369 1369 1369 1374 1374 1374 1371 1371 1371 1375 1375 1375 1369 1369 1369 1371 1371 1371 1376 1376 1376 1377 1377 1377 1374 1374 1374 1373 1373 1373 1378 1378 1378 1373 1373 1373 1374 1374 1374 1369 1369 1369 1378 1378 1378 1376 1376 1376 1370 1370 1370 1378 1378 1378 1379 1379 1379 1380 1380 1380 1378 1378 1378 1370 1370 1370 1374 1374 1374 1343 1343 1343 1339 1339 1339 1346 1346 1346 1343 1343 1343 1363 1363 1363 1381 1381 1381 1344 1344 1344 1382 1382 1382 1345 1345 1345 1344 1344 1344 1383 1383 1383 1384 1384 1384 1345 1345 1345 1385 1385 1385 1335 1335 1335 1345 1345 1345 1339 1339 1339 1344 1344 1344 1382 1382 1382 1344 1344 1344 1384 1384 1384 1384 1384 1384 1386 1386 1386 1382 1382 1382 1384 1384 1384 1387 1387 1387 1388 1388 1388 1383 1383 1383 1344 1344 1344 1343 1343 1343 1383 1383 1383 1389 1389 1389 1387 1387 1387 1383 1383 1383 1381 1381 1381 1390 1390 1390 1391 1391 1391 1392 1392 1392 1393 1393 1393 1391 1391 1391 1379 1379 1379 1394 1394 1394 1379 1379 1379 1395 1395 1395 1380 1380 1380 1379 1379 1379 1378 1378 1378 1373 1373 1373 1379 1379 1379 1396 1396 1396 1395 1395 1395 1379 1379 1379 1391 1391 1391 1396 1396 1396 1394 1394 1394 1397 1397 1397 1391 1391 1391 1394 1394 1394 1372 1372 1372 1398 1398 1398 1394 1394 1394 1379 1379 1379 1372 1372 1372 1396 1396 1396 1393 1393 1393 1399 1399 1399 1396 1396 1396 1399 1399 1399 1400 1400 1400 1396 1396 1396 1400 1400 1400 1395 1395 1395 1397 1397 1397 1401 1401 1401 1392 1392 1392 1397 1397 1397 1394 1394 1394 1402 1402 1402 1402 1402 1402 1398 1398 1398 1401 1401 1401 1398 1398 1398 1402 1402 1402 1394 1394 1394 1372 1372 1372 1369 1369 1369 1375 1375 1375 1372 1372 1372 1379 1379 1379 1373 1373 1373 1372 1372 1372 1403 1403 1403 1398 1398 1398 1392 1392 1392 1404 1404 1404 1405 1405 1405 1392 1392 1392 1391 1391 1391 1397 1397 1397 1404 1404 1404 1392 1392 1392 1401 1401 1401 1404 1404 1404 1406 1406 1406 1407 1407 1407 1405 1405 1405 1407 1407 1407 1408 1408 1408 1405 1405 1405 1393 1393 1393 1392 1392 1392 1401 1401 1401 1403 1403 1403 1404 1404 1404 1401 1401 1401 1397 1397 1397 1402 1402 1402 1403 1403 1403 1372 1372 1372 1375 1375 1375 1403 1403 1403 1375 1375 1375 1406 1406 1406 1403 1403 1403 1401 1401 1401 1398 1398 1398 1406 1406 1406 1404 1404 1404 1403 1403 1403 1406 1406 1406 1375 1375 1375 1409 1409 1409 1410 1410 1410 1411 1411 1411 1412 1412 1412 1410 1410 1410 1408 1408 1408 1413 1413 1413 1410 1410 1410 1412 1412 1412 1393 1393 1393 1412 1412 1412 1400 1400 1400 1399 1399 1399 1393 1393 1393 1396 1396 1396 1391 1391 1391 1393 1393 1393 1412 1412 1412 1399 1399 1399 1393 1393 1393 1405 1405 1405 1410 1410 1410 1414 1414 1414 1415 1415 1415 1416 1416 1416 1414 1414 1414 1387 1387 1387 1389 1389 1389 1414 1414 1414 1417 1417 1417 1415 1415 1415 1414 1414 1414 1416 1416 1416 1418 1418 1418 1415 1415 1415 1419 1419 1419 1420 1420 1420 1415 1415 1415 1420 1420 1420 1416 1416 1416 1416 1416 1416 1420 1420 1420 1421 1421 1421 1416 1416 1416 1421 1421 1421 1422 1422 1422 1420 1420 1420 1423 1423 1423 1424 1424 1424 1425 1425 1425 1414 1414 1414 1418 1418 1418 1425 1425 1425 1388 1388 1388 1387 1387 1387 1418 1418 1418 1426 1426 1426 1425 1425 1425 1418 1418 1418 1416 1416 1416 1422 1422 1422 1422 1422 1422 1427 1427 1427 1418 1418 1418 1424 1424 1424 1421 1421 1421 1420 1420 1420 1364 1364 1364 1390 1390 1390 1381 1381 1381 1364 1364 1364 1428 1428 1428 1429 1429 1429 1364 1364 1364 1363 1363 1363 1362 1362 1362 1363 1363 1363 1346 1346 1346 1342 1342 1342 1363 1363 1363 1364 1364 1364 1381 1381 1381 1363 1363 1363 1343 1343 1343 1346 1346 1346 1363 1363 1363 1342 1342 1342 1348 1348 1348 1381 1381 1381 1383 1383 1383 1343 1343 1343 1390 1390 1390 1364 1364 1364 1429 1429 1429 1390 1390 1390 1429 1429 1429 1389 1389 1389 1429 1429 1429 1430 1430 1430 1417 1417 1417 1336 1336 1336 1385 1385 1385 1431 1431 1431 1336 1336 1336 1334 1334 1334 1331 1331 1331 1334 1334 1334 1336 1336 1336 1432 1432 1432 1334 1334 1334 1433 1433 1433 1434 1434 1434 1334 1334 1334 1435 1435 1435 1333 1333 1333 1334 1334 1334 1434 1434 1434 1435 1435 1435 1432 1432 1432 1436 1436 1436 1433 1433 1433 1432 1432 1432 1431 1431 1431 1437 1437 1437 1433 1433 1433 1334 1334 1334 1432 1432 1432 1433 1433 1433 1438 1438 1438 1434 1434 1434 1434 1434 1434 1438 1438 1438 1439 1439 1439 1434 1434 1434 1440 1440 1440 1435 1435 1435 1436 1436 1436 1432 1432 1432 1437 1437 1437 1436 1436 1436 1441 1441 1441 1433 1433 1433 1437 1437 1437 1442 1442 1442 1436 1436 1436 1431 1431 1431 1432 1432 1432 1336 1336 1336 1431 1431 1431 1443 1443 1443 1444 1444 1444 1438 1438 1438 1433 1433 1433 1441 1441 1441 1438 1438 1438 1366 1366 1366 1445 1445 1445 1438 1438 1438 1360 1360 1360 1359 1359 1359 1441 1441 1441 1446 1446 1446 1360 1360 1360 1441 1441 1441 1436 1436 1436 1447 1447 1447 1360 1360 1360 1438 1438 1438 1441 1441 1441 1360 1360 1360 1358 1358 1358 1359 1359 1359 1446 1446 1446 1361 1361 1361 1360 1360 1360 1446 1446 1446 1447 1447 1447 1448 1448 1448 1446 1446 1446 1441 1441 1441 1447 1447 1447 1447 1447 1447 1442 1442 1442 1449 1449 1449 1444 1444 1444 1450 1450 1450 1451 1451 1451 1444 1444 1444 1452 1452 1452 1431 1431 1431 1450 1450 1450 1453 1453 1453 1454 1454 1454 1450 1450 1450 1444 1444 1444 1443 1443 1443 1450 1450 1450 1386 1386 1386 1453 1453 1453 1451 1451 1451 1455 1455 1455 1444 1444 1444 1451 1451 1451 1454 1454 1454 1456 1456 1456 1443 1443 1443 1431 1431 1431 1385 1385 1385 1443 1443 1443 1386 1386 1386 1450 1450 1450 1443 1443 1443 1382 1382 1382 1386 1386 1386 1386 1386 1386 1384 1384 1384 1388 1388 1388 1453 1453 1453 1388 1388 1388 1426 1426 1426 1453 1453 1453 1457 1457 1457 1454 1454 1454 1453 1453 1453 1426 1426 1426 1457 1457 1457 1385 1385 1385 1382 1382 1382 1443 1443 1443 1385 1385 1385 1336 1336 1336 1335 1335 1335 1385 1385 1385 1345 1345 1345 1382 1382 1382 1388 1388 1388 1453 1453 1453 1386 1386 1386 1388 1388 1388 1425 1425 1425 1426 1426 1426 1426 1426 1426 1418 1418 1418 1427 1427 1427 1387 1387 1387 1414 1414 1414 1425 1425 1425 1387 1387 1387 1384 1384 1384 1383 1383 1383 1417 1417 1417 1458 1458 1458 1415 1415 1415 1458 1458 1458 1417 1417 1417 1430 1430 1430 1458 1458 1458 1459 1459 1459 1419 1419 1419 1430 1430 1430 1429 1429 1429 1428 1428 1428 1430 1430 1430 1460 1460 1460 1458 1458 1458 1460 1460 1460 1461 1461 1461 1459 1459 1459 1460 1460 1460 1430 1430 1430 1448 1448 1448 1448 1448 1448 1428 1428 1428 1446 1446 1446 1448 1448 1448 1449 1449 1449 1460 1460 1460 1428 1428 1428 1364 1364 1364 1361 1361 1361 1428 1428 1428 1448 1448 1448 1430 1430 1430 1449 1449 1449 1448 1448 1448 1447 1447 1447 1449 1449 1449 1462 1462 1462 1461 1461 1461 1461 1461 1461 1460 1460 1460 1449 1449 1449 1461 1461 1461 1463 1463 1463 1464 1464 1464 1462 1462 1462 1449 1449 1449 1442 1442 1442 1462 1462 1462 1455 1455 1455 1463 1463 1463 1462 1462 1462 1452 1452 1452 1455 1455 1455 1442 1442 1442 1437 1437 1437 1452 1452 1452 1442 1442 1442 1447 1447 1447 1436 1436 1436 1456 1456 1456 1455 1455 1455 1451 1451 1451 1456 1456 1456 1465 1465 1465 1466 1466 1466 1455 1455 1455 1456 1456 1456 1467 1467 1467 1455 1455 1455 1452 1452 1452 1444 1444 1444 1467 1467 1467 1466 1466 1466 1468 1468 1468 1467 1467 1467 1463 1463 1463 1455 1455 1455 1463 1463 1463 1467 1467 1467 1469 1469 1469 1463 1463 1463 1461 1461 1461 1462 1462 1462 1468 1468 1468 1469 1469 1469 1467 1467 1467 1469 1469 1469 1464 1464 1464 1463 1463 1463 1466 1466 1466 1467 1467 1467 1456 1456 1456 1464 1464 1464 1459 1459 1459 1461 1461 1461 1464 1464 1464 1469 1469 1469 1470 1470 1470 1459 1459 1459 1458 1458 1458 1460 1460 1460 1459 1459 1459 1464 1464 1464 1471 1471 1471 1470 1470 1470 1471 1471 1471 1464 1464 1464 1471 1471 1471 1419 1419 1419 1459 1459 1459 1427 1427 1427 1457 1457 1457 1426 1426 1426 1427 1427 1427 1422 1422 1422 1472 1472 1472 1457 1457 1457 1473 1473 1473 1465 1465 1465 1457 1457 1457 1472 1472 1472 1473 1473 1473 1472 1472 1472 1457 1457 1457 1427 1427 1427 1365 1365 1365 1368 1368 1368 1474 1474 1474 1365 1365 1365 1474 1474 1474 1475 1475 1475 1365 1365 1365 1354 1354 1354 1368 1368 1368 1368 1368 1368 1476 1476 1476 1477 1477 1477 1366 1366 1366 1438 1438 1438 1359 1359 1359 1366 1366 1366 1365 1365 1365 1475 1475 1475 1475 1475 1475 1445 1445 1445 1366 1366 1366 1475 1475 1475 1413 1413 1413 1408 1408 1408 1474 1474 1474 1368 1368 1368 1477 1477 1477 1474 1474 1474 1477 1477 1477 1413 1413 1413 1477 1477 1477 1478 1478 1478 1411 1411 1411 1445 1445 1445 1475 1475 1475 1479 1479 1479 1445 1445 1445 1439 1439 1439 1438 1438 1438 1439 1439 1439 1445 1445 1445 1480 1480 1480 1439 1439 1439 1481 1481 1481 1440 1440 1440 1479 1479 1479 1480 1480 1480 1445 1445 1445 1479 1479 1479 1408 1408 1408 1407 1407 1407 1480 1480 1480 1481 1481 1481 1439 1439 1439 1480 1480 1480 1479 1479 1479 1482 1482 1482 1480 1480 1480 1483 1483 1483 1481 1481 1481 1480 1480 1480 1482 1482 1482 1483 1483 1483 1484 1484 1484 1435 1435 1435 1440 1440 1440 1484 1484 1484 1485 1485 1485 1486 1486 1486 1485 1485 1485 1484 1484 1484 1487 1487 1487 1486 1486 1486 1488 1488 1488 1321 1321 1321 1487 1487 1487 1489 1489 1489 1490 1490 1490 1487 1487 1487 1353 1353 1353 1485 1485 1485 1489 1489 1489 1487 1487 1487 1484 1484 1484 1490 1490 1490 1367 1367 1367 1487 1487 1487 1490 1490 1490 1377 1377 1377 1376 1376 1376 1454 1454 1454 1451 1451 1451 1450 1450 1450 1454 1454 1454 1457 1457 1457 1465 1465 1465 1465 1465 1465 1456 1456 1456 1454 1454 1454 1491 1491 1491 1492 1492 1492 1493 1493 1493 1491 1491 1491 1494 1494 1494 1492 1492 1492 1494 1494 1494 1495 1495 1495 1496 1496 1496 1494 1494 1494 1497 1497 1497 1492 1492 1492 1494 1494 1494 1491 1491 1491 1498 1498 1498 1498 1498 1498 1499 1499 1499 1500 1500 1500 1499 1499 1499 1498 1498 1498 1491 1491 1491 1497 1497 1497 1494 1494 1494 1501 1501 1501 1493 1493 1493 1492 1492 1492 1502 1502 1502 1495 1495 1495 1494 1494 1494 1498 1498 1498 1389 1389 1389 1383 1383 1383 1390 1390 1390 1389 1389 1389 1417 1417 1417 1414 1414 1414 1389 1389 1389 1429 1429 1429 1417 1417 1417 1452 1452 1452 1437 1437 1437 1431 1431 1431 1452 1452 1452 1462 1462 1462 1442 1442 1442 1335 1335 1335 1332 1332 1332 1345 1345 1345 1335 1335 1335 1331 1331 1331 1330 1330 1330 1361 1361 1361 1446 1446 1446 1428 1428 1428 1361 1361 1361 1362 1362 1362 1358 1358 1358 1419 1419 1419 1471 1471 1471 1423 1423 1423 1419 1419 1419 1415 1415 1415 1458 1458 1458 1423 1423 1423 1420 1420 1420 1419 1419 1419 1347 1347 1347 1342 1342 1342 1341 1341 1341 1347 1347 1347 1503 1503 1503 1355 1355 1355 1347 1347 1347 1349 1349 1349 1504 1504 1504 1347 1347 1347 1341 1341 1341 1349 1349 1349 1348 1348 1348 1355 1355 1355 1350 1350 1350 1435 1435 1435 1486 1486 1486 1333 1333 1333 1435 1435 1435 1484 1484 1484 1486 1486 1486 1333 1333 1333 1486 1486 1486 1321 1321 1321 1333 1333 1333 1321 1321 1321 1320 1320 1320 1321 1321 1321 1327 1327 1327 1322 1322 1322 1413 1413 1413 1475 1475 1475 1474 1474 1474 1413 1413 1413 1477 1477 1477 1411 1411 1411 1413 1413 1413 1411 1411 1411 1410 1410 1410 1411 1411 1411 1505 1505 1505 1412 1412 1412 1408 1408 1408 1479 1479 1479 1475 1475 1475 1408 1408 1408 1410 1410 1410 1405 1405 1405 1407 1407 1407 1482 1482 1482 1479 1479 1479 1407 1407 1407 1405 1405 1405 1404 1404 1404 1407 1407 1407 1406 1406 1406 1482 1482 1482 1482 1482 1482 1406 1406 1406 1409 1409 1409 1482 1482 1482 1409 1409 1409 1483 1483 1483 1377 1377 1377 1490 1490 1490 1489 1489 1489 1376 1376 1376 1378 1378 1378 1380 1380 1380 1376 1376 1376 1476 1476 1476 1490 1490 1490 1376 1376 1376 1380 1380 1380 1478 1478 1478 1376 1376 1376 1371 1371 1371 1370 1370 1370 1483 1483 1483 1371 1371 1371 1377 1377 1377 1483 1483 1483 1377 1377 1377 1481 1481 1481 1481 1481 1481 1489 1489 1489 1440 1440 1440 1481 1481 1481 1377 1377 1377 1489 1489 1489 1409 1409 1409 1371 1371 1371 1483 1483 1483 1478 1478 1478 1477 1477 1477 1476 1476 1476 1478 1478 1478 1395 1395 1395 1505 1505 1505 1476 1476 1476 1376 1376 1376 1478 1478 1478 1476 1476 1476 1368 1368 1368 1367 1367 1367 1505 1505 1505 1411 1411 1411 1478 1478 1478 1505 1505 1505 1395 1395 1395 1400 1400 1400 1488 1488 1488 1486 1486 1486 1485 1485 1485 1488 1488 1488 1340 1340 1340 1327 1327 1327 1327 1327 1327 1329 1329 1329 1328 1328 1328 1327 1327 1327 1321 1321 1321 1488 1488 1488 1349 1349 1349 1503 1503 1503 1504 1504 1504 1503 1503 1503 1347 1347 1347 1504 1504 1504 1503 1503 1503 1349 1349 1349 1340 1340 1340 1503 1503 1503 1488 1488 1488 1357 1357 1357 1440 1440 1440 1434 1434 1434 1439 1439 1439 1440 1440 1440 1489 1489 1489 1484 1484 1484 1367 1367 1367 1354 1354 1354 1353 1353 1353 1367 1367 1367 1490 1490 1490 1476 1476 1476 1353 1353 1353 1487 1487 1487 1367 1367 1367 1353 1353 1353 1351 1351 1351 1357 1357 1357 1400 1400 1400 1412 1412 1412 1505 1505 1505 1395 1395 1395 1478 1478 1478 1380 1380 1380 1375 1375 1375 1371 1371 1371 1409 1409 1409 1357 1357 1357 1485 1485 1485 1353 1353 1353 1357 1357 1357 1488 1488 1488 1485 1485 1485 1357 1357 1357 1355 1355 1355 1503 1503 1503 1340 1340 1340 1488 1488 1488 1503 1503 1503 1340 1340 1340 1325 1325 1325 1329 1329 1329 1329 1329 1329 1327 1327 1327 1340 1340 1340 1329 1329 1329 1324 1324 1324 1328 1328 1328 1506 1506 1506 1507 1507 1507 1508 1508 1508 1506 1506 1506 1509 1509 1509 1510 1510 1510 1506 1506 1506 1511 1511 1511 1512 1512 1512 1507 1507 1507 1506 1506 1506 1513 1513 1513 1507 1507 1507 1514 1514 1514 1515 1515 1515 1507 1507 1507 1516 1516 1516 1508 1508 1508 1508 1508 1508 1517 1517 1517 1518 1518 1518 1513 1513 1513 1519 1519 1519 1520 1520 1520 1513 1513 1513 1512 1512 1512 1521 1521 1521 1513 1513 1513 1522 1522 1522 1507 1507 1507 1512 1512 1512 1523 1523 1523 1524 1524 1524 1512 1512 1512 1513 1513 1513 1506 1506 1506 1521 1521 1521 1524 1524 1524 1525 1525 1525 1519 1519 1519 1526 1526 1526 1520 1520 1520 1519 1519 1519 1525 1525 1525 1527 1527 1527 1519 1519 1519 1513 1513 1513 1521 1521 1521 1520 1520 1520 1528 1528 1528 1522 1522 1522 1522 1522 1522 1514 1514 1514 1507 1507 1507 1522 1522 1522 1529 1529 1529 1514 1514 1514 1522 1522 1522 1513 1513 1513 1520 1520 1520 1530 1530 1530 1531 1531 1531 1532 1532 1532 1530 1530 1530 1527 1527 1527 1533 1533 1533 1531 1531 1531 1534 1534 1534 1532 1532 1532 1531 1531 1531 1530 1530 1530 1535 1535 1535 1532 1532 1532 1536 1536 1536 1528 1528 1528 1532 1532 1532 1526 1526 1526 1530 1530 1530 1535 1535 1535 1537 1537 1537 1538 1538 1538 1535 1535 1535 1539 1539 1539 1531 1531 1531 1535 1535 1535 1533 1533 1533 1540 1540 1540 1533 1533 1533 1525 1525 1525 1541 1541 1541 1533 1533 1533 1535 1535 1535 1530 1530 1530 1540 1540 1540 1542 1542 1542 1537 1537 1537 1540 1540 1540 1541 1541 1541 1542 1542 1542 1537 1537 1537 1535 1535 1535 1540 1540 1540 1537 1537 1537 1542 1542 1542 1543 1543 1543 1537 1537 1537 1544 1544 1544 1538 1538 1538 1539 1539 1539 1544 1544 1544 1545 1545 1545 1539 1539 1539 1535 1535 1535 1538 1538 1538 1539 1539 1539 1546 1546 1546 1531 1531 1531 1547 1547 1547 1548 1548 1548 1549 1549 1549 1547 1547 1547 1550 1550 1550 1551 1551 1551 1550 1550 1550 1547 1547 1547 1552 1552 1552 1550 1550 1550 1553 1553 1553 1554 1554 1554 1551 1551 1551 1543 1543 1543 1548 1548 1548 1551 1551 1551 1545 1545 1545 1544 1544 1544 1552 1552 1552 1555 1555 1555 1553 1553 1553 1548 1548 1548 1556 1556 1556 1549 1549 1549 1548 1548 1548 1547 1547 1547 1551 1551 1551 1549 1549 1549 1556 1556 1556 1557 1557 1557 1558 1558 1558 1547 1547 1547 1549 1549 1549 1558 1558 1558 1559 1559 1559 1560 1560 1560 1558 1558 1558 1549 1549 1549 1557 1557 1557 1558 1558 1558 1561 1561 1561 1547 1547 1547 1561 1561 1561 1552 1552 1552 1547 1547 1547 1561 1561 1561 1560 1560 1560 1562 1562 1562 1561 1561 1561 1563 1563 1563 1552 1552 1552 1563 1563 1563 1562 1562 1562 1564 1564 1564 1563 1563 1563 1561 1561 1561 1562 1562 1562 1563 1563 1563 1565 1565 1565 1555 1555 1555 1566 1566 1566 1567 1567 1567 1568 1568 1568 1566 1566 1566 1569 1569 1569 1570 1570 1570 1566 1566 1566 1568 1568 1568 1571 1571 1571 1567 1567 1567 1572 1572 1572 1568 1568 1568 1567 1567 1567 1566 1566 1566 1573 1573 1573 1567 1567 1567 1574 1574 1574 1575 1575 1575 1568 1568 1568 1576 1576 1576 1577 1577 1577 1568 1568 1568 1578 1578 1578 1579 1579 1579 1573 1573 1573 1580 1580 1580 1574 1574 1574 1573 1573 1573 1570 1570 1570 1581 1581 1581 1570 1570 1570 1559 1559 1559 1557 1557 1557 1570 1570 1570 1556 1556 1556 1582 1582 1582 1570 1570 1570 1573 1573 1573 1566 1566 1566 1581 1581 1581 1511 1511 1511 1580 1580 1580 1581 1581 1581 1582 1582 1582 1523 1523 1523 1580 1580 1580 1510 1510 1510 1574 1574 1574 1580 1580 1580 1573 1573 1573 1581 1581 1581 1574 1574 1574 1567 1567 1567 1573 1573 1573 1575 1575 1575 1583 1583 1583 1567 1567 1567 1575 1575 1575 1510 1510 1510 1509 1509 1509 1579 1579 1579 1555 1555 1555 1568 1568 1568 1579 1579 1579 1554 1554 1554 1553 1553 1553 1554 1554 1554 1579 1579 1579 1584 1584 1584 1554 1554 1554 1534 1534 1534 1546 1546 1546 1554 1554 1554 1584 1584 1584 1534 1534 1534 1554 1554 1554 1545 1545 1545 1550 1550 1550 1553 1553 1553 1550 1550 1550 1552 1552 1552 1584 1584 1584 1578 1578 1578 1585 1585 1585 1584 1584 1584 1585 1585 1585 1586 1586 1586 1555 1555 1555 1579 1579 1579 1553 1553 1553 1555 1555 1555 1565 1565 1565 1587 1587 1587 1555 1555 1555 1552 1552 1552 1563 1563 1563 1555 1555 1555 1588 1588 1588 1568 1568 1568 1523 1523 1523 1589 1589 1589 1524 1524 1524 1523 1523 1523 1512 1512 1512 1511 1511 1511 1589 1589 1589 1542 1542 1542 1541 1541 1541 1589 1589 1589 1523 1523 1523 1582 1582 1582 1524 1524 1524 1541 1541 1541 1525 1525 1525 1524 1524 1524 1521 1521 1521 1512 1512 1512 1582 1582 1582 1590 1590 1590 1589 1589 1589 1582 1582 1582 1581 1581 1581 1570 1570 1570 1511 1511 1511 1581 1581 1581 1523 1523 1523 1511 1511 1511 1506 1506 1506 1510 1510 1510 1556 1556 1556 1548 1548 1548 1590 1590 1590 1556 1556 1556 1570 1570 1570 1557 1557 1557 1590 1590 1590 1582 1582 1582 1556 1556 1556 1590 1590 1590 1543 1543 1543 1542 1542 1542 1591 1591 1591 1572 1572 1572 1592 1592 1592 1591 1591 1591 1593 1593 1593 1594 1594 1594 1593 1593 1593 1591 1591 1591 1595 1595 1595 1593 1593 1593 1596 1596 1596 1597 1597 1597 1594 1594 1594 1597 1597 1597 1598 1598 1598 1594 1594 1594 1578 1578 1578 1591 1591 1591 1595 1595 1595 1592 1592 1592 1599 1599 1599 1595 1595 1595 1600 1600 1600 1601 1601 1601 1595 1595 1595 1602 1602 1602 1593 1593 1593 1592 1592 1592 1583 1583 1583 1603 1603 1603 1592 1592 1592 1595 1595 1595 1591 1591 1591 1599 1599 1599 1603 1603 1603 1604 1604 1604 1600 1600 1600 1595 1595 1595 1599 1599 1599 1600 1600 1600 1605 1605 1605 1601 1601 1601 1600 1600 1600 1604 1604 1604 1606 1606 1606 1602 1602 1602 1605 1605 1605 1596 1596 1596 1602 1602 1602 1595 1595 1595 1601 1601 1601 1528 1528 1528 1529 1529 1529 1522 1522 1522 1528 1528 1528 1536 1536 1536 1529 1529 1529 1528 1528 1528 1520 1520 1520 1526 1526 1526 1526 1526 1526 1532 1532 1532 1528 1528 1528 1526 1526 1526 1519 1519 1519 1527 1527 1527 1527 1527 1527 1530 1530 1530 1526 1526 1526 1607 1607 1607 1608 1608 1608 1609 1609 1609 1608 1608 1608 1610 1610 1610 1611 1611 1611 1608 1608 1608 1612 1612 1612 1613 1613 1613 1609 1609 1609 1515 1515 1515 1514 1514 1514 1609 1609 1609 1608 1608 1608 1611 1611 1611 1611 1611 1611 1614 1614 1614 1609 1609 1609 1611 1611 1611 1610 1610 1610 1615 1615 1615 1612 1612 1612 1608 1608 1608 1607 1607 1607 1612 1612 1612 1616 1616 1616 1613 1613 1613 1613 1613 1613 1610 1610 1610 1608 1608 1608 1610 1610 1610 1613 1613 1613 1617 1617 1617 1617 1617 1617 1618 1618 1618 1610 1610 1610 1617 1617 1617 1616 1616 1616 1619 1619 1619 1615 1615 1615 1618 1618 1618 1620 1620 1620 1542 1542 1542 1589 1589 1589 1590 1590 1590 1543 1543 1543 1551 1551 1551 1544 1544 1544 1543 1543 1543 1590 1590 1590 1548 1548 1548 1541 1541 1541 1540 1540 1540 1533 1533 1533 1541 1541 1541 1524 1524 1524 1589 1589 1589 1525 1525 1525 1533 1533 1533 1527 1527 1527 1525 1525 1525 1519 1519 1519 1521 1521 1521 1534 1534 1534 1536 1536 1536 1532 1532 1532 1534 1534 1534 1584 1584 1584 1621 1621 1621 1534 1534 1534 1621 1621 1621 1622 1622 1622 1534 1534 1534 1531 1531 1531 1546 1546 1546 1546 1546 1546 1539 1539 1539 1545 1545 1545 1545 1545 1545 1554 1554 1554 1546 1546 1546 1545 1545 1545 1551 1551 1551 1550 1550 1550 1544 1544 1544 1537 1537 1537 1543 1543 1543 1544 1544 1544 1539 1539 1539 1538 1538 1538 1510 1510 1510 1575 1575 1575 1574 1574 1574 1510 1510 1510 1580 1580 1580 1511 1511 1511 1509 1509 1509 1623 1623 1623 1575 1575 1575 1509 1509 1509 1506 1506 1506 1508 1508 1508 1509 1509 1509 1624 1624 1624 1625 1625 1625 1618 1618 1618 1615 1615 1615 1610 1610 1610 1618 1618 1618 1617 1617 1617 1619 1619 1619 1618 1618 1618 1626 1626 1626 1627 1627 1627 1618 1618 1618 1628 1628 1628 1620 1620 1620 1626 1626 1626 1618 1618 1618 1619 1619 1619 1628 1628 1628 1629 1629 1629 1620 1620 1620 1628 1628 1628 1618 1618 1618 1627 1627 1627 1628 1628 1628 1630 1630 1630 1631 1631 1631 1630 1630 1630 1627 1627 1627 1632 1632 1632 1630 1630 1630 1633 1633 1633 1634 1634 1634 1630 1630 1630 1635 1635 1635 1631 1631 1631 1630 1630 1630 1628 1628 1628 1627 1627 1627 1633 1633 1633 1517 1517 1517 1634 1634 1634 1633 1633 1633 1630 1630 1630 1632 1632 1632 1633 1633 1633 1632 1632 1632 1636 1636 1636 1634 1634 1634 1516 1516 1516 1635 1635 1635 1632 1632 1632 1627 1627 1627 1626 1626 1626 1635 1635 1635 1630 1630 1630 1634 1634 1634 1635 1635 1635 1515 1515 1515 1614 1614 1614 1631 1631 1631 1614 1614 1614 1629 1629 1629 1614 1614 1614 1631 1631 1631 1635 1635 1635 1614 1614 1614 1611 1611 1611 1629 1629 1629 1629 1629 1629 1611 1611 1611 1615 1615 1615 1629 1629 1629 1615 1615 1615 1620 1620 1620 1629 1629 1629 1628 1628 1628 1631 1631 1631 1636 1636 1636 1616 1616 1616 1612 1612 1612 1636 1636 1636 1632 1632 1632 1616 1616 1616 1616 1616 1616 1632 1632 1632 1626 1626 1626 1616 1616 1616 1626 1626 1626 1619 1619 1619 1616 1616 1616 1617 1617 1617 1613 1613 1613 1605 1605 1605 1637 1637 1637 1596 1596 1596 1605 1605 1605 1638 1638 1638 1637 1637 1637 1605 1605 1605 1602 1602 1602 1601 1601 1601 1605 1605 1605 1600 1600 1600 1606 1606 1606 1605 1605 1605 1639 1639 1639 1638 1638 1638 1637 1637 1637 1597 1597 1597 1596 1596 1596 1596 1596 1596 1593 1593 1593 1602 1602 1602 1639 1639 1639 1605 1605 1605 1606 1606 1606 1639 1639 1639 1640 1640 1640 1638 1638 1638 1598 1598 1598 1597 1597 1597 1641 1641 1641 1597 1597 1597 1594 1594 1594 1593 1593 1593 1597 1597 1597 1637 1637 1637 1642 1642 1642 1641 1641 1641 1642 1642 1642 1643 1643 1643 1641 1641 1641 1597 1597 1597 1642 1642 1642 1642 1642 1642 1637 1637 1637 1640 1640 1640 1643 1643 1643 1642 1642 1642 1640 1640 1640 1643 1643 1643 1644 1644 1644 1645 1645 1645 1644 1644 1644 1603 1603 1603 1645 1645 1645 1644 1644 1644 1639 1639 1639 1604 1604 1604 1644 1644 1644 1643 1643 1643 1640 1640 1640 1640 1640 1640 1639 1639 1639 1644 1644 1644 1640 1640 1640 1637 1637 1637 1638 1638 1638 1603 1603 1603 1644 1644 1644 1604 1604 1604 1603 1603 1603 1599 1599 1599 1592 1592 1592 1603 1603 1603 1623 1623 1623 1645 1645 1645 1604 1604 1604 1600 1600 1600 1599 1599 1599 1604 1604 1604 1639 1639 1639 1606 1606 1606 1560 1560 1560 1646 1646 1646 1562 1562 1562 1560 1560 1560 1647 1647 1647 1646 1646 1646 1560 1560 1560 1561 1561 1561 1558 1558 1558 1647 1647 1647 1648 1648 1648 1646 1646 1646 1647 1647 1647 1560 1560 1560 1559 1559 1559 1647 1647 1647 1569 1569 1569 1649 1649 1649 1646 1646 1646 1648 1648 1648 1564 1564 1564 1559 1559 1559 1558 1558 1558 1557 1557 1557 1559 1559 1559 1570 1570 1570 1569 1569 1569 1569 1569 1569 1647 1647 1647 1559 1559 1559 1569 1569 1569 1566 1566 1566 1571 1571 1571 1649 1649 1649 1650 1650 1650 1647 1647 1647 1649 1649 1649 1569 1569 1569 1571 1571 1571 1562 1562 1562 1646 1646 1646 1564 1564 1564 1564 1564 1564 1648 1648 1648 1651 1651 1651 1564 1564 1564 1565 1565 1565 1563 1563 1563 1571 1571 1571 1568 1568 1568 1577 1577 1577 1571 1571 1571 1577 1577 1577 1649 1649 1649 1577 1577 1577 1652 1652 1652 1649 1649 1649 1652 1652 1652 1653 1653 1653 1650 1650 1650 1652 1652 1652 1577 1577 1577 1576 1576 1576 1576 1576 1576 1568 1568 1568 1588 1588 1588 1576 1576 1576 1653 1653 1653 1652 1652 1652 1588 1588 1588 1555 1555 1555 1587 1587 1587 1654 1654 1654 1587 1587 1587 1655 1655 1655 1654 1654 1654 1576 1576 1576 1588 1588 1588 1656 1656 1656 1576 1576 1576 1654 1654 1654 1653 1653 1653 1576 1576 1576 1656 1656 1656 1653 1653 1653 1657 1657 1657 1658 1658 1658 1657 1657 1657 1654 1654 1654 1655 1655 1655 1657 1657 1657 1656 1656 1656 1654 1654 1654 1657 1657 1657 1659 1659 1659 1660 1660 1660 1657 1657 1657 1661 1661 1661 1658 1658 1658 1657 1657 1657 1653 1653 1653 1656 1656 1656 1659 1659 1659 1657 1657 1657 1655 1655 1655 1659 1659 1659 1651 1651 1651 1660 1660 1660 1660 1660 1660 1651 1651 1651 1661 1661 1661 1661 1661 1661 1650 1650 1650 1658 1658 1658 1661 1661 1661 1657 1657 1657 1660 1660 1660 1648 1648 1648 1647 1647 1647 1650 1650 1650 1648 1648 1648 1661 1661 1661 1651 1651 1651 1650 1650 1650 1649 1649 1649 1652 1652 1652 1650 1650 1650 1653 1653 1653 1658 1658 1658 1650 1650 1650 1661 1661 1661 1648 1648 1648 1587 1587 1587 1654 1654 1654 1588 1588 1588 1587 1587 1587 1659 1659 1659 1655 1655 1655 1565 1565 1565 1659 1659 1659 1587 1587 1587 1565 1565 1565 1564 1564 1564 1651 1651 1651 1651 1651 1651 1659 1659 1659 1565 1565 1565 1572 1572 1572 1567 1567 1567 1583 1583 1583 1572 1572 1572 1591 1591 1591 1578 1578 1578 1583 1583 1583 1575 1575 1575 1623 1623 1623 1583 1583 1583 1592 1592 1592 1572 1572 1572 1623 1623 1623 1509 1509 1509 1625 1625 1625 1623 1623 1623 1603 1603 1603 1583 1583 1583 1623 1623 1623 1643 1643 1643 1645 1645 1645 1625 1625 1625 1643 1643 1643 1623 1623 1623 1625 1625 1625 1641 1641 1641 1643 1643 1643 1624 1624 1624 1641 1641 1641 1625 1625 1625 1624 1624 1624 1598 1598 1598 1641 1641 1641 1624 1624 1624 1586 1586 1586 1662 1662 1662 1624 1624 1624 1509 1509 1509 1508 1508 1508 1586 1586 1586 1624 1624 1624 1508 1508 1508 1586 1586 1586 1585 1585 1585 1662 1662 1662 1662 1662 1662 1594 1594 1594 1598 1598 1598 1662 1662 1662 1598 1598 1598 1624 1624 1624 1585 1585 1585 1594 1594 1594 1662 1662 1662 1578 1578 1578 1584 1584 1584 1579 1579 1579 1578 1578 1578 1568 1568 1568 1572 1572 1572 1578 1578 1578 1594 1594 1594 1585 1585 1585 1536 1536 1536 1636 1636 1636 1612 1612 1612 1536 1536 1536 1612 1612 1612 1529 1529 1529 1536 1536 1536 1534 1534 1534 1622 1622 1622 1622 1622 1622 1636 1636 1636 1536 1536 1536 1622 1622 1622 1633 1633 1633 1636 1636 1636 1621 1621 1621 1518 1518 1518 1517 1517 1517 1621 1621 1621 1633 1633 1633 1622 1622 1622 1516 1516 1516 1507 1507 1507 1515 1515 1515 1516 1516 1516 1634 1634 1634 1517 1517 1517 1515 1515 1515 1635 1635 1635 1516 1516 1516 1515 1515 1515 1609 1609 1609 1614 1614 1614 1514 1514 1514 1607 1607 1607 1609 1609 1609 1518 1518 1518 1621 1621 1621 1584 1584 1584 1517 1517 1517 1508 1508 1508 1516 1516 1516 1517 1517 1517 1633 1633 1633 1621 1621 1621 1529 1529 1529 1612 1612 1612 1607 1607 1607 1529 1529 1529 1607 1607 1607 1514 1514 1514 1663 1663 1663 1664 1664 1664 1665 1665 1665 1663 1663 1663 1666 1666 1666 1667 1667 1667 1663 1663 1663 1668 1668 1668 1669 1669 1669 1663 1663 1663 1667 1667 1667 1668 1668 1668 1664 1664 1664 1670 1670 1670 1671 1671 1671 1664 1664 1664 1672 1672 1672 1670 1670 1670 1664 1664 1664 1663 1663 1663 1669 1669 1669 1665 1665 1665 1673 1673 1673 1663 1663 1663 1665 1665 1665 1674 1674 1674 1675 1675 1675 1669 1669 1669 1676 1676 1676 1672 1672 1672 1674 1674 1674 1671 1671 1671 1677 1677 1677 1674 1674 1674 1664 1664 1664 1671 1671 1671 1674 1674 1674 1665 1665 1665 1664 1664 1664 1675 1675 1675 1678 1678 1678 1679 1679 1679 1680 1680 1680 1681 1681 1681 1682 1682 1682 1680 1680 1680 1679 1679 1679 1683 1683 1683 1680 1680 1680 1665 1665 1665 1675 1675 1675 1680 1680 1680 1682 1682 1682 1665 1665 1665 1682 1682 1682 1684 1684 1684 1673 1673 1673 1673 1673 1673 1685 1685 1685 1666 1666 1666 1673 1673 1673 1665 1665 1665 1682 1682 1682 1686 1686 1686 1683 1683 1683 1679 1679 1679 1686 1686 1686 1687 1687 1687 1688 1688 1688 1687 1687 1687 1689 1689 1689 1690 1690 1690 1687 1687 1687 1686 1686 1686 1691 1691 1691 1688 1688 1688 1692 1692 1692 1693 1693 1693 1688 1688 1688 1694 1694 1694 1686 1686 1686 1691 1691 1691 1679 1679 1679 1678 1678 1678 1692 1692 1692 1688 1688 1688 1687 1687 1687 1692 1692 1692 1690 1690 1690 1695 1695 1695 1696 1696 1696 1697 1697 1697 1688 1688 1688 1696 1696 1696 1688 1688 1688 1693 1693 1693 1696 1696 1696 1698 1698 1698 1699 1699 1699 1696 1696 1696 1699 1699 1699 1700 1700 1700 1697 1697 1697 1700 1700 1700 1701 1701 1701 1694 1694 1694 1701 1701 1701 1681 1681 1681 1694 1694 1694 1688 1688 1688 1697 1697 1697 1702 1702 1702 1703 1703 1703 1704 1704 1704 1702 1702 1702 1704 1704 1704 1705 1705 1705 1702 1702 1702 1705 1705 1705 1706 1706 1706 1704 1704 1704 1698 1698 1698 1695 1695 1695 1704 1704 1704 1695 1695 1695 1705 1705 1705 1704 1704 1704 1699 1699 1699 1698 1698 1698 1705 1705 1705 1707 1707 1707 1706 1706 1706 1706 1706 1706 1708 1708 1708 1709 1709 1709 1710 1710 1710 1706 1706 1706 1709 1709 1709 1710 1710 1710 1709 1709 1709 1711 1711 1711 1710 1710 1710 1712 1712 1712 1713 1713 1713 1710 1710 1710 1702 1702 1702 1706 1706 1706 1709 1709 1709 1708 1708 1708 1714 1714 1714 1709 1709 1709 1715 1715 1715 1711 1711 1711 1713 1713 1713 1702 1702 1702 1710 1710 1710 1713 1713 1713 1716 1716 1716 1702 1702 1702 1713 1713 1713 1717 1717 1717 1718 1718 1718 1716 1716 1716 1718 1718 1718 1719 1719 1719 1703 1703 1703 1702 1702 1702 1716 1716 1716 1720 1720 1720 1721 1721 1721 1722 1722 1722 1720 1720 1720 1723 1723 1723 1724 1724 1724 1723 1723 1723 1725 1725 1725 1726 1726 1726 1723 1723 1723 1727 1727 1727 1728 1728 1728 1723 1723 1723 1720 1720 1720 1729 1729 1729 1724 1724 1724 1723 1723 1723 1726 1726 1726 1724 1724 1724 1726 1726 1726 1730 1730 1730 1724 1724 1724 1731 1731 1731 1720 1720 1720 1729 1729 1729 1720 1720 1720 1722 1722 1722 1729 1729 1729 1722 1722 1722 1732 1732 1732 1729 1729 1729 1733 1733 1733 1734 1734 1734 1729 1729 1729 1735 1735 1735 1727 1727 1727 1726 1726 1726 1725 1725 1725 1667 1667 1667 1725 1725 1725 1728 1728 1728 1736 1736 1736 1725 1725 1725 1668 1668 1668 1667 1667 1667 1737 1737 1737 1724 1724 1724 1730 1730 1730 1737 1737 1737 1666 1666 1666 1685 1685 1685 1730 1730 1730 1667 1667 1667 1666 1666 1666 1731 1731 1731 1717 1717 1717 1721 1721 1721 1731 1731 1731 1724 1724 1724 1737 1737 1737 1731 1731 1731 1738 1738 1738 1719 1719 1719 1731 1731 1731 1718 1718 1718 1717 1717 1717 1739 1739 1739 1695 1695 1695 1690 1690 1690 1739 1739 1739 1689 1689 1689 1740 1740 1740 1739 1739 1739 1741 1741 1741 1707 1707 1707 1741 1741 1741 1708 1708 1708 1707 1707 1707 1741 1741 1741 1739 1739 1739 1740 1740 1740 1707 1707 1707 1705 1705 1705 1739 1739 1739 1740 1740 1740 1742 1742 1742 1735 1735 1735 1740 1740 1740 1743 1743 1743 1742 1742 1742 1740 1740 1740 1689 1689 1689 1744 1744 1744 1708 1708 1708 1734 1734 1734 1745 1745 1745 1708 1708 1708 1741 1741 1741 1729 1729 1729 1708 1708 1708 1706 1706 1706 1707 1707 1707 1708 1708 1708 1745 1745 1745 1714 1714 1714 1685 1685 1685 1673 1673 1673 1684 1684 1684 1685 1685 1685 1684 1684 1684 1746 1746 1746 1685 1685 1685 1738 1738 1738 1737 1737 1737 1684 1684 1684 1681 1681 1681 1701 1701 1701 1684 1684 1684 1682 1682 1682 1681 1681 1681 1746 1746 1746 1701 1701 1701 1700 1700 1700 1746 1746 1746 1738 1738 1738 1685 1685 1685 1738 1738 1738 1746 1746 1746 1747 1747 1747 1738 1738 1738 1731 1731 1731 1737 1737 1737 1666 1666 1666 1737 1737 1737 1730 1730 1730 1666 1666 1666 1663 1663 1663 1673 1673 1673 1719 1719 1719 1703 1703 1703 1716 1716 1716 1719 1719 1719 1718 1718 1718 1731 1731 1731 1719 1719 1719 1747 1747 1747 1703 1703 1703 1747 1747 1747 1719 1719 1719 1738 1738 1738 1747 1747 1747 1700 1700 1700 1699 1699 1699 1718 1718 1718 1716 1716 1716 1713 1713 1713 1748 1748 1748 1727 1727 1727 1735 1735 1735 1748 1748 1748 1749 1749 1749 1750 1750 1750 1749 1749 1749 1748 1748 1748 1751 1751 1751 1749 1749 1749 1752 1752 1752 1753 1753 1753 1750 1750 1750 1754 1754 1754 1755 1755 1755 1750 1750 1750 1753 1753 1753 1754 1754 1754 1750 1750 1750 1756 1756 1756 1748 1748 1748 1751 1751 1751 1757 1757 1757 1749 1749 1749 1751 1751 1751 1735 1735 1735 1742 1742 1742 1753 1753 1753 1750 1750 1750 1749 1749 1749 1753 1753 1753 1758 1758 1758 1754 1754 1754 1759 1759 1759 1760 1760 1760 1756 1756 1756 1759 1759 1759 1750 1750 1750 1755 1755 1755 1755 1755 1755 1761 1761 1761 1759 1759 1759 1755 1755 1755 1758 1758 1758 1762 1762 1762 1756 1756 1756 1728 1728 1728 1727 1727 1727 1756 1756 1756 1750 1750 1750 1759 1759 1759 1678 1678 1678 1675 1675 1675 1674 1674 1674 1678 1678 1678 1677 1677 1677 1763 1763 1763 1679 1679 1679 1680 1680 1680 1675 1675 1675 1679 1679 1679 1691 1691 1691 1686 1686 1686 1683 1683 1683 1686 1686 1686 1694 1694 1694 1764 1764 1764 1765 1765 1765 1766 1766 1766 1765 1765 1765 1767 1767 1767 1768 1768 1768 1765 1765 1765 1768 1768 1768 1766 1766 1766 1766 1766 1766 1769 1769 1769 1764 1764 1764 1768 1768 1768 1770 1770 1770 1771 1771 1771 1768 1768 1768 1772 1772 1772 1770 1770 1770 1771 1771 1771 1773 1773 1773 1766 1766 1766 1771 1771 1771 1766 1766 1766 1768 1768 1768 1773 1773 1773 1771 1771 1771 1774 1774 1774 1774 1774 1774 1775 1775 1775 1776 1776 1776 1774 1774 1774 1777 1777 1777 1773 1773 1773 1769 1769 1769 1766 1766 1766 1773 1773 1773 1769 1769 1769 1773 1773 1773 1777 1777 1777 1700 1700 1700 1697 1697 1697 1696 1696 1696 1700 1700 1700 1747 1747 1747 1746 1746 1746 1699 1699 1699 1704 1704 1704 1703 1703 1703 1699 1699 1699 1703 1703 1703 1747 1747 1747 1701 1701 1701 1746 1746 1746 1684 1684 1684 1701 1701 1701 1694 1694 1694 1697 1697 1697 1681 1681 1681 1683 1683 1683 1694 1694 1694 1681 1681 1681 1680 1680 1680 1683 1683 1683 1689 1689 1689 1763 1763 1763 1778 1778 1778 1689 1689 1689 1687 1687 1687 1691 1691 1691 1689 1689 1689 1739 1739 1739 1690 1690 1690 1690 1690 1690 1692 1692 1692 1687 1687 1687 1695 1695 1695 1739 1739 1739 1705 1705 1705 1698 1698 1698 1696 1696 1696 1693 1693 1693 1698 1698 1698 1692 1692 1692 1695 1695 1695 1698 1698 1698 1693 1693 1693 1692 1692 1692 1667 1667 1667 1730 1730 1730 1726 1726 1726 1668 1668 1668 1736 1736 1736 1779 1779 1779 1668 1668 1668 1779 1779 1779 1780 1780 1780 1775 1775 1775 1774 1774 1774 1771 1771 1771 1775 1775 1775 1781 1781 1781 1776 1776 1776 1775 1775 1775 1771 1771 1771 1770 1770 1770 1775 1775 1775 1770 1770 1770 1782 1782 1782 1775 1775 1775 1783 1783 1783 1784 1784 1784 1775 1775 1775 1784 1784 1784 1781 1781 1781 1782 1782 1782 1770 1770 1770 1772 1772 1772 1783 1783 1783 1772 1772 1772 1785 1785 1785 1783 1783 1783 1775 1775 1775 1782 1782 1782 1784 1784 1784 1786 1786 1786 1787 1787 1787 1776 1776 1776 1781 1781 1781 1777 1777 1777 1786 1786 1786 1788 1788 1788 1789 1789 1789 1786 1786 1786 1784 1784 1784 1783 1783 1783 1786 1786 1786 1790 1790 1790 1788 1788 1788 1788 1788 1788 1672 1672 1672 1676 1676 1676 1789 1789 1789 1676 1676 1676 1744 1744 1744 1789 1789 1789 1787 1787 1787 1786 1786 1786 1789 1789 1789 1791 1791 1791 1787 1787 1787 1787 1787 1787 1777 1777 1777 1781 1781 1781 1787 1787 1787 1781 1781 1781 1784 1784 1784 1785 1785 1785 1786 1786 1786 1783 1783 1783 1785 1785 1785 1767 1767 1767 1790 1790 1790 1790 1790 1790 1786 1786 1786 1785 1785 1785 1790 1790 1790 1670 1670 1670 1672 1672 1672 1767 1767 1767 1772 1772 1772 1768 1768 1768 1767 1767 1767 1785 1785 1785 1772 1772 1772 1772 1772 1772 1783 1783 1783 1782 1782 1782 1791 1791 1791 1769 1769 1769 1777 1777 1777 1791 1791 1791 1777 1777 1777 1787 1787 1787 1777 1777 1777 1774 1774 1774 1776 1776 1776 1758 1758 1758 1792 1792 1792 1793 1793 1793 1758 1758 1758 1752 1752 1752 1792 1792 1792 1758 1758 1758 1794 1794 1794 1762 1762 1762 1758 1758 1758 1755 1755 1755 1754 1754 1754 1758 1758 1758 1753 1753 1753 1752 1752 1752 1792 1792 1792 1757 1757 1757 1795 1795 1795 1752 1752 1752 1749 1749 1749 1757 1757 1757 1794 1794 1794 1758 1758 1758 1793 1793 1793 1794 1794 1794 1796 1796 1796 1797 1797 1797 1798 1798 1798 1799 1799 1799 1757 1757 1757 1799 1799 1799 1800 1800 1800 1795 1795 1795 1799 1799 1799 1795 1795 1795 1757 1757 1757 1757 1757 1757 1792 1792 1792 1752 1752 1752 1757 1757 1757 1751 1751 1751 1798 1798 1798 1795 1795 1795 1796 1796 1796 1792 1792 1792 1800 1800 1800 1796 1796 1796 1795 1795 1795 1800 1800 1800 1797 1797 1797 1796 1796 1796 1800 1800 1800 1779 1779 1779 1736 1736 1736 1797 1797 1797 1800 1800 1800 1801 1801 1801 1797 1797 1797 1761 1761 1761 1794 1794 1794 1796 1796 1796 1794 1794 1794 1793 1793 1793 1796 1796 1796 1793 1793 1793 1792 1792 1792 1801 1801 1801 1760 1760 1760 1797 1797 1797 1760 1760 1760 1736 1736 1736 1728 1728 1728 1760 1760 1760 1759 1759 1759 1761 1761 1761 1760 1760 1760 1761 1761 1761 1797 1797 1797 1761 1761 1761 1762 1762 1762 1794 1794 1794 1761 1761 1761 1755 1755 1755 1762 1762 1762 1712 1712 1712 1802 1802 1802 1717 1717 1717 1712 1712 1712 1710 1710 1710 1711 1711 1711 1802 1802 1802 1803 1803 1803 1804 1804 1804 1802 1802 1802 1712 1712 1712 1805 1805 1805 1717 1717 1717 1802 1802 1802 1721 1721 1721 1717 1717 1717 1713 1713 1713 1712 1712 1712 1805 1805 1805 1712 1712 1712 1711 1711 1711 1721 1721 1721 1720 1720 1720 1731 1731 1731 1721 1721 1721 1806 1806 1806 1722 1722 1722 1721 1721 1721 1802 1802 1802 1806 1806 1806 1806 1806 1806 1804 1804 1804 1807 1807 1807 1711 1711 1711 1715 1715 1715 1805 1805 1805 1715 1715 1715 1714 1714 1714 1808 1808 1808 1715 1715 1715 1808 1808 1808 1803 1803 1803 1722 1722 1722 1806 1806 1806 1732 1732 1732 1732 1732 1732 1807 1807 1807 1733 1733 1733 1807 1807 1807 1804 1804 1804 1809 1809 1809 1807 1807 1807 1732 1732 1732 1806 1806 1806 1733 1733 1733 1809 1809 1809 1810 1810 1810 1733 1733 1733 1810 1810 1810 1811 1811 1811 1733 1733 1733 1729 1729 1729 1732 1732 1732 1809 1809 1809 1733 1733 1733 1807 1807 1807 1809 1809 1809 1812 1812 1812 1810 1810 1810 1734 1734 1734 1733 1733 1733 1811 1811 1811 1734 1734 1734 1708 1708 1708 1729 1729 1729 1811 1811 1811 1745 1745 1745 1734 1734 1734 1812 1812 1812 1811 1811 1811 1810 1810 1810 1812 1812 1812 1813 1813 1813 1811 1811 1811 1812 1812 1812 1809 1809 1809 1814 1814 1814 1812 1812 1812 1815 1815 1815 1813 1813 1813 1812 1812 1812 1816 1816 1816 1817 1817 1817 1816 1816 1816 1804 1804 1804 1803 1803 1803 1816 1816 1816 1812 1812 1812 1814 1814 1814 1815 1815 1815 1808 1808 1808 1714 1714 1714 1815 1815 1815 1812 1812 1812 1817 1817 1817 1803 1803 1803 1808 1808 1808 1816 1816 1816 1803 1803 1803 1805 1805 1805 1715 1715 1715 1803 1803 1803 1802 1802 1802 1805 1805 1805 1804 1804 1804 1814 1814 1814 1809 1809 1809 1804 1804 1804 1806 1806 1806 1802 1802 1802 1804 1804 1804 1816 1816 1816 1814 1814 1814 1745 1745 1745 1811 1811 1811 1813 1813 1813 1745 1745 1745 1813 1813 1813 1815 1815 1815 1714 1714 1714 1715 1715 1715 1709 1709 1709 1714 1714 1714 1745 1745 1745 1815 1815 1815 1808 1808 1808 1817 1817 1817 1816 1816 1816 1808 1808 1808 1815 1815 1815 1817 1817 1817 1727 1727 1727 1723 1723 1723 1729 1729 1729 1727 1727 1727 1748 1748 1748 1756 1756 1756 1728 1728 1728 1756 1756 1756 1760 1760 1760 1728 1728 1728 1725 1725 1725 1723 1723 1723 1736 1736 1736 1801 1801 1801 1800 1800 1800 1736 1736 1736 1668 1668 1668 1725 1725 1725 1736 1736 1736 1760 1760 1760 1801 1801 1801 1779 1779 1779 1800 1800 1800 1799 1799 1799 1780 1780 1780 1743 1743 1743 1669 1669 1669 1780 1780 1780 1779 1779 1779 1799 1799 1799 1780 1780 1780 1799 1799 1799 1798 1798 1798 1780 1780 1780 1669 1669 1669 1668 1668 1668 1743 1743 1743 1780 1780 1780 1818 1818 1818 1743 1743 1743 1818 1818 1818 1742 1742 1742 1818 1818 1818 1780 1780 1780 1798 1798 1798 1818 1818 1818 1798 1798 1798 1751 1751 1751 1742 1742 1742 1818 1818 1818 1751 1751 1751 1735 1735 1735 1729 1729 1729 1741 1741 1741 1735 1735 1735 1751 1751 1751 1748 1748 1748 1735 1735 1735 1741 1741 1741 1740 1740 1740 1763 1763 1763 1689 1689 1689 1691 1691 1691 1763 1763 1763 1769 1769 1769 1791 1791 1791 1763 1763 1763 1691 1691 1691 1678 1678 1678 1763 1763 1763 1677 1677 1677 1769 1769 1769 1778 1778 1778 1763 1763 1763 1791 1791 1791 1778 1778 1778 1744 1744 1744 1689 1689 1689 1778 1778 1778 1791 1791 1791 1789 1789 1789 1744 1744 1744 1778 1778 1778 1789 1789 1789 1744 1744 1744 1819 1819 1819 1740 1740 1740 1672 1672 1672 1788 1788 1788 1790 1790 1790 1672 1672 1672 1664 1664 1664 1669 1669 1669 1670 1670 1670 1767 1767 1767 1765 1765 1765 1670 1670 1670 1790 1790 1790 1767 1767 1767 1671 1671 1671 1765 1765 1765 1764 1764 1764 1671 1671 1671 1670 1670 1670 1765 1765 1765 1819 1819 1819 1744 1744 1744 1676 1676 1676 1676 1676 1676 1669 1669 1669 1819 1819 1819 1676 1676 1676 1789 1789 1789 1788 1788 1788 1677 1677 1677 1678 1678 1678 1674 1674 1674 1677 1677 1677 1671 1671 1671 1764 1764 1764 1677 1677 1677 1764 1764 1764 1769 1769 1769 1820 1820 1820 1821 1821 1821 1822 1822 1822 1820 1820 1820 1823 1823 1823 1824 1824 1824 1821 1821 1821 1825 1825 1825 1826 1826 1826 1821 1821 1821 1820 1820 1820 1827 1827 1827 1822 1822 1822 1828 1828 1828 1829 1829 1829 1822 1822 1822 1830 1830 1830 1820 1820 1820 1822 1822 1822 1821 1821 1821 1831 1831 1831 1827 1827 1827 1832 1832 1832 1833 1833 1833 1827 1827 1827 1824 1824 1824 1832 1832 1832 1827 1827 1827 1825 1825 1825 1821 1821 1821 1834 1834 1834 1828 1828 1828 1835 1835 1835 1834 1834 1834 1836 1836 1836 1837 1837 1837 1834 1834 1834 1830 1830 1830 1829 1829 1829 1834 1834 1834 1838 1838 1838 1839 1839 1839 1836 1836 1836 1834 1834 1834 1839 1839 1839 1837 1837 1837 1840 1840 1840 1841 1841 1841 1839 1839 1839 1842 1842 1842 1836 1836 1836 1839 1839 1839 1843 1843 1843 1844 1844 1844 1845 1845 1845 1826 1826 1826 1846 1846 1846 1845 1845 1845 1847 1847 1847 1848 1848 1848 1845 1845 1845 1849 1849 1849 1850 1850 1850 1849 1849 1849 1851 1851 1851 1843 1843 1843 1849 1849 1849 1845 1845 1845 1848 1848 1848 1850 1850 1850 1849 1849 1849 1838 1838 1838 1850 1850 1850 1835 1835 1835 1828 1828 1828 1848 1848 1848 1852 1852 1852 1853 1853 1853 1848 1848 1848 1851 1851 1851 1849 1849 1849 1854 1854 1854 1855 1855 1855 1840 1840 1840 1854 1854 1854 1856 1856 1856 1857 1857 1857 1856 1856 1856 1854 1854 1854 1842 1842 1842 1856 1856 1856 1858 1858 1858 1859 1859 1859 1857 1857 1857 1859 1859 1859 1860 1860 1860 1842 1842 1842 1839 1839 1839 1844 1844 1844 1842 1842 1842 1840 1840 1840 1836 1836 1836 1842 1842 1842 1861 1861 1861 1856 1856 1856 1855 1855 1855 1841 1841 1841 1840 1840 1840 1855 1855 1855 1854 1854 1854 1857 1857 1857 1840 1840 1840 1842 1842 1842 1854 1854 1854 1840 1840 1840 1837 1837 1837 1836 1836 1836 1823 1823 1823 1862 1862 1862 1824 1824 1824 1823 1823 1823 1820 1820 1820 1830 1830 1830 1862 1862 1862 1823 1823 1823 1841 1841 1841 1824 1824 1824 1827 1827 1827 1820 1820 1820 1841 1841 1841 1855 1855 1855 1862 1862 1862 1841 1841 1841 1830 1830 1830 1837 1837 1837 1830 1830 1830 1841 1841 1841 1823 1823 1823 1830 1830 1830 1822 1822 1822 1829 1829 1829 1830 1830 1830 1834 1834 1834 1837 1837 1837 1851 1851 1851 1848 1848 1848 1853 1853 1853 1851 1851 1851 1861 1861 1861 1843 1843 1843 1861 1861 1861 1853 1853 1853 1858 1858 1858 1861 1861 1861 1842 1842 1842 1844 1844 1844 1861 1861 1861 1844 1844 1844 1843 1843 1843 1843 1843 1843 1839 1839 1839 1838 1838 1838 1838 1838 1838 1834 1834 1834 1835 1835 1835 1838 1838 1838 1849 1849 1849 1843 1843 1843 1838 1838 1838 1835 1835 1835 1850 1850 1850 1828 1828 1828 1822 1822 1822 1863 1863 1863 1828 1828 1828 1834 1834 1834 1829 1829 1829 1828 1828 1828 1863 1863 1863 1850 1850 1850 1863 1863 1863 1845 1845 1845 1850 1850 1850 1859 1859 1859 1864 1864 1864 1860 1860 1860 1859 1859 1859 1857 1857 1857 1856 1856 1856 1859 1859 1859 1858 1858 1858 1865 1865 1865 1865 1865 1865 1866 1866 1866 1859 1859 1859 1865 1865 1865 1858 1858 1858 1852 1852 1852 1858 1858 1858 1853 1853 1853 1852 1852 1852 1858 1858 1858 1856 1856 1856 1861 1861 1861 1853 1853 1853 1861 1861 1861 1851 1851 1851 1847 1847 1847 1845 1845 1845 1846 1846 1846 1847 1847 1847 1852 1852 1852 1848 1848 1848 1826 1826 1826 1845 1845 1845 1831 1831 1831 1826 1826 1826 1831 1831 1831 1821 1821 1821 1831 1831 1831 1845 1845 1845 1863 1863 1863 1831 1831 1831 1863 1863 1863 1822 1822 1822 1825 1825 1825 1827 1827 1827 1833 1833 1833 1867 1867 1867 1868 1868 1868 1869 1869 1869 1867 1867 1867 1870 1870 1870 1871 1871 1871 1867 1867 1867 1871 1871 1871 1872 1872 1872 1868 1868 1868 1873 1873 1873 1874 1874 1874 1868 1868 1868 1875 1875 1875 1869 1869 1869 1868 1868 1868 1876 1876 1876 1877 1877 1877 1869 1869 1869 1870 1870 1870 1867 1867 1867 1869 1869 1869 1878 1878 1878 1879 1879 1879 1870 1870 1870 1880 1880 1880 1881 1881 1881 1870 1870 1870 1881 1881 1881 1871 1871 1871 1870 1870 1870 1879 1879 1879 1880 1880 1880 1882 1882 1882 1883 1883 1883 1884 1884 1884 1882 1882 1882 1885 1885 1885 1886 1886 1886 1882 1882 1882 1884 1884 1884 1887 1887 1887 1883 1883 1883 1882 1882 1882 1876 1876 1876 1883 1883 1883 1888 1888 1888 1884 1884 1884 1887 1887 1887 1889 1889 1889 1890 1890 1890 1887 1887 1887 1890 1890 1890 1891 1891 1891 1892 1892 1892 1885 1885 1885 1893 1893 1893 1892 1892 1892 1893 1893 1893 1894 1894 1894 1892 1892 1892 1873 1873 1873 1886 1886 1886 1893 1893 1893 1891 1891 1891 1895 1895 1895 1894 1894 1894 1893 1893 1893 1896 1896 1896 1894 1894 1894 1897 1897 1897 1898 1898 1898 1896 1896 1896 1895 1895 1895 1899 1899 1899 1896 1896 1896 1899 1899 1899 1900 1900 1900 1901 1901 1901 1902 1902 1902 1903 1903 1903 1902 1902 1902 1904 1904 1904 1903 1903 1903 1903 1903 1903 1905 1905 1905 1906 1906 1906 1903 1903 1903 1889 1889 1889 1901 1901 1901 1903 1903 1903 1906 1906 1906 1889 1889 1889 1889 1889 1889 1887 1887 1887 1884 1884 1884 1889 1889 1889 1888 1888 1888 1901 1901 1901 1888 1888 1888 1907 1907 1907 1901 1901 1901 1888 1888 1888 1889 1889 1889 1884 1884 1884 1907 1907 1907 1902 1902 1902 1901 1901 1901 1872 1872 1872 1871 1871 1871 1908 1908 1908 1872 1872 1872 1908 1908 1908 1909 1909 1909 1908 1908 1908 1907 1907 1907 1909 1909 1909 1909 1909 1909 1876 1876 1876 1872 1872 1872 1909 1909 1909 1907 1907 1907 1888 1888 1888 1909 1909 1909 1888 1888 1888 1883 1883 1883 1876 1876 1876 1868 1868 1868 1867 1867 1867 1876 1876 1876 1867 1867 1867 1872 1872 1872 1876 1876 1876 1909 1909 1909 1883 1883 1883 1895 1895 1895 1891 1891 1891 1906 1906 1906 1895 1895 1895 1896 1896 1896 1893 1893 1893 1906 1906 1906 1899 1899 1899 1895 1895 1895 1890 1890 1890 1889 1889 1889 1906 1906 1906 1890 1890 1890 1906 1906 1906 1891 1891 1891 1885 1885 1885 1887 1887 1887 1891 1891 1891 1885 1885 1885 1891 1891 1891 1893 1893 1893 1885 1885 1885 1882 1882 1882 1887 1887 1887 1873 1873 1873 1868 1868 1868 1877 1877 1877 1873 1873 1873 1882 1882 1882 1886 1886 1886 1873 1873 1873 1877 1877 1877 1882 1882 1882 1873 1873 1873 1892 1892 1892 1874 1874 1874 1874 1874 1874 1892 1892 1892 1894 1894 1894 1877 1877 1877 1876 1876 1876 1882 1882 1882 1886 1886 1886 1885 1885 1885 1892 1892 1892 1904 1904 1904 1910 1910 1910 1905 1905 1905 1904 1904 1904 1911 1911 1911 1912 1912 1912 1904 1904 1904 1902 1902 1902 1911 1911 1911 1900 1900 1900 1905 1905 1905 1910 1910 1910 1905 1905 1905 1903 1903 1903 1904 1904 1904 1905 1905 1905 1900 1900 1900 1899 1899 1899 1899 1899 1899 1906 1906 1906 1905 1905 1905 1897 1897 1897 1894 1894 1894 1896 1896 1896 1897 1897 1897 1896 1896 1896 1900 1900 1900 1878 1878 1878 1875 1875 1875 1894 1894 1894 1878 1878 1878 1894 1894 1894 1898 1898 1898 1878 1878 1878 1869 1869 1869 1875 1875 1875 1875 1875 1875 1874 1874 1874 1894 1894 1894 1875 1875 1875 1868 1868 1868 1874 1874 1874 1879 1879 1879 1870 1870 1870 1869 1869 1869 1913 1913 1913 1910 1910 1910 1904 1904 1904 1914 1914 1914 518 518 518 466 466 466 518 518 518 468 468 468 466 466 466 518 518 518 1914 1914 1914 1915 1915 1915 1916 1916 1916 1917 1917 1917 1918 1918 1918 1917 1917 1917 1916 1916 1916 1919 1919 1919 1917 1917 1917 1920 1920 1920 1921 1921 1921 1922 1922 1922 1923 1923 1923 1924 1924 1924 1923 1923 1923 1922 1922 1922 1919 1919 1919 1920 1920 1920 1917 1917 1917 1919 1919 1919 1925 1925 1925 1926 1926 1926 1927 1927 1927 1926 1926 1926 1925 1925 1925 1928 1928 1928 1926 1926 1926 1929 1929 1929 1930 1930 1930 1931 1931 1931 1932 1932 1932 1933 1933 1933 1932 1932 1932 1931 1931 1931 1928 1928 1928 1929 1929 1929 1926 1926 1926 1928 1928 1928 246 246 246 245 245 245 1934 1934 1934 1934 1934 1934 245 245 245 1935 1935 1935 1934 1934 1934 1935 1935 1935 1936 1936 1936 517 517 517 246 246 246 1937 1937 1937 1938 1938 1938 1939 1939 1939 1940 1940 1940 1938 1938 1938 1941 1941 1941 1942 1942 1942 1938 1938 1938 1943 1943 1943 1944 1944 1944 1938 1938 1938 1945 1945 1945 1946 1946 1946 1938 1938 1938 1944 1944 1944 1947 1947 1947 1939 1939 1939 1938 1938 1938 1942 1942 1942 1939 1939 1939 1948 1948 1948 1949 1949 1949 1939 1939 1939 1950 1950 1950 1951 1951 1951 1940 1940 1940 1952 1952 1952 1943 1943 1943 1940 1940 1940 1939 1939 1939 1949 1949 1949 1943 1943 1943 1938 1938 1938 1940 1940 1940 1943 1943 1943 1953 1953 1953 1954 1954 1954 1943 1943 1943 1951 1951 1951 1953 1953 1953 1951 1951 1951 1950 1950 1950 1955 1955 1955 1951 1951 1951 1943 1943 1943 1952 1952 1952 1953 1953 1953 1956 1956 1956 1957 1957 1957 1953 1953 1953 1958 1958 1958 1954 1954 1954 1952 1952 1952 1948 1948 1948 1951 1951 1951 1952 1952 1952 1959 1959 1959 1960 1960 1960 1961 1961 1961 1954 1954 1954 1958 1958 1958 1961 1961 1961 1962 1962 1962 1943 1943 1943 1962 1962 1962 1944 1944 1944 1943 1943 1943 1962 1962 1962 1963 1963 1963 1957 1957 1957 1962 1962 1962 1956 1956 1956 1964 1964 1964 1962 1962 1962 1965 1965 1965 1966 1966 1966 1967 1967 1967 1968 1968 1968 1969 1969 1969 1967 1967 1967 1970 1970 1970 1971 1971 1971 1968 1968 1968 1972 1972 1972 1970 1970 1970 1968 1968 1968 1967 1967 1967 1964 1964 1964 1944 1944 1944 1950 1950 1950 1947 1947 1947 1944 1944 1944 1964 1964 1964 1967 1967 1967 1944 1944 1944 1971 1971 1971 1955 1955 1955 1944 1944 1944 1962 1962 1962 1964 1964 1964 1965 1965 1965 1962 1962 1962 1961 1961 1961 1966 1966 1966 1958 1958 1958 1963 1963 1963 1964 1964 1964 1956 1956 1956 1972 1972 1972 1947 1947 1947 1973 1973 1973 1945 1945 1945 1945 1945 1945 1938 1938 1938 1947 1947 1947 1945 1945 1945 1974 1974 1974 1975 1975 1975 1946 1946 1946 1945 1945 1945 1975 1975 1975 1946 1946 1946 1974 1974 1974 1941 1941 1941 1959 1959 1959 1949 1949 1949 1976 1976 1976 1959 1959 1959 1952 1952 1952 1940 1940 1940 1960 1960 1960 1959 1959 1959 1977 1977 1977 1960 1960 1960 1976 1976 1976 1948 1948 1948 1950 1950 1950 1944 1944 1944 1955 1955 1955 1950 1950 1950 1939 1939 1939 1942 1942 1942 1950 1950 1950 1942 1942 1942 1973 1973 1973 1955 1955 1955 1953 1953 1953 1951 1951 1951 1956 1956 1956 1962 1962 1962 1957 1957 1957 1956 1956 1956 1953 1953 1953 1955 1955 1955 1956 1956 1956 1970 1970 1970 1972 1972 1972 1941 1941 1941 1938 1938 1938 1946 1946 1946 1974 1974 1974 1942 1942 1942 1941 1941 1941 1974 1974 1974 1946 1946 1946 1975 1975 1975 1974 1974 1974 1945 1945 1945 1973 1973 1973 1973 1973 1973 1947 1947 1947 1950 1950 1950 1973 1973 1973 1942 1942 1942 1974 1974 1974 1972 1972 1972 1968 1968 1968 1964 1964 1964 1970 1970 1970 1967 1967 1967 1969 1969 1969 1970 1970 1970 1955 1955 1955 1971 1971 1971 1970 1970 1970 1956 1956 1956 1955 1955 1955 1970 1970 1970 1969 1969 1969 1968 1968 1968 1971 1971 1971 1944 1944 1944 1967 1967 1967 1954 1954 1954 1961 1961 1961 1943 1943 1943 1958 1958 1958 1953 1953 1953 1957 1957 1957 1958 1958 1958 1957 1957 1957 1963 1963 1963 1958 1958 1958 1966 1966 1966 1965 1965 1965 1958 1958 1958 1965 1965 1965 1961 1961 1961 1963 1963 1963 1962 1962 1962 1966 1966 1966 1949 1949 1949 1948 1948 1948 1976 1976 1976 1949 1949 1949 1959 1959 1959 1940 1940 1940 1976 1976 1976 1960 1960 1960 1977 1977 1977 1976 1976 1976 1977 1977 1977 1959 1959 1959 1948 1948 1948 1952 1952 1952 1960 1960 1960 1948 1948 1948 1939 1939 1939 1951 1951 1951 1978 1978 1978 1979 1979 1979 1980 1980 1980 1979 1979 1979 1978 1978 1978 1981 1981 1981 1982 1982 1982 1983 1983 1983 1984 1984 1984 1983 1983 1983 1982 1982 1982 1985 1985 1985 1984 1984 1984 1983 1983 1983 1986 1986 1986 1985 1985 1985 1982 1982 1982 1987 1987 1987 1988 1988 1988 1989 1989 1989 1990 1990 1990 1990 1990 1990 1991 1991 1991 1988 1988 1988 1992 1992 1992 1993 1993 1993 1994 1994 1994 1993 1993 1993 1992 1992 1992 1995 1995 1995 1996 1996 1996 1997 1997 1997 1998 1998 1998 1997 1997 1997 1996 1996 1996 1999 1999 1999 2000 2000 2000 2001 2001 2001 2002 2002 2002 2000 2000 2000 2003 2003 2003 2001 2001 2001 2003 2003 2003 2004 2004 2004 2005 2005 2005 2004 2004 2004 2003 2003 2003 2000 2000 2000 2006 2006 2006 2007 2007 2007 2008 2008 2008 2006 2006 2006 2009 2009 2009 2007 2007 2007 2009 2009 2009 2010 2010 2010 2011 2011 2011 2010 2010 2010 2009 2009 2009 2006 2006 2006 2012 2012 2012 2013 2013 2013 2014 2014 2014 2013 2013 2013 2012 2012 2012 2015 2015 2015 2015 2015 2015 2016 2016 2016 2017 2017 2017 2016 2016 2016 2015 2015 2015 2012 2012 2012 2018 2018 2018 2019 2019 2019 2020 2020 2020 2019 2019 2019 2018 2018 2018 2021 2021 2021 2022 2022 2022 2023 2023 2023 2024 2024 2024 2023 2023 2023 2022 2022 2022 2025 2025 2025 2026 2026 2026 2027 2027 2027 2028 2028 2028 2026 2026 2026 2028 2028 2028 2029 2029 2029 2030 2030 2030 2031 2031 2031 2032 2032 2032 2033 2033 2033 2034 2034 2034 2035 2035 2035 2036 2036 2036 2037 2037 2037 2038 2038 2038 2039 2039 2039 2040 2040 2040 2041 2041 2041 2042 2042 2042 2043 2043 2043 2044 2044 2044 2042 2042 2042 2045 2045 2045 2043 2043 2043 2046 2046 2046 2047 2047 2047 2048 2048 2048 2046 2046 2046 2048 2048 2048 2049 2049 2049 2050 2050 2050 2051 2051 2051 2052 2052 2052 2051 2051 2051 2050 2050 2050 2053 2053 2053 2054 2054 2054 2055 2055 2055 2056 2056 2056 2055 2055 2055 2054 2054 2054 2057 2057 2057 2058 2058 2058 2059 2059 2059 2060 2060 2060 2058 2058 2058 2060 2060 2060 2061 2061 2061 2062 2062 2062 2063 2063 2063 2064 2064 2064 2062 2062 2062 2065 2065 2065 2063 2063 2063 2062 2062 2062 2066 2066 2066 2067 2067 2067 2063 2063 2063 2065 2065 2065 2068 2068 2068 2063 2063 2063 2069 2069 2069 2070 2070 2070 2063 2063 2063 2071 2071 2071 2072 2072 2072 2064 2064 2064 2063 2063 2063 2072 2072 2072 2064 2064 2064 2073 2073 2073 2074 2074 2074 2064 2064 2064 2072 2072 2072 2075 2075 2075 2072 2072 2072 2076 2076 2076 2077 2077 2077 2078 2078 2078 2079 2079 2079 2080 2080 2080 2078 2078 2078 2081 2081 2081 2082 2082 2082 2078 2078 2078 2080 2080 2080 2083 2083 2083 2078 2078 2078 2084 2084 2084 2085 2085 2085 2078 2078 2078 2085 2085 2085 2079 2079 2079 2084 2084 2084 2078 2078 2078 2086 2086 2086 2084 2084 2084 2087 2087 2087 2085 2085 2085 2084 2084 2084 2088 2088 2088 2089 2089 2089 2085 2085 2085 2090 2090 2090 2091 2091 2091 2085 2085 2085 2092 2092 2092 2079 2079 2079 2086 2086 2086 2093 2093 2093 2094 2094 2094 2086 2086 2086 2095 2095 2095 2096 2096 2096 2086 2086 2086 2088 2088 2088 2084 2084 2084 2097 2097 2097 2098 2098 2098 2099 2099 2099 2097 2097 2097 2100 2100 2100 2073 2073 2073 2097 2097 2097 2101 2101 2101 2100 2100 2100 2101 2101 2101 2102 2102 2102 2089 2089 2089 2101 2101 2101 2097 2097 2097 2099 2099 2099 2100 2100 2100 2101 2101 2101 2103 2103 2103 2100 2100 2100 2104 2104 2104 2074 2074 2074 2099 2099 2099 2102 2102 2102 2101 2101 2101 2079 2079 2079 2092 2092 2092 2105 2105 2105 2080 2080 2080 2106 2106 2106 2107 2107 2107 2080 2080 2080 2079 2079 2079 2106 2106 2106 2080 2080 2080 2108 2108 2108 2083 2083 2083 2071 2071 2071 2063 2063 2063 2070 2070 2070 2071 2071 2071 2109 2109 2109 2110 2110 2110 2071 2071 2071 2110 2110 2110 2111 2111 2111 2070 2070 2070 2112 2112 2112 2109 2109 2109 2113 2113 2113 2114 2114 2114 2115 2115 2115 2113 2113 2113 2074 2074 2074 2104 2104 2104 2113 2113 2113 2103 2103 2103 2116 2116 2116 2114 2114 2114 2094 2094 2094 2093 2093 2093 2114 2114 2114 2113 2113 2113 2116 2116 2116 2114 2114 2114 2116 2116 2116 2088 2088 2088 2114 2114 2114 2088 2088 2088 2094 2094 2094 2115 2115 2115 2114 2114 2114 2117 2117 2117 2115 2115 2115 2118 2118 2118 2066 2066 2066 2116 2116 2116 2089 2089 2089 2088 2088 2088 2119 2119 2119 2120 2120 2120 2121 2121 2121 2119 2119 2119 2121 2121 2121 2098 2098 2098 2120 2120 2120 2119 2119 2119 2122 2122 2122 2120 2120 2120 2091 2091 2091 2121 2121 2121 2122 2122 2122 2123 2123 2123 2120 2120 2120 2124 2124 2124 2125 2125 2125 2126 2126 2126 2124 2124 2124 2126 2126 2126 2127 2127 2127 2124 2124 2124 2067 2067 2067 2128 2128 2128 2125 2125 2125 2124 2124 2124 2128 2128 2128 2125 2125 2125 2093 2093 2093 2096 2096 2096 2126 2126 2126 2125 2125 2125 2096 2096 2096 2128 2128 2128 2066 2066 2066 2118 2118 2118 2128 2128 2128 2117 2117 2117 2125 2125 2125 2129 2129 2129 2130 2130 2130 2131 2131 2131 2130 2130 2130 2129 2129 2129 2132 2132 2132 2130 2130 2130 2133 2133 2133 2131 2131 2131 2131 2131 2131 2109 2109 2109 2129 2129 2129 2132 2132 2132 2106 2106 2106 2130 2130 2130 2132 2132 2132 2134 2134 2134 2135 2135 2135 2107 2107 2107 2108 2108 2108 2080 2080 2080 2107 2107 2107 2135 2135 2135 2108 2108 2108 2083 2083 2083 2135 2135 2135 2136 2136 2136 2083 2083 2083 2081 2081 2081 2078 2078 2078 2135 2135 2135 2107 2107 2107 2132 2132 2132 2135 2135 2135 2137 2137 2137 2136 2136 2136 2135 2135 2135 2083 2083 2083 2108 2108 2108 2136 2136 2136 2138 2138 2138 2081 2081 2081 2136 2136 2136 2139 2139 2139 2138 2138 2138 2069 2069 2069 2063 2063 2063 2140 2140 2140 2069 2069 2069 2134 2134 2134 2112 2112 2112 2134 2134 2134 2132 2132 2132 2129 2129 2129 2134 2134 2134 2109 2109 2109 2112 2112 2112 2134 2134 2134 2069 2069 2069 2137 2137 2137 2112 2112 2112 2070 2070 2070 2069 2069 2069 2137 2137 2137 2135 2135 2135 2134 2134 2134 2137 2137 2137 2140 2140 2140 2139 2139 2139 2109 2109 2109 2131 2131 2131 2110 2110 2110 2109 2109 2109 2134 2134 2134 2129 2129 2129 2109 2109 2109 2071 2071 2071 2070 2070 2070 2093 2093 2093 2086 2086 2086 2096 2096 2096 2093 2093 2093 2125 2125 2125 2117 2117 2117 2117 2117 2117 2114 2114 2114 2093 2093 2093 2117 2117 2117 2118 2118 2118 2115 2115 2115 2117 2117 2117 2128 2128 2128 2118 2118 2118 2096 2096 2096 2095 2095 2095 2126 2126 2126 2066 2066 2066 2128 2128 2128 2067 2067 2067 2066 2066 2066 2141 2141 2141 2115 2115 2115 2066 2066 2066 2062 2062 2062 2141 2141 2141 2141 2141 2141 2113 2113 2113 2115 2115 2115 2141 2141 2141 2142 2142 2142 2113 2113 2113 2067 2067 2067 2124 2124 2124 2065 2065 2065 2123 2123 2123 2092 2092 2092 2120 2120 2120 2123 2123 2123 2122 2122 2122 2133 2133 2133 2123 2123 2123 2106 2106 2106 2105 2105 2105 2092 2092 2092 2085 2085 2085 2091 2091 2091 2092 2092 2092 2123 2123 2123 2105 2105 2105 2106 2106 2106 2132 2132 2132 2107 2107 2107 2106 2106 2106 2079 2079 2079 2105 2105 2105 2106 2106 2106 2123 2123 2123 2130 2130 2130 2111 2111 2111 2076 2076 2076 2071 2071 2071 2076 2076 2076 2072 2072 2072 2071 2071 2071 2076 2076 2076 2133 2133 2133 2122 2122 2122 2110 2110 2110 2133 2133 2133 2111 2111 2111 2133 2133 2133 2130 2130 2130 2123 2123 2123 2133 2133 2133 2110 2110 2110 2131 2131 2131 2133 2133 2133 2076 2076 2076 2111 2111 2111 2102 2102 2102 2099 2099 2099 2087 2087 2087 2102 2102 2102 2084 2084 2084 2089 2089 2089 2088 2088 2088 2086 2086 2086 2094 2094 2094 2103 2103 2103 2104 2104 2104 2100 2100 2100 2103 2103 2103 2089 2089 2089 2116 2116 2116 2103 2103 2103 2101 2101 2101 2089 2089 2089 2103 2103 2103 2113 2113 2113 2104 2104 2104 2074 2074 2074 2142 2142 2142 2064 2064 2064 2074 2074 2074 2073 2073 2073 2100 2100 2100 2074 2074 2074 2113 2113 2113 2142 2142 2142 2142 2142 2142 2062 2062 2062 2064 2064 2064 2142 2142 2142 2141 2141 2141 2062 2062 2062 2073 2073 2073 2075 2075 2075 2097 2097 2097 2127 2127 2127 2081 2081 2081 2138 2138 2138 2127 2127 2127 2139 2139 2139 2143 2143 2143 2127 2127 2127 2143 2143 2143 2124 2124 2124 2127 2127 2127 2095 2095 2095 2082 2082 2082 2081 2081 2081 2083 2083 2083 2136 2136 2136 2081 2081 2081 2127 2127 2127 2082 2082 2082 2095 2095 2095 2127 2127 2127 2126 2126 2126 2095 2095 2095 2078 2078 2078 2082 2082 2082 2095 2095 2095 2086 2086 2086 2078 2078 2078 2065 2065 2065 2062 2062 2062 2067 2067 2067 2065 2065 2065 2143 2143 2143 2068 2068 2068 2143 2143 2143 2065 2065 2065 2124 2124 2124 2143 2143 2143 2140 2140 2140 2068 2068 2068 2068 2068 2068 2140 2140 2140 2063 2063 2063 2140 2140 2140 2137 2137 2137 2069 2069 2069 2140 2140 2140 2143 2143 2143 2139 2139 2139 2139 2139 2139 2136 2136 2136 2137 2137 2137 2139 2139 2139 2127 2127 2127 2138 2138 2138 2098 2098 2098 2087 2087 2087 2099 2099 2099 2098 2098 2098 2091 2091 2091 2090 2090 2090 2098 2098 2098 2144 2144 2144 2119 2119 2119 2098 2098 2098 2097 2097 2097 2144 2144 2144 2087 2087 2087 2084 2084 2084 2102 2102 2102 2087 2087 2087 2098 2098 2098 2090 2090 2090 2090 2090 2090 2085 2085 2085 2087 2087 2087 2091 2091 2091 2120 2120 2120 2092 2092 2092 2091 2091 2091 2098 2098 2098 2121 2121 2121 2077 2077 2077 2076 2076 2076 2122 2122 2122 2077 2077 2077 2122 2122 2122 2119 2119 2119 2077 2077 2077 2144 2144 2144 2145 2145 2145 2144 2144 2144 2077 2077 2077 2119 2119 2119 2144 2144 2144 2075 2075 2075 2145 2145 2145 2145 2145 2145 2072 2072 2072 2077 2077 2077 2075 2075 2075 2144 2144 2144 2097 2097 2097 2075 2075 2075 2073 2073 2073 2064 2064 2064 2075 2075 2075 2072 2072 2072 2145 2145 2145 2146 2146 2146 2147 2147 2147 2148 2148 2148 2146 2146 2146 2149 2149 2149 2150 2150 2150 2146 2146 2146 2151 2151 2151 2149 2149 2149 2147 2147 2147 2152 2152 2152 2153 2153 2153 2147 2147 2147 2150 2150 2150 2154 2154 2154 2147 2147 2147 2146 2146 2146 2150 2150 2150 2148 2148 2148 2155 2155 2155 2146 2146 2146 2156 2156 2156 2157 2157 2157 2158 2158 2158 2156 2156 2156 2159 2159 2159 2157 2157 2157 2156 2156 2156 2160 2160 2160 2161 2161 2161 2160 2160 2160 2162 2162 2162 2163 2163 2163 2160 2160 2160 2156 2156 2156 2164 2164 2164 2161 2161 2161 2159 2159 2159 2156 2156 2156 2161 2161 2161 2160 2160 2160 2165 2165 2165 2164 2164 2164 2156 2156 2156 2158 2158 2158 2162 2162 2162 2164 2164 2164 2166 2166 2166 2162 2162 2162 2160 2160 2160 2164 2164 2164 2162 2162 2162 2167 2167 2167 2168 2168 2168 2163 2163 2163 2169 2169 2169 2170 2170 2170 2163 2163 2163 2162 2162 2162 2171 2171 2171 2163 2163 2163 2165 2165 2165 2160 2160 2160 2172 2172 2172 2173 2173 2173 2174 2174 2174 2172 2172 2172 2175 2175 2175 2176 2176 2176 2172 2172 2172 2177 2177 2177 2178 2178 2178 2172 2172 2172 2179 2179 2179 2177 2177 2177 2177 2177 2177 2179 2179 2179 2180 2180 2180 2178 2178 2178 2177 2177 2177 2181 2181 2181 2178 2178 2178 2181 2181 2181 2154 2154 2154 2178 2178 2178 2182 2182 2182 2173 2173 2173 2179 2179 2179 2176 2176 2176 2183 2183 2183 2179 2179 2179 2184 2184 2184 2185 2185 2185 2186 2186 2186 2187 2187 2187 2188 2188 2188 2186 2186 2186 2189 2189 2189 2190 2190 2190 2187 2187 2187 2191 2191 2191 2192 2192 2192 2187 2187 2187 2186 2186 2186 2193 2193 2193 2188 2188 2188 2189 2189 2189 2186 2186 2186 2193 2193 2193 2194 2194 2194 2191 2191 2191 2195 2195 2195 2196 2196 2196 2197 2197 2197 2195 2195 2195 2198 2198 2198 2199 2199 2199 2195 2195 2195 2199 2199 2199 2200 2200 2200 2196 2196 2196 2201 2201 2201 2197 2197 2197 2196 2196 2196 2195 2195 2195 2200 2200 2200 2197 2197 2197 2202 2202 2202 2195 2195 2195 2200 2200 2200 2203 2203 2203 2196 2196 2196 2204 2204 2204 2205 2205 2205 2206 2206 2206 2204 2204 2204 2207 2207 2207 2208 2208 2208 2204 2204 2204 2208 2208 2208 2209 2209 2209 2204 2204 2204 2210 2210 2210 2205 2205 2205 2207 2207 2207 2201 2201 2201 2208 2208 2208 2208 2208 2208 2194 2194 2194 2209 2209 2209 2210 2210 2210 2204 2204 2204 2209 2209 2209 2210 2210 2210 2194 2194 2194 2211 2211 2211 2210 2210 2210 2212 2212 2212 2213 2213 2213 2205 2205 2205 2214 2214 2214 2215 2215 2215 2205 2205 2205 2210 2210 2210 2213 2213 2213 2216 2216 2216 2217 2217 2217 2218 2218 2218 2217 2217 2217 2216 2216 2216 2219 2219 2219 2218 2218 2218 2220 2220 2220 2216 2216 2216 2219 2219 2219 2190 2190 2190 2189 2189 2189 2219 2219 2219 2216 2216 2216 2221 2221 2221 2219 2219 2219 2222 2222 2222 2217 2217 2217 2191 2191 2191 2223 2223 2223 2192 2192 2192 2191 2191 2191 2224 2224 2224 2225 2225 2225 2191 2191 2191 2187 2187 2187 2193 2193 2193 2223 2223 2223 2191 2191 2191 2225 2225 2225 2223 2223 2223 2226 2226 2226 2227 2227 2227 2225 2225 2225 2228 2228 2228 2226 2226 2226 2226 2226 2226 2229 2229 2229 2227 2227 2227 2226 2226 2226 2223 2223 2223 2225 2225 2225 2230 2230 2230 2231 2231 2231 2232 2232 2232 2230 2230 2230 2233 2233 2233 2234 2234 2234 2230 2230 2230 2235 2235 2235 2236 2236 2236 2235 2235 2235 2237 2237 2237 2167 2167 2167 2235 2235 2235 2230 2230 2230 2232 2232 2232 2236 2236 2236 2235 2235 2235 2166 2166 2166 2236 2236 2236 2238 2238 2238 2230 2230 2230 2232 2232 2232 2237 2237 2237 2235 2235 2235 2239 2239 2239 2240 2240 2240 2241 2241 2241 2240 2240 2240 2239 2239 2239 2242 2242 2242 2241 2241 2241 2243 2243 2243 2239 2239 2239 2241 2241 2241 2244 2244 2244 2245 2245 2245 2242 2242 2242 2246 2246 2246 2247 2247 2247 2248 2248 2248 2249 2249 2249 2250 2250 2250 2248 2248 2248 2251 2251 2251 2252 2252 2252 2249 2249 2249 2248 2248 2248 2253 2253 2253 2250 2250 2250 2254 2254 2254 2255 2255 2255 2250 2250 2250 2175 2175 2175 2248 2248 2248 2253 2253 2253 2248 2248 2248 2252 2252 2252 2246 2246 2246 2242 2242 2242 2239 2239 2239 2246 2246 2246 2256 2256 2256 2257 2257 2257 2247 2247 2247 2257 2257 2257 2258 2258 2258 2257 2257 2257 2247 2247 2247 2246 2246 2246 2258 2258 2258 2259 2259 2259 2260 2260 2260 2229 2229 2229 2226 2226 2226 2261 2261 2261 2229 2229 2229 2262 2262 2262 2263 2263 2263 2261 2261 2261 2185 2185 2185 2262 2262 2262 2264 2264 2264 2265 2265 2265 2266 2266 2266 2264 2264 2264 2267 2267 2267 2174 2174 2174 2265 2265 2265 2264 2264 2264 2173 2173 2173 2265 2265 2265 2173 2173 2173 2268 2268 2268 2265 2265 2265 2268 2268 2268 2269 2269 2269 2266 2266 2266 2270 2270 2270 2271 2271 2271 2266 2266 2266 2272 2272 2272 2264 2264 2264 2173 2173 2173 2264 2264 2264 2174 2174 2174 2173 2173 2173 2172 2172 2172 2178 2178 2178 2273 2273 2273 2274 2274 2274 2275 2275 2275 2274 2274 2274 2270 2270 2270 2275 2275 2275 2274 2274 2274 2271 2271 2271 2270 2270 2270 2275 2275 2275 2276 2276 2276 2277 2277 2277 2275 2275 2275 2277 2277 2277 2273 2273 2273 2277 2277 2277 2215 2215 2215 2214 2214 2214 2277 2277 2277 2278 2278 2278 2273 2273 2273 2279 2279 2279 2280 2280 2280 2281 2281 2281 2279 2279 2279 2282 2282 2282 2280 2280 2280 2279 2279 2279 2283 2283 2283 2284 2284 2284 2279 2279 2279 2284 2284 2284 2285 2285 2285 2282 2282 2282 2279 2279 2279 2286 2286 2286 2282 2282 2282 2171 2171 2171 2280 2280 2280 2280 2280 2280 2168 2168 2168 2287 2287 2287 2281 2281 2281 2280 2280 2280 2287 2287 2287 2180 2180 2180 2185 2185 2185 2288 2288 2288 2180 2180 2180 2289 2289 2289 2177 2177 2177 2180 2180 2180 2179 2179 2179 2185 2185 2185 2289 2289 2289 2290 2290 2290 2291 2291 2291 2289 2289 2289 2292 2292 2292 2177 2177 2177 2289 2289 2289 2180 2180 2180 2290 2290 2290 2290 2290 2290 2180 2180 2180 2288 2288 2288 2290 2290 2290 2288 2288 2288 2293 2293 2293 2294 2294 2294 2295 2295 2295 2296 2296 2296 2294 2294 2294 2297 2297 2297 2295 2295 2295 2297 2297 2297 2294 2294 2294 2269 2269 2269 2297 2297 2297 2268 2268 2268 2298 2298 2298 2295 2295 2295 2151 2151 2151 2299 2299 2299 2295 2295 2295 2297 2297 2297 2300 2300 2300 2296 2296 2296 2301 2301 2301 2294 2294 2294 2296 2296 2296 2295 2295 2295 2299 2299 2299 2174 2174 2174 2251 2251 2251 2175 2175 2175 2301 2301 2301 2296 2296 2296 2302 2302 2302 2301 2301 2301 2303 2303 2303 2304 2304 2304 2303 2303 2303 2305 2305 2305 2306 2306 2306 2303 2303 2303 2301 2301 2301 2302 2302 2302 2304 2304 2304 2307 2307 2307 2301 2301 2301 2304 2304 2304 2306 2306 2306 2308 2308 2308 2302 2302 2302 2309 2309 2309 2233 2233 2233 2302 2302 2302 2238 2238 2238 2303 2303 2303 2302 2302 2302 2296 2296 2296 2309 2309 2309 2283 2283 2283 2279 2279 2279 2281 2281 2281 2283 2283 2283 2310 2310 2310 2311 2311 2311 2283 2283 2283 2312 2312 2312 2313 2313 2313 2283 2283 2283 2281 2281 2281 2312 2312 2312 2284 2284 2284 2202 2202 2202 2314 2314 2314 2284 2284 2284 2315 2315 2315 2202 2202 2202 2284 2284 2284 2314 2314 2314 2316 2316 2316 2306 2306 2306 2157 2157 2157 2159 2159 2159 2306 2306 2306 2304 2304 2304 2303 2303 2303 2306 2306 2306 2305 2305 2305 2157 2157 2157 2306 2306 2306 2317 2317 2317 2308 2308 2308 2308 2308 2308 2318 2318 2318 2304 2304 2304 2220 2220 2220 2218 2218 2218 2319 2319 2319 2319 2319 2319 2320 2320 2320 2220 2220 2220 2213 2213 2213 2212 2212 2212 2190 2190 2190 2213 2213 2213 2221 2221 2221 2214 2214 2214 2315 2315 2315 2321 2321 2321 2198 2198 2198 2315 2315 2315 2322 2322 2322 2323 2323 2323 2315 2315 2315 2323 2323 2323 2321 2321 2321 2315 2315 2315 2283 2283 2283 2311 2311 2311 2315 2315 2315 2284 2284 2284 2283 2283 2283 2311 2311 2311 2324 2324 2324 2322 2322 2322 2259 2259 2259 2258 2258 2258 2257 2257 2257 2260 2260 2260 2325 2325 2325 2326 2326 2326 2322 2322 2322 2324 2324 2324 2327 2327 2327 2322 2322 2322 2315 2315 2315 2311 2311 2311 2234 2234 2234 2231 2231 2231 2230 2230 2230 2234 2234 2234 2328 2328 2328 2231 2231 2231 2231 2231 2231 2329 2329 2329 2330 2330 2330 2231 2231 2231 2331 2331 2331 2232 2232 2232 2332 2332 2332 2328 2328 2328 2234 2234 2234 2332 2332 2332 2333 2333 2333 2328 2328 2328 2328 2328 2328 2329 2329 2329 2231 2231 2231 2328 2328 2328 2334 2334 2334 2329 2329 2329 2335 2335 2335 2336 2336 2336 2333 2333 2333 2335 2335 2335 2333 2333 2333 2332 2332 2332 2333 2333 2333 2334 2334 2334 2328 2328 2328 2333 2333 2333 2337 2337 2337 2334 2334 2334 2153 2153 2153 2336 2336 2336 2148 2148 2148 2153 2153 2153 2148 2148 2148 2147 2147 2147 2153 2153 2153 2327 2327 2327 2337 2337 2337 2152 2152 2152 2181 2181 2181 2338 2338 2338 2152 2152 2152 2339 2339 2339 2153 2153 2153 2152 2152 2152 2338 2338 2338 2340 2340 2340 2270 2270 2270 2266 2266 2266 2265 2265 2265 2270 2270 2270 2318 2318 2318 2275 2275 2275 2270 2270 2270 2269 2269 2269 2307 2307 2307 2270 2270 2270 2265 2265 2265 2269 2269 2269 2271 2271 2271 2243 2243 2243 2266 2266 2266 2244 2244 2244 2241 2241 2241 2240 2240 2240 2245 2245 2245 2272 2272 2272 2241 2241 2241 2245 2245 2245 2252 2252 2252 2251 2251 2251 2245 2245 2245 2244 2244 2244 2341 2341 2341 2214 2214 2214 2342 2342 2342 2278 2278 2278 2214 2214 2214 2278 2278 2278 2277 2277 2277 2214 2214 2214 2205 2205 2205 2213 2213 2213 2278 2278 2278 2342 2342 2342 2343 2343 2343 2215 2215 2215 2170 2170 2170 2205 2205 2205 2215 2215 2215 2277 2277 2277 2344 2344 2344 2334 2334 2334 2310 2310 2310 2329 2329 2329 2334 2334 2334 2327 2327 2327 2324 2324 2324 2329 2329 2329 2313 2313 2313 2330 2330 2330 2331 2331 2331 2231 2231 2231 2330 2330 2330 2331 2331 2331 2313 2313 2313 2312 2312 2312 2237 2237 2237 2312 2312 2312 2287 2287 2287 2237 2237 2237 2232 2232 2232 2331 2331 2331 2237 2237 2237 2287 2287 2287 2168 2168 2168 2325 2325 2325 2343 2343 2343 2320 2320 2320 2325 2325 2325 2345 2345 2345 2326 2326 2326 2325 2325 2325 2260 2260 2260 2259 2259 2259 2262 2262 2262 2229 2229 2229 2261 2261 2261 2262 2262 2262 2184 2184 2184 2346 2346 2346 2263 2263 2263 2346 2346 2346 2347 2347 2347 2292 2292 2292 2321 2321 2321 2323 2323 2323 2292 2292 2292 2340 2340 2340 2338 2338 2338 2292 2292 2292 2289 2289 2289 2321 2321 2321 2292 2292 2292 2181 2181 2181 2177 2177 2177 2340 2340 2340 2323 2323 2323 2339 2339 2339 2340 2340 2340 2292 2292 2292 2323 2323 2323 2181 2181 2181 2292 2292 2292 2338 2338 2338 2300 2300 2300 2150 2150 2150 2149 2149 2149 2300 2300 2300 2182 2182 2182 2150 2150 2150 2182 2182 2182 2154 2154 2154 2150 2150 2150 2182 2182 2182 2178 2178 2178 2154 2154 2154 2182 2182 2182 2268 2268 2268 2173 2173 2173 2182 2182 2182 2300 2300 2300 2298 2298 2298 2298 2298 2298 2300 2300 2300 2297 2297 2297 2268 2268 2268 2182 2182 2182 2298 2298 2298 2169 2169 2169 2163 2163 2163 2348 2348 2348 2170 2170 2170 2215 2215 2215 2165 2165 2165 2170 2170 2170 2206 2206 2206 2205 2205 2205 2348 2348 2348 2206 2206 2206 2169 2169 2169 2348 2348 2348 2163 2163 2163 2171 2171 2171 2206 2206 2206 2286 2286 2286 2204 2204 2204 2206 2206 2206 2348 2348 2348 2282 2282 2282 2206 2206 2206 2170 2170 2170 2169 2169 2169 2344 2344 2344 2276 2276 2276 2349 2349 2349 2344 2344 2344 2317 2317 2317 2161 2161 2161 2344 2344 2344 2165 2165 2165 2215 2215 2215 2317 2317 2317 2306 2306 2306 2159 2159 2159 2317 2317 2317 2344 2344 2344 2349 2349 2349 2349 2349 2349 2308 2308 2308 2317 2317 2317 2276 2276 2276 2344 2344 2344 2277 2277 2277 2276 2276 2276 2308 2308 2308 2349 2349 2349 2276 2276 2276 2275 2275 2275 2318 2318 2318 2350 2350 2350 2314 2314 2314 2197 2197 2197 2350 2350 2350 2285 2285 2285 2316 2316 2316 2350 2350 2350 2197 2197 2197 2201 2201 2201 2285 2285 2285 2286 2286 2286 2279 2279 2279 2285 2285 2285 2284 2284 2284 2316 2316 2316 2285 2285 2285 2350 2350 2350 2207 2207 2207 2314 2314 2314 2350 2350 2350 2316 2316 2316 2202 2202 2202 2315 2315 2315 2198 2198 2198 2202 2202 2202 2197 2197 2197 2314 2314 2314 2198 2198 2198 2195 2195 2195 2202 2202 2202 2321 2321 2321 2199 2199 2199 2198 2198 2198 2199 2199 2199 2289 2289 2289 2291 2291 2291 2199 2199 2199 2321 2321 2321 2289 2289 2289 2184 2184 2184 2262 2262 2262 2185 2185 2185 2184 2184 2184 2183 2183 2183 2255 2255 2255 2183 2183 2183 2184 2184 2184 2179 2179 2179 2255 2255 2255 2176 2176 2176 2250 2250 2250 2255 2255 2255 2347 2347 2347 2346 2346 2346 2255 2255 2255 2346 2346 2346 2184 2184 2184 2346 2346 2346 2263 2263 2263 2262 2262 2262 2185 2185 2185 2261 2261 2261 2288 2288 2288 2251 2251 2251 2174 2174 2174 2267 2267 2267 2251 2251 2251 2267 2267 2267 2245 2245 2245 2251 2251 2251 2248 2248 2248 2175 2175 2175 2267 2267 2267 2264 2264 2264 2272 2272 2272 2175 2175 2175 2250 2250 2250 2176 2176 2176 2175 2175 2175 2172 2172 2172 2174 2174 2174 2252 2252 2252 2341 2341 2341 2253 2253 2253 2343 2343 2343 2351 2351 2351 2278 2278 2278 2343 2343 2343 2325 2325 2325 2351 2351 2351 2343 2343 2343 2342 2342 2342 2220 2220 2220 2343 2343 2343 2220 2220 2220 2320 2320 2320 2351 2351 2351 2273 2273 2273 2278 2278 2278 2351 2351 2351 2352 2352 2352 2273 2273 2273 2342 2342 2342 2214 2214 2214 2221 2221 2221 2342 2342 2342 2221 2221 2221 2216 2216 2216 2342 2342 2342 2216 2216 2216 2220 2220 2220 2320 2320 2320 2319 2319 2319 2345 2345 2345 2353 2353 2353 2213 2213 2213 2190 2190 2190 2190 2190 2190 2219 2219 2219 2353 2353 2353 2190 2190 2190 2212 2212 2212 2186 2186 2186 2212 2212 2212 2210 2210 2210 2211 2211 2211 2212 2212 2212 2211 2211 2211 2193 2193 2193 2212 2212 2212 2193 2193 2193 2186 2186 2186 2189 2189 2189 2188 2188 2188 2222 2222 2222 2201 2201 2201 2224 2224 2224 2208 2208 2208 2201 2201 2201 2203 2203 2203 2354 2354 2354 2201 2201 2201 2207 2207 2207 2350 2350 2350 2224 2224 2224 2201 2201 2201 2354 2354 2354 2224 2224 2224 2191 2191 2191 2194 2194 2194 2224 2224 2224 2354 2354 2354 2225 2225 2225 2203 2203 2203 2225 2225 2225 2354 2354 2354 2203 2203 2203 2200 2200 2200 2228 2228 2228 2203 2203 2203 2201 2201 2201 2196 2196 2196 2291 2291 2291 2228 2228 2228 2200 2200 2200 2291 2291 2291 2200 2200 2200 2199 2199 2199 2291 2291 2291 2293 2293 2293 2355 2355 2355 2228 2228 2228 2291 2291 2291 2355 2355 2355 2228 2228 2228 2225 2225 2225 2203 2203 2203 2355 2355 2355 2226 2226 2226 2228 2228 2228 2293 2293 2293 2291 2291 2291 2290 2290 2290 2293 2293 2293 2226 2226 2226 2355 2355 2355 2293 2293 2293 2288 2288 2288 2261 2261 2261 2293 2293 2293 2261 2261 2261 2226 2226 2226 2159 2159 2159 2161 2161 2161 2317 2317 2317 2158 2158 2158 2166 2166 2166 2164 2164 2164 2158 2158 2158 2305 2305 2305 2236 2236 2236 2305 2305 2305 2303 2303 2303 2238 2238 2238 2305 2305 2305 2158 2158 2158 2157 2157 2157 2171 2171 2171 2162 2162 2162 2168 2168 2168 2171 2171 2171 2282 2282 2282 2348 2348 2348 2168 2168 2168 2280 2280 2280 2171 2171 2171 2167 2167 2167 2237 2237 2237 2168 2168 2168 2167 2167 2167 2166 2166 2166 2235 2235 2235 2287 2287 2287 2312 2312 2312 2281 2281 2281 2155 2155 2155 2299 2299 2299 2151 2151 2151 2155 2155 2155 2148 2148 2148 2336 2336 2336 2299 2299 2299 2309 2309 2309 2296 2296 2296 2299 2299 2299 2155 2155 2155 2335 2335 2335 2151 2151 2151 2146 2146 2146 2155 2155 2155 2151 2151 2151 2295 2295 2295 2149 2149 2149 2149 2149 2149 2295 2295 2295 2300 2300 2300 2327 2327 2327 2334 2334 2334 2337 2337 2337 2327 2327 2327 2153 2153 2153 2339 2339 2339 2339 2339 2339 2152 2152 2152 2340 2340 2340 2339 2339 2339 2323 2323 2323 2322 2322 2322 2339 2339 2339 2322 2322 2322 2327 2327 2327 2337 2337 2337 2333 2333 2333 2336 2336 2336 2324 2324 2324 2311 2311 2311 2310 2310 2310 2347 2347 2347 2255 2255 2255 2254 2254 2254 2254 2254 2254 2250 2250 2250 2249 2249 2249 2176 2176 2176 2179 2179 2179 2172 2172 2172 2176 2176 2176 2255 2255 2255 2183 2183 2183 2341 2341 2341 2252 2252 2252 2245 2245 2245 2352 2352 2352 2274 2274 2274 2273 2273 2273 2352 2352 2352 2256 2256 2256 2274 2274 2274 2352 2352 2352 2325 2325 2325 2259 2259 2259 2352 2352 2352 2351 2351 2351 2325 2325 2325 2345 2345 2345 2325 2325 2325 2320 2320 2320 2221 2221 2221 2213 2213 2213 2353 2353 2353 2221 2221 2221 2353 2353 2353 2219 2219 2219 2222 2222 2222 2219 2219 2219 2189 2189 2189 2272 2272 2272 2266 2266 2266 2243 2243 2243 2272 2272 2272 2245 2245 2245 2267 2267 2267 2243 2243 2243 2246 2246 2246 2239 2239 2239 2243 2243 2243 2356 2356 2356 2246 2246 2246 2243 2243 2243 2271 2271 2271 2356 2356 2356 2243 2243 2243 2241 2241 2241 2272 2272 2272 2256 2256 2256 2352 2352 2352 2259 2259 2259 2256 2256 2256 2259 2259 2259 2257 2257 2257 2256 2256 2256 2246 2246 2246 2356 2356 2356 2256 2256 2256 2271 2271 2271 2274 2274 2274 2256 2256 2256 2356 2356 2356 2271 2271 2271 2194 2194 2194 2210 2210 2210 2209 2209 2209 2194 2194 2194 2193 2193 2193 2211 2211 2211 2194 2194 2194 2208 2208 2208 2224 2224 2224 2154 2154 2154 2181 2181 2181 2152 2152 2152 2154 2154 2154 2152 2152 2152 2147 2147 2147 2165 2165 2165 2163 2163 2163 2170 2170 2170 2165 2165 2165 2344 2344 2344 2161 2161 2161 2307 2307 2307 2294 2294 2294 2301 2301 2301 2307 2307 2307 2304 2304 2304 2318 2318 2318 2307 2307 2307 2269 2269 2269 2294 2294 2294 2269 2269 2269 2268 2268 2268 2297 2297 2297 2318 2318 2318 2308 2308 2308 2276 2276 2276 2318 2318 2318 2270 2270 2270 2307 2307 2307 2286 2286 2286 2206 2206 2206 2282 2282 2282 2286 2286 2286 2285 2285 2285 2207 2207 2207 2286 2286 2286 2207 2207 2207 2204 2204 2204 2166 2166 2166 2158 2158 2158 2236 2236 2236 2166 2166 2166 2167 2167 2167 2162 2162 2162 2336 2336 2336 2153 2153 2153 2337 2337 2337 2336 2336 2336 2335 2335 2335 2155 2155 2155 2309 2309 2309 2335 2335 2335 2332 2332 2332 2309 2309 2309 2299 2299 2299 2335 2335 2335 2233 2233 2233 2230 2230 2230 2238 2238 2238 2233 2233 2233 2332 2332 2332 2234 2234 2234 2233 2233 2233 2309 2309 2309 2332 2332 2332 2238 2238 2238 2236 2236 2236 2305 2305 2305 2238 2238 2238 2302 2302 2302 2233 2233 2233 2312 2312 2312 2237 2237 2237 2331 2331 2331 2313 2313 2313 2331 2331 2331 2330 2330 2330 2313 2313 2313 2329 2329 2329 2310 2310 2310 2310 2310 2310 2283 2283 2283 2313 2313 2313 2310 2310 2310 2334 2334 2334 2324 2324 2324 2357 2357 2357 2358 2358 2358 2359 2359 2359 2358 2358 2358 2360 2360 2360 2361 2361 2361 2358 2358 2358 2362 2362 2362 2363 2363 2363 2358 2358 2358 2364 2364 2364 2359 2359 2359 2360 2360 2360 2365 2365 2365 2361 2361 2361 2360 2360 2360 2358 2358 2358 2357 2357 2357 2361 2361 2361 2366 2366 2366 2358 2358 2358 2361 2361 2361 2367 2367 2367 2368 2368 2368 2361 2361 2361 2369 2369 2369 2370 2370 2370 2365 2365 2365 2371 2371 2371 2372 2372 2372 2365 2365 2365 2373 2373 2373 2374 2374 2374 2375 2375 2375 2365 2365 2365 2372 2372 2372 2376 2376 2376 2377 2377 2377 2378 2378 2378 2377 2377 2377 2376 2376 2376 2379 2379 2379 2377 2377 2377 2374 2374 2374 2373 2373 2373 2380 2380 2380 2381 2381 2381 2382 2382 2382 2380 2380 2380 2377 2377 2377 2379 2379 2379 2380 2380 2380 2383 2383 2383 2374 2374 2374 2374 2374 2374 2369 2369 2369 2361 2361 2361 2374 2374 2374 2361 2361 2361 2365 2365 2365 2374 2374 2374 2377 2377 2377 2380 2380 2380 2373 2373 2373 2365 2365 2365 2375 2375 2375 2371 2371 2371 2365 2365 2365 2360 2360 2360 2371 2371 2371 2360 2360 2360 2384 2384 2384 2384 2384 2384 2360 2360 2360 2385 2385 2385 2369 2369 2369 2374 2374 2374 2383 2383 2383 2383 2383 2383 2381 2381 2381 2369 2369 2369 2383 2383 2383 2380 2380 2380 2382 2382 2382 2386 2386 2386 2363 2363 2363 2362 2362 2362 2386 2386 2386 2357 2357 2357 2359 2359 2359 2386 2386 2386 2359 2359 2359 2364 2364 2364 2364 2364 2364 2358 2358 2358 2363 2363 2363 2363 2363 2363 2386 2386 2386 2364 2364 2364 2362 2362 2362 2358 2358 2358 2366 2366 2366 2366 2366 2366 2361 2361 2361 2387 2387 2387 2366 2366 2366 2388 2388 2388 2389 2389 2389 2387 2387 2387 2390 2390 2390 2391 2391 2391 2392 2392 2392 2393 2393 2393 2394 2394 2394 2392 2392 2392 2395 2395 2395 2368 2368 2368 2392 2392 2392 2396 2396 2396 2397 2397 2397 2393 2393 2393 2396 2396 2396 2367 2367 2367 2393 2393 2393 2392 2392 2392 2397 2397 2397 2394 2394 2394 2395 2395 2395 2392 2392 2392 2396 2396 2396 2393 2393 2393 2397 2397 2397 2396 2396 2396 2392 2392 2392 2368 2368 2368 2368 2368 2368 2387 2387 2387 2361 2361 2361 2368 2368 2368 2390 2390 2390 2387 2387 2387 2368 2368 2368 2367 2367 2367 2396 2396 2396 2367 2367 2367 2361 2361 2361 2370 2370 2370 2381 2381 2381 2380 2380 2380 2379 2379 2379 2381 2381 2381 2383 2383 2383 2382 2382 2382 2395 2395 2395 2398 2398 2398 2399 2399 2399 2398 2398 2398 2395 2395 2395 2394 2394 2394 2390 2390 2390 2368 2368 2368 2395 2395 2395 2400 2400 2400 2387 2387 2387 2401 2401 2401 2400 2400 2400 2366 2366 2366 2387 2387 2387 2401 2401 2401 2387 2387 2387 2391 2391 2391 2388 2388 2388 2366 2366 2366 2400 2400 2400 2402 2402 2402 2403 2403 2403 2404 2404 2404 2403 2403 2403 2402 2402 2402 2405 2405 2405 2405 2405 2405 2406 2406 2406 2407 2407 2407 2408 2408 2408 2409 2409 2409 2410 2410 2410 2408 2408 2408 2410 2410 2410 2411 2411 2411 2410 2410 2410 2412 2412 2412 2413 2413 2413 2411 2411 2411 2414 2414 2414 2415 2415 2415 2416 2416 2416 2417 2417 2417 2418 2418 2418 2416 2416 2416 2419 2419 2419 2420 2420 2420 2419 2419 2419 2416 2416 2416 2421 2421 2421 2421 2421 2421 2422 2422 2422 2419 2419 2419 2417 2417 2417 2416 2416 2416 2420 2420 2420 2418 2418 2418 2423 2423 2423 2424 2424 2424 2423 2423 2423 2418 2418 2418 2417 2417 2417 2424 2424 2424 2425 2425 2425 2426 2426 2426 2427 2427 2427 2428 2428 2428 2429 2429 2429 2427 2427 2427 2430 2430 2430 2428 2428 2428 2430 2430 2430 2431 2431 2431 2428 2428 2428 2430 2430 2430 2432 2432 2432 2431 2431 2431 2429 2429 2429 2433 2433 2433 2434 2434 2434 2433 2433 2433 2435 2435 2435 2436 2436 2436 2434 2434 2434 2427 2427 2427 2429 2429 2429 2436 2436 2436 2434 2434 2434 2433 2433 2433 2436 2436 2436 2437 2437 2437 2438 2438 2438 2437 2437 2437 2436 2436 2436 2435 2435 2435 2438 2438 2438 2439 2439 2439 2440 2440 2440 2441 2441 2441 2442 2442 2442 2432 2432 2432 2442 2442 2442 2443 2443 2443 2444 2444 2444 2432 2432 2432 2442 2442 2442 2431 2431 2431 2443 2443 2443 2442 2442 2442 2441 2441 2441 2444 2444 2444 2426 2426 2426 2425 2425 2425 2426 2426 2426 2444 2444 2444 2443 2443 2443 2425 2425 2425 2424 2424 2424 2423 2423 2423 2445 2445 2445 2446 2446 2446 2447 2447 2447 2445 2445 2445 2448 2448 2448 2449 2449 2449 2445 2445 2445 2450 2450 2450 2448 2448 2448 2450 2450 2450 2404 2404 2404 2403 2403 2403 2450 2450 2450 2403 2403 2403 2448 2448 2448 2446 2446 2446 2445 2445 2445 2449 2449 2449 2447 2447 2447 2451 2451 2451 2452 2452 2452 2453 2453 2453 2413 2413 2413 2412 2412 2412 2453 2453 2453 2454 2454 2454 2455 2455 2455 2453 2453 2453 2456 2456 2456 2454 2454 2454 2456 2456 2456 2451 2451 2451 2454 2454 2454 2456 2456 2456 2452 2452 2452 2451 2451 2451 2413 2413 2413 2453 2453 2453 2455 2455 2455 2412 2412 2412 2410 2410 2410 2409 2409 2409 2451 2451 2451 2447 2447 2447 2446 2446 2446 2422 2422 2422 2421 2421 2421 2457 2457 2457 2457 2457 2457 2458 2458 2458 2422 2422 2422 2406 2406 2406 2405 2405 2405 2402 2402 2402 2407 2407 2407 2458 2458 2458 2459 2459 2459 2458 2458 2458 2457 2457 2457 2459 2459 2459 2458 2458 2458 2407 2407 2407 2406 2406 2406 2439 2439 2439 2438 2438 2438 2437 2437 2437 2440 2440 2440 2460 2460 2460 2461 2461 2461 2460 2460 2460 2415 2415 2415 2414 2414 2414 2460 2460 2460 2440 2440 2440 2439 2439 2439 2415 2415 2415 2408 2408 2408 2411 2411 2411 2414 2414 2414 2461 2461 2461 2460 2460 2460 2462 2462 2462 2463 2463 2463 2464 2464 2464 2462 2462 2462 2465 2465 2465 2466 2466 2466 2463 2463 2463 2467 2467 2467 2464 2464 2464 2463 2463 2463 2468 2468 2468 2467 2467 2467 2463 2463 2463 2462 2462 2462 2466 2466 2466 2466 2466 2466 2469 2469 2469 2470 2470 2470 2466 2466 2466 2471 2471 2471 2463 2463 2463 2465 2465 2465 2472 2472 2472 2473 2473 2473 2465 2465 2465 2462 2462 2462 2474 2474 2474 2469 2469 2469 2473 2473 2473 2475 2475 2475 2469 2469 2469 2466 2466 2466 2465 2465 2465 2469 2469 2469 2476 2476 2476 2470 2470 2470 2471 2471 2471 2466 2466 2466 2470 2470 2470 2471 2471 2471 2476 2476 2476 2477 2477 2477 2471 2471 2471 2477 2477 2477 2468 2468 2468 2476 2476 2476 2478 2478 2478 2479 2479 2479 2476 2476 2476 2471 2471 2471 2470 2470 2470 2476 2476 2476 2469 2469 2469 2475 2475 2475 2477 2477 2477 2479 2479 2479 2480 2480 2480 2477 2477 2477 2481 2481 2481 2468 2468 2468 2477 2477 2477 2480 2480 2480 2481 2481 2481 2475 2475 2475 2482 2482 2482 2478 2478 2478 2478 2478 2478 2476 2476 2476 2475 2475 2475 2479 2479 2479 2483 2483 2483 2484 2484 2484 2479 2479 2479 2477 2477 2477 2476 2476 2476 2480 2480 2480 2484 2484 2484 2485 2485 2485 2468 2468 2468 2463 2463 2463 2471 2471 2471 2468 2468 2468 2486 2486 2486 2467 2467 2467 2468 2468 2468 2481 2481 2481 2486 2486 2486 2481 2481 2481 2485 2485 2485 2487 2487 2487 2486 2486 2486 2487 2487 2487 2488 2488 2488 2472 2472 2472 2465 2465 2465 2474 2474 2474 2473 2473 2473 2489 2489 2489 2482 2482 2482 2473 2473 2473 2469 2469 2469 2465 2465 2465 2489 2489 2489 2473 2473 2473 2472 2472 2472 2489 2489 2489 2490 2490 2490 2482 2482 2482 2482 2482 2482 2483 2483 2483 2478 2478 2478 2482 2482 2482 2475 2475 2475 2473 2473 2473 2491 2491 2491 2492 2492 2492 2493 2493 2493 2491 2491 2491 2494 2494 2494 2495 2495 2495 2494 2494 2494 2487 2487 2487 2485 2485 2485 2494 2494 2494 2491 2491 2491 2496 2496 2496 2495 2495 2495 2485 2485 2485 2484 2484 2484 2496 2496 2496 2488 2488 2488 2487 2487 2487 2496 2496 2496 2497 2497 2497 2498 2498 2498 2492 2492 2492 2491 2491 2491 2495 2495 2495 2493 2493 2493 2497 2497 2497 2491 2491 2491 2497 2497 2497 2496 2496 2496 2491 2491 2491 2497 2497 2497 2493 2493 2493 2499 2499 2499 2484 2484 2484 2492 2492 2492 2495 2495 2495 2484 2484 2484 2483 2483 2483 2492 2492 2492 2484 2484 2484 2480 2480 2480 2479 2479 2479 2485 2485 2485 2495 2495 2495 2494 2494 2494 2485 2485 2485 2481 2481 2481 2480 2480 2480 2483 2483 2483 2482 2482 2482 2490 2490 2490 2483 2483 2483 2479 2479 2479 2478 2478 2478 2483 2483 2483 2490 2490 2490 2493 2493 2493 2483 2483 2483 2493 2493 2493 2492 2492 2492 2490 2490 2490 2499 2499 2499 2493 2493 2493 2490 2490 2490 2500 2500 2500 2499 2499 2499 2490 2490 2490 2489 2489 2489 2500 2500 2500 2487 2487 2487 2486 2486 2486 2481 2481 2481 2487 2487 2487 2494 2494 2494 2496 2496 2496 2488 2488 2488 2496 2496 2496 2498 2498 2498 2501 2501 2501 2502 2502 2502 2503 2503 2503 2502 2502 2502 2501 2501 2501 2504 2504 2504 2502 2502 2502 2505 2505 2505 2506 2506 2506 2503 2503 2503 2507 2507 2507 2508 2508 2508 2503 2503 2503 2509 2509 2509 2507 2507 2507 2510 2510 2510 2501 2501 2501 2503 2503 2503 2510 2510 2510 2511 2511 2511 2512 2512 2512 2510 2510 2510 2512 2512 2512 2501 2501 2501 2508 2508 2508 2510 2510 2510 2503 2503 2503 2508 2508 2508 2513 2513 2513 2514 2514 2514 2508 2508 2508 2515 2515 2515 2510 2510 2510 2509 2509 2509 2506 2506 2506 2516 2516 2516 2509 2509 2509 2503 2503 2503 2502 2502 2502 2513 2513 2513 2508 2508 2508 2507 2507 2507 2513 2513 2513 2509 2509 2509 2516 2516 2516 2513 2513 2513 2507 2507 2507 2509 2509 2509 2516 2516 2516 2517 2517 2517 2518 2518 2518 2514 2514 2514 2519 2519 2519 2515 2515 2515 2520 2520 2520 2514 2514 2514 2513 2513 2513 2520 2520 2520 2513 2513 2513 2521 2521 2521 2521 2521 2521 2513 2513 2513 2516 2516 2516 2521 2521 2521 2516 2516 2516 2518 2518 2518 2506 2506 2506 2509 2509 2509 2502 2502 2502 2506 2506 2506 2522 2522 2522 2517 2517 2517 2522 2522 2522 2506 2506 2506 2505 2505 2505 2517 2517 2517 2516 2516 2516 2506 2506 2506 2505 2505 2505 2502 2502 2502 2504 2504 2504 2511 2511 2511 2510 2510 2510 2515 2515 2515 2515 2515 2515 2523 2523 2523 2511 2511 2511 2515 2515 2515 2508 2508 2508 2514 2514 2514 2523 2523 2523 2515 2515 2515 2519 2519 2519 2523 2523 2523 2524 2524 2524 2525 2525 2525 2519 2519 2519 2514 2514 2514 2520 2520 2520 2519 2519 2519 2526 2526 2526 2524 2524 2524 2527 2527 2527 2528 2528 2528 2529 2529 2529 2527 2527 2527 2529 2529 2529 2530 2530 2530 2527 2527 2527 2530 2530 2530 2531 2531 2531 2529 2529 2529 2532 2532 2532 2530 2530 2530 2529 2529 2529 2533 2533 2533 2532 2532 2532 2531 2531 2531 2534 2534 2534 2535 2535 2535 2528 2528 2528 2526 2526 2526 2533 2533 2533 2528 2528 2528 2527 2527 2527 2536 2536 2536 2536 2536 2536 2526 2526 2526 2528 2528 2528 2536 2536 2536 2537 2537 2537 2524 2524 2524 2536 2536 2536 2538 2538 2538 2537 2537 2537 2538 2538 2538 2531 2531 2531 2535 2535 2535 2538 2538 2538 2527 2527 2527 2531 2531 2531 2538 2538 2538 2536 2536 2536 2527 2527 2527 2533 2533 2533 2521 2521 2521 2518 2518 2518 2533 2533 2533 2529 2529 2529 2528 2528 2528 2533 2533 2533 2518 2518 2518 2532 2532 2532 2532 2532 2532 2518 2518 2518 2517 2517 2517 2532 2532 2532 2517 2517 2517 2539 2539 2539 2532 2532 2532 2539 2539 2539 2530 2530 2530 2526 2526 2526 2519 2519 2519 2520 2520 2520 2526 2526 2526 2521 2521 2521 2533 2533 2533 2526 2526 2526 2520 2520 2520 2521 2521 2521 2524 2524 2524 2523 2523 2523 2519 2519 2519 2524 2524 2524 2526 2526 2526 2536 2536 2536 2525 2525 2525 2524 2524 2524 2537 2537 2537 2539 2539 2539 2534 2534 2534 2531 2531 2531 2539 2539 2539 2517 2517 2517 2522 2522 2522 2539 2539 2539 2522 2522 2522 2534 2534 2534 2539 2539 2539 2531 2531 2531 2530 2530 2530 2540 2540 2540 2541 2541 2541 2542 2542 2542 2541 2541 2541 2543 2543 2543 2544 2544 2544 2541 2541 2541 2545 2545 2545 2546 2546 2546 2541 2541 2541 2546 2546 2546 2542 2542 2542 2542 2542 2542 2546 2546 2546 2547 2547 2547 2546 2546 2546 2548 2548 2548 2549 2549 2549 2546 2546 2546 2549 2549 2549 2547 2547 2547 2550 2550 2550 2551 2551 2551 2543 2543 2543 2550 2550 2550 2541 2541 2541 2540 2540 2540 2550 2550 2550 2543 2543 2543 2541 2541 2541 2550 2550 2550 2552 2552 2552 2551 2551 2551 2552 2552 2552 2553 2553 2553 2554 2554 2554 2552 2552 2552 2554 2554 2554 2551 2551 2551 2543 2543 2543 2555 2555 2555 2544 2544 2544 2543 2543 2543 2551 2551 2551 2555 2555 2555 2556 2556 2556 2557 2557 2557 2558 2558 2558 2556 2556 2556 2559 2559 2559 2560 2560 2560 2556 2556 2556 2561 2561 2561 2559 2559 2559 2557 2557 2557 2562 2562 2562 2563 2563 2563 2557 2557 2557 2556 2556 2556 2560 2560 2560 2558 2558 2558 2563 2563 2563 2555 2555 2555 2558 2558 2558 2561 2561 2561 2556 2556 2556 2560 2560 2560 2564 2564 2564 2557 2557 2557 2560 2560 2560 2565 2565 2565 2566 2566 2566 2553 2553 2553 2567 2567 2567 2561 2561 2561 2553 2553 2553 2561 2561 2561 2554 2554 2554 2561 2561 2561 2568 2568 2568 2559 2559 2559 2561 2561 2561 2558 2558 2558 2554 2554 2554 2554 2554 2554 2555 2555 2555 2551 2551 2551 2563 2563 2563 2558 2558 2558 2557 2557 2557 2555 2555 2555 2554 2554 2554 2558 2558 2558 2549 2549 2549 2569 2569 2569 2547 2547 2547 2562 2562 2562 2570 2570 2570 2571 2571 2571 2562 2562 2562 2557 2557 2557 2564 2564 2564 2562 2562 2562 2564 2564 2564 2570 2570 2570 2564 2564 2564 2560 2560 2560 2566 2566 2566 2572 2572 2572 2573 2573 2573 2565 2565 2565 2573 2573 2573 2572 2572 2572 2574 2574 2574 2573 2573 2573 2575 2575 2575 2566 2566 2566 2573 2573 2573 2574 2574 2574 2576 2576 2576 2565 2565 2565 2573 2573 2573 2566 2566 2566 2565 2565 2565 2568 2568 2568 2572 2572 2572 2568 2568 2568 2565 2565 2565 2559 2559 2559 2568 2568 2568 2561 2561 2561 2567 2567 2567 2559 2559 2559 2565 2565 2565 2560 2560 2560 2544 2544 2544 2563 2563 2563 2545 2545 2545 2544 2544 2544 2555 2555 2555 2563 2563 2563 2545 2545 2545 2541 2541 2541 2544 2544 2544 2545 2545 2545 2562 2562 2562 2548 2548 2548 2545 2545 2545 2563 2563 2563 2562 2562 2562 2548 2548 2548 2571 2571 2571 2569 2569 2569 2548 2548 2548 2546 2546 2546 2545 2545 2545 2548 2548 2548 2562 2562 2562 2571 2571 2571 2548 2548 2548 2569 2569 2569 2549 2549 2549 2577 2577 2577 2569 2569 2569 2571 2571 2571 2569 2569 2569 2578 2578 2578 2547 2547 2547 2569 2569 2569 2577 2577 2577 2578 2578 2578 2571 2571 2571 2579 2579 2579 2577 2577 2577 2579 2579 2579 2571 2571 2571 2570 2570 2570 2570 2570 2570 2575 2575 2575 2576 2576 2576 2570 2570 2570 2576 2576 2576 2579 2579 2579 2570 2570 2570 2566 2566 2566 2575 2575 2575 2575 2575 2575 2573 2573 2573 2576 2576 2576 2566 2566 2566 2570 2570 2570 2564 2564 2564 2580 2580 2580 2581 2581 2581 2582 2582 2582 2581 2581 2581 2580 2580 2580 2583 2583 2583 2581 2581 2581 2584 2584 2584 2582 2582 2582 2581 2581 2581 2585 2585 2585 2586 2586 2586 2581 2581 2581 2586 2586 2586 2587 2587 2587 2583 2583 2583 2588 2588 2588 2585 2585 2585 2583 2583 2583 2589 2589 2589 2590 2590 2590 2584 2584 2584 2581 2581 2581 2587 2587 2587 2584 2584 2584 2591 2591 2591 2592 2592 2592 2591 2591 2591 2584 2584 2584 2587 2587 2587 2591 2591 2591 2587 2587 2587 2593 2593 2593 2592 2592 2592 2594 2594 2594 2595 2595 2595 2596 2596 2596 2597 2597 2597 2598 2598 2598 2596 2596 2596 2599 2599 2599 2600 2600 2600 2596 2596 2596 2600 2600 2600 2597 2597 2597 2599 2599 2599 2601 2601 2601 2602 2602 2602 2599 2599 2599 2602 2602 2602 2603 2603 2603 2599 2599 2599 2596 2596 2596 2604 2604 2604 2600 2600 2600 2605 2605 2605 2606 2606 2606 2600 2600 2600 2603 2603 2603 2605 2605 2605 2604 2604 2604 2598 2598 2598 2594 2594 2594 2604 2604 2604 2601 2601 2601 2599 2599 2599 2604 2604 2604 2593 2593 2593 2601 2601 2601 2595 2595 2595 2598 2598 2598 2607 2607 2607 2598 2598 2598 2595 2595 2595 2594 2594 2594 2598 2598 2598 2604 2604 2604 2596 2596 2596 2598 2598 2598 2597 2597 2597 2608 2608 2608 2607 2607 2607 2598 2598 2598 2608 2608 2608 2594 2594 2594 2592 2592 2592 2591 2591 2591 2594 2594 2594 2593 2593 2593 2604 2604 2604 2593 2593 2593 2594 2594 2594 2591 2591 2591 2601 2601 2601 2586 2586 2586 2585 2585 2585 2589 2589 2589 2583 2583 2583 2580 2580 2580 2589 2589 2589 2609 2609 2609 2590 2590 2590 2602 2602 2602 2585 2585 2585 2588 2588 2588 2602 2602 2602 2610 2610 2610 2603 2603 2603 2603 2603 2603 2600 2600 2600 2599 2599 2599 2611 2611 2611 2606 2606 2606 2612 2612 2612 2611 2611 2611 2612 2612 2612 2613 2613 2613 2606 2606 2606 2605 2605 2605 2612 2612 2612 2612 2612 2612 2605 2605 2605 2614 2614 2614 2612 2612 2612 2615 2615 2615 2613 2613 2613 2608 2608 2608 2597 2597 2597 2606 2606 2606 2608 2608 2608 2606 2606 2606 2611 2611 2611 2597 2597 2597 2600 2600 2600 2606 2606 2606 2586 2586 2586 2593 2593 2593 2587 2587 2587 2586 2586 2586 2601 2601 2601 2593 2593 2593 2585 2585 2585 2602 2602 2602 2601 2601 2601 2585 2585 2585 2581 2581 2581 2583 2583 2583 2588 2588 2588 2583 2583 2583 2590 2590 2590 2588 2588 2588 2590 2590 2590 2609 2609 2609 2588 2588 2588 2616 2616 2616 2602 2602 2602 2617 2617 2617 2618 2618 2618 2609 2609 2609 2618 2618 2618 2619 2619 2619 2616 2616 2616 2609 2609 2609 2589 2589 2589 2617 2617 2617 2616 2616 2616 2609 2609 2609 2618 2618 2618 2616 2616 2616 2588 2588 2588 2609 2609 2609 2619 2619 2619 2615 2615 2615 2610 2610 2610 2610 2610 2610 2602 2602 2602 2616 2616 2616 2610 2610 2610 2616 2616 2616 2619 2619 2619 2610 2610 2610 2605 2605 2605 2603 2603 2603 2614 2614 2614 2615 2615 2615 2612 2612 2612 2614 2614 2614 2610 2610 2610 2615 2615 2615 2605 2605 2605 2610 2610 2610 2614 2614 2614 2620 2620 2620 2621 2621 2621 2622 2622 2622 2621 2621 2621 2620 2620 2620 2623 2623 2623 2624 2624 2624 2625 2625 2625 2626 2626 2626 2625 2625 2625 2624 2624 2624 2627 2627 2627 2628 2628 2628 2629 2629 2629 2630 2630 2630 2628 2628 2628 2630 2630 2630 2631 2631 2631 2628 2628 2628 2632 2632 2632 2633 2633 2633 2628 2628 2628 2634 2634 2634 2629 2629 2629 2631 2631 2631 2630 2630 2630 2635 2635 2635 2629 2629 2629 2636 2636 2636 2637 2637 2637 2629 2629 2629 2637 2637 2637 2630 2630 2630 2633 2633 2633 2638 2638 2638 2634 2634 2634 2633 2633 2633 2634 2634 2634 2628 2628 2628 2633 2633 2633 2639 2639 2639 2640 2640 2640 2634 2634 2634 2641 2641 2641 2629 2629 2629 2640 2640 2640 2638 2638 2638 2633 2633 2633 2640 2640 2640 2642 2642 2642 2643 2643 2643 2638 2638 2638 2641 2641 2641 2634 2634 2634 2638 2638 2638 2644 2644 2644 2641 2641 2641 2641 2641 2641 2636 2636 2636 2629 2629 2629 2644 2644 2644 2645 2645 2645 2646 2646 2646 2644 2644 2644 2647 2647 2647 2648 2648 2648 2644 2644 2644 2649 2649 2649 2645 2645 2645 2644 2644 2644 2648 2648 2648 2641 2641 2641 2648 2648 2648 2647 2647 2647 2650 2650 2650 2648 2648 2648 2651 2651 2651 2636 2636 2636 2652 2652 2652 2653 2653 2653 2654 2654 2654 2652 2652 2652 2655 2655 2655 2653 2653 2653 2652 2652 2652 2654 2654 2654 2656 2656 2656 2656 2656 2656 2654 2654 2654 2645 2645 2645 2656 2656 2656 2645 2645 2645 2649 2649 2649 2657 2657 2657 2656 2656 2656 2649 2649 2649 2657 2657 2657 2649 2649 2649 2643 2643 2643 2649 2649 2649 2644 2644 2644 2638 2638 2638 2643 2643 2643 2649 2649 2649 2638 2638 2638 2643 2643 2643 2638 2638 2638 2640 2640 2640 2658 2658 2658 2659 2659 2659 2660 2660 2660 2658 2658 2658 2660 2660 2660 2650 2650 2650 2658 2658 2658 2661 2661 2661 2662 2662 2662 2658 2658 2658 2662 2662 2662 2663 2663 2663 2662 2662 2662 2664 2664 2664 2665 2665 2665 2663 2663 2663 2659 2659 2659 2658 2658 2658 2663 2663 2663 2665 2665 2665 2666 2666 2666 2663 2663 2663 2662 2662 2662 2665 2665 2665 2650 2650 2650 2660 2660 2660 2651 2651 2651 2650 2650 2650 2661 2661 2661 2658 2658 2658 2650 2650 2650 2646 2646 2646 2661 2661 2661 2650 2650 2650 2647 2647 2647 2646 2646 2646 2661 2661 2661 2664 2664 2664 2662 2662 2662 2661 2661 2661 2646 2646 2646 2664 2664 2664 2664 2664 2664 2667 2667 2667 2665 2665 2665 2646 2646 2646 2668 2668 2668 2664 2664 2664 2646 2646 2646 2645 2645 2645 2654 2654 2654 2647 2647 2647 2644 2644 2644 2646 2646 2646 2668 2668 2668 2667 2667 2667 2664 2664 2664 2668 2668 2668 2646 2646 2646 2653 2653 2653 2669 2669 2669 2670 2670 2670 2671 2671 2671 2669 2669 2669 2672 2672 2672 2673 2673 2673 2669 2669 2669 2673 2673 2673 2670 2670 2670 2669 2669 2669 2674 2674 2674 2675 2675 2675 2670 2670 2670 2676 2676 2676 2671 2671 2671 2670 2670 2670 2673 2673 2673 2677 2677 2677 2677 2677 2677 2673 2673 2673 2678 2678 2678 2677 2677 2677 2679 2679 2679 2655 2655 2655 2677 2677 2677 2678 2678 2678 2679 2679 2679 2676 2676 2676 2677 2677 2677 2655 2655 2655 2676 2676 2676 2670 2670 2670 2677 2677 2677 2676 2676 2676 2680 2680 2680 2671 2671 2671 2655 2655 2655 2652 2652 2652 2676 2676 2676 2681 2681 2681 2682 2682 2682 2683 2683 2683 2681 2681 2681 2684 2684 2684 2685 2685 2685 2681 2681 2681 2683 2683 2683 2686 2686 2686 2683 2683 2683 2687 2687 2687 2688 2688 2688 2686 2686 2686 2683 2683 2683 2688 2688 2688 2686 2686 2686 2689 2689 2689 2681 2681 2681 2685 2685 2685 2690 2690 2690 2682 2682 2682 2685 2685 2685 2691 2691 2691 2690 2690 2690 2685 2685 2685 2682 2682 2682 2681 2681 2681 2682 2682 2682 2687 2687 2687 2683 2683 2683 2682 2682 2682 2690 2690 2690 2687 2687 2687 2687 2687 2687 2692 2692 2692 2688 2688 2688 2688 2688 2688 2692 2692 2692 2693 2693 2693 2690 2690 2690 2694 2694 2694 2687 2687 2687 2690 2690 2690 2672 2672 2672 2694 2694 2694 2695 2695 2695 2691 2691 2691 2685 2685 2685 2691 2691 2691 2696 2696 2696 2690 2690 2690 2694 2694 2694 2692 2692 2692 2687 2687 2687 2696 2696 2696 2673 2673 2673 2690 2690 2690 2696 2696 2696 2678 2678 2678 2673 2673 2673 2697 2697 2697 2698 2698 2698 2665 2665 2665 2697 2697 2697 2665 2665 2665 2667 2667 2667 2697 2697 2697 2699 2699 2699 2700 2700 2700 2697 2697 2697 2701 2701 2701 2698 2698 2698 2697 2697 2697 2700 2700 2700 2701 2701 2701 2701 2701 2701 2702 2702 2702 2703 2703 2703 2698 2698 2698 2666 2666 2666 2665 2665 2665 2700 2700 2700 2704 2704 2704 2702 2702 2702 2667 2667 2667 2668 2668 2668 2705 2705 2705 2667 2667 2667 2699 2699 2699 2697 2697 2697 2667 2667 2667 2679 2679 2679 2699 2699 2699 2699 2699 2699 2706 2706 2706 2707 2707 2707 2699 2699 2699 2707 2707 2707 2700 2700 2700 2705 2705 2705 2653 2653 2653 2655 2655 2655 2705 2705 2705 2679 2679 2679 2667 2667 2667 2679 2679 2679 2678 2678 2678 2706 2706 2706 2679 2679 2679 2705 2705 2705 2655 2655 2655 2679 2679 2679 2706 2706 2706 2699 2699 2699 2706 2706 2706 2695 2695 2695 2707 2707 2707 2706 2706 2706 2691 2691 2691 2695 2695 2695 2678 2678 2678 2696 2696 2696 2691 2691 2691 2678 2678 2678 2691 2691 2691 2706 2706 2706 2708 2708 2708 2709 2709 2709 2710 2710 2710 2708 2708 2708 2711 2711 2711 2712 2712 2712 2709 2709 2709 2713 2713 2713 2714 2714 2714 2709 2709 2709 2714 2714 2714 2632 2632 2632 2710 2710 2710 2709 2709 2709 2632 2632 2632 2710 2710 2710 2711 2711 2711 2708 2708 2708 2714 2714 2714 2633 2633 2633 2632 2632 2632 2632 2632 2632 2628 2628 2628 2631 2631 2631 2632 2632 2632 2631 2631 2631 2715 2715 2715 2712 2712 2712 2713 2713 2713 2708 2708 2708 2712 2712 2712 2711 2711 2711 2716 2716 2716 2712 2712 2712 2717 2717 2717 2713 2713 2713 2713 2713 2713 2639 2639 2639 2714 2714 2714 2713 2713 2713 2718 2718 2718 2719 2719 2719 2713 2713 2713 2709 2709 2709 2708 2708 2708 2720 2720 2720 2721 2721 2721 2722 2722 2722 2720 2720 2720 2717 2717 2717 2712 2712 2712 2720 2720 2720 2716 2716 2716 2721 2721 2721 2717 2717 2717 2723 2723 2723 2713 2713 2713 2639 2639 2639 2633 2633 2633 2714 2714 2714 2639 2639 2639 2719 2719 2719 2642 2642 2642 2723 2723 2723 2718 2718 2718 2713 2713 2713 2723 2723 2723 2720 2720 2720 2722 2722 2722 2723 2723 2723 2717 2717 2717 2720 2720 2720 2723 2723 2723 2724 2724 2724 2718 2718 2718 2725 2725 2725 2726 2726 2726 2727 2727 2727 2725 2725 2725 2727 2727 2727 2728 2728 2728 2725 2725 2725 2728 2728 2728 2729 2729 2729 2725 2725 2725 2730 2730 2730 2726 2726 2726 2726 2726 2726 2731 2731 2731 2727 2727 2727 2732 2732 2732 2733 2733 2733 2730 2730 2730 2732 2732 2732 2730 2730 2730 2725 2725 2725 2730 2730 2730 2722 2722 2722 2726 2726 2726 2734 2734 2734 2735 2735 2735 2736 2736 2736 2734 2734 2734 2733 2733 2733 2732 2732 2732 2733 2733 2733 2723 2723 2723 2722 2722 2722 2733 2733 2733 2737 2737 2737 2724 2724 2724 2733 2733 2733 2722 2722 2722 2730 2730 2730 2733 2733 2733 2724 2724 2724 2723 2723 2723 2722 2722 2722 2721 2721 2721 2738 2738 2738 2722 2722 2722 2738 2738 2738 2726 2726 2726 2739 2739 2739 2740 2740 2740 2741 2741 2741 2739 2739 2739 2657 2657 2657 2740 2740 2740 2739 2739 2739 2680 2680 2680 2657 2657 2657 2740 2740 2740 2642 2642 2642 2719 2719 2719 2741 2741 2741 2740 2740 2740 2724 2724 2724 2741 2741 2741 2724 2724 2724 2737 2737 2737 2724 2724 2724 2719 2719 2719 2718 2718 2718 2737 2737 2737 2733 2733 2733 2734 2734 2734 2692 2692 2692 2742 2742 2742 2743 2743 2743 2692 2692 2692 2694 2694 2694 2744 2744 2744 2692 2692 2692 2745 2745 2745 2693 2693 2693 2692 2692 2692 2743 2743 2743 2745 2745 2745 2745 2745 2745 2743 2743 2743 2746 2746 2746 2693 2693 2693 2747 2747 2747 2688 2688 2688 2693 2693 2693 2745 2745 2745 2748 2748 2748 2743 2743 2743 2749 2749 2749 2746 2746 2746 2744 2744 2744 2672 2672 2672 2750 2750 2750 2744 2744 2744 2742 2742 2742 2692 2692 2692 2742 2742 2742 2751 2751 2751 2749 2749 2749 2742 2742 2742 2749 2749 2749 2743 2743 2743 2742 2742 2742 2744 2744 2744 2750 2750 2750 2742 2742 2742 2750 2750 2750 2752 2752 2752 2746 2746 2746 2748 2748 2748 2745 2745 2745 2746 2746 2746 2749 2749 2749 2753 2753 2753 2751 2751 2751 2754 2754 2754 2755 2755 2755 2751 2751 2751 2756 2756 2756 2749 2749 2749 2751 2751 2751 2742 2742 2742 2752 2752 2752 2751 2751 2751 2752 2752 2752 2754 2754 2754 2751 2751 2751 2757 2757 2757 2756 2756 2756 2756 2756 2756 2757 2757 2757 2758 2758 2758 2759 2759 2759 2760 2760 2760 2761 2761 2761 2759 2759 2759 2762 2762 2762 2760 2760 2760 2759 2759 2759 2741 2741 2741 2762 2762 2762 2759 2759 2759 2739 2739 2739 2741 2741 2741 2760 2760 2760 2762 2762 2762 2755 2755 2755 2761 2761 2761 2674 2674 2674 2759 2759 2759 2675 2675 2675 2674 2674 2674 2761 2761 2761 2675 2675 2675 2761 2761 2761 2752 2752 2752 2675 2675 2675 2752 2752 2752 2750 2750 2750 2675 2675 2675 2672 2672 2672 2669 2669 2669 2752 2752 2752 2761 2761 2761 2754 2754 2754 2763 2763 2763 2764 2764 2764 2765 2765 2765 2763 2763 2763 2765 2765 2765 2766 2766 2766 2763 2763 2763 2767 2767 2767 2758 2758 2758 2765 2765 2765 2735 2735 2735 2729 2729 2729 2766 2766 2766 2768 2768 2768 2763 2763 2763 2766 2766 2766 2729 2729 2729 2769 2769 2769 2766 2766 2766 2765 2765 2765 2729 2729 2729 2758 2758 2758 2764 2764 2764 2763 2763 2763 2758 2758 2758 2770 2770 2770 2756 2756 2756 2758 2758 2758 2755 2755 2755 2764 2764 2764 2758 2758 2758 2757 2757 2757 2755 2755 2755 2764 2764 2764 2735 2735 2735 2765 2765 2765 2764 2764 2764 2755 2755 2755 2735 2735 2735 2735 2735 2735 2732 2732 2732 2729 2729 2729 2735 2735 2735 2734 2734 2734 2732 2732 2732 2729 2729 2729 2732 2732 2732 2725 2725 2725 2729 2729 2729 2728 2728 2728 2769 2769 2769 2755 2755 2755 2754 2754 2754 2760 2760 2760 2755 2755 2755 2736 2736 2736 2735 2735 2735 2757 2757 2757 2751 2751 2751 2755 2755 2755 2736 2736 2736 2737 2737 2737 2734 2734 2734 2754 2754 2754 2761 2761 2761 2760 2760 2760 2747 2747 2747 2693 2693 2693 2748 2748 2748 2747 2747 2747 2686 2686 2686 2688 2688 2688 2703 2703 2703 2666 2666 2666 2698 2698 2698 2703 2703 2703 2698 2698 2698 2701 2701 2701 2715 2715 2715 2710 2710 2710 2632 2632 2632 2771 2771 2771 2728 2728 2728 2727 2727 2727 2771 2771 2771 2727 2727 2727 2731 2731 2731 2674 2674 2674 2669 2669 2669 2671 2671 2671 2674 2674 2674 2739 2739 2739 2759 2759 2759 2674 2674 2674 2671 2671 2671 2680 2680 2680 2674 2674 2674 2680 2680 2680 2739 2739 2739 2680 2680 2680 2676 2676 2676 2652 2652 2652 2680 2680 2680 2656 2656 2656 2657 2657 2657 2680 2680 2680 2652 2652 2652 2656 2656 2656 2642 2642 2642 2740 2740 2740 2657 2657 2657 2642 2642 2642 2657 2657 2657 2643 2643 2643 2642 2642 2642 2640 2640 2640 2639 2639 2639 2748 2748 2748 2746 2746 2746 2753 2753 2753 2769 2769 2769 2728 2728 2728 2771 2771 2771 2653 2653 2653 2646 2646 2646 2654 2654 2654 2653 2653 2653 2705 2705 2705 2668 2668 2668 2672 2672 2672 2675 2675 2675 2750 2750 2750 2672 2672 2672 2744 2744 2744 2694 2694 2694 2672 2672 2672 2690 2690 2690 2673 2673 2673 2719 2719 2719 2639 2639 2639 2713 2713 2713 2719 2719 2719 2724 2724 2724 2740 2740 2740 2762 2762 2762 2741 2741 2741 2737 2737 2737 2762 2762 2762 2736 2736 2736 2755 2755 2755 2762 2762 2762 2737 2737 2737 2736 2736 2736 2637 2637 2637 2635 2635 2635 2630 2630 2630 2635 2635 2635 2715 2715 2715 2631 2631 2631 2636 2636 2636 2641 2641 2641 2648 2648 2648 2651 2651 2651 2648 2648 2648 2650 2650 2650 2659 2659 2659 2663 2663 2663 2666 2666 2666 2689 2689 2689 2686 2686 2686 2747 2747 2747 2684 2684 2684 2681 2681 2681 2689 2689 2689 2684 2684 2684 2695 2695 2695 2685 2685 2685 2772 2772 2772 2695 2695 2695 2684 2684 2684 2772 2772 2772 2707 2707 2707 2695 2695 2695 2704 2704 2704 2707 2707 2707 2772 2772 2772 2704 2704 2704 2700 2700 2700 2707 2707 2707 2702 2702 2702 2701 2701 2701 2700 2700 2700 2711 2711 2711 2710 2710 2710 2715 2715 2715 2716 2716 2716 2720 2720 2720 2712 2712 2712 2731 2731 2731 2726 2726 2726 2738 2738 2738 2753 2753 2753 2749 2749 2749 2770 2770 2770 2770 2770 2770 2758 2758 2758 2767 2767 2767 2770 2770 2770 2749 2749 2749 2756 2756 2756 2767 2767 2767 2763 2763 2763 2768 2768 2768 2768 2768 2768 2766 2766 2766 2769 2769 2769 2773 2773 2773 2774 2774 2774 2775 2775 2775 2773 2773 2773 2776 2776 2776 2777 2777 2777 2773 2773 2773 2777 2777 2777 2774 2774 2774 2776 2776 2776 2778 2778 2778 2779 2779 2779 2776 2776 2776 2780 2780 2780 2777 2777 2777 2776 2776 2776 2779 2779 2779 2780 2780 2780 2777 2777 2777 2781 2781 2781 2774 2774 2774 2774 2774 2774 2782 2782 2782 2783 2783 2783 2784 2784 2784 2785 2785 2785 2786 2786 2786 2784 2784 2784 2778 2778 2778 2773 2773 2773 2784 2784 2784 2786 2786 2786 2778 2778 2778 2784 2784 2784 2773 2773 2773 2775 2775 2775 2784 2784 2784 2775 2775 2775 2787 2787 2787 2775 2775 2775 2774 2774 2774 2783 2783 2783 2788 2788 2788 2784 2784 2784 2787 2787 2787 2788 2788 2788 2789 2789 2789 2785 2785 2785 2787 2787 2787 2790 2790 2790 2788 2788 2788 2787 2787 2787 2775 2775 2775 2783 2783 2783 2787 2787 2787 2783 2783 2783 2791 2791 2791 2783 2783 2783 2782 2782 2782 2792 2792 2792 2791 2791 2791 2793 2793 2793 2787 2787 2787 2791 2791 2791 2792 2792 2792 2794 2794 2794 2791 2791 2791 2783 2783 2783 2792 2792 2792 2791 2791 2791 2795 2795 2795 2796 2796 2796 2792 2792 2792 2797 2797 2797 2798 2798 2798 2792 2792 2792 2798 2798 2798 2794 2794 2794 2792 2792 2792 2782 2782 2782 2797 2797 2797 2799 2799 2799 2800 2800 2800 2801 2801 2801 2799 2799 2799 2802 2802 2802 2800 2800 2800 2799 2799 2799 2801 2801 2801 2803 2803 2803 2799 2799 2799 2804 2804 2804 2805 2805 2805 2800 2800 2800 2802 2802 2802 2806 2806 2806 2801 2801 2801 2800 2800 2800 2796 2796 2796 2806 2806 2806 2793 2793 2793 2800 2800 2800 2806 2806 2806 2790 2790 2790 2793 2793 2793 2790 2790 2790 2787 2787 2787 2793 2793 2793 2793 2793 2793 2791 2791 2791 2796 2796 2796 2807 2807 2807 2808 2808 2808 2809 2809 2809 2807 2807 2807 2810 2810 2810 2808 2808 2808 2810 2810 2810 2811 2811 2811 2812 2812 2812 2810 2810 2810 2812 2812 2812 2813 2813 2813 2810 2810 2810 2813 2813 2813 2808 2808 2808 2808 2808 2808 2813 2813 2813 2814 2814 2814 2798 2798 2798 2795 2795 2795 2794 2794 2794 2798 2798 2798 2815 2815 2815 2807 2807 2807 2798 2798 2798 2809 2809 2809 2795 2795 2795 2798 2798 2798 2797 2797 2797 2815 2815 2815 2798 2798 2798 2807 2807 2807 2809 2809 2809 2809 2809 2809 2814 2814 2814 2795 2795 2795 2809 2809 2809 2808 2808 2808 2814 2814 2814 2795 2795 2795 2814 2814 2814 2816 2816 2816 2795 2795 2795 2801 2801 2801 2796 2796 2796 2795 2795 2795 2816 2816 2816 2803 2803 2803 2794 2794 2794 2795 2795 2795 2791 2791 2791 2816 2816 2816 2817 2817 2817 2818 2818 2818 2796 2796 2796 2800 2800 2800 2793 2793 2793 2819 2819 2819 2820 2820 2820 2821 2821 2821 2819 2819 2819 2822 2822 2822 2820 2820 2820 2819 2819 2819 2823 2823 2823 2822 2822 2822 2819 2819 2819 2824 2824 2824 2825 2825 2825 2819 2819 2819 2825 2825 2825 2823 2823 2823 2822 2822 2822 2826 2826 2826 2820 2820 2820 2822 2822 2822 2823 2823 2823 2805 2805 2805 2826 2826 2826 2827 2827 2827 2820 2820 2820 2826 2826 2826 2828 2828 2828 2827 2827 2827 2805 2805 2805 2804 2804 2804 2826 2826 2826 2805 2805 2805 2802 2802 2802 2799 2799 2799 2805 2805 2805 2826 2826 2826 2822 2822 2822 2804 2804 2804 2799 2799 2799 2803 2803 2803 2804 2804 2804 2828 2828 2828 2826 2826 2826 2829 2829 2829 2830 2830 2830 2831 2831 2831 2829 2829 2829 2832 2832 2832 2833 2833 2833 2829 2829 2829 2834 2834 2834 2830 2830 2830 2834 2834 2834 2833 2833 2833 2835 2835 2835 2834 2834 2834 2836 2836 2836 2830 2830 2830 2830 2830 2830 2836 2836 2836 2837 2837 2837 2838 2838 2838 2829 2829 2829 2831 2831 2831 2838 2838 2838 2839 2839 2839 2840 2840 2840 2838 2838 2838 2831 2831 2831 2839 2839 2839 2831 2831 2831 2837 2837 2837 2839 2839 2839 2831 2831 2831 2830 2830 2830 2837 2837 2837 2839 2839 2839 2837 2837 2837 2841 2841 2841 2839 2839 2839 2841 2841 2841 2821 2821 2821 2842 2842 2842 2838 2838 2838 2840 2840 2840 2842 2842 2842 2832 2832 2832 2838 2838 2838 2840 2840 2840 2839 2839 2839 2843 2843 2843 2841 2841 2841 2844 2844 2844 2845 2845 2845 2843 2843 2843 2839 2839 2839 2820 2820 2820 2843 2843 2843 2820 2820 2820 2827 2827 2827 2846 2846 2846 2847 2847 2847 2848 2848 2848 2846 2846 2846 2848 2848 2848 2849 2849 2849 2846 2846 2846 2813 2813 2813 2847 2847 2847 2846 2846 2846 2849 2849 2849 2850 2850 2850 2847 2847 2847 2812 2812 2812 2851 2851 2851 2817 2817 2817 2814 2814 2814 2813 2813 2813 2817 2817 2817 2850 2850 2850 2828 2828 2828 2817 2817 2817 2813 2813 2813 2846 2846 2846 2817 2817 2817 2816 2816 2816 2814 2814 2814 2817 2817 2817 2846 2846 2846 2850 2850 2850 2850 2850 2850 2849 2849 2849 2852 2852 2852 2850 2850 2850 2852 2852 2852 2853 2853 2853 2818 2818 2818 2817 2817 2817 2828 2828 2828 2818 2818 2818 2803 2803 2803 2816 2816 2816 2828 2828 2828 2850 2850 2850 2853 2853 2853 2828 2828 2828 2853 2853 2853 2827 2827 2827 2828 2828 2828 2804 2804 2804 2818 2818 2818 2853 2853 2853 2852 2852 2852 2842 2842 2842 2853 2853 2853 2842 2842 2842 2840 2840 2840 2827 2827 2827 2840 2840 2840 2843 2843 2843 2827 2827 2827 2853 2853 2853 2840 2840 2840 2854 2854 2854 2855 2855 2855 2856 2856 2856 2854 2854 2854 2856 2856 2856 2857 2857 2857 2856 2856 2856 2778 2778 2778 2857 2857 2857 2857 2857 2857 2858 2858 2858 2854 2854 2854 2857 2857 2857 2778 2778 2778 2786 2786 2786 2778 2778 2778 2776 2776 2776 2773 2773 2773 2859 2859 2859 2858 2858 2858 2860 2860 2860 2859 2859 2859 2861 2861 2861 2855 2855 2855 2859 2859 2859 2854 2854 2854 2858 2858 2858 2858 2858 2858 2862 2862 2862 2863 2863 2863 2858 2858 2858 2786 2786 2786 2785 2785 2785 2858 2858 2858 2857 2857 2857 2786 2786 2786 2864 2864 2864 2859 2859 2859 2860 2860 2860 2864 2864 2864 2865 2865 2865 2861 2861 2861 2860 2860 2860 2858 2858 2858 2866 2866 2866 2785 2785 2785 2784 2784 2784 2788 2788 2788 2785 2785 2785 2862 2862 2862 2858 2858 2858 2866 2866 2866 2863 2863 2863 2867 2867 2867 2866 2866 2866 2864 2864 2864 2860 2860 2860 2866 2866 2866 2868 2868 2868 2864 2864 2864 2866 2866 2866 2858 2858 2858 2863 2863 2863 2869 2869 2869 2870 2870 2870 2871 2871 2871 2869 2869 2869 2872 2872 2872 2870 2870 2870 2869 2869 2869 2873 2873 2873 2874 2874 2874 2869 2869 2869 2874 2874 2874 2872 2872 2872 2874 2874 2874 2875 2875 2875 2876 2876 2876 2872 2872 2872 2876 2876 2876 2877 2877 2877 2872 2872 2872 2877 2877 2877 2870 2870 2870 2870 2870 2870 2878 2878 2878 2868 2868 2868 2870 2870 2870 2877 2877 2877 2878 2878 2878 2879 2879 2879 2869 2869 2869 2871 2871 2871 2879 2879 2879 2880 2880 2880 2873 2873 2873 2879 2879 2879 2871 2871 2871 2881 2881 2881 2871 2871 2871 2870 2870 2870 2868 2868 2868 2882 2882 2882 2883 2883 2883 2880 2880 2880 2882 2882 2882 2879 2879 2879 2881 2881 2881 2881 2881 2881 2871 2871 2871 2868 2868 2868 2881 2881 2881 2868 2868 2868 2866 2866 2866 2881 2881 2881 2867 2867 2867 2884 2884 2884 2868 2868 2868 2878 2878 2878 2865 2865 2865 2885 2885 2885 2886 2886 2886 2887 2887 2887 2885 2885 2885 2825 2825 2825 2888 2888 2888 2886 2886 2886 2884 2884 2884 2867 2867 2867 2886 2886 2886 2888 2888 2888 2889 2889 2889 2886 2886 2886 2867 2867 2867 2887 2887 2887 2887 2887 2887 2806 2806 2806 2885 2885 2885 2887 2887 2887 2862 2862 2862 2789 2789 2789 2884 2884 2884 2889 2889 2889 2883 2883 2883 2884 2884 2884 2882 2882 2882 2881 2881 2881 2867 2867 2867 2862 2862 2862 2887 2887 2887 2867 2867 2867 2881 2881 2881 2866 2866 2866 2844 2844 2844 2836 2836 2836 2890 2890 2890 2844 2844 2844 2891 2891 2891 2892 2892 2892 2844 2844 2844 2890 2890 2890 2891 2891 2891 2844 2844 2844 2841 2841 2841 2837 2837 2837 2844 2844 2844 2837 2837 2837 2836 2836 2836 2844 2844 2844 2892 2892 2892 2893 2893 2893 2890 2890 2890 2894 2894 2894 2891 2891 2891 2891 2891 2891 2895 2895 2895 2892 2892 2892 2892 2892 2892 2895 2895 2895 2896 2896 2896 2845 2845 2845 2844 2844 2844 2893 2893 2893 2845 2845 2845 2821 2821 2821 2841 2841 2841 2845 2845 2845 2893 2893 2893 2897 2897 2897 2893 2893 2893 2892 2892 2892 2896 2896 2896 2893 2893 2893 2896 2896 2896 2898 2898 2898 2893 2893 2893 2898 2898 2898 2899 2899 2899 2895 2895 2895 2900 2900 2900 2896 2896 2896 2896 2896 2896 2900 2900 2900 2901 2901 2901 2898 2898 2898 2896 2896 2896 2902 2902 2902 2898 2898 2898 2903 2903 2903 2904 2904 2904 2898 2898 2898 2902 2902 2902 2905 2905 2905 2902 2902 2902 2906 2906 2906 2905 2905 2905 2888 2888 2888 2886 2886 2886 2885 2885 2885 2888 2888 2888 2907 2907 2907 2908 2908 2908 2888 2888 2888 2908 2908 2908 2889 2889 2889 2907 2907 2907 2888 2888 2888 2825 2825 2825 2908 2908 2908 2903 2903 2903 2889 2889 2889 2824 2824 2824 2899 2899 2899 2907 2907 2907 2824 2824 2824 2897 2897 2897 2899 2899 2899 2824 2824 2824 2907 2907 2907 2825 2825 2825 2899 2899 2899 2904 2904 2904 2907 2907 2907 2899 2899 2899 2897 2897 2897 2893 2893 2893 2909 2909 2909 2910 2910 2910 2911 2911 2911 2909 2909 2909 2911 2911 2911 2912 2912 2912 2909 2909 2909 2913 2913 2913 2914 2914 2914 2910 2910 2910 2873 2873 2873 2911 2911 2911 2910 2910 2910 2875 2875 2875 2873 2873 2873 2910 2910 2910 2914 2914 2914 2875 2875 2875 2911 2911 2911 2873 2873 2873 2880 2880 2880 2906 2906 2906 2901 2901 2901 2913 2913 2913 2906 2906 2906 2903 2903 2903 2905 2905 2905 2906 2906 2906 2912 2912 2912 2903 2903 2903 2906 2906 2906 2909 2909 2909 2912 2912 2912 2912 2912 2912 2880 2880 2880 2903 2903 2903 2912 2912 2912 2911 2911 2911 2880 2880 2880 2873 2873 2873 2869 2869 2869 2879 2879 2879 2880 2880 2880 2879 2879 2879 2882 2882 2882 2903 2903 2903 2908 2908 2908 2904 2904 2904 2903 2903 2903 2880 2880 2880 2883 2883 2883 2905 2905 2905 2903 2903 2903 2898 2898 2898 2883 2883 2883 2882 2882 2882 2884 2884 2884 2904 2904 2904 2908 2908 2908 2907 2907 2907 2904 2904 2904 2899 2899 2899 2898 2898 2898 2835 2835 2835 2894 2894 2894 2890 2890 2890 2835 2835 2835 2836 2836 2836 2834 2834 2834 2835 2835 2835 2890 2890 2890 2836 2836 2836 2851 2851 2851 2848 2848 2848 2847 2847 2847 2779 2779 2779 2778 2778 2778 2856 2856 2856 2876 2876 2876 2872 2872 2872 2874 2874 2874 2825 2825 2825 2802 2802 2802 2823 2823 2823 2802 2802 2802 2825 2825 2825 2885 2885 2885 2802 2802 2802 2805 2805 2805 2823 2823 2823 2802 2802 2802 2885 2885 2885 2806 2806 2806 2789 2789 2789 2788 2788 2788 2790 2790 2790 2789 2789 2789 2806 2806 2806 2887 2887 2887 2789 2789 2789 2790 2790 2790 2806 2806 2806 2894 2894 2894 2895 2895 2895 2891 2891 2891 2812 2812 2812 2847 2847 2847 2813 2813 2813 2875 2875 2875 2874 2874 2874 2873 2873 2873 2803 2803 2803 2818 2818 2818 2804 2804 2804 2803 2803 2803 2801 2801 2801 2795 2795 2795 2821 2821 2821 2845 2845 2845 2897 2897 2897 2821 2821 2821 2897 2897 2897 2824 2824 2824 2821 2821 2821 2824 2824 2824 2819 2819 2819 2821 2821 2821 2820 2820 2820 2839 2839 2839 2862 2862 2862 2785 2785 2785 2789 2789 2789 2862 2862 2862 2867 2867 2867 2863 2863 2863 2889 2889 2889 2903 2903 2903 2883 2883 2883 2889 2889 2889 2884 2884 2884 2886 2886 2886 2781 2781 2781 2777 2777 2777 2780 2780 2780 2782 2782 2782 2774 2774 2774 2781 2781 2781 2811 2811 2811 2807 2807 2807 2815 2815 2815 2811 2811 2811 2810 2810 2810 2807 2807 2807 2833 2833 2833 2834 2834 2834 2829 2829 2829 2832 2832 2832 2842 2842 2842 2915 2915 2915 2832 2832 2832 2829 2829 2829 2838 2838 2838 2915 2915 2915 2852 2852 2852 2916 2916 2916 2915 2915 2915 2842 2842 2842 2852 2852 2852 2916 2916 2916 2852 2852 2852 2849 2849 2849 2916 2916 2916 2849 2849 2849 2917 2917 2917 2917 2917 2917 2849 2849 2849 2848 2848 2848 2917 2917 2917 2848 2848 2848 2851 2851 2851 2855 2855 2855 2779 2779 2779 2856 2856 2856 2855 2855 2855 2854 2854 2854 2859 2859 2859 2861 2861 2861 2859 2859 2859 2864 2864 2864 2865 2865 2865 2864 2864 2864 2868 2868 2868 2900 2900 2900 2895 2895 2895 2894 2894 2894 2901 2901 2901 2906 2906 2906 2902 2902 2902 2901 2901 2901 2902 2902 2902 2896 2896 2896 2913 2913 2913 2909 2909 2909 2906 2906 2906 2914 2914 2914 2910 2910 2910 2909 2909 2909</p>
        </triangles>
      </mesh>
    </geometry>
  </library_geometries>
  <library_materials>
    <material id="70a665c14a9c4d37b6fbdee8a3a7c8d3" name="pbrmaterial">
      <instance_effect url="#4e19dba9c3db47c3a23155c4fcd088c7" />
    </material>
  </library_materials>
  <library_visual_scenes>
    <visual_scene id="scene">
      <node id="node0" name="node0">
        <instance_geometry url="#00136db23b5a4e968da435008e0a5d68">
          <bind_material>
            <technique_common>
              <instance_material symbol="material0" target="#70a665c14a9c4d37b6fbdee8a3a7c8d3" />
            </technique_common>
          </bind_material>
        </instance_geometry>
      </node>
    </visual_scene>
  </library_visual_scenes>
  <scene>
    <instance_visual_scene url="#scene" />
  </scene>
</COLLADA>
