<COLLADA xmlns="http://www.collada.org/2005/11/COLLADASchema" version="1.4.1">
  <asset>
    <created>2026-01-11T12:32:05.714308</created>
    <modified>2026-01-11T12:32:05.714313</modified>
    <up_axis>Y_UP</up_axis>
  </asset>
  <library_effects>
    <effect id="c9db891b23264220b3487f394f4b054d" name="c9db891b23264220b3487f394f4b054d">
      <profile_COMMON>
        <technique sid="common">
          <phong>
            <ambient>
              <color>0.0 0.0 0.0 1.0</color>
            </ambient>
            <diffuse>
              <color>1.0 1.0 1.0 1.0</color>
            </diffuse>
            <specular>
              <color>1.0 1.0 1.0 1.0</color>
            </specular>
            <shininess>
              <float>6.646728686608332</float>
            </shininess>
            <reflective>
              <color>0.0 0.0 0.0 1.0</color>
            </reflective>
            <reflectivity>
              <float>0.0</float>
            </reflectivity>
            <transparent>
              <color>0.0 0.0 0.0 1.0</color>
            </transparent>
            <transparency>
              <float>1.0</float>
            </transparency>
          </phong>
        </technique>
        <extra>
          <technique profile="GOOGLEEARTH">
            <double_sided>0</double_sided>
          </technique>
        </extra>
      </profile_COMMON>
    </effect>
  </library_effects>
  <library_geometries>
    <geometry id="897323339c3c4f24b12d38ffb2880d87" name="3e7137d683f248c98b32981a799e2d9b">
      <mesh>
        <source id="verts-array">
          <float_array count="10140" id="verts-array-array">-0.3510608 0.2089934 -0.1834338 -0.425146 0.2222731 -0.1834505 -0.3967773 0.2069399 -0.1834619 -0.360955 0.1941857 -0.1834672 -0.3346554 0.1647946 -0.1834627 -0.3104361 0.1456303 -0.1834514 -0.3275255 0.2051885 -0.1859719 -0.3257441 0.1345144 -0.1834614 -0.3237135 0.07153954 -0.1834353 -0.3001393 0.09474086 -0.1861188 -0.2956501 0.1265986 -0.1861875 -0.3283161 0.1044806 -0.1834619 -0.3391508 0.08185441 -0.1834585 -0.3609551 0.05901151 -0.1834672 -0.393731 0.02910714 -0.1834442 -0.3359557 0.04110893 -0.1860761 -0.4950222 0.0871533 -0.183453 -0.486457 0.1172604 -0.1834614 -0.5019533 0.1431952 -0.183453 -0.4727333 0.07964785 -0.1834722 -0.5126462 0.09602292 -0.186118 -0.372461 0.2322454 -0.1861455 -0.4508594 0.193563 -0.1834585 -0.4282333 0.2043977 -0.1834619 -0.4154519 0.2370824 -0.1861455 -0.3207844 0.1753483 -0.2925628 -0.3113059 0.1007318 -0.2925628 -0.3263908 0.1424567 -0.2925398 -0.2956501 0.1265986 -0.2898194 -0.3427024 0.1768055 -0.2925451 -0.3271253 0.1108865 -0.2925484 -0.3354632 0.08722596 -0.2925451 -0.4522764 0.04023699 -0.2925588 -0.4441855 0.05537421 -0.292546 -0.4154534 0.04625732 -0.2925451 -0.3983396 0.03037825 -0.29255 -0.4727333 0.07964787 -0.2925348 -0.495022 0.08715344 -0.292554 -0.4762747 0.04110883 -0.2899309 -0.4979636 0.06522748 -0.2898194 -0.4851052 0.1108865 -0.2925484 -0.5023562 0.1360774 -0.2925504 -0.5119463 0.09449507 -0.2899309 -0.5165803 0.1265986 -0.2898194 -0.4818082 0.1887182 -0.2925598 -0.4856312 0.1444822 -0.2925364 -0.4622948 0.185645 -0.2925364 -0.3904032 0.04760871 -0.2925484 -0.4154534 0.04625732 -0.2925451 -0.3999489 0.06399 -0.2760406 -0.4244384 0.06619577 -0.2760405 -0.4441855 0.05537421 -0.292546 -0.3354632 0.08722596 -0.2925451 -0.3609551 0.05901142 -0.2925398 -0.3567177 0.08748845 -0.2760393 -0.3459114 0.1083359 -0.2760418 -0.3763609 0.07093199 -0.2760394 -0.3271253 0.1108865 -0.2925484 -0.3433023 0.132785 -0.2760369 -0.3263908 0.1424567 -0.2925398 -0.3967772 0.04625735 -0.1834619 -0.3609551 0.05901151 -0.1834672 -0.3952816 0.06403955 -0.1999731 -0.4254595 0.06663591 -0.1999676 -0.4354222 0.05054794 -0.1834706 -0.3623508 0.08060071 -0.1999721 -0.3427024 0.1768055 -0.2925451 -0.3506314 0.1562552 -0.2760414 -0.3707343 0.1795498 -0.2760334 -0.3667427 0.1972507 -0.2925451 -0.4010403 0.1893996 -0.2760394 -0.3967773 0.2069399 -0.2925451 -0.4727333 0.07964785 -0.1834722 -0.4521115 0.08283581 -0.1999743 -0.4667215 0.1093685 -0.1999656 -0.486457 0.1172604 -0.1834614 -0.4687005 0.1338729 -0.1999668 -0.4856312 0.1444822 -0.2925364 -0.4663192 0.1448613 -0.276042 -0.468673 0.1157653 -0.2760327 -0.4622948 0.185645 -0.2925364 -0.4521064 0.1703567 -0.2760263 -0.4851052 0.1108865 -0.2925484 -0.4727333 0.07964787 -0.2925348 -0.4839137 0.1487163 -0.1834626 -0.4611527 0.1572696 -0.1999668 -0.4521087 0.08283844 -0.2760291 -0.4695286 0.1768057 -0.1834614 -0.4460255 0.1752293 -0.199967 -0.4508594 0.193563 -0.1834585 -0.4254603 0.1865637 -0.1999652 -0.4282333 0.2043977 -0.1834619 -0.360955 0.1941857 -0.1834672 -0.3952826 0.1891526 -0.1999778 -0.3660725 0.1753907 -0.1999675 -0.3346554 0.1647946 -0.1834627 -0.3967786 0.2370824 -0.2898615 -0.4397695 0.2322453 -0.2898615 -0.4300374 0.2468631 -0.2820479 -0.3949217 0.2491524 -0.2821827 -0.3689908 0.2162245 -0.2925525 -0.4251459 0.2222728 -0.2925565 -0.3552087 0.2250992 -0.2898615 -0.3967773 0.2069399 -0.2925451 -0.3667427 0.1972507 -0.2925451 -0.3213892 0.1981203 -0.2898615 -0.4674864 0.2184469 -0.2898194 -0.4282333 0.2043978 -0.2925451 -0.3800522 0.2576265 -0.2193097 -0.3791911 0.256141 -0.2673543 -0.4049252 0.2590033 -0.266521 -0.3543467 0.2484692 -0.266521 -0.3806086 0.2548292 -0.20559 -0.3565457 0.24938 -0.2094859 -0.4073053 0.2590033 -0.2094859 -0.3821931 0.2468631 -0.1939591 -0.3494937 0.2360647 -0.1941014 -0.3194093 0.2133045 -0.2820479 -0.3488741 0.2355398 -0.2821827 -0.3335532 0.2372372 -0.2086527 -0.3316668 0.2359767 -0.2673543 -0.3107976 0.2048239 -0.1938907 -0.3004684 0.1602526 -0.1861455 -0.2844931 0.1788003 -0.2090102 -0.2970141 0.2015246 -0.2090102 -0.3133325 0.2210644 -0.2094859 -0.3116495 0.2193814 -0.266521 -0.2950352 0.20082 -0.2566973 -0.2832032 0.1756862 -0.2669967 -0.2974066 0.1992354 -0.2704169 -0.2982592 0.1851656 -0.2823561 -0.2750873 0.1526617 -0.2193097 -0.2764869 0.1519217 -0.2675959 -0.2833009 0.1391983 -0.2819034 -0.3004684 0.1602525 -0.2898614 -0.2778846 0.1521053 -0.20559 -0.2884364 0.1614511 -0.1936509 -0.2834945 0.1265986 -0.1939591 -0.2739737 0.1265986 -0.2088691 -0.2725203 0.1265986 -0.2566973 -0.2753724 0.1265986 -0.2704169 -0.2764494 0.1000947 -0.2670781 -0.2759884 0.1024331 -0.2090102 -0.2888233 0.0910185 -0.2825807 -0.2853246 0.07656548 -0.20559 -0.2888234 0.09101844 -0.1934262 -0.3142669 0.06522748 -0.1861875 -0.3041599 0.05847418 -0.1939591 -0.296686 0.05204894 -0.2094859 -0.3283579 0.03185091 -0.1934262 -0.3127499 0.03323329 -0.2081287 -0.2826896 0.07547402 -0.2193096 -0.3116494 0.03213274 -0.2566973 -0.2953636 0.05402798 -0.2665211 -0.2841276 0.07606962 -0.2678782 -0.3002842 0.09449514 -0.2899309 -0.3202673 0.05595268 -0.2897932 -0.3041599 0.05847418 -0.2820479 -0.3638772 0.02365845 -0.2899566 -0.3519203 0.04548985 -0.2925565 -0.3591903 0.01331181 -0.1939591 -0.3638421 0.02454214 -0.1861875 -0.3136661 0.03414949 -0.2704169 -0.3335532 0.01596 -0.2673542 -0.3320079 0.01694555 -0.2089289 -0.328882 0.03121499 -0.2823561 -0.3695576 0.009089984 -0.2821826 -0.3565457 0.003817152 -0.266521 -0.4308143 0.2565836 -0.2673543 -0.4330395 0.256141 -0.2086527 -0.4556849 0.24938 -0.2665211 -0.4173089 0.2491524 -0.1938243 -0.4154522 0.01611481 -0.2898614 -0.3904032 0.04760871 -0.2925484 -0.3609551 0.05901142 -0.2925398 -0.4173091 0.004044834 -0.2821826 -0.3967784 0.0161148 -0.1861455 -0.4397695 0.02095182 -0.1861455 -0.4426729 0.009090018 -0.1938243 -0.3949215 0.004044855 -0.1938243 -0.3967772 0.04625735 -0.1834619 -0.4354222 0.05054794 -0.1834706 -0.458124 0.04440693 -0.183453 -0.4483884 0.02454213 -0.2898194 -0.4762748 0.04110889 -0.1860761 -0.4838726 0.03185094 -0.1934262 -0.4556848 0.003817156 -0.2094859 -0.4782386 0.01562477 -0.2090102 -0.4321783 -0.004429315 -0.2193096 -0.4316219 -0.001632013 -0.20559 -0.4330394 -0.002943805 -0.2673543 -0.4073053 -0.005806097 -0.2665211 -0.4578838 0.004727981 -0.266521 -0.4979636 0.06522748 -0.1861875 -0.5080707 0.05847418 -0.1939591 -0.4985644 0.0341495 -0.20559 -0.4802226 0.01694556 -0.2670781 -0.5155446 0.05204896 -0.2094859 -0.5005811 0.03213274 -0.2193096 -0.5168669 0.05402803 -0.266521 -0.5004718 0.03384633 -0.2673543 -0.51637 0.1392662 -0.1862133 -0.5343459 0.1010919 -0.20559 -0.5277374 0.07439681 -0.2090102 -0.5233246 0.0901985 -0.1936509 -0.5290278 0.1382007 -0.1941035 -0.53852 0.1254085 -0.2094859 -0.5287841 0.07701533 -0.2673543 -0.5371432 0.1005355 -0.2193096 -0.5080707 0.05847419 -0.2820479 -0.5362421 0.1024331 -0.2669968 -0.5234071 0.09101845 -0.2825807 -0.528669 0.1377925 -0.2821827 -0.53852 0.1277887 -0.266521 -0.5362421 0.1507641 -0.2090102 -0.5356577 0.1535228 -0.2673543 -0.5147335 0.1837395 -0.1936509 -0.5290273 0.1756862 -0.2090102 -0.5119463 0.1587021 -0.2899309 -0.519402 0.1735235 -0.2820479 -0.4930345 0.1956031 -0.2897937 -0.4988372 0.1881076 -0.1860503 -0.4765811 0.1936429 -0.183453 -0.4586555 0.2245794 -0.1862137 -0.4928212 0.2133045 -0.1939591 -0.4839137 0.1487163 -0.1834626 -0.5148239 0.1992354 -0.2704169 -0.4998793 0.2063412 -0.2821133 -0.5148239 0.1992354 -0.20559 -0.5279858 0.1783672 -0.2665211 -0.5171954 0.20082 -0.2193097 -0.4695286 0.1768057 -0.1834614 -0.5171954 0.20082 -0.2566973 -0.498898 0.2210644 -0.266521 -0.500581 0.2193814 -0.2094859 -0.4805637 0.2359767 -0.2086527 -0.4627367 0.2360647 -0.2819056 -0.4786773 0.2372372 -0.2673543 -0.4627367 0.2360647 -0.1941014 -0.4578838 0.2484692 -0.2094859 -0.4838725 0.03185081 -0.2825807 -0.4530402 0.01331181 -0.2820479 -0.4049252 -0.005806092 -0.2094859 -0.3814163 -0.003386427 -0.2673543 -0.3791911 -0.002943787 -0.2086527 -0.3543467 0.004727999 -0.2094859 -0.3506314 0.1562552 -0.2760414 -0.3999489 0.06399 -0.2760406 -0.4663192 0.1448613 -0.276042 -0.4010403 0.1893996 -0.2760394 -0.3707343 0.1795498 -0.2760334 -0.3567177 0.08748845 -0.2760393 -0.3763609 0.07093199 -0.2760394 -0.3459114 0.1083359 -0.2760418 -0.4244384 0.06619577 -0.2760405 -0.4521087 0.08283844 -0.2760291 -0.468673 0.1157653 -0.2760327 -0.4254599 0.1865626 -0.2760407 -0.4521064 0.1703567 -0.2760263 -0.3433023 0.132785 -0.2760369 -0.3506328 0.1562545 -0.199967 -0.343298 0.1327855 -0.1999661 -0.3257441 0.1345144 -0.1834614 -0.3461525 0.1072544 -0.1999676 -0.3283161 0.1044806 -0.1834619 -0.4254595 0.06663591 -0.1999676 -0.4460255 0.1752293 -0.199967 -0.4667215 0.1093685 -0.1999656 -0.4521115 0.08283581 -0.1999743 -0.3506328 0.1562545 -0.199967 -0.4254603 0.1865637 -0.1999652 -0.4687005 0.1338729 -0.1999668 -0.3461525 0.1072544 -0.1999676 -0.343298 0.1327855 -0.1999661 -0.3660725 0.1753907 -0.1999675 -0.3952826 0.1891526 -0.1999778 -0.3623508 0.08060071 -0.1999721 -0.4611527 0.1572696 -0.1999668 -0.3952816 0.06403955 -0.1999731 -0.3391508 0.08185441 -0.1834585 -0.4254599 0.1865626 -0.2760407 -0.4282333 0.2043978 -0.2925451 -0.3967773 0.2069399 -0.1834619 -0.3510608 0.2089934 0.1833767 -0.3346554 0.1647946 0.1834056 -0.360955 0.1941857 0.1834101 -0.3967773 0.2069399 0.1834048 -0.425146 0.2222731 0.1833934 -0.372461 0.2322454 0.1860884 -0.3104361 0.1456304 0.1833943 -0.3275255 0.2051885 0.1859148 -0.3004684 0.1602526 0.1860884 -0.3283161 0.1044807 0.1834048 -0.3257441 0.1345144 0.1834043 -0.3237135 0.07153959 0.1833782 -0.393731 0.02910719 0.1833871 -0.3609551 0.05901156 0.1834101 -0.3391508 0.08185447 0.1834014 -0.3001393 0.09474091 0.1860617 -0.4950222 0.08715335 0.1833959 -0.5019533 0.1431953 0.1833959 -0.486457 0.1172604 0.1834043 -0.4727333 0.0796479 0.1834151 -0.4282333 0.2043978 0.1834048 -0.4508594 0.1935631 0.1834014 -0.4765811 0.193643 0.1833959 -0.3207844 0.1753484 0.2925057 -0.2956501 0.1265987 0.2897623 -0.3004684 0.1602526 0.2898043 -0.3263908 0.1424567 0.2924827 -0.3113059 0.1007319 0.2925057 -0.3689908 0.2162245 0.2924953 -0.3427024 0.1768056 0.292488 -0.3271253 0.1108866 0.2924913 -0.3354632 0.08722602 0.292488 -0.4522764 0.04023706 0.2925017 -0.4154534 0.04625738 0.292488 -0.4441855 0.05537428 0.2924889 -0.4727333 0.07964794 0.2924777 -0.495022 0.08715351 0.2924969 -0.3983396 0.03037832 0.2924929 -0.4851052 0.1108866 0.2924913 -0.4762747 0.0411089 0.2898738 -0.5023562 0.1360775 0.2924933 -0.5119463 0.09449514 0.2898738 -0.4856312 0.1444823 0.2924793 -0.4818082 0.1887183 0.2925026 -0.4622948 0.185645 0.2924793 -0.4251459 0.2222729 0.2924994 -0.4674864 0.218447 0.2897623 -0.3904032 0.04760877 0.2924913 -0.3763609 0.07093205 0.2759823 -0.3999489 0.06399006 0.2759835 -0.4154534 0.04625738 0.292488 -0.4244384 0.06619583 0.2759834 -0.4441855 0.05537428 0.2924889 -0.3354632 0.08722602 0.292488 -0.3459114 0.108336 0.2759847 -0.3567177 0.08748852 0.2759822 -0.3609551 0.05901149 0.2924827 -0.3271253 0.1108866 0.2924913 -0.3967772 0.0462574 0.1834048 -0.4254595 0.06663597 0.1999105 -0.3952816 0.0640396 0.199916 -0.3609551 0.05901156 0.1834101 -0.3623508 0.08060077 0.1999151 -0.3427024 0.1768056 0.292488 -0.3707343 0.1795499 0.2759762 -0.3506314 0.1562553 0.2759843 -0.3263908 0.1424567 0.2924827 -0.3433023 0.1327851 0.2759798 -0.3667427 0.1972508 0.292488 -0.4010403 0.1893997 0.2759822 -0.4727333 0.0796479 0.1834151 -0.4667215 0.1093686 0.1999085 -0.4521115 0.08283586 0.1999172 -0.4354222 0.05054799 0.1834136 -0.486457 0.1172604 0.1834043 -0.4687005 0.133873 0.1999097 -0.4856312 0.1444823 0.2924793 -0.468673 0.1157653 0.2759756 -0.4663192 0.1448614 0.2759849 -0.4622948 0.185645 0.2924793 -0.4851052 0.1108866 0.2924913 -0.4727333 0.07964794 0.2924777 -0.4839137 0.1487163 0.1834055 -0.4611527 0.1572697 0.1999097 -0.4521087 0.08283851 0.275972 -0.4695286 0.1768057 0.1834043 -0.4460255 0.1752293 0.1999099 -0.4508594 0.1935631 0.1834014 -0.360955 0.1941857 0.1834101 -0.3346554 0.1647946 0.1834056 -0.3660725 0.1753908 0.1999104 -0.3952826 0.1891527 0.1999207 -0.3506328 0.1562546 0.1999099 -0.3967786 0.2370825 0.2898043 -0.3552087 0.2250993 0.2898043 -0.4300374 0.2468632 0.2819908 -0.4397695 0.2322454 0.2898043 -0.4282333 0.2043978 0.292488 -0.3967773 0.20694 0.292488 -0.3667427 0.1972508 0.292488 -0.3213892 0.1981203 0.2898043 -0.3800522 0.2576266 0.2192525 -0.3806086 0.2548292 0.2055329 -0.4073053 0.2590034 0.2094288 -0.3565457 0.2493801 0.2094288 -0.3543467 0.2484692 0.2664639 -0.3821931 0.2468632 0.1939019 -0.3949217 0.2491525 0.2821255 -0.3194093 0.2133046 0.2819908 -0.3488741 0.2355399 0.2821255 -0.3335532 0.2372372 0.2085956 -0.3133325 0.2210645 0.2094288 -0.3107976 0.204824 0.1938336 -0.3494937 0.2360648 0.1940443 -0.4154519 0.2370825 0.1860884 -0.2844931 0.1788004 0.2089531 -0.2884364 0.1614512 0.1935938 -0.2970141 0.2015247 0.2089531 -0.2950352 0.20082 0.2566402 -0.3116495 0.2193814 0.2664639 -0.2974066 0.1992355 0.2703598 -0.2832032 0.1756863 0.2669396 -0.3316668 0.2359768 0.2672972 -0.2982592 0.1851656 0.282299 -0.2764869 0.1519218 0.2675388 -0.2750873 0.1526617 0.2192525 -0.2778846 0.1521053 0.2055329 -0.2739737 0.1265986 0.208812 -0.2834945 0.1265986 0.193902 -0.2956501 0.1265986 0.1861304 -0.2753724 0.1265987 0.2703598 -0.2725203 0.1265987 0.2566402 -0.2833009 0.1391984 0.2818463 -0.2888233 0.09101857 0.2825236 -0.2764494 0.1000948 0.267021 -0.2759884 0.1024332 0.2089531 -0.2853246 0.07656553 0.2055329 -0.2888234 0.09101849 0.1933691 -0.296686 0.05204899 0.2094288 -0.3041599 0.05847423 0.193902 -0.3283579 0.03185097 0.1933691 -0.2826896 0.07547408 0.2192526 -0.2953636 0.05402805 0.266464 -0.3116494 0.0321328 0.2566402 -0.2841276 0.07606968 0.2678211 -0.3142669 0.06522754 0.1861304 -0.3002842 0.09449521 0.2898738 -0.3202673 0.05595275 0.2897361 -0.3041599 0.05847425 0.2819908 -0.3519203 0.04548991 0.2924994 -0.3638772 0.02365852 0.2898995 -0.3359557 0.04110898 0.186019 -0.3591903 0.01331187 0.193902 -0.3638421 0.02454219 0.1861304 -0.3136661 0.03414956 0.2703598 -0.3127499 0.03323334 0.2080717 -0.3335532 0.01596006 0.2672972 -0.3320079 0.0169456 0.2088718 -0.328882 0.03121506 0.282299 -0.3565457 0.003817216 0.266464 -0.3695576 0.009090051 0.2821256 -0.4049252 0.2590034 0.2664639 -0.4308143 0.2565836 0.2672972 -0.4173089 0.2491524 0.1937672 -0.4330395 0.256141 0.2085956 -0.4556849 0.2493801 0.2664639 -0.4627367 0.2360648 0.1940443 -0.4578838 0.2484692 0.2094288 -0.4154522 0.01611487 0.2898044 -0.3609551 0.05901149 0.2924827 -0.3904032 0.04760877 0.2924913 -0.4173091 0.004044901 0.2821256 -0.3814163 -0.003386363 0.2672972 -0.3967784 0.01611485 0.1860884 -0.4426729 0.009090071 0.1937672 -0.4397695 0.02095187 0.1860884 -0.3967772 0.0462574 0.1834048 -0.4354222 0.05054799 0.1834136 -0.458124 0.04440698 0.1833959 -0.3949215 0.004044908 0.1937672 -0.4483884 0.0245422 0.2897623 -0.4556848 0.003817212 0.2094288 -0.4316219 -0.001631958 0.2055329 -0.4321783 -0.004429258 0.2192526 -0.4838726 0.03185099 0.1933691 -0.4049252 -0.005806037 0.2094288 -0.4578838 0.004728045 0.266464 -0.4979636 0.06522754 0.1861304 -0.4530402 0.01331187 0.2819908 -0.4762748 0.04110895 0.186019 -0.5080707 0.05847423 0.193902 -0.4985644 0.03414955 0.2055329 -0.4782386 0.01562483 0.2089531 -0.5155446 0.05204902 0.2094288 -0.5005811 0.0321328 0.2192526 -0.5168669 0.0540281 0.266464 -0.5126462 0.09602297 0.1860609 -0.5290278 0.1382008 0.1940464 -0.51637 0.1392663 0.1861562 -0.5233246 0.09019855 0.1935938 -0.5343459 0.101092 0.2055329 -0.5277374 0.07439687 0.2089531 -0.5371432 0.1005356 0.2192526 -0.5287841 0.0770154 0.2672972 -0.5234071 0.09101852 0.2825236 -0.5362421 0.1024332 0.2669397 -0.5080707 0.05847426 0.2819908 -0.528669 0.1377926 0.2821256 -0.53852 0.1277888 0.2664639 -0.53852 0.1254086 0.2094288 -0.5362421 0.1507641 0.2089531 -0.5147335 0.1837395 0.1935938 -0.519402 0.1735236 0.2819908 -0.5356577 0.1535228 0.2672972 -0.5165803 0.1265987 0.2897623 -0.5119463 0.1587022 0.2898738 -0.4930345 0.1956031 0.2897365 -0.4988372 0.1881077 0.1859932 -0.4839137 0.1487163 0.1834055 -0.5279858 0.1783673 0.2664639 -0.5148239 0.1992355 0.2703598 -0.4998793 0.2063413 0.2820562 -0.5148239 0.1992355 0.2055329 -0.500581 0.2193814 0.2094288 -0.4928212 0.2133046 0.193902 -0.5290273 0.1756863 0.2089531 -0.5171954 0.20082 0.2192525 -0.4695286 0.1768057 0.1834043 -0.5171954 0.20082 0.2566402 -0.498898 0.2210645 0.2664639 -0.4805637 0.2359768 0.2085956 -0.4586555 0.2245795 0.1861566 -0.4786773 0.2372373 0.2672972 -0.4627367 0.2360648 0.2818484 -0.3791911 0.256141 0.2672972 -0.4838725 0.03185088 0.2825236 -0.5004718 0.03384639 0.2672972 -0.4802226 0.01694563 0.267021 -0.4330394 -0.002943741 0.2672972 -0.4073053 -0.005806033 0.266464 -0.3791911 -0.002943732 0.2085956 -0.3543467 0.004728054 0.2094288 -0.3506314 0.1562553 0.2759843 -0.3459114 0.108336 0.2759847 -0.3433023 0.1327851 0.2759798 -0.3999489 0.06399006 0.2759835 -0.4663192 0.1448614 0.2759849 -0.4244384 0.06619583 0.2759834 -0.3567177 0.08748852 0.2759822 -0.4010403 0.1893997 0.2759822 -0.4254599 0.1865627 0.2759836 -0.4521087 0.08283851 0.275972 -0.4521064 0.1703567 0.2759692 -0.3707343 0.1795499 0.2759762 -0.3763609 0.07093205 0.2759823 -0.468673 0.1157653 0.2759756 -0.3257441 0.1345144 0.1834043 -0.343298 0.1327855 0.199909 -0.4254595 0.06663597 0.1999105 -0.3623508 0.08060077 0.1999151 -0.3952816 0.0640396 0.199916 -0.4460255 0.1752293 0.1999099 -0.3506328 0.1562546 0.1999099 -0.3461525 0.1072545 0.1999105 -0.4667215 0.1093686 0.1999085 -0.4687005 0.133873 0.1999097 -0.4611527 0.1572697 0.1999097 -0.4254603 0.1865638 0.1999081 -0.3660725 0.1753908 0.1999104 -0.343298 0.1327855 0.199909 -0.3952826 0.1891527 0.1999207 -0.4521115 0.08283586 0.1999172 -0.3461525 0.1072545 0.1999105 -0.3283161 0.1044807 0.1834048 -0.3391508 0.08185447 0.1834014 -0.4282333 0.2043978 0.292488 -0.4254599 0.1865627 0.2759836 -0.3967773 0.20694 0.292488 -0.4521064 0.1703567 0.2759692 -0.4254603 0.1865638 0.1999081 -0.3967773 0.2069399 0.1834048 -0.4282333 0.2043978 0.1834048 -0.4979636 0.06522754 0.2897623 -0.5956877 0.3431673 0.2656565 -0.5956877 0.3431672 -0.2656736 -0.6267617 0.2966617 -0.2656736 -0.6267617 0.2966618 0.2656565 -0.5491823 0.3742412 0.2656565 -0.5491823 0.3742411 -0.2656736 -0.5927927 0.3402721 -0.2858614 -0.622979 0.2950949 -0.2858613 -0.6376734 0.2418048 -0.2656736 -0.6376734 0.2418049 0.2656566 -0.5927927 0.3402722 0.2858443 -0.5262945 0.1614856 0.3184096 -0.5849203 0.2366093 0.3184096 -0.5378195 0.1499605 0.3184096 -0.6051081 0.1418142 0.3143941 -0.5849203 0.1418142 0.3184096 -0.4956738 0.1714348 0.3184096 -0.5770694 0.2760786 0.3184096 -0.5419703 0.1418142 0.3184096 -0.511772 0.1688851 0.3184096 -0.5576549 0.3051344 0.3184096 -0.6051081 0.2385976 0.314394 -0.2239221 0.385153 0.3184096 -0.2103919 0.1418142 0.3184096 -0.2103919 0.385153 0.3184229 -0.2859786 0.1614856 0.3184096 -0.3165993 0.1714348 0.3184096 -0.3005011 0.1688851 0.3184096 -0.2744536 0.1499605 0.3184096 0.1637086 0.1418142 0.3184096 0.1637086 0.385153 0.3190248 -0.528599 0.324549 0.3184096 -0.5960858 0.2839555 0.314394 -0.5722094 0.319689 0.314394 -0.327401 0.385153 0.314394 -0.2703028 0.1418142 0.3184096 0.1062702 0.187618 0.2240642 0.410905 0.187618 0.2240642 0.216735 0.1714348 0.2241968 0.2006368 0.1688851 0.2255641 0.1861143 0.1614856 0.229532 0.1745893 0.1499605 0.2357122 -0.2103919 0.12182 0.2508023 -0.1983646 0.187618 0.2240642 0.1328325 0.12182 0.2508022 -0.2744536 0.1499605 0.2357122 -0.2859786 0.1614856 0.229532 -0.267054 0.1354381 0.2434997 0.1671898 0.1354381 0.2434997 0.1650328 0.12182 0.2508022 -0.5227966 0.187618 0.2240642 -0.4956738 0.1714348 0.2241968 -0.511772 0.1688851 0.2255641 -0.5262945 0.1614856 0.229532 -0.5378195 0.1499605 0.2357122 -0.5759213 0.12182 0.2508022 -0.3165993 0.1714348 0.2241968 -0.5452191 0.1354381 0.2434997 -0.3005011 0.1688851 0.2255641 -0.2648971 0.12182 0.2508023 -0.5473759 0.12182 0.2508022 -0.2648971 0.12182 0.2967947 -0.2103919 0.12182 0.2508023 -0.2103919 0.12182 0.2968326 -0.2648971 0.12182 0.2508023 0.1328325 0.12182 0.2508022 0.1539187 0.12182 0.2969733 -0.5473759 0.12182 0.2965981 -0.5759213 0.12182 0.2508022 -0.5473759 0.12182 0.2508022 -0.594553 0.12182 0.2965653 -0.6020962 0.12182 0.279459 -0.6033876 0.12182 0.2944374 0.1889982 0.6965674 0.2419233 0.1982374 0.4186704 0.3107723 0.1982374 0.6882194 0.2403639 0.1889982 0.409847 0.3152546 0.4161612 0.7040048 0.2402529 0.1637086 0.7031784 0.2404119 0.5057861 0.4099596 0.3143799 0.5378091 0.385153 0.3184229 0.3922774 0.6953471 0.2421519 -0.0845781 0.7111012 0.2362514 -0.08874402 0.7040048 0.2402529 0.138419 0.409847 0.3152546 0.1637086 0.385153 0.3190248 0.3852128 0.6861638 0.2407322 0.4939078 0.4191103 0.3100074 0.1637086 0.7179733 -0.2190535 -0.06833641 0.7179734 0.2190363 0.1637086 0.7179734 0.2190363 0.3957536 0.7179733 -0.2190535 0.3957536 0.7179734 0.2190363 0.1637086 0.7159811 -0.2285512 0.4045256 0.7161393 -0.2285204 0.1637086 0.7159812 0.228534 0.4045256 0.7161393 0.2285032 0.4796998 0.4294776 0.285927 0.3812648 0.6782436 0.2341251 0.3788236 0.6687838 0.2197049 0.4862473 0.4247913 0.3016547 0.3852128 0.6861638 0.2407322 0.1650328 0.12182 0.2508022 0.5378091 0.1418141 -0.3184266 0.5378091 0.1418142 -8.502121e-06 0.5182525 0.1218199 -0.2970156 0.5378091 0.1418142 0.3184096 0.5182525 0.12182 0.2969986 -0.2356505 0.3851529 -0.2931692 -0.3252744 0.385153 0.2891989 -0.2356505 0.385153 0.2931521 -0.2103919 0.3851528 -0.31844 -0.2239221 0.3851528 -0.3184267 -0.327401 0.3851528 -0.3144111 -0.3252744 0.3851529 -0.289216 -0.409923 0.3851529 -0.2781816 -0.2239221 0.385153 0.3184096 -0.2103919 0.385153 0.3184229 -0.327401 0.385153 0.314394 -0.4690668 0.3851529 -0.2550674 -0.4737422 0.3851529 -0.2858614 -0.4943254 0.3851529 -0.2656736 -0.4605799 0.3851529 -0.2633912 -0.409923 0.3851529 0.2781645 -0.4151261 0.3851529 -0.3029757 -0.4690668 0.3851529 0.2550503 -0.4605799 0.3851529 0.2633741 -0.4737422 0.385153 0.2858443 -0.4151261 0.385153 0.3029586 -0.5759213 0.12182 0.2508022 -0.5759213 0.1218199 -0.2508192 -0.5227966 0.1876179 -0.2240812 -0.5227966 0.187618 0.2240642 0.5182525 0.1218199 -0.2970156 0.5182525 0.12182 0.2969986 0.476057 0.12182 0.2508022 0.476057 0.1218199 -0.2508192 0.4475116 0.12182 0.2969937 0.4475116 0.12182 0.2508022 0.4475116 0.1218199 -0.2970107 -0.6376734 0.1418141 -0.2656736 -0.6168669 0.12182 0.2737286 -0.6376734 0.1418142 0.2656566 -0.6336579 0.1418142 0.2858443 -0.6168669 0.1218199 -0.2737456 -0.6336579 0.1418141 -0.2858613 -0.6151763 0.1218199 -0.2821223 0.1861143 0.1614856 0.3184096 0.2006368 0.1688851 0.3184096 0.216735 0.1714348 0.3184096 0.3958095 0.1714348 0.3184096 0.5378091 0.385153 0.3184229 0.1233387 0.4244703 0.3023682 -0.1517074 0.4301269 0.2858318 -0.158636 0.4250404 0.3017189 0.1185826 0.4295093 0.2863511 0.1291408 0.4187445 0.3107903 -0.1783689 0.4099596 0.3143799 -0.2103919 0.385153 0.3184229 0.1650328 0.12182 0.2969741 0.3958095 0.1714348 0.2241968 0.4198419 0.1648424 0.2277319 0.4119077 0.1688851 0.2255641 0.433611 0.1543047 0.2333827 0.476057 0.12182 0.2508022 0.4379552 0.1499605 0.2357122 0.4453548 0.1354381 0.2434997 0.4475116 0.12182 0.2508022 -0.6336578 0.2414093 -0.2858613 -0.6376734 0.1418142 0.2656566 -0.622979 0.295095 0.2858443 -0.5476155 0.3704586 0.2858443 -0.4943254 0.3851529 0.2656565 -0.5476155 0.3704585 -0.2858614 -0.5759213 0.1218199 -0.2508192 -0.594553 0.1218199 -0.2965823 -0.5473759 0.1218199 -0.2966151 -0.6168669 0.12182 0.2737286 -0.6168669 0.1218199 -0.2737456 -0.6020962 0.1218199 -0.279476 -0.6151763 0.1218199 -0.2821223 0.4238409 0.6616036 0.1687159 0.425938 0.6666898 -0.1766425 0.425938 0.6666899 0.1766253 0.4933227 0.5103056 -0.2192416 0.4992516 0.5063756 -0.2290533 0.4260027 0.6710932 0.1830895 0.4238409 0.6616036 -0.1687331 0.4992516 0.5063756 0.2290362 0.4933227 0.5103056 0.2192245 0.4181657 0.6532483 -0.1543891 0.2084397 0.4288595 0.2864567 0.2084397 0.6719228 0.2192255 0.2039453 0.6808794 0.2336804 0.2039453 0.4242244 0.3023066 0.138419 0.6965674 0.2419234 -0.1664337 0.4191864 0.3100258 -0.06486019 0.6953471 0.2421519 0.2084397 0.6719228 0.2192255 0.3812648 0.6782436 0.2341251 0.2039453 0.6808794 0.2336804 0.3788236 0.6687838 0.2197049 -0.1517074 0.4301269 0.2858318 -0.05119195 0.6682106 0.2198437 -0.05377529 0.6780634 0.2342777 -0.158636 0.4250404 0.3017189 -0.05377529 0.6780634 0.2342777 0.1185826 0.6713955 0.2193579 0.1233387 0.6807137 0.2338306 -0.05119195 0.6682106 0.2198437 -0.05777442 0.6861094 0.2407769 0.2084397 0.4288594 -0.2864738 0.4796998 0.4294775 -0.2859441 0.2039453 0.4242243 -0.3023237 0.4862473 0.4247912 -0.3016718 0.1982374 0.4186703 -0.3107894 0.3788236 0.6687838 0.2197049 0.2084397 0.6719228 0.2192255 0.2084397 0.4288595 0.2864567 0.4796998 0.4294776 0.285927 -0.05119195 0.6682106 0.2198437 0.1185826 0.4295093 0.2863511 0.1185826 0.6713955 0.2193579 -0.1517074 0.4301269 0.2858318 0.138419 0.6965673 -0.2419406 0.1291408 0.4187444 -0.3108074 0.1291408 0.6881689 -0.2404252 0.138419 0.4098469 -0.3152717 -0.08874402 0.7040048 -0.2402701 0.1637086 0.7031783 -0.2404291 -0.06486019 0.695347 -0.2421691 -0.0845781 0.7111012 -0.2362686 0.4119953 0.7111012 -0.2362686 0.4161612 0.7040048 -0.2402701 -0.05777442 0.6861094 -0.2407941 -0.1664337 0.4191863 -0.3100429 -0.1783689 0.4099595 -0.314397 0.1637086 0.3851528 -0.3190419 -0.2103919 0.3851528 -0.31844 0.4161612 0.7040048 -0.2402701 0.4161612 0.7040048 0.2402529 0.5035323 0.5004031 -0.2374866 0.5378091 0.3851528 -0.31844 0.4260027 0.6710932 -0.1831067 0.5378091 0.3851529 -8.543145e-06 0.5378091 0.385153 0.3184229 0.5035323 0.5004031 0.2374695 0.4119953 0.7111012 0.2362514 -0.08874402 0.7040048 0.2402529 -0.200992 0.4235616 0.2716458 -0.2103919 0.385153 0.3184229 -0.0845781 0.7111012 -0.2362686 -0.08874402 0.7040048 -0.2402701 -0.09423223 0.6840573 0.2003364 -0.200992 0.4235615 -0.2716629 -0.09423223 0.6840572 -0.2003536 -0.2103919 0.3851528 -0.31844 -0.09408134 0.6779041 0.1932878 -0.1972552 0.4298897 0.2628924 -0.1972552 0.4298896 -0.2629095 -0.09408134 0.677904 -0.193305 0.1185826 0.4295093 0.2863511 0.1233387 0.6807137 0.2338306 0.1185826 0.6713955 0.2193579 0.1233387 0.4244703 0.3023682 0.1291408 0.6881689 0.240408 0.5378091 0.3851528 -0.31844 0.3958095 0.1714347 -0.3184266 0.1637086 0.3851528 -0.3190419 0.4119077 0.168885 -0.3184266 0.216735 0.1714347 -0.3184266 0.2006368 0.168885 -0.3184266 0.1861143 0.1614855 -0.3184266 0.5378091 0.1418141 -0.3184266 0.4264302 0.1614855 -0.3184266 0.4379552 0.1499604 -0.3184266 0.442106 0.1418141 -0.3184266 0.1637086 0.1418141 -0.3184266 0.1745893 0.1499604 -0.3184266 0.1704385 0.1418141 -0.3184266 -0.2103919 0.1218199 -0.2508193 0.1062702 0.1876179 -0.2240813 -0.1983646 0.1876179 -0.2240813 0.1745893 0.1499604 -0.2357292 0.1861143 0.1614855 -0.229549 0.1328325 0.1218199 -0.2508192 -0.267054 0.135438 -0.2435167 -0.5227966 0.1876179 -0.2240812 -0.3165993 0.1714347 -0.2242138 -0.2859786 0.1614855 -0.229549 -0.2744536 0.1499604 -0.2357292 -0.3005011 0.168885 -0.2255811 0.1650328 0.1218199 -0.2508192 0.1671898 0.135438 -0.2435167 -0.2648971 0.1218199 -0.2508193 -0.4956738 0.1714347 -0.2242138 -0.5262945 0.1614855 -0.229549 -0.511772 0.168885 -0.2255811 -0.5378195 0.1499604 -0.2357292 -0.5759213 0.1218199 -0.2508192 -0.5473759 0.1218199 -0.2508192 -0.5452191 0.135438 -0.2435167 -0.5473759 0.1218199 -0.2508192 -0.2103919 0.1218199 -0.2508193 -0.2648971 0.1218199 -0.2968117 -0.2103919 0.1218199 -0.2968496 -0.2648971 0.1218199 -0.2508193 0.1328325 0.1218199 -0.2508192 0.5057861 0.4099594 -0.314397 0.3922774 0.695347 -0.2421691 0.1889982 0.6965673 -0.2419405 0.1982374 0.4186703 -0.3107894 0.1889982 0.4098469 -0.3152717 0.4939078 0.4191102 -0.3100245 0.3852128 0.6861637 -0.2407494 0.1982374 0.6882193 -0.2403811 0.4119953 0.7111012 -0.2362686 -0.0845781 0.7111012 0.2362514 -0.07710841 0.7161393 -0.2285204 -0.2103919 0.3851528 -0.31844 -0.2103919 0.1418141 -0.3184266 -0.2703028 0.1418141 -0.3184266 -0.2744536 0.1499604 -0.3184266 -0.2239221 0.3851528 -0.3184267 -0.4956738 0.1714347 -0.3184266 -0.5849203 0.2366091 -0.3184266 -0.5770694 0.2760785 -0.3184266 -0.5576549 0.3051343 -0.3184266 -0.528599 0.3245489 -0.3184266 -0.5960858 0.2839554 -0.3144111 -0.5722094 0.3196889 -0.3144111 -0.3165993 0.1714347 -0.3184266 -0.5849203 0.1418141 -0.3184266 -0.6051081 0.1418141 -0.3144111 -0.511772 0.168885 -0.3184266 -0.5378195 0.1499604 -0.3184266 -0.6051081 0.2385974 -0.3144111 -0.2859786 0.1614855 -0.3184266 -0.327401 0.3851528 -0.3144111 -0.3005011 0.168885 -0.3184266 -0.5262945 0.1614855 -0.3184266 -0.5419703 0.1418141 -0.3184266 -0.6105218 0.12182 0.2892968 -0.1517074 0.4301268 -0.2858489 0.1233387 0.4244702 -0.3023853 -0.158636 0.4250403 -0.301736 0.1185826 0.4295092 -0.2863682 0.4475116 0.1218199 -0.2508192 0.1650328 0.1218199 -0.2508192 0.1539187 0.1218199 -0.2969903 0.1650328 0.1218199 -0.2969911 0.2006368 0.168885 -0.2255811 0.410905 0.1876179 -0.2240812 0.4119077 0.168885 -0.2255811 0.4198419 0.1648423 -0.2277489 0.216735 0.1714347 -0.2242138 0.3958095 0.1714347 -0.2242138 0.476057 0.1218199 -0.2508192 0.433611 0.1543046 -0.2333997 0.4379552 0.1499604 -0.2357292 0.4453548 0.135438 -0.2435167 0.4475116 0.1218199 -0.2508192 0.53352 0.3033542 0.2802216 0.53352 0.3512589 0.2802216 0.5378091 0.3543526 0.2876092 0.5311076 0.3067947 0.2743658 0.5311076 0.3478184 0.2743658 0.5378091 0.3002606 0.2876092 0.2084397 0.4288594 -0.2864738 0.2039453 0.6808793 -0.2336976 0.2084397 0.6719227 -0.2192426 0.2039453 0.4242243 -0.3023237 0.1982374 0.6882193 -0.2403811 0.2084397 0.6719227 -0.2192426 0.3812648 0.6782435 -0.2341423 0.3788236 0.6687837 -0.2197221 0.2039453 0.6808793 -0.2336976 0.3852128 0.6861637 -0.2407494 0.3812648 0.6782435 -0.2341423 0.4796998 0.4294775 -0.2859441 0.3788236 0.6687837 -0.2197221 0.4862473 0.4247912 -0.3016718 -0.1517074 0.4301268 -0.2858489 -0.05377529 0.6780633 -0.2342949 -0.05119195 0.6682106 -0.2198609 -0.158636 0.4250403 -0.301736 -0.05777442 0.6861094 -0.2407941 -0.05377529 0.6780633 -0.2342949 0.1185826 0.6713954 -0.2193751 -0.05119195 0.6682106 -0.2198609 0.1233387 0.6807137 -0.2338478 0.1233387 0.6807137 -0.2338478 0.1185826 0.4295092 -0.2863682 0.1185826 0.6713954 -0.2193751 0.1233387 0.4244702 -0.3023853 0.3788236 0.6687837 -0.2197221 0.2084397 0.4288594 -0.2864738 0.2084397 0.6719227 -0.2192426 0.4796998 0.4294775 -0.2859441 0.1185826 0.4295092 -0.2863682 -0.05119195 0.6682106 -0.2198609 0.1185826 0.6713954 -0.2193751 -0.1517074 0.4301268 -0.2858489 0.5378091 0.3851528 -0.31844 -0.0908532 0.6722449 0.1875834 -0.173511 0.4400741 0.2425958 -0.1910977 0.4340866 0.2558122 -0.07877573 0.6609859 0.1769048 -0.1910977 0.4340865 -0.2558293 -0.173511 0.4400741 0.2425958 -0.07877573 0.6609858 -0.176922 -0.173511 0.440074 -0.2426129 -0.07877573 0.6609859 0.1769048 -0.0908532 0.6722449 -0.1876006 -0.1910977 0.4340865 -0.2558293 -0.173511 0.440074 -0.2426129 -0.07877573 0.6609858 -0.176922 -0.06833641 0.7179733 -0.2190535 -0.07710841 0.7161394 0.2285032 0.1291408 0.6881689 0.240408 -0.05777442 0.6861094 0.2407769 0.481922 0.5145788 0.2018021 0.4181657 0.6532484 0.1543719 0.4238409 0.6616036 0.1687159 0.4933227 0.5103056 0.2192245 0.481922 0.5145787 -0.2018192 0.481922 0.5145788 0.2018021 0.4933227 0.5103056 -0.2192416 0.481922 0.5145787 -0.2018192 0.4238409 0.6616036 -0.1687331 0.4181657 0.6532483 -0.1543891 0.4181657 0.6532484 0.1543719 0.5378091 0.1418142 -8.502121e-06 0.5378091 0.3002605 -0.1584549 0.5378091 0.3851529 -8.543145e-06 0.5378091 0.3002606 0.1584379 0.5378091 0.1418141 -0.3184266 0.5378091 0.3002605 -0.2876263 0.5378091 0.385153 0.3184229 0.5378091 0.3543526 0.1584378 0.5378091 0.3002606 0.2876092 0.5378091 0.1418142 0.3184096 0.5378091 0.3543526 0.2876092 0.5378091 0.3543525 -0.1584549 0.1982374 0.4186704 0.3107723 0.4862473 0.4247913 0.3016547 0.2039453 0.4242244 0.3023066 0.4939078 0.4191103 0.3100074 0.4796998 0.4294776 0.285927 0.2084397 0.4288595 0.2864567 0.1982374 0.6882194 0.2403639 0.1982374 0.4186704 0.3107723 0.4939078 0.4191103 0.3100074 0.3852128 0.6861638 0.2407322 0.1982374 0.6882194 0.2403639 -0.05777442 0.6861094 0.2407769 -0.1664337 0.4191864 0.3100258 0.1291408 0.4187445 0.3107903 0.1291408 0.6881689 0.240408 0.4939078 0.4191102 -0.3100245 0.1982374 0.4186703 -0.3107894 0.3852128 0.6861637 -0.2407494 0.4939078 0.4191102 -0.3100245 0.1982374 0.6882193 -0.2403811 -0.1664337 0.4191863 -0.3100429 0.1291408 0.6881689 -0.2404252 0.1291408 0.4187444 -0.3108074 -0.05777442 0.6861094 -0.2407941 0.1291408 0.6881689 -0.2404252 -0.1910977 0.4340866 0.2558122 -0.173511 0.4400741 0.2425958 -0.173511 0.440074 -0.2426129 -0.0908532 0.6722449 0.1875834 -0.0908532 0.6722449 -0.1876006 -0.07877573 0.6609858 -0.176922 -0.07877573 0.6609859 0.1769048 -0.6222224 0.1418142 0.3029586 -0.6222224 0.2402831 0.3029586 -0.6336579 0.1418142 0.2858443 -0.6122072 0.2906332 0.3029586 -0.6336578 0.2414094 0.2858443 -0.6105218 0.1218199 -0.2893138 -0.6376734 0.1418141 -0.2656736 -0.6336579 0.1418141 -0.2858613 -0.6122071 0.290633 -0.3029756 -0.6222224 0.240283 -0.3029756 -0.6222224 0.1418141 -0.3029756 -0.5364759 0.3435654 0.314394 -0.4151261 0.385153 0.3029586 -0.5431536 0.3596867 0.3029586 -0.5845482 0.3320277 0.3029586 -0.6151763 0.12182 0.2821053 -0.5431536 0.3596866 -0.3029757 -0.5845482 0.3320276 -0.3029757 -0.4151261 0.3851529 -0.3029757 -0.5364759 0.3435653 -0.3144111 -0.6033876 0.1218199 -0.2944544 0.5378091 0.1418142 0.3184096 0.442106 0.1418142 0.3184096 0.5182525 0.12182 0.2969986 0.4453548 0.1354381 0.3115757 0.4475116 0.12182 0.2969937 0.1671898 0.1354381 0.3115736 0.1539187 0.12182 0.2969733 0.1650328 0.12182 0.2969741 0.1637086 0.1418142 0.3184096 -0.2103919 0.1418142 0.3184096 -0.2103919 0.12182 0.2968326 0.1704385 0.1418142 0.3184096 -0.2648971 0.12182 0.2967947 0.3566755 0.1293718 0.1711495 0.3784304 0.187618 -0.1916066 0.3784304 0.187618 0.1915896 0.3566755 0.1293718 -0.1711665 0.442106 0.1418141 -0.3184266 0.5182525 0.1218199 -0.2970156 0.4453548 0.135438 -0.3115987 0.4475116 0.1218199 -0.2970107 0.5378091 0.1418141 -0.3184266 0.1539187 0.1218199 -0.2969903 -0.2103919 0.1218199 -0.2968496 -0.2103919 0.1418141 -0.3184266 0.1671898 0.135438 -0.3115911 0.1650328 0.1218199 -0.2969911 0.1637086 0.1418141 -0.3184266 0.1704385 0.1418141 -0.3184266 -0.2648971 0.1218199 -0.2968117 -0.267054 0.135438 -0.3115458 -0.6051081 0.1418142 0.3143941 -0.594553 0.12182 0.2965653 -0.5849203 0.1418142 0.3184096 -0.6033876 0.12182 0.2944374 -0.5473759 0.12182 0.2965981 -0.5452191 0.1354381 0.3114435 -0.6222224 0.1418142 0.3029586 -0.6105218 0.12182 0.2892968 -0.6151763 0.12182 0.2821053 -0.6222224 0.1418141 -0.3029756 -0.6105218 0.1218199 -0.2893138 -0.6033876 0.1218199 -0.2944544 -0.6051081 0.1418141 -0.3144111 -0.594553 0.1218199 -0.2965823 -0.5849203 0.1418141 -0.3184266 -0.5419703 0.1418141 -0.3184266 -0.5452191 0.135438 -0.3114903 -0.267054 0.1354381 0.3114894 -0.2703028 0.1418142 0.3184096 -0.5419703 0.1418142 0.3184096 -0.2703028 0.1418141 -0.3184266 -0.5473759 0.1218199 -0.2966151 0.4119077 0.1688851 0.3184096 0.4264302 0.1614856 0.3184096 0.5378091 0.1418142 0.3184096 0.4379552 0.1499605 0.3184096 0.1745893 0.1499605 0.3184096 0.1704385 0.1418142 0.3184096 0.442106 0.1418142 0.3184096 -0.1983646 0.187618 0.1915896 0.09830299 0.1293718 0.1711495 0.1062702 0.187618 0.1915896 -0.490322 0.187618 0.1915896 -0.4680656 0.1293718 0.1711495 -0.190899 0.1293718 0.1711495 0.3566755 0.1293718 0.1711495 0.3784304 0.187618 0.1915896 0.5378091 0.3851528 -0.31844 0.5378091 0.3543525 -0.2876263 0.53352 0.3512589 0.1658254 0.5378091 0.3002606 0.1584379 0.5378091 0.3543526 0.1584378 0.53352 0.3033542 0.1658254 0.5311076 0.3478184 0.1716812 0.5311076 0.3067947 0.1716812 0.5336488 0.3515144 -0.2808489 0.5378091 0.3002605 -0.2876263 0.5378091 0.3543525 -0.2876263 0.5336488 0.3030986 -0.2808488 0.5311453 0.3481061 -0.2750701 0.5311453 0.3065069 -0.2750701 0.5378091 0.3543526 0.1584378 0.5378091 0.3543526 0.2876092 0.53352 0.3512589 0.2802216 0.53352 0.3512589 0.1658254 0.5311076 0.3478184 0.2743658 0.5311076 0.3478184 0.1716812 0.5378091 0.3543525 -0.2876263 0.5378091 0.3543525 -0.1584549 0.5336488 0.3515144 -0.1652324 0.5336488 0.3515144 -0.2808489 0.5311453 0.3481061 -0.1710111 0.5311453 0.3481061 -0.2750701 0.5378091 0.3002605 -0.1584549 0.5336488 0.3030986 -0.2808488 0.5336488 0.3030986 -0.1652323 0.5378091 0.3002605 -0.2876263 0.5311453 0.3065069 -0.2750701 0.5311453 0.3065069 -0.1710111 0.5301083 0.3429926 0.2685396 0.5301083 0.3116206 0.1775075 0.5301083 0.3429926 0.1775075 0.5301083 0.3116206 0.2685396 0.5336488 0.3030986 -0.1652323 0.5336488 0.3515144 -0.1652324 0.5378091 0.3543525 -0.1584549 0.5311453 0.3065069 -0.1710111 0.5311453 0.3481061 -0.1710111 0.5378091 0.3002605 -0.1584549 0.5301083 0.3432936 -0.2692756 0.5301083 0.3432936 -0.1768056 0.5301083 0.3113194 -0.1768056 0.5301083 0.3113194 -0.2692756 0.481922 0.5145788 0.2018021 0.4181657 0.6532483 -0.1543891 0.4181657 0.6532484 0.1543719 0.481922 0.5145787 -0.2018192 0.1637086 0.7105694 0.2363554 0.4119953 0.7111012 0.2362514 0.1637086 0.7105694 -0.2363726 -0.4680656 0.1293718 -0.1711665 -0.490322 0.187618 0.1915896 -0.490322 0.187618 -0.1916066 -0.4680656 0.1293718 0.1711495 0.433611 0.1543046 -0.1785031 0.476057 0.12182 0.2508022 0.433611 0.1543047 0.1784861 0.433611 0.1543046 -0.2333997 0.476057 0.1218199 -0.2508192 0.4198419 0.1648424 0.1784861 0.4198419 0.1648423 -0.1785031 0.4198419 0.1648423 -0.2277489 0.4264302 0.1614855 -0.1785031 0.410905 0.1876179 -0.2240812 0.410905 0.187618 0.2240642 0.4198419 0.1648424 0.2277319 0.4119077 0.168885 -0.3184266 0.4264302 0.1614855 -0.3184266 0.4119077 0.1688851 0.3184096 0.4119077 0.1688851 0.2255641 0.4264302 0.1614856 0.1784861 0.433611 0.1543047 0.2333827 -0.4956738 0.1714348 0.2241968 -0.3165993 0.1714348 0.3184096 -0.4956738 0.1714348 0.3184096 -0.3165993 0.1714348 0.2241968 -0.3005011 0.1688851 0.2255641 -0.3005011 0.1688851 0.3184096 -0.511772 0.1688851 0.2255641 -0.511772 0.1688851 0.3184096 -0.5262945 0.1614856 0.229532 -0.5262945 0.1614856 0.3184096 -0.5378195 0.1499605 0.2357122 -0.5378195 0.1499605 0.3184096 -0.5452191 0.1354381 0.2434997 -0.5452191 0.1354381 0.3114435 -0.5473759 0.12182 0.2965981 -0.5473759 0.12182 0.2508022 -0.5419703 0.1418142 0.3184096 -0.2859786 0.1614856 0.229532 -0.2859786 0.1614856 0.3184096 -0.2744536 0.1499605 0.2357122 -0.2744536 0.1499605 0.3184096 -0.267054 0.1354381 0.3114894 -0.2703028 0.1418142 0.3184096 -0.267054 0.1354381 0.2434997 -0.2648971 0.12182 0.2967947 -0.2648971 0.12182 0.2508023 0.3958095 0.1714348 0.3184096 0.216735 0.1714348 0.3184096 0.216735 0.1714348 0.2241968 0.3958095 0.1714348 0.2241968 0.2006368 0.1688851 0.2255641 0.433611 0.1543047 0.1784861 0.4264302 0.1614856 0.1784861 0.4198419 0.1648424 0.1784861 0.4264302 0.1614856 0.3184096 0.4379552 0.1499605 0.2357122 0.4379552 0.1499605 0.3184096 0.4453548 0.1354381 0.3115757 0.442106 0.1418142 0.3184096 0.4453548 0.1354381 0.2434997 0.4475116 0.12182 0.2969937 0.4475116 0.12182 0.2508022 0.2006368 0.1688851 0.3184096 0.1861143 0.1614856 0.229532 0.1861143 0.1614856 0.3184096 0.1745893 0.1499605 0.2357122 0.1745893 0.1499605 0.3184096 0.1671898 0.1354381 0.2434997 0.1671898 0.1354381 0.3115736 0.1650328 0.12182 0.2969741 0.1650328 0.12182 0.2508022 0.1704385 0.1418142 0.3184096 -0.4956738 0.1714347 -0.3184266 -0.511772 0.168885 -0.2255811 -0.511772 0.168885 -0.3184266 -0.3165993 0.1714347 -0.2242138 -0.4956738 0.1714347 -0.2242138 -0.3165993 0.1714347 -0.3184266 -0.3005011 0.168885 -0.2255811 -0.5262945 0.1614855 -0.229549 -0.5262945 0.1614855 -0.3184266 -0.5378195 0.1499604 -0.2357292 -0.5378195 0.1499604 -0.3184266 -0.5452191 0.135438 -0.3114903 -0.5419703 0.1418141 -0.3184266 -0.5452191 0.135438 -0.2435167 -0.5473759 0.1218199 -0.2966151 -0.5473759 0.1218199 -0.2508192 -0.3005011 0.168885 -0.3184266 -0.2859786 0.1614855 -0.229549 -0.2859786 0.1614855 -0.3184266 -0.2744536 0.1499604 -0.2357292 -0.2744536 0.1499604 -0.3184266 -0.267054 0.135438 -0.2435167 -0.267054 0.135438 -0.3115458 -0.2648971 0.1218199 -0.2968117 -0.2648971 0.1218199 -0.2508193 -0.2703028 0.1418141 -0.3184266 0.3958095 0.1714347 -0.2242138 0.216735 0.1714347 -0.2242138 0.216735 0.1714347 -0.3184266 0.3958095 0.1714347 -0.3184266 0.4119077 0.168885 -0.2255811 0.2006368 0.168885 -0.2255811 0.2006368 0.168885 -0.3184266 0.433611 0.1543046 -0.1785031 0.4198419 0.1648423 -0.1785031 0.4264302 0.1614855 -0.1785031 0.4379552 0.1499604 -0.2357292 0.4379552 0.1499604 -0.3184266 0.4453548 0.135438 -0.2435167 0.4453548 0.135438 -0.3115987 0.4475116 0.1218199 -0.2970107 0.4475116 0.1218199 -0.2508192 0.442106 0.1418141 -0.3184266 0.1861143 0.1614855 -0.229549 0.1861143 0.1614855 -0.3184266 0.1745893 0.1499604 -0.2357292 0.1745893 0.1499604 -0.3184266 0.1671898 0.135438 -0.3115911 0.1704385 0.1418141 -0.3184266 0.1671898 0.135438 -0.2435167 0.1650328 0.1218199 -0.2969911 0.1650328 0.1218199 -0.2508192 0.00940664 0.3687793 0.3327169 0.08274757 0.3569735 0.3327075 0.08274757 0.3687793 0.3327138 0.00940664 0.3569735 0.3327075 0.006667846 0.3715181 0.3320064 0.003929038 0.3742569 0.3134653 0.08822518 0.3742569 0.3273091 0.08822518 0.3742569 0.313453 0.003929038 0.3742569 0.3273183 0.08749132 0.3735231 0.3300254 0.003929038 0.3742569 0.3134653 0.003929038 0.3514959 0.32723 0.003929038 0.3742569 0.3273183 0.003929038 0.3514959 0.3133044 0.004662897 0.3522298 0.3299687 0.004662897 0.3735231 0.3300334 0.08822518 0.3742569 0.313453 0.08822518 0.3514959 0.32723 0.08822518 0.3514959 0.3133044 0.08822518 0.3742569 0.3273091 0.08749132 0.3522298 0.3299687 0.006667846 0.3542347 0.3319737 0.08749132 0.3735231 0.3300254 0.004662897 0.3735231 0.3300334 0.08548637 0.3715181 0.3320007 0.08548637 0.3542347 0.3319737 0.08749132 0.3522298 0.3299687 0.004662897 0.3735231 0.3300334 0.004662897 0.3522298 0.3299687 0.08749132 0.3522298 0.3299687 0.08749132 0.3735231 0.3300254 0.08749132 0.3735231 0.3300254 0.003929038 0.3514959 0.32723 0.08822518 0.3514959 0.32723 0.08749132 0.3522298 0.3299687 0.004662897 0.3522298 0.3299687 0.003929038 0.3514959 0.3133044 0.08822518 0.3514959 0.3133044 0.004662897 0.3522298 0.3299687 0.004662897 0.3735231 0.3300334 0.00940664 0.3687792 -0.332734 0.08274757 0.3569734 -0.3327246 0.00940664 0.3569734 -0.3327246 0.08274757 0.3687792 -0.3327309 0.08548637 0.3542346 -0.3319908 0.006667846 0.371518 -0.3320234 0.08548637 0.371518 -0.3320178 0.006667846 0.3542346 -0.3319908 0.08822518 0.3742568 -0.3273262 0.003929038 0.3742568 -0.3134824 0.08822518 0.3742568 -0.3134701 0.003929038 0.3742568 -0.3273354 0.08749132 0.373523 -0.3300425 0.004662897 0.373523 -0.3300505 0.003929038 0.3742568 -0.3134824 0.003929038 0.3742568 -0.3273354 0.003929038 0.3514958 -0.327247 0.003929038 0.3514958 -0.3133215 0.004662897 0.3522297 -0.3299858 0.08822518 0.3742568 -0.3134701 0.08822518 0.3514958 -0.327247 0.08822518 0.3742568 -0.3273262 0.08822518 0.3514958 -0.3133215 0.08749132 0.3522297 -0.3299858 0.08749132 0.373523 -0.3300425 0.08749132 0.373523 -0.3300425 0.004662897 0.373523 -0.3300505 0.08749132 0.3522297 -0.3299858 0.004662897 0.3522297 -0.3299858 0.004662897 0.3522297 -0.3299858 0.004662897 0.373523 -0.3300505 0.08749132 0.3522297 -0.3299858 0.08749132 0.373523 -0.3300425 0.004662897 0.3522297 -0.3299858 0.08749132 0.3522297 -0.3299858 0.003929038 0.3514958 -0.327247 0.08822518 0.3514958 -0.327247 0.003929038 0.3514958 -0.3133215 0.004662897 0.373523 -0.3300505 0.08822518 0.3514958 -0.3133215 -0.6490319 0.422582 0.09985967 -0.6490319 0.422582 0.2522445 -0.6607821 0.4280072 0.2599816 -0.6607821 0.4280072 0.0921226 -0.6605589 0.4260741 0.2701515 -0.6616443 0.4354747 0.2666951 -0.6610176 0.4300465 0.261807 -0.649946 0.3341606 0.2599816 -0.6486341 0.3227993 0.2701515 -0.6607821 0.4280072 0.2599816 -0.649946 0.3341606 0.09212261 -0.6486341 0.3227993 0.08195269 -0.6620939 0.4393685 0.2583506 -0.6607821 0.4280072 0.0921226 -0.5702937 0.4339158 0.09375357 -0.5702937 0.4339159 0.2583506 -0.4940859 0.3806159 0.09375358 -0.5863412 0.4354746 0.08540907 -0.5865656 0.4393685 0.09375357 -0.5863412 0.4354747 0.2666951 -0.569924 0.4301301 0.2666951 -0.4940859 0.3806159 0.2583506 -0.569924 0.4301301 0.08540907 -0.4940859 0.3790894 0.2666951 -0.4940859 0.3754038 0.2701515 -0.563608 0.3240147 0.2701515 -0.4940859 0.3349143 0.2701515 -0.5692686 0.4211714 0.2701515 -0.5798364 0.3227993 0.2701515 -0.4940859 0.3754038 0.2701515 -0.4940859 0.3790894 0.2666951 -0.6486341 0.3227993 0.2701515 -0.6486341 0.3227993 0.08195269 -0.5798364 0.3227993 0.2701515 -0.5798364 0.3227993 0.08195269 -0.6620939 0.4393685 0.09375357 -0.6610176 0.4300465 0.09029717 -0.6605589 0.4260741 0.08195268 -0.6616443 0.4354746 0.08540907 -0.6490319 0.422582 0.09985967 -0.6391947 0.3428832 0.2522445 -0.6490319 0.422582 0.2522445 -0.6391947 0.3428832 0.09985968 -0.6391947 0.3428832 0.2522445 -0.6391947 0.3428832 0.09985968 -0.649946 0.3341606 0.09212261 -0.649946 0.3341606 0.2599816 -0.6391947 0.3428832 0.09985968 -0.6490319 0.422582 0.09985967 -0.6607821 0.4280072 0.0921226 -0.649946 0.3341606 0.09212261 -0.6607821 0.4280072 0.2599816 -0.6391947 0.3428832 0.2522445 -0.649946 0.3341606 0.2599816 -0.6490319 0.422582 0.2522445 -0.6620939 0.4393685 0.09375357 -0.6620939 0.4393685 0.2583506 -0.5865656 0.4393685 0.2583506 -0.6616443 0.4354746 0.08540907 -0.6616443 0.4354747 0.2666951 -0.5863412 0.4354746 0.08540907 -0.6605589 0.4260741 0.08195268 -0.6616443 0.4354746 0.08540907 -0.569924 0.4301301 0.08540907 -0.5857989 0.4260741 0.08195268 -0.6486341 0.3227993 0.08195269 -0.5863412 0.4354747 0.2666951 -0.6605589 0.4260741 0.2701515 -0.5857989 0.4260741 0.2701515 -0.6616443 0.4354747 0.2666951 -0.6486341 0.3227993 0.2701515 -0.569924 0.4301301 0.2666951 -0.5692686 0.4211714 0.08195268 -0.4940859 0.3790893 0.08540908 -0.4940859 0.3754038 0.08195268 -0.563608 0.3240147 0.08195269 -0.5798364 0.3227993 0.08195269 -0.4940859 0.3790893 0.08540908 -0.4940859 0.3754038 0.08195268 -0.4940859 0.3349143 0.08195269 -0.6607821 0.4280072 -0.0921397 -0.6607821 0.4280071 -0.2599987 -0.6490319 0.4225819 -0.09987677 -0.6490319 0.4225819 -0.2522616 -0.6605589 0.426074 -0.2701686 -0.6607821 0.4280071 -0.2599987 -0.6610176 0.4300464 -0.2618241 -0.6616443 0.4354746 -0.2667122 -0.649946 0.3341605 -0.2599986 -0.6486341 0.3227992 -0.2701686 -0.6620939 0.4393684 -0.2583677 -0.649946 0.3341605 -0.09213968 -0.5702937 0.4339158 -0.2583677 -0.5865656 0.4393684 -0.09377068 -0.5702937 0.4339158 -0.09377068 -0.5863412 0.4354746 -0.2667122 -0.5865656 0.4393684 -0.2583677 -0.4940859 0.3806159 -0.09377067 -0.4940859 0.3806159 -0.2583677 -0.569924 0.4301301 -0.08542617 -0.4940859 0.3790893 -0.08542616 -0.569924 0.43013 -0.2667122 -0.5863412 0.4354746 -0.08542617 -0.4940859 0.3754037 -0.2701686 -0.563608 0.3240146 -0.2701686 -0.5692686 0.4211713 -0.2701686 -0.4940859 0.3349143 -0.2701686 -0.5798364 0.3227992 -0.2701686 -0.5857989 0.426074 -0.2701686 -0.5798364 0.3227992 -0.2701686 -0.5798364 0.3227993 -0.08196976 -0.6486341 0.3227993 -0.08196976 -0.6486341 0.3227992 -0.2701686 -0.6486341 0.3227993 -0.08196976 -0.6605589 0.4260741 -0.08196978 -0.6620939 0.4393684 -0.09377068 -0.6610176 0.4300464 -0.09031427 -0.6616443 0.4354746 -0.08542617 -0.6607821 0.4280072 -0.0921397 -0.6490319 0.4225819 -0.09987677 -0.6391947 0.3428831 -0.2522616 -0.6391947 0.3428831 -0.09987676 -0.6490319 0.4225819 -0.2522616 -0.649946 0.3341605 -0.2599986 -0.649946 0.3341605 -0.09213968 -0.6391947 0.3428831 -0.2522616 -0.6391947 0.3428831 -0.09987676 -0.6391947 0.3428831 -0.09987676 -0.6607821 0.4280072 -0.0921397 -0.6490319 0.4225819 -0.09987677 -0.649946 0.3341605 -0.09213968 -0.6607821 0.4280071 -0.2599987 -0.6391947 0.3428831 -0.2522616 -0.6490319 0.4225819 -0.2522616 -0.649946 0.3341605 -0.2599986 -0.6620939 0.4393684 -0.2583677 -0.6616443 0.4354746 -0.08542617 -0.6620939 0.4393684 -0.09377068 -0.6616443 0.4354746 -0.2667122 -0.4940859 0.3790893 -0.2667121 -0.6605589 0.4260741 -0.08196978 -0.5863412 0.4354746 -0.08542617 -0.6616443 0.4354746 -0.08542617 -0.5857989 0.4260741 -0.08196978 -0.5798364 0.3227993 -0.08196976 -0.5692686 0.4211713 -0.08196978 -0.6486341 0.3227993 -0.08196976 -0.6605589 0.426074 -0.2701686 -0.5863412 0.4354746 -0.2667122 -0.569924 0.43013 -0.2667122 -0.6486341 0.3227992 -0.2701686 -0.6616443 0.4354746 -0.2667122 -0.4940859 0.3754037 -0.2701686 -0.4940859 0.3790893 -0.2667121 -0.4940859 0.3790893 -0.08542616 -0.4940859 0.3754038 -0.08196977 -0.569924 0.4301301 -0.08542617 -0.563608 0.3240146 -0.08196976 -0.4940859 0.3754038 -0.08196977 -0.4940859 0.3349143 -0.08196976 0.5684239 0.1821145 -0.2939548 0.5119046 0.1678655 -0.2897823 0.5119046 0.1821145 -0.2939549 0.5864306 0.1877924 -0.2942985 0.5753151 0.1693147 -0.2898701 0.5797862 0.2005254 -0.2917595 0.5615509 0.1953717 -0.2914475 0.5119046 0.1568379 -0.2798406 0.5931077 0.175391 -0.2902379 0.5808249 0.1594809 -0.2800006 0.5793188 0.2141465 -0.28331 0.5745065 0.2110628 -0.2831233 0.5561088 0.2064548 -0.2828443 0.5716065 0.2173648 -0.2701033 0.573509 0.2185229 -0.2701734 0.5898096 0.2074027 -0.2921758 0.5531363 0.213126 -0.2698467 0.5716065 0.218262 -0.2552831 0.573509 0.2194201 -0.2553532 0.5745065 0.2135767 -0.2415979 0.5793188 0.2166604 -0.2417846 0.5561088 0.2089687 -0.241319 0.5615509 0.1990043 -0.2314416 0.5797862 0.204158 -0.2317536 0.5898096 0.2110354 -0.2321699 0.5684239 0.1861464 -0.2273533 0.5864306 0.1918243 -0.227697 0.6028439 0.2037684 -0.2284201 0.5753151 0.1729473 -0.2298642 0.5931077 0.1790236 -0.230232 0.6157858 0.1962282 -0.2312735 0.5808249 0.1619948 -0.2384752 0.5984711 0.168322 -0.2388583 0.6261003 0.1898247 -0.24016 0.5838734 0.1554281 -0.2514792 0.6014484 0.1618732 -0.2518694 0.6318039 0.1857827 -0.2533168 0.5838734 0.1545309 -0.2662994 0.6014484 0.160976 -0.2666896 0.6318039 0.1848855 -0.268137 0.5984711 0.1658081 -0.2803837 0.6261003 0.1873109 -0.2816854 0.6157858 0.1925956 -0.2912794 0.6386813 0.2801137 -0.2308276 0.6193794 0.2345352 -0.2240889 0.6348593 0.2262174 -0.2275639 0.6524001 0.2791498 -0.2418166 0.6028682 0.2041289 -0.2222449 0.6181208 0.1953119 -0.2256191 0.647191 0.2190462 -0.2381193 0.6599548 0.2780151 -0.2575803 0.6303313 0.1877826 -0.2361359 0.602844 0.1997365 -0.2950216 0.5793188 0.2166604 -0.2417846 0.5682241 0.2223739 -0.2540846 0.573509 0.2194201 -0.2553532 0.573509 0.2185229 -0.2701734 0.5751479 0.2191517 -0.2379557 0.5898096 0.2110354 -0.2321699 0.5875382 0.2125947 -0.2266315 0.604182 0.2762919 -0.301895 0.5904176 0.2769874 -0.2908824 0.5953284 0.2772312 -0.287129 0.5888865 0.2780905 -0.2737795 0.6069361 0.2765801 -0.2963637 0.6214458 0.2758733 -0.3058278 0.6214108 0.276266 -0.2996546 0.6358854 0.2763512 -0.2963499 0.6386814 0.2758147 -0.3018416 0.6303313 0.1877826 -0.2361359 0.6157858 0.1962282 -0.2312735 0.6261003 0.1898247 -0.24016 0.6181208 0.1953119 -0.2256191 0.6371063 0.1830087 -0.2517505 0.6318039 0.1857827 -0.2533168 0.6028682 0.2041289 -0.2222449 0.6028439 0.2037684 -0.2284201 0.6474932 0.2768188 -0.287104 0.6524001 0.2761835 -0.2908165 0.653935 0.2775762 -0.2737483 0.6599548 0.2769587 -0.2750311 0.6303313 0.1847982 -0.2854337 0.6157858 0.1925956 -0.2912794 0.6181208 0.1910038 -0.296782 0.6261003 0.1873109 -0.2816854 0.602844 0.1997365 -0.2950216 0.6028683 0.1993494 -0.3011953 0.6371063 0.1819428 -0.2693572 0.6318039 0.1848855 -0.268137 0.5119046 0.1967628 -0.2915317 0.5682241 0.2213021 -0.2717891 0.5793188 0.2141465 -0.28331 0.5751479 0.2161577 -0.2874115 0.653935 0.2784734 -0.2589281 0.6599548 0.2780151 -0.2575803 0.5119046 0.151216 -0.2660988 0.6524001 0.2791498 -0.2418166 0.6474932 0.2793327 -0.2455786 0.5770657 0.3422897 -0.2605664 0.5953283 0.2797451 -0.2456036 0.5854306 0.3436114 -0.2432353 0.5888865 0.2780905 -0.2737795 0.5888865 0.2789877 -0.2589593 0.6069361 0.2802127 -0.2363578 0.6005038 0.3448275 -0.2312601 0.5531363 0.2140232 -0.2550265 0.5119046 0.2170449 -0.2552094 0.5119046 0.211423 -0.2414676 0.5119046 0.2003955 -0.2315258 0.5119046 0.1861464 -0.2273533 0.5119046 0.1714981 -0.2297764 0.5119046 0.1593518 -0.2383152 0.5119046 0.1521132 -0.2512785 0.5119046 0.2089091 -0.2829929 0.5119046 0.2161477 -0.2700296 0.6351567 0.3416018 -0.303192 0.6330531 0.2756397 -0.2754363 0.647873 0.3426277 -0.2930893 0.6279074 0.2752246 -0.2795244 0.6549298 0.3437427 -0.2784683 0.6192998 0.3408683 -0.3067754 0.6214908 0.2749277 -0.2809744 0.6531688 0.3425442 -0.2973176 0.6474932 0.2768188 -0.287104 0.6380957 0.3413282 -0.3092928 0.6615338 0.3438659 -0.2799866 0.653935 0.2775762 -0.2737483 0.6358854 0.2763512 -0.2963499 0.6192998 0.3404587 -0.3135403 0.6192998 0.3456969 -0.2270126 0.6069361 0.2765801 -0.2963637 0.6005038 0.340108 -0.3092189 0.6214108 0.276266 -0.2996546 0.6214108 0.2802979 -0.233053 0.6380957 0.3460477 -0.231334 0.6474932 0.2793327 -0.2455786 0.6531688 0.3458102 -0.2433684 0.6358854 0.2799838 -0.2363439 0.5953284 0.2772312 -0.287129 0.5854307 0.3403455 -0.2971845 0.6615338 0.3450315 -0.2607323 0.5770657 0.3411241 -0.2798206 0.653935 0.2784734 -0.2589281 0.5875383 0.2082825 -0.2978619 0.5898096 0.2074027 -0.2921758 0.6386813 0.2801137 -0.2308276 0.6358854 0.2799838 -0.2363439 0.6214458 0.2806528 -0.2268775 0.6214108 0.2802979 -0.233053 0.6069361 0.2802127 -0.2363578 0.6041819 0.2805938 -0.2308321 0.5953283 0.2797451 -0.2456036 0.5904174 0.2799558 -0.2418482 0.5888865 0.2789877 -0.2589593 0.5828442 0.2789631 -0.2576348 0.5828442 0.2779063 -0.2750913 0.6599548 0.2769587 -0.2750311 0.6471911 0.2160728 -0.2872362 0.6524001 0.2761835 -0.2908165 0.6303313 0.1847982 -0.2854337 0.6348594 0.2219183 -0.2985796 0.6540148 0.2134107 -0.2712225 0.6386814 0.2758147 -0.3018416 0.6540148 0.2144718 -0.2536949 0.6371063 0.1830087 -0.2517505 0.6371063 0.1819428 -0.2693572 0.6193795 0.2297562 -0.3030327 0.6214458 0.2758733 -0.3058278 0.5875383 0.2082825 -0.2978619 0.6037089 0.2379601 -0.2997134 0.604182 0.2762919 -0.301895 0.6181208 0.1910038 -0.296782 0.6041819 0.2805938 -0.2308321 0.5909181 0.2478612 -0.2396336 0.6037089 0.2422789 -0.2283736 0.6214458 0.2806528 -0.2268775 0.5828442 0.2789631 -0.2576348 0.5836898 0.2492019 -0.2735032 0.5836897 0.2502767 -0.2557487 0.5904174 0.2799558 -0.2418482 0.5682241 0.2223739 -0.2540846 0.5875382 0.2125947 -0.2266315 0.5751479 0.2191517 -0.2379557 0.5904176 0.2769874 -0.2908824 0.5828442 0.2779063 -0.2750913 0.5909182 0.24486 -0.2892091 0.5682241 0.2213021 -0.2717891 0.5751479 0.2161577 -0.2874115 0.6028683 0.1993494 -0.3011953 0.6005038 0.340108 -0.3092189 0.6192998 0.3408683 -0.3067754 0.6192998 0.3404587 -0.3135403 0.5907266 0.3407727 -0.2929771 0.6034428 0.3405724 -0.3031297 0.6351567 0.3416018 -0.303192 0.6380957 0.3413282 -0.3092928 0.5854307 0.3403455 -0.2971845 0.5770657 0.3411241 -0.2798206 0.5836696 0.3414296 -0.2783283 0.5770657 0.3422897 -0.2605664 0.5836696 0.342413 -0.2620847 0.5854306 0.3436114 -0.2432353 0.5907266 0.343528 -0.2474636 0.6005038 0.3448275 -0.2312601 0.6034428 0.3445539 -0.2373609 0.6192998 0.3456969 -0.2270126 0.6192998 0.3452874 -0.2337775 0.6380957 0.3460477 -0.231334 0.6351567 0.3455833 -0.2374232 0.6531688 0.3458102 -0.2433684 0.647873 0.345383 -0.2475759 0.6549298 0.3447261 -0.2622247 0.6615338 0.3450315 -0.2607323 0.6549298 0.3437427 -0.2784683 0.6615338 0.3438659 -0.2799866 0.647873 0.3426277 -0.2930893 0.6531688 0.3425442 -0.2973176 0.6359087 0.2764888 -0.2629468 0.6279074 0.2752246 -0.2795244 0.6214908 0.2749277 -0.2809744 0.6359087 0.2760909 -0.2695198 0.6330531 0.2756397 -0.2754363 0.6330531 0.2767546 -0.2570191 0.6070729 0.2751549 -0.2694631 0.6214908 0.2767159 -0.2514355 0.6099286 0.2748891 -0.2753908 0.6150743 0.2764191 -0.2528855 0.6279074 0.2768357 -0.2529107 0.6150743 0.274808 -0.2794992 0.6070729 0.2755528 -0.2628901 0.6099286 0.276004 -0.2569736 0.6034428 0.3445539 -0.2373609 0.6099286 0.276004 -0.2569736 0.5907266 0.343528 -0.2474636 0.6150743 0.2764191 -0.2528855 0.5836696 0.342413 -0.2620847 0.6192998 0.3452874 -0.2337775 0.6214908 0.2767159 -0.2514355 0.6279074 0.2768357 -0.2529107 0.6150743 0.274808 -0.2794992 0.6034428 0.3405724 -0.3031297 0.6099286 0.2748891 -0.2753908 0.6351567 0.3455833 -0.2374232 0.6330531 0.2767546 -0.2570191 0.647873 0.345383 -0.2475759 0.6549298 0.3447261 -0.2622247 0.6359087 0.2764888 -0.2629468 0.5907266 0.3407727 -0.2929771 0.5836696 0.3414296 -0.2783283 0.6070729 0.2751549 -0.2694631 0.6359087 0.2760909 -0.2695198 0.6070729 0.2755528 -0.2628901 -0.4831936 0.2448785 0.3612539 -0.331877 0.1493854 0.3612539 -0.331877 0.2448785 0.3612539 -0.331877 0.2500634 0.3604565 -0.4831936 0.2500634 0.3604565 -0.5382596 0.231787 0.3604565 -0.5383723 0.2265629 0.3612539 -0.4831936 0.1493854 0.3612539 -0.4831936 0.1493854 0.3612539 -0.2780354 0.2437912 0.3449621 -0.331877 0.261657 0.3449621 -0.331877 0.2608358 0.3499965 -0.2776694 0.2428483 0.3499965 -0.331877 0.261657 0.3118858 -0.2671788 0.2401888 0.3347404 -0.2671788 0.2401888 0.3118858 -0.4831936 0.261657 0.3449621 -0.2624006 0.2377926 0.3118858 -0.273723 0.2423603 0.3442791 -0.2677792 0.240388 0.3385308 -0.4831936 0.2608358 0.3499965 -0.2722956 0.2410662 0.349144 -0.2682379 0.2397221 0.3470765 -0.2709878 0.2414527 0.3428854 -0.2651232 0.2386913 0.3439618 -0.2689697 0.2407831 0.3408673 -0.2624006 0.237792 0.3351575 -0.2631961 0.2380544 0.3401795 -0.5633543 0.2184826 0.3360903 -0.5633543 0.1556429 0.3118858 -0.5633543 0.1556429 0.3360903 -0.5621227 0.1557397 0.3438662 -0.5621227 0.2188585 0.3438662 -0.5633543 0.2184935 0.3118858 -0.5606471 0.1464135 0.3438662 -0.561828 0.1459961 0.3118858 -0.561828 0.1459961 0.3360903 -0.5573986 0.1383065 0.3118858 -0.5573986 0.1383065 0.3360903 -0.5564634 0.1391504 0.3438663 -0.5572201 0.1476249 0.350881 -0.5585486 0.1560207 0.350881 -0.5625975 0.2238558 0.3360242 -0.5585486 0.2199937 0.350881 -0.2766982 0.2265629 0.3612539 -0.331877 0.1493854 0.3612539 -0.2759413 0.1563433 0.3612539 -0.3167425 0.1443635 0.3600222 -0.2699139 0.151889 0.3600222 -0.2691037 0.1570099 0.3600222 -0.2691038 0.2240648 0.3600222 -0.2708752 0.1502203 0.3600222 -0.2736067 0.1492236 0.3600222 -0.2717202 0.1496103 0.3600222 -0.331877 0.1493854 0.3612539 -0.4831936 0.1493854 0.3118858 -0.331877 0.1493854 0.3118858 -0.4831936 0.1493854 0.3612539 -0.4983281 0.1443635 0.3600222 -0.5119811 0.1398331 0.356448 -0.5321697 0.1331341 0.3360903 -0.5321697 0.1331341 0.3118858 -0.2922544 0.1362378 0.350881 -0.3030895 0.1398331 0.356448 -0.2517162 0.2184826 0.3360903 -0.2517162 0.1556429 0.3118858 -0.2517162 0.2184935 0.3118858 -0.2529478 0.1557397 0.3438662 -0.2517162 0.1556429 0.3360903 -0.2532425 0.1459961 0.3360903 -0.2532425 0.1459961 0.3118858 -0.252473 0.2238558 0.3360242 -0.2544233 0.1464135 0.3438662 -0.4831936 0.261657 0.3118858 -0.5370351 0.2437912 0.3449621 -0.2586071 0.1391504 0.3438663 -0.2576719 0.1383065 0.3360903 -0.2576719 0.1383065 0.3118858 -0.5504996 0.1333268 0.3118858 -0.5504996 0.1333269 0.3360903 -0.2732642 0.1315445 0.3118858 -0.2732642 0.1315445 0.3360903 -0.2829007 0.133134 0.3360903 -0.2645709 0.1333268 0.3118858 -0.2829007 0.133134 0.3118858 -0.5418063 0.1315445 0.3118858 -0.5418063 0.1315445 0.3360903 -0.5499931 0.1344802 0.3438663 -0.5228161 0.1362378 0.350881 -0.5416019 0.1420912 0.356448 -0.5417116 0.1364309 0.350881 -0.5297727 0.1339295 0.3438663 -0.541782 0.1327968 0.3438663 -0.3167425 0.1443635 0.3600222 -0.2852978 0.1339294 0.3438663 -0.2733589 0.1364309 0.350881 -0.2732884 0.1327968 0.3438663 -0.331877 0.1493854 0.3612539 -0.2645709 0.1333269 0.3360903 -0.5391292 0.1563433 0.3612539 -0.5451564 0.151889 0.3600222 -0.5441952 0.1502202 0.3600222 -0.4983281 0.1443635 0.3600222 -0.5459668 0.2240647 0.3600222 -0.5459668 0.1570099 0.3600222 -0.5433503 0.1496104 0.3600222 -0.5414638 0.1492236 0.3600222 -0.5119811 0.1398331 0.356448 -0.5462346 0.143041 0.356448 -0.5485235 0.1378275 0.350881 -0.549522 0.1454138 0.356448 -0.5537493 0.1415994 0.350881 -0.5518824 0.1495116 0.356448 -0.5529815 0.1564584 0.356448 -0.5529815 0.2217841 0.356448 -0.3030895 0.1398331 0.356448 -0.2734685 0.1420912 0.356448 -0.2688359 0.143041 0.356448 -0.2665469 0.1378275 0.350881 -0.2650773 0.1344802 0.3438663 -0.2655485 0.1454138 0.356448 -0.2613212 0.1415994 0.350881 -0.2631881 0.1495116 0.356448 -0.2578503 0.1476249 0.350881 -0.262089 0.1564584 0.356448 -0.256522 0.1560207 0.350881 -0.262089 0.2217841 0.356448 -0.256522 0.2199937 0.350881 -0.2529478 0.2188585 0.3438662 -0.5613968 0.2242315 0.3436051 -0.5579392 0.2253438 0.3503909 -0.552546 0.2270941 0.3557842 -0.5457407 0.2293198 0.3592517 -0.5374011 0.2428483 0.3499965 -0.4831936 0.2584526 0.3545382 -0.331877 0.2584526 0.3545382 -0.331877 0.2547407 0.3581424 -0.537749 0.2403488 0.3545382 -0.4831936 0.2547407 0.3581424 -0.5380449 0.2365373 0.3581424 -0.5413475 0.2423603 0.3442791 -0.5472913 0.240388 0.3385309 -0.5440827 0.2414527 0.3428854 -0.5468326 0.2397221 0.3470765 -0.5427749 0.2410662 0.349144 -0.5478916 0.2401888 0.3347404 -0.5493133 0.2365246 0.3508573 -0.5440626 0.238258 0.3535327 -0.551282 0.2321733 0.3538577 -0.5450845 0.2342104 0.3570155 -0.5499474 0.2386913 0.3439617 -0.5534174 0.2351737 0.3467532 -0.5461008 0.2407831 0.3408673 -0.5561712 0.2305744 0.3489685 -0.5592902 0.2295604 0.3428473 -0.5518745 0.2380544 0.3401796 -0.5569804 0.2340074 0.3355338 -0.556009 0.2343234 0.3416669 -0.5526699 0.237792 0.3351575 -0.5604012 0.2292053 0.3358325 -0.5569804 0.2340094 0.3118858 -0.5478916 0.2401888 0.3118858 -0.5526699 0.2377926 0.3118858 -0.5604012 0.2292098 0.3118858 -0.5625975 0.2238633 0.3118858 -0.2773214 0.2403488 0.3545382 -0.2710079 0.238258 0.3535326 -0.2657572 0.2365246 0.3508573 -0.2770256 0.2365373 0.3581424 -0.269986 0.2342104 0.3570155 -0.2637885 0.2321733 0.3538578 -0.2768108 0.231787 0.3604565 -0.2693299 0.2293198 0.3592517 -0.2616531 0.2351737 0.3467533 -0.2588993 0.2305744 0.3489685 -0.2625245 0.2270941 0.3557842 -0.2571312 0.2253438 0.3503909 -0.2590615 0.2343234 0.3416669 -0.2557803 0.2295604 0.3428473 -0.2536737 0.2242316 0.3436051 -0.2580901 0.2340074 0.3355338 -0.2546693 0.2292053 0.3358325 -0.2580901 0.2340094 0.3118858 -0.2546693 0.2292097 0.3118858 -0.252473 0.2238633 0.3118858 0.3833293 0.2448785 0.3612539 0.4383953 0.231787 0.3604565 0.3833293 0.2500634 0.3604565 0.2320127 0.1493854 0.3612539 0.3833293 0.1493854 0.3612539 0.2320127 0.2448785 0.3612539 0.438508 0.2265629 0.3612539 0.2320127 0.2500634 0.3604565 0.1768339 0.2265629 0.3612539 0.176077 0.1563433 0.3612539 0.1781711 0.2437912 0.3449621 0.1673145 0.2401888 0.3347404 0.1738587 0.2423603 0.3442791 0.1778051 0.2428483 0.3499965 0.2320127 0.261657 0.3118858 0.1673145 0.2401888 0.3118858 0.2320127 0.2608358 0.3499965 0.2320127 0.261657 0.3449621 0.1625363 0.2377926 0.3118858 0.1625363 0.237792 0.3351575 0.1683736 0.2397221 0.3470765 0.1724313 0.2410662 0.349144 0.1679149 0.240388 0.3385308 0.1633318 0.2380544 0.3401795 0.1711235 0.2414527 0.3428854 0.1652589 0.2386913 0.3439618 0.1691054 0.2407831 0.3408673 0.3833293 0.261657 0.3449621 0.46349 0.2184826 0.3360903 0.46349 0.2184935 0.3118858 0.4627332 0.2238558 0.3360242 0.4622584 0.1557397 0.3438662 0.46349 0.1556429 0.3360903 0.46349 0.1556429 0.3118858 0.4619637 0.1459961 0.3118858 0.4607828 0.1464135 0.3438662 0.4619637 0.1459961 0.3360903 0.4565991 0.1391504 0.3438663 0.4575343 0.1383065 0.3360903 0.4575343 0.1383065 0.3118858 0.4622584 0.2188585 0.3438662 0.4615326 0.2242315 0.3436051 0.4586843 0.1560207 0.350881 0.4573558 0.1476249 0.350881 0.1769465 0.231787 0.3604565 0.2320127 0.1493854 0.3612539 0.2168782 0.1443635 0.3600222 0.1710109 0.1502203 0.3600222 0.1718559 0.1496103 0.3600222 0.1692395 0.2240648 0.3600222 0.1692394 0.1570099 0.3600222 0.1737424 0.1492236 0.3600222 0.1700497 0.151889 0.3600222 0.2320127 0.1493854 0.3612539 0.3833293 0.1493854 0.3118858 0.3833293 0.1493854 0.3612539 0.4229518 0.1362378 0.350881 0.4121168 0.1398331 0.356448 0.3984638 0.1443635 0.3600222 0.3833293 0.1493854 0.3612539 0.2320127 0.1493854 0.3118858 0.1830364 0.133134 0.3360903 0.1830364 0.133134 0.3118858 0.2032252 0.1398331 0.356448 0.1923901 0.1362378 0.350881 0.1518519 0.2184935 0.3118858 0.1518519 0.1556429 0.3118858 0.1518519 0.2184826 0.3360903 0.1526087 0.2238558 0.3360242 0.1526087 0.2238633 0.3118858 0.1533782 0.1459961 0.3360903 0.1518519 0.1556429 0.3360903 0.1530835 0.1557397 0.3438662 0.1530835 0.2188585 0.3438662 0.154559 0.1464135 0.3438662 0.3833293 0.2608358 0.3499965 0.3833293 0.261657 0.3118858 0.1533782 0.1459961 0.3118858 0.1587428 0.1391504 0.3438663 0.1578076 0.1383065 0.3360903 0.4506353 0.1333268 0.3118858 0.1733999 0.1315445 0.3360903 0.1733999 0.1315445 0.3118858 0.1647066 0.1333268 0.3118858 0.1854335 0.1339294 0.3438663 0.441942 0.1315445 0.3360903 0.441942 0.1315445 0.3118858 0.4506353 0.1333269 0.3360903 0.4501288 0.1344802 0.3438663 0.4419177 0.1327968 0.3438663 0.4323054 0.1331341 0.3118858 0.4323054 0.1331341 0.3360903 0.4299084 0.1339295 0.3438663 0.4418473 0.1364309 0.350881 0.2168782 0.1443635 0.3600222 0.1734946 0.1364309 0.350881 0.1734241 0.1327968 0.3438663 0.1578076 0.1383065 0.3118858 0.1647066 0.1333269 0.3360903 0.4392649 0.1563433 0.3612539 0.4443309 0.1502202 0.3600222 0.4452921 0.151889 0.3600222 0.3833293 0.1493854 0.3612539 0.3984638 0.1443635 0.3600222 0.4415995 0.1492236 0.3600222 0.443486 0.1496104 0.3600222 0.4461025 0.1570099 0.3600222 0.4121168 0.1398331 0.356448 0.4417376 0.1420912 0.356448 0.4463703 0.143041 0.356448 0.4486592 0.1378275 0.350881 0.4496577 0.1454138 0.356448 0.453885 0.1415994 0.350881 0.4520181 0.1495116 0.356448 0.4531172 0.1564584 0.356448 0.2032252 0.1398331 0.356448 0.1736042 0.1420912 0.356448 0.1689716 0.143041 0.356448 0.1666826 0.1378275 0.350881 0.165213 0.1344802 0.3438663 0.1656842 0.1454138 0.356448 0.1614569 0.1415994 0.350881 0.1633238 0.1495116 0.356448 0.157986 0.1476249 0.350881 0.1622247 0.1564584 0.356448 0.1566577 0.1560207 0.350881 0.1622247 0.2217841 0.356448 0.1566577 0.2199937 0.350881 0.4586843 0.2199937 0.350881 0.4580749 0.2253438 0.3503909 0.1694656 0.2293198 0.3592517 0.4461025 0.2240647 0.3600222 0.4531172 0.2217841 0.356448 0.4526817 0.2270941 0.3557842 0.4458764 0.2293198 0.3592517 0.1626602 0.2270941 0.3557842 0.4371708 0.2437912 0.3449621 0.3833293 0.2584526 0.3545382 0.2320127 0.2584526 0.3545382 0.1774571 0.2403488 0.3545382 0.2320127 0.2547407 0.3581424 0.3833293 0.2547407 0.3581424 0.4375368 0.2428483 0.3499965 0.4378848 0.2403488 0.3545382 0.4381806 0.2365373 0.3581424 0.4414832 0.2423603 0.3442791 0.4480273 0.2401888 0.3347404 0.4429106 0.2410662 0.349144 0.4469683 0.2397221 0.3470765 0.4442184 0.2414527 0.3428854 0.4480273 0.2401888 0.3118858 0.449449 0.2365246 0.3508573 0.4441983 0.238258 0.3535327 0.4514177 0.2321733 0.3538577 0.4452202 0.2342104 0.3570155 0.4535531 0.2351737 0.3467532 0.4500831 0.2386913 0.3439617 0.447427 0.240388 0.3385309 0.4462365 0.2407831 0.3408673 0.4563069 0.2305744 0.3489685 0.4561447 0.2343234 0.3416669 0.4520102 0.2380544 0.3401796 0.4594259 0.2295604 0.3428473 0.4571161 0.2340074 0.3355338 0.4528056 0.237792 0.3351575 0.4605369 0.2292053 0.3358325 0.4605369 0.2292098 0.3118858 0.4627332 0.2238633 0.3118858 0.1711436 0.238258 0.3535326 0.1658929 0.2365246 0.3508573 0.1771613 0.2365373 0.3581424 0.1639242 0.2321733 0.3538578 0.1701217 0.2342104 0.3570155 0.1617888 0.2351737 0.3467533 0.159035 0.2305744 0.3489685 0.1572669 0.2253438 0.3503909 0.1591972 0.2343234 0.3416669 0.155916 0.2295604 0.3428473 0.1538094 0.2242316 0.3436051 0.1582258 0.2340074 0.3355338 0.154805 0.2292053 0.3358325 0.1582258 0.2340094 0.3118858 0.154805 0.2292097 0.3118858 0.4528056 0.2377926 0.3118858 0.4571161 0.2340094 0.3118858 -0.4831936 0.2448784 -0.3612709 -0.5382596 0.2317869 -0.3604735 -0.4831936 0.2500633 -0.3604735 -0.331877 0.2448784 -0.3612709 -0.331877 0.1493853 -0.3612709 -0.4831936 0.1493853 -0.3612709 -0.5383723 0.2265628 -0.3612709 -0.331877 0.2500633 -0.3604735 -0.2766982 0.2265627 -0.3612709 -0.2759413 0.1563431 -0.3612709 -0.2677792 0.2403879 -0.3385478 -0.2709878 0.2414526 -0.3429025 -0.273723 0.2423602 -0.3442961 -0.2624006 0.2377919 -0.3351746 -0.2631961 0.2380543 -0.3401965 -0.2671788 0.2401887 -0.3347574 -0.2651232 0.2386912 -0.3439788 -0.2682379 0.239722 -0.3470936 -0.2689697 0.2407829 -0.3408844 -0.2776694 0.2428482 -0.3500136 -0.2780354 0.2437911 -0.3449792 -0.2722956 0.2410661 -0.349161 -0.331877 0.2616569 -0.3119028 -0.4831936 0.2616569 -0.3449792 -0.4831936 0.2616569 -0.3119028 -0.331877 0.2616569 -0.3449792 -0.2671788 0.2401887 -0.3119028 -0.4831936 0.2608357 -0.3500136 -0.331877 0.2608357 -0.3500136 -0.2624006 0.2377925 -0.3119028 -0.5633543 0.2184825 -0.3361073 -0.5633543 0.1556428 -0.3119028 -0.5633543 0.2184934 -0.3119028 -0.5625975 0.2238557 -0.3360413 -0.5621227 0.1557396 -0.3438833 -0.5633543 0.1556428 -0.3361073 -0.5606471 0.1464134 -0.3438833 -0.561828 0.145996 -0.3361073 -0.561828 0.145996 -0.3119028 -0.5564634 0.1391503 -0.3438833 -0.5573986 0.1383064 -0.3119028 -0.5573986 0.1383064 -0.3361073 -0.5621227 0.2188584 -0.3438833 -0.5613968 0.2242314 -0.3436221 -0.5585486 0.1560206 -0.350898 -0.5572201 0.1476247 -0.350898 -0.2768108 0.2317869 -0.3604735 -0.331877 0.1493853 -0.3612709 -0.3167425 0.1443633 -0.3600392 -0.2699139 0.1518889 -0.3600392 -0.2708752 0.1502202 -0.3600392 -0.2717202 0.1496102 -0.3600392 -0.2736067 0.1492235 -0.3600392 -0.2691037 0.1570097 -0.3600392 -0.2691038 0.2240646 -0.3600392 -0.4831936 0.1493853 -0.3612709 -0.331877 0.1493853 -0.3612709 -0.4831936 0.1493853 -0.3119028 -0.331877 0.1493853 -0.3119028 -0.3030895 0.139833 -0.356465 -0.2922544 0.1362377 -0.350898 -0.2517162 0.2184934 -0.3119028 -0.2517162 0.1556428 -0.3119028 -0.2517162 0.2184825 -0.3361073 -0.252473 0.2238557 -0.3360413 -0.252473 0.2238632 -0.3119028 -0.2532425 0.145996 -0.3361073 -0.2517162 0.1556428 -0.3361073 -0.2529478 0.1557396 -0.3438833 -0.2529478 0.2188584 -0.3438833 -0.2544233 0.1464134 -0.3438833 -0.2532425 0.145996 -0.3119028 -0.2586071 0.1391503 -0.3438833 -0.2576719 0.1383064 -0.3361073 -0.5504996 0.1333267 -0.3119028 -0.2829007 0.1331339 -0.3119028 -0.2829007 0.1331339 -0.3361073 -0.2732642 0.1315444 -0.3119028 -0.2852978 0.1339293 -0.3438833 -0.2732884 0.1327966 -0.3438833 -0.2732642 0.1315444 -0.3361073 -0.2645709 0.1333267 -0.3119028 -0.2650773 0.1344801 -0.3438833 -0.2645709 0.1333267 -0.3361073 -0.5504996 0.1333267 -0.3361073 -0.5418063 0.1315444 -0.3119028 -0.5499931 0.1344801 -0.3438833 -0.5418063 0.1315444 -0.3361073 -0.5321697 0.1331339 -0.3119028 -0.541782 0.1327967 -0.3438833 -0.5321697 0.1331339 -0.3361073 -0.4983281 0.1443633 -0.3600392 -0.5119811 0.139833 -0.356465 -0.5228161 0.1362377 -0.350898 -0.4831936 0.1493853 -0.3612709 -0.5297727 0.1339293 -0.3438833 -0.5416019 0.1420911 -0.356465 -0.5119811 0.139833 -0.356465 -0.5417116 0.1364308 -0.350898 -0.2734685 0.1420911 -0.356465 -0.2733589 0.1364308 -0.350898 -0.3167425 0.1443633 -0.3600392 -0.2576719 0.1383064 -0.3119028 -0.5391292 0.1563431 -0.3612709 -0.4831936 0.1493853 -0.3612709 -0.4983281 0.1443633 -0.3600392 -0.5414638 0.1492235 -0.3600392 -0.5433503 0.1496102 -0.3600392 -0.5441952 0.1502201 -0.3600392 -0.5451564 0.1518889 -0.3600392 -0.5459668 0.1570098 -0.3600392 -0.5462346 0.1430409 -0.356465 -0.5485235 0.1378274 -0.350898 -0.549522 0.1454137 -0.356465 -0.5537493 0.1415993 -0.350898 -0.5518824 0.1495115 -0.356465 -0.5529815 0.1564583 -0.356465 -0.3030895 0.139833 -0.356465 -0.2688359 0.1430409 -0.356465 -0.2665469 0.1378274 -0.350898 -0.2655485 0.1454137 -0.356465 -0.2613212 0.1415993 -0.350898 -0.2631881 0.1495115 -0.356465 -0.2578503 0.1476247 -0.350898 -0.262089 0.1564583 -0.356465 -0.256522 0.1560206 -0.350898 -0.262089 0.2217839 -0.356465 -0.256522 0.2199936 -0.350898 -0.5585486 0.2199936 -0.350898 -0.5579392 0.2253437 -0.3504079 -0.2693299 0.2293196 -0.3592687 -0.5459668 0.2240646 -0.3600392 -0.5529815 0.2217839 -0.356465 -0.552546 0.2270939 -0.3558012 -0.5457407 0.2293196 -0.3592687 -0.2625245 0.2270939 -0.3558012 -0.5370351 0.2437911 -0.3449792 -0.331877 0.2584525 -0.3545552 -0.4831936 0.2584525 -0.3545552 -0.5374011 0.2428482 -0.3500136 -0.331877 0.2547406 -0.3581594 -0.4831936 0.2547406 -0.3581594 -0.537749 0.2403486 -0.3545552 -0.5380449 0.2365372 -0.3581594 -0.5413475 0.2423602 -0.3442961 -0.5478916 0.2401887 -0.3347574 -0.5427749 0.2410661 -0.349161 -0.5478916 0.2401887 -0.3119028 -0.5440626 0.2382578 -0.3535497 -0.5450845 0.2342103 -0.3570325 -0.551282 0.2321732 -0.3538748 -0.5468326 0.239722 -0.3470935 -0.5493133 0.2365245 -0.3508743 -0.5534174 0.2351736 -0.3467702 -0.5440827 0.2414526 -0.3429025 -0.5472913 0.2403879 -0.3385479 -0.5499474 0.2386912 -0.3439788 -0.5561712 0.2305743 -0.3489856 -0.5461008 0.2407829 -0.3408844 -0.556009 0.2343233 -0.3416839 -0.5518745 0.2380542 -0.3401966 -0.5592902 0.2295603 -0.3428643 -0.5569804 0.2340072 -0.3355508 -0.5526699 0.2377919 -0.3351746 -0.5604012 0.2292051 -0.3358495 -0.5569804 0.2340093 -0.3119028 -0.5526699 0.2377925 -0.3119028 -0.5604012 0.2292096 -0.3119028 -0.5625975 0.2238632 -0.3119028 -0.2657572 0.2365245 -0.3508743 -0.2710079 0.2382578 -0.3535496 -0.2773214 0.2403486 -0.3545552 -0.2770256 0.2365372 -0.3581594 -0.2637885 0.2321732 -0.3538748 -0.269986 0.2342103 -0.3570326 -0.2616531 0.2351736 -0.3467703 -0.2588993 0.2305743 -0.3489856 -0.2571312 0.2253437 -0.3504079 -0.2590615 0.2343233 -0.3416839 -0.2557803 0.2295603 -0.3428643 -0.2536737 0.2242314 -0.3436221 -0.2580901 0.2340072 -0.3355508 -0.2546693 0.2292051 -0.3358495 -0.2580901 0.2340093 -0.3119028 -0.2546693 0.2292096 -0.3119028 0.3833293 0.2448784 -0.3612709 0.4383953 0.2317869 -0.3604735 0.438508 0.2265628 -0.3612709 0.2320127 0.2500633 -0.3604735 0.3833293 0.2500633 -0.3604735 0.2320127 0.1493853 -0.3612709 0.2320127 0.2448784 -0.3612709 0.3833293 0.1493853 -0.3612709 0.3833293 0.1493853 -0.3612709 0.1781711 0.2437911 -0.3449792 0.1673145 0.2401887 -0.3347574 0.1673145 0.2401887 -0.3119028 0.2320127 0.2616569 -0.3119028 0.2320127 0.2616569 -0.3449792 0.1625363 0.2377925 -0.3119028 0.1738587 0.2423602 -0.3442961 0.1679149 0.2403879 -0.3385478 0.1683736 0.239722 -0.3470936 0.1711235 0.2414526 -0.3429025 0.1652589 0.2386912 -0.3439788 0.1691054 0.2407829 -0.3408844 0.1625363 0.2377919 -0.3351746 0.1633318 0.2380543 -0.3401965 0.46349 0.2184825 -0.3361073 0.4622584 0.1557396 -0.3438833 0.4622584 0.2188584 -0.3438833 0.46349 0.1556428 -0.3119028 0.46349 0.1556428 -0.3361073 0.46349 0.2184934 -0.3119028 0.4619637 0.145996 -0.3119028 0.4619637 0.145996 -0.3361073 0.4607828 0.1464134 -0.3438833 0.4575343 0.1383064 -0.3119028 0.4575343 0.1383064 -0.3361073 0.4565991 0.1391503 -0.3438833 0.4573558 0.1476247 -0.350898 0.4586843 0.1560206 -0.350898 0.4627332 0.2238557 -0.3360413 0.4586843 0.2199936 -0.350898 0.1768339 0.2265627 -0.3612709 0.2320127 0.1493853 -0.3612709 0.176077 0.1563431 -0.3612709 0.2168782 0.1443633 -0.3600392 0.1737424 0.1492235 -0.3600392 0.1718559 0.1496102 -0.3600392 0.1710109 0.1502202 -0.3600392 0.1700497 0.1518889 -0.3600392 0.1692394 0.1570097 -0.3600392 0.1692395 0.2240646 -0.3600392 0.2320127 0.1493853 -0.3612709 0.3833293 0.1493853 -0.3119028 0.2320127 0.1493853 -0.3119028 0.3833293 0.1493853 -0.3612709 0.3833293 0.1493853 -0.3612709 0.4323054 0.1331339 -0.3361073 0.4323054 0.1331339 -0.3119028 0.2320127 0.1493853 -0.3612709 0.2168782 0.1443633 -0.3600392 0.2032252 0.139833 -0.356465 0.1923901 0.1362377 -0.350898 0.1518519 0.2184825 -0.3361073 0.1518519 0.1556428 -0.3119028 0.1518519 0.2184934 -0.3119028 0.1530835 0.1557396 -0.3438833 0.1518519 0.1556428 -0.3361073 0.1533782 0.145996 -0.3361073 0.1533782 0.145996 -0.3119028 0.1526087 0.2238557 -0.3360413 0.154559 0.1464134 -0.3438833 0.3833293 0.2616569 -0.3449792 0.3833293 0.2616569 -0.3119028 0.1587428 0.1391503 -0.3438833 0.1578076 0.1383064 -0.3361073 0.1578076 0.1383064 -0.3119028 0.4506353 0.1333267 -0.3119028 0.1733999 0.1315444 -0.3119028 0.1830364 0.1331339 -0.3361073 0.1830364 0.1331339 -0.3119028 0.1733999 0.1315444 -0.3361073 0.1734241 0.1327966 -0.3438833 0.165213 0.1344801 -0.3438833 0.1647066 0.1333267 -0.3119028 0.1647066 0.1333267 -0.3361073 0.4506353 0.1333267 -0.3361073 0.441942 0.1315444 -0.3119028 0.441942 0.1315444 -0.3361073 0.4501288 0.1344801 -0.3438833 0.4121168 0.139833 -0.356465 0.4229518 0.1362377 -0.350898 0.4299084 0.1339293 -0.3438833 0.4419177 0.1327967 -0.3438833 0.4417376 0.1420911 -0.356465 0.4418473 0.1364308 -0.350898 0.1734946 0.1364308 -0.350898 0.1736042 0.1420911 -0.356465 0.1854335 0.1339293 -0.3438833 0.4392649 0.1563431 -0.3612709 0.4443309 0.1502201 -0.3600392 0.443486 0.1496102 -0.3600392 0.3984638 0.1443633 -0.3600392 0.4452921 0.1518889 -0.3600392 0.4461025 0.1570098 -0.3600392 0.4461025 0.2240646 -0.3600392 0.4415995 0.1492235 -0.3600392 0.4121168 0.139833 -0.356465 0.4463703 0.1430409 -0.356465 0.4486592 0.1378274 -0.350898 0.4496577 0.1454137 -0.356465 0.453885 0.1415993 -0.350898 0.4520181 0.1495115 -0.356465 0.4531172 0.1564583 -0.356465 0.4531172 0.2217839 -0.356465 0.2032252 0.139833 -0.356465 0.1689716 0.1430409 -0.356465 0.1666826 0.1378274 -0.350898 0.1656842 0.1454137 -0.356465 0.1633238 0.1495115 -0.356465 0.1614569 0.1415993 -0.350898 0.157986 0.1476247 -0.350898 0.1622247 0.1564583 -0.356465 0.1566577 0.1560206 -0.350898 0.1622247 0.2217839 -0.356465 0.1566577 0.2199936 -0.350898 0.1530835 0.2188584 -0.3438833 0.4615326 0.2242314 -0.3436221 0.4580749 0.2253437 -0.3504079 0.4526817 0.2270939 -0.3558012 0.4458764 0.2293196 -0.3592687 0.3833293 0.2608357 -0.3500136 0.4371708 0.2437911 -0.3449792 0.4375368 0.2428482 -0.3500136 0.2320127 0.2608357 -0.3500136 0.1778051 0.2428482 -0.3500136 0.3833293 0.2584525 -0.3545552 0.4378848 0.2403486 -0.3545552 0.2320127 0.2547406 -0.3581594 0.2320127 0.2584525 -0.3545552 0.1774571 0.2403486 -0.3545552 0.3833293 0.2547406 -0.3581594 0.4381806 0.2365372 -0.3581594 0.4414832 0.2423602 -0.3442961 0.4429106 0.2410661 -0.349161 0.447427 0.2403879 -0.3385479 0.4442184 0.2414526 -0.3429025 0.4469683 0.239722 -0.3470935 0.449449 0.2365245 -0.3508743 0.4441983 0.2382578 -0.3535497 0.4480273 0.2401887 -0.3347574 0.4514177 0.2321732 -0.3538748 0.4452202 0.2342103 -0.3570325 0.4535531 0.2351736 -0.3467702 0.4500831 0.2386912 -0.3439788 0.4462365 0.2407829 -0.3408844 0.4563069 0.2305743 -0.3489856 0.4561447 0.2343233 -0.3416839 0.4520102 0.2380542 -0.3401966 0.4594259 0.2295603 -0.3428643 0.4528056 0.2377919 -0.3351746 0.4571161 0.2340072 -0.3355508 0.4605369 0.2292051 -0.3358495 0.4480273 0.2401887 -0.3119028 0.4528056 0.2377925 -0.3119028 0.4571161 0.2340093 -0.3119028 0.4605369 0.2292096 -0.3119028 0.4627332 0.2238632 -0.3119028 0.1724313 0.2410661 -0.349161 0.1658929 0.2365245 -0.3508743 0.1711436 0.2382578 -0.3535496 0.1771613 0.2365372 -0.3581594 0.1639242 0.2321732 -0.3538748 0.1701217 0.2342103 -0.3570326 0.1769465 0.2317869 -0.3604735 0.1694656 0.2293196 -0.3592687 0.1617888 0.2351736 -0.3467703 0.159035 0.2305743 -0.3489856 0.1626602 0.2270939 -0.3558012 0.1572669 0.2253437 -0.3504079 0.1591972 0.2343233 -0.3416839 0.155916 0.2295603 -0.3428643 0.1538094 0.2242314 -0.3436221 0.1582258 0.2340072 -0.3355508 0.154805 0.2292051 -0.3358495 0.1582258 0.2340093 -0.3119028 0.154805 0.2292096 -0.3119028 0.1526087 0.2238632 -0.3119028 0.1062702 0.187618 0.2240642 0.3784304 0.187618 0.1915896 0.410905 0.187618 0.2240642 -0.1983646 0.187618 0.1915896 0.1062702 0.187618 0.1915896 -0.1983646 0.187618 0.2240642 -0.5227966 0.187618 0.2240642 -0.490322 0.187618 0.1915896 -0.490322 0.187618 -0.1916066 -0.5227966 0.1876179 -0.2240812 -0.1983646 0.1876179 -0.2240813 -0.1983646 0.187618 -0.1916067 0.1062702 0.187618 -0.1916067 0.1062702 0.1876179 -0.2240813 0.3784304 0.187618 -0.1916066 0.410905 0.1876179 -0.2240812 -0.190899 0.1293718 0.1711495 -0.190899 0.1293718 -0.1711665 0.09830299 0.1293718 0.1711495 -0.4680656 0.1293718 -0.1711665 0.09830299 0.1293718 -0.1711665 0.3566755 0.1293718 0.1711495 0.3566755 0.1293718 -0.1711665 -0.4680656 0.1293718 0.1711495 -0.1983646 0.187618 -0.1916067 0.09830299 0.1293718 -0.1711665 -0.190899 0.1293718 -0.1711665 -0.4680656 0.1293718 -0.1711665 -0.490322 0.187618 -0.1916066 0.1062702 0.187618 -0.1916067 0.3566755 0.1293718 -0.1711665 0.3784304 0.187618 -0.1916066 0.5311453 0.3481061 -0.2750701 0.5301083 0.3432936 -0.1768056 0.5301083 0.3432936 -0.2692756 0.5311453 0.3481061 -0.1710111 0.5301083 0.3429926 0.2685396 0.5311076 0.3478184 0.1716812 0.5311076 0.3478184 0.2743658 0.5301083 0.3429926 0.1775075 0.5311076 0.3067947 0.1716812 0.5311076 0.3478184 0.1716812 0.5311076 0.3067947 0.2743658 0.5301083 0.3116206 0.1775075 0.5301083 0.3116206 0.2685396 0.5311076 0.3067947 0.1716812 0.53352 0.3033542 0.2802216 0.53352 0.3033542 0.1658254 0.5311076 0.3067947 0.1716812 0.5311076 0.3067947 0.2743658 0.5311076 0.3478184 0.2743658 0.5311076 0.3067947 0.2743658 0.5311453 0.3481061 -0.1710111 0.5311453 0.3065069 -0.1710111 0.5301083 0.3113194 -0.1768056 0.5301083 0.3113194 -0.2692756 0.5311453 0.3065069 -0.1710111 0.5311453 0.3065069 -0.2750701 0.5311453 0.3065069 -0.2750701 0.5311453 0.3481061 -0.2750701 0.5378091 0.3002606 0.2876092 0.5378091 0.3002606 0.1584379 0.2176484 0.7341752 -0.2238985 0.1112783 0.7105941 -0.2238985 0.1112783 0.7341752 -0.2238985 0.2176484 0.7105941 -0.2238985 0.2176484 0.7424385 0.2156349 0.2176484 0.7105941 0.03679088 0.2176484 0.7424385 0.03679087 0.2176484 0.7105942 0.2238983 0.2176484 0.7687686 0.0285275 0.2176484 0.7605053 0.03679087 0.2176484 0.7105941 -0.03679106 0.2176484 0.7424385 -0.03679107 0.2176484 0.7341753 0.2238983 0.2176484 0.7424385 -0.2156351 0.2176484 0.7105941 -0.2238985 0.2176484 0.7341752 -0.2238985 0.1112783 0.7424385 0.03679087 0.1112783 0.7424385 0.2156349 0.2176484 0.7424385 0.03679087 0.2176484 0.7424385 0.2156349 0.1112783 0.7105942 0.2238983 0.1112783 0.7105941 0.03679088 0.2176484 0.7105942 0.2238983 0.2176484 0.7105941 0.03679088 0.1112783 0.7105941 -0.03679106 0.2176484 0.7105941 -0.03679106 0.1112783 0.7424385 -0.2156351 0.1112783 0.7424385 -0.03679107 0.2176484 0.7424385 -0.2156351 0.2176484 0.7424385 -0.03679107 0.1112783 0.7424385 -0.2156351 0.1112783 0.7105941 -0.03679106 0.1112783 0.7424385 -0.03679107 0.1112783 0.7105941 -0.2238985 0.1112783 0.7687686 -0.0285277 0.1112783 0.7605053 -0.03679107 0.1112783 0.7105941 0.03679088 0.1112783 0.7424385 0.03679087 0.1112783 0.7341752 -0.2238985 0.1112783 0.7605053 -0.03679107 0.2176484 0.7424385 -0.03679107 0.1112783 0.7424385 -0.03679107 0.2176484 0.7605053 -0.03679107 0.1112783 0.7105941 -0.2238985 0.2176484 0.7105941 -0.2238985 0.1112783 0.7687686 0.0285275 0.1112783 0.7605053 0.03679087 0.1112783 0.7341753 0.2238983 0.2176484 0.7105942 0.2238983 0.2176484 0.7341753 0.2238983 0.1112783 0.7105942 0.2238983 0.2176484 0.7605053 0.03679087 0.1112783 0.7424385 0.03679087 0.2176484 0.7424385 0.03679087 0.1112783 0.7605053 0.03679087 0.1112783 0.7687686 -0.0285277 0.2176484 0.7687686 0.0285275 0.2176484 0.7687686 -0.0285277 0.1112783 0.7687686 0.0285275 0.2176484 0.7687686 -0.0285277 0.2176484 0.7605053 -0.03679107 0.2176484 0.7341752 -0.2238985 0.1112783 0.7341752 -0.2238985 0.1112783 0.7424385 -0.2156351 0.2176484 0.7424385 -0.2156351 0.2176484 0.7424385 0.2156349 0.1112783 0.7424385 0.2156349 0.1112783 0.7341753 0.2238983 0.2176484 0.7341753 0.2238983 0.1112783 0.7605053 -0.03679107 0.2176484 0.7687686 -0.0285277 0.2176484 0.7605053 -0.03679107 0.1112783 0.7687686 -0.0285277 0.1112783 0.7687686 0.0285275 0.2176484 0.7605053 0.03679087 0.2176484 0.7687686 0.0285275 0.1112783 0.7605053 0.03679087 0.1112783 0.7424385 0.2156349 0.1112783 0.7105941 0.03679088 0.1112783 0.7105942 0.2238983 0.1112783 0.7341753 0.2238983 0.1112783 0.7424385 0.03679087 0.11828 0.7687686 0.230727 0.2082807 0.7680941 0.03241613 0.120646 0.7680941 0.03241613 0.2106467 0.7687686 0.230727 0.114003 0.749756 0.03241613 0.1112783 0.7494403 0.230727 0.114003 0.7614512 0.03241613 0.1112783 0.7617669 0.230727 0.2176484 0.7617669 0.230727 0.2149237 0.749756 0.03241613 0.2149237 0.7614512 0.03241613 0.2176484 0.7494403 0.230727 0.2106467 0.7617669 0.2384542 0.11828 0.7617669 0.2384542 0.11828 0.7494403 0.2384542 0.2106467 0.7494403 0.2384542 0.11828 0.7424385 0.230727 0.11828 0.7494403 0.2384542 0.1112783 0.7494403 0.230727 0.2106467 0.7424385 0.230727 0.2176484 0.7494403 0.230727 0.2106467 0.7494403 0.2384542 0.11828 0.7687686 0.230727 0.1112783 0.7617669 0.230727 0.11828 0.7617669 0.2384542 0.2106467 0.7687686 0.230727 0.2106467 0.7617669 0.2384542 0.2176484 0.7617669 0.230727 0.2106467 0.7494403 0.2384542 0.11828 0.7424385 0.230727 0.2106467 0.7424385 0.230727 0.11828 0.7494403 0.2384542 0.2106467 0.7687686 0.230727 0.11828 0.7687686 0.230727 0.11828 0.7617669 0.2384542 0.2106467 0.7617669 0.2384542 0.2106467 0.7617669 0.2384542 0.2176484 0.7494403 0.230727 0.2176484 0.7617669 0.230727 0.2106467 0.7494403 0.2384542 0.11828 0.7617669 0.2384542 0.1112783 0.7617669 0.230727 0.11828 0.7494403 0.2384542 0.1112783 0.7494403 0.230727 0.2149237 0.7614512 0.03241613 0.2106467 0.7687686 0.230727 0.2176484 0.7617669 0.230727 0.2082807 0.7680941 0.03241613 0.2176484 0.7494403 0.230727 0.2082807 0.743113 0.03241613 0.2149237 0.749756 0.03241613 0.2106467 0.7424385 0.230727 0.1112783 0.7494403 0.230727 0.114003 0.749756 0.03241613 0.120646 0.743113 0.03241613 0.11828 0.7424385 0.230727 0.114003 0.7614512 0.03241613 0.11828 0.7687686 0.230727 0.120646 0.7680941 0.03241613 0.1112783 0.7617669 0.230727 0.11828 0.7424385 0.230727 0.120646 0.743113 0.03241613 0.2106467 0.7424385 0.230727 0.2082807 0.743113 0.03241613 0.1182801 0.7687686 -0.2307272 0.2074028 0.7678439 -0.02604201 0.2106467 0.7687686 -0.2307272 0.1215239 0.7678439 -0.02604202 0.2139126 0.7498731 -0.026042 0.2176484 0.7494402 -0.2307271 0.2139126 0.761334 -0.026042 0.2176484 0.7617669 -0.2307271 0.115014 0.761334 -0.02604202 0.1112783 0.7494402 -0.2307272 0.115014 0.7498731 -0.02604202 0.1112783 0.7617669 -0.2307272 0.1182801 0.7617669 -0.2384544 0.2106467 0.7617669 -0.2384544 0.2106467 0.7494402 -0.2384544 0.1182801 0.7494402 -0.2384544 0.2106467 0.7424385 -0.2307272 0.2106467 0.7494402 -0.2384544 0.2176484 0.7494402 -0.2307271 0.1182801 0.7424385 -0.2307272 0.1112783 0.7494402 -0.2307272 0.1182801 0.7494402 -0.2384544 0.2106467 0.7687686 -0.2307272 0.2176484 0.7617669 -0.2307271 0.2106467 0.7617669 -0.2384544 0.1182801 0.7687686 -0.2307272 0.1182801 0.7617669 -0.2384544 0.1112783 0.7617669 -0.2307272 0.2106467 0.7424385 -0.2307272 0.1182801 0.7424385 -0.2307272 0.1182801 0.7494402 -0.2384544 0.2106467 0.7494402 -0.2384544 0.2106467 0.7617669 -0.2384544 0.1182801 0.7617669 -0.2384544 0.1182801 0.7687686 -0.2307272 0.2106467 0.7687686 -0.2307272 0.1182801 0.7617669 -0.2384544 0.1112783 0.7494402 -0.2307272 0.1112783 0.7617669 -0.2307272 0.1182801 0.7494402 -0.2384544 0.2106467 0.7617669 -0.2384544 0.2176484 0.7617669 -0.2307271 0.2106467 0.7494402 -0.2384544 0.2176484 0.7494402 -0.2307271 0.115014 0.761334 -0.02604202 0.1182801 0.7687686 -0.2307272 0.1112783 0.7617669 -0.2307272 0.1215239 0.7678439 -0.02604202 0.1112783 0.7494402 -0.2307272 0.1215239 0.7433632 -0.02604201 0.115014 0.7498731 -0.02604202 0.1182801 0.7424385 -0.2307272 0.2176484 0.7494402 -0.2307271 0.2074028 0.7433632 -0.026042 0.2106467 0.7424385 -0.2307272 0.2139126 0.7498731 -0.026042 0.2139126 0.761334 -0.026042 0.2176484 0.7617669 -0.2307271 0.2106467 0.7687686 -0.2307272 0.2074028 0.7678439 -0.02604201 0.1182801 0.7424385 -0.2307272 0.2074028 0.7433632 -0.026042 0.1215239 0.7433632 -0.02604201 0.2106467 0.7424385 -0.2307272 0.3613358 0.2054087 0.1958146 0.3519852 0.1914145 0.1958503 0.3181308 0.203468 0.1958447 0.3768399 0.163638 0.1958455 0.2913206 0.2179588 0.1958325 0.3411113 0.2273833 0.1987102 0.3997288 0.1455266 0.1958334 0.3852617 0.1350213 0.1958441 0.3828311 0.1066375 0.1958447 0.3835782 0.2018128 0.1985249 0.4091489 0.1593455 0.1987102 0.3871808 0.07550608 0.1958163 0.3519851 0.06366631 0.1958503 0.3725915 0.0852543 0.195841 0.3210098 0.03540478 0.1958258 0.4094599 0.09743281 0.1986817 0.2252832 0.09026208 0.1958351 0.2333778 0.1187152 0.1958442 0.2463476 0.08316896 0.1958556 0.2187329 0.1432252 0.1958351 0.2884029 0.2010655 0.1958447 0.2670198 0.190826 0.195841 0.2427112 0.1909015 0.1958351 0.389949 0.173612 0.3123444 0.3692351 0.1749891 0.3123255 0.3846505 0.1425273 0.3123198 0.3989067 0.1030946 0.3123445 0.3443908 0.2122425 0.3123334 0.4137024 0.1275404 0.309415 0.4091489 0.1593455 0.3094599 0.3839564 0.1126915 0.3123291 0.3760766 0.09033076 0.3123255 0.2656807 0.04592321 0.3123402 0.2463476 0.08316899 0.3123146 0.2252834 0.09026224 0.312335 0.2733271 0.06022884 0.3123265 0.3004808 0.0516128 0.3123255 0.3166544 0.03660608 0.3123308 0.2183521 0.1364985 0.3123312 0.2092889 0.09720053 0.309534 0.2346554 0.1126915 0.3123291 0.2430008 0.04674716 0.309534 0.2341583 0.1444416 0.3123162 0.2377712 0.1862474 0.3123412 0.2562127 0.1833429 0.3123162 0.2913207 0.2179586 0.3123377 0.2513063 0.2143429 0.309415 0.3241548 0.05288995 0.3123291 0.3374256 0.07493193 0.2947005 0.3151335 0.0683713 0.2947018 0.3004808 0.0516128 0.3123255 0.2919893 0.0704559 0.2947017 0.2733271 0.06022884 0.3123265 0.3760766 0.09033076 0.3123255 0.3559897 0.09057884 0.2947004 0.3519851 0.06366624 0.3123199 0.3662023 0.110281 0.294703 0.3839564 0.1126915 0.3123291 0.318131 0.05161282 0.1958447 0.2910244 0.07087185 0.2134698 0.3195444 0.06841813 0.2134756 0.3519851 0.06366631 0.1958503 0.3506661 0.08406947 0.2134746 0.3692351 0.1749891 0.3123255 0.3617416 0.1555678 0.2947026 0.3846505 0.1425273 0.3123198 0.3427431 0.1775827 0.294694 0.3686681 0.1333869 0.2946977 0.3465155 0.1943112 0.3123255 0.314102 0.1868913 0.2947004 0.2463476 0.08316896 0.1958556 0.2520292 0.1112569 0.2134676 0.2658365 0.08618178 0.2134769 0.2816089 0.0556677 0.195854 0.2333778 0.1187152 0.1958442 0.2501589 0.1344151 0.2134689 0.2341583 0.1444416 0.3123162 0.2501848 0.1173022 0.2946933 0.2524093 0.1447998 0.2947032 0.2562127 0.1833429 0.3123162 0.2346554 0.1126915 0.3123291 0.2463476 0.08316899 0.3123146 0.2357814 0.148443 0.1958454 0.257292 0.1565265 0.2134689 0.2658392 0.08618428 0.2946895 0.2493762 0.1749892 0.1958442 0.2715882 0.1734995 0.2134691 0.2670198 0.190826 0.195841 0.3519852 0.1914145 0.1958503 0.3471488 0.1736521 0.2134696 0.3195434 0.1866579 0.2134806 0.3768399 0.163638 0.1958455 0.3617403 0.1555671 0.2134691 0.3181296 0.2319546 0.3094599 0.286698 0.241198 0.3011164 0.2775005 0.2273833 0.3094599 0.3574158 0.2206297 0.3094599 0.2884029 0.2010656 0.3123255 0.3181309 0.203468 0.3123255 0.3893774 0.1951329 0.3094599 0.3465155 0.1943112 0.3123255 0.3339371 0.2513701 0.2341235 0.3334113 0.2487264 0.2194734 0.3081812 0.2526712 0.2236335 0.3582305 0.2427158 0.2845366 0.3561523 0.2435766 0.2236335 0.3319138 0.241198 0.2070537 0.3198845 0.2433615 0.3012603 0.3912485 0.209483 0.3011164 0.3634024 0.2304968 0.3012603 0.3778816 0.2321009 0.2227438 0.3969915 0.2168166 0.2236335 0.3993871 0.2014683 0.2069807 0.3628168 0.2309928 0.2072057 0.3004822 0.2319546 0.1987102 0.4242465 0.1768743 0.2231256 0.4205198 0.1604782 0.2067246 0.4124134 0.1983502 0.2231256 0.4142836 0.1976843 0.2740466 0.398582 0.215226 0.2845366 0.4120425 0.1961868 0.2886967 0.4254656 0.1739313 0.2850446 0.3796644 0.2309097 0.2854264 0.4112367 0.1828899 0.3014455 0.4318129 0.1514723 0.2856844 0.4331356 0.1521717 0.2341235 0.430492 0.1516458 0.2194734 0.4341881 0.1275404 0.2229749 0.4251903 0.1275404 0.2070537 0.4137024 0.1275404 0.1987551 0.4328662 0.1275404 0.2886967 0.4355616 0.1275404 0.2740466 0.4253732 0.1394479 0.3009622 0.4201542 0.09391495 0.3016854 0.4318484 0.1024926 0.2851314 0.432284 0.1047025 0.2231256 0.4234607 0.08025592 0.2194734 0.4201542 0.09391488 0.2064847 0.4127235 0.05708623 0.2236335 0.4056602 0.0631585 0.2070537 0.4259509 0.07922443 0.2341235 0.4139732 0.05895657 0.2845366 0.3985821 0.03826418 0.2740466 0.3827915 0.03799782 0.2064847 0.424592 0.07978732 0.2859858 0.3961084 0.06954079 0.1987551 0.4093229 0.0972006 0.309534 0.3904376 0.06077554 0.309387 0.4056602 0.06315851 0.3011165 0.3605236 0.05088749 0.3123377 0.3492235 0.03025544 0.3095615 0.3756111 0.04674723 0.1986361 0.3536529 0.0204772 0.2070537 0.3492567 0.03109056 0.1987551 0.3966762 0.04017014 0.2886967 0.3975421 0.03930425 0.2221843 0.3778816 0.02297991 0.2854263 0.3793421 0.02391131 0.2230388 0.3822963 0.03739685 0.3014455 0.3438552 0.01648732 0.3012603 0.3561523 0.01150415 0.2845366 0.3104306 0.2526713 0.2845366 0.2859638 0.2503844 0.2854263 0.2987272 0.2433615 0.2069098 0.2838608 0.2499661 0.2227438 0.2624595 0.2435766 0.2845366 0.255795 0.2309928 0.2072057 0.2603813 0.2427158 0.2236335 0.3004819 0.02312622 0.3094599 0.3519851 0.06366624 0.3123199 0.3241548 0.05288995 0.3123291 0.298727 0.01171933 0.3012603 0.332648 0.004696319 0.2854264 0.3181298 0.02312619 0.1987102 0.2747566 0.01648733 0.2069098 0.2775005 0.02769749 0.1987102 0.318131 0.05161282 0.1958447 0.2601543 0.04986405 0.1958351 0.2816089 0.0556677 0.195854 0.3198847 0.01171934 0.2069098 0.2693551 0.03109057 0.309415 0.2624595 0.01150414 0.2236335 0.2852005 0.006354343 0.2194734 0.2846746 0.003710717 0.2341235 0.2358203 0.03799785 0.2064847 0.3104306 0.002409561 0.2236335 0.2603813 0.01236495 0.2845366 0.2225033 0.06954079 0.1987551 0.2649589 0.02047721 0.3011165 0.2430007 0.0467472 0.1986361 0.2129516 0.0631585 0.2070537 0.2219356 0.04017013 0.2194734 0.2411448 0.0226631 0.2231256 0.2058883 0.05708626 0.2236335 0.2200297 0.03826417 0.2341235 0.2046385 0.05895662 0.2845366 0.2086274 0.09864444 0.1986808 0.1985356 0.09313999 0.2067246 0.1931457 0.1385052 0.207208 0.2051082 0.1395121 0.1987827 0.1881198 0.103435 0.2194734 0.1943653 0.07820639 0.2231256 0.1854762 0.1029091 0.2341235 0.1933761 0.08068107 0.2854263 0.1984576 0.09391491 0.3016854 0.1863278 0.1047025 0.2850446 0.2129516 0.06315852 0.3011165 0.1934848 0.1381194 0.3012603 0.1841751 0.1286651 0.2845366 0.1841751 0.1264157 0.2236336 0.1863278 0.1503783 0.2231256 0.2066547 0.1815421 0.2067246 0.2092889 0.1578803 0.309534 0.2022427 0.1718874 0.3011164 0.2049094 0.1275404 0.309415 0.1868801 0.1529855 0.2854263 0.2271617 0.192754 0.3093875 0.2216778 0.1856703 0.1986086 0.2357814 0.148443 0.1958454 0.2065693 0.1961868 0.2886967 0.1941305 0.176465 0.2845366 0.2206929 0.2029022 0.3011863 0.2065693 0.1961868 0.2194734 0.2200298 0.215226 0.2236336 0.2273633 0.209483 0.2070537 0.1931462 0.1739313 0.2231256 0.2043281 0.1976843 0.2341235 0.2493762 0.1749892 0.1958442 0.2043281 0.1976843 0.2740466 0.2216203 0.2168166 0.2845366 0.2389474 0.2309097 0.2227438 0.2596521 0.2201385 0.1987831 0.2407302 0.2321009 0.2854264 0.255795 0.2309928 0.3009644 0.334751 0.2499661 0.2854263 0.2358204 0.03799774 0.3016854 0.220133 0.03988363 0.2854263 0.2392697 0.02391132 0.2851314 0.2838608 0.005114612 0.2854264 0.3081812 0.002409565 0.2845366 0.334751 0.005114633 0.2227438 0.3582304 0.01236494 0.2236335 0.3617416 0.1555678 0.2947026 0.3151335 0.0683713 0.2947018 0.3662023 0.110281 0.294703 0.2524093 0.1447998 0.2947032 0.3686681 0.1333869 0.2946977 0.2919893 0.0704559 0.2947017 0.3559897 0.09057884 0.2947004 0.314102 0.1868913 0.2947004 0.291024 0.1842102 0.2947018 0.2658413 0.1688946 0.2946865 0.2658392 0.08618428 0.2946895 0.3427431 0.1775827 0.294694 0.3374256 0.07493193 0.2947005 0.2501848 0.1173022 0.2946933 0.3852617 0.1350213 0.1958441 0.3686722 0.1333874 0.2134681 0.2910244 0.07087185 0.2134698 0.2715882 0.1734995 0.2134691 0.3617403 0.1555671 0.2134691 0.3659745 0.1092589 0.2134698 0.3506661 0.08406947 0.2134746 0.3195444 0.06841813 0.2134756 0.2501589 0.1344151 0.2134689 0.257292 0.1565265 0.2134689 0.2520292 0.1112569 0.2134676 0.2910236 0.1842112 0.2134672 0.3471488 0.1736521 0.2134696 0.3686722 0.1333874 0.2134681 0.3195434 0.1866579 0.2134806 0.2658365 0.08618178 0.2134769 0.3659745 0.1092589 0.2134698 0.3828311 0.1066375 0.1958447 0.3725915 0.0852543 0.195841 0.3181309 0.203468 0.3123255 0.2884029 0.2010656 0.3123255 0.291024 0.1842102 0.2947018 0.2658413 0.1688946 0.2946865 0.2910236 0.1842112 0.2134672 0.3181308 0.203468 0.1958447 0.2884029 0.2010655 0.1958447 0.2225033 0.0695408 0.309415 0.3613358 0.2054086 -0.1958717 0.3997288 0.1455265 -0.1958905 0.3835782 0.2018128 -0.1985819 0.2913206 0.2179588 -0.1958895 0.3181308 0.2034679 -0.1959018 0.3519852 0.1914144 -0.1959074 0.3768399 0.163638 -0.1959026 0.3852617 0.1350213 -0.1959012 0.4094599 0.09743278 -0.1987388 0.4137024 0.1275404 -0.1988122 0.3871808 0.07550605 -0.1958734 0.3725915 0.08525427 -0.1958981 0.3519851 0.06366628 -0.1959074 0.3210098 0.03540475 -0.1958828 0.3828311 0.1066375 -0.1959018 0.3756111 0.0467472 -0.1986932 0.2252832 0.09026205 -0.1958922 0.2187329 0.1432252 -0.1958922 0.2086274 0.09864441 -0.1987379 0.2333778 0.1187152 -0.1959012 0.2463476 0.08316893 -0.1959127 0.2670198 0.190826 -0.1958981 0.2884029 0.2010655 -0.1959018 0.3411113 0.2273832 -0.1987673 0.3004822 0.2319546 -0.1987673 0.389949 0.1736119 -0.3124015 0.4137024 0.1275404 -0.3094721 0.3989067 0.1030946 -0.3124015 0.3846505 0.1425272 -0.3123769 0.3692351 0.1749891 -0.3123826 0.3760766 0.09033071 -0.3123826 0.3839564 0.1126915 -0.3123861 0.2656807 0.04592317 -0.3123973 0.2252834 0.09026219 -0.3123921 0.2463476 0.08316894 -0.3123716 0.2733271 0.0602288 -0.3123835 0.3004808 0.05161275 -0.3123826 0.3166544 0.03660603 -0.3123879 0.2430008 0.04674711 -0.3095911 0.2225033 0.06954076 -0.3094721 0.2346554 0.1126915 -0.3123861 0.2183521 0.1364985 -0.3123882 0.2377712 0.1862473 -0.3123982 0.2341583 0.1444415 -0.3123733 0.2092889 0.09720049 -0.3095911 0.2049094 0.1275404 -0.3094721 0.2562127 0.1833429 -0.3123733 0.3241548 0.0528899 -0.3123861 0.3004808 0.05161275 -0.3123826 0.3151335 0.06837126 -0.2947588 0.2733271 0.0602288 -0.3123835 0.2919893 0.07045585 -0.2947587 0.3760766 0.09033071 -0.3123826 0.3519851 0.06366619 -0.3123769 0.3559897 0.09057879 -0.2947575 0.3662023 0.110281 -0.2947601 0.3374256 0.07493188 -0.2947576 0.3839564 0.1126915 -0.3123861 0.3686681 0.1333869 -0.2947548 0.3846505 0.1425272 -0.3123769 0.318131 0.05161279 -0.1959018 0.3519851 0.06366628 -0.1959074 0.3195444 0.0684181 -0.2135327 0.2910244 0.07087182 -0.2135268 0.2816089 0.05566767 -0.1959111 0.3506661 0.08406944 -0.2135317 0.3692351 0.1749891 -0.3123826 0.3617416 0.1555678 -0.2947597 0.3427431 0.1775826 -0.2947511 0.3465155 0.1943111 -0.3123826 0.314102 0.1868913 -0.2947575 0.3181309 0.203468 -0.3123826 0.2463476 0.08316893 -0.1959127 0.2658365 0.08618175 -0.2135339 0.2520292 0.1112568 -0.2135247 0.2333778 0.1187152 -0.1959012 0.2501589 0.1344151 -0.213526 0.2341583 0.1444415 -0.3123733 0.2524093 0.1447998 -0.2947603 0.2501848 0.1173022 -0.2947503 0.2562127 0.1833429 -0.3123733 0.2658413 0.1688945 -0.2947436 0.2346554 0.1126915 -0.3123861 0.2463476 0.08316894 -0.3123716 0.2357814 0.148443 -0.1959025 0.257292 0.1565264 -0.213526 0.2658392 0.08618424 -0.2947466 0.2493762 0.1749892 -0.1959012 0.2715882 0.1734994 -0.2135262 0.2670198 0.190826 -0.1958981 0.2910236 0.1842112 -0.2135243 0.2884029 0.2010655 -0.1959018 0.3519852 0.1914144 -0.1959074 0.3195434 0.1866579 -0.2135377 0.3471488 0.173652 -0.2135267 0.3768399 0.163638 -0.1959026 0.3181296 0.2319546 -0.3095169 0.286698 0.241198 -0.3011735 0.3198845 0.2433615 -0.3013174 0.2775005 0.2273832 -0.3095169 0.3574158 0.2206297 -0.3095169 0.3443908 0.2122425 -0.3123904 0.2913207 0.2179585 -0.3123948 0.3181309 0.203468 -0.3123826 0.3465155 0.1943111 -0.3123826 0.3893774 0.1951329 -0.3095169 0.2884029 0.2010655 -0.3123826 0.2513063 0.2143429 -0.3094721 0.3339371 0.25137 -0.2341806 0.3334113 0.2487264 -0.2195305 0.3561523 0.2435766 -0.2236906 0.3081812 0.2526712 -0.2236906 0.334751 0.2499661 -0.2854834 0.3104306 0.2526712 -0.2845937 0.3582305 0.2427158 -0.2845937 0.3319138 0.241198 -0.2071108 0.3628168 0.2309928 -0.2072628 0.3634024 0.2304967 -0.3013174 0.3912485 0.209483 -0.3011735 0.3778816 0.2321008 -0.2228009 0.3796644 0.2309096 -0.2854834 0.3993871 0.2014683 -0.2070378 0.4091489 0.1593455 -0.1987673 0.3969915 0.2168165 -0.2236906 0.4242465 0.1768743 -0.2231827 0.4124134 0.1983502 -0.2231826 0.398582 0.215226 -0.2845937 0.4142836 0.1976842 -0.2741037 0.4120425 0.1961867 -0.2887538 0.4254656 0.1739312 -0.2851016 0.4112367 0.1828898 -0.3015026 0.4331356 0.1521716 -0.2341806 0.4091489 0.1593455 -0.3095169 0.4318129 0.1514723 -0.2857414 0.4253732 0.1394479 -0.3010193 0.430492 0.1516458 -0.2195305 0.4205198 0.1604782 -0.2067817 0.4251903 0.1275404 -0.2071108 0.4341881 0.1275403 -0.2230319 0.4355616 0.1275404 -0.2741037 0.4328662 0.1275404 -0.2887538 0.432284 0.1047025 -0.2231826 0.4318484 0.1024925 -0.2851885 0.4201542 0.09391491 -0.3017424 0.4234607 0.08025589 -0.2195305 0.4201542 0.09391485 -0.2065418 0.3961084 0.06954076 -0.1988122 0.4056602 0.06315847 -0.2071108 0.4127235 0.0570862 -0.2236906 0.4259509 0.07922439 -0.2341806 0.3827915 0.03799779 -0.2065418 0.3975421 0.03930422 -0.2222414 0.3985821 0.03826413 -0.2741037 0.4139732 0.05895653 -0.2845937 0.424592 0.07978727 -0.2860429 0.4093229 0.09720055 -0.3095911 0.3904376 0.06077549 -0.3094441 0.4056602 0.06315847 -0.3011735 0.3492235 0.03025539 -0.3096185 0.3605236 0.05088744 -0.3123948 0.3492567 0.03109053 -0.1988122 0.3536529 0.02047717 -0.2071108 0.3966762 0.04017009 -0.2887538 0.3793421 0.02391127 -0.2230958 0.3778816 0.02297987 -0.2854834 0.3822963 0.0373968 -0.3015026 0.3561523 0.0115041 -0.2845937 0.3438552 0.01648728 -0.3013174 0.2859638 0.2503844 -0.2854834 0.2838608 0.2499661 -0.2228009 0.2987272 0.2433614 -0.2069669 0.2624595 0.2435766 -0.2845937 0.3004819 0.02312618 -0.3095169 0.3241548 0.0528899 -0.3123861 0.3519851 0.06366619 -0.3123769 0.298727 0.01171929 -0.3013174 0.3181298 0.02312616 -0.1987673 0.2747566 0.0164873 -0.2069669 0.3198847 0.01171931 -0.2069669 0.2775005 0.02769746 -0.1987673 0.2816089 0.05566767 -0.1959111 0.2601543 0.04986402 -0.1958922 0.318131 0.05161279 -0.1959018 0.2693551 0.03109052 -0.3094721 0.2430007 0.04674717 -0.1986932 0.2358203 0.03799782 -0.2065418 0.2624595 0.01150411 -0.2236906 0.2411448 0.02266307 -0.2231827 0.2846746 0.003710682 -0.2341806 0.2852005 0.00635431 -0.2195305 0.2603813 0.01236491 -0.2845937 0.2838608 0.005114569 -0.2854834 0.3081812 0.002409522 -0.2845937 0.2225033 0.06954076 -0.1988122 0.2129516 0.06315847 -0.2071108 0.2219356 0.0401701 -0.2195305 0.2392697 0.02391128 -0.2851885 0.2058883 0.05708623 -0.2236906 0.2200297 0.03826414 -0.2341806 0.220133 0.03988359 -0.2854834 0.2046385 0.05895657 -0.2845937 0.2051082 0.1395121 -0.1988397 0.1881198 0.1034349 -0.2195305 0.1931457 0.1385051 -0.207265 0.1841751 0.1264156 -0.2236906 0.1943653 0.07820636 -0.2231826 0.1985356 0.09313996 -0.2067817 0.1933761 0.08068103 -0.2854834 0.1854762 0.1029091 -0.2341806 0.1863278 0.1047024 -0.2851017 0.1984576 0.09391486 -0.3017425 0.2129516 0.06315847 -0.3011735 0.1934848 0.1381193 -0.3013174 0.1841751 0.1286651 -0.2845936 0.1863278 0.1503782 -0.2231826 0.2066547 0.1815421 -0.2067817 0.1931462 0.1739313 -0.2231826 0.1868801 0.1529854 -0.2854834 0.2092889 0.1578802 -0.3095911 0.2022427 0.1718874 -0.3011735 0.2271617 0.192754 -0.3094445 0.2216778 0.1856703 -0.1986657 0.2596521 0.2201384 -0.1988402 0.2273633 0.209483 -0.2071108 0.2427112 0.1909015 -0.1958922 0.2357814 0.148443 -0.1959025 0.2206929 0.2029022 -0.3012434 0.2065693 0.1961867 -0.2887538 0.2065693 0.1961867 -0.2195305 0.1941305 0.176465 -0.2845937 0.2043281 0.1976842 -0.2341806 0.2493762 0.1749892 -0.1959012 0.2043281 0.1976842 -0.2741037 0.2216203 0.2168165 -0.2845937 0.2200298 0.215226 -0.2236906 0.2389474 0.2309096 -0.2228009 0.255795 0.2309928 -0.3010215 0.2407302 0.2321008 -0.2854834 0.255795 0.2309928 -0.2072628 0.2603813 0.2427158 -0.2236906 0.2358204 0.03799769 -0.3017425 0.2649589 0.02047717 -0.3011735 0.3104306 0.002409527 -0.2236906 0.332648 0.004696276 -0.2854834 0.334751 0.005114599 -0.2228008 0.3582304 0.01236491 -0.2236906 0.3617416 0.1555678 -0.2947597 0.3151335 0.06837126 -0.2947588 0.2524093 0.1447998 -0.2947603 0.314102 0.1868913 -0.2947575 0.3427431 0.1775826 -0.2947511 0.3662023 0.110281 -0.2947601 0.3559897 0.09057879 -0.2947575 0.3374256 0.07493188 -0.2947576 0.2658392 0.08618424 -0.2947466 0.2501848 0.1173022 -0.2947503 0.2919893 0.07045585 -0.2947587 0.291024 0.1842102 -0.2947589 0.2658413 0.1688945 -0.2947436 0.3686681 0.1333869 -0.2947548 0.3617403 0.1555671 -0.2135262 0.3686722 0.1333874 -0.2135252 0.3659745 0.1092589 -0.2135268 0.3828311 0.1066375 -0.1959018 0.3852617 0.1350213 -0.1959012 0.2910244 0.07087182 -0.2135268 0.2715882 0.1734994 -0.2135262 0.2520292 0.1112568 -0.2135247 0.2658365 0.08618175 -0.2135339 0.3617403 0.1555671 -0.2135262 0.2910236 0.1842112 -0.2135243 0.2501589 0.1344151 -0.213526 0.3659745 0.1092589 -0.2135268 0.3686722 0.1333874 -0.2135252 0.3471488 0.173652 -0.2135267 0.3195434 0.1866579 -0.2135377 0.3506661 0.08406944 -0.2135317 0.257292 0.1565264 -0.213526 0.3195444 0.0684181 -0.2135327 0.3725915 0.08525427 -0.1958981 0.291024 0.1842102 -0.2947589 0.2884029 0.2010655 -0.3123826 0.3181308 0.2034679 -0.1959018</float_array>
          <technique_common>
            <accessor count="3380" source="#verts-array-array" stride="3">
              <param type="float" name="X" />
              <param type="float" name="Y" />
              <param type="float" name="Z" />
            </accessor>
          </technique_common>
        </source>
        <source id="normals-array">
          <float_array count="10140" id="normals-array-array">0.07466312 0.1201771 0.9899409 -0.0243631 0.114134 0.9931666 -0.000441207 -0.001581928 0.9999987 -0.001036961 -0.001563567 0.9999982 -0.001265385 -0.0009962598 0.9999987 0.1109887 0.02127402 0.9935939 0.2756894 0.280211 0.9194983 -0.0006429056 -1.664435e-05 0.9999998 0.1054363 -0.07050798 0.9919233 0.348586 -0.09781719 0.9321586 0.3751474 -0.006093962 0.9269452 -0.001612016 0.0005202512 0.9999986 -0.001066036 0.0006506571 0.9999992 -0.001501087 0.002240222 0.9999964 0.01619144 -0.1157291 0.9931488 0.2239947 -0.2820412 0.9328875 -0.1005948 -0.04631735 0.9938488 0.0006947881 6.031762e-05 0.9999998 -0.111486 0.02215917 0.9935189 0.001041414 0.0007650428 0.9999992 -0.3695774 -0.09155329 0.9246786 0.1108049 0.3612928 0.9258454 0.000246199 -0.000487476 0.9999999 0.0003315658 -0.0006977193 0.9999997 -0.03092461 0.3793921 0.924719 0.1097738 0.06138137 -0.9920595 0.1121402 -0.02999483 -0.9932396 -0.001930983 -0.0002822267 -0.9999981 0.3752829 -0.006097519 -0.9268903 -0.0008176013 -0.0006739713 -0.9999994 -0.0007594275 0.0002344736 -0.9999997 -0.001049513 0.000596218 -0.9999993 -0.05513438 -0.1027017 -0.993183 0.0002424887 0.0007195808 -0.9999997 0.0001766588 0.000518678 -0.9999998 0.01075087 -0.1120966 -0.9936392 0.001066268 0.0008882925 -0.999999 -0.0994458 -0.04664391 -0.9939491 -0.2378623 -0.2810811 -0.9297392 -0.311831 -0.2140703 -0.925708 0.0004641325 0.0001092616 -0.9999999 -0.1054694 0.01002126 -0.9943721 -0.3573601 -0.105451 -0.9279945 -0.3845782 -0.01514162 -0.9229682 -0.08823816 0.07310769 -0.993413 0.0009931679 -0.0003232308 -0.9999995 0.0009410077 -0.00116301 -0.9999989 -0.1446163 0.6723428 -0.7259761 0.08185612 0.6809296 -0.7277599 -0.06928517 0.6643555 -0.7441985 0.2034575 0.6336774 -0.7463632 0.3311921 0.6004406 -0.7278619 -0.595483 0.3454907 -0.7252835 -0.3864565 0.5661986 -0.7280594 -0.5261394 0.4259393 -0.7360388 -0.6410322 0.1894579 -0.743763 -0.3081767 0.5931389 -0.7437832 -0.6765065 0.1236853 -0.7259758 -0.666371 -0.05640136 -0.7434841 -0.6714318 -0.1403686 -0.727651 -0.0716549 0.6855439 0.7244965 -0.3633019 0.5732142 0.7344639 -0.118603 0.6616863 0.7403408 0.1940454 0.6370065 0.7460356 0.2490469 0.6335817 0.7324956 -0.455164 0.4801527 0.7498527 -0.5428633 -0.4204067 -0.7270197 -0.592343 -0.320743 -0.7390897 -0.3669265 -0.562697 -0.7407679 -0.3204433 -0.6068267 -0.7273771 -0.06395587 -0.6702126 -0.7394083 -0.08484231 -0.6718195 -0.7358399 0.5619055 0.398727 0.7247613 0.4780748 0.4830395 0.7335648 0.6462837 0.1956411 0.737592 0.6856597 0.0878877 0.7225971 0.6657299 -0.07550504 0.7423629 0.657263 -0.1649614 -0.7353863 0.6369764 -0.2223372 -0.7381241 0.6585403 0.1229905 -0.7424271 0.4739931 -0.4878066 -0.7330588 0.5044409 -0.4557868 -0.7333469 0.6808753 0.1402274 -0.7188499 0.5567309 0.3823891 -0.7374479 0.6617999 -0.18911 0.7254366 0.5871172 -0.3237208 0.7419556 0.4793097 0.4593751 -0.7478213 0.5408094 -0.4221802 0.7275225 0.4215248 -0.519155 0.7435018 0.3769051 -0.5718407 0.7286568 0.1925446 -0.6429648 0.7412981 0.1709462 -0.6547462 0.7362641 -0.3771674 -0.5680076 0.7315136 -0.1157891 -0.6657495 0.7371367 -0.4297836 -0.5174736 0.7399372 -0.5989154 -0.3264284 0.7312626 0.03552684 0.3732988 -0.9270307 -0.1189285 0.3711382 -0.9209302 -0.1296385 0.6926578 -0.7095203 0.07012221 0.7084354 -0.7022836 0.04085848 0.1018164 -0.9939638 -0.02071413 0.1137973 -0.993288 0.1754494 0.3389642 -0.9242947 -2.109329e-05 -0.0006809762 -0.9999998 -0.0002905573 -0.0004225573 -0.9999999 0.2888933 0.2533605 -0.9232276 -0.2195445 0.3118337 -0.9244241 8.6979e-05 -0.0006556391 -0.9999998 0.1923952 0.978521 0.07403137 0.2066398 0.9282316 -0.3093316 -0.005028822 0.9613811 -0.2751747 0.3694617 0.8876222 -0.2749998 0.1741958 0.8951097 0.4104076 0.3609769 0.890297 0.2776095 -0.005455558 0.9611006 0.2761447 0.1279334 0.686855 0.7154462 0.3313494 0.6203809 0.7108693 0.4909764 0.5083028 -0.7075101 0.3236593 0.6330543 -0.7031976 0.5354589 0.7902635 0.2979385 0.5446356 0.7873121 -0.2889839 0.5550037 0.443401 0.7038227 0.3586007 0.131421 0.9241937 0.870417 0.3874184 0.3037783 0.795232 0.5309619 0.2927209 0.661258 0.6958709 0.2801813 0.6788767 0.6814067 -0.2735165 0.8310221 0.5512897 -0.07404006 0.8895188 0.3385026 -0.3068751 0.7566532 0.5117432 -0.4069334 0.6174701 0.3209113 -0.718155 0.9765697 0.1999724 0.0795153 0.9277802 0.2043866 -0.3121699 0.7049073 0.07829582 -0.7049648 0.3786911 0.114394 -0.9184264 0.8980176 0.1711132 0.4053204 0.6710475 0.2112996 0.7106671 0.7071254 -0.004621674 0.7070731 0.9558518 -0.005146442 0.293804 0.9968971 -0.004617811 -0.07858054 0.9100587 -0.01967227 -0.4140122 0.937314 -0.1866124 -0.2943097 0.9413764 -0.1673876 0.2929023 0.6720549 -0.199343 -0.7131652 0.8408891 -0.3570595 0.4067112 0.6712087 -0.196716 0.71469 0.3352064 -0.2255119 0.9147574 0.5860901 -0.4052691 0.7016091 0.7860298 -0.5491871 0.2838145 0.4449281 -0.5439076 0.7114798 0.6821602 -0.6545884 0.3258396 0.9217777 -0.3804023 0.07496627 0.7045483 -0.7057428 -0.07442288 0.8056351 -0.5237542 -0.2768275 0.8759151 -0.3704736 -0.3090665 0.3658093 -0.1174037 -0.9232551 0.2974651 -0.2444282 -0.9229135 0.5934609 -0.3835712 -0.7075855 0.1548024 -0.3638301 -0.9185117 0.07382839 -0.1006367 -0.9921802 0.2802929 -0.655736 0.7010322 0.1467996 -0.3399859 0.9289023 0.6525159 -0.6381458 -0.4086477 0.4997772 -0.8084167 -0.3109424 0.5180757 -0.8012054 0.2994452 0.4206267 -0.5439859 -0.7260527 0.2041212 -0.6794851 -0.704723 0.3745818 -0.8840899 -0.2794164 -0.1766984 0.9407439 -0.2894453 -0.2061834 0.9322384 0.2973549 -0.3527721 0.8956057 -0.2710024 -0.07061285 0.7078006 0.7028742 -0.02663388 -0.3764308 -0.9260618 -0.0001756292 0.0002940582 -0.9999999 -0.0005302737 0.000883604 -0.9999995 -0.05618808 -0.7091839 -0.702781 0.02312007 -0.3916947 0.9198047 -0.1116505 -0.3573156 0.9272862 -0.2185995 -0.673435 0.7061866 0.05793598 -0.708601 0.7032268 -0.0001589047 0.001006439 0.9999995 0.0003207824 0.001467267 0.9999989 -0.05842081 -0.09597752 0.9936676 -0.1449109 -0.3607787 -0.9213249 -0.2380321 -0.2871906 0.9278266 -0.432246 -0.549348 0.7151085 -0.3823868 -0.8782551 0.287138 -0.4994234 -0.8100532 0.3072298 -0.1923945 -0.9785212 0.07403111 -0.1589499 -0.8950317 0.4167172 -0.2018924 -0.9322606 -0.3002158 0.005740909 -0.9611037 -0.2761282 -0.3853904 -0.8795348 -0.2790928 -0.31044 -0.2144872 0.926079 -0.5906965 -0.3912223 0.7057072 -0.6489869 -0.6419358 0.4083313 -0.5178639 -0.8009694 -0.3004414 -0.8005024 -0.5327421 0.2745573 -0.7027013 -0.7076598 0.07367832 -0.8006176 -0.5299534 -0.2795726 -0.6896197 -0.6496578 -0.3199522 -0.3856719 0.04666215 0.9214553 -0.8925198 -0.1664411 0.4191726 -0.8756017 -0.387694 0.2881233 -0.6720452 -0.2091025 0.7103741 -0.7128224 0.06781964 0.6980578 -0.9613623 -0.007443159 0.2751857 -0.882469 -0.3679541 -0.2930158 -0.9774041 -0.1980973 0.07374797 -0.5893053 -0.4058287 -0.698586 -0.938611 -0.1622737 -0.3044285 -0.6740638 -0.199101 -0.7113345 -0.7075183 0.05679885 -0.7044087 -0.9609114 0.0006138838 -0.2768553 -0.9384028 0.1922677 0.287112 -0.9356711 0.2021428 -0.2892366 -0.6302987 0.3036732 0.7144972 -0.893006 0.3343758 0.3012194 -0.362423 0.1144305 -0.9249623 -0.6499204 0.2736988 -0.7090081 -0.3125102 0.2381128 -0.9195867 -0.3241462 0.2170221 0.9207772 -0.08313215 0.0865988 0.9927687 -0.1805366 0.3380723 0.9236415 -0.4842464 0.4981764 0.7192535 0.0005874876 -0.0002104601 0.9999998 -0.7614311 0.5018622 -0.4103134 -0.5334207 0.4714518 -0.7022788 -0.7555434 0.5109765 0.4099478 -0.8893996 0.3662332 -0.273572 -0.830634 0.5512827 0.07832335 0.0003959862 -0.0003369879 0.9999999 -0.8270446 0.5566512 -0.07833731 -0.6610066 0.6962439 -0.2798477 -0.6788759 0.6814076 0.2735164 -0.5442878 0.7869975 0.2904922 -0.3330182 0.6326024 -0.6992232 -0.5349419 0.7910832 -0.2966894 -0.3189298 0.6414695 0.697711 -0.3674482 0.8900556 0.2697829 -0.4464577 -0.5441202 -0.7103581 -0.2802923 -0.6557356 -0.7010329 0.006842694 -0.9616792 0.2740917 0.1656698 -0.9400374 -0.2981328 0.2018859 -0.9358045 0.2889844 0.3830325 -0.8816684 0.2755848 0.0001106074 9.243624e-05 -1 1.192535e-05 -2.944888e-05 -1 -0.00023144 7.278333e-05 -1 5.198867e-05 0.0001098079 -1 0.0004306022 0.0007163752 -0.9999997 0.0001267148 -0.000179075 -1 7.528873e-05 -8.446405e-05 -1 6.75737e-05 -1.485794e-05 -1 -0.0001292471 -8.721413e-05 -1 -0.0005981864 -0.0003441908 -0.9999998 -0.0003640194 -0.000290539 -0.9999999 -7.525397e-05 0.0001050198 -1 -0.001381064 0.001384465 -0.9999981 0.0009462676 0.0001022059 -0.9999995 -0.5939277 -0.3174636 0.7392339 -0.6741948 -0.06658337 0.7355461 -0.6798155 -0.06835409 0.7301908 -0.6327651 0.2078703 0.7459211 -0.6569802 0.1774997 0.7327147 -2.338163e-05 -0.0001333518 1 -3.910452e-07 -2.857134e-05 1 -3.492196e-05 -5.821456e-05 1 -0.0006741511 -0.0006979294 0.9999995 -9.193807e-06 -3.659775e-06 1 1.43131e-05 4.597152e-05 1 -6.426186e-05 4.013162e-05 1 1.209304e-05 -6.113287e-05 1 -0.0002398113 -3.419541e-05 1 7.51139e-05 0.0001924439 1 0.0002991167 0.001383083 0.999999 0.0001284232 -0.0002567284 1 2.136827e-05 -6.817949e-06 1 0.000150632 -0.0003570928 0.9999999 -0.5681744 0.3792013 0.7303316 0.2208971 -0.6370409 -0.7385008 0.1939952 -0.6547431 -0.7305323 -0.07579264 -0.6810838 0.7282721 0.07466312 0.1201769 -0.9899409 -0.001265385 -0.0009964108 -0.9999987 -0.001036961 -0.001563718 -0.9999982 -0.000441207 -0.001582079 -0.9999987 -0.0243631 0.1141338 -0.9931666 0.1108049 0.3612927 -0.9258455 0.1109887 0.02127387 -0.993594 0.2756894 0.2802109 -0.9194984 0.3586007 0.1314209 -0.9241938 -0.001612016 0.0005201003 -0.9999986 -0.0006429056 -1.679534e-05 -0.9999998 0.1054363 -0.07050813 -0.9919233 0.01619144 -0.1157293 -0.9931488 -0.001501087 0.002240071 -0.9999964 -0.001066036 0.0006505062 -0.9999992 0.348586 -0.09781733 -0.9321585 -0.1005948 -0.04631751 -0.9938488 -0.111486 0.02215902 -0.9935189 0.0006947881 6.016663e-05 -0.9999998 0.001041414 0.0007648918 -0.9999992 0.0003315658 -0.0006978703 -0.9999997 0.000246199 -0.000487627 -0.9999999 -0.08313215 0.08659865 -0.9927687 0.1097738 0.06138152 0.9920595 0.3752829 -0.006097379 0.9268903 0.3786911 0.1143942 0.9184264 -0.001930983 -0.0002820757 0.9999981 0.1121402 -0.02999468 0.9932396 0.04085848 0.1018165 0.9939638 -0.0008176013 -0.0006738203 0.9999994 -0.0007594275 0.0002346246 0.9999997 -0.001049513 0.000596369 0.9999993 -0.05513438 -0.1027015 0.9931831 0.0001766588 0.000518829 0.9999998 0.0002424887 0.0007197318 0.9999997 0.001066268 0.0008884435 0.999999 -0.0994458 -0.04664376 0.9939491 0.01075087 -0.1120964 0.9936392 0.0004641325 0.0001094126 0.9999999 -0.2378623 -0.2810809 0.9297392 -0.1054694 0.01002141 0.994372 -0.3573601 -0.1054509 0.9279945 0.0009931679 -0.0003230798 0.9999995 -0.08823816 0.07310784 0.9934129 0.0009410077 -0.001162859 0.9999989 -0.02071413 0.1137974 0.993288 -0.2195445 0.3118339 0.9244241 -0.1446163 0.6723429 0.725976 -0.3081767 0.593139 0.7437831 -0.06928517 0.6643556 0.7441984 0.08185612 0.6809297 0.7277598 0.2034575 0.6336775 0.7463631 0.3311921 0.6004407 0.7278618 -0.595483 0.3454908 0.7252834 -0.6410322 0.189458 0.743763 -0.5261394 0.4259394 0.7360387 -0.3864565 0.5661987 0.7280593 -0.6765065 0.1236854 0.7259758 -0.0716549 0.6855438 -0.7244966 0.1940454 0.6370064 -0.7460357 -0.118603 0.6616862 -0.7403409 -0.3633019 0.5732141 -0.734464 -0.455164 0.4801526 -0.7498528 -0.5428633 -0.4204066 0.7270198 -0.3669265 -0.5626969 0.7407679 -0.592343 -0.3207429 0.7390898 -0.6714318 -0.1403685 0.727651 -0.666371 -0.05640125 0.7434841 -0.3204433 -0.6068266 0.7273772 -0.06395587 -0.6702125 0.7394084 0.5619055 0.3987269 -0.7247614 0.6462837 0.195641 -0.737592 0.4780748 0.4830394 -0.7335649 0.2490469 0.6335816 -0.7324957 0.6856597 0.08788759 -0.7225971 0.6657299 -0.07550515 -0.7423629 0.657263 -0.1649613 0.7353864 0.6585403 0.1229907 0.7424271 0.6369764 -0.2223371 0.7381242 0.4739931 -0.4878065 0.7330589 0.6808753 0.1402275 0.7188498 0.5567309 0.3823892 0.7374478 0.6617999 -0.1891101 -0.7254366 0.5871172 -0.323721 -0.7419556 0.4793097 0.4593752 0.7478212 0.5408094 -0.4221803 -0.7275225 0.4215248 -0.5191551 -0.7435017 0.3769051 -0.5718409 -0.7286567 -0.3771674 -0.5680077 -0.7315135 -0.5989154 -0.3264285 -0.7312625 -0.4297836 -0.5174737 -0.7399372 -0.1157891 -0.6657496 -0.7371366 -0.5939277 -0.3174638 -0.7392338 0.03552684 0.3732989 0.9270306 0.1754494 0.3389644 0.9242947 -0.1296385 0.6926579 0.7095202 -0.1189285 0.3711383 0.9209302 8.6979e-05 -0.0006554881 0.9999998 -2.109329e-05 -0.0006808252 0.9999998 -0.0002905573 -0.0004224063 0.9999999 0.2888933 0.2533607 0.9232275 0.1923952 0.978521 -0.07403152 0.1741958 0.8951097 -0.4104077 -0.005455558 0.9611005 -0.2761449 0.3609769 0.8902969 -0.2776096 0.3694617 0.8876222 0.2749997 0.1279334 0.6868549 -0.7154463 0.07012221 0.7084355 0.7022835 0.4909764 0.5083029 0.70751 0.3236593 0.6330544 0.7031975 0.5354589 0.7902635 -0.2979386 0.661258 0.6958708 -0.2801814 0.5550037 0.4434009 -0.7038228 0.3313494 0.6203808 -0.7108694 -0.03092461 0.379392 -0.9247191 0.870417 0.3874183 -0.3037784 0.6710475 0.2112995 -0.7106671 0.795232 0.5309618 -0.292721 0.8310221 0.5512897 0.07403997 0.6788767 0.6814068 0.2735164 0.7566532 0.5117433 0.4069333 0.8895188 0.3385026 0.306875 0.5446356 0.7873121 0.2889838 0.6174701 0.3209114 0.7181549 0.9277802 0.2043866 0.3121698 0.9765697 0.1999724 -0.07951533 0.8980176 0.1711132 -0.4053205 0.9558518 -0.005146486 -0.293804 0.7071254 -0.004621781 -0.7070731 0.3751474 -0.006094102 -0.9269452 0.9100587 -0.01967221 0.4140122 0.9968971 -0.004617799 0.07858054 0.7049073 0.07829593 0.7049648 0.6720549 -0.1993429 0.7131652 0.937314 -0.1866123 0.2943097 0.9413764 -0.1673877 -0.2929023 0.8408891 -0.3570596 -0.4067111 0.6712087 -0.1967161 -0.7146899 0.7860298 -0.5491872 -0.2838144 0.5860901 -0.4052692 -0.7016091 0.4449281 -0.5439078 -0.7114797 0.9217777 -0.3804023 -0.07496621 0.8056351 -0.5237542 0.2768276 0.7045483 -0.7057428 0.07442299 0.8759151 -0.3704735 0.3090665 0.3352064 -0.225512 -0.9147573 0.3658093 -0.1174036 0.9232551 0.2974651 -0.2444281 0.9229136 0.5934609 -0.3835711 0.7075856 0.07382839 -0.1006365 0.9921803 0.1548024 -0.36383 0.9185118 0.2239947 -0.2820413 -0.9328875 0.2802929 -0.6557362 -0.7010321 0.1467996 -0.339986 -0.9289022 0.6525159 -0.6381458 0.4086477 0.6821602 -0.6545884 -0.3258395 0.4997772 -0.8084167 0.3109425 0.5180757 -0.8012055 -0.2994451 0.4206267 -0.5439858 0.7260528 0.3745818 -0.8840898 0.2794166 0.2041212 -0.679485 0.7047231 -0.005028822 0.9613811 0.2751746 -0.1766984 0.940744 0.2894452 -0.07061285 0.7078005 -0.7028743 -0.2061834 0.9322384 -0.2973551 -0.3527721 0.8956057 0.2710022 -0.3189298 0.6414694 -0.6977111 -0.3674482 0.8900556 -0.269783 -0.02663388 -0.3764307 0.9260619 -0.0005302737 0.000883755 0.9999995 -0.0001756292 0.0002942091 0.9999999 -0.05618808 -0.7091837 0.7027811 0.1656698 -0.9400374 0.2981329 0.02312007 -0.3916949 -0.9198046 -0.2185995 -0.6734351 -0.7061865 -0.1116505 -0.3573157 -0.9272862 -0.0001589047 0.001006288 -0.9999995 0.0003207824 0.001467116 -0.9999989 -0.05842081 -0.09597767 -0.9936676 0.05793598 -0.7086011 -0.7032267 -0.1449109 -0.3607785 0.921325 -0.3823868 -0.8782552 -0.2871379 -0.1589499 -0.8950318 -0.416717 -0.1923945 -0.9785212 -0.07403096 -0.432246 -0.5493481 -0.7151084 0.006842694 -0.9616793 -0.2740915 -0.3853904 -0.8795348 0.2790929 -0.31044 -0.2144873 -0.9260789 -0.2802923 -0.6557355 0.701033 -0.2380321 -0.2871908 -0.9278266 -0.5906965 -0.3912225 -0.7057072 -0.6489869 -0.6419358 -0.4083312 -0.4994234 -0.8100532 -0.3072297 -0.8005024 -0.5327422 -0.2745572 -0.7027013 -0.7076598 -0.07367821 -0.8006176 -0.5299533 0.2795727 -0.3695774 -0.09155343 -0.9246786 -0.7128224 0.06781954 -0.6980578 -0.3856719 0.04666201 -0.9214553 -0.6720452 -0.2091026 -0.7103741 -0.8925198 -0.1664412 -0.4191726 -0.8756017 -0.387694 -0.2881233 -0.9774041 -0.1980974 -0.07374794 -0.882469 -0.3679541 0.2930159 -0.6740638 -0.1991009 0.7113345 -0.938611 -0.1622736 0.3044285 -0.5893053 -0.4058286 0.698586 -0.7075183 0.05679895 0.7044087 -0.9609114 0.0006139256 0.2768553 -0.9613623 -0.007443201 -0.2751857 -0.9384028 0.1922677 -0.2871121 -0.6302987 0.3036731 -0.7144972 -0.6499204 0.2736989 0.7090081 -0.9356711 0.2021428 0.2892366 -0.3845782 -0.01514148 0.9229682 -0.362423 0.1144306 0.9249623 -0.3125102 0.238113 0.9195866 -0.3241462 0.2170219 -0.9207772 0.0005874876 -0.0002106111 -0.9999998 -0.8893996 0.3662333 0.2735719 -0.7614311 0.5018623 0.4103133 -0.5334207 0.4714519 0.7022788 -0.7555434 0.5109764 -0.4099479 -0.6788759 0.6814075 -0.2735165 -0.4842464 0.4981763 -0.7192536 -0.893006 0.3343757 -0.3012195 -0.830634 0.5512827 -0.07832344 0.0003959862 -0.0003371389 -0.9999999 -0.8270446 0.5566512 0.07833722 -0.6610066 0.6962439 0.2798476 -0.5442878 0.7869974 -0.2904924 -0.1805366 0.3380722 -0.9236416 -0.5349419 0.7910832 0.2966892 -0.3330182 0.6326025 0.6992231 0.2066398 0.9282317 0.3093315 -0.4464577 -0.5441201 0.7103582 -0.6896197 -0.6496577 0.3199523 -0.5178639 -0.8009694 0.3004415 -0.2018924 -0.9322606 0.300216 0.005740909 -0.9611036 0.2761284 0.2018859 -0.9358046 -0.2889843 0.3830325 -0.8816684 -0.2755846 0.0001106074 9.258723e-05 1 6.75737e-05 -1.470694e-05 1 0.0009462676 0.0001023569 0.9999995 1.192535e-05 -2.929789e-05 1 -0.00023144 7.293432e-05 1 -0.0001292471 -8.706313e-05 1 0.0001267148 -0.000178924 1 5.198867e-05 0.0001099589 1 -7.525397e-05 0.0001051708 1 -0.0005981864 -0.0003440398 0.9999998 -0.001381064 0.001384616 0.9999981 0.0004306022 0.0007165262 0.9999997 7.528873e-05 -8.431305e-05 1 -0.0003640194 -0.000290388 0.9999999 -0.6798155 -0.0683542 -0.7301908 -0.6741948 -0.06658348 -0.7355461 -2.338163e-05 -0.0001335028 -1 0.0001284232 -0.0002568793 -1 0.000150632 -0.0003572438 -0.9999999 -3.910452e-07 -2.872234e-05 -1 -9.193807e-06 -3.810771e-06 -1 1.209304e-05 -6.128387e-05 -1 -3.492196e-05 -5.836556e-05 -1 -6.426186e-05 3.998062e-05 -1 2.136827e-05 -6.968944e-06 -1 1.43131e-05 4.582052e-05 -1 7.51139e-05 0.0001922929 -1 -0.0002398113 -3.434641e-05 -1 0.0002991167 0.001382932 -0.999999 -0.0006741511 -0.0006980804 -0.9999995 -0.6327651 0.2078702 -0.7459211 -0.6569802 0.1774996 -0.7327147 -0.5681744 0.3792012 -0.7303317 0.1939952 -0.654743 0.7305323 0.2208971 -0.6370407 0.7385009 -0.08484231 -0.6718194 0.73584 0.5044409 -0.4557867 0.733347 0.1925446 -0.6429649 -0.741298 -0.07579264 -0.6810839 -0.728272 0.1709462 -0.6547463 -0.736264 -0.311831 -0.2140702 0.9257081 -0.7036564 0.7036561 0.09866959 -0.7036564 0.7036561 -0.09866983 -0.9193712 0.3808159 -0.09867029 -0.9193712 0.3808159 0.09867005 -0.3808161 0.9193712 0.09866979 -0.3808161 0.9193711 -0.0986701 -0.6540555 0.654055 -0.3800308 -0.8545644 0.3539721 -0.3800309 -0.990406 0.09754662 -0.09788055 -0.990406 0.09754665 0.0978805 -0.6540555 0.6540552 0.3800305 7.493836e-16 1.685874e-07 1 -0.1030904 0.01015367 0.9946202 7.809154e-16 1.685874e-07 1 -0.3826826 1.557545e-07 0.9238799 -0.09801587 1.677756e-07 0.9951849 1.539955e-16 1.685874e-07 1 -0.09984154 0.04135595 0.9941435 0 1.685874e-07 1 -1.855115e-16 1.685874e-07 1 -0.07641547 0.07641562 0.9941435 -0.3896317 0.03837572 0.9201709 -0.002899674 0.01216002 0.9999219 -1.743756e-05 -2.822004e-05 1 -0.0007884719 -0.0005087204 0.9999996 7.6808e-16 1.685874e-07 1 -1.521435e-16 1.685874e-07 1 6.552723e-16 1.685874e-07 1 8.908967e-16 1.685874e-07 1 9.168476e-05 -0.001494222 0.9999989 -0.00031303 -0.002269952 0.9999974 -0.04135575 0.0998418 0.9941435 -0.3668784 0.1519665 0.9177725 -0.2807968 0.280797 0.9177724 -0.04348614 0.2186198 0.9748407 0 1.685874e-07 1 -0.02177765 -0.3661872 -0.9302863 0.06888183 -0.04579681 -0.9965731 -0.003676207 -0.03328142 -0.9994393 -0.04307765 -0.2934642 -0.954999 -0.06457642 -0.3895359 -0.9187446 -0.05921574 -0.4168192 -0.9070586 0.01296563 -0.3867728 -0.9220839 0.01830533 -0.3681763 -0.9295758 -0.02565297 -0.4054617 -0.913752 0.07381263 -0.4277895 -0.9008595 0.06044688 -0.3945057 -0.9169032 0.03851085 -0.4349314 -0.8996397 -3.871965e-07 -0.4725802 -0.8812877 0 -0.4725809 -0.8812873 -0.1353055 -0.125428 -0.9828328 -0.01389164 -0.03147083 -0.9994081 -0.1131944 -0.1453112 -0.9828895 -0.3021559 -0.1563089 -0.940356 -0.2126497 -0.234896 -0.9484746 -0.05927368 -0.4082327 -0.9109515 0.003435958 -0.03329117 -0.9994398 2.872803e-07 -0.4725814 -0.881287 0.04112911 -0.300538 -0.9528826 0 -0.4725809 -0.8812873 0 -0.4725809 -0.8812873 2.184448e-17 -1 1.685874e-07 1.430598e-17 -1 1.685874e-07 2.455393e-17 -1 1.685874e-07 0 -1 1.685874e-07 -8.247389e-18 -1 1.685874e-07 8.634694e-18 -1 1.685874e-07 -7.605034e-17 -1 1.685874e-07 9.383504e-17 -1 1.685874e-07 0 -1 1.685874e-07 3.109556e-16 -1 1.685874e-07 3.120378e-16 -1 1.685874e-07 5.789648e-16 -1 1.685874e-07 0.05404777 0.1875037 0.9807758 0.1179579 0.3497959 0.9293701 0.1814941 0.01761548 0.9832343 -0.002746999 0.2351229 0.9719618 -0.003611206 0.3326049 0.9430594 2.880713e-07 0.364979 0.9310158 0.01577316 0.2368595 0.9714159 0.04033948 0.2112422 0.976601 -0.06004014 0.1519518 0.9865626 0.001237465 0.6109502 0.7916681 0.003611454 0.3326044 0.9430595 0.003368658 0.2345313 0.9721027 6.204577e-09 0.1953894 0.9807257 -0.1641931 -0.02613331 0.986082 -0.1262398 0.2901709 0.9486118 0 0.9946609 -0.1031978 -0.07838574 0.9943863 0.07107404 0 0.9946609 0.1031975 0.07838825 0.9943859 -0.07107651 0.07838825 0.994386 0.07107617 5.343629e-08 0.9187588 -0.3948192 0.2505367 0.9368845 -0.2438829 5.343629e-08 0.918759 0.3948189 0.2505367 0.9368846 0.2438826 -0.9088764 -0.2991133 0.2906456 -0.8292004 -0.2062722 0.5194984 -0.8969634 -0.2844451 0.3384489 -0.8263278 -0.2011404 0.5260465 -0.7618228 -0.1474589 0.6307788 4.857011e-18 -1 1.685874e-07 0.7148864 -0.6992406 1.178832e-07 0.7148864 -0.6992406 1.178832e-07 0.7148864 -0.6992406 1.178832e-07 0.7148864 -0.6992406 1.178832e-07 0.7148864 -0.6992406 1.178832e-07 -8.236978e-16 1 -1.685874e-07 1.697949e-16 1 -1.685874e-07 -1.255842e-16 1 -1.685874e-07 -1.964975e-15 1 -1.685874e-07 -1.155912e-15 1 -1.685874e-07 2.835621e-16 1 -1.685874e-07 2.5238e-16 1 -1.685874e-07 9.311296e-18 1 -1.685874e-07 -1.304487e-15 1 -1.685874e-07 -1.174334e-15 1 -1.685874e-07 2.674006e-16 1 -1.685874e-07 5.224712e-16 1 -1.685874e-07 -0.1013639 0.9528667 -0.2859553 -0.121697 0.9898239 -0.07374662 -6.098641e-16 1 -1.685874e-07 2.402243e-16 1 -1.685874e-07 -6.422412e-17 1 -1.685874e-07 -2.574016e-17 1 -1.685874e-07 -4.014616e-16 1 -1.685874e-07 -0.1013639 0.9528668 0.285955 1.321014e-16 1 -1.685874e-07 0.7780561 -0.6281948 1.059057e-07 0.7780561 -0.6281948 1.059057e-07 0.7780561 -0.6281948 1.059057e-07 0.7780561 -0.6281948 1.059057e-07 2.429504e-17 -1 1.685874e-07 -2.43631e-17 -1 1.685874e-07 -1.342476e-17 -1 1.685874e-07 1.386279e-17 -1 1.685874e-07 -2.788644e-17 -1 1.685874e-07 0 -1 1.685874e-07 2.788644e-17 -1 1.685874e-07 -0.7028506 -0.7092097 -0.05497826 -0.707184 -0.7016793 0.08681553 -0.7028506 -0.7092097 0.0549785 -0.6813257 -0.6800385 0.2708189 -0.707184 -0.7016793 -0.0868153 -0.6813257 -0.6800386 -0.2708187 -0.6763729 -0.6761333 -0.2921704 0.001870446 -0.002511449 0.9999951 0.0009236341 -0.002686875 0.999996 0.0001974517 -0.002829536 0.999996 0.0006861065 -0.001153491 0.9999991 0.001004027 -0.0007290797 0.9999992 0.0008478519 0.8844333 0.4666659 0.001233777 0.9522796 0.3052245 0.0002587167 0.8734109 0.4869839 0.001604282 0.9540431 0.2996652 -0.09706873 0.4489505 0.8882686 -0.01624682 0.2365317 0.9714879 -0.0403395 0.2112422 0.976601 3.229741e-17 -1 1.685874e-07 0.02153681 -0.02827753 -0.9993681 0.2319096 -0.06529216 -0.9705436 0.1698958 -0.06960914 -0.9830005 6.929665e-06 -0.4725739 -0.881291 4.089615e-08 -0.472581 -0.8812872 5.968751e-06 -0.4725749 -0.8812905 -2.872803e-07 -0.4725814 -0.881287 0 -0.4725809 -0.8812873 -0.9205837 0.09067012 -0.3798744 -0.9951849 2.724576e-07 0.09801549 -0.8545646 0.3539727 0.3800299 -0.3539723 0.8545644 0.3800306 -0.121697 0.9898239 0.07374629 -0.3539723 0.8545643 -0.3800309 -8.560895e-17 -1 1.685874e-07 -3.154482e-16 -1 1.685874e-07 6.894358e-17 -1 1.685874e-07 4.512608e-17 -1 1.685874e-07 -4.82485e-17 -1 1.685874e-07 -1.670901e-16 -1 1.685874e-07 -1.231388e-16 -1 1.685874e-07 0.9085476 -0.4177815 7.043269e-08 0.9790897 0.1187098 0.1652011 0.9790897 0.1187099 -0.1652011 0.8618872 0.2492637 0.4416084 0.8610362 0.4877671 0.1438747 0.9503978 0.3030422 -0.07006806 0.9085476 -0.4177814 7.043269e-08 0.8610362 0.487767 -0.1438749 0.8618872 0.2492636 -0.4416085 0.8272171 -0.5618825 9.472631e-08 0.9532331 0.07814013 0.2919601 0.9641054 0.07078477 0.2559106 0.8901068 0.1185455 0.4400646 0.8387212 0.1382046 0.5267317 -0.053324 0.1881565 0.9806904 0.1073927 0.382432 0.9177214 0.05924797 0.152981 0.9864515 -0.01413658 -0.850993 0.5249867 -0.01382828 -0.7300306 0.6832746 -0.01098345 -0.7502231 0.6610935 -0.01692691 -0.8347021 0.5504415 0.9063853 -0.2951694 0.3022261 0.8935402 -0.2799502 0.3510183 0.8231651 -0.2008412 0.5310952 0.8197217 -0.1952513 0.5384546 0.01383116 -0.718091 0.6958118 0.0141409 -0.8418145 0.5395817 0.01091075 -0.7388612 0.6737693 0.01708356 -0.824377 0.5657832 0.01120874 -0.6267818 0.7791142 -0.001639971 0.9599253 -0.2802512 -0.001275418 0.9582711 -0.285858 -0.0008871092 0.8929774 -0.4501006 -0.0003066625 0.8824356 -0.4704332 -0.0003919437 0.8359432 -0.5488159 0.001736846 0.2668939 0.9637243 0.002199116 0.2665889 0.9638078 0.001627379 0.2669662 0.9637045 0.001273002 0.2671999 0.9636403 -0.001745269 0.2672463 0.9636267 -0.001626735 0.2673246 0.9636052 -0.002249623 0.266913 0.963718 -0.001239961 0.2675801 0.9635348 -0.053324 0.1881562 -0.9806905 -0.09706873 0.4489502 -0.8882688 -0.1794773 0.02122754 -0.9835331 0.003368658 0.234531 -0.9721028 0.003611454 0.3326041 -0.9430596 2.880713e-07 0.3649787 -0.9310159 0.05924797 0.1529807 -0.9864515 0.001237465 0.6109499 -0.7916683 -0.001237468 0.6109511 -0.7916674 -0.003611206 0.3326046 -0.9430595 0.1624515 -0.02221521 -0.9864664 0.1073927 0.3824317 -0.9177215 -0.01624682 0.2365314 -0.971488 6.204577e-09 0.1953891 -0.9807258 -0.0403395 0.2112419 -0.976601 0.9079395 0.4189704 0.01047181 0.9079395 0.4189704 -0.01047195 0.9259861 0.3750367 -0.04355729 0.948125 0.3145077 -0.04630304 0.9503978 0.3030422 0.07006796 0.9585063 0.2850713 -4.805943e-08 0.948125 0.3145077 0.04630294 0.9259861 0.3750367 0.04355716 0.7882613 0.6153407 -1.037387e-07 -0.9137223 0.4059711 -0.01729118 -0.9406834 0.3377536 0.03220637 -0.9492727 0.308217 0.0623182 -0.78826 0.6153423 -1.03739e-07 -0.9137223 0.4059711 0.01729104 -0.9602824 0.2707517 -0.06746334 -0.9406834 0.3377535 -0.03220649 -0.9602824 0.2707517 0.06746325 -0.9492727 0.308217 -0.0623183 -0.9748576 0.05136244 -0.2168284 -0.8769175 0.4630309 -0.1289111 -0.8769175 0.4630309 0.1289109 -0.9748576 0.05136252 0.2168284 -0.9484526 0.08196252 0.3061371 -0.8838155 0.1217556 0.4517143 -0.960586 0.07419738 0.2678978 -0.8296129 0.1417227 0.5400529 -0.8171577 0.1488252 0.5568701 0.001004027 -0.0007294169 -0.9999992 0.0006861065 -0.001153828 -0.9999991 -0.00031303 -0.002270289 -0.9999974 -1.565409e-05 -5.275785e-05 -1 0.0001974517 -0.002829873 -0.999996 0.0009236341 -0.002687212 -0.999996 0.001870446 -0.002511786 -0.9999951 -8.607441e-06 -4.890377e-05 -1 -1.455404e-05 -4.204091e-05 -1 -5.333282e-16 -1.685874e-07 -1 0 -1.685874e-07 -1 9.168476e-05 -0.001494559 -0.9999989 2.200559e-14 -1.685874e-07 -1 0 -1.685874e-07 -1 0.01296563 -0.3867725 0.922084 -0.02177765 -0.3661869 0.9302864 0.01830533 -0.368176 0.9295759 -0.05921574 -0.4168189 0.9070587 -0.06457642 -0.3895356 0.9187447 -0.02565297 -0.4054614 0.9137521 0.03851085 -0.4349311 0.8996399 -0.1353055 -0.1254276 0.9828328 0.003435958 -0.03329083 0.9994398 0.06044688 -0.3945054 0.9169033 0.07381263 -0.4277891 0.9008597 0.04112911 -0.3005377 0.9528827 0 -0.4725806 0.8812874 -3.871965e-07 -0.4725799 0.8812878 0 -0.4725806 0.8812874 -0.01389164 -0.03147049 0.9994081 -0.3021559 -0.1563086 0.940356 -0.1131944 -0.1453108 0.9828895 -0.2126497 -0.2348956 0.9484746 -0.05927368 -0.4082324 0.9109517 0 -0.4725806 0.8812874 2.872803e-07 -0.4725811 0.8812872 0 -1 1.685874e-07 -1.430598e-17 -1 1.685874e-07 -2.184448e-17 -1 1.685874e-07 -2.455394e-17 -1 1.685874e-07 0 -1 1.685874e-07 8.247389e-18 -1 1.685874e-07 0.01577316 0.2368592 -0.9714159 -0.06004014 0.1519514 -0.9865627 0.05404777 0.1875034 -0.9807759 0.1179579 0.3497956 -0.9293702 -0.002746999 0.2351225 -0.9719619 -0.1262398 0.2901706 -0.9486119 -0.1641931 -0.02613365 -0.986082 0.1814941 0.01761515 -0.9832343 0.7882613 0.6153407 -1.037387e-07 -0.78826 0.6153423 -1.03739e-07 -0.2505385 0.9368837 -0.2438841 -0.0007884719 -0.0005090575 -0.9999996 -1.743756e-05 -2.855721e-05 -1 0 -1.685874e-07 -1 -8.908966e-16 -1.685874e-07 -1 -0.002899674 0.01215969 -0.9999219 -8.786824e-17 -1.685874e-07 -1 -0.1030904 0.01015334 -0.9946202 -0.09984154 0.0413556 -0.9941435 -0.07641548 0.07641531 -0.9941435 -0.04135576 0.09984146 -0.9941435 -0.366879 0.1519664 -0.9177723 -0.2807967 0.2807967 -0.9177725 1.521435e-16 -1.685874e-07 -1 -0.09801587 -1.677756e-07 -0.9951849 -0.3826826 -1.557545e-07 -0.9238799 2.924265e-16 -1.685874e-07 -1 -6.587075e-16 -1.685874e-07 -1 -0.3896317 0.03837541 -0.9201709 -7.6808e-16 -1.685874e-07 -1 -0.04348614 0.2186195 -0.9748407 -6.552723e-16 -1.685874e-07 -1 -5.308813e-16 -1.685874e-07 -1 0 -1.685874e-07 -1 3.091926e-16 -1 1.685874e-07 0.001233777 0.9522795 -0.3052248 0.0008478519 0.8844331 -0.4666662 0.0002587167 0.8734107 -0.4869842 0.001604282 0.954043 -0.2996655 0 -1 1.685874e-07 -4.857011e-18 -1 1.685874e-07 -8.634694e-18 -1 1.685874e-07 -3.229741e-17 -1 1.685874e-07 -0.04307765 -0.2934638 0.9549991 0.06888183 -0.04579647 0.9965731 0.1698958 -0.06960881 0.9830005 0.2319096 -0.06529183 0.9705436 -0.003676207 -0.03328108 0.9994393 0.02153681 -0.02827719 0.9993681 4.089614e-08 -0.4725807 0.8812874 6.929665e-06 -0.4725736 0.8812912 5.968751e-06 -0.4725746 0.8812906 -2.872803e-07 -0.4725811 0.8812872 0 -0.4725806 0.8812874 0.8881321 -7.74808e-08 -0.4595883 0.8881321 -7.748079e-08 -0.4595883 0.8648151 -8.464613e-08 -0.5020905 0.9246067 -6.421882e-08 -0.380923 0.9246067 -6.421882e-08 -0.380923 0.8648151 -8.464614e-08 -0.5020905 0.9532331 0.07814003 -0.2919602 0.8901068 0.1185453 -0.4400646 0.9641054 0.07078468 -0.2559106 0.8387212 0.1382045 -0.5267317 0.8239274 0.1462754 -0.5474916 -0.01413658 -0.8509932 -0.5249864 -0.01382828 -0.7300308 -0.6832743 -0.01692691 -0.8347023 -0.5504413 -0.01098345 -0.7502234 -0.6610932 -0.01129193 -0.6390104 -0.7691152 -0.8292004 -0.2062724 -0.5194983 -0.9088764 -0.2991134 -0.2906455 -0.8969634 -0.2844452 -0.3384488 -0.8263278 -0.2011406 -0.5260464 0.9063853 -0.2951695 -0.302226 0.8231651 -0.2008413 -0.5310951 0.8935402 -0.2799503 -0.3510182 0.8197217 -0.1952515 -0.5384545 0.7552134 -0.1424149 -0.6398209 0.01383116 -0.7180912 -0.6958116 0.0141409 -0.8418146 -0.5395814 0.01708356 -0.8243772 -0.5657829 0.01091075 -0.7388614 -0.6737691 -0.8838155 0.1217554 -0.4517143 -0.9484526 0.08196242 -0.3061371 -0.960586 0.07419729 -0.2678979 -0.8296129 0.1417226 -0.540053 0.001736846 0.2668936 -0.9637244 0.001627379 0.2669658 -0.9637046 0.002199116 0.2665885 -0.9638079 0.001273002 0.2671996 -0.9636404 -0.001626735 0.2673242 -0.9636053 -0.001745269 0.2672459 -0.9636268 -0.002249623 0.2669127 -0.9637181 -0.001239961 0.2675797 -0.9635349 0.04033948 0.2112419 -0.976601 -0.7253299 0.1091964 -0.6796858 -0.6076072 0.02824749 -0.7937352 -0.750089 0.1296106 -0.6485119 -0.6378848 0.04493058 -0.76882 -0.497044 0.8677254 -1.462876e-07 -0.9190564 0.394126 -6.644468e-08 -0.9190564 0.394126 -6.644468e-08 -0.9190564 0.394126 -6.644468e-08 -0.9190564 0.394126 -6.644468e-08 -0.7253299 0.1091967 0.6796857 -0.750089 0.1296108 0.6485118 -0.6076072 0.02824776 0.7937352 -0.6378848 0.04493084 0.76882 -0.07838574 0.9943863 -0.07107437 -0.2505385 0.9368838 0.2438838 -0.1794773 0.02122787 0.983533 0.1624515 -0.02221488 0.9864664 0.8406546 0.2208104 -0.4945126 0.8514822 0.2303621 -0.4710748 0.8642924 0.2496393 -0.4366678 0.5152307 0.8570515 -1.444881e-07 0.3509704 0.9363865 -1.57863e-07 0.3509704 0.9363865 -1.57863e-07 0.5152307 0.8570515 -1.444881e-07 0.8406546 0.2208106 0.4945124 0.8642924 0.2496394 0.4366679 0.8514823 0.2303624 0.4710744 0.8272171 -0.5618825 9.472631e-08 1 0 0 1 0 0 1 0 0 1 0 0 1 0 0 1 0 0 1 0 0 1 0 0 1 0 0 1 0 0 1 0 0 1 0 0 -0.0003919437 0.8359433 0.5488156 -0.0003066625 0.8824357 0.4704329 -0.0008871092 0.8929776 0.4501003 0.0002240671 0.826968 0.5622489 -0.001275418 0.9582712 0.2858577 -0.001639971 0.9599254 0.2802509 0.8239274 0.1462756 0.5474916 0.7653394 0.1626632 0.6227329 -0.7792967 -0.160017 0.6058805 -0.01129193 -0.6390101 0.7691155 -0.008892568 -0.6770128 0.7359175 0.7552134 -0.1424147 0.6398209 0.7723655 -0.154583 0.6160808 -0.7560089 0.1654403 0.6333088 0.008804962 -0.6653986 0.7464363 0.0002240671 0.8269678 -0.5622492 0.7653394 0.162663 -0.622733 -0.7618228 -0.1474591 -0.6307788 -0.7792967 -0.1600172 -0.6058805 -0.008892568 -0.6770131 -0.7359173 0.7723655 -0.1545832 -0.6160808 -0.8171577 0.148825 -0.5568702 -0.7560089 0.1654401 -0.6333088 0.01120874 -0.6267821 -0.779114 0.008804962 -0.6653989 -0.7464361 -0.497044 0.8677254 -1.462876e-07 -0.3222912 0.9466406 -1.595917e-07 -0.3222912 0.9466406 -1.595917e-07 -0.8198713 -0.5725479 9.652435e-08 -0.8198713 -0.5725479 9.652435e-08 -0.6818895 -0.7314552 1.233141e-07 -0.6818895 -0.7314552 1.233141e-07 -0.7071065 1.192093e-07 0.7071071 -0.708119 0.06974405 0.7026402 -0.92388 3.961096e-07 0.3826823 -0.6584546 0.2727413 0.7014625 -0.9205838 0.09067006 0.3798743 5.142291e-16 -1 1.685874e-07 -0.9951849 2.394092e-07 -0.09801549 -0.92388 2.670788e-07 -0.3826823 -0.6584544 0.2727409 -0.7014629 -0.7081191 0.06974412 -0.7026401 -0.7071065 -1.192093e-07 -0.7071071 -0.1519661 0.366879 0.9177723 -0.1149099 0.5776911 0.8081267 -0.2727408 0.6584542 0.7014632 -0.503959 0.503959 0.7014632 -2.610808e-17 -1 1.685874e-07 -0.2727408 0.6584539 -0.7014634 -0.503959 0.5039587 -0.7014634 -0.1149099 0.5776908 -0.8081269 -0.1519662 0.3668787 -0.9177725 1.07719e-16 -1 1.685874e-07 0 -0.7308739 0.6825125 -0.0001365978 -0.7311162 0.682253 -1.490151e-05 -0.7308873 0.6824982 -0.0001422307 -0.7310887 0.6822825 -4.760037e-05 -0.7308527 0.6825352 -6.902336e-06 -0.731273 0.6820849 -2.160653e-05 -0.7313265 0.6820275 -4.742371e-05 -0.7312547 0.6821045 -5.241193e-08 -0.7312761 0.6820816 -0.0003362046 -0.7335421 0.679644 -0.0003677242 -0.7334973 0.6796922 0 -0.731276 0.6820816 -0.0004728198 -0.7334974 0.6796921 0.9367907 -0.3498903 5.898709e-08 0.9367907 -0.3498903 5.898709e-08 0.9367907 -0.3498903 5.898709e-08 0.9367907 -0.3498903 5.898709e-08 2.569908e-07 -0.7308737 -0.6825128 -5.871947e-06 -0.7308888 -0.6824966 -1.666019e-05 -0.7309159 -0.6824675 -4.75899e-05 -0.730993 -0.6823849 0 -0.7308741 -0.6825123 -2.548038e-05 -0.7313291 -0.6820248 -0.0003677242 -0.7334976 -0.679692 -0.0002643595 -0.7335314 -0.6796556 -3.695737e-05 -0.7312633 -0.6820952 -4.742294e-05 -0.7312653 -0.6820931 -1.000278e-05 -0.7312655 -0.682093 0 -0.7312541 -0.6821052 8.101273e-06 -0.7341025 -0.6790387 0.0001011834 -0.7339118 -0.6792448 -0.2635234 -0.6897337 0.6744055 -0.09808996 -0.7178314 0.6892724 -0.05212773 -0.7249807 0.6867937 -0.3188656 -0.687896 0.6520152 -3.34053e-05 -0.7371761 0.6757007 0.0001287947 -0.7372881 0.6755785 -0.5267548 -0.6660772 0.5280819 -0.54479 -0.6665206 0.5088754 -0.6763729 -0.6761332 0.2921706 -0.5267548 -0.6660774 -0.5280817 -0.54479 -0.6665207 -0.5088752 -0.3188656 -0.6878962 -0.652015 -0.2635234 -0.689734 -0.6744053 -0.09808978 -0.7178317 -0.6892721 -0.05223256 -0.7249546 -0.6868133 0 -0.7362114 -0.6767516 -0.0002370842 -0.7368871 -0.6760157 -0.0002286303 -0.734496 0.678613 0 -0.7354296 0.6776011 0 -0.7376538 0.6751792 0 -0.7334965 -0.6796932 -0.0004700663 -0.737551 -0.6752913 -1.565409e-05 -5.242067e-05 1 -1.455404e-05 -4.170374e-05 1 -8.607441e-06 -4.856659e-05 1 5.333283e-16 1.685874e-07 1 -2.200559e-14 1.685874e-07 1 0 1.685874e-07 1 0 1.685874e-07 1 -5.409837e-08 -0.3311286 0.9435856 4.983445e-08 -0.3311286 0.9435856 5.828067e-08 -0.3311286 0.9435856 -9.605263e-08 -0.3311287 0.9435856 -9.66543e-08 -0.3311287 0.9435856 -4.671289e-08 -0.3311286 0.9435856 1.037355e-07 -0.3311287 0.9435856 1.030396e-07 -0.3311287 0.9435856 1 0 0 1 0 0 0.8881321 7.748079e-08 0.4595883 0.8648151 8.464613e-08 0.5020905 0.8648151 8.464614e-08 0.5020905 0.8881321 7.74808e-08 0.4595883 0.9246067 6.421882e-08 0.380923 0.9246067 6.421882e-08 0.380923 0.8777747 8.076577e-08 0.4790736 0.8522419 8.819615e-08 0.5231479 0.8522419 8.819615e-08 0.5231479 0.8777747 8.076577e-08 0.4790736 0.9175938 6.701673e-08 0.3975192 0.9175938 6.701673e-08 0.3975192 0.5849929 -0.8110384 1.367309e-07 0.5849929 -0.8110384 1.367309e-07 0.636921 -0.7709291 1.299689e-07 0.636921 -0.7709291 1.299689e-07 0.818768 -0.5741246 9.679017e-08 0.818768 -0.5741246 9.679017e-08 0.5635457 -0.8260849 1.392675e-07 0.5635457 -0.8260849 1.392675e-07 0.6180779 -0.7861169 1.325294e-07 0.6180778 -0.7861169 1.325294e-07 0.8059445 -0.5919911 9.980224e-08 0.8059445 -0.5919911 9.980224e-08 0.5635467 0.8260842 -1.392674e-07 0.6180784 0.7861165 -1.325293e-07 0.6180784 0.7861164 -1.325293e-07 0.5635467 0.8260842 -1.392674e-07 0.8059439 0.5919919 -9.980238e-08 0.8059439 0.5919919 -9.980238e-08 1 0 0 1 0 0 1 0 0 1 0 0 0.8777749 -8.076573e-08 -0.4790733 0.8777749 -8.076573e-08 -0.4790734 0.8522424 -8.819601e-08 -0.5231471 0.9175935 -6.701688e-08 -0.3975201 0.9175935 -6.701688e-08 -0.3975201 0.8522424 -8.819601e-08 -0.5231471 1 0 0 1 0 0 1 0 0 1 0 0 0.9085692 0.4177343 -7.042474e-08 0.9085692 0.4177343 -7.042474e-08 0.9085692 0.4177343 -7.042474e-08 0.9085692 0.4177343 -7.042474e-08 5.080289e-08 0.6696948 0.7426364 -0.001237468 0.6109513 0.7916672 5.080289e-08 0.6696946 -0.7426366 -0.9341279 -0.3569385 6.017533e-08 -0.9341279 -0.3569385 6.017533e-08 -0.9341279 -0.3569385 6.017533e-08 -0.9341279 -0.3569385 6.017533e-08 -0.6336319 -0.7736347 1.304251e-07 -0.6077572 -0.7941229 1.338791e-07 -0.6336319 -0.7736347 1.304251e-07 -0.6783112 -0.7347747 1.277307e-07 -0.6077572 -0.7941229 1.338791e-07 -0.7708861 -0.636973 1.073856e-07 -0.7708861 -0.636973 1.073856e-07 -0.5865986 -0.8098778 1.349051e-07 -0.5877854 -0.8090169 1.3639e-07 -0.9308986 -0.3652778 6.158123e-08 -0.9308986 -0.3652778 6.158123e-08 -0.5865986 -0.8098778 1.381652e-07 -0.3090169 -0.9510566 1.340542e-07 -0.5877857 -0.8090167 1.102546e-07 -0.3090169 -0.9510566 1.866181e-07 -0.2927085 -0.9562017 1.612036e-07 -0.5877854 -0.8090169 1.3639e-07 -0.6783112 -0.7347747 1.200169e-07 0.0763117 -0.997084 1.680958e-07 -0.07845919 -0.9969173 1.680677e-07 0.07845919 -0.9969173 1.680677e-07 -0.07631167 -0.997084 1.680958e-07 -0.2927083 -0.9562018 1.612036e-07 -0.309017 -0.9510565 1.603361e-07 0.2927082 -0.9562018 1.612036e-07 0.3090169 -0.9510566 1.603361e-07 0.5619791 -0.8271515 1.394473e-07 0.5877857 -0.8090167 1.3639e-07 0.7837304 -0.6211011 1.047098e-07 0.8090166 -0.5877858 9.129126e-07 0.9352689 -0.353938 5.966949e-08 0.9227407 -0.3854213 8.161442e-07 0.9876888 -0.1564317 2.637241e-08 0.9876888 -0.1564317 2.637241e-08 0.8910043 -0.4539948 6.328639e-06 -0.5619788 -0.8271516 1.394473e-07 -0.5877854 -0.8090169 1.363901e-07 -0.7837303 -0.6211013 1.047099e-07 -0.8090169 -0.5877853 8.456315e-08 -0.9229235 -0.3849834 5.145341e-08 -0.8910063 -0.4539909 -3.575033e-08 -0.9352689 -0.3539381 5.96695e-08 -0.9876883 -0.1564348 2.637294e-08 -0.9876883 -0.1564348 2.637294e-08 -0.07845919 -0.9969173 1.680677e-07 0.07845919 -0.9969173 1.680677e-07 0.07631167 -0.997084 1.680958e-07 -0.0763117 -0.997084 1.680958e-07 0.2927083 -0.9562018 1.612036e-07 -5.088989e-16 1.685874e-07 1 -5.088989e-16 1.685874e-07 1 -5.088989e-16 1.685874e-07 1 -0.5877857 -0.8090167 1.625254e-07 -0.7837305 -0.6211011 9.430802e-08 -0.8090166 -0.5877858 9.145285e-07 -0.9230969 -0.3845675 8.25139e-07 -0.8910043 -0.4539948 6.449579e-06 -0.9352689 -0.353938 5.966949e-08 -0.9876888 -0.1564317 2.637241e-08 -0.9876888 -0.1564317 2.637241e-08 0.309017 -0.9510565 1.603361e-07 0.5619788 -0.8271516 1.394473e-07 0.5877854 -0.8090169 1.363901e-07 0.7837304 -0.6211012 1.047098e-07 0.8090169 -0.5877853 8.45448e-08 0.9352689 -0.353938 5.966949e-08 0.923078 -0.3846128 5.127628e-08 0.9876883 -0.1564348 2.637294e-08 0.9876883 -0.1564348 2.637294e-08 0.8910063 -0.4539909 -3.71348e-08 0.07845919 -0.9969173 1.680677e-07 0.2927082 -0.9562018 1.612036e-07 0.3090169 -0.9510566 1.603361e-07 -0.07631167 -0.997084 1.680958e-07 0.0763117 -0.997084 1.680958e-07 -0.07845919 -0.9969173 1.680677e-07 -0.2927083 -0.9562018 1.612036e-07 0.5619791 -0.8271515 1.394473e-07 0.5877857 -0.8090167 1.3639e-07 0.7837304 -0.6211011 1.047098e-07 0.8090166 -0.5877858 -7.150918e-07 0.9227313 -0.3854439 -6.889556e-07 0.8910043 -0.4539948 -6.202405e-06 0.9352689 -0.353938 5.966949e-08 0.9876888 -0.1564317 2.637241e-08 0.9876888 -0.1564317 2.637241e-08 -0.309017 -0.9510565 1.603361e-07 -0.5619788 -0.8271516 1.394473e-07 -0.5877854 -0.8090169 1.363901e-07 -0.7837303 -0.6211013 1.047099e-07 -0.8090169 -0.5877853 1.136319e-07 -0.9352689 -0.3539381 5.96695e-08 -0.9229111 -0.3850131 7.842406e-08 -0.9876883 -0.1564348 2.637294e-08 -0.9876883 -0.1564348 2.637294e-08 -0.8910063 -0.4539909 1.894682e-07 -0.0763117 -0.997084 1.680958e-07 0.07631167 -0.997084 1.680958e-07 0.07845919 -0.9969173 1.680677e-07 -0.07845919 -0.9969173 1.680677e-07 -0.2927085 -0.9562017 1.612036e-07 0.2927083 -0.9562018 1.612036e-07 0.309017 -0.9510565 1.603361e-07 5.088989e-16 -1.685874e-07 -1 5.088989e-16 -1.685874e-07 -1 5.088989e-16 -1.685874e-07 -1 -0.7837305 -0.6211011 1.151116e-07 -0.8090166 -0.5877858 -7.164149e-07 -0.9352689 -0.353938 5.966949e-08 -0.923095 -0.384572 -6.960369e-07 -0.9876888 -0.1564317 2.637241e-08 -0.9876888 -0.1564317 2.637241e-08 -0.8910043 -0.4539948 -6.302107e-06 0.5619788 -0.8271516 1.394473e-07 0.5877854 -0.8090169 1.363901e-07 0.7837304 -0.6211012 1.047098e-07 0.8090169 -0.5877853 1.136417e-07 0.9230779 -0.3846131 7.840627e-08 0.8910063 -0.4539909 1.902165e-07 0.9352689 -0.353938 5.966949e-08 0.9876883 -0.1564348 2.637294e-08 0.9876883 -0.1564348 2.637294e-08 -0.09569815 0.09497565 0.9908691 0.0982707 -0.098778 0.9902453 0.09651695 0.0950842 0.9907792 -0.09761757 -0.09928695 0.990259 -0.3295954 0.3285085 0.8851266 -3.147182e-16 1 -1.685874e-07 1.3105e-05 0.9927854 0.1199044 -7.362565e-16 1 -1.685874e-07 1.145701e-05 0.9927779 0.1199669 2.843784e-05 0.9653887 0.2608153 -1 0 0 -0.9929125 -0.0004611816 0.1188465 -0.9927568 -0.0003744823 0.1201403 -1 0 0 -0.9658266 -0.000990441 0.2591871 -0.9654125 -0.0007914514 0.2607262 1 0 0 0.9929097 -0.0004131576 0.1188702 1 0 0 0.9927653 -0.0003291512 0.1200704 0.9658349 -0.0008860018 0.2591565 -0.3322534 -0.3340623 0.8820488 5.192216e-05 0.7017714 0.7124022 6.815575e-05 0.7014397 0.7127288 0.3302095 0.3285778 0.8848719 0.3326886 -0.3336178 0.882053 0 -0.707104 0.7071095 -0.7026895 -0.001469551 0.7114951 -0.7060268 -0.002149732 0.7081819 0.7059766 -0.001225957 0.7082341 0.7027695 -0.001894428 0.7114151 0.9654368 -0.000694049 0.2606364 0 -0.9928854 0.1190741 0 -0.9928854 0.1190741 0 -0.9659253 0.2588209 0 -0.9659253 0.2588209 0 -1 1.685874e-07 0 -1 1.685874e-07 0 -0.707104 0.7071095 2.482368e-05 0.9653606 0.2609192 -0.09569815 0.09497532 -0.9908691 0.0982707 -0.09877833 -0.9902453 -0.09761757 -0.09928728 -0.990259 0.09651695 0.09508386 -0.9907793 0.3326886 -0.3336181 -0.8820529 -0.3295954 0.3285082 -0.8851267 0.3302095 0.3285775 -0.884872 -0.3322534 -0.3340626 -0.8820487 1.3105e-05 0.9927854 -0.1199047 2.464837e-16 1 -1.685874e-07 7.831449e-17 1 -1.685874e-07 1.145701e-05 0.9927778 -0.1199673 2.843784e-05 0.9653886 -0.2608156 2.482368e-05 0.9653605 -0.2609196 -1 0 0 -0.9927568 -0.0003745229 -0.1201403 -0.9929125 -0.0004612217 -0.1188465 -1 0 0 -0.9658266 -0.0009905284 -0.2591871 1 0 0 0.9929097 -0.0004131977 -0.1188702 0.9927653 -0.0003291917 -0.1200704 1 0 0 0.9658349 -0.0008860892 -0.2591565 0.9654368 -0.0006941368 -0.2606364 5.192216e-05 0.7017712 -0.7124024 -0.7026895 -0.001469791 -0.7114951 0 -0.7071043 -0.7071093 0 -0.7071043 -0.7071093 -0.7060268 -0.002149971 -0.7081819 -0.9654125 -0.0007915393 -0.2607262 0.7059766 -0.001226195 -0.7082341 0.7027695 -0.001894668 -0.7114151 0 -0.9659254 -0.2588206 0 -0.9659254 -0.2588206 0 -0.9928854 -0.1190737 0 -0.9928854 -0.1190737 0 -1 1.685874e-07 6.815575e-05 0.7014395 -0.712729 0 -1 1.685874e-07 -0.4191903 -0.9078984 1.530602e-07 -0.4191903 -0.9078984 1.530602e-07 -0.4191903 -0.9078984 1.530602e-07 -0.4191903 -0.9078984 1.530602e-07 -0.9933998 -0.1147031 -1.565975e-06 -0.9933995 -0.1147055 -2.799492e-06 -0.9934001 -0.1147006 2.795921e-06 -0.9933994 -0.1147067 2.259487e-06 -0.9933994 -0.1147069 2.162702e-06 -0.9934 -0.1147012 1.953788e-06 -0.9933994 -0.1147067 -2.220809e-06 -0.9933994 -0.1147069 -2.124025e-06 -0.9933997 -0.1147044 4.411457e-07 -0.9934 -0.1147012 -1.915114e-06 0.4329607 0.882559 -0.1833976 0.4329606 0.8825589 0.1833982 0.5640397 0.8215582 -0.08307407 0.1544485 0.8979038 -0.4122068 0.1534297 0.9659465 -0.2083427 0.1544485 0.8979031 0.4122083 0.4356116 0.8288708 0.3510211 0.5640397 0.8215582 0.08307421 0.4356118 0.8288712 -0.3510197 0.5520235 0.8202154 0.1500557 -4.738497e-18 1.685874e-07 1 6.006469e-17 1.685874e-07 1 -7.511681e-17 1.685874e-07 1 0.109363 0.2042612 0.9727883 -7.992356e-17 1.685874e-07 1 0.3844284 0.6315037 0.673363 0.3792359 0.6212079 0.6857703 0 -1 1.685874e-07 0 -1 1.685874e-07 0 -1 1.685874e-07 0 -1 1.685874e-07 -0.9933997 -0.1147044 -4.024716e-07 -0.9934001 -0.1147006 -2.757249e-06 -0.9933998 -0.1147031 1.604649e-06 -0.9933995 -0.1147055 2.838161e-06 -0.9924685 -0.1225005 2.065203e-08 -0.9924685 -0.1225005 2.065203e-08 -0.9924685 -0.1225005 2.065203e-08 -0.9924685 -0.1225005 2.065203e-08 -0.6300347 0.776567 -1.309194e-07 -0.6300347 0.776567 -1.309194e-07 -0.6300347 0.776567 -1.309194e-07 -0.6300347 0.776567 -1.309194e-07 -0.5502689 -0.0638767 0.8325406 -0.571079 -0.07048819 0.8178632 -0.5678646 -0.0694619 0.8201859 -0.5485743 -0.06334165 0.833699 -0.5678646 -0.06946218 -0.8201858 -0.5502689 -0.06387698 -0.8325406 -0.5485743 -0.06334193 -0.833699 -0.571079 -0.07048847 -0.8178631 0 0.9770188 -0.213153 0 0.9770187 0.2131536 0.1534297 0.9659464 0.2083433 0 0.9061944 -0.4228612 0 0.9061937 0.4228628 0.04879946 0.3471606 -0.9365352 0 0.1877072 -0.982225 0 0.3450931 -0.9385684 0.1550406 0.3620993 -0.9191553 0.03443258 0.1938005 -0.9804365 0 -1.685874e-07 -1 0.04879983 0.3471635 0.9365341 0 0.187709 0.9822247 0.03443284 0.1938023 0.9804362 0 0.3450961 0.9385674 0 1.685874e-07 1 0.1550418 0.3621022 0.919154 0.1093622 0.2042594 -0.9727888 0.3792344 0.6212052 -0.6857735 0.3844269 0.6315011 -0.6733664 -3.698261e-17 -1.685874e-07 -1 -4.585469e-17 -1.685874e-07 -1 0.5520236 0.8202154 -0.1500552 3.463387e-17 -1.685874e-07 -1 1.288531e-16 -1.685874e-07 -1 -0.4191903 -0.9078984 1.530602e-07 -0.4191903 -0.9078984 1.530602e-07 -0.4191903 -0.9078984 1.530602e-07 -0.4191903 -0.9078984 1.530602e-07 -0.9933998 -0.1147031 1.60465e-06 -0.9934 -0.1147012 -1.915113e-06 -0.9934001 -0.1147006 -2.757247e-06 -0.9933995 -0.1147055 2.838168e-06 -0.9933994 -0.1147067 -2.220811e-06 -0.9933994 -0.1147069 -2.124026e-06 -0.9933997 -0.1147044 -4.024703e-07 -0.9933994 -0.1147067 2.259485e-06 0.4329606 0.8825589 -0.1833985 0.1534297 0.9659466 0.2083423 0.4329607 0.8825591 0.1833973 0.1544485 0.897903 -0.4122086 0.1534297 0.9659463 -0.2083436 0.5640397 0.8215583 0.0830738 0.5640397 0.8215582 -0.08307449 0.4356118 0.8288714 0.3510195 0.5520236 0.8202155 0.1500549 0.4356116 0.8288707 -0.3510214 0.1544485 0.8979039 0.4122065 4.73844e-18 -1.685874e-07 -1 -6.006468e-17 -1.685874e-07 -1 0.109363 0.2042609 -0.9727884 7.511667e-17 -1.685874e-07 -1 7.992353e-17 -1.685874e-07 -1 0.03443284 0.193802 -0.9804362 0 -1 1.685874e-07 0 -1 1.685874e-07 0 -1 1.685874e-07 0 -1 1.685874e-07 -0.9933994 -0.1147069 2.162701e-06 -0.9933998 -0.1147031 -1.565974e-06 -0.9933997 -0.1147044 4.41147e-07 -0.9934001 -0.1147006 2.795924e-06 -0.9933995 -0.1147055 -2.799485e-06 -0.9934 -0.1147012 1.953788e-06 -0.9924685 -0.1225005 2.065203e-08 -0.9924685 -0.1225005 2.065203e-08 -0.9924685 -0.1225005 2.065203e-08 -0.9924685 -0.1225005 2.065203e-08 -0.6300347 0.776567 -1.309194e-07 -0.6300347 0.776567 -1.309194e-07 -0.6300347 0.776567 -1.309194e-07 -0.6300347 0.776567 -1.309194e-07 -0.5502689 -0.06387698 -0.8325406 -0.5678646 -0.06946218 -0.8201858 -0.571079 -0.07048847 -0.8178631 -0.5485743 -0.06334193 -0.833699 -0.5678646 -0.0694619 0.8201859 -0.5502689 -0.0638767 0.8325406 -0.571079 -0.07048819 0.8178632 -0.5485743 -0.06334165 0.833699 0 0.9770186 -0.213154 0 0.9061946 0.4228609 0 0.9770189 0.2131527 0 0.9061936 -0.4228631 0.5520235 0.8202153 -0.150056 0 0.1877075 0.982225 0.04879946 0.3471609 0.9365351 0 0.3450935 0.9385683 0.03443258 0.1938008 0.9804365 4.585446e-17 1.685874e-07 1 0.1093622 0.2042597 0.9727887 0 1.685874e-07 1 0 0.1877086 -0.9822248 0.04879983 0.3471632 -0.9365342 0.1550418 0.3621019 -0.9191541 0 -1.685874e-07 -1 0 0.3450958 -0.9385675 0.3844284 0.6315035 -0.6733633 0.3792359 0.6212077 -0.6857705 0.3792344 0.6212054 0.6857733 0.3844269 0.6315013 0.6733662 0.1550406 0.3620996 0.9191552 3.698238e-17 1.685874e-07 1 -3.463369e-17 1.685874e-07 1 -1.288528e-16 1.685874e-07 1 -0.001433086 -0.08337598 -0.9965171 0.007838964 -0.4914413 -0.8708754 0.002664039 -0.05849084 -0.9982844 0.01059974 -0.07880398 -0.9968338 0.07686705 -0.5083265 -0.857727 -0.1803191 0.3270386 -0.927648 -0.05492578 0.3721628 -0.9265409 0.02598081 -0.821448 -0.5696913 0.2150733 -0.4538311 -0.8647432 0.1521967 -0.8180618 -0.5546269 -0.4195306 0.6044676 -0.6772098 -0.3117474 0.6763821 -0.6673236 -0.07293584 0.7460518 -0.6618815 -0.368596 0.8874999 -0.2765518 -0.5089977 0.814558 -0.2782383 -0.2271933 0.2701251 -0.9356365 -0.07032567 0.9584427 -0.2764813 -0.3685957 0.9143803 0.167469 -0.5089976 0.8421745 0.1779424 -0.3117499 0.751944 0.5808548 -0.419534 0.6817463 0.599344 -0.07293614 0.8204492 0.567048 -0.05492595 0.4812177 0.8748787 -0.1803207 0.4365568 0.8814208 -0.2271945 0.3810212 0.8962173 -0.001433575 0.03744676 0.9992976 0.01059763 0.04202397 0.9990604 0.03819495 0.01165827 0.9992023 0.07686597 -0.4011433 0.9127846 0.2150722 -0.3461995 0.9131757 0.3044459 -0.3411204 0.8893535 0.1521961 -0.7451807 0.6492628 0.3825506 -0.6563883 0.650238 0.504504 -0.6070998 0.6139263 0.1974159 -0.9424758 0.2697524 0.475558 -0.8383053 0.2666248 0.6069807 -0.7557402 0.2458273 0.197416 -0.9681343 -0.1540871 0.4755582 -0.8643472 -0.1635491 0.6069809 -0.7798761 -0.1528641 0.3825511 -0.7300353 -0.5663066 0.5045045 -0.6767264 -0.5362057 0.3044455 -0.4459151 -0.8417082 0.4434148 0.02505097 0.8959664 0.03726834 0.0553611 0.9977706 0.4426071 -0.07004787 0.8939755 0.7869554 -0.02662781 0.616435 0.004816601 0.05829179 0.998288 0.3789747 -0.1471495 0.913633 0.7600273 -0.1894991 0.6216499 0.9722647 -0.07472073 0.2216263 0.6857027 -0.3283067 0.6496357 0.03819558 -0.1089646 -0.9933115 -0.4900052 -0.8711492 0.031527 -0.4807595 -0.8758598 0.04171228 -0.479991 -0.8763235 0.04081308 -0.4799905 -0.8748476 0.06519854 -0.4910103 -0.8705015 0.03370554 -0.4955259 -0.867684 0.03973114 -0.4956827 -0.8674706 0.04234985 0.009303275 0.9982577 -0.05826693 -0.002614653 0.9979245 -0.06434187 0.0005930334 0.9979827 -0.06348318 -0.01513091 0.9979001 -0.06298026 0.01040403 0.9982642 -0.05796894 0.01035164 0.9977938 -0.06557757 0.007917206 0.9979543 -0.06343927 0.02341512 0.9963192 -0.08246094 0.02844558 0.9958256 -0.08673068 -0.4821053 -0.873904 0.06217942 -0.4890053 -0.8700956 0.06170463 -0.4816223 -0.8740848 0.06336999 -0.4890505 -0.8702065 0.05975078 -0.4764408 -0.8773266 0.05746464 -0.4761375 -0.8774668 0.05783679 -0.4926225 -0.8686492 0.05264546 -0.4928662 -0.8685211 0.05247866 0.0554532 0.9942427 -0.09168601 0.06090341 0.9937715 -0.09332236 0.08406057 0.9936915 -0.07423605 0.08609119 0.9935168 -0.07424673 -0.4821031 -0.8750242 0.04369409 -0.4890055 -0.8711849 0.04370869 -0.4890509 -0.8710593 0.04566157 -0.4816202 -0.8753473 0.04253372 -0.4928667 -0.868509 0.05267324 -0.4926231 -0.8686564 0.05252275 -0.4764408 -0.8778518 0.04878973 -0.4761379 -0.8780356 0.04843762 0.01963449 0.3867759 -0.9219647 -0.4807585 -0.8744959 0.06425058 -0.4900024 -0.8685918 0.07379707 -0.4910075 -0.8682117 0.07155544 0.08406308 0.9953899 -0.04617783 0.08609385 0.9952178 -0.04614581 0.04191683 -0.986306 -0.1595103 0.06090393 0.9977719 -0.02724048 0.05545316 0.9980423 -0.02892186 -0.9576367 -0.172671 0.2304705 -0.7669678 -0.1417773 0.6258272 -0.7670171 -0.1420706 0.6257002 -0.9575943 -0.1995025 -0.2078747 -0.9575947 -0.1729687 0.2304219 -0.4236817 -0.1123139 0.8988211 -0.4238331 -0.1136035 0.8985876 -0.07032582 0.9847964 0.1588406 0.07143407 0.9844401 0.1605458 0.05036872 0.822604 0.5663794 0.01963396 0.4951727 0.8685727 0.002663572 0.06236376 0.9980499 0.007838608 -0.3827943 0.9238003 0.02598066 -0.7467241 0.6646263 0.04191682 -0.9598606 0.2773278 0.05036923 0.7482712 -0.6614781 0.07143419 0.9578833 -0.2781308 -0.4226598 0.3449812 0.8380612 -0.7535985 0.3182835 0.575139 -0.7535986 0.3182832 0.5751391 -0.422657 0.3449819 0.8380624 -0.9372546 0.289264 0.1946282 -0.009988107 0.3640711 0.9313176 -0.009988811 0.3640716 0.9313174 0.7774892 -0.1615869 -0.607783 0.7779416 -0.1617639 -0.6071567 0.4333769 -0.1898052 -0.8809986 0.9682851 -0.1312237 -0.2126131 0.9683645 -0.130991 -0.2123947 0.4340391 -0.1908337 -0.8804502 0.004139286 -0.2113337 -0.9774052 0.00454161 -0.09242415 0.9957094 -0.423681 -0.2199227 -0.8787084 -0.4238327 -0.2211747 -0.8783209 0.004575084 -0.2112775 -0.9774154 0.005114128 -0.09109629 0.995829 0.4330118 -0.08269627 0.8975868 0.7779403 -0.08733876 0.6222385 0.7774893 -0.08708711 0.6228372 0.4336131 -0.08255477 0.8973095 -0.7669662 -0.2162385 -0.6041554 -0.7670157 -0.2165143 -0.6039937 0.9682851 -0.1046169 0.2268903 -0.9576363 -0.1992129 -0.2079592 0.9683645 -0.1044122 0.2266459 -0.4956825 -0.8662448 0.06260117 -0.4955255 -0.8661408 0.06522744 0.02844468 0.9990158 -0.03403316 0.02341404 0.9989907 -0.03833142 0.0103518 0.9984178 -0.05526964 0.007917339 0.9983192 -0.05741161 0.01040459 0.9979669 -0.06287961 0.009303889 0.9979964 -0.06258307 0.0005943991 0.9983527 -0.05737135 -0.002613295 0.9983985 -0.05651192 -0.01512939 0.9982101 -0.05785944 -0.01671781 0.9981913 -0.05774694 -0.01671923 0.9978678 -0.06308981 0.9722648 -0.1009105 -0.2109936 0.7602422 -0.2629177 -0.5940589 0.7869565 -0.1007966 -0.6087195 0.6856886 -0.4048475 -0.6049212 0.4429653 -0.1768295 -0.8789272 0.9335656 -0.298476 -0.1984119 0.4434166 -0.08321691 -0.8924442 0.9335654 -0.2723608 0.2329707 0.8587009 -0.445854 0.2526796 0.8587012 -0.4730796 -0.1970482 0.03688129 -0.0650187 -0.9972023 0.00412063 -0.06203407 -0.9980655 -0.3665515 0.1429361 -0.9193526 -0.3830294 0.04730731 -0.922524 -0.4384284 -0.05052369 -0.8973449 0.378497 -0.2575187 -0.889058 -0.4384282 0.0580958 0.8968866 -0.7367731 0.221697 0.6387612 -0.3834527 0.1583724 0.9098803 0.004121448 0.05882004 0.9982601 -0.9751284 -0.01419953 0.2211852 -0.9451036 0.2098917 -0.2504491 -0.9451044 0.2385712 0.2232968 -0.7871465 0.02552834 0.6162375 -0.8516355 0.4826681 0.2043243 -0.3672411 0.2533457 0.8949581 -0.6722247 0.4054582 0.6194494 -0.7871452 -0.04899767 -0.6148184 -0.9751277 -0.04077975 -0.2178601 -0.7368265 0.1434634 -0.6606852 -0.8516348 0.4544956 -0.2610591 -0.6728932 0.3273679 -0.6633589 0.003737433 -0.06233917 -0.998048 -0.0325023 0.9976453 -0.0603949 -0.03250211 0.9976452 -0.06039539 -0.03250209 0.9976452 -0.0603955 -0.03250212 0.9976452 -0.06039572 -0.03250223 0.9976453 -0.06039473 -0.03250205 0.9976452 -0.06039573 -0.0325018 0.9976452 -0.06039588 -0.03250232 0.9976452 -0.06039577 -0.03250287 0.9976452 -0.06039528 -0.03250293 0.9976452 -0.06039521 -0.03250211 0.9976453 -0.06039422 -0.03250217 0.9976453 -0.06039424 -0.03250324 0.9976452 -0.06039454 -0.03250299 0.9976452 -0.06039471 -0.03250211 0.9976452 -0.06039654 -0.032502 0.9976452 -0.06039646 -0.03250237 0.9976453 -0.06039446 -0.03250261 0.9976453 -0.06039397 -0.03250119 0.9976454 -0.06039373 -0.03250069 0.9976454 -0.06039321 -0.03250298 0.9976452 -0.06039604 -0.03250311 0.9976452 -0.06039585 -0.03249996 0.9976453 -0.06039572 -0.0324996 0.9976453 -0.06039567 -0.0324997 0.9976453 -0.06039514 -0.03249966 0.9976453 -0.06039521 -0.03250001 0.9976453 -0.06039591 -0.03249977 0.9976453 -0.06039608 -0.03250195 0.9976453 -0.06039491 -0.0325024 0.9976453 -0.06039455 -0.03250276 0.9976453 -0.06039451 -0.03250123 0.9976453 -0.06039511 -0.03249974 0.9976453 -0.0603963 -0.03250152 0.9976452 -0.0603955 -0.03250045 0.9976453 -0.06039595 -0.03250242 0.9976452 -0.060395 -0.03250159 0.9976452 -0.06039566 -0.03250282 0.9976453 -0.06039406 -0.03250211 0.9976452 -0.06039541 -0.03250273 0.9976452 -0.06039492 -0.03250737 0.9976453 -0.06039186 -0.032512 0.9976453 -0.06038817 0.4026847 0.2681547 -0.8751789 0.7336228 0.294852 -0.612258 0.7336231 0.2948528 -0.6122573 0.4026855 0.2681548 -0.8751785 0.9172789 0.323871 -0.2317479 -0.00998846 0.2490645 -0.9684354 -0.009988612 0.2490646 -0.9684354 -0.4226586 0.2413642 -0.8735577 0.4026843 0.371772 0.8364394 0.4026843 0.3717716 0.8364396 0.7336226 0.3665573 0.5722181 -0.4226583 0.2413642 -0.8735578 -0.7535983 0.2465781 -0.6093348 -0.7535982 0.2465785 -0.6093347 -0.9372546 0.2636731 -0.2281016 -0.9372545 0.263673 -0.2281022 0.7336219 0.3665582 0.5722185 0.9172787 0.3494623 0.1909864 0.9172784 0.3494622 0.1909883 -0.9372548 0.289264 0.1946271 0.9172784 0.3238706 -0.2317504 -0.01519258 0.08391902 0.9963568 0 1.685874e-07 1 0.01519254 0.083919 0.9963568 0.05408091 0.3145996 0.9476826 -0.05408103 0.3145996 0.9476826 -0.1705729 0.2950808 0.9401235 -0.1044205 0.07620986 0.991609 -1.529279e-16 1.685874e-07 1 -0.007731484 -0.06215487 0.9980366 0.3193793 0.9442741 0.07964552 0.1577744 0.9842988 0.07913988 0.1500348 0.9391776 0.3089255 0.3199288 0.8967675 0.3057019 0.1595104 0.9871963 -1.424179e-07 0.3856805 0.9226111 0.006277061 0.3826053 0.9239119 -5.54137e-08 -0.1577747 0.9842987 0.07913988 0.5585117 0.8294966 1.011601e-05 0.3363414 0.9384791 0.07830383 0.3848473 0.9226222 0.02570554 -0.1500351 0.9391774 0.3089261 0.3818209 0.8774247 0.2904112 0.4568436 0.8557156 0.2429914 0.35706 0.9317079 0.06654739 0.5157171 0.8386605 0.1751694 0.3738095 0.9262314 0.04859863 0.5625119 0.8264717 0.02291177 0.5536181 0.8276839 0.09190408 -0.9946727 0.06885283 0.07671748 -0.9969237 -0.07837825 1.321358e-08 -0.9938557 -0.07813817 0.07839177 -0.9486028 -0.07458362 0.3075548 -0.9506717 0.06854128 0.3025317 -0.9975496 0.06996253 2.3205e-05 -0.8969453 -0.3170407 0.3081789 -0.9428333 -0.3332648 5.618424e-08 -0.939884 -0.3322202 0.07904289 -0.7424333 -0.66992 1.129401e-07 -0.7400912 -0.6678068 0.07936635 -0.706136 -0.6371637 0.3088597 -0.7644176 -0.2702007 0.5853694 -0.8083804 -0.06355931 0.585219 -0.9633402 0.259088 0.06963475 -0.8140639 0.06992999 0.5765499 0.1044211 0.07620993 0.9916089 0.005198348 -0.0417906 0.9991129 0.07680555 -0.06201219 0.9951158 0.02731821 -0.2278988 0.9733015 0.3072373 -0.1109322 0.9451451 0.324744 -0.02483533 0.9454758 0.3309504 0.07465883 0.9406901 0.2384547 -0.2166465 0.9466803 0.04753057 -0.3137173 0.9483261 0.1305336 -0.2945558 0.9466773 0 -1 1.685874e-07 0.1595107 -0.9871962 1.69857e-07 -0.1595105 -0.9871962 1.54371e-07 0.1554968 -0.9878364 1.665368e-07 0.3149368 -0.9491126 3.476788e-07 0.3149371 -0.9491125 3.851409e-07 0.2191328 -0.9751967 0.03118016 0.2395787 -0.9708769 1.636776e-07 -0.1287076 -0.9360574 0.3274612 -0.3149363 -0.9491128 1.585377e-07 0.9946727 0.06885278 0.07671743 0.9969238 -0.0783775 1.321346e-08 0.9975496 0.06996254 2.319894e-05 0.9486026 -0.0745778 0.3075568 0.993856 -0.07813613 0.07839053 0.9398844 -0.33222 0.07903947 0.9428341 -0.3332625 5.618386e-08 0.9633399 0.2590891 0.06963563 0.8969461 -0.3170427 0.3081747 -0.1595107 0.9871962 -1.431477e-07 -0.3193797 0.9442738 0.07964625 0.7061346 -0.6371661 0.308858 0.7400913 -0.6678064 0.07936958 0.7424335 -0.6699198 1.1294e-07 -0.4020108 -0.9156349 1.543645e-07 -0.4007421 -0.9127466 0.07936853 0.01937262 -0.9998123 1.685558e-07 0.01931202 -0.9966844 0.07903947 -0.2191323 -0.9751968 0.03117998 0.4020104 -0.9156351 1.543645e-07 -0.239578 -0.9708771 1.636776e-07 -0.01937113 -0.9998124 1.685558e-07 -0.01931047 -0.9966844 0.07903976 -0.3823523 -0.870869 0.3088591 0.1287074 -0.9360577 0.3274606 -0.0737003 -0.5887801 0.8049263 -0.07054584 -0.8131571 0.5777532 0.1608679 -0.9751558 0.1522913 -0.0408357 -0.953005 0.3001899 -0.3149363 -0.9491128 1.543501e-07 -0.1608679 -0.9751557 0.1522919 0.07054657 -0.8131566 0.5777539 0.04083772 -0.9530049 0.3001897 -0.3149363 -0.9491128 1.600085e-07 0.4007424 -0.9127465 0.07936915 -0.07680593 -0.06201239 0.9951157 -0.3072365 -0.1109307 0.9451455 -0.2384557 -0.216645 0.9466804 -0.02731831 -0.2278987 0.9733015 -0.3309519 0.07465908 0.9406896 -0.3247447 -0.0248383 0.9454755 -0.1305323 -0.2945556 0.9466775 -0.04753143 -0.3137176 0.9483259 -0.05631151 -0.5576339 0.8281747 -0.2384181 -0.5430313 0.8051546 -0.3257153 -0.7418657 0.5861269 -0.440313 -0.3973042 0.8051546 -0.6015351 -0.5427799 0.5861276 -0.5594306 -0.1977417 0.8049445 -0.5899087 -0.04638102 0.8061368 -0.6003244 0.07193461 0.7965149 0.05631115 -0.5576341 0.8281747 0.07370145 -0.5887801 0.8049261 0.2384183 -0.5430307 0.8051549 0.3257165 -0.7418648 0.5861274 0.3823558 -0.8708679 0.3088579 0.4403111 -0.3973053 0.805155 0.6015335 -0.542782 0.5861273 0.5594314 -0.1977409 0.8049441 0.7644174 -0.2701975 0.5853711 0.5899108 -0.04637846 0.8061354 0.8083799 -0.0635536 0.5852203 0.6003243 0.07193052 0.7965154 0.8140647 0.06992594 0.5765492 0.9506705 0.06854488 0.3025347 -0.925615 0.2595196 0.2754751 -0.806861 0.2655511 0.5276911 -0.6189723 0.2747136 0.7358028 -0.3766503 0.285837 0.8811536 -0.3199284 0.8967679 0.3057011 -0.1295383 0.7995881 0.5864116 0.1295381 0.7995883 0.5864116 0.09676256 0.5842137 0.805811 -0.2954484 0.7625619 0.5755081 -0.09676278 0.5842141 0.8058107 -0.2443704 0.5568072 0.7938821 -0.3363433 0.9384784 0.07830374 -0.3848466 0.9226225 0.02570644 -0.3570673 0.9317046 0.06655447 -0.4568448 0.8557158 0.2429881 -0.381822 0.8774253 0.2904082 -0.3856788 0.9226118 0.006276552 -0.5502083 0.7075818 0.4433946 -0.4121134 0.736774 0.5360285 -0.6046414 0.5132051 0.6091218 -0.4105002 0.5366524 0.7372203 -0.515716 0.8386598 0.175176 -0.6561716 0.6850085 0.3165473 -0.3738047 0.9262333 0.04859965 -0.7528102 0.4949456 0.433942 -0.8458397 0.4833187 0.225739 -0.5536195 0.8276827 0.09190684 -0.7433982 0.6675571 0.04155395 -0.7231428 0.670689 0.1650476 -0.5625129 0.826471 0.02291105 -0.8750925 0.480592 0.05696009 -0.7419456 0.6704601 3.80953e-05 -0.3826038 0.9239125 -1.463419e-07 -0.5585125 0.8294961 1.001795e-05 -0.8754195 0.4833638 6.610303e-05 -0.9651174 0.2618176 6.14808e-05 0.2954497 0.7625609 0.5755088 0.412112 0.7367764 0.5360264 0.5502044 0.7075836 0.4433966 0.2443704 0.5568087 0.7938811 0.4104963 0.5366546 0.7372209 0.6046419 0.5132068 0.6091198 0.1705724 0.2950802 0.9401238 0.3766467 0.2858345 0.881156 0.6561717 0.6850074 0.3165495 0.7528117 0.4949454 0.4339396 0.6189716 0.2747094 0.7358049 0.8068653 0.2655483 0.527686 0.7231419 0.6706909 0.165044 0.8458408 0.4833166 0.2257396 0.9256144 0.2595207 0.2754759 0.7433985 0.6675566 0.04155599 0.8750929 0.4805913 0.05696024 0.7419457 0.6704599 3.812074e-05 0.8754204 0.4833622 6.609375e-05 0.965117 0.2618188 6.14652e-05 0.01519258 0.08391902 0.9963568 0.1705729 0.2950808 0.9401235 0.05408103 0.3145996 0.9476826 7.195701e-17 1.685874e-07 1 -1.235105e-16 1.685874e-07 1 -0.01519254 0.083919 0.9963568 0.1044205 0.07620986 0.991609 -0.05408091 0.3145996 0.9476826 -0.1044211 0.07620993 0.9916089 -0.07680555 -0.06201219 0.9951158 -0.3193793 0.9442741 0.07964552 -0.3856805 0.9226111 0.006277061 -0.3363414 0.9384791 0.07830383 -0.3199288 0.8967675 0.3057019 -0.1595104 0.9871963 -1.424179e-07 -0.3826053 0.9239119 -5.54137e-08 -0.1500348 0.9391776 0.3089255 -0.1577744 0.9842988 0.07913988 -0.5585117 0.8294966 1.011601e-05 -0.5625119 0.8264717 0.02291177 -0.4568436 0.8557156 0.2429914 -0.3818209 0.8774247 0.2904112 -0.3848473 0.9226222 0.02570554 -0.5536181 0.8276839 0.09190408 -0.35706 0.9317079 0.06654739 -0.5157171 0.8386605 0.1751694 -0.3738095 0.9262314 0.04859863 0.1577747 0.9842987 0.07913988 0.9946727 0.06885283 0.07671748 0.9975496 0.06996253 2.3205e-05 0.9633402 0.259088 0.06963475 0.9486028 -0.07458362 0.3075548 0.9938557 -0.07813817 0.07839177 0.9969237 -0.07837825 1.321358e-08 0.9428333 -0.3332648 5.618424e-08 0.8969453 -0.3170407 0.3081789 0.939884 -0.3322202 0.07904289 0.706136 -0.6371637 0.3088597 0.7400912 -0.6678068 0.07936635 0.7424333 -0.66992 1.129401e-07 0.9506717 0.06854128 0.3025317 0.925615 0.2595196 0.2754751 0.8083804 -0.06355931 0.585219 0.7644176 -0.2702007 0.5853694 -0.1705724 0.2950802 0.9401238 -0.009218227 -0.07410737 0.9972077 -0.02731821 -0.2278988 0.9733015 -0.2384547 -0.2166465 0.9466803 -0.1305336 -0.2945558 0.9466773 -0.3309504 0.07465883 0.9406901 -0.324744 -0.02483533 0.9454758 -0.04753057 -0.3137173 0.9483261 -0.3072373 -0.1109322 0.9451451 0.1554968 -0.9878364 1.665368e-07 -0.1595107 -0.9871962 1.69857e-07 0 -1 1.685874e-07 -0.1287074 -0.9360577 0.3274606 -0.3149371 -0.9491125 3.851409e-07 -0.3149368 -0.9491126 3.476788e-07 -0.3149363 -0.9491128 1.600085e-07 0.1595105 -0.9871962 1.54371e-07 0.2191323 -0.9751968 0.03117998 0.239578 -0.9708771 1.636776e-07 0.3149363 -0.9491128 1.585377e-07 0.1287076 -0.9360574 0.3274612 -0.9975496 0.06996254 2.319894e-05 -0.9969238 -0.0783775 1.321346e-08 -0.9946727 0.06885278 0.07671743 -0.9633399 0.2590891 0.06963563 -0.965117 0.2618188 6.14652e-05 -0.9398844 -0.33222 0.07903947 -0.993856 -0.07813613 0.07839053 -0.9486026 -0.0745778 0.3075568 -0.9506705 0.06854488 0.3025347 -0.8969461 -0.3170427 0.3081747 0.1500351 0.9391774 0.3089261 0.1595107 0.9871962 -1.431477e-07 -0.9428341 -0.3332625 5.618386e-08 -0.7061346 -0.6371661 0.308858 -0.7400913 -0.6678064 0.07936958 0.4020108 -0.9156349 1.543645e-07 -0.01931202 -0.9966844 0.07903947 -0.01937262 -0.9998123 1.685558e-07 -0.4020104 -0.9156351 1.543645e-07 0.1608679 -0.9751557 0.1522919 0.01931047 -0.9966844 0.07903976 0.01937113 -0.9998124 1.685558e-07 0.4007421 -0.9127466 0.07936853 0.3823523 -0.870869 0.3088591 0.0408357 -0.953005 0.3001899 -0.2395787 -0.9708769 1.636776e-07 -0.2191328 -0.9751967 0.03118016 -0.1608679 -0.9751558 0.1522913 0.07054584 -0.8131571 0.5777532 0.3149363 -0.9491128 1.543501e-07 -0.07054657 -0.8131566 0.5777539 -0.04083772 -0.9530049 0.3001897 -0.7424335 -0.6699198 1.1294e-07 -0.4007424 -0.9127465 0.07936915 0.07680593 -0.06201239 0.9951157 0.2384557 -0.216645 0.9466804 0.3072365 -0.1109307 0.9451455 0.02183906 -0.1755687 0.9842249 0.02731831 -0.2278987 0.9733015 0.04753143 -0.3137176 0.9483259 0.1305323 -0.2945556 0.9466775 0.3247447 -0.0248383 0.9454755 0.05631151 -0.5576339 0.8281747 0.0737003 -0.5887801 0.8049263 0.2384181 -0.5430313 0.8051546 0.3257153 -0.7418657 0.5861269 0.440313 -0.3973042 0.8051546 0.6015351 -0.5427799 0.5861276 0.5594306 -0.1977417 0.8049445 0.5899087 -0.04638102 0.8061368 -0.05631115 -0.5576341 0.8281747 -0.07370145 -0.5887801 0.8049261 -0.2384183 -0.5430307 0.8051549 -0.3257165 -0.7418648 0.5861274 -0.3823558 -0.8708679 0.3088579 -0.4403111 -0.3973053 0.805155 -0.6015335 -0.542782 0.5861273 -0.5594314 -0.1977409 0.8049441 -0.7644174 -0.2701975 0.5853711 -0.5899108 -0.04637846 0.8061354 -0.8083799 -0.0635536 0.5852203 -0.6003243 0.07193052 0.7965154 -0.8140647 0.06992594 0.5765492 0.8140639 0.06992999 0.5765499 0.806861 0.2655511 0.5276911 -0.3766467 0.2858345 0.881156 0.3309519 0.07465908 0.9406896 0.6003244 0.07193461 0.7965149 0.6189723 0.2747136 0.7358028 0.3766503 0.285837 0.8811536 -0.6189716 0.2747094 0.7358049 0.3193797 0.9442738 0.07964625 0.1295383 0.7995881 0.5864116 -0.1295381 0.7995883 0.5864116 -0.2954497 0.7625609 0.5755088 -0.09676256 0.5842137 0.805811 0.09676278 0.5842141 0.8058107 0.3199284 0.8967679 0.3057011 0.2954484 0.7625619 0.5755081 0.2443704 0.5568072 0.7938821 0.3363433 0.9384784 0.07830374 0.3856788 0.9226118 0.006276552 0.381822 0.8774253 0.2904082 0.4568448 0.8557158 0.2429881 0.3570673 0.9317046 0.06655447 0.3826038 0.9239125 -1.463419e-07 0.5502083 0.7075818 0.4433946 0.4121134 0.736774 0.5360285 0.6046414 0.5132051 0.6091218 0.4105002 0.5366524 0.7372203 0.6561716 0.6850085 0.3165473 0.515716 0.8386598 0.175176 0.3848466 0.9226225 0.02570644 0.3738047 0.9262333 0.04859965 0.7528102 0.4949456 0.433942 0.7231428 0.670689 0.1650476 0.5536195 0.8276827 0.09190684 0.8458397 0.4833187 0.225739 0.7433982 0.6675571 0.04155395 0.5625129 0.826471 0.02291105 0.8750925 0.480592 0.05696009 0.8754195 0.4833638 6.610303e-05 0.9651174 0.2618176 6.14808e-05 -0.412112 0.7367764 0.5360264 -0.5502044 0.7075836 0.4433966 -0.2443704 0.5568087 0.7938811 -0.6046419 0.5132068 0.6091198 -0.4104963 0.5366546 0.7372209 -0.6561717 0.6850074 0.3165495 -0.7528117 0.4949454 0.4339396 -0.8068653 0.2655483 0.527686 -0.7231419 0.6706909 0.165044 -0.8458408 0.4833166 0.2257396 -0.9256144 0.2595207 0.2754759 -0.7433985 0.6675566 0.04155599 -0.8750929 0.4805913 0.05696024 -0.7419457 0.6704599 3.812074e-05 -0.8754204 0.4833622 6.609375e-05 0.5585125 0.8294961 1.001795e-05 0.7419456 0.6704601 3.80953e-05 -0.01519258 0.08391868 -0.9963568 -0.1705729 0.2950805 -0.9401236 -0.05408103 0.3145993 -0.9476827 0.01519254 0.08391867 -0.9963568 7.195701e-17 -1.685874e-07 -1 -1.235105e-16 -1.685874e-07 -1 -0.1044205 0.07620952 -0.991609 0.05408091 0.3145993 -0.9476827 0.1044211 0.07620959 -0.991609 0.07680555 -0.06201253 -0.9951157 0.3848473 0.9226222 -0.02570585 0.35706 0.9317079 -0.0665477 0.3363414 0.9384791 -0.07830415 0.5625119 0.8264717 -0.02291205 0.5536181 0.8276839 -0.09190435 0.3856805 0.9226111 -0.006277372 0.5157171 0.8386605 -0.1751697 0.4568436 0.8557155 -0.2429917 0.3738095 0.9262314 -0.04859894 0.3199288 0.8967674 -0.3057022 0.3193793 0.944274 -0.07964584 0.3818209 0.8774246 -0.2904115 0.1595104 0.9871963 -1.904398e-07 -0.1577747 0.9842987 -0.07914021 -0.1595107 0.9871962 -1.8971e-07 0.1577744 0.9842988 -0.07914022 0.3826053 0.9239119 -2.561061e-07 -0.1500351 0.9391773 -0.3089264 0.1500348 0.9391775 -0.3089259 0.5585117 0.8294966 -1.039569e-05 -0.9946727 0.0688528 -0.07671751 -0.9969237 -0.07837825 1.321358e-08 -0.9975496 0.06996253 -2.322859e-05 -0.9633402 0.259088 -0.06963484 -0.9486028 -0.07458372 -0.3075548 -0.9938557 -0.0781382 -0.07839175 -0.8969453 -0.3170408 -0.3081788 -0.939884 -0.3322202 -0.07904278 -0.9428333 -0.3332648 5.618424e-08 -0.706136 -0.6371638 -0.3088595 -0.7424333 -0.66992 1.129401e-07 -0.7400912 -0.6678069 -0.07936613 -0.9506717 0.06854118 -0.3025317 -0.925615 0.2595195 -0.2754752 -0.8083804 -0.06355951 -0.585219 -0.7644176 -0.2702009 -0.5853693 0.1705724 0.2950799 -0.9401239 0.009218227 -0.07410771 -0.9972076 0.02731821 -0.2278992 -0.9733014 0.3072373 -0.1109326 -0.9451451 0.2384547 -0.2166468 -0.9466803 0.1305336 -0.2945561 -0.9466772 0.04753057 -0.3137176 -0.948326 0.324744 -0.02483565 -0.9454758 0.3309504 0.07465852 -0.9406901 0.09679788 -0.9953041 1.727348e-08 -0.1554968 -0.9878364 1.665368e-07 0 -1 1.685874e-07 -0.1595105 -0.9871962 1.784867e-07 -0.3149363 -0.9491128 1.614792e-07 -0.1287076 -0.9360575 -0.3274609 0.9975496 0.06996254 -2.322253e-05 0.9969238 -0.0783775 1.321346e-08 0.9946727 0.06885276 -0.07671745 0.9633399 0.2590891 -0.06963572 0.965117 0.2618188 -6.155348e-05 0.9398844 -0.3322201 -0.07903935 0.993856 -0.07813616 -0.0783905 0.9486026 -0.0745779 -0.3075568 0.9506705 0.06854477 -0.3025347 0.8969461 -0.3170428 -0.3081746 0.9428341 -0.3332625 5.618386e-08 0.7061346 -0.6371662 -0.3088578 0.7400913 -0.6678064 -0.07936936 -0.4020108 -0.9156349 1.543645e-07 -0.239578 -0.9708771 1.636776e-07 -0.2191323 -0.9751968 -0.03117965 0.01937262 -0.9998123 1.685558e-07 -0.1608679 -0.9751558 -0.1522916 0.04083772 -0.953005 -0.3001894 0.01931202 -0.9966844 -0.07903914 0.4020104 -0.9156351 1.543645e-07 0.3823558 -0.870868 -0.3088576 0.4007424 -0.9127465 -0.07936884 -0.4007421 -0.9127466 -0.07936822 -0.01937113 -0.9998124 1.685558e-07 -0.3823523 -0.8708691 -0.3088588 -0.01931047 -0.9966844 -0.07903943 0.2150136 -0.9766111 1.651642e-07 -0.0408357 -0.9530051 -0.3001896 0.2191329 -0.9751967 -0.03117987 0.3149365 -0.9491127 -1.142909e-07 0.3149373 -0.9491125 6.140479e-07 0.1287078 -0.9360579 -0.3274599 0 0 0 0.1608679 -0.9751559 -0.1522909 -0.0737003 -0.5887804 -0.8049261 -0.05631151 -0.5576342 -0.8281745 -0.07054584 -0.8131573 -0.577753 0.07370145 -0.5887804 -0.8049259 0.07054657 -0.8131568 -0.5777536 -0.3149363 -0.9491128 1.656668e-07 0.7424335 -0.6699198 1.1294e-07 -0.07680593 -0.06201273 -0.9951157 -0.02183906 -0.175569 -0.9842249 -0.02731831 -0.2278991 -0.9733015 -0.04753143 -0.3137179 -0.9483258 -0.1305323 -0.294556 -0.9466774 -0.2384557 -0.2166453 -0.9466803 -0.3072365 -0.110931 -0.9451455 -0.3247447 -0.02483862 -0.9454755 -0.2384181 -0.5430315 -0.8051544 -0.3257153 -0.7418659 -0.5861266 -0.440313 -0.3973044 -0.8051544 -0.6015351 -0.5427801 -0.5861274 -0.5594306 -0.197742 -0.8049444 -0.5899087 -0.04638129 -0.8061368 0.05631115 -0.5576343 -0.8281745 0.2384183 -0.543031 -0.8051547 0.3257165 -0.741865 -0.5861272 0.4403111 -0.3973055 -0.8051549 0.6015335 -0.5427822 -0.5861271 0.5594314 -0.1977412 -0.8049441 0.7644174 -0.2701977 -0.585371 0.5899108 -0.04637873 -0.8061354 0.8083799 -0.0635538 -0.5852203 0.6003243 0.07193025 -0.7965154 0.8140647 0.06992574 -0.5765492 -0.8140639 0.0699298 -0.5765499 -0.806861 0.2655509 -0.5276912 0.3766467 0.2858342 -0.8811561 -0.3309519 0.07465877 -0.9406896 -0.6003244 0.07193434 -0.796515 -0.6189723 0.2747133 -0.7358029 -0.3766503 0.2858367 -0.8811537 0.6189716 0.2747091 -0.735805 -0.3193797 0.9442738 -0.07964657 0.1295381 0.7995881 -0.5864118 -0.1295383 0.7995879 -0.5864119 -0.3199284 0.8967678 -0.3057014 0.09676256 0.5842134 -0.8058112 -0.09676278 0.5842138 -0.8058109 -0.2954484 0.7625617 -0.5755084 -0.2443704 0.5568069 -0.7938823 -0.3363433 0.9384784 -0.07830406 -0.3856788 0.9226118 -0.006276863 -0.381822 0.8774252 -0.2904085 -0.3826038 0.9239125 -1.651781e-07 -0.4121134 0.7367739 -0.5360288 -0.4105002 0.5366522 -0.7372205 -0.6046414 0.5132049 -0.6091219 -0.4568448 0.8557158 -0.2429884 -0.5502083 0.7075817 -0.4433948 -0.6561716 0.6850084 -0.3165476 -0.3570673 0.9317046 -0.06655479 -0.3848466 0.9226225 -0.02570675 -0.515716 0.8386598 -0.1751763 -0.7528102 0.4949454 -0.4339422 -0.3738047 0.9262333 -0.04859996 -0.7231428 0.6706889 -0.1650478 -0.5536195 0.8276827 -0.09190712 -0.8458397 0.4833187 -0.2257392 -0.7433982 0.6675571 -0.04155418 -0.5625129 0.826471 -0.02291133 -0.8750925 0.480592 -0.05696025 -0.7419456 0.6704601 -3.832137e-05 -0.5585125 0.8294961 -1.029763e-05 -0.8754195 0.4833638 -6.626601e-05 -0.9651174 0.2618176 -6.156908e-05 0.5502044 0.7075834 -0.4433969 0.412112 0.7367762 -0.5360266 0.2954497 0.7625607 -0.5755091 0.2443704 0.5568084 -0.7938813 0.6046419 0.5132066 -0.60912 0.4104963 0.5366543 -0.7372211 0.6561717 0.6850073 -0.3165497 0.7528117 0.4949452 -0.4339398 0.8068653 0.2655481 -0.527686 0.7231419 0.6706909 -0.1650442 0.8458408 0.4833165 -0.2257398 0.9256144 0.2595206 -0.275476 0.7433985 0.6675566 -0.04155621 0.8750929 0.4805912 -0.0569604 0.7419457 0.6704599 -3.834681e-05 0.8754204 0.4833622 -6.625673e-05 0.01519258 0.08391868 -0.9963568 0.1705729 0.2950805 -0.9401236 0.1044205 0.07620952 -0.991609 -0.05408091 0.3145993 -0.9476827 0.05408103 0.3145993 -0.9476827 0 -1.685874e-07 -1 -0.01519254 0.08391867 -0.9963568 -1.529279e-16 -1.685874e-07 -1 0.007731484 -0.06215521 -0.9980365 -0.3193793 0.944274 -0.07964584 -0.3856805 0.9226111 -0.006277372 -0.3826053 0.9239119 -2.561061e-07 -0.1595104 0.9871963 -1.904398e-07 -0.1577744 0.9842988 -0.07914022 -0.5585117 0.8294966 -1.039569e-05 -0.3363414 0.9384791 -0.07830415 -0.3848473 0.9226222 -0.02570585 -0.4568436 0.8557155 -0.2429917 -0.35706 0.9317079 -0.0665477 -0.5157171 0.8386605 -0.1751697 -0.3738095 0.9262314 -0.04859894 -0.5625119 0.8264717 -0.02291205 -0.5536181 0.8276839 -0.09190435 0.9946727 0.0688528 -0.07671751 0.9486028 -0.07458372 -0.3075548 0.9506717 0.06854118 -0.3025317 0.9969237 -0.07837825 1.321358e-08 0.9938557 -0.0781382 -0.07839175 0.9975496 0.06996253 -2.322859e-05 0.9428333 -0.3332648 5.618424e-08 0.939884 -0.3322202 -0.07904278 0.8969453 -0.3170408 -0.3081788 0.7424333 -0.66992 1.129401e-07 0.7400912 -0.6678069 -0.07936613 0.706136 -0.6371638 -0.3088595 0.7644176 -0.2702009 -0.5853693 0.8083804 -0.06355951 -0.585219 0.9633402 0.259088 -0.06963484 0.8140639 0.0699298 -0.5765499 -0.1044211 0.07620959 -0.991609 -0.005198348 -0.04179093 -0.9991129 -0.07680555 -0.06201253 -0.9951157 -0.02731821 -0.2278992 -0.9733014 -0.04753057 -0.3137176 -0.948326 -0.1305336 -0.2945561 -0.9466772 -0.2384547 -0.2166468 -0.9466803 -0.3072373 -0.1109326 -0.9451451 -0.324744 -0.02483565 -0.9454758 -0.3309504 0.07465852 -0.9406901 0 -1 1.685874e-07 -0.1595107 -0.9871962 1.933561e-07 0.1595105 -0.9871962 1.784867e-07 0 -1 1.685874e-07 -0.3149368 -0.9491126 1.600084e-07 -0.2191328 -0.9751967 -0.03117983 -0.2395787 -0.9708769 1.636776e-07 0.3149363 -0.9491128 1.600085e-07 0.3149363 -0.9491128 1.656668e-07 0.3149363 -0.9491128 1.614792e-07 0.1287076 -0.9360575 -0.3274609 -0.9946727 0.06885276 -0.07671745 -0.9969238 -0.0783775 1.321346e-08 -0.9975496 0.06996254 -2.322253e-05 -0.9486026 -0.0745779 -0.3075568 -0.993856 -0.07813616 -0.0783905 -0.9398844 -0.3322201 -0.07903935 -0.9428341 -0.3332625 5.618386e-08 -0.9633399 0.2590891 -0.06963572 -0.8969461 -0.3170428 -0.3081746 0.1577747 0.9842987 -0.07914021 0.1595107 0.9871962 -1.8971e-07 -0.7061346 -0.6371662 -0.3088578 -0.7400913 -0.6678064 -0.07936936 -0.7424335 -0.6699198 1.1294e-07 0.4020108 -0.9156349 1.543645e-07 -0.01937262 -0.9998123 1.685558e-07 0.2191323 -0.9751968 -0.03117965 0.239578 -0.9708771 1.636776e-07 -0.01931202 -0.9966844 -0.07903914 -0.04083772 -0.953005 -0.3001894 -0.3823558 -0.870868 -0.3088576 -0.4020104 -0.9156351 1.543645e-07 -0.4007424 -0.9127465 -0.07936884 0.4007421 -0.9127466 -0.07936822 0.01937113 -0.9998124 1.685558e-07 0.01931047 -0.9966844 -0.07903943 0.3823523 -0.8708691 -0.3088588 -0.3149369 -0.9491126 7.300845e-08 -0.1287074 -0.9360578 -0.3274602 -0.1608679 -0.9751559 -0.1522909 0.0408357 -0.9530051 -0.3001896 0.0737003 -0.5887804 -0.8049261 0.07054584 -0.8131573 -0.577753 -0.07054657 -0.8131568 -0.5777536 -0.07370145 -0.5887804 -0.8049259 0.1608679 -0.9751558 -0.1522916 0.07680593 -0.06201273 -0.9951157 0.2384557 -0.2166453 -0.9466803 0.1305323 -0.294556 -0.9466774 0.02731831 -0.2278991 -0.9733015 0.3072365 -0.110931 -0.9451455 0.3247447 -0.02483862 -0.9454755 0.3309519 0.07465877 -0.9406896 0.04753143 -0.3137179 -0.9483258 0.05631151 -0.5576342 -0.8281745 0.2384181 -0.5430315 -0.8051544 0.3257153 -0.7418659 -0.5861266 0.440313 -0.3973044 -0.8051544 0.6015351 -0.5427801 -0.5861274 0.5594306 -0.197742 -0.8049444 0.5899087 -0.04638129 -0.8061368 0.6003244 0.07193434 -0.796515 -0.05631115 -0.5576343 -0.8281745 -0.2384183 -0.543031 -0.8051547 -0.3257165 -0.741865 -0.5861272 -0.4403111 -0.3973055 -0.8051549 -0.5594314 -0.1977412 -0.8049441 -0.6015335 -0.5427822 -0.5861271 -0.7644174 -0.2701977 -0.585371 -0.5899108 -0.04637873 -0.8061354 -0.8083799 -0.0635538 -0.5852203 -0.6003243 0.07193025 -0.7965154 -0.8140647 0.06992574 -0.5765492 -0.9506705 0.06854477 -0.3025347 0.925615 0.2595195 -0.2754752 0.806861 0.2655509 -0.5276912 0.6189723 0.2747133 -0.7358029 0.3766503 0.2858367 -0.8811537 0.1500351 0.9391773 -0.3089264 0.3193797 0.9442738 -0.07964657 0.3199284 0.8967678 -0.3057014 -0.1500348 0.9391775 -0.3089259 -0.3199288 0.8967674 -0.3057022 0.1295383 0.7995879 -0.5864119 0.2954484 0.7625617 -0.5755084 -0.09676256 0.5842134 -0.8058112 -0.1295381 0.7995881 -0.5864118 -0.2954497 0.7625607 -0.5755091 0.09676278 0.5842138 -0.8058109 0.2443704 0.5568069 -0.7938823 0.3363433 0.9384784 -0.07830406 0.381822 0.8774252 -0.2904085 0.3848466 0.9226225 -0.02570675 0.3570673 0.9317046 -0.06655479 0.4568448 0.8557158 -0.2429884 0.5502083 0.7075817 -0.4433948 0.4121134 0.7367739 -0.5360288 0.3856788 0.9226118 -0.006276863 0.6046414 0.5132049 -0.6091219 0.4105002 0.5366522 -0.7372205 0.6561716 0.6850084 -0.3165476 0.515716 0.8386598 -0.1751763 0.3738047 0.9262333 -0.04859996 0.7528102 0.4949454 -0.4339422 0.7231428 0.6706889 -0.1650478 0.5536195 0.8276827 -0.09190712 0.8458397 0.4833187 -0.2257392 0.5625129 0.826471 -0.02291133 0.7433982 0.6675571 -0.04155418 0.8750925 0.480592 -0.05696025 0.3826038 0.9239125 -1.651781e-07 0.5585125 0.8294961 -1.029763e-05 0.7419456 0.6704601 -3.832137e-05 0.8754195 0.4833638 -6.626601e-05 0.9651174 0.2618176 -6.156908e-05 -0.3818209 0.8774246 -0.2904115 -0.5502044 0.7075834 -0.4433969 -0.412112 0.7367762 -0.5360266 -0.2443704 0.5568084 -0.7938813 -0.6046419 0.5132066 -0.60912 -0.4104963 0.5366543 -0.7372211 -0.1705724 0.2950799 -0.9401239 -0.3766467 0.2858342 -0.8811561 -0.6561717 0.6850073 -0.3165497 -0.7528117 0.4949452 -0.4339398 -0.6189716 0.2747091 -0.735805 -0.8068653 0.2655481 -0.527686 -0.7231419 0.6706909 -0.1650442 -0.8458408 0.4833165 -0.2257398 -0.9256144 0.2595206 -0.275476 -0.7433985 0.6675566 -0.04155621 -0.8750929 0.4805912 -0.0569604 -0.7419457 0.6704599 -3.834681e-05 -0.8754204 0.4833622 -6.625673e-05 -0.965117 0.2618188 -6.155348e-05 -2.179169e-17 -1 1.685874e-07 3.057138e-16 -1 1.685874e-07 3.138926e-16 -1 1.685874e-07 2.287634e-17 -1 1.685874e-07 -2.454038e-17 -1 1.685874e-07 2.048065e-17 -1 1.685874e-07 -3.091159e-16 -1 1.685874e-07 -3.265588e-16 -1 1.685874e-07 -1.198803e-16 -1 1.685874e-07 -1.141713e-16 -1 1.685874e-07 2.37008e-17 -1 1.685874e-07 2.465727e-17 -1 1.685874e-07 -2.645086e-17 -1 1.685874e-07 -2.534436e-17 -1 1.685874e-07 9.77286e-17 -1 1.685874e-07 1.175059e-16 -1 1.685874e-07 3.214865e-18 -1 1.685874e-07 -2.409711e-17 -1 1.685874e-07 -2.584995e-17 -1 1.685874e-07 -6.429727e-18 -1 1.685874e-07 4.569875e-18 -1 1.685874e-07 -9.139755e-18 -1 1.685874e-07 5.169991e-17 -1 1.685874e-07 4.819423e-17 -1 1.685874e-07 -5.409837e-08 -0.331129 -0.9435855 4.983445e-08 -0.3311289 -0.9435855 -4.671289e-08 -0.3311289 -0.9435855 -9.66543e-08 -0.331129 -0.9435855 -9.605263e-08 -0.331129 -0.9435855 5.828067e-08 -0.331129 -0.9435855 1.037355e-07 -0.331129 -0.9435855 1.030396e-07 -0.331129 -0.9435855 0.9775605 -0.2106547 3.551372e-08 0.9901989 -0.1104384 -0.08549544 0.9901989 -0.1104384 0.08549548 0.9775605 -0.2106547 3.551373e-08 0.9909544 -0.1062892 -0.08192663 0.9792262 -0.2027707 3.418459e-08 0.9792262 -0.2027707 3.418459e-08 0.9909544 -0.1062893 0.08192642 0.9856078 2.849936e-08 0.169048 0.9856078 2.849936e-08 0.169048 0.9792262 0.202771 -3.418464e-08 0.9909544 0.1062895 0.08192636 0.9909544 0.1062894 -0.08192664 0.9792262 0.202771 -3.418464e-08 0.6369212 0.7709289 -1.299689e-07 0.6369212 0.7709289 -1.299689e-07 0.8187685 0.5741237 -9.679003e-08 0.8187685 0.5741237 -9.679003e-08 0.9856078 -2.849943e-08 -0.1690484 0.9856078 -2.849943e-08 -0.1690484 0.9843591 -2.970066e-08 -0.1761737 0.9843591 -2.970066e-08 -0.1761737 0.9901989 0.1104384 -0.08549548 0.9901989 0.1104384 0.08549544 0.9775605 0.2106547 -3.551372e-08 0.9775605 0.2106547 -3.551373e-08 0.9843591 2.970066e-08 0.1761737 0.9843591 2.970066e-08 0.1761737 0.5849929 0.8110384 -1.367309e-07 0.5849929 0.8110384 -1.367309e-07 0 -1.685874e-07 -1 0 -1.685874e-07 -1 0 -1.685874e-07 -1 0 -1.685874e-07 -1 1 0 0 1 0 0 1 0 0 1 0 0 1 0 0 1 0 0 1 0 0 1 0 0 1 0 0 1 0 0 1 0 0 1 0 0 0 1 -1.685874e-07 0 1 -1.685874e-07 0 1 -1.685874e-07 0 1 -1.685874e-07 0 -1 1.685874e-07 0 -1 1.685874e-07 0 -1 1.685874e-07 0 -1 1.685874e-07 0 -1 1.685874e-07 0 -1 1.685874e-07 0 1 -1.685874e-07 0 1 -1.685874e-07 0 1 -1.685874e-07 0 1 -1.685874e-07 -1 0 0 -1 0 0 -1 0 0 -1 0 0 -1 0 0 -1 0 0 -1 0 0 -1 0 0 -1 0 0 0 -1.685874e-07 -1 0 -1.685874e-07 -1 0 -1.685874e-07 -1 0 -1.685874e-07 -1 0 -1 1.685874e-07 0 -1 1.685874e-07 -1 0 0 -1 0 0 0 1.685874e-07 1 0 1.685874e-07 1 0 1.685874e-07 1 0 1.685874e-07 1 0 1.685874e-07 1 0 1.685874e-07 1 0 1.685874e-07 1 0 1.685874e-07 1 -8.120766e-17 1 -1.685874e-07 -4.008062e-16 1 -1.685874e-07 -6.692547e-16 1 -1.685874e-07 1.872409e-16 1 -1.685874e-07 1 0 0 1 0 0 0 0.7071111 -0.7071024 0 0.7071111 -0.7071024 0 0.7071111 -0.7071024 0 0.7071111 -0.7071024 0 0.707112 0.7071016 0 0.707112 0.7071016 0 0.707112 0.7071016 0 0.707112 0.7071016 -2.297537e-08 0.707109 -0.7071046 -1.720344e-09 0.7071088 -0.7071047 0 0.7071088 -0.7071048 -2.469572e-08 0.707109 -0.7071046 8.60172e-10 0.707109 0.7071046 1.148769e-08 0.707109 0.7071045 1.234786e-08 0.707109 0.7071045 0 0.707109 0.7071046 -1 0 0 -1 0 0 -1 0 0 -1 0 0 -1 0 0 0 0.9999942 -0.003401191 0 0.9999942 -0.003401191 0 0.9999942 -0.003401191 0 0.9999942 -0.003401191 -0.9999056 -2.316037e-09 -0.0137379 -0.9999056 -2.316037e-09 -0.0137379 -0.9999056 -2.316037e-09 -0.0137379 -0.9999056 -2.316037e-09 -0.0137379 0.9999056 -2.316037e-09 -0.0137379 0.9999056 -2.316037e-09 -0.0137379 0.9999056 -2.316037e-09 -0.0137379 0.9999056 -2.316037e-09 -0.0137379 0 1.685874e-07 1 0 1.685874e-07 1 0 1.685874e-07 1 0 1.685874e-07 1 -0.595386 -0.5953796 0.5394801 -0.595386 -0.5953796 0.5394801 -0.595386 -0.5953796 0.5394801 0.5953851 -0.59538 0.5394805 0.5953851 -0.59538 0.5394805 0.5953851 -0.59538 0.5394805 -0.5953842 0.595383 0.5394782 -0.5953842 0.595383 0.5394782 -0.5953842 0.595383 0.5394782 0.5953834 0.5953834 0.5394787 0.5953834 0.5953834 0.5394787 0.5953834 0.5953834 0.5394787 0 -0.7410381 0.6714629 0 -0.7410381 0.6714629 0 -0.7410381 0.6714629 0 -0.7410381 0.6714629 0 0.7410412 0.6714596 0 0.7410412 0.6714596 0 0.7410412 0.6714596 0 0.7410412 0.6714596 0.7410411 1.131996e-07 0.6714597 0.7410411 1.131996e-07 0.6714597 0.7410411 1.131996e-07 0.6714597 0.7410411 1.131996e-07 0.6714597 -0.7410418 1.131995e-07 0.6714589 -0.7410418 1.131995e-07 0.6714589 -0.7410418 1.131995e-07 0.6714589 -0.7410418 1.131995e-07 0.6714589 0.7070637 0.7070668 -0.01084048 0.7070652 0.7070653 -0.0108404 0.7070652 0.7070652 -0.0108404 0.7070637 0.7070668 -0.01084049 0.7070682 -0.7070623 -0.01084029 0.7070669 -0.7070636 -0.01084018 0.7070668 -0.7070637 -0.01084018 0.7070682 -0.7070622 -0.01084029 -0.7070689 -0.7070615 -0.01084034 -0.7070668 -0.7070637 -0.01084018 -0.7070669 -0.7070636 -0.01084018 -0.707069 -0.7070615 -0.01084035 -0.7070637 0.7070667 -0.01084054 -0.7070659 0.7070646 -0.01084041 -0.7070637 0.7070668 -0.01084054 -0.707066 0.7070645 -0.0108404 0 -0.9999942 -0.003400854 0 -0.9999942 -0.003400854 0 -0.9999942 -0.003400854 0 -0.9999942 -0.003400854 -1.736686e-10 0.9999898 0.004517481 -5.001313e-10 0.9999898 0.004517481 0 0.9999898 0.00451748 -6.839938e-10 0.9999898 0.004517481 0.9998335 3.076421e-09 0.01824822 0.9998335 3.076421e-09 0.01824822 0.9998335 3.076421e-09 0.01824822 0.9998335 3.076421e-09 0.01824822 -0.9998335 3.076359e-09 0.01824786 -0.9998335 3.076359e-09 0.01824786 -0.9998335 3.076359e-09 0.01824786 -0.9998335 3.076359e-09 0.01824786 0 -1.685874e-07 -1 0 -1.685874e-07 -1 0 -1.685874e-07 -1 0 -1.685874e-07 -1 0.5953878 -0.5953792 -0.5394784 0.5953878 -0.5953792 -0.5394784 0.5953878 -0.5953792 -0.5394784 -0.595384 -0.5953813 -0.5394803 -0.595384 -0.5953813 -0.5394803 -0.595384 -0.5953813 -0.5394803 0.5953861 0.5953823 -0.5394769 0.5953861 0.5953823 -0.5394769 0.5953861 0.5953823 -0.5394769 -0.5953822 0.5953844 -0.5394789 -0.5953822 0.5953844 -0.5394789 -0.5953822 0.5953844 -0.5394789 0 -0.741039 -0.671462 0 -0.741039 -0.671462 0 -0.741039 -0.671462 0 -0.741039 -0.671462 0 0.7410416 -0.6714591 0 0.7410416 -0.6714591 0 0.7410416 -0.6714591 0 0.7410416 -0.6714591 -0.7410404 -1.131998e-07 -0.6714604 -0.7410404 -1.131998e-07 -0.6714604 -0.7410404 -1.131998e-07 -0.6714604 -0.7410404 -1.131998e-07 -0.6714604 0.7410438 -1.131991e-07 -0.6714567 0.7410438 -1.131991e-07 -0.6714567 0.7410438 -1.131991e-07 -0.6714567 0.7410438 -1.131991e-07 -0.6714567 -0.7070335 0.7070335 0.01439922 -0.7070335 0.7070334 0.01439922 -0.7070335 0.7070334 0.01439922 -0.7070335 0.7070335 0.01439922 -0.7070364 -0.7070305 0.01439949 -0.7070336 -0.7070334 0.01439926 -0.7070335 -0.7070335 0.01439925 -0.7070365 -0.7070304 0.0143995 0.7070379 -0.7070291 0.01439976 0.7070352 -0.7070318 0.01439955 0.707038 -0.707029 0.01439977 0.7070351 -0.7070319 0.01439954 0.7070351 0.7070319 0.0143995 0.707035 0.707032 0.0143995 0.707035 0.707032 0.0143995 0.7070351 0.7070319 0.0143995 -1.736684e-10 -0.9999898 0.004517818 -5.001308e-10 -0.9999898 0.004517818 -6.839931e-10 -0.9999898 0.004517818 0 -0.9999898 0.004517818 0.08370745 0.1346647 -0.9873492 -0.001171692 -0.00176679 -0.9999978 -0.0004985581 -0.00178805 -0.9999983 -0.001429934 -0.001125891 -0.9999983 -0.02734051 0.1282897 -0.9913598 0.1211154 0.3956868 -0.9103642 0.1247892 0.02394034 -0.9918944 -0.0007265868 -1.905853e-05 -0.9999997 -0.001821557 0.0005876349 -0.9999982 0.3018333 0.3051289 -0.9032126 0.3937277 0.1441757 -0.9078501 0.1184097 -0.079188 -0.9898022 -0.001695927 0.002530875 -0.9999954 -0.001204127 0.0007348555 -0.999999 0.01818629 -0.1301051 -0.9913334 0.3833614 -0.1074885 -0.9173223 -0.1131258 -0.05207564 -0.992215 0.0007845861 6.792747e-05 -0.9999997 0.001176623 0.000864181 -0.9999989 -0.1253757 0.02487904 -0.9917973 0.0003750019 -0.0007889833 -0.9999996 0.0002781166 -0.0005508461 -0.9999998 -0.09341497 0.09726274 -0.9908651 0.12325 0.06892033 0.9899795 -0.0009246774 -0.0007620882 0.9999993 -0.002182897 -0.0003188819 0.9999976 0.126081 -0.03373259 0.9914463 0.04598859 0.114508 0.9923573 0.4112493 -0.005898234 0.9115038 0.4131937 0.1246513 0.9020715 -0.000859233 0.000265095 0.9999996 -0.00118678 0.0006743269 0.9999991 -0.06196488 -0.1154364 0.9913802 0.001204253 0.001003893 0.9999988 -0.111844 -0.05245026 0.9923406 0.000274712 0.0008137948 0.9999996 0.0002000173 0.0005876398 0.9999998 0.01206085 -0.1260241 0.9919539 -0.1186563 0.01126999 0.9928714 -0.3930736 -0.1158162 0.912184 0.0005251173 0.0001234808 0.9999999 -0.2617005 -0.308988 0.9143518 0.001122104 -0.0003650392 0.9999993 -0.09922309 0.08220544 0.9916638 0.001062738 -0.00131317 0.9999986 -0.02331898 0.1279052 0.9915122 -0.2398958 0.3417368 0.9086616 -0.1535822 0.7147843 0.6822726 -0.3289417 0.6312219 0.7023933 -0.07375511 0.707577 0.7027766 0.08734415 0.7243078 0.683922 0.2167575 0.6745918 0.7056501 0.3523488 0.63909 0.6836771 -0.632956 0.3677167 0.6812864 -0.5594317 0.4521005 0.6947239 -0.4110234 0.6024026 0.6842301 -0.682689 0.2017781 0.7022971 -0.7191485 0.1316437 0.6822722 -0.0766656 0.728335 -0.6809189 0.2078776 0.6786612 -0.7044188 -0.1259046 0.7039512 -0.6989998 -0.3876753 0.6104313 -0.6907109 -0.4841487 0.5117265 -0.7097436 -0.577823 -0.4470764 0.6828201 -0.6293072 -0.3415839 0.6980636 -0.7142361 -0.149223 0.6838123 -0.3901251 -0.5987123 0.6995327 -0.7094981 -0.06090637 0.7020704 -0.3413748 -0.6446276 0.6840457 -0.06846517 -0.7135402 0.697261 0.5973231 0.4246721 -0.6803372 0.6868764 0.2073292 -0.696574 0.5087499 0.5113883 -0.6925717 0.2651473 0.6745629 -0.688957 0.7287639 0.09373315 -0.6783194 0.7083529 -0.08061265 -0.7012402 0.6999627 -0.1760872 0.6921311 0.7004778 0.1311755 0.7015154 0.6786254 -0.2349397 0.6958957 0.5047714 -0.5187983 0.6899668 0.7225952 0.1485413 0.6751234 0.5928773 0.4083232 0.6940956 0.7037793 -0.2009693 -0.6814 0.6245784 -0.3446545 -0.7007961 0.5109355 0.4880172 0.707661 0.575393 -0.4488348 -0.6837179 0.4489176 -0.5528555 -0.7020141 0.4010856 -0.6079373 -0.6852318 -0.4019058 -0.6043732 -0.6878988 -0.4561873 -0.5516057 -0.698301 -0.1226805 -0.7080661 -0.6954077 -0.637114 -0.347497 -0.687991 -0.632561 -0.3381142 -0.6968109 0.03903981 0.4100714 0.9112175 -0.1365065 0.7299793 0.6696986 -0.1302029 0.4064596 0.9043439 0.1929806 0.3721517 0.9078885 9.897606e-05 -0.0007411727 0.9999997 -2.402508e-05 -0.0007700755 0.9999997 0.3161752 0.2778892 0.9070892 -0.0003288805 -0.0004781297 0.9999998 0.1925534 0.9792132 -0.06375493 0.1771321 0.9098645 -0.3751943 -0.005422693 0.9681537 -0.2502976 0.3723818 0.8940544 0.248995 0.3635747 0.8969569 -0.2515587 0.1350623 0.7250289 -0.6753453 0.07423045 0.7444124 0.6635812 0.517001 0.535092 0.6681216 0.3400844 0.6652576 0.6646616 0.5393581 0.797147 -0.2713844 0.6670316 0.7004544 -0.2538357 0.5833194 0.4656612 -0.6655059 0.3491401 0.652344 -0.6727172 -0.03376752 0.4167771 -0.9083813 0.8782405 0.3901009 -0.2766135 0.7064517 0.2222456 -0.671962 0.8014523 0.5358434 -0.2656051 0.831619 0.5516774 0.06373324 0.684172 0.6858314 0.2480807 0.7695565 0.5201089 0.370499 0.8970536 0.3422392 0.2795841 0.5486194 0.7937719 0.2625699 0.6505743 0.3384455 0.6798586 0.9365779 0.2049868 0.2842575 0.9773863 0.1998411 -0.06913465 0.9129785 0.1743956 -0.3688582 0.9637402 -0.004566229 -0.2668033 0.7445079 -0.004760795 -0.6675967 0.4120856 -0.006816202 -0.9111196 0.9258624 -0.01957424 0.3773534 0.9976625 -0.004303217 0.06819891 0.7413716 0.08190963 0.6660773 0.7076244 -0.2098769 0.6746994 0.9449481 -0.1884319 0.2675192 0.9489656 -0.1692742 -0.2661024 0.8552002 -0.362767 -0.3701793 0.7066181 -0.207547 -0.6764726 0.7922331 -0.5529096 -0.2581814 0.6168205 -0.4259168 -0.6619119 0.9224461 -0.3806556 -0.06476437 0.8113718 -0.5278642 0.2510678 0.7050009 -0.7062915 0.06423525 0.4686079 -0.5726188 -0.6726919 0.8839964 -0.3735567 0.2810795 0.3681964 -0.2476486 -0.8961594 0.4022873 -0.1291968 0.9063515 0.3255234 -0.2671602 0.907006 0.6248708 -0.4038575 0.6681584 0.08288308 -0.1130045 0.9901315 0.1684032 -0.3979055 0.9018379 0.2461438 -0.3102353 -0.9182414 0.2944155 -0.6899376 -0.6612908 0.1613694 -0.373363 -0.9135426 0.6634511 -0.6492003 0.3719834 0.6884957 -0.6613665 -0.2976038 0.5052199 -0.8148786 0.2841226 0.5232496 -0.8073801 -0.2726669 0.4437233 -0.5736688 0.6884866 0.2142079 -0.714541 0.6659926 0.3767166 -0.8909775 0.2534635 -0.004067701 0.9684722 0.2490883 -0.178158 0.9479126 0.2640481 -0.07477023 0.7437529 -0.6642598 -0.207326 0.9400785 -0.2706814 -0.3558104 0.901858 0.2450535 -0.3349317 0.6737895 -0.6586565 -0.3705731 0.8961558 -0.2440908 -0.02943941 -0.4134375 0.9100565 -0.0005991652 0.000998525 0.9999993 -0.0001985576 0.0003333801 0.9999999 -0.05898962 -0.7452342 0.6641883 0.1676217 -0.9477448 0.2714458 0.02546056 -0.4302173 -0.9023662 -0.2292743 -0.7083562 -0.6675813 -0.1224391 -0.3924587 -0.9115837 -0.0001794626 0.001137233 -0.9999993 -0.06570345 -0.1078985 -0.9919884 0.0003623071 0.001657267 -0.9999986 0.06083065 -0.7446094 -0.6647228 -0.1590468 -0.3963588 0.9042145 -0.3840696 -0.8856099 -0.2611238 -0.1622763 -0.9106271 -0.3800325 -0.1925526 -0.9792134 -0.06375471 -0.4554073 -0.5783357 -0.6768544 0.00674975 -0.9686576 -0.248308 -0.3876944 -0.8861915 0.2536883 -0.3409539 -0.2356937 -0.9100544 -0.2944151 -0.6899369 0.6612918 -0.2618613 -0.3156938 -0.9120121 -0.6215339 -0.4119535 -0.6663257 -0.6597899 -0.6530142 -0.3718194 -0.504786 -0.8164403 -0.2803859 -0.8059066 -0.5370615 -0.2491575 -0.7031987 -0.7081595 -0.063417 -0.8062872 -0.5340946 0.2542515 -0.4056643 -0.1007183 -0.908456 -0.7075572 -0.2193643 -0.6717456 -0.7483316 0.07139814 -0.6594711 -0.4234785 0.05087499 -0.9044765 -0.9082534 -0.1697377 -0.3824459 -0.8828655 -0.3898909 -0.2617893 -0.9780992 -0.1982278 -0.0634636 -0.8899249 -0.3701865 0.2664501 -0.7095136 -0.2096128 0.6727948 -0.94686 -0.1642959 0.2765195 -0.6200462 -0.4260395 0.6588119 -0.7438666 0.05963564 0.6656621 -0.9680285 0.0008877467 0.2508388 -0.9684132 -0.007593038 -0.2492352 -0.9458339 0.1929633 -0.2610813 -0.6637984 0.3199219 -0.6760337 -0.3969859 0.1257087 0.9091752 -0.6843099 0.288427 0.6697237 -0.4218221 -0.01612111 0.9065353 -0.9431858 0.2033203 0.2627955 -0.3428894 0.2616602 0.9021978 -0.3546691 0.2368071 -0.9045066 0.0006635196 -0.000237825 -0.9999998 -0.7743411 0.5107044 0.3736 -0.8955019 0.3694616 0.2481419 -0.560821 0.4952582 0.663475 -0.7685968 0.5195075 -0.3733241 -0.6841712 0.685832 -0.248081 -0.5104283 0.5250686 -0.6810036 -0.9000731 0.3384249 -0.2744759 -0.8313244 0.5517134 -0.06717238 0.0004469735 -0.0003806681 -0.9999998 -0.8277604 0.5570434 0.06719566 -0.6669048 0.7005672 0.2538573 -0.5483424 0.7935038 -0.2639552 -0.1980048 0.3708049 -0.9073576 -0.5388234 0.7979248 0.2701582 -0.3505892 0.6645728 0.6598713 0.2078578 0.9368156 0.2813748 -0.470048 -0.572734 0.6715882 -0.6957397 -0.6563198 0.2918743 -0.5230293 -0.8071706 0.2737078 -0.2031649 -0.9404542 0.272525 0.004759773 -0.9682293 0.2500186 0.2030945 -0.9432971 -0.2625704 0.3855447 -0.8880667 -0.2503856 0.0001251238 0.0001047542 1 1.348379e-05 -3.295281e-05 1 7.682881e-05 -1.705531e-05 1 -0.0002615318 8.237968e-05 1 0.001071055 0.0001154417 0.9999994 -0.0001458092 -9.821435e-05 1 0.0001437541 -0.0002027703 1 5.876022e-05 0.0001246887 1 -8.437704e-05 0.0001181831 1 -0.001560106 0.001564116 0.9999976 -0.0006760628 -0.0003887775 0.9999997 0.0004868647 0.0008109818 0.9999996 8.339909e-05 -9.173237e-05 1 -0.000411711 -0.0003282098 0.9999999 -0.7228555 -0.07268829 -0.6871655 -0.7173203 -0.07076256 -0.6931409 -2.636491e-05 -0.0001506914 -1 -2.670901e-07 -3.239075e-05 -1 -1.042243e-05 -4.353274e-06 -1 1.370467e-05 -6.92562e-05 -1 0.0001452765 -0.000290486 -0.9999999 0.000170054 -0.0004024587 -0.9999999 -7.190712e-05 4.506675e-05 -1 2.533117e-05 -8.247388e-06 -1 -3.922527e-05 -6.58911e-05 -1 1.614992e-05 5.182349e-05 -1 8.455628e-05 0.0002166019 -1 -0.0002706191 -3.869126e-05 -1 0.0003375736 0.001561463 -0.9999987 -0.0007615076 -0.0007886287 -0.9999994 -0.6742476 0.2217066 -0.7044405 -0.6989723 0.1890145 -0.6897183 -0.604453 0.4040887 -0.6865485 -0.08994438 -0.7151452 0.6931647 0.206564 -0.6963357 0.6873484 0.2346823 -0.6782032 0.696394 0.5354866 -0.4859565 0.6907245 0.2050228 -0.6848231 -0.6992732 -0.08128778 -0.7239129 -0.6850857 0.1822716 -0.6968968 -0.6936223 -0.3424339 -0.2352534 0.9096125 0.08370745 0.1346648 0.9873492 0.1247892 0.02394049 0.9918944 0.3018333 0.305129 0.9032126 -0.02734051 0.1282898 0.9913598 -0.0004985581 -0.001787899 0.9999983 -0.001171692 -0.001766639 0.9999978 -0.001429934 -0.00112574 0.9999983 -0.0007265868 -1.890753e-05 0.9999997 0.3833614 -0.1074884 0.9173224 0.4120856 -0.006816064 0.9111196 0.1184097 -0.07918785 0.9898022 -0.001204127 0.0007350065 0.999999 -0.001695927 0.002531026 0.9999954 0.01818629 -0.1301049 0.9913334 -0.001821557 0.0005877859 0.9999982 0.2461438 -0.3102352 0.9182414 -0.1131258 -0.05207549 0.9922151 -0.1253757 0.02487919 0.9917973 -0.4056643 -0.1007181 0.908456 0.0007845861 6.807846e-05 0.9999997 0.001176623 0.000864332 0.9999989 0.0002781166 -0.0005506951 0.9999998 0.0003750019 -0.0007888323 0.9999996 0.1211154 0.3956869 0.9103642 -0.03376752 0.4167772 0.9083812 0.12325 0.06892018 -0.9899795 0.4112493 -0.005898372 -0.9115038 0.126081 -0.03373274 -0.9914463 -0.002182897 -0.0003190329 -0.9999976 -0.0009246774 -0.0007622392 -0.9999993 -0.00118678 0.0006741759 -0.9999991 -0.000859233 0.000264944 -0.9999996 -0.06196488 -0.1154366 -0.9913802 -0.111844 -0.05245041 -0.9923406 0.001204253 0.001003742 -0.9999988 0.000274712 0.0008136438 -0.9999996 0.0002000173 0.0005874888 -0.9999998 0.01206085 -0.1260242 -0.9919538 -0.2617005 -0.3089881 -0.9143518 -0.3424339 -0.2352535 -0.9096125 0.0005251173 0.0001233298 -0.9999999 -0.1186563 0.01126984 -0.9928714 -0.09922309 0.08220529 -0.9916638 0.001122104 -0.0003651902 -0.9999993 -0.3930736 -0.1158163 -0.912184 -0.4218221 -0.01612124 -0.9065353 0.001062738 -0.001313321 -0.9999986 -0.1535822 0.7147842 -0.6822727 0.08734415 0.7243077 -0.6839221 -0.07375511 0.7075769 -0.7027767 0.3523488 0.6390899 -0.6836772 0.2167575 0.6745917 -0.7056502 -0.632956 0.3677166 -0.6812865 -0.4110234 0.6024025 -0.6842302 -0.5594317 0.4521004 -0.694724 -0.682689 0.201778 -0.7022972 -0.3289417 0.6312218 -0.7023934 -0.7191485 0.1316436 -0.6822723 -0.7094981 -0.06090648 -0.7020704 -0.7142361 -0.1492231 -0.6838123 -0.0766656 0.7283351 0.6809187 -0.3876753 0.6104314 0.6907108 -0.1259046 0.7039513 0.6989997 0.2078776 0.6786613 0.7044187 0.2651473 0.674563 0.6889569 -0.4841487 0.5117266 0.7097436 -0.577823 -0.4470765 -0.68282 -0.6293072 -0.341584 -0.6980636 -0.3901251 -0.5987124 -0.6995326 -0.3413748 -0.6446277 -0.6840456 -0.06846517 -0.7135403 -0.6972609 -0.08994438 -0.7151454 -0.6931646 0.5973231 0.4246722 0.6803371 0.5087499 0.5113884 0.6925716 0.6868764 0.2073293 0.696574 0.7287639 0.09373325 0.6783194 0.7083529 -0.08061254 0.7012402 0.6999627 -0.1760873 -0.6921311 0.6786254 -0.2349398 -0.6958957 0.7004778 0.1311754 -0.7015154 0.5047714 -0.5187984 -0.6899668 0.5354866 -0.4859566 -0.6907245 0.7225952 0.1485412 -0.6751234 0.5928773 0.4083231 -0.6940957 0.7037793 -0.2009692 0.6814001 0.6245784 -0.3446544 0.7007961 0.5109355 0.4880171 -0.7076611 0.575393 -0.4488347 0.683718 0.4489176 -0.5528554 0.7020142 0.4010856 -0.6079372 0.6852319 0.2050228 -0.684823 0.6992733 0.1822716 -0.6968967 0.6936224 -0.4019058 -0.6043731 0.6878989 -0.1226805 -0.708066 0.6954078 -0.4561873 -0.5516056 0.6983011 -0.637114 -0.3474969 0.687991 0.03903981 0.4100713 -0.9112176 -0.1365065 0.7299792 -0.6696987 0.07423045 0.7444123 -0.6635814 -0.1302029 0.4064594 -0.9043439 0.1929806 0.3721516 -0.9078886 0.04598859 0.1145079 -0.9923573 -0.02331898 0.127905 -0.9915122 -2.402508e-05 -0.0007702265 -0.9999997 -0.0003288805 -0.0004782807 -0.9999998 0.3161752 0.2778891 -0.9070893 9.897606e-05 -0.0007413237 -0.9999997 -0.2398958 0.3417366 -0.9086617 0.1925534 0.9792132 0.06375478 0.1771321 0.9098646 0.3751941 0.3635747 0.8969569 0.2515586 -0.005422693 0.9681538 0.2502975 0.2078578 0.9368155 -0.2813749 -0.004067701 0.9684722 -0.2490885 0.3723818 0.8940544 -0.2489951 0.1350623 0.725029 0.6753452 0.3491401 0.6523441 0.6727171 0.3400844 0.6652575 -0.6646617 0.517001 0.5350919 -0.6681217 0.5393581 0.797147 0.2713843 0.5486194 0.7937718 -0.2625701 0.5833194 0.4656613 0.6655059 0.3937277 0.1441759 0.9078501 0.6670316 0.7004544 0.2538356 0.8782405 0.3901009 0.2766134 0.8014523 0.5358434 0.265605 0.684172 0.6858313 -0.2480808 0.831619 0.5516773 -0.06373332 0.7695565 0.5201089 -0.370499 0.8970536 0.3422391 -0.2795841 0.6505743 0.3384454 -0.6798587 0.9773863 0.1998411 0.06913462 0.4131937 0.1246511 -0.9020715 0.9365779 0.2049867 -0.2842575 0.7413716 0.08190953 -0.6660773 0.9129785 0.1743957 0.3688582 0.7064517 0.2222457 0.6719619 0.7445079 -0.004760694 0.6675967 0.9637402 -0.004566188 0.2668033 0.9976625 -0.004303227 -0.06819891 0.9258624 -0.01957429 -0.3773534 0.9489656 -0.1692742 0.2661024 0.9449481 -0.1884319 -0.2675191 0.7076244 -0.209877 -0.6746994 0.8552002 -0.362767 0.3701794 0.7066181 -0.2075469 0.6764726 0.3681964 -0.2476484 0.8961594 0.6168205 -0.4259167 0.6619119 0.7922331 -0.5529096 0.2581815 0.9224461 -0.3806556 0.06476443 0.4686079 -0.5726187 0.672692 0.6884957 -0.6613664 0.2976039 0.7050009 -0.7062915 -0.06423514 0.8113718 -0.5278643 -0.2510678 0.8839964 -0.3735567 -0.2810795 0.4022873 -0.129197 -0.9063515 0.3255234 -0.2671604 -0.907006 0.6248708 -0.4038576 -0.6681583 0.1684032 -0.3979056 -0.9018378 0.08288308 -0.1130046 -0.9901315 0.1613694 -0.3733628 0.9135426 0.2944155 -0.6899375 0.6612909 0.6634511 -0.6492004 -0.3719833 0.5232496 -0.8073801 0.272667 0.5052199 -0.8148787 -0.2841225 0.4437233 -0.5736689 -0.6884865 0.3767166 -0.8909775 -0.2534634 0.2142079 -0.7145411 -0.6659924 -0.178158 0.9479126 -0.2640482 -0.207326 0.9400785 0.2706812 -0.07477023 0.743753 0.6642597 -0.3558104 0.9018579 -0.2450537 -0.02943941 -0.4134376 -0.9100564 -0.0001985576 0.0003332291 -0.9999999 -0.0005991652 0.000998374 -0.9999993 -0.05898962 -0.7452343 -0.6641882 0.02546056 -0.4302172 0.9023663 -0.2292743 -0.7083561 0.6675814 0.06083065 -0.7446093 0.6647229 -0.1224391 -0.3924585 0.9115838 0.0003623071 0.001657418 0.9999986 -0.06570345 -0.1078983 0.9919884 -0.0001794626 0.001137384 0.9999993 -0.1590468 -0.3963589 -0.9042144 -0.2618613 -0.3156937 0.9120121 -0.4554073 -0.5783356 0.6768545 -0.3840696 -0.8856099 0.2611239 -0.504786 -0.8164403 0.280386 -0.1925526 -0.9792134 0.06375486 -0.1622763 -0.910627 0.3800326 -0.3876944 -0.8861915 -0.2536881 -0.2031649 -0.9404543 -0.2725249 0.004759773 -0.9682294 -0.2500184 -0.3409539 -0.2356935 0.9100544 -0.6215339 -0.4119534 0.6663258 -0.6597899 -0.6530141 0.3718195 -0.5230293 -0.8071706 -0.2737077 -0.8059066 -0.5370614 0.2491576 -0.7031987 -0.7081595 0.06341711 -0.6957397 -0.6563198 -0.2918742 -0.8062872 -0.5340946 -0.2542515 -0.4234785 0.05087512 0.9044765 -0.9082534 -0.1697377 0.3824459 -0.7483316 0.07139824 0.6594711 -0.9684132 -0.007593 0.2492352 -0.8828655 -0.3898908 0.2617893 -0.7075572 -0.2193642 0.6717457 -0.8899249 -0.3701866 -0.26645 -0.9780992 -0.1982277 0.06346363 -0.94686 -0.164296 -0.2765195 -0.7095136 -0.2096129 -0.6727948 -0.6200462 -0.4260396 -0.6588118 -0.7438666 0.05963554 -0.6656621 -0.9680285 0.0008877088 -0.2508388 -0.9458339 0.1929633 0.2610812 -0.6637984 0.319922 0.6760337 -0.9000731 0.3384249 0.2744758 -0.9431858 0.2033203 -0.2627956 -0.3969859 0.1257085 -0.9091752 -0.6843099 0.2884269 -0.6697237 -0.3428894 0.26166 -0.9021978 -0.3546691 0.2368072 0.9045066 -0.1980048 0.3708051 0.9073575 -0.5104283 0.5250687 0.6810035 -0.09341497 0.09726289 0.9908651 0.0006635196 -0.000237674 0.9999998 -0.560821 0.4952581 -0.6634751 -0.7743411 0.5107043 -0.3736001 -0.7685968 0.5195075 0.373324 -0.8955019 0.3694616 -0.248142 -0.8313244 0.5517134 0.0671723 0.0004469735 -0.0003805171 0.9999998 -0.8277604 0.5570434 -0.06719574 -0.6669048 0.7005672 -0.2538574 -0.6841712 0.6858321 0.2480809 -0.5483424 0.7935039 0.263955 -0.3505892 0.6645727 -0.6598714 -0.5388234 0.7979247 -0.2701583 -0.3349317 0.6737896 0.6586564 -0.3705731 0.8961559 0.2440907 -0.470048 -0.5727341 -0.6715881 -0.2944151 -0.689937 -0.6612917 0.00674975 -0.9686576 0.2483081 0.1676217 -0.9477448 -0.2714456 0.2030945 -0.9432971 0.2625706 0.3855447 -0.8880666 0.2503857 0.0001251238 0.0001046032 -1 1.348379e-05 -3.310381e-05 -1 -0.0002615318 8.222868e-05 -1 5.876022e-05 0.0001245377 -1 0.0004868647 0.0008108308 -0.9999996 7.682881e-05 -1.72063e-05 -1 0.0001437541 -0.0002029213 -1 8.339909e-05 -9.188337e-05 -1 -0.0006760628 -0.0003889285 -0.9999997 -0.000411711 -0.0003283608 -0.9999999 -0.0001458092 -9.836534e-05 -1 -8.437704e-05 0.0001180321 -1 -0.001560106 0.001563965 -0.9999976 0.001071055 0.0001152907 -0.9999994 -0.632561 -0.3381141 0.6968109 -0.7173203 -0.07076245 0.6931409 -0.6742476 0.2217067 0.7044404 -0.6989723 0.1890146 0.6897183 -0.7228555 -0.07268818 0.6871655 -2.636491e-05 -0.0001505404 1 -2.670901e-07 -3.223975e-05 1 -3.922527e-05 -6.57401e-05 1 -0.0007615076 -0.0007884777 0.9999994 -1.042243e-05 -4.202278e-06 1 1.614992e-05 5.197448e-05 1 -7.190712e-05 4.521774e-05 1 1.370467e-05 -6.910521e-05 1 -0.0002706191 -3.854027e-05 1 8.455628e-05 0.0002167529 1 0.0003375736 0.001561614 0.9999987 0.0001452765 -0.000290335 0.9999999 2.533117e-05 -8.096392e-06 1 0.000170054 -0.0004023077 0.9999999 -0.604453 0.4040888 0.6865485 0.2346823 -0.6782033 -0.6963939 0.206564 -0.6963358 -0.6873483 -0.08128778 -0.7239128 0.6850858</float_array>
          <technique_common>
            <accessor count="3380" source="#normals-array-array" stride="3">
              <param type="float" name="X" />
              <param type="float" name="Y" />
              <param type="float" name="Z" />
            </accessor>
          </technique_common>
        </source>
        <source id="texcoords-array">
          <float_array count="6760" id="texcoords-array-array">0.0610024 0.8963737 0.06099503 0.9028488 0.06099001 0.8953723 0.06098766 0.8891534 0.06098967 0.8748221 0.06099464 0.8654775 0.05988508 0.8945184 0.06099026 0.8600573 0.06100173 0.8293505 0.05982042 0.8406636 0.05979018 0.8561976 0.06099001 0.8454129 0.06099151 0.8343802 0.06098772 0.8232418 0.06099785 0.8086604 0.05983921 0.8145124 0.06099397 0.8369638 0.06099023 0.8516443 0.06099397 0.8642901 0.06098548 0.8333043 0.05982076 0.8412888 0.05980867 0.9077113 0.06099151 0.8888496 0.06099001 0.8941327 0.05980867 0.9100699 0.01296172 0.8799681 0.01296172 0.8435849 0.01297189 0.8639299 0.01416945 0.8561976 0.01296954 0.8806787 0.01296809 0.8485363 0.01296954 0.8369992 0.01296345 0.8140873 0.01296915 0.8214682 0.01296954 0.8170229 0.01296736 0.8092802 0.01297403 0.8333043 0.0129656 0.8369638 0.01412033 0.8145124 0.01416945 0.8262727 0.01296809 0.8485363 0.0129672 0.8608194 0.01412033 0.8405436 0.01416945 0.8561976 0.01296306 0.8864874 0.01297339 0.8649177 0.01297339 0.8849887 0.01296809 0.8176818 0.01296954 0.8170229 0.0202351 0.8256695 0.02023515 0.8267449 0.01296915 0.8214682 0.01296954 0.8369992 0.01297189 0.8232418 0.02023566 0.8371272 0.02023457 0.8472927 0.02023563 0.8290544 0.01296809 0.8485363 0.02023677 0.859214 0.01297189 0.8639299 0.06099001 0.8170229 0.06098772 0.8232418 0.05372149 0.8256935 0.05372389 0.8269596 0.06098621 0.819115 0.05372191 0.8337688 0.01296954 0.8806787 0.02023476 0.8706582 0.02023831 0.8820168 0.01296954 0.8906478 0.02023566 0.8868196 0.01296954 0.8953723 0.06098548 0.8333043 0.05372099 0.8348586 0.05372476 0.8477961 0.06099023 0.8516443 0.05372425 0.8597447 0.01297339 0.8649177 0.02023451 0.8651025 0.02023862 0.8509152 0.01297339 0.8849887 0.02024138 0.8775342 0.01296809 0.8485363 0.01297403 0.8333043 0.06098973 0.8669823 0.05372425 0.8711528 0.02024018 0.83486 0.06099023 0.8806789 0.05372414 0.8799101 0.06099151 0.8888496 0.05372495 0.8854368 0.06099001 0.8941327 0.06098766 0.8891534 0.05371939 0.8866993 0.05372395 0.8799889 0.06098967 0.8748221 0.01415091 0.9100699 0.01415091 0.9077113 0.01759059 0.9148391 0.01753126 0.9159554 0.0129663 0.8998995 0.01296452 0.9028488 0.01415091 0.9042268 0.01296954 0.8953723 0.01296954 0.8906478 0.01415091 0.8910717 0.01416945 0.9009833 0.01296954 0.8941327 0.04520917 0.9200873 0.02405899 0.919363 0.02442578 0.9207587 0.02442578 0.9156222 0.0512488 0.9187234 0.04953374 0.9160662 0.04953374 0.9207587 0.05636898 0.9148391 0.05630628 0.9095737 0.01759059 0.8984758 0.01753126 0.9093177 0.04990055 0.9101454 0.02405899 0.9095307 0.05639905 0.8943405 0.05980867 0.8726075 0.04974317 0.8816514 0.04974317 0.8927318 0.04953374 0.9022596 0.02442578 0.9014387 0.02875037 0.8923881 0.02421638 0.8801329 0.02271074 0.8916155 0.01745492 0.884755 0.04520917 0.8689061 0.02395264 0.8685452 0.01765417 0.8623412 0.01415091 0.8726075 0.05124883 0.8686348 0.05650465 0.8731918 0.05636898 0.8561976 0.04980529 0.8561976 0.02875037 0.8561976 0.02271074 0.8561976 0.02418059 0.8432742 0.04974317 0.8444145 0.017356 0.8388487 0.05124883 0.8318011 0.05660354 0.8388484 0.05979018 0.8262727 0.05636898 0.8229797 0.04953374 0.8198468 0.05660354 0.8099983 0.05013123 0.8106723 0.0452092 0.831269 0.02875037 0.8101356 0.02442578 0.8208119 0.02382834 0.8315594 0.01412033 0.8405436 0.01418095 0.8217503 0.01759059 0.8229797 0.01410903 0.8060034 0.01296452 0.8166487 0.05636898 0.8009584 0.05979018 0.8064345 0.02271077 0.8111191 0.02405899 0.8022498 0.04977896 0.8027303 0.01745492 0.809688 0.01753126 0.7988999 0.02442578 0.7963287 0.02405899 0.9195789 0.04990052 0.919363 0.02442578 0.9160662 0.05642832 0.9159554 0.01415091 0.8023252 0.01296809 0.8176818 0.01297189 0.8232418 0.01753126 0.7964398 0.05980867 0.8023252 0.05980867 0.8046836 0.05642832 0.7988999 0.05642832 0.7964398 0.06099001 0.8170229 0.06098621 0.819115 0.06099397 0.8161206 0.01416945 0.8064345 0.05983921 0.8145124 0.05660354 0.8099983 0.04953374 0.7963287 0.04974317 0.8020864 0.0452092 0.7923079 0.05124883 0.7936718 0.02405899 0.7930322 0.02442578 0.7916365 0.02442578 0.796773 0.05979018 0.8262727 0.05636898 0.8229797 0.05124883 0.8111191 0.02418059 0.8027303 0.04953374 0.8198468 0.0452092 0.8101356 0.02442578 0.8208119 0.02405899 0.8109713 0.05977879 0.8623744 0.05124883 0.8437604 0.04974317 0.8307438 0.05650465 0.8384486 0.05630538 0.861855 0.04953374 0.8556172 0.02405899 0.8320206 0.0452092 0.8434891 0.01759059 0.8229797 0.02421638 0.8444145 0.017356 0.8388484 0.01753126 0.8616558 0.02442584 0.856778 0.04974317 0.8679807 0.02405899 0.8693259 0.05650465 0.8840597 0.04974317 0.8801329 0.01412033 0.8718513 0.01759059 0.8790785 0.01418078 0.8898444 0.05985052 0.8861896 0.06099397 0.8888886 0.0597786 0.9039734 0.05636898 0.8984758 0.06098973 0.8669823 0.02271074 0.8916155 0.0175618 0.8950804 0.05124883 0.8916155 0.02442578 0.88144 0.04520917 0.8923881 0.06099023 0.8806789 0.02875037 0.8923881 0.02442578 0.9022596 0.04953374 0.9014387 0.04990052 0.9095307 0.01765324 0.9095737 0.02405899 0.9101454 0.0563063 0.9095737 0.04953374 0.9156222 0.017356 0.809998 0.01759062 0.8009584 0.04953376 0.7916365 0.02405899 0.7928163 0.04990058 0.7930322 0.04953374 0.796773 0.1532489 0.8956901 0.1532493 0.7916195 0.1532487 0.8828385 0.1532498 0.9330758 0.1532525 0.9219656 0.1532498 0.8181243 0.1532498 0.7994497 0.1532488 0.8416396 0.1532493 0.7941073 0.1532544 0.8128797 0.1532528 0.8500195 0.1532493 0.9298759 0.1532556 0.9115963 0.153251 0.8692169 0.05372414 0.8706579 0.05372459 0.8592145 0.06099026 0.8600573 0.05372389 0.8467653 0.06099001 0.8454129 0.05372389 0.8269596 0.05372414 0.8799101 0.05372476 0.8477961 0.05372099 0.8348586 0.05372414 0.8706579 0.05372495 0.8854368 0.05372425 0.8597447 0.05372389 0.8467653 0.05372459 0.8592145 0.05372395 0.8799889 0.05371939 0.8866993 0.05372191 0.8337688 0.05372425 0.8711528 0.05372149 0.8256935 0.06099151 0.8343802 0.0202351 0.8854363 0.01296954 0.8941327 0.06099001 0.8953723 0.08648217 0.8963737 0.08648556 0.8748221 0.08648609 0.8891534 0.08648546 0.8953723 0.08648413 0.9028488 0.08680072 0.9077113 0.08648424 0.8654775 0.08678031 0.8945184 0.08680072 0.8726075 0.08648546 0.8454129 0.0864854 0.8600573 0.08648236 0.8293505 0.08648339 0.8086604 0.08648609 0.8232418 0.08648506 0.8343802 0.08679757 0.8406636 0.08648442 0.8369638 0.08648442 0.8642903 0.0864854 0.8516443 0.08648668 0.8333043 0.08648546 0.8941327 0.08648506 0.8888496 0.08648442 0.8888888 0.09930186 0.8799681 0.09897959 0.8561976 0.09898452 0.8726075 0.09929915 0.8639301 0.09930186 0.8435849 0.09930064 0.8998995 0.09929977 0.8806787 0.09930016 0.8485363 0.09929977 0.8369994 0.0993014 0.8140873 0.09929977 0.8170229 0.09929988 0.8214682 0.09929857 0.8333043 0.09930083 0.8369641 0.09930037 0.8092802 0.09930016 0.8485363 0.09899268 0.8145124 0.0993004 0.8608196 0.09899268 0.8405436 0.09929875 0.8649177 0.09930149 0.8864874 0.09929875 0.8849887 0.09930111 0.9028488 0.09897959 0.9009833 0.09930018 0.8176818 0.09736082 0.8290544 0.09736095 0.8256695 0.09929977 0.8170229 0.09736094 0.8267449 0.09929988 0.8214682 0.09929977 0.8369994 0.09736109 0.8472927 0.0973608 0.8371272 0.09929915 0.8232418 0.09930016 0.8485363 0.08648546 0.8170229 0.08842443 0.8269596 0.08842508 0.8256935 0.08648609 0.8232418 0.08842497 0.8337688 0.09929977 0.8806787 0.09736007 0.8820168 0.09736103 0.8706582 0.09929915 0.8639301 0.09736049 0.859214 0.09929977 0.890648 0.0973608 0.8868196 0.08648668 0.8333043 0.08842422 0.8477961 0.08842522 0.8348586 0.0864865 0.819115 0.0864854 0.8516443 0.08842434 0.8597447 0.09929875 0.8649177 0.09736001 0.8509152 0.09736112 0.8651025 0.09929875 0.8849887 0.09930016 0.8485363 0.09929857 0.8333043 0.08648556 0.8669823 0.08842434 0.871153 0.0973596 0.83486 0.0864854 0.8806789 0.08842435 0.8799101 0.08648506 0.8888496 0.08648609 0.8891534 0.08648556 0.8748221 0.08842443 0.8799889 0.08842564 0.8866993 0.08842435 0.8706579 0.09898452 0.9100699 0.09898452 0.904227 0.09806664 0.9148391 0.09898452 0.9077113 0.09929977 0.8941327 0.09929977 0.8953723 0.09929977 0.890648 0.09898452 0.8910719 0.09069659 0.9200873 0.08908491 0.9187234 0.08954258 0.9207587 0.08954258 0.9160662 0.09624264 0.9156222 0.08771861 0.9148391 0.09808245 0.9159554 0.09806664 0.8984758 0.09808245 0.9093177 0.08944468 0.9101454 0.08954258 0.9022596 0.08771057 0.8943405 0.08773531 0.9095737 0.08680072 0.9100699 0.08948669 0.8816514 0.0876824 0.8731918 0.08948669 0.8927318 0.09508865 0.8923883 0.09624264 0.901439 0.09670033 0.8916155 0.09629855 0.8801329 0.09634054 0.9095307 0.09810284 0.884755 0.09636892 0.8685452 0.09069659 0.8689061 0.08908491 0.8686348 0.08947012 0.8561976 0.08771861 0.8561976 0.08680566 0.8561976 0.09670033 0.8561976 0.09508865 0.8561976 0.09804967 0.8623412 0.09812923 0.8388487 0.09630808 0.8432742 0.08948669 0.8444145 0.08908491 0.8318011 0.08765599 0.8388484 0.08954258 0.8198468 0.08771861 0.82298 0.08765599 0.8099983 0.09069659 0.831269 0.09624267 0.8208119 0.09508865 0.8101356 0.09640211 0.8315594 0.08680566 0.8262727 0.09899268 0.8405439 0.09897651 0.8217503 0.09806664 0.82298 0.09930111 0.8166487 0.0989957 0.8060036 0.08679256 0.8145124 0.08771861 0.8009584 0.08680566 0.8064345 0.09670033 0.8111191 0.08938314 0.8106723 0.09634052 0.8022498 0.08947715 0.8027303 0.09810284 0.809688 0.09624267 0.7963287 0.09808245 0.7988999 0.09624264 0.9207587 0.09634052 0.9195789 0.08770275 0.9159554 0.08944468 0.919363 0.09624267 0.9160662 0.08773531 0.9095737 0.08954258 0.9156222 0.09898452 0.8023252 0.09929915 0.8232418 0.09930018 0.8176818 0.09808245 0.7964398 0.09634054 0.7928163 0.08680072 0.8023252 0.08770277 0.7988999 0.08680072 0.8046836 0.08648546 0.8170229 0.0864865 0.819115 0.08648442 0.8161206 0.08770277 0.7964398 0.09897959 0.8064345 0.08954258 0.7963287 0.08908491 0.7936718 0.09069659 0.7923079 0.08765599 0.8099983 0.08954257 0.7916365 0.09624267 0.796773 0.08680566 0.8262727 0.09806664 0.8009584 0.08679256 0.8145124 0.08771861 0.82298 0.08908491 0.8111191 0.0894867 0.8020864 0.08954258 0.8198468 0.09069659 0.8101356 0.09624267 0.8208119 0.08679748 0.8412888 0.08773558 0.861855 0.08680868 0.8623744 0.0876824 0.8384486 0.08908491 0.8437604 0.08948669 0.8307438 0.09069659 0.8434891 0.09634054 0.8320206 0.09812923 0.8388487 0.09629855 0.8444145 0.09806664 0.82298 0.09808245 0.8616558 0.09624264 0.856778 0.08954258 0.8556172 0.08948669 0.8679807 0.0876824 0.8840597 0.09806664 0.8790785 0.09634054 0.8693259 0.09897959 0.8561976 0.09899268 0.8718513 0.09897657 0.8898444 0.08678953 0.8861896 0.08648556 0.8669823 0.09624267 0.8814403 0.09670033 0.8916155 0.09807432 0.8950804 0.08908491 0.8916155 0.08954258 0.901439 0.08771861 0.8984758 0.08948669 0.8801329 0.09069659 0.8923883 0.0864854 0.8806789 0.09508865 0.8923883 0.09624264 0.9022596 0.08944468 0.9095307 0.08680873 0.9039734 0.09634054 0.9101454 0.09804991 0.9095737 0.09634052 0.919363 0.09812924 0.8099983 0.09634054 0.8109713 0.09630808 0.8027303 0.09634054 0.7930322 0.09624267 0.7916365 0.08944468 0.7930322 0.08954258 0.796773 0.2303752 0.8956901 0.2303753 0.8416396 0.2303747 0.8692169 0.2303751 0.7916195 0.2303753 0.8828385 0.2303751 0.7941073 0.230375 0.8181243 0.230375 0.9330758 0.2303751 0.9298759 0.2303738 0.8128797 0.2303734 0.9115963 0.2303742 0.9219656 0.230375 0.7994497 0.2303742 0.8500195 0.0864854 0.8600573 0.08842425 0.8592145 0.08842443 0.8269596 0.08842497 0.8337688 0.08842508 0.8256935 0.08842435 0.8799101 0.08842435 0.8706579 0.08842443 0.8467653 0.08842422 0.8477961 0.08842434 0.8597447 0.08842434 0.871153 0.08842415 0.8854368 0.08842443 0.8799889 0.08842425 0.8592145 0.08842564 0.8866993 0.08842522 0.8348586 0.08842443 0.8467653 0.08648546 0.8454129 0.08648506 0.8343802 0.09929977 0.8941327 0.09736095 0.8854363 0.09929977 0.8953723 0.09735927 0.8775342 0.08842415 0.8854368 0.08648546 0.8953723 0.08648546 0.8941327 0.09897959 0.8262727 0.1025417 0.9067745 0.02324265 0.9067745 0.02324265 0.8914443 0.1025417 0.8914443 0.1025417 0.9170178 0.02324265 0.9170178 0.0202297 0.9058202 0.0202297 0.8909279 0.02324265 0.8733612 0.1025417 0.8733612 0.1055547 0.9058202 0.110415 0.8468843 0.110415 0.8716485 0.110415 0.8430851 0.1098157 0.8403998 0.110415 0.8403998 0.110415 0.8501639 0.110415 0.8846592 0.110415 0.8403998 0.110415 0.8493236 0.110415 0.8942372 0.1098157 0.8723038 0.110415 0.9206148 0.110415 0.8403998 0.110415 0.9206148 0.110415 0.8468843 0.110415 0.8501639 0.110415 0.8493236 0.110415 0.8430851 0.110415 0.8403998 0.110415 0.9206148 0.110415 0.900637 0.1098157 0.8872558 0.1098157 0.8990349 0.1098157 0.9206148 0.110415 0.8403998 0.09633428 0.8502456 0.09633428 0.8502456 0.09635407 0.8501639 0.09655809 0.8493236 0.09715033 0.8468843 0.09807265 0.8430851 0.1003248 0.8338087 0.09633428 0.8502456 0.1003248 0.8338087 0.09807265 0.8430851 0.09715033 0.8468843 0.09923494 0.838298 0.09923494 0.838298 0.1003248 0.8338087 0.09633428 0.8502456 0.09635407 0.8501639 0.09655809 0.8493236 0.09715033 0.8468843 0.09807265 0.8430851 0.1003248 0.8338087 0.09635407 0.8501639 0.09923494 0.838298 0.09655809 0.8493236 0.1003248 0.8338087 0.1003248 0.8338087 0.1071891 0.8338087 0.1003248 0.8338087 0.1071947 0.8338087 0.1003248 0.8338087 0.1003248 0.8338087 0.1072156 0.8338087 0.1071597 0.8338087 0.1003248 0.8338087 0.1003248 0.8338087 0.1071548 0.8338087 0.1046017 0.8338087 0.1068372 0.8338087 0.5950133 0.9170384 0.608094 0.767309 0.5948499 0.9136008 0.6088439 0.764268 0.5947557 0.9198832 0.5947558 0.9198824 0.6088439 0.764268 0.6095781 0.7561582 0.5950133 0.9170384 0.5941876 0.9225157 0.5947557 0.9198832 0.6088439 0.764268 0.6095781 0.7561582 0.5948499 0.9136006 0.608094 0.767309 0.5322936 0.925148 0.5918171 0.925148 0.5918171 0.925148 0.5322936 0.925148 0.5918171 0.925148 0.5309987 0.9244426 0.5309988 0.9244426 0.5931119 0.9244426 0.5931119 0.9244426 0.6043331 0.7711438 0.5939736 0.9106234 0.5920417 0.9069124 0.6067654 0.7693285 0.5948499 0.9136006 0.1003248 0.8338087 0.01536942 0.8403998 0.0628922 0.8403998 0.01856494 0.8338087 0.110415 0.8403998 0.1072195 0.8338087 0.01913923 0.9206148 0.1060554 0.9206148 0.1066452 0.9206148 0.01536942 0.9206148 0.01536942 0.9206148 0.01596874 0.9206148 0.01972902 0.9206148 0.02137589 0.9206148 0.110415 0.9206148 0.110415 0.9206148 0.1098157 0.9206148 0.02482557 0.9206148 0.0202297 0.9206148 0.02324265 0.9206148 0.02358329 0.9206148 0.1044086 0.9206148 0.01767546 0.9206148 0.1009588 0.9206148 0.1022011 0.9206148 0.1055547 0.9206148 0.108109 0.9206148 0.1003248 0.8338087 0.02545959 0.8338087 0.02945012 0.8502456 0.09633428 0.8502456 0.01856494 0.8338087 0.1072195 0.8338087 0.1003248 0.8338087 0.02545959 0.8338087 0.1072187 0.8338087 0.1003248 0.8338087 0.01856571 0.8338087 0.02324265 0.8403998 0.1037465 0.8338087 0.1025417 0.8403998 0.1055547 0.8403998 0.02203792 0.8338087 0.0202297 0.8403998 0.02078772 0.8338087 0.110415 0.8468843 0.110415 0.8493236 0.110415 0.8501639 0.110415 0.8501639 0.110415 0.9206148 0.6067725 0.7694166 0.6043111 0.7713866 0.6067724 0.7694166 0.6043111 0.7713866 0.6080961 0.7673349 0.6088439 0.764268 0.6095781 0.7561582 0.1072158 0.8338087 0.09635407 0.8501639 0.09688163 0.8479909 0.09655809 0.8493236 0.09772497 0.8445171 0.1003248 0.8338087 0.09807265 0.8430851 0.09923494 0.838298 0.1003248 0.8338087 0.0202297 0.8732306 0.1025417 0.8403998 0.1055547 0.8909279 0.1055547 0.915771 0.1025417 0.9206148 0.0202297 0.915771 0.02545959 0.8338087 0.01862961 0.8338087 0.01862472 0.8338087 0.1037465 0.8338087 0.02203792 0.8338087 0.02118266 0.8338087 0.02078772 0.8338087 0.5851954 0.9020025 0.5378663 0.904515 0.5862444 0.904515 0.5304489 0.8084909 0.5289543 0.8058437 0.5870987 0.9066377 0.5389153 0.9020025 0.5951564 0.8058437 0.5936618 0.8084909 0.5408211 0.8975247 0.6043331 0.7711438 0.5920417 0.9069124 0.5939737 0.9106234 0.6067654 0.7693285 0.5950133 0.9170384 0.6080961 0.7673349 0.5950133 0.9170384 0.5920417 0.9069124 0.5939736 0.9106234 0.5939737 0.9106234 0.5920417 0.9069124 0.6043111 0.7713866 0.5920636 0.9066696 0.5939955 0.9105477 0.6067724 0.7694166 0.5939955 0.9105477 0.5920637 0.9066696 0.5939956 0.9105479 0.5920636 0.9066696 0.5948563 0.9135785 0.5197776 0.7711438 0.5197776 0.7711438 0.5173452 0.7693285 0.5173453 0.7693285 0.5160167 0.767309 0.6425955 0.1930929 0.6425955 0.1930929 0.6570575 0.0395723 0.6570575 0.0395723 0.6426213 0.1928185 0.6570317 0.03984684 0.6426213 0.1928185 0.6570317 0.03984684 0.5290974 0.9170384 0.5160146 0.7673349 0.5292544 0.9135785 0.5152668 0.764268 0.529355 0.9198832 0.5293549 0.9198824 0.5290974 0.9170384 0.5299231 0.9225157 0.5299231 0.9225157 0.529355 0.9198832 0.5292544 0.9135785 0.5160146 0.7673349 0.5152668 0.764268 0.5145326 0.7561582 0.5145326 0.7561582 0.529355 0.9198832 0.5947557 0.9198832 0.5276375 0.8022912 0.5145326 0.7561582 0.537012 0.9066377 0.5620553 0.7561582 0.6095781 0.7561582 0.5964732 0.8022912 0.5941876 0.9225157 0.5947557 0.9198832 0.6023797 0.7688098 0.6095781 0.7561582 0.5299231 0.9225157 0.529355 0.9198832 0.5893714 0.9124966 0.521731 0.7688098 0.5347393 0.9124966 0.5145326 0.7561582 0.5884392 0.9099292 0.6010106 0.7710685 0.5231001 0.7710685 0.5356715 0.9099292 0.6043111 0.7713866 0.5939956 0.9105479 0.5920637 0.9066696 0.6067725 0.7694166 0.5948563 0.9135785 0.01536942 0.9206148 0.01536942 0.8501639 0.01536942 0.9206148 0.01536942 0.8493236 0.01536942 0.8501639 0.01536942 0.8493236 0.01536942 0.8468843 0.01536942 0.8403998 0.01536942 0.8468843 0.01536942 0.8430851 0.01536942 0.8403998 0.01536942 0.8403998 0.01536942 0.8430851 0.01536942 0.8403998 0.02545959 0.8338087 0.02945012 0.8502456 0.02945012 0.8502456 0.02771175 0.8430851 0.02863407 0.8468843 0.02545959 0.8338087 0.02654946 0.838298 0.02945012 0.8502456 0.02943039 0.8501639 0.02863407 0.8468843 0.02771175 0.8430851 0.0292263 0.8493236 0.02545959 0.8338087 0.02654952 0.838298 0.02545959 0.8338087 0.02943039 0.8501639 0.02863407 0.8468843 0.0292263 0.8493236 0.02771175 0.8430851 0.02545959 0.8338087 0.02545959 0.8338087 0.02654952 0.838298 0.02545959 0.8338087 0.02545959 0.8338087 0.0185954 0.8338087 0.01858974 0.8338087 0.02545959 0.8338087 0.02545959 0.8338087 0.5152668 0.764268 0.5290974 0.9170384 0.5290974 0.9170384 0.5160167 0.767309 0.5152668 0.764268 0.5160167 0.767309 0.5292608 0.9136006 0.5292608 0.9136008 0.5299231 0.9225157 0.5941876 0.9225157 0.5309988 0.9244426 0.01536942 0.9206148 0.01536942 0.8403998 0.01536942 0.8403998 0.01536942 0.8430851 0.01536942 0.9206148 0.01536942 0.8501639 0.01536942 0.8716485 0.01536942 0.8846592 0.01536942 0.8942372 0.01536942 0.900637 0.01596874 0.8872558 0.01596874 0.8990349 0.01536942 0.8501639 0.01536942 0.8403998 0.01596874 0.8403998 0.01536942 0.8493236 0.01536942 0.8430851 0.01596874 0.8723038 0.01536942 0.8468843 0.01596874 0.9206148 0.01536942 0.8493236 0.01536942 0.8468843 0.01536942 0.8403998 0.10607 0.8338087 0.5197996 0.7713866 0.5173382 0.7694166 0.5173383 0.7694166 0.5197996 0.7713866 0.02545959 0.8338087 0.02545959 0.8338087 0.01856875 0.8338087 0.01856863 0.8338087 0.0292263 0.8493236 0.02945012 0.8502456 0.0292263 0.8493236 0.02890277 0.8479909 0.02943039 0.8501639 0.02943039 0.8501639 0.02545959 0.8338087 0.02805942 0.8445171 0.02771175 0.8430851 0.02654952 0.838298 0.02545959 0.8338087 0.1047155 0.8936505 0.1047155 0.9094419 0.1058181 0.9104617 0.1038385 0.8947846 0.1038385 0.9083078 0.1058181 0.8926305 0.5197776 0.7711438 0.530137 0.9106234 0.532069 0.9069124 0.5173452 0.7693285 0.5292608 0.9136008 0.532069 0.9069124 0.5301371 0.9106234 0.532069 0.9069124 0.530137 0.9106234 0.5292608 0.9136006 0.5301371 0.9106234 0.5197776 0.7711438 0.532069 0.9069124 0.5173453 0.7693285 0.5197996 0.7713866 0.5301152 0.9105477 0.5320471 0.9066696 0.5173383 0.7694166 0.5292544 0.9135785 0.5301152 0.9105477 0.5320471 0.9066696 0.5320471 0.9066696 0.5301151 0.9105479 0.5301151 0.9105479 0.5197996 0.7713866 0.5320471 0.9066696 0.5173382 0.7694166 0.572032 0.1930929 0.55757 0.0395723 0.572032 0.1930929 0.55757 0.0395723 0.5575958 0.03984684 0.5720061 0.1928185 0.5720061 0.1928185 0.5575958 0.03984684 0.5145326 0.7561582 0.5876839 0.9075854 0.5978187 0.7751967 0.5998984 0.7726671 0.5862755 0.9027001 0.5242123 0.7726671 0.6493926 0.04415506 0.5788165 0.1883301 0.5652348 0.04415506 0.635811 0.1883301 0.5364268 0.9075854 0.5242123 0.7726671 0.5262921 0.7751967 0.5378352 0.9027001 0.5322936 0.925148 0.5931119 0.9244426 0.5948563 0.9135785 0.5948563 0.9135785 0.5910581 0.8117156 0.5832896 0.8975247 0.5851954 0.9020025 0.5936618 0.8084909 0.5330526 0.8117156 0.5910581 0.8117156 0.5304489 0.8084909 0.5330526 0.8117156 0.5389153 0.9020025 0.5408211 0.8975247 0.5832896 0.8975247 0.0628922 0.8403998 0.03924465 0.8926305 0.0628922 0.9206148 0.08653975 0.8926305 0.01536942 0.8403998 0.0199663 0.8926305 0.110415 0.9206148 0.08653975 0.9104617 0.1058181 0.8926305 0.110415 0.8403998 0.1058181 0.9104617 0.03924465 0.9104617 0.608094 0.767309 0.6067654 0.7693285 0.6067654 0.7693285 0.608094 0.767309 0.6043331 0.7711438 0.6043331 0.7711438 0.5948499 0.9136008 0.608094 0.767309 0.608094 0.767309 0.5948499 0.9136006 0.5948499 0.9136008 0.5948563 0.9135785 0.6080961 0.7673349 0.6080961 0.7673349 0.5948563 0.9135785 0.5160167 0.767309 0.5160167 0.767309 0.5292608 0.9136006 0.5160167 0.767309 0.5292608 0.9136008 0.5160146 0.7673349 0.5292544 0.9135785 0.5160146 0.7673349 0.5292544 0.9135785 0.5292544 0.9135785 0.5998984 0.7726671 0.5978187 0.7751967 0.5262921 0.7751967 0.5876839 0.9075854 0.5364268 0.9075854 0.5378352 0.9027001 0.5862755 0.9027001 0.108109 0.8403998 0.108109 0.8728595 0.1055547 0.8403998 0.108109 0.889457 0.1055547 0.8732306 0.01971442 0.8338087 0.02324265 0.8403998 0.0202297 0.8403998 0.01767546 0.889457 0.01767546 0.8728595 0.01767546 0.8403998 0.1098157 0.9069057 0.108109 0.9206148 0.108109 0.9122201 0.108109 0.9031024 0.1049967 0.8338087 0.01767546 0.9122201 0.01767546 0.9031024 0.01767546 0.9206148 0.01596874 0.9069057 0.01894718 0.8338087 0.110415 0.8403998 0.110415 0.8403998 0.1072195 0.8338087 0.109395 0.838298 0.1072187 0.8338087 0.1093947 0.838298 0.1072156 0.8338087 0.1072158 0.8338087 0.110415 0.8403998 0.110415 0.8403998 0.1071947 0.8338087 0.110415 0.8403998 0.1071891 0.8338087 0.2214258 0.7626806 0.164235 0.7626806 0.2214258 0.7626806 0.164235 0.7626806 0.01536942 0.8403998 0.01856494 0.8338087 0.01638848 0.838298 0.01856571 0.8338087 0.01536942 0.8403998 0.01856875 0.8338087 0.01858974 0.8338087 0.01536942 0.8403998 0.01638961 0.838298 0.01856863 0.8338087 0.01536942 0.8403998 0.01536942 0.8403998 0.0185954 0.8338087 0.0163964 0.838298 0.1098157 0.8403998 0.1071548 0.8338087 0.110415 0.8403998 0.1068372 0.8338087 0.1071597 0.8338087 0.1093753 0.838298 0.108109 0.8403998 0.10607 0.8338087 0.1049967 0.8338087 0.01767546 0.8403998 0.01971442 0.8338087 0.01894718 0.8338087 0.01596874 0.8403998 0.01862961 0.8338087 0.01536942 0.8403998 0.01536942 0.8403998 0.01640469 0.838298 0.1093822 0.838298 0.110415 0.8403998 0.110415 0.8403998 0.01536942 0.8403998 0.01862472 0.8338087 0.110415 0.8493236 0.110415 0.8468843 0.110415 0.8403998 0.110415 0.8430851 0.110415 0.8430851 0.110415 0.8403998 0.110415 0.8403998 0.2214257 0.7626805 0.2214257 0.7626805 0.2214257 0.7626805 0.2214257 0.7626806 0.2214257 0.7626806 0.2214257 0.7626805 0.2214258 0.7626806 0.2214258 0.7626806 0.01536942 0.9206148 0.0199663 0.9104617 0.08764237 0.9094419 0.08653975 0.8926305 0.08653975 0.9104617 0.08764237 0.8936503 0.08851939 0.9083078 0.08851939 0.8947846 0.0209778 0.9095262 0.0199663 0.8926305 0.0199663 0.9104617 0.0209778 0.8935662 0.02183861 0.9084026 0.02183861 0.8946896 0.08653975 0.9104617 0.1058181 0.9104617 0.1047155 0.9094419 0.08764237 0.9094419 0.1038385 0.9086307 0.08851939 0.9086307 0.0199663 0.9104617 0.03924465 0.9104617 0.0382331 0.9095262 0.0209778 0.9095262 0.03737068 0.90873 0.02184027 0.90873 0.03924465 0.8926305 0.0209778 0.8935662 0.0382331 0.8935662 0.0199663 0.8926305 0.02184027 0.8943624 0.03737062 0.8943624 0.8471681 0.2744597 0.8335819 0.2679799 0.833582 0.2744597 0.8471681 0.2679799 0.0382331 0.8935662 0.0382331 0.9095262 0.03924465 0.9104617 0.03737229 0.8946896 0.03737229 0.9084026 0.03924465 0.8926305 0.7669011 0.2745218 0.780702 0.2745219 0.780702 0.2679178 0.7669011 0.2679178 0.6414382 0.0854488 0.5823296 0.182478 0.6322979 0.182478 0.5731893 0.0854488 0.5941876 0.9225153 0.5941876 0.9225157 0.5299231 0.9225153 0.164235 0.7626806 0.2214257 0.7626806 0.164235 0.7626806 0.2214257 0.7626806 0.0362525 0.8445171 0.1003248 0.8338087 0.0895319 0.8445171 0.02805942 0.8445171 0.02545959 0.8338087 0.0895319 0.8479909 0.0362525 0.8479909 0.02890277 0.8479909 0.0362525 0.8468843 0.02945012 0.8502456 0.09633428 0.8502456 0.09688163 0.8479909 0.01536942 0.8493236 0.01536942 0.8468843 0.110415 0.8493236 0.09655809 0.8493236 0.0895319 0.8468843 0.09772497 0.8445171 0.09635407 0.8501639 0.110415 0.8501639 0.110415 0.8501639 0.09635407 0.8501639 0.09655809 0.8493236 0.110415 0.8493236 0.09655809 0.8493236 0.110415 0.8493236 0.09715033 0.8468843 0.110415 0.8468843 0.09807265 0.8430851 0.110415 0.8430851 0.09923494 0.838298 0.1093753 0.838298 0.1071597 0.8338087 0.1003248 0.8338087 0.110415 0.8403998 0.09715033 0.8468843 0.110415 0.8468843 0.09807265 0.8430851 0.110415 0.8430851 0.1093822 0.838298 0.110415 0.8403998 0.09923494 0.838298 0.1071891 0.8338087 0.1003248 0.8338087 0.110415 0.8501639 0.110415 0.8501639 0.09635407 0.8501639 0.09635407 0.8501639 0.09655809 0.8493236 0.0895319 0.8445171 0.0895319 0.8468843 0.0895319 0.8479909 0.110415 0.8468843 0.09807265 0.8430851 0.110415 0.8430851 0.109395 0.838298 0.110415 0.8403998 0.09923494 0.838298 0.1072187 0.8338087 0.1003248 0.8338087 0.110415 0.8493236 0.09715033 0.8468843 0.110415 0.8468843 0.09807265 0.8430851 0.110415 0.8430851 0.09923494 0.838298 0.1093947 0.838298 0.1072158 0.8338087 0.1003248 0.8338087 0.110415 0.8403998 0.01536942 0.8501639 0.0292263 0.8493236 0.01536942 0.8493236 0.02943039 0.8501639 0.02943039 0.8501639 0.01536942 0.8501639 0.0292263 0.8493236 0.02863407 0.8468843 0.01536942 0.8468843 0.02771175 0.8430851 0.01536942 0.8430851 0.01640469 0.838298 0.01536942 0.8403998 0.02654952 0.838298 0.01862472 0.8338087 0.02545959 0.8338087 0.01536942 0.8493236 0.02863407 0.8468843 0.01536942 0.8468843 0.02771175 0.8430851 0.01536942 0.8430851 0.02654946 0.838298 0.0163964 0.838298 0.0185954 0.8338087 0.02545959 0.8338087 0.01536942 0.8403998 0.02943039 0.8501639 0.02943039 0.8501639 0.01536942 0.8501639 0.01536942 0.8501639 0.0292263 0.8493236 0.0292263 0.8493236 0.01536942 0.8493236 0.0362525 0.8445171 0.0362525 0.8479909 0.0362525 0.8468843 0.02771175 0.8430851 0.01536942 0.8430851 0.02654952 0.838298 0.01638848 0.838298 0.01856571 0.8338087 0.02545959 0.8338087 0.01536942 0.8403998 0.02863407 0.8468843 0.01536942 0.8468843 0.02771175 0.8430851 0.01536942 0.8430851 0.01638961 0.838298 0.01536942 0.8403998 0.02654952 0.838298 0.01856863 0.8338087 0.02545959 0.8338087 0.1691258 0.8858746 0.2054816 0.8198168 0.2054816 0.8858746 0.1691258 0.8198168 0.1677682 0.9011995 0.1664105 0.9165231 0.2081968 0.9165231 0.2081968 0.9165231 0.1664105 0.9165231 0.2078331 0.9124177 0.1664105 0.9165231 0.1664105 0.7891676 0.1664105 0.9165231 0.1664105 0.7891676 0.1667743 0.7932737 0.1667743 0.9124177 0.2081968 0.9165231 0.2081968 0.7891676 0.2081968 0.7891676 0.2081968 0.9165231 0.2078331 0.7932737 0.1677682 0.8044919 0.2078331 0.9124177 0.1667743 0.9124177 0.2068392 0.9011995 0.2068392 0.8044919 0.2078331 0.7932737 0.1667743 0.9124177 0.1667743 0.7932737 0.2078331 0.7932737 0.2078331 0.9124177 0.2078331 0.9124177 0.1664105 0.7891676 0.2081968 0.7891676 0.2078331 0.7932737 0.1667743 0.7932737 0.1664105 0.7891676 0.2081968 0.7891676 0.1667743 0.7932737 0.1667743 0.9124177 0.1691258 0.8858739 0.2054816 0.8198161 0.1691258 0.8198161 0.2054816 0.8858739 0.2068392 0.8044912 0.1677682 0.9011989 0.2068392 0.9011989 0.1677682 0.8044912 0.2081968 0.9165231 0.1664105 0.9165231 0.2081968 0.9165231 0.1664105 0.9165231 0.2078331 0.9124163 0.1667743 0.9124163 0.1664105 0.9165231 0.1664105 0.9165231 0.1664105 0.7891669 0.1664105 0.7891669 0.1667743 0.793273 0.2081968 0.9165231 0.2081968 0.7891669 0.2081968 0.9165231 0.2081968 0.7891669 0.2078331 0.793273 0.2078331 0.9124163 0.2078331 0.9124163 0.1667743 0.9124163 0.2078331 0.793273 0.1667743 0.793273 0.1667743 0.793273 0.1667743 0.9124163 0.2078331 0.793273 0.2078331 0.9124163 0.1667743 0.793273 0.2078331 0.793273 0.1664105 0.7891669 0.2081968 0.7891669 0.1664105 0.7891669 0.1667743 0.9124163 0.2081968 0.7891669 0.07779717 0.9329531 0.10054 0.9329531 0.1016948 0.9347415 0.07664245 0.9347415 0.1032127 0.9341043 0.1026968 0.937203 0.1019672 0.9354137 0.1016948 0.9038056 0.1032127 0.9000604 0.1016948 0.9347415 0.07664245 0.9038056 0.07512462 0.9000604 0.1014514 0.9384867 0.07664245 0.9347415 0.07688588 0.9366891 0.1014514 0.9366891 0.07688588 0.9191194 0.07564044 0.937203 0.07688588 0.9384867 0.1026968 0.937203 0.1026968 0.9354413 0.1014514 0.9191194 0.07564044 0.9354413 0.1026968 0.9186161 0.1032127 0.9174011 0.1032127 0.9004611 0.1032127 0.9040539 0.1032127 0.9324881 0.1032127 0.9000604 0.1032127 0.9174011 0.1026968 0.9186161 0.1032127 0.9000604 0.07512462 0.9000604 0.1032127 0.9000604 0.07512462 0.9000604 0.07688588 0.9384867 0.07637 0.9354137 0.07512462 0.9341043 0.07564044 0.937203 0.5846594 0.7339762 0.6165587 0.5110468 0.6165587 0.7339762 0.5846594 0.5110468 0.10054 0.9066809 0.07779717 0.9066809 0.07664245 0.9038056 0.1016948 0.9038056 0.07779717 0.9066809 0.07779717 0.9329531 0.07664245 0.9347415 0.07664245 0.9038056 0.1016948 0.9347415 0.10054 0.9066809 0.1016948 0.9038056 0.10054 0.9329531 0.07688588 0.9384867 0.1014514 0.9384867 0.1014514 0.9384867 0.07564044 0.937203 0.1026968 0.937203 0.07564044 0.937203 0.07512462 0.9341043 0.07564044 0.937203 0.07564044 0.9354413 0.07512462 0.9341043 0.07512462 0.9000604 0.1026968 0.937203 0.1032127 0.9341043 0.1032127 0.9341043 0.1026968 0.937203 0.1032127 0.9000604 0.1026968 0.9354413 0.07512462 0.9324881 0.07564044 0.9186161 0.07512462 0.9174011 0.07512462 0.9004611 0.07512462 0.9000604 0.07564044 0.9186161 0.07512462 0.9174011 0.07512462 0.9040539 0.04914194 0.9347415 0.02408957 0.9347415 0.04798722 0.9329531 0.02524436 0.9329531 0.0225718 0.9341043 0.02408957 0.9347415 0.02381718 0.9354137 0.02308762 0.937203 0.02408957 0.9038056 0.0225718 0.9000604 0.024333 0.9384867 0.04914194 0.9038056 0.024333 0.9366891 0.04889852 0.9384867 0.04889852 0.9366891 0.02308762 0.937203 0.024333 0.9384867 0.04889852 0.9191194 0.024333 0.9191194 0.05014396 0.9354413 0.05014396 0.9186161 0.02308762 0.9354413 0.05014396 0.937203 0.0225718 0.9174011 0.0225718 0.9004611 0.0225718 0.9324881 0.0225718 0.9040539 0.0225718 0.9000604 0.0225718 0.9341043 0.0225718 0.9000604 0.05065978 0.9000604 0.05065978 0.9000604 0.0225718 0.9000604 0.05065978 0.9000604 0.05065978 0.9341043 0.04889852 0.9384867 0.0494144 0.9354137 0.05014396 0.937203 0.04914194 0.9347415 0.5428478 0.7339762 0.5109485 0.5110468 0.5428478 0.5110468 0.5109485 0.7339762 0.02408957 0.9038056 0.04914194 0.9038056 0.02524436 0.9066809 0.04798722 0.9066809 0.04798722 0.9066809 0.04914194 0.9347415 0.04798722 0.9329531 0.04914194 0.9038056 0.02408957 0.9347415 0.02524436 0.9066809 0.02524436 0.9329531 0.02408957 0.9038056 0.024333 0.9384867 0.05014396 0.937203 0.04889852 0.9384867 0.02308762 0.937203 0.02308762 0.9186161 0.05065978 0.9341043 0.05014396 0.937203 0.05014396 0.937203 0.05065978 0.9341043 0.05065978 0.9000604 0.05065978 0.9324881 0.05065978 0.9000604 0.0225718 0.9341043 0.02308762 0.937203 0.02308762 0.9354413 0.0225718 0.9000604 0.02308762 0.937203 0.0225718 0.9174011 0.02308762 0.9186161 0.05014396 0.9186161 0.05065978 0.9174011 0.05014396 0.9354413 0.05065978 0.9004611 0.05065978 0.9174011 0.05065978 0.9040539 0.1745683 0.7998626 0.1339883 0.7872407 0.1339883 0.7998626 0.1874971 0.804892 0.1795164 0.7885245 0.1827263 0.8161711 0.1696339 0.8116058 0.1339883 0.7774725 0.192291 0.7939069 0.1834722 0.7798138 0.1823909 0.8282366 0.1789358 0.8255051 0.1657264 0.8214234 0.1768535 0.8310875 0.1782195 0.8321133 0.1899233 0.8222629 0.1635923 0.8273326 0.1768535 0.8318821 0.1782195 0.832908 0.1789356 0.827732 0.1823909 0.8304635 0.1657264 0.82365 0.1696336 0.8148236 0.1827263 0.8193888 0.1899233 0.8254807 0.1745683 0.8034341 0.1874971 0.8084635 0.1992816 0.8190436 0.1795164 0.7917423 0.192291 0.7971247 0.2085736 0.8123646 0.1834722 0.7820404 0.1961419 0.787645 0.2159792 0.8066923 0.1856609 0.7762237 0.1982797 0.7819328 0.2200745 0.803112 0.1856609 0.7754289 0.1982797 0.7811379 0.2200745 0.8023172 0.1961419 0.7854184 0.2159792 0.8044657 0.2085736 0.8091468 0.2250124 0.8866707 0.2111537 0.846297 0.2222682 0.8389291 0.2348623 0.8858167 0.199299 0.8193629 0.2102502 0.8115528 0.2311221 0.8325768 0.2402863 0.8848116 0.2190171 0.8048835 0.1992816 0.8154722 0.1823909 0.8304635 0.1744248 0.8355244 0.1782195 0.832908 0.1782195 0.8321133 0.179396 0.8326703 0.1899233 0.8254807 0.1882922 0.826862 0.2002424 0.8832851 0.1903597 0.8839014 0.1938855 0.8841174 0.1892604 0.8848783 0.2022198 0.8835407 0.2126373 0.8829144 0.2126122 0.8832623 0.2230049 0.8833377 0.2250124 0.8828624 0.2190171 0.8048835 0.2085736 0.8123646 0.2159792 0.8066923 0.2102502 0.8115528 0.2238816 0.8006546 0.2200745 0.803112 0.199299 0.8193629 0.1992816 0.8190436 0.2313392 0.883752 0.2348623 0.8831891 0.2359643 0.8844229 0.2402863 0.8838759 0.2190171 0.8022398 0.2085736 0.8091468 0.2102502 0.8077368 0.2159792 0.8044657 0.1992816 0.8154722 0.199299 0.8151293 0.2238816 0.7997104 0.2200745 0.8023172 0.1339883 0.812838 0.1744248 0.8345751 0.1823909 0.8282366 0.179396 0.8300181 0.2359643 0.8852177 0.2402863 0.8848116 0.1339883 0.7724925 0.2348623 0.8858167 0.2313392 0.8859787 0.1807733 0.9417463 0.1938855 0.886344 0.186779 0.9429171 0.1892604 0.8848783 0.1892604 0.8856732 0.2022198 0.8867583 0.1976014 0.9439943 0.1635923 0.8281274 0.1339883 0.830804 0.1339883 0.8258243 0.1339883 0.8160558 0.1339883 0.8034341 0.1339883 0.7904586 0.1339883 0.7796993 0.1339883 0.7732874 0.1339883 0.8235973 0.1339883 0.8300092 0.2224815 0.9411371 0.2209713 0.8827075 0.2316119 0.9420457 0.2172769 0.8823398 0.2366786 0.9430334 0.2110965 0.9404872 0.2126699 0.8820769 0.235414 0.9419718 0.2313392 0.883752 0.2245917 0.9408947 0.2414201 0.9431426 0.2359643 0.8844229 0.2230049 0.8833377 0.2110965 0.9401245 0.2110965 0.9447644 0.2022198 0.8835407 0.1976014 0.9398137 0.2126122 0.8832623 0.2126122 0.8868338 0.2245917 0.9450752 0.2313392 0.8859787 0.235414 0.9448647 0.2230049 0.8865554 0.1938855 0.8841174 0.186779 0.9400241 0.2414201 0.9441751 0.1807733 0.9407139 0.2359643 0.8852177 0.1882922 0.8230423 0.1899233 0.8222629 0.2250124 0.8866707 0.2230049 0.8865554 0.2126373 0.887148 0.2126122 0.8868338 0.2022198 0.8867583 0.2002421 0.8870959 0.1938855 0.886344 0.1903597 0.8865308 0.1892604 0.8856732 0.184922 0.8856514 0.184922 0.8847152 0.2402863 0.8838759 0.2311221 0.8299429 0.2348623 0.8831891 0.2190171 0.8022398 0.2222682 0.8351209 0.2360215 0.8275849 0.2250124 0.8828624 0.2360215 0.8285249 0.2238816 0.8006546 0.2238816 0.7997104 0.211154 0.8420637 0.2126373 0.8829144 0.1882922 0.8230423 0.1999025 0.8493308 0.2002424 0.8832851 0.2102502 0.8077368 0.2002421 0.8870959 0.1907189 0.8581014 0.1999025 0.8531563 0.2126373 0.887148 0.184922 0.8856514 0.1855292 0.8592888 0.1855292 0.8602409 0.1903597 0.8865308 0.1744248 0.8355244 0.1882922 0.826862 0.179396 0.8326703 0.1903597 0.8839014 0.184922 0.8847152 0.1907191 0.8554427 0.1744248 0.8345751 0.179396 0.8300181 0.199299 0.8151293 0.1976014 0.9398137 0.2110965 0.9404872 0.2110965 0.9401245 0.1905817 0.9404026 0.1997116 0.9402251 0.2224815 0.9411371 0.2245917 0.9408947 0.186779 0.9400241 0.1807733 0.9407139 0.1855145 0.9409845 0.1807733 0.9417463 0.1855145 0.9418555 0.186779 0.9429171 0.1905817 0.9428433 0.1976014 0.9439943 0.1997116 0.9437518 0.2110965 0.9447644 0.2110965 0.9444016 0.2245917 0.9450752 0.2224815 0.9446638 0.235414 0.9448647 0.2316119 0.9444863 0.2366786 0.9439045 0.2414201 0.9441751 0.2366786 0.9430334 0.2414201 0.9431426 0.2316119 0.9420457 0.235414 0.9419718 0.06645176 0.7547933 0.06070706 0.7536735 0.0561001 0.7534106 0.06645176 0.7544409 0.06440154 0.7540412 0.06440154 0.7550288 0.04574814 0.7536117 0.0561001 0.7549946 0.04779842 0.7533762 0.05149314 0.7547317 0.06070706 0.7551007 0.05149314 0.7533044 0.04574814 0.7539642 0.04779842 0.7543639 0.1997116 0.9437518 0.2043682 0.8830302 0.1905817 0.9428433 0.2080629 0.883398 0.1855145 0.9418555 0.2110965 0.9444016 0.2126699 0.8836609 0.2172769 0.883767 0.2080629 0.8819706 0.1997116 0.9402251 0.2043682 0.8820425 0.2224815 0.9446638 0.2209713 0.8836951 0.2316119 0.9444863 0.2366786 0.9439045 0.2230216 0.8834596 0.1905817 0.9404026 0.1855145 0.9409845 0.202318 0.882278 0.2230216 0.8831072 0.202318 0.8826305 0.1168093 0.8743743 0.1168093 0.8428956 0.1168093 0.8743743 0.1166903 0.8760835 0.1166903 0.8760835 0.1166903 0.8700587 0.1168093 0.8683366 0.1168093 0.8428956 0.1168093 0.8428956 0.1143779 0.8740158 0.1143779 0.8799052 0.1151292 0.8796344 0.1151292 0.8737049 0.1094413 0.8799052 0.1128523 0.8728284 0.1094413 0.8728284 0.1143779 0.8799052 0.1094413 0.8720385 0.1142759 0.8735442 0.113418 0.872894 0.1151292 0.8796344 0.115002 0.8731176 0.1146934 0.8726745 0.1140679 0.8732449 0.1142285 0.8723347 0.1137667 0.8730242 0.1129146 0.8720383 0.113664 0.8721247 0.1130537 0.8656731 0.1094413 0.8449583 0.1130537 0.8449583 0.1142143 0.8449903 0.1142143 0.8657969 0.1094413 0.8656766 0.1142143 0.841916 0.1094413 0.8417784 0.1130537 0.8417784 0.1094413 0.8392434 0.1130537 0.8392434 0.1142143 0.8395216 0.1152612 0.8423153 0.1152612 0.8450829 0.1130439 0.8674444 0.1152612 0.8661711 0.1168093 0.8683366 0.1168093 0.8428956 0.1168093 0.8451891 0.1166255 0.8412402 0.1166255 0.8437209 0.1166255 0.8454089 0.1166255 0.867513 0.1166255 0.8431706 0.1166255 0.8428423 0.1166255 0.8429698 0.1168093 0.8428956 0.1094413 0.8428956 0.1094413 0.8428956 0.1168093 0.8428956 0.1166255 0.8412402 0.116092 0.8397466 0.1130537 0.8375383 0.1094413 0.8375383 0.1152612 0.8385615 0.116092 0.8397466 0.1130537 0.8656731 0.1094413 0.8449583 0.1094413 0.8656766 0.1142143 0.8449903 0.1130537 0.8449583 0.1130537 0.8417784 0.1094413 0.8417784 0.1130439 0.8674444 0.1142143 0.841916 0.1094413 0.8799052 0.1143779 0.8740158 0.1142143 0.8395216 0.1130537 0.8392434 0.1094413 0.8392434 0.1094413 0.8376021 0.1130537 0.8376021 0.1094413 0.8370143 0.1130537 0.8370143 0.1130537 0.8375383 0.1094413 0.8376021 0.1094413 0.8375383 0.1094413 0.8370143 0.1130537 0.8370143 0.1142143 0.8379822 0.1152612 0.8385615 0.116092 0.8404911 0.1152612 0.8386251 0.1142143 0.8378007 0.1142143 0.8374273 0.1166255 0.8412402 0.1142143 0.8378005 0.1152612 0.8386251 0.1142143 0.8374273 0.1168093 0.8428956 0.1130537 0.8376021 0.1168093 0.8451891 0.1166255 0.8437209 0.1166255 0.8431706 0.1166255 0.8412402 0.1166255 0.867513 0.1166255 0.845409 0.1166255 0.8429698 0.1166255 0.8428423 0.116092 0.8397466 0.116092 0.8408041 0.1152612 0.8390855 0.116092 0.8415864 0.1152612 0.840329 0.116092 0.8429372 0.116092 0.8452272 0.116092 0.8667613 0.116092 0.8397466 0.116092 0.8404911 0.116092 0.8408041 0.1152612 0.8390855 0.1142143 0.8379822 0.116092 0.8415864 0.1152612 0.840329 0.116092 0.8429372 0.1152612 0.8423153 0.116092 0.8452272 0.1152612 0.8450829 0.116092 0.8667613 0.1152612 0.8661711 0.1142143 0.8657969 0.1141753 0.8675683 0.1151881 0.8679346 0.115993 0.8685117 0.1165105 0.8692454 0.1151292 0.8737049 0.115807 0.8788489 0.115807 0.8788489 0.1163449 0.8776252 0.115807 0.8728809 0.1163449 0.8776252 0.1163449 0.8716247 0.1142759 0.8735442 0.113418 0.872894 0.1140679 0.8732449 0.1146934 0.8726745 0.115002 0.8731176 0.1128523 0.8728284 0.1152577 0.8716205 0.115657 0.8721918 0.1157055 0.8701862 0.1161768 0.8708575 0.1142285 0.8723347 0.1146452 0.8711751 0.1137667 0.8730242 0.1149758 0.8696589 0.1140622 0.8693247 0.113664 0.8721247 0.1129707 0.8707906 0.1138861 0.8708948 0.1129146 0.8720383 0.1130152 0.8692076 0.1094413 0.8707914 0.1094413 0.8728284 0.1094413 0.8720385 0.1094413 0.8692092 0.1094413 0.8674468 0.115807 0.8728809 0.115657 0.8721918 0.1152577 0.8716205 0.1163449 0.8716247 0.1161768 0.8708575 0.1157055 0.8701862 0.1166903 0.8700587 0.1165105 0.8692454 0.1146452 0.8711751 0.1149758 0.8696589 0.115993 0.8685117 0.1151881 0.8679346 0.1138861 0.8708948 0.1140622 0.8693247 0.1141753 0.8675683 0.1129707 0.8707906 0.1130152 0.8692076 0.1094413 0.8707914 0.1094413 0.8692092 0.1094413 0.8674468 0.1168093 0.8743743 0.1166903 0.8700587 0.1166903 0.8760835 0.1168093 0.8428956 0.1168093 0.8428956 0.1168093 0.8743743 0.1168093 0.8683366 0.1166903 0.8760835 0.1168093 0.8683366 0.1168093 0.8451891 0.1143779 0.8740158 0.1128523 0.8728284 0.1142759 0.8735442 0.1151292 0.8737049 0.1094413 0.8799052 0.1094413 0.8728284 0.1151292 0.8796344 0.1143779 0.8799052 0.1094413 0.8720385 0.1129146 0.8720383 0.1146934 0.8726745 0.115002 0.8731176 0.113418 0.872894 0.113664 0.8721247 0.1140679 0.8732449 0.1142285 0.8723347 0.1137667 0.8730242 0.1143779 0.8799052 0.1130537 0.8656731 0.1094413 0.8656766 0.1130439 0.8674444 0.1142143 0.8449903 0.1130537 0.8449583 0.1094413 0.8449583 0.1094413 0.8417784 0.1142143 0.841916 0.1130537 0.8417784 0.1142143 0.8395216 0.1130537 0.8392434 0.1094413 0.8392434 0.1142143 0.8657969 0.1141753 0.8675683 0.1152612 0.8450829 0.1152612 0.8423153 0.1166903 0.8700587 0.1168093 0.8428956 0.1166255 0.8412402 0.1166255 0.8431706 0.1166255 0.8429698 0.1166255 0.867513 0.1166255 0.8454089 0.1166255 0.8428423 0.1166255 0.8437209 0.1168093 0.8428956 0.1094413 0.8428956 0.1168093 0.8428956 0.1152612 0.8385615 0.116092 0.8397466 0.1166255 0.8412402 0.1168093 0.8428956 0.1094413 0.8428956 0.1130537 0.8375383 0.1094413 0.8375383 0.116092 0.8397466 0.1152612 0.8385615 0.1094413 0.8656766 0.1094413 0.8449583 0.1130537 0.8656731 0.1130439 0.8674444 0.1094413 0.8674468 0.1130537 0.8417784 0.1130537 0.8449583 0.1142143 0.8449903 0.1142143 0.8657969 0.1142143 0.841916 0.1151292 0.8796344 0.1094413 0.8799052 0.1094413 0.8417784 0.1142143 0.8395216 0.1130537 0.8392434 0.1094413 0.8376021 0.1130537 0.8370143 0.1094413 0.8370143 0.1094413 0.8376021 0.1142143 0.8378005 0.1130537 0.8370143 0.1094413 0.8370143 0.1130537 0.8376021 0.1142143 0.8379822 0.1142143 0.8374273 0.1094413 0.8375383 0.1130537 0.8375383 0.1142143 0.8378007 0.1152612 0.8386251 0.1166255 0.8412402 0.1152612 0.8386251 0.1142143 0.8374273 0.1094413 0.8392434 0.1130537 0.8376021 0.1168093 0.8451891 0.1166255 0.8431706 0.1166255 0.8437209 0.1168093 0.8428956 0.1166255 0.8412402 0.1166255 0.8428423 0.1166255 0.8429698 0.1166255 0.845409 0.116092 0.8397466 0.116092 0.8404911 0.116092 0.8408041 0.1152612 0.8390855 0.116092 0.8415864 0.1152612 0.840329 0.116092 0.8429372 0.116092 0.8452272 0.116092 0.8397466 0.116092 0.8404911 0.116092 0.8408041 0.1152612 0.8390855 0.1142143 0.8379822 0.116092 0.8415864 0.1152612 0.840329 0.116092 0.8429372 0.1152612 0.8423153 0.116092 0.8452272 0.1152612 0.8450829 0.116092 0.8667613 0.1152612 0.8661711 0.1152612 0.8661711 0.1151881 0.8679346 0.1165105 0.8692454 0.1166255 0.867513 0.116092 0.8667613 0.115993 0.8685117 0.1165105 0.8692454 0.115993 0.8685117 0.1143779 0.8740158 0.115807 0.8788489 0.115807 0.8788489 0.115807 0.8728809 0.1163449 0.8776252 0.1163449 0.8776252 0.1151292 0.8737049 0.115807 0.8728809 0.1163449 0.8716247 0.1142759 0.8735442 0.1128523 0.8728284 0.115002 0.8731176 0.1146934 0.8726745 0.1140679 0.8732449 0.1094413 0.8728284 0.1152577 0.8716205 0.115657 0.8721918 0.1157055 0.8701862 0.1161768 0.8708575 0.1146452 0.8711751 0.1142285 0.8723347 0.113418 0.872894 0.1137667 0.8730242 0.1149758 0.8696589 0.1138861 0.8708948 0.113664 0.8721247 0.1140622 0.8693247 0.1129707 0.8707906 0.1129146 0.8720383 0.1130152 0.8692076 0.1094413 0.8692092 0.1094413 0.8674468 0.115657 0.8721918 0.1152577 0.8716205 0.1163449 0.8716247 0.1157055 0.8701862 0.1161768 0.8708575 0.1146452 0.8711751 0.1149758 0.8696589 0.1151881 0.8679346 0.1138861 0.8708948 0.1140622 0.8693247 0.1141753 0.8675683 0.1129707 0.8707906 0.1130152 0.8692076 0.1094413 0.8707914 0.1094413 0.8692092 0.1094413 0.8720385 0.1094413 0.8707914 0.008975089 0.8743743 0.009094119 0.8700587 0.009094119 0.8760835 0.008975089 0.8743743 0.008975089 0.8428956 0.008975089 0.8428956 0.008975089 0.8683366 0.009094119 0.8760835 0.008975089 0.8683366 0.008975089 0.8451891 0.01236641 0.872894 0.01171649 0.8732449 0.01150852 0.8735442 0.01286989 0.8720383 0.01212037 0.8721247 0.01293212 0.8728284 0.01155585 0.8723347 0.01109099 0.8726745 0.01201767 0.8730242 0.01065516 0.8737049 0.0114066 0.8740158 0.01078242 0.8731176 0.01634312 0.8799052 0.0114066 0.8799052 0.01634312 0.8799052 0.0114066 0.8799052 0.01634312 0.8728284 0.01065516 0.8796344 0.01065516 0.8796344 0.01634312 0.8720385 0.01273066 0.8656731 0.01634312 0.8449583 0.01634312 0.8656766 0.01274049 0.8674444 0.01157016 0.8449903 0.01273066 0.8449583 0.01157016 0.841916 0.01273066 0.8417784 0.01634312 0.8417784 0.01157016 0.8395216 0.01634312 0.8392434 0.01273066 0.8392434 0.01157016 0.8657969 0.01160908 0.8675683 0.0105232 0.8450829 0.0105232 0.8423153 0.009094119 0.8700587 0.008975089 0.8428956 0.009158909 0.8412402 0.009158909 0.8437209 0.009158909 0.8431706 0.009158909 0.8429698 0.009158909 0.8428423 0.009158909 0.8454089 0.009158909 0.867513 0.008975089 0.8428956 0.008975089 0.8428956 0.01634312 0.8428956 0.01634312 0.8428956 0.009692371 0.8397466 0.0105232 0.8385615 0.01634312 0.8656766 0.01634312 0.8449583 0.01273066 0.8656731 0.01274049 0.8674444 0.01634312 0.8674468 0.01273066 0.8417784 0.01273066 0.8449583 0.01157016 0.8449903 0.01157016 0.8657969 0.01157016 0.841916 0.01634312 0.8417784 0.01157016 0.8395216 0.01273066 0.8392434 0.01634312 0.8376021 0.01634312 0.8375383 0.01273066 0.8375383 0.01634312 0.8370143 0.01157016 0.8378005 0.01157016 0.8374273 0.01273066 0.8370143 0.01634312 0.8376021 0.01157016 0.8379822 0.01273066 0.8376021 0.01273066 0.8376021 0.01634312 0.8370143 0.01157016 0.8379822 0.01273066 0.8370143 0.01634312 0.8375383 0.01157016 0.8374273 0.01273066 0.8375383 0.009158909 0.8412402 0.009692371 0.8397466 0.0105232 0.8385615 0.008975089 0.8428956 0.01157016 0.8378007 0.009692371 0.8404911 0.009692371 0.8397466 0.0105232 0.8386251 0.009692371 0.8404911 0.0105232 0.8386251 0.009158909 0.8412402 0.01634312 0.8392434 0.008975089 0.8451891 0.008975089 0.8428956 0.009158909 0.8412402 0.009158909 0.8428423 0.009158909 0.8429698 0.009158909 0.8431706 0.009158909 0.8437209 0.009158909 0.845409 0.009692371 0.8408041 0.0105232 0.8390855 0.009692371 0.8415864 0.0105232 0.840329 0.009692371 0.8429372 0.009692371 0.8452272 0.009692371 0.8397466 0.009692371 0.8408041 0.0105232 0.8390855 0.009692371 0.8415864 0.0105232 0.840329 0.009692371 0.8429372 0.0105232 0.8423153 0.009692371 0.8452272 0.0105232 0.8450829 0.009692371 0.8667613 0.0105232 0.8661711 0.0105232 0.8661711 0.01059633 0.8679346 0.009273887 0.8692454 0.009158909 0.867513 0.009692371 0.8667613 0.009791434 0.8685117 0.009273887 0.8692454 0.009791434 0.8685117 0.0114066 0.8740158 0.009977341 0.8788489 0.009977341 0.8788489 0.01065516 0.8737049 0.009439468 0.8776252 0.009439468 0.8776252 0.009977341 0.8728809 0.009439468 0.8716247 0.01150852 0.8735442 0.01293212 0.8728284 0.01078242 0.8731176 0.01634312 0.8728284 0.01012743 0.8721918 0.009607673 0.8708575 0.01007891 0.8701862 0.01109099 0.8726745 0.01052672 0.8716205 0.01113921 0.8711751 0.01171649 0.8732449 0.01236641 0.872894 0.01155585 0.8723347 0.01080865 0.8696589 0.01201767 0.8730242 0.0118984 0.8708948 0.01212037 0.8721247 0.01172221 0.8693247 0.01281369 0.8707906 0.01286989 0.8720383 0.01276916 0.8692076 0.01634312 0.8707914 0.01634312 0.8720385 0.01634312 0.8692092 0.01634312 0.8674468 0.01052672 0.8716205 0.01012743 0.8721918 0.009977341 0.8728809 0.009439468 0.8716247 0.01007891 0.8701862 0.009607613 0.8708575 0.01113921 0.8711751 0.01080865 0.8696589 0.01059633 0.8679346 0.0118984 0.8708948 0.01172221 0.8693247 0.01160908 0.8675683 0.01281369 0.8707906 0.01276916 0.8692076 0.01634312 0.8707914 0.01634312 0.8692092 0.008975089 0.8743743 0.009094119 0.8700587 0.008975089 0.8683366 0.009094119 0.8760835 0.009094119 0.8760835 0.008975089 0.8428956 0.008975089 0.8743743 0.008975089 0.8428956 0.008975089 0.8428956 0.0114066 0.8740158 0.01293212 0.8728284 0.01634312 0.8728284 0.01634312 0.8799052 0.0114066 0.8799052 0.01634312 0.8720385 0.01150852 0.8735442 0.01236641 0.872894 0.01109099 0.8726745 0.01171649 0.8732449 0.01155585 0.8723347 0.01201767 0.8730242 0.01286989 0.8720383 0.01212037 0.8721247 0.01273066 0.8656731 0.01157016 0.8449903 0.01157016 0.8657969 0.01634312 0.8449583 0.01273066 0.8449583 0.01634312 0.8656766 0.01634312 0.8417784 0.01273066 0.8417784 0.01157016 0.841916 0.01634312 0.8392434 0.01273066 0.8392434 0.01157016 0.8395216 0.0105232 0.8423153 0.0105232 0.8450829 0.01274049 0.8674444 0.0105232 0.8661711 0.008975089 0.8683366 0.008975089 0.8428956 0.008975089 0.8451891 0.009158909 0.8412402 0.009158909 0.8428423 0.009158909 0.8429698 0.009158909 0.8431706 0.009158909 0.8437209 0.009158909 0.8454089 0.009158909 0.867513 0.008975089 0.8428956 0.01634312 0.8428956 0.01634312 0.8428956 0.008975089 0.8428956 0.008975089 0.8428956 0.01273066 0.8375383 0.01634312 0.8375383 0.008975089 0.8428956 0.009158909 0.8412402 0.009692371 0.8397466 0.0105232 0.8385615 0.01273066 0.8656731 0.01634312 0.8449583 0.01634312 0.8656766 0.01157016 0.8449903 0.01273066 0.8449583 0.01273066 0.8417784 0.01634312 0.8417784 0.01274049 0.8674444 0.01157016 0.841916 0.0114066 0.8799052 0.01634312 0.8799052 0.01157016 0.8395216 0.01273066 0.8392434 0.01634312 0.8392434 0.01634312 0.8376021 0.01634312 0.8370143 0.01273066 0.8375383 0.01634312 0.8375383 0.01273066 0.8370143 0.01157016 0.8374273 0.01157016 0.8379822 0.01634312 0.8376021 0.01273066 0.8376021 0.01273066 0.8376021 0.01634312 0.8370143 0.01273066 0.8370143 0.01157016 0.8379822 0.009692371 0.8397466 0.0105232 0.8385615 0.01157016 0.8378007 0.01157016 0.8374273 0.009692371 0.8404911 0.0105232 0.8386251 0.0105232 0.8386251 0.009692371 0.8404911 0.01157016 0.8378005 0.008975089 0.8451891 0.009158909 0.8431706 0.009158909 0.8429698 0.009158909 0.8412402 0.009158909 0.8437209 0.009158909 0.845409 0.009158909 0.867513 0.009158909 0.8428423 0.009692371 0.8397466 0.009692371 0.8408041 0.0105232 0.8390855 0.009692371 0.8415864 0.0105232 0.840329 0.009692371 0.8429372 0.009692371 0.8452272 0.009692371 0.8667613 0.009692371 0.8397466 0.009692371 0.8408041 0.0105232 0.8390855 0.009692371 0.8415864 0.009692371 0.8429372 0.0105232 0.840329 0.0105232 0.8423153 0.009692371 0.8452272 0.0105232 0.8450829 0.009692371 0.8667613 0.0105232 0.8661711 0.01157016 0.8657969 0.01160908 0.8675683 0.01059633 0.8679346 0.009791434 0.8685117 0.009273887 0.8692454 0.01065516 0.8796344 0.0114066 0.8740158 0.01065516 0.8737049 0.01065516 0.8796344 0.01065516 0.8737049 0.009977341 0.8788489 0.009977341 0.8728809 0.009439468 0.8776252 0.009977341 0.8788489 0.009977341 0.8728809 0.009439468 0.8776252 0.009439468 0.8716247 0.01150852 0.8735442 0.01078242 0.8731176 0.01236641 0.872894 0.01171649 0.8732449 0.01109099 0.8726745 0.01052672 0.8716205 0.01012743 0.8721918 0.01293212 0.8728284 0.01007891 0.8701862 0.009607673 0.8708575 0.01113921 0.8711751 0.01155585 0.8723347 0.01201767 0.8730242 0.01080865 0.8696589 0.0118984 0.8708948 0.01212037 0.8721247 0.01172221 0.8693247 0.01286989 0.8720383 0.01281369 0.8707906 0.01276916 0.8692076 0.01634312 0.8728284 0.01634312 0.8720385 0.01634312 0.8707914 0.01634312 0.8692092 0.01634312 0.8674468 0.01078242 0.8731176 0.01052672 0.8716205 0.01012743 0.8721918 0.009439468 0.8716247 0.01007891 0.8701862 0.009607613 0.8708575 0.009094119 0.8700587 0.009273887 0.8692454 0.01113921 0.8711751 0.01080865 0.8696589 0.009791434 0.8685117 0.01059633 0.8679346 0.0118984 0.8708948 0.01172221 0.8693247 0.01160908 0.8675683 0.01281369 0.8707906 0.01276916 0.8692076 0.01634312 0.8707914 0.01634312 0.8692092 0.01634312 0.8674468 0.2262725 0.7626805 0.2214258 0.7626806 0.2262725 0.7626805 0.2214257 0.7626805 0.2214257 0.7626805 0.2262725 0.7626805 0.2262725 0.7626805 0.2214257 0.7626806 0.164235 0.7626806 0.1593883 0.7626805 0.1593883 0.7626805 0.164235 0.7626805 0.164235 0.7626805 0.1593883 0.7626805 0.164235 0.7626806 0.1593883 0.7626805 0.2214257 0.7626805 0.164235 0.7626805 0.2214257 0.7626805 0.164235 0.7626806 0.164235 0.7626805 0.2214258 0.7626806 0.164235 0.7626806 0.2214257 0.7626806 0.164235 0.7626805 0.164235 0.7626805 0.164235 0.7626805 0.164235 0.7626806 0.164235 0.7626806 0.164235 0.7626805 0.164235 0.7626806 0.164235 0.7626806 0.0159809 0.7996293 0.0306465 0.7977155 0.01684564 0.7977155 0.03151125 0.7996293 0.09711266 0.7976162 0.08266002 0.79953 0.09797913 0.79953 0.08352649 0.7976162 0.08265996 0.7856839 0.08266002 0.7992072 0.09797913 0.7853609 0.08352643 0.7872747 0.0971126 0.7872747 0.08266002 0.7853609 0.1047155 0.8936503 0.08764237 0.8936505 0.08851939 0.8944615 0.1038385 0.8944615 0.09797913 0.7992072 0.09797913 0.7856839 0.03151292 0.7993019 0.03151292 0.785589 0.0306465 0.7871754 0.01684564 0.7871754 0.03151125 0.7852618 0.0159809 0.7852618 0.01597923 0.785589 0.01597923 0.7993021 0.1058181 0.8926305 0.08653975 0.8926305 0.1155208 0.9645531 0.1155208 0.9593644 0.1155208 0.9645531 0.1155208 0.9593644 0.01880795 0.9663712 0.05815993 0.9593644 0.05815993 0.9663712 0.01698971 0.9593644 0.05997819 0.9721648 0.05815993 0.9703466 0.07435056 0.9593644 0.07435056 0.9663712 0.01698971 0.9645531 0.1137026 0.9663712 0.1155208 0.9593644 0.1155208 0.9645531 0.05815993 0.9663712 0.01880795 0.9663712 0.05815993 0.9663712 0.01880795 0.9663712 0.01698971 0.9593644 0.05815993 0.9593644 0.01698971 0.9593644 0.05815993 0.9593644 0.07435056 0.9593644 0.07435056 0.9593644 0.1137026 0.9663712 0.07435056 0.9663712 0.1137026 0.9663712 0.07435056 0.9663712 0.1137026 0.9663712 0.07435056 0.9593644 0.07435056 0.9663712 0.1155208 0.9593644 0.07253235 0.9721648 0.07435056 0.9703466 0.05815993 0.9593644 0.05815993 0.9663712 0.1155208 0.9645531 0.07435056 0.9703466 0.07435056 0.9663712 0.07435056 0.9663712 0.07435056 0.9703466 0.1155208 0.9593644 0.1155208 0.9593644 0.05997819 0.9721648 0.05815993 0.9703466 0.01698971 0.9645531 0.01698971 0.9593644 0.01698971 0.9645531 0.01698971 0.9593644 0.05815993 0.9703466 0.05815993 0.9663712 0.05815993 0.9663712 0.05815993 0.9703466 0.07253235 0.9721648 0.05997819 0.9721648 0.07253235 0.9721648 0.05997819 0.9721648 0.07253235 0.9721648 0.07435056 0.9703466 0.1155208 0.9645531 0.1155208 0.9645531 0.1137026 0.9663712 0.1137026 0.9663712 0.01880795 0.9663712 0.01880795 0.9663712 0.01698971 0.9645531 0.01698971 0.9645531 0.07435056 0.9703466 0.07253235 0.9721648 0.07435056 0.9703466 0.07253235 0.9721648 0.05997819 0.9721648 0.05815993 0.9703466 0.05997819 0.9721648 0.05815993 0.9703466 0.01880795 0.9663712 0.05815993 0.9593644 0.01698971 0.9593644 0.01698971 0.9645531 0.05815993 0.9663712 0.8132936 0.2946894 0.8136111 0.49315 0.8136111 0.49315 0.8132936 0.2946894 0.8222423 0.49315 0.8223909 0.2946894 0.8167377 0.49315 0.8165892 0.2946894 0.8165892 0.2946894 0.8222423 0.49315 0.8167377 0.49315 0.8223909 0.2946894 0.8165892 0.2869564 0.8165892 0.2869564 0.8223909 0.2869564 0.8223909 0.2869564 0.8256864 0.2946894 0.8223909 0.2869564 0.8223909 0.2946894 0.8256864 0.2946894 0.8223909 0.2946894 0.8223909 0.2869564 0.8132936 0.2946894 0.8165892 0.2946894 0.8165892 0.2869564 0.8132936 0.2946894 0.8165892 0.2869564 0.8165892 0.2946894 0.8223909 0.2869564 0.8256864 0.2946894 0.8256864 0.2946894 0.8223909 0.2869564 0.8132936 0.2946894 0.8132936 0.2946894 0.8165892 0.2869564 0.8165892 0.2869564 0.8165892 0.2869564 0.8223909 0.2946894 0.8165892 0.2946894 0.8223909 0.2869564 0.8165892 0.2869564 0.8165892 0.2946894 0.8223909 0.2869564 0.8223909 0.2946894 0.8167377 0.49315 0.8132936 0.2946894 0.8165892 0.2946894 0.8136111 0.49315 0.8223909 0.2946894 0.825369 0.49315 0.8222423 0.49315 0.8256864 0.2946894 0.8223909 0.2946894 0.8222423 0.49315 0.825369 0.49315 0.8256864 0.2946894 0.8167377 0.49315 0.8132936 0.2946894 0.8136111 0.49315 0.8165892 0.2946894 0.8256864 0.2946894 0.825369 0.49315 0.8256864 0.2946894 0.825369 0.49315 0.1986771 0.3008769 0.1982418 0.4708829 0.1986771 0.3008769 0.1982418 0.4708829 0.1897836 0.4708829 0.1895798 0.3008769 0.1951779 0.4708829 0.1953815 0.3008769 0.1951779 0.4708829 0.1895798 0.3008769 0.1897836 0.4708829 0.1953815 0.3008769 0.1953815 0.2944588 0.1953815 0.2944588 0.1895798 0.2944588 0.1895798 0.2944588 0.1862843 0.3008769 0.1895798 0.2944588 0.1895798 0.3008769 0.1862843 0.3008769 0.1895798 0.3008769 0.1895798 0.2944588 0.1986771 0.3008769 0.1953815 0.3008769 0.1953815 0.2944588 0.1986771 0.3008769 0.1953815 0.2944588 0.1953815 0.3008769 0.1862843 0.3008769 0.1862843 0.3008769 0.1895798 0.2944588 0.1895798 0.2944588 0.1953815 0.2944588 0.1953815 0.2944588 0.1986771 0.3008769 0.1986771 0.3008769 0.1953815 0.2944588 0.1895798 0.3008769 0.1953815 0.3008769 0.1895798 0.2944588 0.1953815 0.2944588 0.1953815 0.3008769 0.1895798 0.2944588 0.1895798 0.3008769 0.1951779 0.4708829 0.1986771 0.3008769 0.1953815 0.3008769 0.1982418 0.4708829 0.1895798 0.3008769 0.1867195 0.4708829 0.1897836 0.4708829 0.1862843 0.3008769 0.1895798 0.3008769 0.1867195 0.4708829 0.1862843 0.3008769 0.1897836 0.4708829 0.1951779 0.4708829 0.1953815 0.3008769 0.1986771 0.3008769 0.1982418 0.4708829 0.1862843 0.3008769 0.1867195 0.4708829 0.1867195 0.4708829 0.1862843 0.3008769 0.08648217 0.8963737 0.08648609 0.8891534 0.08648546 0.8953723 0.08648556 0.8748221 0.08648413 0.9028488 0.08680072 0.9077113 0.08648424 0.8654775 0.0864854 0.8600573 0.08648546 0.8454129 0.08678031 0.8945184 0.08680072 0.8726075 0.08648236 0.8293505 0.08648609 0.8232418 0.08648506 0.8343802 0.08648339 0.8086604 0.08679757 0.8406636 0.08648443 0.8369638 0.08648542 0.8516443 0.08648668 0.8333043 0.08648443 0.8642903 0.08648546 0.8941327 0.08648506 0.8888496 0.08648443 0.8888888 0.09930186 0.8799681 0.09929977 0.8806787 0.09929915 0.8639301 0.09930186 0.8435849 0.09930064 0.8998995 0.09897959 0.8561976 0.09898452 0.8726075 0.09930018 0.8485363 0.09929977 0.8369994 0.0993014 0.8140873 0.09929857 0.8333043 0.09930083 0.8369641 0.09929988 0.8214682 0.09929977 0.8170229 0.09930037 0.8092802 0.0993004 0.8608196 0.09899268 0.8405436 0.09930018 0.8485363 0.09899268 0.8145124 0.09929875 0.8649177 0.09930149 0.8864874 0.09929875 0.8849887 0.09930111 0.9028488 0.09897959 0.9009833 0.09930018 0.8176818 0.09736082 0.8290544 0.09736095 0.8256695 0.09929977 0.8170229 0.09736094 0.8267449 0.09929988 0.8214682 0.09929977 0.8369994 0.0973608 0.8371272 0.09929915 0.8232418 0.09736109 0.8472927 0.09930018 0.8485363 0.08648546 0.8170229 0.08842444 0.8269596 0.08842508 0.8256935 0.08648609 0.8232418 0.08842498 0.8337688 0.09929977 0.8806787 0.09736103 0.8706582 0.09929915 0.8639301 0.0973601 0.8820168 0.09736049 0.859214 0.09929977 0.890648 0.0973608 0.8868196 0.08648668 0.8333043 0.08842422 0.8477961 0.08842522 0.8348586 0.0864865 0.819115 0.08648542 0.8516443 0.08842434 0.8597447 0.09929875 0.8649177 0.09736001 0.8509152 0.09736112 0.8651025 0.09929875 0.8849887 0.09930018 0.8485363 0.09929857 0.8333043 0.08648556 0.8669823 0.08842434 0.871153 0.0973596 0.83486 0.08648542 0.8806789 0.08842437 0.8799101 0.08648506 0.8888496 0.08648609 0.8891534 0.08842443 0.8799889 0.08842564 0.8866993 0.08648556 0.8748221 0.08842437 0.8706579 0.09898452 0.9100699 0.09806664 0.9148391 0.09898452 0.9077113 0.09898452 0.904227 0.09929977 0.8941327 0.09929977 0.8953723 0.09898452 0.8910719 0.09929977 0.890648 0.09069659 0.9200873 0.08908491 0.9187234 0.08954258 0.9207587 0.09624267 0.9156222 0.08954258 0.9160662 0.08771861 0.9148391 0.09808248 0.9159554 0.09806664 0.8984758 0.09808248 0.9093177 0.08944468 0.9101454 0.08954258 0.9022596 0.08771057 0.8943405 0.08773533 0.9095737 0.08680072 0.9100699 0.0894867 0.8816514 0.0876824 0.8731918 0.08948669 0.8927318 0.09508865 0.8923883 0.09624267 0.901439 0.09670033 0.8916155 0.09629855 0.8801329 0.09634054 0.9095307 0.09810284 0.884755 0.09636892 0.8685452 0.09069659 0.8689061 0.08908492 0.8686348 0.08947012 0.8561976 0.08771861 0.8561976 0.08680566 0.8561976 0.09670033 0.8561976 0.09508865 0.8561976 0.09804967 0.8623412 0.09812924 0.8388487 0.0963081 0.8432742 0.08948669 0.8444145 0.08908492 0.8318011 0.08765601 0.8388484 0.08954258 0.8198468 0.08771861 0.82298 0.09069659 0.831269 0.09624267 0.8208119 0.09508865 0.8101356 0.08765601 0.8099983 0.09640211 0.8315594 0.08680566 0.8262727 0.09899268 0.8405439 0.09897651 0.8217503 0.09806664 0.82298 0.09930111 0.8166487 0.0989957 0.8060036 0.08679256 0.8145124 0.08771861 0.8009584 0.08680566 0.8064345 0.09670033 0.8111191 0.08938317 0.8106723 0.09634054 0.8022498 0.08947715 0.8027303 0.09810284 0.809688 0.09808248 0.7988999 0.09624267 0.7963287 0.09624267 0.9207587 0.09634054 0.9195789 0.08770275 0.9159554 0.0894447 0.919363 0.09624267 0.9160662 0.08773533 0.9095737 0.08954258 0.9156222 0.09898452 0.8023252 0.09929915 0.8232418 0.09930018 0.8176818 0.09808248 0.7964398 0.09634054 0.7928163 0.08680072 0.8023252 0.08770277 0.7988999 0.08680072 0.8046836 0.08648546 0.8170229 0.08648443 0.8161206 0.0864865 0.819115 0.08770277 0.7964398 0.09897959 0.8064345 0.08954258 0.7963287 0.08908492 0.7936718 0.09069659 0.7923079 0.08765601 0.8099983 0.08954258 0.7916365 0.09624267 0.796773 0.08680566 0.8262727 0.09806664 0.8009584 0.08679256 0.8145124 0.08771861 0.82298 0.08908492 0.8111191 0.0894867 0.8020864 0.08954258 0.8198468 0.09069659 0.8101356 0.09624267 0.8208119 0.08679749 0.8412888 0.0876824 0.8384486 0.08773558 0.861855 0.08680868 0.8623744 0.08908492 0.8437604 0.08948669 0.8307438 0.09069659 0.8434891 0.09634054 0.8320206 0.09812924 0.8388487 0.09629855 0.8444145 0.09806664 0.82298 0.09808248 0.8616558 0.09624267 0.856778 0.08954258 0.8556172 0.08948669 0.8679807 0.0876824 0.8840597 0.09899268 0.8718513 0.09806664 0.8790785 0.09897959 0.8561976 0.09634054 0.8693259 0.09897657 0.8898444 0.08678953 0.8861896 0.08648556 0.8669823 0.09670033 0.8916155 0.09624267 0.8814403 0.09807432 0.8950804 0.08908492 0.8916155 0.08954258 0.901439 0.08771861 0.8984758 0.08948669 0.8801329 0.09069659 0.8923883 0.08648542 0.8806789 0.09508865 0.8923883 0.09624267 0.9022596 0.0894447 0.9095307 0.08680873 0.9039734 0.09634054 0.9101454 0.09804992 0.9095737 0.09634054 0.919363 0.09812924 0.8099983 0.09634054 0.8109713 0.0963081 0.8027303 0.09634054 0.7930322 0.09624267 0.7916365 0.08944468 0.7930322 0.08954258 0.796773 0.2303752 0.8956901 0.2303751 0.7916195 0.2303753 0.8416396 0.2303753 0.8828385 0.2303747 0.8692169 0.2303751 0.7941073 0.230375 0.8181243 0.230375 0.9330758 0.2303751 0.9298759 0.2303734 0.9115963 0.2303738 0.8128797 0.2303743 0.9219656 0.230375 0.7994497 0.2303742 0.8500195 0.0864854 0.8600573 0.08842425 0.8592145 0.08842444 0.8269596 0.08842437 0.8799101 0.08842437 0.8706579 0.08842444 0.8467653 0.08842498 0.8337688 0.08842508 0.8256935 0.08842434 0.8597447 0.08842434 0.871153 0.08842422 0.8477961 0.08842415 0.8854368 0.08842443 0.8799889 0.08842425 0.8592145 0.08842564 0.8866993 0.08842522 0.8348586 0.08842444 0.8467653 0.08648546 0.8454129 0.08648506 0.8343802 0.09929977 0.8953723 0.09929977 0.8941327 0.09736097 0.8854363 0.09735927 0.8775342 0.08842415 0.8854368 0.08648546 0.8953723 0.08648546 0.8941327 0.09897959 0.8262727 0.04339192 0.8963737 0.04338984 0.8654775 0.04309375 0.8945184 0.04338994 0.9028488 0.0433886 0.8953723 0.04338799 0.8891534 0.04338851 0.8748221 0.04338867 0.8600573 0.0430765 0.8406636 0.04306843 0.8561976 0.04339173 0.8293505 0.043389 0.8343802 0.04338799 0.8232418 0.0433907 0.8086604 0.0433886 0.8454129 0.04308151 0.8145124 0.04338966 0.8369638 0.04338966 0.8642901 0.04307659 0.8412888 0.04338866 0.8516443 0.04338739 0.8333043 0.043389 0.8888496 0.0433886 0.8941327 0.04307336 0.9077113 0.04307336 0.9100699 0.03057222 0.8799681 0.0308945 0.8561976 0.03057222 0.8435849 0.03057493 0.8639299 0.0305743 0.8806787 0.0305743 0.8369992 0.03057392 0.8485363 0.03057269 0.8140873 0.03057325 0.8369641 0.0305755 0.8333043 0.0305742 0.8214682 0.0305743 0.8170229 0.03057372 0.8092802 0.03088139 0.8145124 0.0308945 0.8262727 0.03057392 0.8485363 0.03057368 0.8608194 0.03057257 0.8864874 0.03057533 0.8649177 0.03088139 0.8405436 0.0308945 0.8561976 0.03057533 0.8849887 0.03057392 0.8176818 0.0305743 0.8170229 0.03251312 0.8256695 0.0305742 0.8214682 0.03251314 0.8267449 0.0305743 0.8369992 0.03057493 0.8232418 0.03251327 0.8371272 0.03251298 0.8472927 0.03251326 0.8290544 0.03057392 0.8485363 0.03251357 0.859214 0.03057493 0.8639299 0.0433886 0.8170229 0.04338799 0.8232418 0.04144899 0.8256935 0.04144963 0.8269596 0.04338759 0.819115 0.0414491 0.8337688 0.0305743 0.8806787 0.03251303 0.8706582 0.03251398 0.8820168 0.0305743 0.8906478 0.03251327 0.8868196 0.0305743 0.8953723 0.04338739 0.8333043 0.04144886 0.8348586 0.04144986 0.8477961 0.04338866 0.8516443 0.04144973 0.8597447 0.03057533 0.8649177 0.03251297 0.8651025 0.03251406 0.8509152 0.03057533 0.8849887 0.03251481 0.8775342 0.03057392 0.8485363 0.0305755 0.8333043 0.04338853 0.8669823 0.04144973 0.8711528 0.03251448 0.83486 0.04338866 0.8806789 0.0414497 0.8799101 0.043389 0.8888496 0.04144992 0.8854368 0.0433886 0.8941327 0.04338799 0.8891534 0.04144843 0.8866993 0.04144965 0.8799889 0.04338851 0.8748221 0.03088956 0.9100699 0.03180744 0.9148391 0.0317916 0.9159554 0.03088956 0.9077113 0.03088956 0.9042268 0.03057344 0.8998995 0.03057296 0.9028488 0.0305743 0.8953723 0.0305743 0.8906478 0.03088956 0.8910717 0.0305743 0.8941327 0.0308945 0.9009833 0.03917747 0.9200873 0.04078915 0.9187234 0.04033149 0.9160662 0.04033149 0.9207587 0.03353353 0.919363 0.03363143 0.9207587 0.03363143 0.9156222 0.04215548 0.9148391 0.04213874 0.9095737 0.0317916 0.9093177 0.03180744 0.8984758 0.04042937 0.9101454 0.03353353 0.9095307 0.04216352 0.8943405 0.04307336 0.8726075 0.04033149 0.9022596 0.04038737 0.8816514 0.04038737 0.8927318 0.03363143 0.9014387 0.03478543 0.8923883 0.03317376 0.8916155 0.03357554 0.8801329 0.03177123 0.884755 0.03917748 0.8689061 0.03088956 0.8726075 0.03350515 0.8685452 0.03182441 0.8623412 0.04078916 0.8686348 0.04219168 0.8731918 0.04215548 0.8561976 0.04040396 0.8561976 0.03478543 0.8561976 0.03317376 0.8561976 0.04038737 0.8444145 0.03356598 0.8432742 0.03174483 0.8388487 0.04078916 0.8318011 0.04221807 0.8388484 0.04306843 0.8262727 0.04215548 0.8229797 0.04033149 0.8198468 0.03917748 0.831269 0.04221807 0.8099983 0.04049093 0.8106723 0.03478543 0.8101356 0.03363141 0.8208119 0.033472 0.8315594 0.03088139 0.8405439 0.03089757 0.8217503 0.03180744 0.8229797 0.03087838 0.8060034 0.03057296 0.8166487 0.04306843 0.8064345 0.04215548 0.8009584 0.03317376 0.8111191 0.04039693 0.8027303 0.03353353 0.8022498 0.03177123 0.809688 0.03363143 0.7963287 0.0317916 0.7988999 0.03353353 0.9195789 0.04042936 0.919363 0.04217131 0.9159554 0.03363143 0.9160662 0.03088956 0.8023252 0.03057392 0.8176818 0.03057493 0.8232418 0.0317916 0.7964398 0.04307336 0.8023252 0.04217131 0.7988999 0.04217131 0.7964398 0.04307336 0.8046836 0.04338759 0.819115 0.04338966 0.8161206 0.0433886 0.8170229 0.0308945 0.8064345 0.04308151 0.8145124 0.04221807 0.8099983 0.04033149 0.7963287 0.04038737 0.8020864 0.03917748 0.7923079 0.04078916 0.7936718 0.03363143 0.796773 0.03353353 0.7930322 0.03363141 0.7916365 0.04306843 0.8262727 0.04215548 0.8229797 0.04078916 0.8111191 0.03356598 0.8027303 0.04033149 0.8198468 0.03917748 0.8101356 0.03353353 0.8109713 0.03363143 0.8208119 0.0430654 0.8623744 0.04078916 0.8437604 0.04213851 0.861855 0.04033149 0.8556172 0.04038737 0.8307438 0.04219168 0.8384486 0.03353353 0.8320206 0.03917748 0.8434891 0.03357553 0.8444145 0.03174483 0.8388484 0.03180744 0.82298 0.0317916 0.8616558 0.03363143 0.856778 0.04038737 0.8679807 0.04219168 0.8840597 0.04038737 0.8801329 0.03353353 0.8693259 0.03088139 0.8718513 0.03180744 0.8790785 0.03089752 0.8898444 0.04308453 0.8861896 0.04306534 0.9039734 0.04215548 0.8984758 0.04338966 0.8888886 0.04338853 0.8669823 0.03179975 0.8950804 0.03317376 0.8916155 0.04078916 0.8916155 0.03363143 0.88144 0.03917748 0.8923883 0.04338866 0.8806789 0.03478543 0.8923883 0.03363143 0.9022596 0.04033149 0.9014387 0.04042936 0.9095307 0.03182415 0.9095737 0.03353353 0.9101454 0.04213874 0.9095737 0.04033149 0.9156222 0.03174483 0.8099983 0.03180744 0.8009584 0.04033149 0.7916365 0.03353353 0.7928163 0.04042938 0.7930322 0.04033149 0.796773 0.1655272 0.8956901 0.1655273 0.7916195 0.1655272 0.8828385 0.1655275 0.9330758 0.1655281 0.9219656 0.1655272 0.8416396 0.1655275 0.8181243 0.1655274 0.7994497 0.1655287 0.8128797 0.1655282 0.8500195 0.1655273 0.7941073 0.1655273 0.9298759 0.165529 0.9115963 0.1655278 0.8692169 0.0414497 0.8706579 0.04144982 0.8592145 0.04144963 0.8467653 0.0433886 0.8454129 0.04338867 0.8600573 0.04144963 0.8269596 0.0414497 0.8799101 0.04144986 0.8477961 0.04144886 0.8348586 0.0414497 0.8706579 0.04144992 0.8854368 0.04144973 0.8597447 0.04144963 0.8467653 0.04144982 0.8592145 0.04144965 0.8799889 0.04144843 0.8866993 0.0414491 0.8337688 0.04144973 0.8711528 0.04144899 0.8256935 0.043389 0.8343802 0.03251312 0.8854363 0.0305743 0.8941327 0.0433886 0.8953723</float_array>
          <technique_common>
            <accessor count="3380" source="#texcoords-array-array" stride="2">
              <param type="float" name="S" />
              <param type="float" name="T" />
            </accessor>
          </technique_common>
        </source>
        <vertices id="verts-array-vertices">
          <input semantic="POSITION" source="#verts-array" />
        </vertices>
        <triangles count="4483" material="material0">
          <input offset="0" semantic="VERTEX" source="#verts-array-vertices" />
          <input offset="1" semantic="NORMAL" source="#normals-array" />
          <input offset="2" semantic="TEXCOORD" source="#texcoords-array" />
          <p>0 0 0 1 1 1 2 2 2 0 0 0 3 3 3 4 4 4 0 0 0 5 5 5 6 6 6 0 0 0 2 2 2 3 3 3 5 5 5 0 0 0 4 4 4 5 5 5 4 4 4 7 7 7 5 5 5 8 8 8 9 9 9 5 5 5 9 9 9 10 10 10 8 8 8 5 5 5 11 11 11 8 8 8 11 11 11 12 12 12 8 8 8 13 13 13 14 14 14 8 8 8 12 12 12 13 13 13 8 8 8 14 14 14 15 15 15 16 16 16 17 17 17 18 18 18 16 16 16 19 19 19 17 17 17 16 16 16 18 18 18 20 20 20 1 1 1 0 0 0 21 21 21 1 1 1 22 22 22 23 23 23 1 1 1 21 21 21 24 24 24 1 1 1 23 23 23 2 2 2 25 25 25 26 26 26 27 27 27 25 25 25 28 28 28 26 26 26 25 25 25 27 27 27 29 29 29 26 26 26 30 30 30 27 27 27 26 26 26 31 31 31 30 30 30 32 32 32 33 33 33 34 34 34 32 32 32 34 34 34 35 35 35 32 32 32 36 36 36 33 33 33 32 32 32 37 37 37 36 36 36 37 37 37 38 38 38 39 39 39 37 37 37 32 32 32 38 38 38 37 37 37 40 40 40 36 36 36 37 37 37 41 41 41 40 40 40 41 41 41 42 42 42 43 43 43 41 41 41 44 44 44 45 45 45 44 44 44 46 46 46 45 45 45 45 45 45 40 40 40 41 41 41 47 47 47 48 48 48 49 49 49 48 48 48 50 50 50 49 49 49 48 48 48 51 51 51 50 50 50 52 52 52 53 53 53 54 54 54 52 52 52 54 54 54 55 55 55 53 53 53 56 56 56 54 54 54 53 53 53 47 47 47 56 56 56 57 57 57 55 55 55 58 58 58 57 57 57 58 58 58 59 59 59 57 57 57 52 52 52 55 55 55 60 60 60 61 61 61 62 62 62 60 60 60 63 63 63 64 64 64 61 61 61 65 65 65 62 62 62 66 66 66 59 59 59 67 67 67 66 66 66 67 67 67 68 68 68 59 59 59 58 58 58 67 67 67 69 69 69 70 70 70 71 71 71 69 69 69 66 66 66 68 68 68 72 72 72 73 73 73 74 74 74 72 72 72 64 64 64 73 73 73 64 64 64 63 63 63 73 73 73 75 75 75 74 74 74 76 76 76 75 75 75 72 72 72 74 74 74 77 77 77 78 78 78 79 79 79 78 78 78 80 80 80 81 81 81 82 82 82 79 79 79 83 83 83 82 82 82 77 77 77 79 79 79 84 84 84 76 76 76 85 85 85 84 84 84 75 75 75 76 76 76 83 83 83 86 86 86 51 51 51 83 83 83 79 79 79 86 86 86 87 87 87 85 85 85 88 88 88 87 87 87 84 84 84 85 85 85 89 89 89 87 87 87 88 88 88 89 89 89 88 88 88 90 90 90 89 89 89 90 90 90 91 91 91 92 92 92 93 93 93 94 94 94 94 94 94 95 95 95 92 92 92 51 51 51 86 86 86 50 50 50 96 96 96 97 97 97 98 98 98 96 96 96 98 98 98 99 99 99 96 96 96 100 100 100 101 101 101 96 96 96 102 102 102 100 100 100 100 100 100 103 103 103 101 101 101 100 100 100 104 104 104 103 103 103 100 100 100 29 29 29 104 104 104 100 100 100 25 25 25 29 29 29 100 100 100 105 105 105 25 25 25 101 101 101 46 46 46 44 44 44 101 101 101 44 44 44 106 106 106 101 101 101 103 103 103 107 107 107 108 108 108 109 109 109 110 110 110 108 108 108 111 111 111 109 109 109 108 108 108 112 112 112 113 113 113 108 108 108 114 114 114 112 112 112 113 113 113 115 115 115 116 116 116 102 102 102 117 117 117 105 105 105 102 102 102 99 99 99 118 118 118 119 119 119 120 120 120 111 111 111 119 119 119 113 113 113 116 116 116 116 116 116 21 21 21 6 6 6 116 116 116 121 121 121 119 119 119 6 6 6 5 5 5 122 122 122 6 6 6 122 122 122 121 121 121 6 6 6 21 21 21 0 0 0 121 121 121 116 116 116 6 6 6 121 121 121 123 123 123 124 124 124 121 121 121 125 125 125 119 119 119 124 124 124 125 125 125 121 121 121 125 125 125 126 126 126 120 120 120 125 125 125 127 127 127 126 126 126 127 127 127 128 128 128 129 129 129 127 127 127 124 124 124 123 123 123 127 127 127 125 125 125 124 124 124 127 127 127 129 129 129 126 126 126 129 129 129 117 117 117 126 126 126 129 129 129 128 128 128 130 130 130 128 128 128 123 123 123 131 131 131 130 130 130 105 105 105 117 117 117 130 130 130 132 132 132 133 133 133 130 130 130 134 134 134 105 105 105 105 105 105 134 134 134 25 25 25 105 105 105 100 100 100 102 102 102 135 135 135 123 123 123 136 136 136 123 123 123 128 128 128 127 127 127 136 136 136 137 137 137 135 135 135 136 136 136 123 123 123 121 121 121 136 136 136 121 121 121 122 122 122 138 138 138 131 131 131 135 135 135 138 138 138 135 135 135 137 137 137 131 131 131 138 138 138 139 139 139 131 131 131 139 139 139 132 132 132 131 131 131 132 132 132 128 128 128 131 131 131 123 123 123 135 135 135 132 132 132 130 130 130 128 128 128 132 132 132 139 139 139 140 140 140 132 132 132 140 140 140 133 133 133 139 139 139 141 141 141 140 140 140 139 139 139 138 138 138 142 142 142 140 140 140 143 143 143 133 133 133 133 133 133 28 28 28 134 134 134 133 133 133 134 134 134 130 130 130 144 144 144 142 142 142 145 145 145 142 142 142 141 141 141 139 139 139 145 145 145 146 146 146 147 147 147 145 145 145 147 147 147 144 144 144 145 145 145 142 142 142 137 137 137 148 148 148 149 149 149 150 150 150 148 148 148 151 151 151 144 144 144 148 148 148 152 152 152 153 153 153 148 148 148 153 153 153 151 151 151 151 151 151 153 153 153 154 154 154 151 151 151 142 142 142 144 144 144 151 151 151 154 154 154 141 141 141 146 146 146 145 145 145 9 9 9 146 146 146 9 9 9 8 8 8 9 9 9 137 137 137 10 10 10 155 155 155 28 28 28 143 143 143 155 155 155 156 156 156 26 26 26 155 155 155 26 26 26 28 28 28 155 155 155 157 157 157 156 156 156 156 156 156 158 158 158 159 159 159 156 156 156 159 159 159 26 26 26 15 15 15 146 146 146 8 8 8 15 15 15 160 160 160 149 149 149 15 15 15 14 14 14 161 161 161 15 15 15 147 147 147 146 146 146 153 153 153 152 152 152 162 162 162 152 152 152 163 163 163 162 162 162 152 152 152 150 150 150 164 164 164 162 162 162 157 157 157 153 153 153 157 157 157 165 165 165 156 156 156 157 157 157 155 155 155 143 143 143 157 157 157 162 162 162 165 165 165 157 157 157 143 143 143 154 154 154 165 165 165 166 166 166 158 158 158 165 165 165 167 167 167 166 166 166 165 165 165 158 158 158 156 156 156 168 168 168 169 169 169 114 114 114 169 169 169 168 168 168 170 170 170 169 169 169 171 171 171 114 114 114 114 114 114 115 115 115 112 112 112 114 114 114 110 110 110 168 168 168 110 110 110 98 98 98 168 168 168 110 110 110 114 114 114 108 108 108 158 158 158 35 35 35 159 159 159 158 158 158 172 172 172 35 35 35 159 159 159 173 173 173 174 174 174 159 159 159 31 31 31 26 26 26 166 166 166 175 175 175 172 172 172 176 176 176 177 177 177 178 178 178 176 176 176 178 178 178 179 179 179 176 176 176 161 161 161 14 14 14 161 161 161 179 179 179 160 160 160 14 14 14 13 13 13 180 180 180 14 14 14 180 180 180 181 181 181 14 14 14 181 181 181 182 182 182 35 35 35 34 34 34 173 173 173 172 172 172 183 183 183 32 32 32 172 172 172 158 158 158 166 166 166 172 172 172 32 32 32 35 35 35 177 177 177 14 14 14 182 182 182 177 177 177 176 176 176 14 14 14 177 177 177 184 184 184 185 185 185 186 186 186 185 185 185 187 187 187 186 186 186 188 188 188 189 189 189 188 188 188 190 190 190 191 191 191 188 188 188 192 192 192 190 190 190 189 189 189 178 178 178 186 186 186 189 189 189 179 179 179 178 178 178 182 182 182 193 193 193 184 184 184 182 182 182 181 181 181 19 19 19 182 182 182 19 19 19 16 16 16 184 184 184 194 194 194 185 185 185 184 184 184 177 177 177 182 182 182 195 195 195 187 187 187 185 185 185 187 187 187 196 196 196 192 192 192 185 185 185 186 186 186 178 178 178 185 185 185 194 194 194 195 195 195 185 185 185 178 178 178 177 177 177 197 197 197 198 198 198 195 195 195 197 197 197 195 195 195 194 194 194 198 198 198 199 199 199 200 200 200 198 198 198 200 200 200 196 196 196 198 198 198 187 187 187 195 195 195 20 20 20 193 193 193 16 16 16 20 20 20 18 18 18 201 201 201 193 193 193 182 182 182 16 16 16 202 202 202 203 203 203 204 204 204 202 202 202 205 205 205 206 206 206 203 203 203 207 207 207 199 199 199 203 203 203 202 202 202 208 208 208 204 204 204 194 194 194 193 193 193 204 204 204 193 193 193 20 20 20 204 204 204 205 205 205 202 202 202 204 204 204 203 203 203 194 194 194 207 207 207 209 209 209 199 199 199 207 207 207 210 210 210 211 211 211 207 207 207 203 203 203 208 208 208 211 211 211 43 43 43 42 42 42 211 211 211 212 212 212 43 43 43 208 208 208 202 202 202 206 206 206 208 208 208 213 213 213 210 210 210 208 208 208 210 210 210 207 207 207 214 214 214 206 206 206 205 205 205 214 214 214 215 215 215 213 213 213 214 214 214 216 216 216 217 217 217 205 205 205 204 204 204 20 20 20 205 205 205 20 20 20 201 201 201 212 212 212 210 210 210 213 213 213 212 212 212 211 211 211 210 210 210 212 212 212 218 218 218 43 43 43 212 212 212 219 219 219 218 218 218 218 218 218 220 220 220 44 44 44 218 218 218 44 44 44 41 41 41 218 218 218 41 41 41 43 43 43 221 221 221 201 201 201 18 18 18 221 221 221 18 18 18 222 222 222 221 221 221 223 223 223 224 224 224 201 201 201 216 216 216 205 205 205 18 18 18 17 17 17 225 225 225 219 219 219 212 212 212 215 215 215 219 219 219 226 226 226 227 227 227 219 219 219 227 227 227 220 220 220 228 228 228 217 217 217 216 216 216 217 217 217 229 229 229 215 215 215 217 217 217 228 228 228 230 230 230 216 216 216 214 214 214 205 205 205 216 216 216 224 224 224 228 228 228 216 216 216 201 201 201 221 221 221 222 222 222 231 231 231 22 22 22 222 222 222 225 225 225 231 231 231 229 229 229 217 217 217 230 230 230 229 229 229 230 230 230 232 232 232 229 229 229 232 232 232 226 226 226 232 232 232 233 233 233 226 226 226 226 226 226 219 219 219 229 229 229 226 226 226 233 233 233 227 227 227 220 220 220 218 218 218 219 219 219 234 234 234 230 230 230 228 228 228 230 230 230 233 233 233 232 232 232 224 224 224 235 235 235 234 234 234 224 224 224 234 234 234 228 228 228 224 224 224 216 216 216 221 221 221 233 233 233 230 230 230 234 234 234 233 233 233 234 234 234 235 235 235 227 227 227 236 236 236 106 106 106 227 227 227 237 237 237 236 236 236 223 223 223 221 221 221 222 222 222 223 223 223 222 222 222 1 1 1 223 223 223 238 238 238 224 224 224 237 237 237 227 227 227 233 233 233 237 237 237 235 235 235 239 239 239 237 237 237 170 170 170 236 236 236 170 170 170 98 98 98 236 236 236 170 170 170 239 239 239 169 169 169 236 236 236 97 97 97 106 106 106 24 24 24 238 238 238 223 223 223 24 24 24 21 21 21 115 115 115 24 24 24 223 223 223 1 1 1 97 97 97 96 96 96 101 101 101 11 11 11 5 5 5 7 7 7 225 225 225 222 222 222 18 18 18 22 22 22 1 1 1 222 222 222 111 111 111 113 113 113 119 119 119 111 111 111 108 108 108 113 113 113 109 109 109 99 99 99 110 110 110 239 239 239 170 170 170 237 237 237 235 235 235 238 238 238 239 239 239 235 235 235 237 237 237 233 233 233 215 215 215 212 212 212 213 213 213 215 215 215 229 229 229 219 219 219 215 215 215 214 214 214 217 217 217 213 213 213 206 206 206 214 214 214 213 213 213 208 208 208 206 206 206 199 199 199 197 197 197 203 203 203 199 199 199 240 240 240 200 200 200 199 199 199 198 198 198 197 197 197 200 200 200 240 240 240 196 196 196 196 196 196 187 187 187 198 198 198 192 192 192 186 186 186 187 187 187 192 192 192 188 188 188 186 186 186 192 192 192 240 240 240 241 241 241 190 190 190 175 175 175 191 191 191 190 190 190 192 192 192 241 241 241 191 191 191 242 242 242 188 188 188 242 242 242 191 191 191 243 243 243 242 242 242 189 189 189 188 188 188 243 243 243 244 244 244 242 242 242 243 243 243 166 166 166 167 167 167 244 244 244 243 243 243 167 167 167 244 244 244 179 179 179 242 242 242 167 167 167 245 245 245 244 244 244 167 167 167 165 165 165 163 163 163 245 245 245 167 167 167 163 163 163 245 245 245 149 149 149 160 160 160 163 163 163 164 164 164 245 245 245 163 163 163 165 165 165 162 162 162 164 164 164 163 163 163 152 152 152 150 150 150 152 152 152 148 148 148 150 150 150 149 149 149 164 164 164 154 154 154 153 153 153 157 157 157 154 154 154 143 143 143 141 141 141 141 141 141 142 142 142 151 151 151 120 120 120 126 126 126 117 117 117 120 120 120 119 119 119 125 125 125 120 120 120 118 118 118 111 111 111 31 31 31 159 159 159 174 174 174 173 173 173 159 159 159 35 35 35 46 46 46 101 101 101 107 107 107 246 246 246 247 247 247 248 248 248 246 246 246 248 248 248 249 249 249 246 246 246 249 249 249 250 250 250 247 247 247 251 251 251 252 252 252 247 247 247 253 253 253 251 251 251 247 247 247 246 246 246 253 253 253 248 248 248 247 247 247 254 254 254 248 248 248 255 255 255 256 256 256 255 255 255 248 248 248 254 254 254 249 249 249 248 248 248 257 257 257 257 257 257 248 248 248 258 258 258 253 253 253 246 246 246 259 259 259 260 260 260 261 261 261 95 95 95 261 261 261 262 262 262 95 95 95 261 261 261 263 263 263 264 264 264 95 95 95 94 94 94 260 260 260 265 265 265 266 266 266 267 267 267 265 265 265 267 267 267 268 268 268 265 265 265 269 269 269 266 266 266 266 266 266 269 269 269 270 270 270 267 267 267 266 266 266 271 271 271 269 269 269 272 272 272 273 273 273 269 269 269 265 265 265 272 272 272 270 270 270 269 269 269 274 274 274 270 270 270 274 274 274 275 275 275 272 272 272 265 265 265 276 276 276 271 271 271 266 266 266 277 277 277 276 276 276 265 265 265 278 278 278 56 56 56 47 47 47 49 49 49 264 264 264 262 262 262 261 261 261 263 263 263 65 65 65 279 279 279 279 279 279 264 264 264 263 263 263 279 279 279 65 65 65 61 61 61 70 70 70 69 69 69 68 68 68 70 70 70 280 280 280 281 281 281 70 70 70 281 281 281 71 71 71 280 280 280 81 81 81 80 80 80 63 63 63 60 60 60 62 62 62 80 80 80 281 281 281 280 280 280 80 80 80 78 78 78 77 77 77 282 282 282 90 90 90 93 93 93 282 282 282 93 93 93 92 92 92 90 90 90 282 282 282 91 91 91 115 115 115 114 114 114 171 171 171 115 115 115 171 171 171 24 24 24 115 115 115 113 113 113 112 112 112 115 115 115 21 21 21 116 116 116 99 99 99 102 102 102 96 96 96 118 118 118 99 99 99 109 109 109 118 118 118 109 109 109 111 111 111 117 117 117 102 102 102 118 118 118 117 117 117 118 118 118 120 120 120 117 117 117 129 129 129 130 130 130 122 122 122 5 5 5 10 10 10 122 122 122 10 10 10 136 136 136 137 137 137 9 9 9 145 145 145 137 137 137 142 142 142 138 138 138 10 10 10 137 137 137 136 136 136 28 28 28 133 133 133 143 143 143 28 28 28 25 25 25 134 134 134 143 143 143 140 140 140 141 141 141 147 147 147 148 148 148 144 144 144 147 147 147 15 15 15 149 149 149 149 149 149 245 245 245 164 164 164 149 149 149 148 148 148 147 147 147 160 160 160 15 15 15 161 161 161 160 160 160 244 244 244 245 245 245 179 179 179 244 244 244 160 160 160 179 179 179 161 161 161 176 176 176 179 179 179 189 189 189 242 242 242 175 175 175 166 166 166 243 243 243 175 175 175 241 241 241 183 183 183 175 175 175 183 183 183 172 172 172 175 175 175 243 243 243 191 191 191 241 241 241 38 38 38 183 183 183 241 241 241 175 175 175 190 190 190 240 240 240 199 199 199 209 209 209 240 240 240 192 192 192 196 196 196 38 38 38 241 241 241 240 240 240 38 38 38 209 209 209 39 39 39 38 38 38 32 32 32 183 183 183 194 194 194 184 184 184 193 193 193 194 194 194 203 203 203 197 197 197 209 209 209 207 207 207 211 211 211 209 209 209 42 42 42 39 39 39 209 209 209 38 38 38 240 240 240 42 42 42 37 37 37 39 39 39 42 42 42 41 41 41 37 37 37 42 42 42 209 209 209 211 211 211 238 238 238 169 169 169 239 239 239 238 238 238 24 24 24 171 171 171 238 238 238 171 171 171 169 169 169 238 238 238 235 235 235 224 224 224 106 106 106 220 220 220 227 227 227 106 106 106 44 44 44 220 220 220 106 106 106 97 97 97 101 101 101 98 98 98 170 170 170 168 168 168 98 98 98 110 110 110 99 99 99 98 98 98 97 97 97 236 236 236 283 283 283 284 284 284 285 285 285 283 283 283 286 286 286 287 287 287 283 283 283 287 287 287 288 288 288 283 283 283 285 285 285 286 286 286 289 289 289 290 290 290 291 291 291 289 289 289 283 283 283 290 290 290 289 289 289 284 284 284 283 283 283 289 289 289 292 292 292 293 293 293 289 289 289 293 293 293 284 284 284 294 294 294 295 295 295 296 296 296 294 294 294 297 297 297 292 292 292 294 294 294 289 289 289 298 298 298 294 294 294 296 296 296 297 297 297 299 299 299 300 300 300 301 301 301 299 299 299 301 301 301 302 302 302 287 287 287 286 286 286 303 303 303 287 287 287 304 304 304 305 305 305 306 306 306 307 307 307 308 308 308 306 306 306 309 309 309 310 310 310 306 306 306 311 311 311 312 312 312 306 306 306 312 312 312 309 309 309 310 310 310 313 313 313 314 314 314 310 310 310 309 309 309 313 313 313 315 315 315 316 316 316 317 317 317 315 315 315 318 318 318 319 319 319 315 315 315 317 317 317 318 318 318 315 315 315 320 320 320 316 316 316 319 319 319 318 318 318 321 321 321 319 319 319 322 322 322 315 315 315 319 319 319 323 323 323 324 324 324 323 323 323 321 321 321 325 325 325 323 323 323 325 325 325 326 326 326 326 326 326 325 325 325 327 327 327 326 326 326 328 328 328 329 329 329 330 330 330 331 331 331 332 332 332 330 330 330 332 332 332 333 333 333 333 333 333 334 334 334 335 335 335 333 333 333 332 332 332 334 334 334 336 336 336 337 337 337 338 338 338 336 336 336 338 338 338 339 339 339 339 339 339 338 338 338 331 331 331 340 340 340 337 337 337 336 336 336 341 341 341 342 342 342 343 343 343 341 341 341 343 343 343 344 344 344 344 344 344 343 343 343 345 345 345 346 346 346 347 347 347 348 348 348 346 346 346 348 348 348 349 349 349 349 349 349 348 348 348 350 350 350 349 349 349 350 350 350 340 340 340 351 351 351 347 347 347 346 346 346 351 351 351 352 352 352 347 347 347 353 353 353 354 354 354 355 355 355 353 353 353 355 355 355 356 356 356 356 356 356 355 355 355 342 342 342 357 357 357 358 358 358 354 354 354 357 357 357 354 354 354 353 353 353 359 359 359 360 360 360 361 361 361 361 361 361 362 362 362 359 359 359 363 363 363 360 360 360 359 359 359 363 363 363 364 364 364 360 360 360 365 365 365 358 358 358 357 357 357 365 365 365 366 366 366 358 358 358 364 364 364 367 367 367 360 360 360 364 364 364 335 335 335 367 367 367 368 368 368 366 366 366 365 365 365 368 368 368 369 369 369 366 366 366 370 370 370 369 369 369 368 368 368 371 371 371 372 372 372 373 373 373 371 371 371 373 373 373 374 374 374 373 373 373 372 372 372 375 375 375 335 335 335 334 334 334 367 367 367 376 376 376 311 311 311 377 377 377 376 376 376 378 378 378 379 379 379 376 376 376 328 328 328 311 311 311 328 328 328 380 380 380 381 381 381 328 328 328 327 327 327 380 380 380 311 311 311 328 328 328 381 381 381 311 311 311 381 381 381 382 382 382 311 311 311 383 383 383 377 377 377 384 384 384 385 385 385 386 386 386 384 384 384 387 387 387 385 385 385 384 384 384 388 388 388 387 387 387 387 387 387 389 389 389 385 385 385 377 377 377 390 390 390 376 376 376 377 377 377 391 391 391 392 392 392 393 393 393 394 394 394 395 395 395 393 393 393 396 396 396 387 387 387 396 396 396 290 290 290 288 288 288 290 290 290 283 283 283 288 288 288 288 288 288 287 287 287 397 397 397 288 288 288 397 397 397 389 389 389 395 395 395 396 396 396 393 393 393 395 395 395 398 398 398 399 399 399 395 395 395 399 399 399 291 291 291 395 395 395 290 290 290 396 396 396 400 400 400 395 395 395 394 394 394 394 394 394 401 401 401 400 400 400 401 401 401 394 394 394 402 402 402 401 401 401 403 403 403 404 404 404 401 401 401 398 398 398 400 400 400 401 401 401 402 402 402 403 403 403 402 402 402 394 394 394 405 405 405 403 403 403 406 406 406 404 404 404 406 406 406 403 403 403 391 391 391 406 406 406 383 383 383 308 308 308 406 406 406 407 407 407 404 404 404 406 406 406 391 391 391 383 383 383 404 404 404 398 398 398 401 401 401 404 404 404 408 408 408 398 398 398 383 383 383 311 311 311 306 306 306 383 383 383 306 306 306 308 308 308 409 409 409 399 399 399 398 398 398 409 409 409 410 410 410 411 411 411 399 399 399 411 411 411 412 412 412 398 398 398 395 395 395 400 400 400 410 410 410 409 409 409 408 408 408 408 408 408 409 409 409 398 398 398 407 407 407 413 413 413 414 414 414 407 407 407 415 415 415 413 413 413 407 407 407 406 406 406 415 415 415 407 407 407 408 408 408 404 404 404 407 407 407 414 414 414 408 408 408 413 413 413 416 416 416 417 417 417 414 414 414 413 413 413 417 417 417 414 414 414 410 410 410 408 408 408 414 414 414 418 418 418 410 410 410 415 415 415 406 406 406 308 308 308 415 415 415 308 308 308 307 307 307 419 419 419 420 420 420 418 418 418 419 419 419 421 421 421 422 422 422 418 418 418 411 411 411 410 410 410 421 421 421 423 423 423 422 422 422 421 421 421 419 419 419 424 424 424 421 421 421 425 425 425 426 426 426 424 424 424 419 419 419 418 418 418 424 424 424 427 427 427 425 425 425 428 428 428 294 294 294 298 298 298 428 428 428 420 420 420 422 422 422 428 428 428 298 298 298 420 420 420 298 298 298 289 289 289 412 412 412 298 298 298 411 411 411 420 420 420 429 429 429 310 310 310 430 430 430 429 429 429 431 431 431 416 416 416 429 429 429 307 307 307 310 310 310 430 430 430 310 310 310 432 432 432 430 430 430 432 432 432 433 433 433 434 434 434 422 422 422 423 423 423 434 434 434 294 294 294 428 428 428 434 434 434 435 435 435 436 436 436 425 425 425 437 437 437 426 426 426 425 425 425 421 421 421 424 424 424 426 426 426 438 438 438 421 421 421 426 426 426 437 437 437 439 439 439 426 426 426 440 440 440 438 438 438 431 431 431 437 437 437 425 425 425 431 431 431 441 441 441 437 437 437 431 431 431 430 430 430 441 441 441 431 431 431 429 429 429 430 430 430 431 431 431 425 425 425 427 427 427 441 441 441 442 442 442 439 439 439 441 441 441 430 430 430 433 433 433 441 441 441 433 433 433 443 443 443 444 444 444 386 386 386 445 445 445 444 444 444 378 378 378 390 390 390 444 444 444 384 384 384 386 386 386 386 386 386 389 389 389 446 446 446 445 445 445 386 386 386 447 447 447 445 445 445 447 447 447 448 448 448 447 447 447 449 449 449 450 450 450 447 447 447 386 386 386 446 446 446 433 433 433 451 451 451 443 443 443 433 433 433 432 432 432 320 320 320 433 433 433 320 320 320 451 451 451 432 432 432 314 314 314 452 452 452 432 432 432 453 453 453 320 320 320 443 443 443 454 454 454 455 455 455 456 456 456 295 295 295 436 436 436 456 456 456 457 457 457 458 458 458 295 295 295 459 459 459 296 296 296 295 295 295 294 294 294 434 434 434 295 295 295 434 434 434 436 436 436 295 295 295 460 460 460 459 459 459 295 295 295 461 461 461 460 460 460 436 436 436 462 462 462 456 456 456 320 320 320 453 453 453 316 316 316 451 451 451 463 463 463 454 454 454 451 451 451 315 315 315 463 463 463 451 451 451 320 320 320 315 315 315 458 458 458 295 295 295 456 456 456 458 458 458 461 461 461 295 295 295 464 464 464 465 465 465 466 466 466 464 464 464 467 467 467 457 457 457 465 465 465 462 462 462 468 468 468 465 465 465 464 464 464 457 457 457 466 466 466 469 469 469 464 464 464 461 461 461 302 302 302 460 460 460 461 461 461 299 299 299 302 302 302 461 461 461 470 470 470 299 299 299 463 463 463 471 471 471 454 454 454 472 472 472 461 461 461 458 458 458 472 472 472 458 458 458 467 467 467 472 472 472 473 473 473 470 470 470 474 474 474 467 467 467 475 475 475 474 474 474 473 473 473 467 467 467 467 467 467 464 464 464 475 475 475 467 467 467 458 458 458 457 457 457 476 476 476 474 474 474 477 477 477 477 477 477 474 474 474 475 475 475 477 477 477 478 478 478 476 476 476 479 479 479 480 480 480 481 481 481 479 479 479 300 300 300 299 299 299 479 479 479 299 299 299 470 470 470 479 479 479 470 470 470 482 482 482 470 470 470 461 461 461 472 472 472 483 483 483 482 482 482 484 484 484 482 482 482 480 480 480 479 479 479 484 484 484 473 473 473 476 476 476 484 484 484 485 485 485 483 483 483 486 486 486 485 485 485 484 484 484 486 486 486 487 487 487 488 488 488 486 486 486 484 484 484 478 478 478 487 487 487 486 486 486 489 489 489 487 487 487 490 490 490 488 488 488 488 488 488 490 490 490 491 491 491 488 488 488 485 485 485 486 486 486 485 485 485 491 491 491 492 492 492 485 485 485 492 492 492 483 483 483 493 493 493 480 480 480 492 492 492 493 493 493 494 494 494 480 480 480 480 480 480 483 483 483 492 492 492 480 480 480 494 494 494 481 481 481 480 480 480 482 482 482 483 483 483 490 490 490 495 495 495 496 496 496 490 490 490 487 487 487 497 497 497 490 490 490 497 497 497 498 498 498 490 490 490 498 498 498 495 495 495 497 497 497 487 487 487 324 324 324 498 498 498 499 499 499 495 495 495 498 498 498 323 323 323 326 326 326 498 498 498 326 326 326 499 499 499 498 498 498 497 497 497 323 323 323 500 500 500 300 300 300 481 481 481 500 500 500 305 305 305 300 300 300 300 300 300 479 479 479 481 481 481 300 300 300 501 501 501 301 301 301 481 481 481 494 494 494 500 500 500 495 495 495 502 502 502 496 496 496 495 495 495 503 503 503 502 502 502 495 495 495 504 504 504 503 503 503 505 505 505 506 506 506 507 507 507 505 505 505 494 494 494 508 508 508 494 494 494 493 493 493 508 508 508 508 508 508 509 509 509 505 505 505 305 305 305 501 501 501 300 300 300 305 305 305 304 304 304 510 510 510 502 502 502 503 503 503 511 511 511 502 502 502 508 508 508 496 496 496 502 502 502 509 509 509 508 508 508 503 503 503 504 504 504 512 512 512 511 511 511 503 503 503 512 512 512 511 511 511 509 509 509 502 502 502 499 499 499 329 329 329 504 504 504 506 506 506 513 513 513 507 507 507 506 506 506 505 505 505 509 509 509 509 509 509 512 512 512 506 506 506 507 507 507 449 449 449 514 514 514 507 507 507 494 494 494 505 505 505 507 507 507 513 513 513 449 449 449 507 507 507 500 500 500 494 494 494 504 504 504 495 495 495 499 499 499 504 504 504 515 515 515 512 512 512 512 512 512 509 509 509 511 511 511 512 512 512 513 513 513 506 506 506 514 514 514 305 305 305 500 500 500 514 514 514 500 500 500 507 507 507 514 514 514 287 287 287 305 305 305 515 515 515 504 504 504 516 516 516 515 515 515 516 516 516 448 448 448 515 515 515 513 513 513 512 512 512 515 515 515 450 450 450 513 513 513 516 516 516 329 329 329 379 379 379 448 448 448 378 378 378 445 445 445 448 448 448 450 450 450 515 515 515 448 448 448 447 447 447 450 450 450 397 397 397 449 449 449 446 446 446 397 397 397 287 287 287 514 514 514 379 379 379 328 328 328 376 376 376 292 292 292 289 289 289 294 294 294 501 501 501 305 305 305 510 510 510 304 304 304 287 287 287 303 303 303 388 388 388 393 393 393 387 387 387 388 388 388 384 384 384 517 517 517 388 388 388 517 517 517 392 392 392 517 517 517 384 384 384 444 444 444 517 517 517 444 444 444 390 390 390 513 513 513 450 450 450 449 449 449 496 496 496 493 493 493 491 491 491 496 496 496 508 508 508 493 493 493 496 496 496 491 491 491 490 490 490 491 491 491 485 485 485 488 488 488 491 491 491 493 493 493 492 492 492 478 478 478 484 484 484 476 476 476 478 478 478 518 518 518 489 489 489 478 478 478 477 477 477 519 519 519 519 519 519 520 520 520 518 518 518 519 519 519 477 477 477 520 520 520 520 520 520 477 477 477 475 475 475 520 520 520 475 475 475 469 469 469 469 469 469 466 466 466 521 521 521 469 469 469 475 475 475 464 464 464 469 469 469 518 518 518 520 520 520 521 521 521 466 466 466 522 522 522 521 521 521 522 522 522 454 454 454 522 522 522 466 466 466 468 468 468 522 522 522 468 468 468 455 455 455 468 468 468 466 466 466 465 465 465 455 455 455 468 468 468 523 523 523 455 455 455 454 454 454 522 522 522 455 455 455 442 442 442 443 443 443 455 455 455 523 523 523 442 442 442 523 523 523 435 435 435 524 524 524 523 523 523 468 468 468 462 462 462 442 442 442 441 441 441 443 443 443 442 442 442 523 523 523 524 524 524 442 442 442 524 524 524 439 439 439 524 524 524 423 423 423 440 440 440 439 439 439 524 524 524 440 440 440 439 439 439 437 437 437 441 441 441 439 439 439 440 440 440 426 426 426 438 438 438 440 440 440 423 423 423 427 427 427 424 424 424 417 417 417 427 427 427 417 417 417 416 416 416 417 417 417 418 418 418 414 414 414 417 417 417 424 424 424 418 418 418 405 405 405 393 393 393 388 388 388 405 405 405 394 394 394 393 393 393 405 405 405 388 388 388 392 392 392 312 312 312 311 311 311 382 382 382 314 314 314 432 432 432 310 310 310 453 453 453 432 432 432 452 452 452 321 321 321 323 323 323 319 319 319 327 327 327 328 328 328 326 326 326 525 525 525 526 526 526 527 527 527 525 525 525 528 528 528 526 526 526 525 525 525 529 529 529 528 528 528 528 528 528 529 529 529 530 530 530 526 526 526 528 528 528 531 531 531 529 529 529 532 532 532 533 533 533 529 529 529 534 534 534 530 530 530 529 529 529 533 533 533 535 535 535 532 532 532 525 525 525 536 536 536 532 532 532 529 529 529 525 525 525 531 531 531 528 528 528 537 537 537 534 534 534 529 529 529 538 538 538 372 372 372 539 539 539 540 540 540 372 372 372 540 540 540 375 375 375 541 541 541 542 542 542 543 543 543 541 541 541 544 544 544 545 545 545 541 541 541 545 545 545 546 546 546 544 544 544 547 547 547 548 548 548 544 544 544 548 548 548 549 549 549 544 544 544 541 541 541 547 547 547 545 545 545 550 550 550 551 551 551 545 545 545 544 544 544 550 550 550 546 546 546 545 545 545 552 552 552 551 551 551 550 550 550 553 553 553 542 542 542 541 541 541 546 546 546 547 547 547 541 541 541 554 554 554 331 331 331 330 330 330 339 339 339 555 555 555 556 556 556 557 557 557 555 555 555 540 540 540 556 556 556 556 556 556 540 540 540 539 539 539 345 345 345 555 555 555 557 557 557 557 557 557 344 344 344 345 345 345 350 350 350 337 337 337 340 340 340 352 352 352 558 558 558 559 559 559 352 352 352 351 351 351 560 560 560 558 558 558 352 352 352 560 560 560 342 342 342 341 341 341 356 356 356 362 362 362 559 559 559 558 558 558 362 362 362 361 361 361 561 561 561 561 561 561 559 559 559 362 362 362 562 562 562 369 369 369 370 370 370 562 562 562 563 563 563 374 374 374 563 563 563 371 371 371 374 374 374 563 563 563 562 562 562 564 564 564 564 564 564 562 562 562 370 370 370 389 389 389 396 396 396 288 288 288 389 389 389 387 387 387 396 396 396 389 389 389 386 386 386 385 385 385 446 446 446 389 389 389 397 397 397 390 390 390 392 392 392 517 517 517 392 392 392 391 391 391 405 405 405 392 392 392 390 390 390 377 377 377 391 391 391 403 403 403 402 402 402 391 391 391 377 377 377 383 383 383 391 391 391 402 402 402 405 405 405 291 291 291 290 290 290 395 395 395 291 291 291 412 412 412 289 289 289 411 411 411 399 399 399 409 409 409 411 411 411 418 418 418 420 420 420 411 411 411 298 298 298 412 412 412 412 412 412 291 291 291 399 399 399 307 307 307 306 306 306 310 310 310 307 307 307 429 429 429 416 416 416 416 416 416 413 413 413 415 415 415 416 416 416 415 415 415 307 307 307 416 416 416 431 431 431 427 427 427 422 422 422 434 434 434 428 428 428 422 422 422 420 420 420 419 419 419 423 423 423 524 524 524 435 435 435 423 423 423 421 421 421 438 438 438 435 435 435 434 434 434 423 423 423 435 435 435 523 523 523 462 462 462 462 462 462 436 436 436 435 435 435 462 462 462 465 465 465 457 457 457 454 454 454 443 443 443 451 451 451 454 454 454 471 471 471 521 521 521 457 457 457 456 456 456 462 462 462 471 471 471 322 322 322 518 518 518 471 471 471 469 469 469 521 521 521 518 518 518 469 469 469 471 471 471 518 518 518 478 478 478 519 519 519 322 322 322 471 471 471 463 463 463 322 322 322 463 463 463 315 315 315 322 322 322 489 489 489 518 518 518 322 322 322 319 319 319 565 565 565 473 473 473 474 474 474 476 476 476 473 473 473 472 472 472 467 467 467 473 473 473 484 484 484 482 482 482 473 473 473 482 482 482 470 470 470 489 489 489 322 322 322 565 565 565 489 489 489 486 486 486 478 478 478 489 489 489 324 324 324 487 487 487 324 324 324 565 565 565 319 319 319 324 324 324 323 323 323 497 497 497 324 324 324 489 489 489 565 565 565 449 449 449 447 447 447 446 446 446 449 449 449 397 397 397 514 514 514 329 329 329 499 499 499 326 326 326 329 329 329 328 328 328 379 379 379 329 329 329 516 516 516 504 504 504 378 378 378 448 448 448 516 516 516 378 378 378 444 444 444 445 445 445 378 378 378 516 516 516 379 379 379 378 378 378 376 376 376 390 390 390 566 566 566 567 567 567 568 568 568 566 566 566 568 568 568 569 569 569 567 567 567 570 570 570 571 571 571 568 568 568 572 572 572 573 573 573 569 569 569 568 568 568 574 574 574 569 569 569 574 574 574 575 575 575 569 569 569 576 576 576 566 566 566 577 577 577 578 578 578 579 579 579 578 578 578 580 580 580 581 581 581 578 578 578 582 582 582 583 583 583 579 579 579 578 578 578 581 581 581 579 579 579 581 581 581 584 584 584 582 582 582 578 578 578 585 585 585 583 583 583 582 582 582 586 586 586 583 583 583 587 587 587 578 578 578 588 588 588 589 589 589 590 590 590 588 588 588 591 591 591 589 589 589 588 588 588 592 592 592 593 593 593 589 589 589 591 591 591 594 594 594 590 590 590 595 595 595 596 596 596 591 591 591 588 588 588 593 593 593 592 592 592 588 588 588 597 597 597 586 586 586 582 582 582 597 597 597 586 586 586 598 598 598 583 583 583 597 597 597 599 599 599 586 586 586 597 597 597 582 582 582 592 592 592 597 597 597 588 588 588 600 600 600 585 585 585 578 578 578 577 577 577 601 601 601 589 589 589 594 594 594 602 602 602 603 603 603 604 604 604 602 602 602 604 604 604 605 605 605 602 602 602 605 605 605 606 606 606 602 602 602 606 606 606 607 607 607 602 602 602 608 608 608 609 609 609 608 608 608 602 602 602 610 610 610 609 609 609 611 611 611 612 612 612 609 609 609 613 613 613 611 611 611 610 610 610 607 607 607 614 614 614 610 610 610 614 614 614 615 615 615 616 616 616 617 617 617 618 618 618 616 616 616 618 618 618 619 619 619 616 616 616 620 620 620 621 621 621 616 616 616 609 609 609 622 622 622 620 620 620 616 616 616 619 619 619 621 621 621 620 620 620 623 623 623 624 624 624 609 609 609 612 612 612 613 613 613 609 609 609 608 608 608 613 613 613 608 608 608 625 625 625 622 622 622 617 617 617 616 616 616 622 622 622 609 609 609 624 624 624 626 626 626 621 621 621 623 623 623 627 627 627 628 628 628 629 629 629 628 628 628 627 627 627 630 630 630 629 629 629 631 631 631 632 632 632 633 633 633 634 634 634 635 635 635 634 634 634 636 636 636 637 637 637 634 634 634 633 633 633 636 636 636 636 636 636 638 638 638 637 637 637 639 639 639 640 640 640 641 641 641 639 639 639 642 642 642 640 640 640 639 639 639 643 643 643 644 644 644 643 643 643 645 645 645 646 646 646 643 643 643 639 639 639 647 647 647 644 644 644 648 648 648 649 649 649 644 644 644 650 650 650 651 651 651 644 644 644 651 651 651 642 642 642 647 647 647 641 641 641 652 652 652 647 647 647 639 639 639 641 641 641 647 647 647 653 653 653 645 645 645 654 654 654 655 655 655 656 656 656 654 654 654 656 656 656 657 657 657 657 657 657 656 656 656 658 658 658 657 657 657 659 659 659 654 654 654 658 658 658 660 660 660 657 657 657 658 658 658 661 661 661 662 662 662 658 658 658 656 656 656 661 661 661 663 663 663 664 664 664 665 665 665 664 664 664 663 663 663 666 666 666 666 666 666 667 667 667 664 664 664 631 631 631 629 629 629 628 628 628 632 632 632 631 631 631 668 668 668 669 669 669 670 670 670 671 671 671 670 670 670 672 672 672 673 673 673 673 673 673 671 671 671 670 670 670 674 674 674 675 675 675 676 676 676 674 674 674 677 677 677 678 678 678 674 674 674 679 679 679 680 680 680 675 675 675 680 680 680 681 681 681 676 676 676 677 677 677 674 674 674 676 676 676 682 682 682 683 683 683 676 676 676 675 675 675 684 684 684 676 676 676 684 684 684 682 682 682 685 685 685 686 686 686 687 687 687 685 685 685 681 681 681 688 688 688 681 681 681 685 685 685 689 689 689 681 681 681 689 689 689 675 675 675 688 688 688 686 686 686 685 685 685 688 688 688 681 681 681 690 690 690 689 689 689 684 684 684 675 675 675 689 689 689 691 691 691 692 692 692 689 689 689 685 685 685 691 691 691 691 691 691 693 693 693 692 692 692 692 692 692 694 694 694 689 689 689 680 680 680 675 675 675 674 674 674 695 695 695 696 696 696 697 697 697 695 695 695 697 697 697 698 698 698 699 699 699 700 700 700 701 701 701 699 699 699 701 701 701 702 702 702 701 701 701 703 703 703 704 704 704 702 702 702 705 705 705 699 699 699 706 706 706 707 707 707 708 708 708 708 708 708 707 707 707 709 709 709 710 710 710 707 707 707 706 706 706 710 710 710 711 711 711 712 712 712 595 595 595 713 713 713 596 596 596 595 595 595 590 590 590 589 589 589 596 596 596 714 714 714 715 715 715 596 596 596 713 713 713 714 714 714 596 596 596 716 716 716 717 717 717 718 718 718 719 719 719 720 720 720 719 719 719 718 718 718 721 721 721 720 720 720 722 722 722 718 718 718 642 642 642 639 639 639 644 644 644 642 642 642 645 645 645 653 653 653 651 651 651 723 723 723 724 724 724 651 651 651 645 645 645 642 642 642 651 651 651 646 646 646 645 645 645 703 703 703 701 701 701 700 700 700 668 668 668 725 725 725 632 632 632 604 604 604 603 603 603 726 726 726 603 603 603 727 727 727 728 728 728 726 726 726 603 603 603 728 728 728 607 607 607 610 610 610 602 602 602 729 729 729 730 730 730 731 731 731 730 730 730 732 732 732 731 731 731 730 730 730 733 733 733 732 732 732 574 574 574 573 573 573 734 734 734 574 574 574 735 735 735 575 575 575 575 575 575 736 736 736 569 569 569 570 570 570 576 576 576 737 737 737 570 570 570 567 567 567 566 566 566 570 570 570 566 566 566 576 576 576 571 571 571 572 572 572 567 567 567 571 571 571 738 738 738 687 687 687 687 687 687 691 691 691 685 685 685 687 687 687 739 739 739 571 571 571 687 687 687 738 738 738 691 691 691 738 738 738 570 570 570 737 737 737 738 738 738 571 571 571 570 570 570 740 740 740 741 741 741 742 742 742 740 740 740 634 634 634 743 743 743 740 740 740 744 744 744 745 745 745 744 744 744 746 746 746 745 745 745 744 744 744 740 740 740 743 743 743 743 743 743 634 634 634 637 637 637 747 747 747 748 748 748 749 749 749 748 748 748 750 750 750 751 751 751 748 748 748 752 752 752 749 749 749 748 748 748 747 747 747 753 753 753 749 749 749 754 754 754 755 755 755 753 753 753 747 747 747 756 756 756 757 757 757 758 758 758 759 759 759 759 759 759 760 760 760 757 757 757 650 650 650 644 644 644 761 761 761 650 650 650 762 762 762 723 723 723 761 761 761 649 649 649 763 763 763 761 761 761 722 722 722 650 650 650 764 764 764 765 765 765 766 766 766 765 765 765 764 764 764 767 767 767 645 645 645 643 643 643 647 647 647 768 768 768 769 769 769 770 770 770 770 770 770 771 771 771 768 768 768 772 772 772 773 773 773 774 774 774 773 773 773 772 772 772 775 775 775 774 774 774 776 776 776 772 772 772 777 777 777 778 778 778 779 779 779 780 780 780 779 779 779 778 778 778 780 780 780 781 781 781 779 779 779 723 723 723 651 651 651 650 650 650 723 723 723 763 763 763 649 649 649 782 782 782 783 783 783 784 784 784 784 784 784 785 785 785 782 782 782 786 786 786 787 787 787 788 788 788 787 787 787 786 786 786 789 789 789 790 790 790 791 791 791 792 792 792 790 790 790 793 793 793 791 791 791 790 790 790 794 794 794 795 795 795 794 794 794 790 790 790 796 796 796 795 795 795 794 794 794 797 797 797 795 795 795 798 798 798 799 799 799 795 795 795 793 793 793 790 790 790 796 796 796 790 790 790 792 792 792 796 796 796 792 792 792 800 800 800 796 796 796 801 801 801 802 802 802 802 802 802 803 803 803 804 804 804 802 802 802 794 794 794 796 796 796 804 804 804 794 794 794 802 802 802 805 805 805 806 806 806 752 752 752 805 805 805 807 807 807 808 808 808 805 805 805 752 752 752 809 809 809 807 807 807 805 805 805 809 809 809 807 807 807 810 810 810 808 808 808 809 809 809 752 752 752 748 748 748 809 809 809 751 751 751 807 807 807 806 806 806 811 811 811 812 812 812 806 806 806 812 812 812 752 752 752 806 806 806 805 805 805 813 813 813 752 752 752 812 812 812 754 754 754 814 814 814 815 815 815 816 816 816 814 814 814 817 817 817 818 818 818 814 814 814 818 818 818 819 819 819 818 818 818 820 820 820 821 821 821 818 818 818 822 822 822 820 820 820 819 819 819 821 821 821 823 823 823 819 819 819 824 824 824 815 815 815 819 819 819 818 818 818 821 821 821 821 821 821 825 825 825 826 826 826 821 821 821 820 820 820 825 825 825 827 827 827 828 828 828 829 829 829 828 828 828 827 827 827 830 830 830 830 830 830 831 831 831 828 828 828 832 832 832 833 833 833 834 834 834 833 833 833 832 832 832 835 835 835 834 834 834 836 836 836 837 837 837 834 834 834 837 837 837 838 838 838 836 836 836 834 834 834 833 833 833 839 839 839 840 840 840 832 832 832 840 840 840 839 839 839 841 841 841 841 841 841 839 839 839 842 842 842 835 835 835 832 832 832 840 840 840 843 843 843 838 838 838 844 844 844 843 843 843 834 834 834 838 838 838 845 845 845 843 843 843 844 844 844 846 846 846 847 847 847 848 848 848 847 847 847 849 849 849 850 850 850 847 847 847 846 846 846 851 851 851 848 848 848 852 852 852 846 846 846 848 848 848 853 853 853 854 854 854 848 848 848 855 855 855 856 856 856 848 848 848 857 857 857 855 855 855 848 848 848 854 854 854 857 857 857 851 851 851 858 858 858 859 859 859 860 860 860 846 846 846 852 852 852 852 852 852 848 848 848 856 856 856 854 854 854 853 853 853 861 861 861 853 853 853 862 862 862 863 863 863 853 853 853 864 864 864 862 862 862 861 861 861 853 853 853 863 863 863 865 865 865 864 864 864 853 853 853 865 865 865 866 866 866 867 867 867 864 864 864 865 865 865 867 867 867 741 741 741 740 740 740 745 745 745 742 742 742 868 868 868 740 740 740 869 869 869 870 870 870 871 871 871 870 870 870 869 869 869 872 872 872 871 871 871 873 873 873 869 869 869 799 799 799 874 874 874 875 875 875 799 799 799 876 876 876 795 795 795 876 876 876 877 877 877 878 878 878 876 876 876 799 799 799 875 875 875 875 875 875 874 874 874 879 879 879 875 875 875 879 879 879 880 880 880 875 875 875 881 881 881 876 876 876 813 813 813 805 805 805 882 882 882 882 882 882 662 662 662 813 813 813 817 817 817 883 883 883 884 884 884 817 817 817 814 814 814 883 883 883 885 885 885 843 843 843 886 886 886 885 885 885 834 834 834 843 843 843 886 886 886 887 887 887 888 888 888 886 886 886 889 889 889 885 885 885 890 890 890 891 891 891 892 892 892 890 890 890 893 893 893 894 894 894 890 890 890 892 892 892 893 893 893 893 893 893 892 892 892 895 895 895 894 894 894 893 893 893 896 896 896 894 894 894 897 897 897 890 890 890 891 891 891 898 898 898 899 899 899 891 891 891 890 890 890 900 900 900 891 891 891 901 901 901 898 898 898 892 892 892 902 902 902 895 895 895 889 889 889 886 886 886 903 903 903 889 889 889 897 897 897 894 894 894 889 889 889 894 894 894 904 904 904 897 897 897 889 889 889 905 905 905 901 901 901 891 891 891 906 906 906 898 898 898 901 901 901 907 907 907 903 903 903 886 886 886 888 888 888 905 905 905 889 889 889 903 903 903 906 906 906 891 891 891 900 900 900 638 638 638 908 908 908 637 637 637 909 909 909 910 910 910 911 911 911 910 910 910 909 909 909 912 912 912 911 911 911 791 791 791 801 801 801 878 878 878 795 795 795 876 876 876 878 878 878 879 879 879 874 874 874 803 803 803 795 795 795 878 878 878 803 803 803 802 802 802 793 793 793 705 705 705 702 702 702 913 913 913 914 914 914 915 915 915 916 916 916 915 915 915 914 914 914 873 873 873 873 873 873 871 871 871 915 915 915 917 917 917 847 847 847 850 850 850 849 849 849 847 847 847 851 851 851 849 849 849 851 851 851 859 859 859 918 918 918 919 919 919 920 920 920 918 918 918 921 921 921 922 922 922 918 918 918 847 847 847 921 921 921 921 921 921 847 847 847 917 917 917 919 919 919 918 918 918 922 922 922 923 923 923 924 924 924 925 925 925 923 923 923 925 925 925 926 926 926 927 927 927 923 923 923 926 926 926 928 928 928 929 929 929 930 930 930 929 929 929 928 928 928 931 931 931 929 929 929 931 931 931 932 932 932 930 930 930 933 933 933 928 928 928 812 812 812 807 807 807 754 754 754 812 812 812 810 810 810 807 807 807 934 934 934 935 935 935 936 936 936 935 935 935 934 934 934 937 937 937 937 937 937 938 938 938 935 935 935 793 793 793 801 801 801 791 791 791 793 793 793 802 802 802 801 801 801 793 793 793 795 795 795 803 803 803 939 939 939 940 940 940 941 941 941 940 940 940 939 939 939 942 942 942 942 942 942 943 943 943 940 940 940 944 944 944 945 945 945 946 946 946 945 945 945 944 944 944 947 947 947 948 948 948 949 949 949 950 950 950 949 949 949 948 948 948 951 951 951 951 951 951 952 952 952 949 949 949 953 953 953 954 954 954 955 955 955 954 954 954 953 953 953 956 956 956 957 957 957 958 958 958 959 959 959 958 958 958 957 957 957 960 960 960 961 961 961 962 962 962 963 963 963 962 962 962 961 961 961 964 964 964 965 965 965 966 966 966 967 967 967 966 966 966 965 965 965 968 968 968 874 874 874 799 799 799 969 969 969 874 874 874 803 803 803 878 878 878 969 969 969 803 803 803 874 874 874 820 820 820 815 815 815 825 825 825 970 970 970 971 971 971 972 972 972 971 971 971 970 970 970 973 973 973 972 972 972 823 823 823 970 970 970 825 825 825 815 815 815 824 824 824 825 825 825 824 824 824 974 974 974 815 815 815 822 822 822 816 816 816 815 815 815 820 820 820 822 822 822 815 815 815 814 814 814 819 819 819 824 824 824 819 819 819 823 823 823 975 975 975 976 976 976 977 977 977 976 976 976 975 975 975 978 978 978 979 979 979 980 980 980 981 981 981 979 979 979 981 981 981 982 982 982 983 983 983 659 659 659 884 884 884 983 983 983 984 984 984 655 655 655 983 983 983 655 655 655 654 654 654 655 655 655 661 661 661 656 656 656 763 763 763 985 985 985 761 761 761 763 763 763 762 762 762 986 986 986 763 763 763 723 723 723 762 762 762 649 649 649 724 724 724 723 723 723 649 649 649 761 761 761 644 644 644 987 987 987 988 988 988 989 989 989 989 989 989 755 755 755 987 987 987 755 755 755 989 989 989 749 749 749 754 754 754 751 751 751 990 990 990 754 754 754 807 807 807 751 751 751 754 754 754 749 749 749 752 752 752 751 751 751 809 809 809 748 748 748 990 990 990 991 991 991 992 992 992 990 990 990 993 993 993 991 991 991 990 990 990 751 751 751 993 993 993 994 994 994 995 995 995 996 996 996 995 995 995 994 994 994 750 750 750 750 750 750 748 748 748 995 995 995 756 756 756 747 747 747 997 997 997 998 998 998 999 999 999 1000 1000 1000 998 998 998 1000 1000 1000 1001 1001 1001 999 999 999 1002 1002 1002 1003 1003 1003 1000 1000 1000 1004 1004 1004 1005 1005 1005 1001 1001 1001 1000 1000 1000 1005 1005 1005 1001 1001 1001 1006 1006 1006 1007 1007 1007 1005 1005 1005 1004 1004 1004 1008 1008 1008 1009 1009 1009 1000 1000 1000 999 999 999 810 810 810 812 812 812 811 811 811 1010 1010 1010 1011 1011 1011 1012 1012 1012 1011 1011 1011 1010 1010 1010 1013 1013 1013 1012 1012 1012 1011 1011 1011 1014 1014 1014 1012 1012 1012 1014 1014 1014 1015 1015 1015 653 653 653 640 640 640 642 642 642 653 653 653 647 647 647 652 652 652 1016 1016 1016 760 760 760 759 759 759 1016 1016 1016 1017 1017 1017 760 760 760 667 667 667 666 666 666 1018 1018 1018 1019 1019 1019 766 766 766 765 765 765 1019 1019 1019 1020 1020 1020 766 766 766 722 722 722 761 761 761 985 985 985 722 722 722 720 720 720 762 762 762 762 762 762 650 650 650 722 722 722 1021 1021 1021 771 771 771 770 770 770 1021 1021 1021 1022 1022 1022 771 771 771 985 985 985 763 763 763 986 986 986 831 831 831 830 830 830 1023 1023 1023 776 776 776 774 774 774 1024 1024 1024 879 879 879 878 878 878 877 877 877 877 877 877 876 876 876 881 881 881 781 781 781 780 780 780 1025 1025 1025 881 881 881 875 875 875 880 880 880 938 938 938 937 937 937 1026 1026 1026 1027 1027 1027 947 947 947 944 944 944 1027 1027 1027 1028 1028 1028 947 947 947 943 943 943 942 942 942 1029 1029 1029 801 801 801 796 796 796 800 800 800 791 791 791 911 911 911 910 910 910 952 952 952 951 951 951 1030 1030 1030 1031 1031 1031 960 960 960 957 957 957 1031 1031 1031 1032 1032 1032 960 960 960 1033 1033 1033 1034 1034 1034 956 956 956 1033 1033 1033 956 956 956 953 953 953 974 974 974 824 824 824 1035 1035 1035 974 974 974 1035 1035 1035 1036 1036 1036 1036 1036 1036 1037 1037 1037 974 974 974 1038 1038 1038 826 826 826 1039 1039 1039 1038 1038 1038 1040 1040 1040 1041 1041 1041 1038 1038 1038 1039 1039 1039 1040 1040 1040 823 823 823 826 826 826 1038 1038 1038 823 823 823 821 821 821 826 826 826 823 823 823 972 972 972 824 824 824 826 826 826 825 825 825 980 980 980 826 826 826 980 980 980 979 979 979 580 580 580 578 578 578 587 587 587 587 587 587 1042 1042 1042 580 580 580 587 587 587 583 583 583 598 598 598 1043 1043 1043 1044 1044 1044 1042 1042 1042 1043 1043 1043 598 598 598 1045 1045 1045 1044 1044 1044 1043 1043 1043 1046 1046 1046 1042 1042 1042 587 587 587 1043 1043 1043 1046 1046 1046 1045 1045 1045 736 736 736 1046 1046 1046 735 735 735 1044 1044 1044 746 746 746 1047 1047 1047 745 745 745 1048 1048 1048 574 574 574 734 734 734 734 734 734 1049 1049 1049 1048 1048 1048 734 734 734 1050 1050 1050 1051 1051 1051 1049 1049 1049 734 734 734 1051 1051 1051 1052 1052 1052 1051 1051 1051 902 902 902 1051 1051 1051 895 895 895 902 902 902 1051 1051 1051 1052 1052 1052 1049 1049 1049 902 902 902 899 899 899 1052 1052 1052 902 902 902 892 892 892 891 891 891 899 899 899 902 902 902 891 891 891 600 600 600 1053 1053 1053 597 597 597 1053 1053 1053 600 600 600 1054 1054 1054 1054 1054 1054 1055 1055 1055 1053 1053 1053 1055 1055 1055 1054 1054 1054 693 693 693 1055 1055 1055 1056 1056 1056 599 599 599 693 693 693 737 737 737 1055 1055 1055 693 693 693 691 691 691 738 738 738 737 737 737 693 693 693 738 738 738 737 737 737 576 576 576 1056 1056 1056 599 599 599 597 597 597 1053 1053 1053 599 599 599 1053 1053 1053 1055 1055 1055 1056 1056 1056 736 736 736 1045 1045 1045 1056 1056 1056 1055 1055 1055 737 737 737 576 576 576 569 569 569 736 736 736 598 598 598 586 586 586 599 599 599 598 598 598 1043 1043 1043 587 587 587 598 598 598 1056 1056 1056 1045 1045 1045 598 598 598 599 599 599 1056 1056 1056 1045 1045 1045 1046 1046 1046 1043 1043 1043 736 736 736 575 575 575 1046 1046 1046 736 736 736 1056 1056 1056 576 576 576 1057 1057 1057 743 743 743 637 637 637 908 908 908 1057 1057 1057 637 637 637 735 735 735 574 574 574 1048 1048 1048 735 735 735 1046 1046 1046 575 575 575 739 739 739 686 686 686 1058 1058 1058 739 739 739 687 687 687 686 686 686 739 739 739 1059 1059 1059 572 572 572 1060 1060 1060 1058 1058 1058 686 686 686 1060 1060 1060 1061 1061 1061 1058 1058 1058 1058 1058 1058 896 896 896 1059 1059 1059 904 904 904 1061 1061 1061 1060 1060 1060 904 904 904 894 894 894 1061 1061 1061 572 572 572 568 568 568 567 567 567 572 572 572 571 571 571 739 739 739 1059 1059 1059 895 895 895 1050 1050 1050 1059 1059 1059 739 739 739 1058 1058 1058 1059 1059 1059 573 573 573 572 572 572 896 896 896 1061 1061 1061 894 894 894 896 896 896 1058 1058 1058 1061 1061 1061 573 573 573 574 574 574 568 568 568 573 573 573 1059 1059 1059 1050 1050 1050 1050 1050 1050 734 734 734 573 573 573 895 895 895 1051 1051 1051 1050 1050 1050 895 895 895 896 896 896 893 893 893 895 895 895 1059 1059 1059 896 896 896 1062 1062 1062 741 741 741 745 745 745 1047 1047 1047 1062 1062 1062 745 745 745 684 684 684 689 689 689 694 694 694 694 694 694 692 692 692 693 693 693 690 690 690 686 686 686 688 688 688 679 679 679 690 690 690 681 681 681 679 679 679 681 681 681 680 680 680 679 679 679 674 674 674 678 678 678 677 677 677 676 676 676 683 683 683 1063 1063 1063 1064 1064 1064 1065 1065 1065 1065 1065 1065 1066 1066 1066 1067 1067 1067 1065 1065 1065 1064 1064 1064 1066 1066 1066 1068 1068 1068 1069 1069 1069 1070 1070 1070 1069 1069 1069 1068 1068 1068 1071 1071 1071 1069 1069 1069 1072 1072 1072 1073 1073 1073 1074 1074 1074 1071 1071 1071 1068 1068 1068 1072 1072 1072 1075 1075 1075 1073 1073 1073 1072 1072 1072 1069 1069 1069 1071 1071 1071 1076 1076 1076 1077 1077 1077 1078 1078 1078 1077 1077 1077 1076 1076 1076 1079 1079 1079 1080 1080 1080 1081 1081 1081 1082 1082 1082 1081 1081 1081 1083 1083 1083 1082 1082 1082 1081 1081 1081 1080 1080 1080 1084 1084 1084 1085 1085 1085 1086 1086 1086 1087 1087 1087 1085 1085 1085 1088 1088 1088 1089 1089 1089 1088 1088 1088 1085 1085 1085 1090 1090 1090 1090 1090 1090 1091 1091 1091 1088 1088 1088 1087 1087 1087 1092 1092 1092 1093 1093 1093 1087 1087 1087 1090 1090 1090 1085 1085 1085 1094 1094 1094 1095 1095 1095 1096 1096 1096 1095 1095 1095 1094 1094 1094 1097 1097 1097 1096 1096 1096 1098 1098 1098 1099 1099 1099 1097 1097 1097 1100 1100 1100 1101 1101 1101 1100 1100 1100 1102 1102 1102 1101 1101 1101 1100 1100 1100 1097 1097 1097 1094 1094 1094 1100 1100 1100 709 709 709 1102 1102 1102 709 709 709 707 707 707 1102 1102 1102 711 711 711 710 710 710 706 706 706 712 712 712 1103 1103 1103 1104 1104 1104 1103 1103 1103 1105 1105 1105 1104 1104 1104 1103 1103 1103 712 712 712 711 711 711 1105 1105 1105 1106 1106 1106 1107 1107 1107 1105 1105 1105 1103 1103 1103 1106 1106 1106 1106 1106 1106 1108 1108 1108 1107 1107 1107 1108 1108 1108 1109 1109 1109 1110 1110 1110 1075 1075 1075 1072 1072 1072 1111 1111 1111 1111 1111 1111 1072 1072 1072 1112 1112 1112 1098 1098 1098 1096 1096 1096 1095 1095 1095 1113 1113 1113 1096 1096 1096 1099 1099 1099 1092 1092 1092 1087 1087 1087 1086 1086 1086 1114 1114 1114 1087 1087 1087 1093 1093 1093 1115 1115 1115 1107 1107 1107 1108 1108 1108 1115 1115 1115 1108 1108 1108 1110 1110 1110 716 716 716 596 596 596 715 715 715 717 717 717 716 716 716 1116 1116 1116 717 717 717 1117 1117 1117 1118 1118 1118 1117 1117 1117 717 717 717 1116 1116 1116 1118 1118 1118 1117 1117 1117 1119 1119 1119 713 713 713 595 595 595 1120 1120 1120 1120 1120 1120 595 595 595 1121 1121 1121 1122 1122 1122 1118 1118 1118 1119 1119 1119 1123 1123 1123 1124 1124 1124 1125 1125 1125 1123 1123 1123 1126 1126 1126 1127 1127 1127 1123 1123 1123 1127 1127 1127 1128 1128 1128 1124 1124 1124 1123 1123 1123 1128 1128 1128 1125 1125 1125 1129 1129 1129 1130 1130 1130 1004 1004 1004 1007 1007 1007 1006 1006 1006 1004 1004 1004 1006 1006 1006 1008 1008 1008 1007 1007 1007 998 998 998 1001 1001 1001 1002 1002 1002 999 999 999 998 998 998 1003 1003 1003 1131 1131 1131 1132 1132 1132 1131 1131 1131 1003 1003 1003 1002 1002 1002 1131 1131 1131 1000 1000 1000 1009 1009 1009 1131 1131 1131 1009 1009 1009 1132 1132 1132 1133 1133 1133 1134 1134 1134 1135 1135 1135 1134 1134 1134 1133 1133 1133 1136 1136 1136 1136 1136 1136 1137 1137 1137 1138 1138 1138 1139 1139 1139 1140 1140 1140 1141 1141 1141 1140 1140 1140 1139 1139 1139 1142 1142 1142 1142 1142 1142 1143 1143 1143 1144 1144 1144 1145 1145 1145 1146 1146 1146 1147 1147 1147 1145 1145 1145 1147 1147 1147 1148 1148 1148 1148 1148 1148 1149 1149 1149 1150 1150 1150 1151 1151 1151 1152 1152 1152 1153 1153 1153 1151 1151 1151 1153 1153 1153 1154 1154 1154 1154 1154 1154 1155 1155 1155 1156 1156 1156 1154 1154 1154 1153 1153 1153 1155 1155 1155 1157 1157 1157 1158 1158 1158 1159 1159 1159 1157 1157 1157 1160 1160 1160 1158 1158 1158 1159 1159 1159 1161 1161 1161 1162 1162 1162 1159 1159 1159 1158 1158 1158 1161 1161 1161 1163 1163 1163 1164 1164 1164 1165 1165 1165 1164 1164 1164 1163 1163 1163 1166 1166 1166 1167 1167 1167 1168 1168 1168 1169 1169 1169 1168 1168 1168 1170 1170 1170 1171 1171 1171 1168 1168 1168 1167 1167 1167 1170 1170 1170 1169 1169 1169 1172 1172 1172 1167 1167 1167 1173 1173 1173 1174 1174 1174 1175 1175 1175 1173 1173 1173 1175 1175 1175 1176 1176 1176 1177 1177 1177 1178 1178 1178 1179 1179 1179 1177 1177 1177 1180 1180 1180 1178 1178 1178 662 662 662 882 882 882 660 660 660 662 662 662 1181 1181 1181 1182 1182 1182 662 662 662 661 661 661 1181 1181 1181 662 662 662 660 660 660 658 658 658 660 660 660 1183 1183 1183 659 659 659 661 661 661 655 655 655 984 984 984 984 984 984 1181 1181 1181 661 661 661 1181 1181 1181 984 984 984 648 648 648 648 648 648 644 644 644 1181 1181 1181 884 884 884 1183 1183 1183 797 797 797 884 884 884 883 883 883 984 984 984 884 884 884 984 984 984 983 983 983 1182 1182 1182 644 644 644 643 643 643 1182 1182 1182 1181 1181 1181 644 644 644 797 797 797 1183 1183 1183 795 795 795 1183 1183 1183 660 660 660 798 798 798 1183 1183 1183 884 884 884 659 659 659 659 659 659 657 657 657 660 660 660 659 659 659 983 983 983 654 654 654 798 798 798 795 795 795 1183 1183 1183 1184 1184 1184 1185 1185 1185 1186 1186 1186 1185 1185 1185 1184 1184 1184 1187 1187 1187 1188 1188 1188 1189 1189 1189 1190 1190 1190 1188 1188 1188 1191 1191 1191 1192 1192 1192 1188 1188 1188 1193 1193 1193 1194 1194 1194 1193 1193 1193 1188 1188 1188 1190 1190 1190 1194 1194 1194 1195 1195 1195 1196 1196 1196 1194 1194 1194 1197 1197 1197 1195 1195 1195 1198 1198 1198 1197 1197 1197 1193 1193 1193 1198 1198 1198 1193 1193 1193 1199 1199 1199 1197 1197 1197 1194 1194 1194 1193 1193 1193 1189 1189 1189 1188 1188 1188 1192 1192 1192 1195 1195 1195 1200 1200 1200 1201 1201 1201 1199 1199 1199 1202 1202 1202 1203 1203 1203 1199 1199 1199 1193 1193 1193 1204 1204 1204 1205 1205 1205 1204 1204 1204 1190 1190 1190 1205 1205 1205 1190 1190 1190 1189 1189 1189 1206 1206 1206 1207 1207 1207 1208 1208 1208 1207 1207 1207 1206 1206 1206 1209 1209 1209 1207 1207 1207 1210 1210 1210 1211 1211 1211 1208 1208 1208 1212 1212 1212 1206 1206 1206 1212 1212 1212 1208 1208 1208 1213 1213 1213 1213 1213 1213 1214 1214 1214 1212 1212 1212 1214 1214 1214 1213 1213 1213 1215 1215 1215 1215 1215 1215 1216 1216 1216 1214 1214 1214 1216 1216 1216 1215 1215 1215 1217 1217 1217 1217 1217 1217 1218 1218 1218 1216 1216 1216 1218 1218 1218 1217 1217 1217 1219 1219 1219 1218 1218 1218 1220 1220 1220 1221 1221 1221 1218 1218 1218 1219 1219 1219 1220 1220 1220 1219 1219 1219 1217 1217 1217 1222 1222 1222 1210 1210 1210 1207 1207 1207 1209 1209 1209 1211 1211 1211 1223 1223 1223 1224 1224 1224 1223 1223 1223 1211 1211 1211 1210 1210 1210 1224 1224 1224 1225 1225 1225 1226 1226 1226 1225 1225 1225 1224 1224 1224 1223 1223 1223 1226 1226 1226 1227 1227 1227 1228 1228 1228 1226 1226 1226 1225 1225 1225 1229 1229 1229 1226 1226 1226 1229 1229 1229 1227 1227 1227 1229 1229 1229 1230 1230 1230 1227 1227 1227 1230 1230 1230 1229 1229 1229 1231 1231 1231 1232 1232 1232 1233 1233 1233 1234 1234 1234 1232 1232 1232 1234 1234 1234 1235 1235 1235 1232 1232 1232 1203 1203 1203 1202 1202 1202 1233 1233 1233 1236 1236 1236 1234 1234 1234 1237 1237 1237 1238 1238 1238 1239 1239 1239 1203 1203 1203 1232 1232 1232 1235 1235 1235 1202 1202 1202 1199 1199 1199 1240 1240 1240 1204 1204 1204 1240 1240 1240 1199 1199 1199 1240 1240 1240 1241 1241 1241 1242 1242 1242 1240 1240 1240 1204 1204 1204 1205 1205 1205 1241 1241 1241 1240 1240 1240 1205 1205 1205 1242 1242 1242 1243 1243 1243 1244 1244 1244 1242 1242 1242 1241 1241 1241 1245 1245 1245 1243 1243 1243 1245 1245 1245 1246 1246 1246 1243 1243 1243 1242 1242 1242 1245 1245 1245 1246 1246 1246 1245 1245 1245 1247 1247 1247 1248 1248 1248 1249 1249 1249 1236 1236 1236 1248 1248 1248 1236 1236 1236 1233 1233 1233 1250 1250 1250 1251 1251 1251 1249 1249 1249 1250 1250 1250 1249 1249 1249 1248 1248 1248 1251 1251 1251 1250 1250 1250 1252 1252 1252 1251 1251 1251 1252 1252 1252 1253 1253 1253 1253 1253 1253 1252 1252 1252 1254 1254 1254 1253 1253 1253 1254 1254 1254 1255 1255 1255 1253 1253 1253 1255 1255 1255 1256 1256 1256 1254 1254 1254 1252 1252 1252 1257 1257 1257 1258 1258 1258 1259 1259 1259 1260 1260 1260 1258 1258 1258 1261 1261 1261 1262 1262 1262 1261 1261 1261 1258 1258 1258 1263 1263 1263 1261 1261 1261 1263 1263 1263 1264 1264 1264 1259 1259 1259 1258 1258 1258 1262 1262 1262 1260 1260 1260 1265 1265 1265 1266 1266 1266 1265 1265 1265 1260 1260 1260 1259 1259 1259 1266 1266 1266 1265 1265 1265 1267 1267 1267 1266 1266 1266 1267 1267 1267 1268 1268 1268 1268 1268 1268 1269 1269 1269 1270 1270 1270 1269 1269 1269 1268 1268 1268 1271 1271 1271 1271 1271 1271 1272 1272 1272 1269 1269 1269 1271 1271 1271 1268 1268 1268 1267 1267 1267 1272 1272 1272 1271 1271 1271 1273 1273 1273 1264 1264 1264 1263 1263 1263 1274 1274 1274 1264 1264 1264 1274 1274 1274 1275 1275 1275 1275 1275 1275 1274 1274 1274 1276 1276 1276 1275 1275 1275 1276 1276 1276 1277 1277 1277 1277 1277 1277 1278 1278 1278 1279 1279 1279 1277 1277 1277 1276 1276 1276 1278 1278 1278 1278 1278 1278 1280 1280 1280 1279 1279 1279 1279 1279 1279 1280 1280 1280 1281 1281 1281 1279 1279 1279 1281 1281 1281 1282 1282 1282 1280 1280 1280 1278 1278 1278 1283 1283 1283 1284 1284 1284 1285 1285 1285 1286 1286 1286 1284 1284 1284 1286 1286 1286 1287 1287 1287 1284 1284 1284 1287 1287 1287 1288 1288 1288 1286 1286 1286 1289 1289 1289 1290 1290 1290 1291 1291 1291 1292 1292 1292 1293 1293 1293 1288 1288 1288 1287 1287 1287 1200 1200 1200 1200 1200 1200 1195 1195 1195 1288 1288 1288 1196 1196 1196 1201 1201 1201 1191 1191 1191 1196 1196 1196 1191 1191 1191 1188 1188 1188 1201 1201 1201 1196 1196 1196 1195 1195 1195 1201 1201 1201 1294 1294 1294 1191 1191 1191 1294 1294 1294 1201 1201 1201 1295 1295 1295 1294 1294 1294 1295 1295 1295 1296 1296 1296 1295 1295 1295 1297 1297 1297 1296 1296 1296 1296 1296 1296 1297 1297 1297 1298 1298 1298 1296 1296 1296 1298 1298 1298 1299 1299 1299 1297 1297 1297 1295 1295 1295 1300 1300 1300 1289 1289 1289 1286 1286 1286 1285 1285 1285 1290 1290 1290 1301 1301 1301 1302 1302 1302 1301 1301 1301 1290 1290 1290 1289 1289 1289 1302 1302 1302 1303 1303 1303 1304 1304 1304 1302 1302 1302 1301 1301 1301 1303 1303 1303 1304 1304 1304 1305 1305 1305 1306 1306 1306 1305 1305 1305 1304 1304 1304 1307 1307 1307 1307 1307 1307 1304 1304 1304 1303 1303 1303 1307 1307 1307 1308 1308 1308 1305 1305 1305 1308 1308 1308 1307 1307 1307 1309 1309 1309 1310 1310 1310 1311 1311 1311 1312 1312 1312 1311 1311 1311 1310 1310 1310 1313 1313 1313 1312 1312 1312 1314 1314 1314 1310 1310 1310 1315 1315 1315 1316 1316 1316 1317 1317 1317 1316 1316 1316 1315 1315 1315 1318 1318 1318 1318 1318 1318 1319 1319 1319 1316 1316 1316 1320 1320 1320 1321 1321 1321 1322 1322 1322 1321 1321 1321 1320 1320 1320 1323 1323 1323 1322 1322 1322 1324 1324 1324 1325 1325 1325 1326 1326 1326 1327 1327 1327 1328 1328 1328 1327 1327 1327 1326 1326 1326 1329 1329 1329 1329 1329 1329 1330 1330 1330 1327 1327 1327 1314 1314 1314 1331 1331 1331 1313 1313 1313 1314 1314 1314 1313 1313 1313 1310 1310 1310 1314 1314 1314 1332 1332 1332 1333 1333 1333 1314 1314 1314 1312 1312 1312 1334 1334 1334 1331 1331 1331 1335 1335 1335 1311 1311 1311 1331 1331 1331 1311 1311 1311 1313 1313 1313 1331 1331 1331 1336 1336 1336 1335 1335 1335 1337 1337 1337 1338 1338 1338 1331 1331 1331 1337 1337 1337 1331 1331 1331 1314 1314 1314 1324 1324 1324 1322 1322 1322 1321 1321 1321 1335 1335 1335 1312 1312 1312 1311 1311 1311 1335 1335 1335 1334 1334 1334 1312 1312 1312 1339 1339 1339 1340 1340 1340 1334 1334 1334 1339 1339 1339 1334 1334 1334 1335 1335 1335 1330 1330 1330 1329 1329 1329 1341 1341 1341 1342 1342 1342 1343 1343 1343 1344 1344 1344 1342 1342 1342 1344 1344 1344 1345 1345 1345 1343 1343 1343 1346 1346 1346 1347 1347 1347 1343 1343 1343 1342 1342 1342 1346 1346 1346 1336 1336 1336 1331 1331 1331 1348 1348 1348 1319 1319 1319 1318 1318 1318 1349 1349 1349 1332 1332 1332 1314 1314 1314 1334 1334 1334 1350 1350 1350 1351 1351 1351 1352 1352 1352 1350 1350 1350 1353 1353 1353 1351 1351 1351 1353 1353 1353 1354 1354 1354 1351 1351 1351 1353 1353 1353 1355 1355 1355 1356 1356 1356 1351 1351 1351 1357 1357 1357 1352 1352 1352 1352 1352 1352 1355 1355 1355 1350 1350 1350 1358 1358 1358 1359 1359 1359 1360 1360 1360 1359 1359 1359 1358 1358 1358 1361 1361 1361 1361 1361 1361 1362 1362 1362 1363 1363 1363 1364 1364 1364 1365 1365 1365 1366 1366 1366 1364 1364 1364 1366 1366 1366 1367 1367 1367 1365 1365 1365 1368 1368 1368 1366 1366 1366 1369 1369 1369 1370 1370 1370 1371 1371 1371 1370 1370 1370 1369 1369 1369 1372 1372 1372 1371 1371 1371 1373 1373 1373 1374 1374 1374 1355 1355 1355 1375 1375 1375 1356 1356 1356 1355 1355 1355 1353 1353 1353 1350 1350 1350 1355 1355 1355 1352 1352 1352 1357 1357 1357 1357 1357 1357 1351 1351 1351 1354 1354 1354 1357 1357 1357 1376 1376 1376 1355 1355 1355 1357 1357 1357 1377 1377 1377 1378 1378 1378 1376 1376 1376 1357 1357 1357 1379 1379 1379 1380 1380 1380 1368 1368 1368 1365 1365 1365 1356 1356 1356 1354 1354 1354 1353 1353 1353 1356 1356 1356 1381 1381 1381 1354 1354 1354 1382 1382 1382 1381 1381 1381 1356 1356 1356 1373 1373 1373 1371 1371 1371 1370 1370 1370 1383 1383 1383 1384 1384 1384 1385 1385 1385 1385 1385 1385 1386 1386 1386 1387 1387 1387 1386 1386 1386 1385 1385 1385 1384 1384 1384 1377 1377 1377 1357 1357 1357 1354 1354 1354 1362 1362 1362 1361 1361 1361 1358 1358 1358 1388 1388 1388 1375 1375 1375 1355 1355 1355 1389 1389 1389 1387 1387 1387 1386 1386 1386 1390 1390 1390 1391 1391 1391 1392 1392 1392 1392 1392 1392 1393 1393 1393 1390 1390 1390 1394 1394 1394 1395 1395 1395 1396 1396 1396 1394 1394 1394 1397 1397 1397 1398 1398 1398 1397 1397 1397 1394 1394 1394 1399 1399 1399 1398 1398 1398 1400 1400 1400 1401 1401 1401 1399 1399 1399 1402 1402 1402 1403 1403 1403 1399 1399 1399 1394 1394 1394 1396 1396 1396 1404 1404 1404 1405 1405 1405 1406 1406 1406 1404 1404 1404 1407 1407 1407 1408 1408 1408 1405 1405 1405 1409 1409 1409 1410 1410 1410 1405 1405 1405 1404 1404 1404 1408 1408 1408 1406 1406 1406 1405 1405 1405 1411 1411 1411 1406 1406 1406 1412 1412 1412 1404 1404 1404 1411 1411 1411 1410 1410 1410 1413 1413 1413 1414 1414 1414 1415 1415 1415 1416 1416 1416 1415 1415 1415 1414 1414 1414 1417 1417 1417 1417 1417 1417 1418 1418 1418 1415 1415 1415 1417 1417 1417 1419 1419 1419 1420 1420 1420 1421 1421 1421 1422 1422 1422 1423 1423 1423 1423 1423 1423 1422 1422 1422 1424 1424 1424 1400 1400 1400 1398 1398 1398 1397 1397 1397 1402 1402 1402 1399 1399 1399 1396 1396 1396 1403 1403 1403 1425 1425 1425 1426 1426 1426 1403 1403 1403 1427 1427 1427 1400 1400 1400 1425 1425 1425 1428 1428 1428 1426 1426 1426 1425 1425 1425 1403 1403 1403 1402 1402 1402 1427 1427 1427 1401 1401 1401 1400 1400 1400 1427 1427 1427 1403 1403 1403 1426 1426 1426 1429 1429 1429 1430 1430 1430 1431 1431 1431 1430 1430 1430 1429 1429 1429 1432 1432 1432 1433 1433 1433 1434 1434 1434 1435 1435 1435 1435 1435 1435 1436 1436 1436 1433 1433 1433 1437 1437 1437 1438 1438 1438 1439 1439 1439 1439 1439 1439 1440 1440 1440 1437 1437 1437 1441 1441 1441 1442 1442 1442 1443 1443 1443 1442 1442 1442 1441 1441 1441 1444 1444 1444 1395 1395 1395 1402 1402 1402 1396 1396 1396 1428 1428 1428 1427 1427 1427 1426 1426 1426 1445 1445 1445 1446 1446 1446 1408 1408 1408 1408 1408 1408 1446 1446 1446 1447 1447 1447 1408 1408 1408 1447 1447 1447 1405 1405 1405 1408 1408 1408 1448 1448 1448 1445 1445 1445 1447 1447 1447 1446 1446 1446 1449 1449 1449 1447 1447 1447 1449 1449 1449 1409 1409 1409 1409 1409 1409 1405 1405 1405 1447 1447 1447 1410 1410 1410 1411 1411 1411 1405 1405 1405 1450 1450 1450 1451 1451 1451 1452 1452 1452 1450 1450 1450 1453 1453 1453 1454 1454 1454 1451 1451 1451 1450 1450 1450 1454 1454 1454 1454 1454 1454 1455 1455 1455 1451 1451 1451 1448 1448 1448 1408 1408 1408 1407 1407 1407 1407 1407 1407 1404 1404 1404 1412 1412 1412 1456 1456 1456 1457 1457 1457 1458 1458 1458 1456 1456 1456 1459 1459 1459 1457 1457 1457 1458 1458 1458 1460 1460 1460 1418 1418 1418 1458 1458 1458 1461 1461 1461 1456 1456 1456 1420 1420 1420 1461 1461 1461 1417 1417 1417 1461 1461 1461 1458 1458 1458 1417 1417 1417 1462 1462 1462 1454 1454 1454 1453 1453 1453 1462 1462 1462 1463 1463 1463 1464 1464 1464 1462 1462 1462 1465 1465 1465 1466 1466 1466 1463 1463 1463 1462 1462 1462 1453 1453 1453 1412 1412 1412 1406 1406 1406 1467 1467 1467 1468 1468 1468 1465 1465 1465 1462 1462 1462 1465 1465 1465 1468 1468 1468 1469 1469 1469 1460 1460 1460 1458 1458 1458 1457 1457 1457 1418 1418 1418 1417 1417 1417 1458 1458 1458 1466 1466 1466 1454 1454 1454 1462 1462 1462 1455 1455 1455 1454 1454 1454 1466 1466 1466 1470 1470 1470 1471 1471 1471 1472 1472 1472 1472 1472 1472 1471 1471 1471 1473 1473 1473 1474 1474 1474 1475 1475 1475 1476 1476 1476 1474 1474 1474 1476 1476 1476 1477 1477 1477 1474 1474 1474 1478 1478 1478 1475 1475 1475 1478 1478 1478 1474 1474 1474 1479 1479 1479 1475 1475 1475 1480 1480 1480 1476 1476 1476 1479 1479 1479 1481 1481 1481 1478 1478 1478 1482 1482 1482 1483 1483 1483 1484 1484 1484 1482 1482 1482 1485 1485 1485 1486 1486 1486 1482 1482 1482 1487 1487 1487 1488 1488 1488 1487 1487 1487 1489 1489 1489 1490 1490 1490 1487 1487 1487 1482 1482 1482 1484 1484 1484 1488 1488 1488 1491 1491 1491 1482 1482 1482 1484 1484 1484 1483 1483 1483 1492 1492 1492 1484 1484 1484 1492 1492 1492 1489 1489 1489 1493 1493 1493 1494 1494 1494 1495 1495 1495 1494 1494 1494 1493 1493 1493 1496 1496 1496 1495 1495 1495 1497 1497 1497 1498 1498 1498 1499 1499 1499 1500 1500 1500 1501 1501 1501 1501 1501 1501 1502 1502 1502 1499 1499 1499 1481 1481 1481 1479 1479 1479 1503 1503 1503 1503 1503 1503 1504 1504 1504 1481 1481 1481 1505 1505 1505 1506 1506 1506 1507 1507 1507 1505 1505 1505 1508 1508 1508 1506 1506 1506 1508 1508 1508 1480 1480 1480 1475 1475 1475 1508 1508 1508 1504 1504 1504 1506 1506 1506 1480 1480 1480 1508 1508 1508 1505 1505 1505 1504 1504 1504 1508 1508 1508 1481 1481 1481 1509 1509 1509 1510 1510 1510 1511 1511 1511 1509 1509 1509 1512 1512 1512 1510 1510 1510 1513 1513 1513 1514 1514 1514 1515 1515 1515 1515 1515 1515 1514 1514 1514 1516 1516 1516 1517 1517 1517 1518 1518 1518 1519 1519 1519 1520 1520 1520 1518 1518 1518 1517 1517 1517 1521 1521 1521 1522 1522 1522 1523 1523 1523 1522 1522 1522 1521 1521 1521 1524 1524 1524 1477 1477 1477 1476 1476 1476 1480 1480 1480 1507 1507 1507 1506 1506 1506 1504 1504 1504 1525 1525 1525 1483 1483 1483 1486 1486 1486 1483 1483 1483 1526 1526 1526 1492 1492 1492 1483 1483 1483 1525 1525 1525 1527 1527 1527 1486 1486 1486 1483 1483 1483 1482 1482 1482 1486 1486 1486 1528 1528 1528 1525 1525 1525 1528 1528 1528 1486 1486 1486 1485 1485 1485 1485 1485 1485 1482 1482 1482 1491 1491 1491 1491 1491 1491 1488 1488 1488 1529 1529 1529 1530 1530 1530 1531 1531 1531 1532 1532 1532 1531 1531 1531 1530 1530 1530 1533 1533 1533 1533 1533 1533 1534 1534 1534 1535 1535 1535 1533 1533 1533 1530 1530 1530 1536 1536 1536 1533 1533 1533 1536 1536 1536 1534 1534 1534 1526 1526 1526 1483 1483 1483 1527 1527 1527 1498 1498 1498 1537 1537 1537 1538 1538 1538 1498 1498 1498 1539 1539 1539 1495 1495 1495 1498 1498 1498 1540 1540 1540 1537 1537 1537 1541 1541 1541 1538 1538 1538 1537 1537 1537 1542 1542 1542 1495 1495 1495 1543 1543 1543 1539 1539 1539 1543 1543 1543 1495 1495 1495 1539 1539 1539 1498 1498 1498 1538 1538 1538 1544 1544 1544 1535 1535 1535 1545 1545 1545 1535 1535 1535 1544 1544 1544 1546 1546 1546 1535 1535 1535 1534 1534 1534 1547 1547 1547 1546 1546 1546 1533 1533 1533 1535 1535 1535 1546 1546 1546 1531 1531 1531 1533 1533 1533 1489 1489 1489 1487 1487 1487 1484 1484 1484 1548 1548 1548 1547 1547 1547 1549 1549 1549 1548 1548 1548 1535 1535 1535 1547 1547 1547 1540 1540 1540 1498 1498 1498 1497 1497 1497 1497 1497 1497 1495 1495 1495 1494 1494 1494 1550 1550 1550 1551 1551 1551 1552 1552 1552 1550 1550 1550 1553 1553 1553 1554 1554 1554 1550 1550 1550 1555 1555 1555 1553 1553 1553 1551 1551 1551 1550 1550 1550 1554 1554 1554 1552 1552 1552 1556 1556 1556 1550 1550 1550 1554 1554 1554 1557 1557 1557 1551 1551 1551 1554 1554 1554 1558 1558 1558 1559 1559 1559 1554 1554 1554 1553 1553 1553 1558 1558 1558 1560 1560 1560 1555 1555 1555 1561 1561 1561 1555 1555 1555 1550 1550 1550 1556 1556 1556 1561 1561 1561 1562 1562 1562 1563 1563 1563 1561 1561 1561 1563 1563 1563 1564 1564 1564 1561 1561 1561 1556 1556 1556 1562 1562 1562 1565 1565 1565 1553 1553 1553 1555 1555 1555 1565 1565 1565 1555 1555 1555 1560 1560 1560 1564 1564 1564 1560 1560 1560 1561 1561 1561 1563 1563 1563 1566 1566 1566 1567 1567 1567 1563 1563 1563 1567 1567 1567 1568 1568 1568 1568 1568 1568 1569 1569 1569 1570 1570 1570 1568 1568 1568 1564 1564 1564 1563 1563 1563 1567 1567 1567 1571 1571 1571 1569 1569 1569 1569 1569 1569 1568 1568 1568 1567 1567 1567 1569 1569 1569 1572 1572 1572 1573 1573 1573 1570 1570 1570 1573 1573 1573 1574 1574 1574 1573 1573 1573 1575 1575 1575 1576 1576 1576 1573 1573 1573 1570 1570 1570 1569 1569 1569 1574 1574 1574 1576 1576 1576 1577 1577 1577 1576 1576 1576 1574 1574 1574 1573 1573 1573 1576 1576 1576 1578 1578 1578 1579 1579 1579 1577 1577 1577 1579 1579 1579 1580 1580 1580 1579 1579 1579 1581 1581 1581 1582 1582 1582 1579 1579 1579 1577 1577 1577 1576 1576 1576 1580 1580 1580 1582 1582 1582 1583 1583 1583 1582 1582 1582 1584 1584 1584 1585 1585 1585 1582 1582 1582 1580 1580 1580 1579 1579 1579 1583 1583 1583 1585 1585 1585 1586 1586 1586 1585 1585 1585 1587 1587 1587 1588 1588 1588 1585 1585 1585 1583 1583 1583 1582 1582 1582 1586 1586 1586 1588 1588 1588 1589 1589 1589 1588 1588 1588 1587 1587 1587 1590 1590 1590 1588 1588 1588 1590 1590 1590 1591 1591 1591 1588 1588 1588 1586 1586 1586 1585 1585 1585 1589 1589 1589 1588 1588 1588 1591 1591 1591 1591 1591 1591 1590 1590 1590 1592 1592 1592 1593 1593 1593 1594 1594 1594 1595 1595 1595 1593 1593 1593 1595 1595 1595 1596 1596 1596 1595 1595 1595 1597 1597 1597 1598 1598 1598 1596 1596 1596 1595 1595 1595 1599 1599 1599 1596 1596 1596 1599 1599 1599 1600 1600 1600 1599 1599 1599 1598 1598 1598 1601 1601 1601 1592 1592 1592 1590 1590 1590 1558 1558 1558 1592 1592 1592 1558 1558 1558 1602 1602 1602 1602 1602 1602 1558 1558 1558 1553 1553 1553 1602 1602 1602 1553 1553 1553 1565 1565 1565 1603 1603 1603 1604 1604 1604 1605 1605 1605 1604 1604 1604 1606 1606 1606 1605 1605 1605 1604 1604 1604 1603 1603 1603 1607 1607 1607 1607 1607 1607 1608 1608 1608 1609 1609 1609 1610 1610 1610 1611 1611 1611 1612 1612 1612 1611 1611 1611 1613 1613 1613 1612 1612 1612 1612 1612 1612 1614 1614 1614 1610 1610 1610 1615 1615 1615 1614 1614 1614 1616 1616 1616 1615 1615 1615 1617 1617 1617 1618 1618 1618 1615 1615 1615 1610 1610 1610 1614 1614 1614 1619 1619 1619 1620 1620 1620 1621 1621 1621 1620 1620 1620 1619 1619 1619 1622 1622 1622 1621 1621 1621 1623 1623 1623 1619 1619 1619 1621 1621 1621 1624 1624 1624 1623 1623 1623 1622 1622 1622 1625 1625 1625 1626 1626 1626 1622 1622 1622 1626 1626 1626 1620 1620 1620 1617 1617 1617 1615 1615 1615 1616 1616 1616 1618 1618 1618 1627 1627 1627 1628 1628 1628 1627 1627 1627 1618 1618 1618 1617 1617 1617 1628 1628 1628 1629 1629 1629 1630 1630 1630 1631 1631 1631 1632 1632 1632 1633 1633 1633 1632 1632 1632 1631 1631 1631 1634 1634 1634 1633 1633 1633 1635 1635 1635 1636 1636 1636 1634 1634 1634 1637 1637 1637 1638 1638 1638 1556 1556 1556 1552 1552 1552 1639 1639 1639 1556 1556 1556 1561 1561 1561 1555 1555 1555 1639 1639 1639 1562 1562 1562 1556 1556 1556 1606 1606 1606 1604 1604 1604 1640 1640 1640 1640 1640 1640 1641 1641 1641 1606 1606 1606 1640 1640 1640 1642 1642 1642 1641 1641 1641 1629 1629 1629 1628 1628 1628 1627 1627 1627 1630 1630 1630 1643 1643 1643 1644 1644 1644 1626 1626 1626 1609 1609 1609 1608 1608 1608 1643 1643 1643 1630 1630 1630 1629 1629 1629 1645 1645 1645 1559 1559 1559 1587 1587 1587 1559 1559 1559 1645 1645 1645 1557 1557 1557 1559 1559 1559 1558 1558 1558 1590 1590 1590 1587 1587 1587 1585 1585 1585 1584 1584 1584 1587 1587 1587 1559 1559 1559 1590 1590 1590 1557 1557 1557 1554 1554 1554 1559 1559 1559 1646 1646 1646 1644 1644 1644 1643 1643 1643 1646 1646 1646 1643 1643 1643 1647 1647 1647 1648 1648 1648 1649 1649 1649 1650 1650 1650 1648 1648 1648 1651 1651 1651 1652 1652 1652 1649 1649 1649 1648 1648 1648 1652 1652 1652 1649 1649 1649 1653 1653 1653 1654 1654 1654 1650 1650 1650 1649 1649 1649 1654 1654 1654 1655 1655 1655 1656 1656 1656 1657 1657 1657 1655 1655 1655 1657 1657 1657 1571 1571 1571 1571 1571 1571 1567 1567 1567 1655 1655 1655 1571 1571 1571 1658 1658 1658 1572 1572 1572 1571 1571 1571 1657 1657 1657 1658 1658 1658 1572 1572 1572 1658 1658 1658 1659 1659 1659 1572 1572 1572 1659 1659 1659 1575 1575 1575 1572 1572 1572 1569 1569 1569 1571 1571 1571 1575 1575 1575 1659 1659 1659 1660 1660 1660 1575 1575 1575 1660 1660 1660 1578 1578 1578 1575 1575 1575 1573 1573 1573 1572 1572 1572 1637 1637 1637 1623 1623 1623 1624 1624 1624 1637 1637 1637 1634 1634 1634 1631 1631 1631 1578 1578 1578 1661 1661 1661 1581 1581 1581 1578 1578 1578 1576 1576 1576 1575 1575 1575 1661 1661 1661 1578 1578 1578 1660 1660 1660 1581 1581 1581 1661 1661 1661 1662 1662 1662 1581 1581 1581 1662 1662 1662 1584 1584 1584 1581 1581 1581 1579 1579 1579 1578 1578 1578 1562 1562 1562 1639 1639 1639 1663 1663 1663 1562 1562 1562 1566 1566 1566 1563 1563 1563 1663 1663 1663 1566 1566 1566 1562 1562 1562 1584 1584 1584 1582 1582 1582 1581 1581 1581 1584 1584 1584 1645 1645 1645 1587 1587 1587 1584 1584 1584 1662 1662 1662 1645 1645 1645 1566 1566 1566 1656 1656 1656 1655 1655 1655 1566 1566 1566 1664 1664 1664 1656 1656 1656 1566 1566 1566 1663 1663 1663 1664 1664 1664 1566 1566 1566 1655 1655 1655 1567 1567 1567 1665 1665 1665 1666 1666 1666 1667 1667 1667 1666 1666 1666 1665 1665 1665 1668 1668 1668 1666 1666 1666 1669 1669 1669 1667 1667 1667 1668 1668 1668 1670 1670 1670 1671 1671 1671 1672 1672 1672 1673 1673 1673 1674 1674 1674 1673 1673 1673 1675 1675 1675 1676 1676 1676 1674 1674 1674 1673 1673 1673 1677 1677 1677 1674 1674 1674 1677 1677 1677 1678 1678 1678 1654 1654 1654 1653 1653 1653 1679 1679 1679 1678 1678 1678 1680 1680 1680 1681 1681 1681 1678 1678 1678 1677 1677 1677 1682 1682 1682 1679 1679 1679 1683 1683 1683 1684 1684 1684 1679 1679 1679 1653 1653 1653 1683 1683 1683 1684 1684 1684 1685 1685 1685 1686 1686 1686 1684 1684 1684 1683 1683 1683 1687 1687 1687 1680 1680 1680 1678 1678 1678 1682 1682 1682 1681 1681 1681 1688 1688 1688 1689 1689 1689 1685 1685 1685 1684 1684 1684 1687 1687 1687 1686 1686 1686 1685 1685 1685 1690 1690 1690 1688 1688 1688 1651 1651 1651 1691 1691 1691 1688 1688 1688 1681 1681 1681 1680 1680 1680 1689 1689 1689 1688 1688 1688 1691 1691 1691 1690 1690 1690 1685 1685 1685 1692 1692 1692 1690 1690 1690 1676 1676 1676 1675 1675 1675 1691 1691 1691 1651 1651 1651 1648 1648 1648 1676 1676 1676 1690 1690 1690 1692 1692 1692 1675 1675 1675 1673 1673 1673 1672 1672 1672 1642 1642 1642 1693 1693 1693 1694 1694 1694 1695 1695 1695 1647 1647 1647 1696 1696 1696 1695 1695 1695 1646 1646 1646 1647 1647 1647 1696 1696 1696 1697 1697 1697 1695 1695 1695 1609 1609 1609 1626 1626 1626 1625 1625 1625 1608 1608 1608 1607 1607 1607 1603 1603 1603 1697 1697 1697 1696 1696 1696 1698 1698 1698 1697 1697 1697 1699 1699 1699 1700 1700 1700 1699 1699 1699 1697 1697 1697 1698 1698 1698 1700 1700 1700 1701 1701 1701 1702 1702 1702 1624 1624 1624 1638 1638 1638 1637 1637 1637 1694 1694 1694 1641 1641 1641 1642 1642 1642 1701 1701 1701 1700 1700 1700 1699 1699 1699 1702 1702 1702 1703 1703 1703 1704 1704 1704 1703 1703 1703 1705 1705 1705 1704 1704 1704 1703 1703 1703 1702 1702 1702 1701 1701 1701 1705 1705 1705 1703 1703 1703 1613 1613 1613 1613 1613 1613 1611 1611 1611 1705 1705 1705 1635 1635 1635 1633 1633 1633 1632 1632 1632 1635 1635 1635 1693 1693 1693 1636 1636 1636 1635 1635 1635 1694 1694 1694 1693 1693 1693 1706 1706 1706 1707 1707 1707 1708 1708 1708 1707 1707 1707 1709 1709 1709 1710 1710 1710 1707 1707 1707 1706 1706 1706 1711 1711 1711 1708 1708 1708 1710 1710 1710 1712 1712 1712 1711 1711 1711 1600 1600 1600 1713 1713 1713 1711 1711 1711 1709 1709 1709 1707 1707 1707 1711 1711 1711 1714 1714 1714 1715 1715 1715 1711 1711 1711 1713 1713 1713 1714 1714 1714 1712 1712 1712 1716 1716 1716 1717 1717 1717 1716 1716 1716 1712 1712 1712 1710 1710 1710 1716 1716 1716 1718 1718 1718 1719 1719 1719 1717 1717 1717 1719 1719 1719 1720 1720 1720 1710 1710 1710 1721 1721 1721 1716 1716 1716 1710 1710 1710 1708 1708 1708 1707 1707 1707 1722 1722 1722 1723 1723 1723 1724 1724 1724 1722 1722 1722 1724 1724 1724 1725 1725 1725 1724 1724 1724 1597 1597 1597 1594 1594 1594 1725 1725 1725 1724 1724 1724 1594 1594 1594 1725 1725 1725 1594 1594 1594 1593 1593 1593 1600 1600 1600 1711 1711 1711 1706 1706 1706 1600 1600 1600 1599 1599 1599 1713 1713 1713 1713 1713 1713 1599 1599 1599 1601 1601 1601 1713 1713 1713 1601 1601 1601 1714 1714 1714 1726 1726 1726 1727 1727 1727 1728 1728 1728 1726 1726 1726 1728 1728 1728 1729 1729 1729 1728 1728 1728 1730 1730 1730 1723 1723 1723 1729 1729 1729 1728 1728 1728 1723 1723 1723 1729 1729 1729 1723 1723 1723 1722 1722 1722 1723 1723 1723 1731 1731 1731 1724 1724 1724 1723 1723 1723 1730 1730 1730 1732 1732 1732 1733 1733 1733 1727 1727 1727 1734 1734 1734 1727 1727 1727 1733 1733 1733 1735 1735 1735 1727 1727 1727 1730 1730 1730 1728 1728 1728 1734 1734 1734 1727 1727 1727 1726 1726 1726 1735 1735 1735 1736 1736 1736 1727 1727 1727 1735 1735 1735 1720 1720 1720 1719 1719 1719 1720 1720 1720 1735 1735 1735 1733 1733 1733 1719 1719 1719 1717 1717 1717 1716 1716 1716 1719 1719 1719 1737 1737 1737 1735 1735 1735 1718 1718 1718 1716 1716 1716 1738 1738 1738 1738 1738 1738 1716 1716 1716 1721 1721 1721 1737 1737 1737 1719 1719 1719 1718 1718 1718 1736 1736 1736 1735 1735 1735 1737 1737 1737 1730 1730 1730 1727 1727 1727 1736 1736 1736 1731 1731 1731 1723 1723 1723 1732 1732 1732 1597 1597 1597 1595 1595 1595 1594 1594 1594 1597 1597 1597 1724 1724 1724 1731 1731 1731 1598 1598 1598 1599 1599 1599 1595 1595 1595 1709 1709 1709 1711 1711 1711 1715 1715 1715 1721 1721 1721 1710 1710 1710 1709 1709 1709 1739 1739 1739 1740 1740 1740 1741 1741 1741 1739 1739 1739 1742 1742 1742 1743 1743 1743 1740 1740 1740 1739 1739 1739 1743 1743 1743 1741 1741 1741 1744 1744 1744 1745 1745 1745 1742 1742 1742 1739 1739 1739 1746 1746 1746 1746 1746 1746 1747 1747 1747 1748 1748 1748 1748 1748 1748 1742 1742 1742 1746 1746 1746 1747 1747 1747 1749 1749 1749 1750 1750 1750 1750 1750 1750 1748 1748 1748 1747 1747 1747 1749 1749 1749 1751 1751 1751 1752 1752 1752 1749 1749 1749 1752 1752 1752 1750 1750 1750 1752 1752 1752 1753 1753 1753 1754 1754 1754 1753 1753 1753 1752 1752 1752 1751 1751 1751 1754 1754 1754 1755 1755 1755 1756 1756 1756 1755 1755 1755 1754 1754 1754 1753 1753 1753 1756 1756 1756 1757 1757 1757 1758 1758 1758 1757 1757 1757 1756 1756 1756 1755 1755 1755 1757 1757 1757 1759 1759 1759 1760 1760 1760 1760 1760 1760 1758 1758 1758 1757 1757 1757 1759 1759 1759 1761 1761 1761 1760 1760 1760 1761 1761 1761 1759 1759 1759 1762 1762 1762 1762 1762 1762 1763 1763 1763 1761 1761 1761 1763 1763 1763 1762 1762 1762 1764 1764 1764 1764 1764 1764 1765 1765 1765 1763 1763 1763 1765 1765 1765 1745 1745 1745 1744 1744 1744 1765 1765 1765 1764 1764 1764 1766 1766 1766 1745 1745 1745 1765 1765 1765 1766 1766 1766 1744 1744 1744 1741 1741 1741 1740 1740 1740 1767 1767 1767 1768 1768 1768 1769 1769 1769 1768 1768 1768 1770 1770 1770 1771 1771 1771 1769 1769 1769 1772 1772 1772 1767 1767 1767 1770 1770 1770 1768 1768 1768 1767 1767 1767 1773 1773 1773 1774 1774 1774 1775 1775 1775 1774 1774 1774 1773 1773 1773 1776 1776 1776 1775 1775 1775 1777 1777 1777 1778 1778 1778 1777 1777 1777 1775 1775 1775 1774 1774 1774 1778 1778 1778 1772 1772 1772 1769 1769 1769 1776 1776 1776 1779 1779 1779 1780 1780 1780 1772 1772 1772 1778 1778 1778 1777 1777 1777 1779 1779 1779 1776 1776 1776 1773 1773 1773 1781 1781 1781 1782 1782 1782 1783 1783 1783 1782 1782 1782 1781 1781 1781 1784 1784 1784 1783 1783 1783 1782 1782 1782 1785 1785 1785 1784 1784 1784 1786 1786 1786 1787 1787 1787 1786 1786 1786 1788 1788 1788 1787 1787 1787 1786 1786 1786 1784 1784 1784 1781 1781 1781 1789 1789 1789 1670 1670 1670 1790 1790 1790 1670 1670 1670 1668 1668 1668 1665 1665 1665 1670 1670 1670 1789 1789 1789 1671 1671 1671 1790 1790 1790 1791 1791 1791 1789 1789 1789 1792 1792 1792 1793 1793 1793 1788 1788 1788 1792 1792 1792 1788 1788 1788 1786 1786 1786 1794 1794 1794 1793 1793 1793 1792 1792 1792 1793 1793 1793 1795 1795 1795 1796 1796 1796 1797 1797 1797 1791 1791 1791 1790 1790 1790 1791 1791 1791 1798 1798 1798 1799 1799 1799 1795 1795 1795 1793 1793 1793 1794 1794 1794 1796 1796 1796 1669 1669 1669 1800 1800 1800 1798 1798 1798 1791 1791 1791 1797 1797 1797 1799 1799 1799 1785 1785 1785 1801 1801 1801 1669 1669 1669 1796 1796 1796 1795 1795 1795 1669 1669 1669 1666 1666 1666 1800 1800 1800 1785 1785 1785 1782 1782 1782 1801 1801 1801 1785 1785 1785 1799 1799 1799 1798 1798 1798 1802 1802 1802 1803 1803 1803 1804 1804 1804 1802 1802 1802 1805 1805 1805 1806 1806 1806 1802 1802 1802 1807 1807 1807 1808 1808 1808 1803 1803 1803 1802 1802 1802 1809 1809 1809 1809 1809 1809 1808 1808 1808 1810 1810 1810 1811 1811 1811 1812 1812 1812 1813 1813 1813 1811 1811 1811 1813 1813 1813 1814 1814 1814 1811 1811 1811 1815 1815 1815 1812 1812 1812 1811 1811 1811 1816 1816 1816 1817 1817 1817 1811 1811 1811 1817 1817 1817 1815 1815 1815 1815 1815 1815 1818 1818 1818 1812 1812 1812 1816 1816 1816 1819 1819 1819 1817 1817 1817 1816 1816 1816 1820 1820 1820 1821 1821 1821 1812 1812 1812 1822 1822 1822 1813 1813 1813 1812 1812 1812 1818 1818 1818 1822 1822 1822 1820 1820 1820 1816 1816 1816 1811 1811 1811 1820 1820 1820 1814 1814 1814 1823 1823 1823 1820 1820 1820 1824 1824 1824 1825 1825 1825 1825 1825 1825 1821 1821 1821 1820 1820 1820 1825 1825 1825 1826 1826 1826 1827 1827 1827 1821 1821 1821 1825 1825 1825 1827 1827 1827 1821 1821 1821 1828 1828 1828 1816 1816 1816 1827 1827 1827 1829 1829 1829 1821 1821 1821 1830 1830 1830 1831 1831 1831 1832 1832 1832 1830 1830 1830 1833 1833 1833 1834 1834 1834 1831 1831 1831 1830 1830 1830 1835 1835 1835 1832 1832 1832 1836 1836 1836 1833 1833 1833 1832 1832 1832 1831 1831 1831 1837 1837 1837 1832 1832 1832 1837 1837 1837 1838 1838 1838 1838 1838 1838 1837 1837 1837 1839 1839 1839 1838 1838 1838 1839 1839 1839 1840 1840 1840 1838 1838 1838 1841 1841 1841 1836 1836 1836 1833 1833 1833 1842 1842 1842 1843 1843 1843 1833 1833 1833 1830 1830 1830 1832 1832 1832 1834 1834 1834 1844 1844 1844 1830 1830 1830 1834 1834 1834 1843 1843 1843 1845 1845 1845 1846 1846 1846 1847 1847 1847 1848 1848 1848 1846 1846 1846 1804 1804 1804 1847 1847 1847 1847 1847 1847 1804 1804 1804 1803 1803 1803 1848 1848 1848 1847 1847 1847 1849 1849 1849 1848 1848 1848 1850 1850 1850 1851 1851 1851 1848 1848 1848 1852 1852 1852 1846 1846 1846 1848 1848 1848 1853 1853 1853 1850 1850 1850 1848 1848 1848 1849 1849 1849 1854 1854 1854 1848 1848 1848 1854 1854 1854 1855 1855 1855 1848 1848 1848 1855 1855 1855 1853 1853 1853 1856 1856 1856 1857 1857 1857 1858 1858 1858 1856 1856 1856 1859 1859 1859 1857 1857 1857 1857 1857 1857 1860 1860 1860 1861 1861 1861 1857 1857 1857 1862 1862 1862 1863 1863 1863 1858 1858 1858 1864 1864 1864 1865 1865 1865 1866 1866 1866 1867 1867 1867 1868 1868 1868 1866 1866 1866 1869 1869 1869 1870 1870 1870 1867 1867 1867 1871 1871 1871 1872 1872 1872 1867 1867 1867 1866 1866 1866 1870 1870 1870 1867 1867 1867 1870 1870 1870 1871 1871 1871 1868 1868 1868 1873 1873 1873 1866 1866 1866 1870 1870 1870 1874 1874 1874 1871 1871 1871 1818 1818 1818 1815 1815 1815 1875 1875 1875 1875 1875 1875 1876 1876 1876 1818 1818 1818 1871 1871 1871 1877 1877 1877 1878 1878 1878 1872 1872 1872 1878 1878 1878 1879 1879 1879 1872 1872 1872 1871 1871 1871 1878 1878 1878 1840 1840 1840 1880 1880 1880 1881 1881 1881 1882 1882 1882 1883 1883 1883 1884 1884 1884 1883 1883 1883 1882 1882 1882 1885 1885 1885 1884 1884 1884 1886 1886 1886 1882 1882 1882 1884 1884 1884 1858 1858 1858 1886 1886 1886 1881 1881 1881 1887 1887 1887 1888 1888 1888 1881 1881 1881 1841 1841 1841 1840 1840 1840 1887 1887 1887 1881 1881 1881 1880 1880 1880 1888 1888 1888 1889 1889 1889 1881 1881 1881 1888 1888 1888 1863 1863 1863 1862 1862 1862 1880 1880 1880 1840 1840 1840 1839 1839 1839 1890 1890 1890 1862 1862 1862 1857 1857 1857 1890 1890 1890 1857 1857 1857 1861 1861 1861 1890 1890 1890 1891 1891 1891 1892 1892 1892 1862 1862 1862 1890 1890 1890 1893 1893 1893 1862 1862 1862 1894 1894 1894 1888 1888 1888 1860 1860 1860 1857 1857 1857 1859 1859 1859 1863 1863 1863 1888 1888 1888 1887 1887 1887 1893 1893 1893 1892 1892 1892 1894 1894 1894 1895 1895 1895 1858 1858 1858 1865 1865 1865 1864 1864 1864 1896 1896 1896 1897 1897 1897 1864 1864 1864 1884 1884 1884 1896 1896 1896 1864 1864 1864 1858 1858 1858 1884 1884 1884 1896 1896 1896 1884 1884 1884 1898 1898 1898 1899 1899 1899 1858 1858 1858 1895 1895 1895 1879 1879 1879 1878 1878 1878 1900 1900 1900 1900 1900 1900 1885 1885 1885 1879 1879 1879 1885 1885 1885 1900 1900 1900 1883 1883 1883 1901 1901 1901 1902 1902 1902 1903 1903 1903 1901 1901 1901 1904 1904 1904 1810 1810 1810 1901 1901 1901 1905 1905 1905 1906 1906 1906 1901 1901 1901 1907 1907 1907 1908 1908 1908 1901 1901 1901 1903 1903 1903 1907 1907 1907 1901 1901 1901 1906 1906 1906 1902 1902 1902 1904 1904 1904 1901 1901 1901 1908 1908 1908 1908 1908 1908 1909 1909 1909 1904 1904 1904 1909 1909 1909 1908 1908 1908 1891 1891 1891 1891 1891 1891 1890 1890 1890 1909 1909 1909 1891 1891 1891 1907 1907 1907 1910 1910 1910 1892 1892 1892 1910 1910 1910 1911 1911 1911 1892 1892 1892 1893 1893 1893 1890 1890 1890 1894 1894 1894 1862 1862 1862 1893 1893 1893 1894 1894 1894 1911 1911 1911 1889 1889 1889 1907 1907 1907 1891 1891 1891 1908 1908 1908 1910 1910 1910 1892 1892 1892 1891 1891 1891 1910 1910 1910 1903 1903 1903 1912 1912 1912 1911 1911 1911 1912 1912 1912 1913 1913 1913 1911 1911 1911 1894 1894 1894 1892 1892 1892 1889 1889 1889 1913 1913 1913 1841 1841 1841 1889 1889 1889 1888 1888 1888 1894 1894 1894 1903 1903 1903 1910 1910 1910 1907 1907 1907 1912 1912 1912 1911 1911 1911 1910 1910 1910 1912 1912 1912 1903 1903 1903 1914 1914 1914 1913 1913 1913 1836 1836 1836 1841 1841 1841 1913 1913 1913 1889 1889 1889 1911 1911 1911 1841 1841 1841 1881 1881 1881 1889 1889 1889 1841 1841 1841 1838 1838 1838 1840 1840 1840 1902 1902 1902 1915 1915 1915 1914 1914 1914 1914 1914 1914 1843 1843 1843 1842 1842 1842 1914 1914 1914 1903 1903 1903 1902 1902 1902 1842 1842 1842 1833 1833 1833 1836 1836 1836 1842 1842 1842 1913 1913 1913 1912 1912 1912 1842 1842 1842 1912 1912 1912 1914 1914 1914 1836 1836 1836 1913 1913 1913 1842 1842 1842 1836 1836 1836 1832 1832 1832 1838 1838 1838 1906 1906 1906 1916 1916 1916 1915 1915 1915 1915 1915 1915 1845 1845 1845 1843 1843 1843 1915 1915 1915 1902 1902 1902 1906 1906 1906 1843 1843 1843 1914 1914 1914 1915 1915 1915 1843 1843 1843 1834 1834 1834 1833 1833 1833 1854 1854 1854 1849 1849 1849 1917 1917 1917 1854 1854 1854 1917 1917 1917 1918 1918 1918 1918 1918 1918 1855 1855 1855 1854 1854 1854 1918 1918 1918 1864 1864 1864 1897 1897 1897 1918 1918 1918 1917 1917 1917 1864 1864 1864 1897 1897 1897 1919 1919 1919 1918 1918 1918 1897 1897 1897 1896 1896 1896 1898 1898 1898 1897 1897 1897 1898 1898 1898 1920 1920 1920 1898 1898 1898 1883 1883 1883 1921 1921 1921 1898 1898 1898 1884 1884 1884 1883 1883 1883 1855 1855 1855 1922 1922 1922 1853 1853 1853 1855 1855 1855 1918 1918 1918 1919 1919 1919 1919 1919 1919 1897 1897 1897 1920 1920 1920 1920 1920 1920 1898 1898 1898 1921 1921 1921 1920 1920 1920 1922 1922 1922 1919 1919 1919 1920 1920 1920 1921 1921 1921 1923 1923 1923 1921 1921 1921 1883 1883 1883 1900 1900 1900 1921 1921 1921 1900 1900 1900 1877 1877 1877 1853 1853 1853 1924 1924 1924 1850 1850 1850 1922 1922 1922 1920 1920 1920 1923 1923 1923 1922 1922 1922 1855 1855 1855 1919 1919 1919 1922 1922 1922 1925 1925 1925 1924 1924 1924 1923 1923 1923 1921 1921 1921 1877 1877 1877 1923 1923 1923 1874 1874 1874 1925 1925 1925 1877 1877 1877 1871 1871 1871 1874 1874 1874 1877 1877 1877 1900 1900 1900 1878 1878 1878 1850 1850 1850 1926 1926 1926 1851 1851 1851 1924 1924 1924 1927 1927 1927 1926 1926 1926 1924 1924 1924 1853 1853 1853 1922 1922 1922 1925 1925 1925 1869 1869 1869 1927 1927 1927 1925 1925 1925 1922 1922 1922 1923 1923 1923 1874 1874 1874 1870 1870 1870 1869 1869 1869 1874 1874 1874 1923 1923 1923 1877 1877 1877 1851 1851 1851 1928 1928 1928 1852 1852 1852 1926 1926 1926 1850 1850 1850 1924 1924 1924 1926 1926 1926 1929 1929 1929 1928 1928 1928 1927 1927 1927 1930 1930 1930 1929 1929 1929 1927 1927 1927 1924 1924 1924 1925 1925 1925 1869 1869 1869 1925 1925 1925 1874 1874 1874 1869 1869 1869 1866 1866 1866 1930 1930 1930 1845 1845 1845 1915 1915 1915 1916 1916 1916 1845 1845 1845 1931 1931 1931 1834 1834 1834 1852 1852 1852 1848 1848 1848 1851 1851 1851 1916 1916 1916 1906 1906 1906 1905 1905 1905 1916 1916 1916 1932 1932 1932 1845 1845 1845 1905 1905 1905 1933 1933 1933 1916 1916 1916 1905 1905 1905 1901 1901 1901 1808 1808 1808 1808 1808 1808 1901 1901 1901 1810 1810 1810 1808 1808 1808 1809 1809 1809 1802 1802 1802 1808 1808 1808 1934 1934 1934 1905 1905 1905 1930 1930 1930 1927 1927 1927 1869 1869 1869 1929 1929 1929 1926 1926 1926 1927 1927 1927 1928 1928 1928 1851 1851 1851 1926 1926 1926 1822 1822 1822 1876 1876 1876 1935 1935 1935 1813 1813 1813 1822 1822 1822 1936 1936 1936 1813 1813 1813 1936 1936 1936 1937 1937 1937 1936 1936 1936 1938 1938 1938 1937 1937 1937 1936 1936 1936 1935 1935 1935 1939 1939 1939 1938 1938 1938 1936 1936 1936 1940 1940 1940 1940 1940 1940 1805 1805 1805 1938 1938 1938 1940 1940 1940 1939 1939 1939 1941 1941 1941 1805 1805 1805 1940 1940 1940 1806 1806 1806 1805 1805 1805 1802 1802 1802 1804 1804 1804 1806 1806 1806 1941 1941 1941 1807 1807 1807 1942 1942 1942 1935 1935 1935 1876 1876 1876 1942 1942 1942 1943 1943 1943 1944 1944 1944 1942 1942 1942 1944 1944 1944 1945 1945 1945 1935 1935 1935 1942 1942 1942 1946 1946 1946 1935 1935 1935 1936 1936 1936 1822 1822 1822 1876 1876 1876 1947 1947 1947 1942 1942 1942 1876 1876 1876 1822 1822 1822 1818 1818 1818 1946 1946 1946 1942 1942 1942 1945 1945 1945 1946 1946 1946 1945 1945 1945 1948 1948 1948 1946 1946 1946 1939 1939 1939 1935 1935 1935 1939 1939 1939 1946 1946 1946 1949 1949 1949 1939 1939 1939 1940 1940 1940 1936 1936 1936 1949 1949 1949 1941 1941 1941 1939 1939 1939 1949 1949 1949 1948 1948 1948 1950 1950 1950 1949 1949 1949 1946 1946 1946 1948 1948 1948 1941 1941 1941 1949 1949 1949 1951 1951 1951 1941 1941 1941 1806 1806 1806 1940 1940 1940 1951 1951 1951 1807 1807 1807 1941 1941 1941 1951 1951 1951 1949 1949 1949 1950 1950 1950 1807 1807 1807 1802 1802 1802 1806 1806 1806 1807 1807 1807 1951 1951 1951 1934 1934 1934 1934 1934 1934 1808 1808 1808 1807 1807 1807 1934 1934 1934 1950 1950 1950 1933 1933 1933 1945 1945 1945 1944 1944 1944 1952 1952 1952 1945 1945 1945 1952 1952 1952 1953 1953 1953 1944 1944 1944 1954 1954 1954 1952 1952 1952 1944 1944 1944 1943 1943 1943 1954 1954 1954 1948 1948 1948 1955 1955 1955 1950 1950 1950 1950 1950 1950 1934 1934 1934 1951 1951 1951 1933 1933 1933 1905 1905 1905 1934 1934 1934 1933 1933 1933 1955 1955 1955 1932 1932 1932 1953 1953 1953 1948 1948 1948 1945 1945 1945 1953 1953 1953 1956 1956 1956 1955 1955 1955 1955 1955 1955 1948 1948 1948 1953 1953 1953 1955 1955 1955 1933 1933 1933 1950 1950 1950 1955 1955 1955 1931 1931 1931 1932 1932 1932 1932 1932 1932 1916 1916 1916 1933 1933 1933 1957 1957 1957 1952 1952 1952 1954 1954 1954 1957 1957 1957 1954 1954 1954 1943 1943 1943 1957 1957 1957 1958 1958 1958 1959 1959 1959 1943 1943 1943 1960 1960 1960 1957 1957 1957 1943 1943 1943 1942 1942 1942 1947 1947 1947 1959 1959 1959 1953 1953 1953 1952 1952 1952 1959 1959 1959 1952 1952 1952 1957 1957 1957 1959 1959 1959 1961 1961 1961 1956 1956 1956 1956 1956 1956 1844 1844 1844 1931 1931 1931 1956 1956 1956 1953 1953 1953 1959 1959 1959 1931 1931 1931 1955 1955 1955 1956 1956 1956 1931 1931 1931 1845 1845 1845 1932 1932 1932 1960 1960 1960 1962 1962 1962 1958 1958 1958 1960 1960 1960 1943 1943 1943 1947 1947 1947 1947 1947 1947 1876 1876 1876 1963 1963 1963 1947 1947 1947 1964 1964 1964 1960 1960 1960 1958 1958 1958 1965 1965 1965 1961 1961 1961 1958 1958 1958 1962 1962 1962 1965 1965 1965 1958 1958 1958 1957 1957 1957 1960 1960 1960 1961 1961 1961 1966 1966 1966 1844 1844 1844 1961 1961 1961 1959 1959 1959 1958 1958 1958 1961 1961 1961 1965 1965 1965 1966 1966 1966 1844 1844 1844 1835 1835 1835 1830 1830 1830 1844 1844 1844 1966 1966 1966 1835 1835 1835 1844 1844 1844 1956 1956 1956 1961 1961 1961 1844 1844 1844 1834 1834 1834 1931 1931 1931 1814 1814 1814 1820 1820 1820 1811 1811 1811 1814 1814 1814 1813 1813 1813 1937 1937 1937 1814 1814 1814 1937 1937 1937 1967 1967 1967 1823 1823 1823 1967 1967 1967 1968 1968 1968 1823 1823 1823 1969 1969 1969 1824 1824 1824 1967 1967 1967 1823 1823 1823 1814 1814 1814 1967 1967 1967 1937 1937 1937 1938 1938 1938 1967 1967 1967 1938 1938 1938 1970 1970 1970 1968 1968 1968 1970 1970 1970 1971 1971 1971 1968 1968 1968 1972 1972 1972 1969 1969 1969 1968 1968 1968 1967 1967 1967 1970 1970 1970 1970 1970 1970 1938 1938 1938 1805 1805 1805 1970 1970 1970 1805 1805 1805 1973 1973 1973 1971 1971 1971 1973 1973 1973 1974 1974 1974 1971 1971 1971 1970 1970 1970 1973 1973 1973 1973 1973 1973 1805 1805 1805 1804 1804 1804 1973 1973 1973 1804 1804 1804 1846 1846 1846 1974 1974 1974 1846 1846 1846 1852 1852 1852 1974 1974 1974 1973 1973 1973 1846 1846 1846 1824 1824 1824 1975 1975 1975 1826 1826 1826 1824 1824 1824 1820 1820 1820 1823 1823 1823 1969 1969 1969 1976 1976 1976 1975 1975 1975 1969 1969 1969 1823 1823 1823 1968 1968 1968 1972 1972 1972 1971 1971 1971 1974 1974 1974 1972 1972 1972 1968 1968 1968 1971 1971 1971 1972 1972 1972 1974 1974 1974 1977 1977 1977 1977 1977 1977 1974 1974 1974 1852 1852 1852 1977 1977 1977 1852 1852 1852 1928 1928 1928 1977 1977 1977 1928 1928 1928 1978 1978 1978 1826 1826 1826 1825 1825 1825 1824 1824 1824 1826 1826 1826 1979 1979 1979 1829 1829 1829 1975 1975 1975 1824 1824 1824 1969 1969 1969 1975 1975 1975 1980 1980 1980 1979 1979 1979 1976 1976 1976 1972 1972 1972 1977 1977 1977 1976 1976 1976 1969 1969 1969 1972 1972 1972 1976 1976 1976 1977 1977 1977 1978 1978 1978 1976 1976 1976 1981 1981 1981 1980 1980 1980 1978 1978 1978 1928 1928 1928 1929 1929 1929 1978 1978 1978 1929 1929 1929 1981 1981 1981 1829 1829 1829 1982 1982 1982 1828 1828 1828 1829 1829 1829 1827 1827 1827 1826 1826 1826 1979 1979 1979 1983 1983 1983 1982 1982 1982 1979 1979 1979 1826 1826 1826 1975 1975 1975 1980 1980 1980 1873 1873 1873 1983 1983 1983 1980 1980 1980 1975 1975 1975 1976 1976 1976 1981 1981 1981 1976 1976 1976 1978 1978 1978 1981 1981 1981 1930 1930 1930 1873 1873 1873 1981 1981 1981 1929 1929 1929 1930 1930 1930 1828 1828 1828 1821 1821 1821 1829 1829 1829 1828 1828 1828 1984 1984 1984 1819 1819 1819 1982 1982 1982 1829 1829 1829 1979 1979 1979 1982 1982 1982 1985 1985 1985 1984 1984 1984 1983 1983 1983 1979 1979 1979 1980 1980 1980 1983 1983 1983 1986 1986 1986 1985 1985 1985 1873 1873 1873 1930 1930 1930 1866 1866 1866 1873 1873 1873 1980 1980 1980 1981 1981 1981 1873 1873 1873 1868 1868 1868 1986 1986 1986 1964 1964 1964 1947 1947 1947 1963 1963 1963 1963 1963 1963 1876 1876 1876 1875 1875 1875 1962 1962 1962 1960 1960 1960 1964 1964 1964 1986 1986 1986 1983 1983 1983 1873 1873 1873 1985 1985 1985 1982 1982 1982 1983 1983 1983 1984 1984 1984 1828 1828 1828 1982 1982 1982 1819 1819 1819 1816 1816 1816 1828 1828 1828 1987 1987 1987 1988 1988 1988 1989 1989 1989 1987 1987 1987 1990 1990 1990 1991 1991 1991 1987 1987 1987 1992 1992 1992 1990 1990 1990 1987 1987 1987 1991 1991 1991 1993 1993 1993 1992 1992 1992 1987 1987 1987 1994 1994 1994 1990 1990 1990 1995 1995 1995 1996 1996 1996 1997 1997 1997 1998 1998 1998 1999 1999 1999 1997 1997 1997 1999 1999 1999 2000 2000 2000 1997 1997 1997 2001 2001 2001 2002 2002 2002 1997 1997 1997 2003 2003 2003 2004 2004 2004 2001 2001 2001 1997 1997 1997 2004 2004 2004 1998 1998 1998 1997 1997 1997 2002 2002 2002 1998 1998 1998 2005 2005 2005 2006 2006 2006 1999 1999 1999 2007 2007 2007 2008 2008 2008 1999 1999 1999 2008 2008 2008 2000 2000 2000 1999 1999 1999 1998 1998 1998 2009 2009 2009 2009 2009 2009 2006 2006 2006 2010 2010 2010 2009 2009 2009 2011 2011 2011 1999 1999 1999 2011 2011 2011 2012 2012 2012 2007 2007 2007 2011 2011 2011 2009 2009 2009 2013 2013 2013 2013 2013 2013 2010 2010 2010 2012 2012 2012 2004 2004 2004 2014 2014 2014 2001 2001 2001 2015 2015 2015 2016 2016 2016 2017 2017 2017 2015 2015 2015 2018 2018 2018 2019 2019 2019 2015 2015 2015 2020 2020 2020 2016 2016 2016 2020 2020 2020 2015 2015 2015 2019 2019 2019 2019 2019 2019 2021 2021 2021 2020 2020 2020 2019 2019 2019 2018 2018 2018 2022 2022 2022 2019 2019 2019 2022 2022 2022 2023 2023 2023 2021 2021 2021 2019 2019 2019 2023 2023 2023 2023 2023 2023 2022 2022 2022 2024 2024 2024 2023 2023 2023 2024 2024 2024 2025 2025 2025 2023 2023 2023 2026 2026 2026 2021 2021 2021 2027 2027 2027 2017 2017 2017 2028 2028 2028 2027 2027 2027 2018 2018 2018 2015 2015 2015 2027 2027 2027 2029 2029 2029 2018 2018 2018 2018 2018 2018 2029 2029 2029 2030 2030 2030 2018 2018 2018 2030 2030 2030 2022 2022 2022 1995 1995 1995 1992 1992 1992 2031 2031 2031 1995 1995 1995 2032 2032 2032 1992 1992 1992 2032 2032 2032 1995 1995 1995 1990 1990 1990 2032 2032 2032 1996 1996 1996 2033 2033 2033 1996 1996 1996 2034 2034 2034 2035 2035 2035 1996 1996 1996 2036 2036 2036 2037 2037 2037 1996 1996 1996 2035 2035 2035 2038 2038 2038 1996 1996 1996 2039 2039 2039 2034 2034 2034 1996 1996 1996 2037 2037 2037 2039 2039 2039 2040 2040 2040 2041 2041 2041 2042 2042 2042 2041 2041 2041 2043 2043 2043 2044 2044 2044 2041 2041 2041 2045 2045 2045 2046 2046 2046 2041 2041 2041 2040 2040 2040 2047 2047 2047 2041 2041 2041 2044 2044 2044 2045 2045 2045 2047 2047 2047 2048 2048 2048 2049 2049 2049 2047 2047 2047 2050 2050 2050 2051 2051 2051 2052 2052 2052 2053 2053 2053 2054 2054 2054 2052 2052 2052 2055 2055 2055 2056 2056 2056 2053 2053 2053 2057 2057 2057 2058 2058 2058 2054 2054 2054 2059 2059 2059 2060 2060 2060 2054 2054 2054 2053 2053 2053 2058 2058 2058 2058 2058 2058 2061 2061 2061 2059 2059 2059 2014 2014 2014 2004 2004 2004 2062 2062 2062 2063 2063 2063 2001 2001 2001 2014 2014 2014 2057 2057 2057 2053 2053 2053 2064 2064 2064 2057 2057 2057 2065 2065 2065 2061 2061 2061 2064 2064 2064 2066 2066 2066 2057 2057 2057 2026 2026 2026 2023 2023 2023 2025 2025 2025 2025 2025 2025 2067 2067 2067 2026 2026 2026 2068 2068 2068 2069 2069 2069 2048 2048 2048 2068 2068 2068 2070 2070 2070 2069 2069 2069 2048 2048 2048 2069 2069 2069 2049 2049 2049 2048 2048 2048 2051 2051 2051 2071 2071 2071 2072 2072 2072 2073 2073 2073 2074 2074 2074 2072 2072 2072 2075 2075 2075 2076 2076 2076 2072 2072 2072 2077 2077 2077 2073 2073 2073 2074 2074 2074 2067 2067 2067 2025 2025 2025 2074 2074 2074 2073 2073 2073 2067 2067 2067 2074 2074 2074 2024 2024 2024 2075 2075 2075 2078 2078 2078 2041 2041 2041 2077 2077 2077 2078 2078 2078 2076 2076 2076 2079 2079 2079 2078 2078 2078 2077 2077 2077 2072 2072 2072 2043 2043 2043 2078 2078 2078 2079 2079 2079 2043 2043 2043 2041 2041 2041 2078 2078 2078 2079 2079 2079 2080 2080 2080 2043 2043 2043 2081 2081 2081 2047 2047 2047 2040 2040 2040 2050 2050 2050 2047 2047 2047 2081 2081 2081 2051 2051 2051 2048 2048 2048 2047 2047 2047 2051 2051 2051 2082 2082 2082 2071 2071 2071 2071 2071 2071 2083 2083 2083 2048 2048 2048 2084 2084 2084 2085 2085 2085 2066 2066 2066 2085 2085 2085 2070 2070 2070 2068 2068 2068 2085 2085 2085 2084 2084 2084 2070 2070 2070 2066 2066 2066 2064 2064 2064 2084 2084 2084 2086 2086 2086 2087 2087 2087 2088 2088 2088 2086 2086 2086 2089 2089 2089 2090 2090 2090 2086 2086 2086 2091 2091 2091 2092 2092 2092 2086 2086 2086 2092 2092 2092 2087 2087 2087 2086 2086 2086 2088 2088 2088 2093 2093 2093 2090 2090 2090 2091 2091 2091 2086 2086 2086 2091 2091 2091 2090 2090 2090 2094 2094 2094 2091 2091 2091 2094 2094 2094 2095 2095 2095 2095 2095 2095 2092 2092 2092 2091 2091 2091 2095 2095 2095 2043 2043 2043 2080 2080 2080 2095 2095 2095 2094 2094 2094 2043 2043 2043 2080 2080 2080 2096 2096 2096 2095 2095 2095 2080 2080 2080 2079 2079 2079 2076 2076 2076 2076 2076 2076 2097 2097 2097 2080 2080 2080 2076 2076 2076 2078 2078 2078 2072 2072 2072 2092 2092 2092 2095 2095 2095 2096 2096 2096 2096 2096 2096 2080 2080 2080 2097 2097 2097 2096 2096 2096 2087 2087 2087 2092 2092 2092 2097 2097 2097 2076 2076 2076 2075 2075 2075 2097 2097 2097 2098 2098 2098 2096 2096 2096 2075 2075 2075 2072 2072 2072 2074 2074 2074 2075 2075 2075 2099 2099 2099 2097 2097 2097 2087 2087 2087 2096 2096 2096 2098 2098 2098 2087 2087 2087 2100 2100 2100 2088 2088 2088 2098 2098 2098 2097 2097 2097 2099 2099 2099 2098 2098 2098 2030 2030 2030 2100 2100 2100 2099 2099 2099 2075 2075 2075 2024 2024 2024 2024 2024 2024 2074 2074 2074 2025 2025 2025 2100 2100 2100 2087 2087 2087 2098 2098 2098 2100 2100 2100 2029 2029 2029 2101 2101 2101 2030 2030 2030 2098 2098 2098 2099 2099 2099 2022 2022 2022 2099 2099 2099 2024 2024 2024 2022 2022 2022 2030 2030 2030 2099 2099 2099 2101 2101 2101 2093 2093 2093 2088 2088 2088 2101 2101 2101 2088 2088 2088 2100 2100 2100 2029 2029 2029 2100 2100 2100 2030 2030 2030 2038 2038 2038 2033 2033 2033 1996 1996 1996 2033 2033 2033 2038 2038 2038 2102 2102 2102 2103 2103 2103 2102 2102 2102 2038 2038 2038 2103 2103 2103 2038 2038 2038 2035 2035 2035 2103 2103 2103 2104 2104 2104 2082 2082 2082 2102 2102 2102 2103 2103 2103 2051 2051 2051 2082 2082 2082 2051 2051 2051 2103 2103 2103 2082 2082 2082 2083 2083 2083 2071 2071 2071 2082 2082 2082 2105 2105 2105 2083 2083 2083 2083 2083 2083 2106 2106 2106 2068 2068 2068 2083 2083 2083 2068 2068 2068 2048 2048 2048 2035 2035 2035 2104 2104 2104 2103 2103 2103 2035 2035 2035 2107 2107 2107 2104 2104 2104 2104 2104 2104 2105 2105 2105 2082 2082 2082 2105 2105 2105 2106 2106 2106 2083 2083 2083 2105 2105 2105 2104 2104 2104 2107 2107 2107 2105 2105 2105 2107 2107 2107 2108 2108 2108 2106 2106 2106 2085 2085 2085 2068 2068 2068 2106 2106 2106 2105 2105 2105 2108 2108 2108 2106 2106 2106 2065 2065 2065 2085 2085 2085 2034 2034 2034 2109 2109 2109 2107 2107 2107 2107 2107 2107 2110 2110 2110 2108 2108 2108 2107 2107 2107 2035 2035 2035 2034 2034 2034 2108 2108 2108 2061 2061 2061 2065 2065 2065 2108 2108 2108 2065 2065 2065 2106 2106 2106 2065 2065 2065 2057 2057 2057 2066 2066 2066 2065 2065 2065 2066 2066 2066 2085 2085 2085 2039 2039 2039 2111 2111 2111 2109 2109 2109 2109 2109 2109 2034 2034 2034 2039 2039 2039 2109 2109 2109 2112 2112 2112 2110 2110 2110 2110 2110 2110 2107 2107 2107 2109 2109 2109 2110 2110 2110 2059 2059 2059 2061 2061 2061 2061 2061 2061 2108 2108 2108 2110 2110 2110 2061 2061 2061 2058 2058 2058 2057 2057 2057 2037 2037 2037 2113 2113 2113 2111 2111 2111 2111 2111 2111 2114 2114 2114 2112 2112 2112 2111 2111 2111 2039 2039 2039 2037 2037 2037 2112 2112 2112 2109 2109 2109 2111 2111 2111 2112 2112 2112 2060 2060 2060 2059 2059 2059 2059 2059 2059 2110 2110 2110 2112 2112 2112 2059 2059 2059 2054 2054 2054 2058 2058 2058 2115 2115 2115 2029 2029 2029 2027 2027 2027 2115 2115 2115 2028 2028 2028 2116 2116 2116 2115 2115 2115 2101 2101 2101 2029 2029 2029 2036 2036 2036 1995 1995 1995 2117 2117 2117 2036 2036 2036 1996 1996 1996 1995 1995 1995 2118 2118 2118 2086 2086 2086 2093 2093 2093 2118 2118 2118 2093 2093 2093 2119 2119 2119 2118 2118 2118 2120 2120 2120 2121 2121 2121 2119 2119 2119 2116 2116 2116 2120 2120 2120 2119 2119 2119 2101 2101 2101 2115 2115 2115 2119 2119 2119 2093 2093 2093 2101 2101 2101 1993 1993 1993 2086 2086 2086 2118 2118 2118 1993 1993 1993 1991 1991 1991 2086 2086 2086 1993 1993 1993 2121 2121 2121 1988 1988 1988 2060 2060 2060 2112 2112 2112 2114 2114 2114 2114 2114 2114 2111 2111 2111 2113 2113 2113 2113 2113 2113 2037 2037 2037 2036 2036 2036 2113 2113 2113 2036 2036 2036 2122 2122 2122 2003 2003 2003 2062 2062 2062 2004 2004 2004 2003 2003 2003 1997 1997 1997 2000 2000 2000 2062 2062 2062 2123 2123 2123 2014 2014 2014 2062 2062 2062 2003 2003 2003 2124 2124 2124 2125 2125 2125 2000 2000 2000 2126 2126 2126 2125 2125 2125 2124 2124 2124 2003 2003 2003 2124 2124 2124 2127 2127 2127 2128 2128 2128 2124 2124 2124 2129 2129 2129 2062 2062 2062 2127 2127 2127 2124 2124 2124 2125 2125 2125 2128 2128 2128 1994 1994 1994 1989 1989 1989 2128 2128 2128 2130 2130 2130 2124 2124 2124 1994 1994 1994 2128 2128 2128 2127 2127 2127 1989 1989 1989 1994 1994 1994 1987 1987 1987 1989 1989 1989 2131 2131 2131 2128 2128 2128 2129 2129 2129 2132 2132 2132 2123 2123 2123 2129 2129 2129 2124 2124 2124 2130 2130 2130 2132 2132 2132 2133 2133 2133 2123 2123 2123 2132 2132 2132 2129 2129 2129 2134 2134 2134 2132 2132 2132 2135 2135 2135 2136 2136 2136 2123 2123 2123 2062 2062 2062 2129 2129 2129 2123 2123 2123 2137 2137 2137 2063 2063 2063 2123 2123 2123 2063 2063 2063 2014 2014 2014 2134 2134 2134 2135 2135 2135 2132 2132 2132 2134 2134 2134 2138 2138 2138 2135 2135 2135 2134 2134 2134 2130 2130 2130 2139 2139 2139 2130 2130 2130 2134 2134 2134 2129 2129 2129 2130 2130 2130 2128 2128 2128 2131 2131 2131 2139 2139 2139 2140 2140 2140 2138 2138 2138 2139 2139 2139 2131 2131 2131 2141 2141 2141 2139 2139 2139 2138 2138 2138 2134 2134 2134 2131 2131 2131 2139 2139 2139 2130 2130 2130 2131 2131 2131 1989 1989 1989 1988 1988 1988 2141 2141 2141 2140 2140 2140 2139 2139 2139 2141 2141 2141 1988 1988 1988 2121 2121 2121 1988 1988 1988 1987 1987 1987 1993 1993 1993 1988 1988 1988 2141 2141 2141 2131 2131 2131 2121 2121 2121 1993 1993 1993 2118 2118 2118 2121 2121 2121 2140 2140 2140 2141 2141 2141 2135 2135 2135 2142 2142 2142 2143 2143 2143 2136 2136 2136 2144 2144 2144 2132 2132 2132 2136 2136 2136 2143 2143 2143 2145 2145 2145 2138 2138 2138 2140 2140 2140 2146 2146 2146 2140 2140 2140 2121 2121 2121 2120 2120 2120 2120 2120 2120 2118 2118 2118 2119 2119 2119 2120 2120 2120 2146 2146 2146 2140 2140 2140 2143 2143 2143 2147 2147 2147 2148 2148 2148 2143 2143 2143 2136 2136 2136 2135 2135 2135 2145 2145 2145 2148 2148 2148 2144 2144 2144 2142 2142 2142 2146 2146 2146 2149 2149 2149 2142 2142 2142 2135 2135 2135 2138 2138 2138 2146 2146 2146 2116 2116 2116 2028 2028 2028 2146 2146 2146 2120 2120 2120 2116 2116 2116 2146 2146 2146 2142 2142 2142 2138 2138 2138 2116 2116 2116 2119 2119 2119 2115 2115 2115 2148 2148 2148 2145 2145 2145 2143 2143 2143 2148 2148 2148 2150 2150 2150 2151 2151 2151 2144 2144 2144 2136 2136 2136 2145 2145 2145 2147 2147 2147 2142 2142 2142 2149 2149 2149 2147 2147 2147 2143 2143 2143 2142 2142 2142 2147 2147 2147 2149 2149 2149 2152 2152 2152 2149 2149 2149 2146 2146 2146 2028 2028 2028 2149 2149 2149 2028 2028 2028 2017 2017 2017 2028 2028 2028 2115 2115 2115 2027 2027 2027 2151 2151 2151 2133 2133 2133 2144 2144 2144 2151 2151 2151 2144 2144 2144 2148 2148 2148 2133 2133 2133 2132 2132 2132 2144 2144 2144 2150 2150 2150 2148 2148 2148 2147 2147 2147 2150 2150 2150 2147 2147 2147 2152 2152 2152 2152 2152 2152 2149 2149 2149 2017 2017 2017 2152 2152 2152 2153 2153 2153 2150 2150 2150 2017 2017 2017 2154 2154 2154 2152 2152 2152 2017 2017 2017 2027 2027 2027 2015 2015 2015 2000 2000 2000 2008 2008 2008 2126 2126 2126 2000 2000 2000 2125 2125 2125 2003 2003 2003 2008 2008 2008 2155 2155 2155 2126 2126 2126 2008 2008 2008 2156 2156 2156 2155 2155 2155 2126 2126 2126 2155 2155 2155 2157 2157 2157 2126 2126 2126 2127 2127 2127 2125 2125 2125 2155 2155 2155 2158 2158 2158 2159 2159 2159 2159 2159 2159 2157 2157 2157 2155 2155 2155 2159 2159 2159 2158 2158 2158 2117 2117 2117 2157 2157 2157 2159 2159 2159 2031 2031 2031 2157 2157 2157 1994 1994 1994 2127 2127 2127 2157 2157 2157 2127 2127 2127 2126 2126 2126 2117 2117 2117 2031 2031 2031 2159 2159 2159 2117 2117 2117 2122 2122 2122 2036 2036 2036 2031 2031 2031 1994 1994 1994 2157 2157 2157 2031 2031 2031 1992 1992 1992 1994 1994 1994 2031 2031 2031 2117 2117 2117 1995 1995 1995 2007 2007 2007 1999 1999 1999 2011 2011 2011 2007 2007 2007 2160 2160 2160 2156 2156 2156 2156 2156 2156 2008 2008 2008 2007 2007 2007 2156 2156 2156 2161 2161 2161 2158 2158 2158 2158 2158 2158 2155 2155 2155 2156 2156 2156 2122 2122 2122 2162 2162 2162 2113 2113 2113 2122 2122 2122 2117 2117 2117 2158 2158 2158 2012 2012 2012 2163 2163 2163 2160 2160 2160 2012 2012 2012 2011 2011 2011 2013 2013 2013 2160 2160 2160 2007 2007 2007 2012 2012 2012 2160 2160 2160 2164 2164 2164 2161 2161 2161 2161 2161 2161 2156 2156 2156 2160 2160 2160 2161 2161 2161 2122 2122 2122 2158 2158 2158 2161 2161 2161 2165 2165 2165 2162 2162 2162 2162 2162 2162 2122 2122 2122 2161 2161 2161 2162 2162 2162 2114 2114 2114 2113 2113 2113 2162 2162 2162 2165 2165 2165 2114 2114 2114 2010 2010 2010 2166 2166 2166 2163 2163 2163 2010 2010 2010 2013 2013 2013 2009 2009 2009 2163 2163 2163 2167 2167 2167 2164 2164 2164 2163 2163 2163 2012 2012 2012 2010 2010 2010 2164 2164 2164 2160 2160 2160 2163 2163 2163 2164 2164 2164 2055 2055 2055 2165 2165 2165 2165 2165 2165 2161 2161 2161 2164 2164 2164 2165 2165 2165 2060 2060 2060 2114 2114 2114 2165 2165 2165 2055 2055 2055 2060 2060 2060 2006 2006 2006 2168 2168 2168 2166 2166 2166 2006 2006 2006 2009 2009 2009 1998 1998 1998 2166 2166 2166 2169 2169 2169 2167 2167 2167 2166 2166 2166 2010 2010 2010 2006 2006 2006 2167 2167 2167 2056 2056 2056 2055 2055 2055 2167 2167 2167 2163 2163 2163 2166 2166 2166 2055 2055 2055 2164 2164 2164 2167 2167 2167 2055 2055 2055 2054 2054 2054 2060 2060 2060 2055 2055 2055 2052 2052 2052 2054 2054 2054 2137 2137 2137 2133 2133 2133 2170 2170 2170 2137 2137 2137 2123 2123 2123 2133 2133 2133 2170 2170 2170 2133 2133 2133 2151 2151 2151 2170 2170 2170 2151 2151 2151 2171 2171 2171 2171 2171 2171 2151 2151 2151 2150 2150 2150 2171 2171 2171 2150 2150 2150 2153 2153 2153 2153 2153 2153 2152 2152 2152 2154 2154 2154 2154 2154 2154 2017 2017 2017 2016 2016 2016 2056 2056 2056 2167 2167 2167 2169 2169 2169 2169 2169 2169 2166 2166 2166 2168 2168 2168 2168 2168 2168 2006 2006 2006 2005 2005 2005 2005 2005 2005 1998 1998 1998 2002 2002 2002 2172 2172 2172 2173 2173 2173 2174 2174 2174 2172 2172 2172 2175 2175 2175 2176 2176 2176 2172 2172 2172 2177 2177 2177 2178 2178 2178 2172 2172 2172 2176 2176 2176 2177 2177 2177 2175 2175 2175 2172 2172 2172 2179 2179 2179 2176 2176 2176 2180 2180 2180 2181 2181 2181 2182 2182 2182 2183 2183 2183 2184 2184 2184 2182 2182 2182 2185 2185 2185 2186 2186 2186 2182 2182 2182 2184 2184 2184 2187 2187 2187 2183 2183 2183 2188 2188 2188 2189 2189 2189 2183 2183 2183 2182 2182 2182 2190 2190 2190 2184 2184 2184 2191 2191 2191 2192 2192 2192 2184 2184 2184 2189 2189 2189 2193 2193 2193 2194 2194 2194 2195 2195 2195 2196 2196 2196 2194 2194 2194 2192 2192 2192 2197 2197 2197 2192 2192 2192 2194 2194 2194 2198 2198 2198 2192 2192 2192 2187 2187 2187 2184 2184 2184 2197 2197 2197 2199 2199 2199 2195 2195 2195 2197 2197 2197 2192 2192 2192 2200 2200 2200 2187 2187 2187 2192 2192 2192 2198 2198 2198 2187 2187 2187 2201 2201 2201 2185 2185 2185 2190 2190 2190 2186 2186 2186 2188 2188 2188 2202 2202 2202 2203 2203 2203 2204 2204 2204 2202 2202 2202 2204 2204 2204 2205 2205 2205 2202 2202 2202 2206 2206 2206 2207 2207 2207 2203 2203 2203 2202 2202 2202 2207 2207 2207 2207 2207 2207 2208 2208 2208 2209 2209 2209 2207 2207 2207 2210 2210 2210 2203 2203 2203 2207 2207 2207 2206 2206 2206 2208 2208 2208 2210 2210 2210 2207 2207 2207 2209 2209 2209 2209 2209 2209 2208 2208 2208 2211 2211 2211 2209 2209 2209 2212 2212 2212 2210 2210 2210 2209 2209 2209 2211 2211 2211 2213 2213 2213 2214 2214 2214 2205 2205 2205 2215 2215 2215 2214 2214 2214 2206 2206 2206 2202 2202 2202 2214 2214 2214 2216 2216 2216 2206 2206 2206 2206 2206 2206 2216 2216 2216 2217 2217 2217 2206 2206 2206 2217 2217 2217 2208 2208 2208 2180 2180 2180 2175 2175 2175 2218 2218 2218 2180 2180 2180 2219 2219 2219 2175 2175 2175 2219 2219 2219 2181 2181 2181 2220 2220 2220 2219 2219 2219 2180 2180 2180 2176 2176 2176 2181 2181 2181 2221 2221 2221 2222 2222 2222 2181 2181 2181 2222 2222 2222 2223 2223 2223 2181 2181 2181 2223 2223 2223 2224 2224 2224 2181 2181 2181 2225 2225 2225 2221 2221 2221 2181 2181 2181 2226 2226 2226 2225 2225 2225 2227 2227 2227 2228 2228 2228 2229 2229 2229 2230 2230 2230 2229 2229 2229 2228 2228 2228 2230 2230 2230 2231 2231 2231 2232 2232 2232 2233 2233 2233 2234 2234 2234 2235 2235 2235 2233 2233 2233 2236 2236 2236 2237 2237 2237 2234 2234 2234 2238 2238 2238 2239 2239 2239 2235 2235 2235 2234 2234 2234 2239 2239 2239 2235 2235 2235 2240 2240 2240 2241 2241 2241 2239 2239 2239 2242 2242 2242 2240 2240 2240 2195 2195 2195 2194 2194 2194 2197 2197 2197 2238 2238 2238 2234 2234 2234 2243 2243 2243 2238 2238 2238 2244 2244 2244 2242 2242 2242 2243 2243 2243 2245 2245 2245 2238 2238 2238 2212 2212 2212 2209 2209 2209 2213 2213 2213 2212 2212 2212 2213 2213 2213 2246 2246 2246 2247 2247 2247 2248 2248 2248 2249 2249 2249 2247 2247 2247 2230 2230 2230 2248 2248 2248 2248 2248 2248 2232 2232 2232 2250 2250 2250 2248 2248 2248 2251 2251 2251 2252 2252 2252 2249 2249 2249 2248 2248 2248 2252 2252 2252 2249 2249 2249 2252 2252 2252 2253 2253 2253 2252 2252 2252 2254 2254 2254 2255 2255 2255 2246 2246 2246 2213 2213 2213 2256 2256 2256 2246 2246 2246 2256 2256 2256 2257 2257 2257 2256 2256 2256 2211 2211 2211 2258 2258 2258 2257 2257 2257 2256 2256 2256 2259 2259 2259 2257 2257 2257 2259 2259 2259 2260 2260 2260 2259 2259 2259 2258 2258 2258 2261 2261 2261 2260 2260 2260 2259 2259 2259 2262 2262 2262 2260 2260 2260 2263 2263 2263 2227 2227 2227 2260 2260 2260 2264 2264 2264 2263 2263 2263 2264 2264 2264 2260 2260 2260 2262 2262 2262 2264 2264 2264 2262 2262 2262 2265 2265 2265 2263 2263 2263 2266 2266 2266 2227 2227 2227 2262 2262 2262 2261 2261 2261 2267 2267 2267 2265 2265 2265 2268 2268 2268 2269 2269 2269 2265 2265 2265 2262 2262 2262 2267 2267 2267 2267 2267 2267 2270 2270 2270 2265 2265 2265 2232 2232 2232 2248 2248 2248 2230 2230 2230 2232 2232 2232 2271 2271 2271 2272 2272 2272 2231 2231 2231 2230 2230 2230 2273 2273 2273 2273 2273 2273 2230 2230 2230 2228 2228 2228 2250 2250 2250 2272 2272 2272 2251 2251 2251 2253 2253 2253 2252 2252 2252 2255 2255 2255 2253 2253 2253 2255 2255 2255 2274 2274 2274 2255 2255 2255 2244 2244 2244 2245 2245 2245 2274 2274 2274 2255 2255 2255 2245 2245 2245 2245 2245 2245 2243 2243 2243 2274 2274 2274 2275 2275 2275 2276 2276 2276 2277 2277 2277 2275 2275 2275 2278 2278 2278 2279 2279 2279 2275 2275 2275 2280 2280 2280 2281 2281 2281 2275 2275 2275 2281 2281 2281 2282 2282 2282 2275 2275 2275 2279 2279 2279 2280 2280 2280 2277 2277 2277 2278 2278 2278 2275 2275 2275 2278 2278 2278 2269 2269 2269 2268 2268 2268 2278 2278 2278 2277 2277 2277 2269 2269 2269 2268 2268 2268 2279 2279 2279 2278 2278 2278 2268 2268 2268 2265 2265 2265 2270 2270 2270 2270 2270 2270 2267 2267 2267 2261 2261 2261 2270 2270 2270 2283 2283 2283 2268 2268 2268 2261 2261 2261 2284 2284 2284 2270 2270 2270 2261 2261 2261 2262 2262 2262 2259 2259 2259 2279 2279 2279 2268 2268 2268 2283 2283 2283 2283 2283 2283 2270 2270 2270 2284 2284 2284 2283 2283 2283 2280 2280 2280 2279 2279 2279 2284 2284 2284 2261 2261 2261 2258 2258 2258 2284 2284 2284 2285 2285 2285 2283 2283 2283 2258 2258 2258 2286 2286 2286 2284 2284 2284 2258 2258 2258 2259 2259 2259 2256 2256 2256 2280 2280 2280 2283 2283 2283 2285 2285 2285 2280 2280 2280 2287 2287 2287 2281 2281 2281 2285 2285 2285 2217 2217 2217 2287 2287 2287 2285 2285 2285 2284 2284 2284 2286 2286 2286 2286 2286 2286 2258 2258 2258 2211 2211 2211 2211 2211 2211 2256 2256 2256 2213 2213 2213 2287 2287 2287 2216 2216 2216 2288 2288 2288 2287 2287 2287 2280 2280 2280 2285 2285 2285 2217 2217 2217 2285 2285 2285 2286 2286 2286 2208 2208 2208 2286 2286 2286 2211 2211 2211 2208 2208 2208 2217 2217 2217 2286 2286 2286 2288 2288 2288 2281 2281 2281 2287 2287 2287 2288 2288 2288 2282 2282 2282 2281 2281 2281 2216 2216 2216 2287 2287 2287 2217 2217 2217 2224 2224 2224 2220 2220 2220 2181 2181 2181 2220 2220 2220 2224 2224 2224 2289 2289 2289 2271 2271 2271 2289 2289 2289 2224 2224 2224 2271 2271 2271 2224 2224 2224 2223 2223 2223 2271 2271 2271 2290 2290 2290 2272 2272 2272 2289 2289 2289 2271 2271 2271 2232 2232 2232 2272 2272 2272 2250 2250 2250 2232 2232 2232 2251 2251 2251 2291 2291 2291 2254 2254 2254 2251 2251 2251 2248 2248 2248 2250 2250 2250 2223 2223 2223 2290 2290 2290 2271 2271 2271 2223 2223 2223 2292 2292 2292 2290 2290 2290 2290 2290 2290 2291 2291 2291 2272 2272 2272 2291 2291 2291 2292 2292 2292 2293 2293 2293 2291 2291 2291 2290 2290 2290 2292 2292 2292 2291 2291 2291 2251 2251 2251 2272 2272 2272 2254 2254 2254 2293 2293 2293 2244 2244 2244 2254 2254 2254 2252 2252 2252 2251 2251 2251 2222 2222 2222 2294 2294 2294 2292 2292 2292 2292 2292 2292 2295 2295 2295 2293 2293 2293 2292 2292 2292 2223 2223 2223 2222 2222 2222 2293 2293 2293 2242 2242 2242 2244 2244 2244 2293 2293 2293 2254 2254 2254 2291 2291 2291 2244 2244 2244 2238 2238 2238 2245 2245 2245 2244 2244 2244 2255 2255 2255 2254 2254 2254 2221 2221 2221 2296 2296 2296 2294 2294 2294 2294 2294 2294 2222 2222 2222 2221 2221 2221 2294 2294 2294 2297 2297 2297 2295 2295 2295 2295 2295 2295 2292 2292 2292 2294 2294 2294 2295 2295 2295 2240 2240 2240 2242 2242 2242 2242 2242 2242 2239 2239 2239 2238 2238 2238 2242 2242 2242 2293 2293 2293 2295 2295 2295 2225 2225 2225 2298 2298 2298 2296 2296 2296 2296 2296 2296 2221 2221 2221 2225 2225 2225 2296 2296 2296 2299 2299 2299 2297 2297 2297 2297 2297 2297 2241 2241 2241 2240 2240 2240 2297 2297 2297 2294 2294 2294 2296 2296 2296 2240 2240 2240 2235 2235 2235 2239 2239 2239 2240 2240 2240 2295 2295 2295 2297 2297 2297 2300 2300 2300 2216 2216 2216 2214 2214 2214 2300 2300 2300 2215 2215 2215 2301 2301 2301 2300 2300 2300 2288 2288 2288 2216 2216 2216 2226 2226 2226 2181 2181 2181 2180 2180 2180 2226 2226 2226 2180 2180 2180 2302 2302 2302 2303 2303 2303 2282 2282 2282 2304 2304 2304 2303 2303 2303 2275 2275 2275 2282 2282 2282 2303 2303 2303 2305 2305 2305 2306 2306 2306 2304 2304 2304 2282 2282 2282 2288 2288 2288 2304 2304 2304 2301 2301 2301 2305 2305 2305 2304 2304 2304 2288 2288 2288 2300 2300 2300 2178 2178 2178 2306 2306 2306 2173 2173 2173 2178 2178 2178 2177 2177 2177 2275 2275 2275 2178 2178 2178 2275 2275 2275 2303 2303 2303 2241 2241 2241 2297 2297 2297 2299 2299 2299 2299 2299 2299 2296 2296 2296 2298 2298 2298 2298 2298 2298 2225 2225 2225 2226 2226 2226 2298 2298 2298 2226 2226 2226 2307 2307 2307 2199 2199 2199 2308 2308 2308 2195 2195 2195 2199 2199 2199 2197 2197 2197 2200 2200 2200 2200 2200 2200 2191 2191 2191 2309 2309 2309 2200 2200 2200 2310 2310 2310 2199 2199 2199 2310 2310 2310 2311 2311 2311 2199 2199 2199 2310 2310 2310 2312 2312 2312 2313 2313 2313 2310 2310 2310 2200 2200 2200 2309 2309 2309 2312 2312 2312 2310 2310 2310 2309 2309 2309 2313 2313 2313 2314 2314 2314 2310 2310 2310 2313 2313 2313 2179 2179 2179 2174 2174 2174 2179 2179 2179 2313 2313 2313 2312 2312 2312 2174 2174 2174 2315 2315 2315 2313 2313 2313 2174 2174 2174 2179 2179 2179 2172 2172 2172 2311 2311 2311 2310 2310 2310 2314 2314 2314 2311 2311 2311 2316 2316 2316 2308 2308 2308 2316 2316 2316 2317 2317 2317 2308 2308 2308 2316 2316 2316 2311 2311 2311 2318 2318 2318 2308 2308 2308 2199 2199 2199 2311 2311 2311 2308 2308 2308 2319 2319 2319 2196 2196 2196 2308 2308 2308 2196 2196 2196 2195 2195 2195 2318 2318 2318 2314 2314 2314 2320 2320 2320 2314 2314 2314 2313 2313 2313 2315 2315 2315 2314 2314 2314 2318 2318 2318 2311 2311 2311 2320 2320 2320 2315 2315 2315 2321 2321 2321 2315 2315 2315 2174 2174 2174 2173 2173 2173 2315 2315 2315 2320 2320 2320 2314 2314 2314 2321 2321 2321 2173 2173 2173 2306 2306 2306 2173 2173 2173 2172 2172 2172 2178 2178 2178 2173 2173 2173 2321 2321 2321 2315 2315 2315 2306 2306 2306 2178 2178 2178 2303 2303 2303 2306 2306 2306 2322 2322 2322 2321 2321 2321 2323 2323 2323 2316 2316 2316 2318 2318 2318 2323 2323 2323 2324 2324 2324 2325 2325 2325 2323 2323 2323 2326 2326 2326 2316 2316 2316 2326 2326 2326 2327 2327 2327 2316 2316 2316 2326 2326 2326 2323 2323 2323 2328 2328 2328 2324 2324 2324 2323 2323 2323 2318 2318 2318 2324 2324 2324 2318 2318 2318 2320 2320 2320 2324 2324 2324 2322 2322 2322 2329 2329 2329 2322 2322 2322 2324 2324 2324 2320 2320 2320 2322 2322 2322 2320 2320 2320 2321 2321 2321 2322 2322 2322 2306 2306 2306 2305 2305 2305 2305 2305 2305 2303 2303 2303 2304 2304 2304 2305 2305 2305 2329 2329 2329 2322 2322 2322 2328 2328 2328 2330 2330 2330 2326 2326 2326 2328 2328 2328 2323 2323 2323 2325 2325 2325 2328 2328 2328 2331 2331 2331 2332 2332 2332 2328 2328 2328 2325 2325 2325 2331 2331 2331 2330 2330 2330 2328 2328 2328 2332 2332 2332 2330 2330 2330 2332 2332 2332 2327 2327 2327 2325 2325 2325 2329 2329 2329 2333 2333 2333 2329 2329 2329 2305 2305 2305 2301 2301 2301 2329 2329 2329 2301 2301 2301 2215 2215 2215 2329 2329 2329 2325 2325 2325 2324 2324 2324 2301 2301 2301 2304 2304 2304 2300 2300 2300 2332 2332 2332 2334 2334 2334 2335 2335 2335 2332 2332 2332 2335 2335 2335 2327 2327 2327 2327 2327 2327 2326 2326 2326 2330 2330 2330 2327 2327 2327 2335 2335 2335 2317 2317 2317 2331 2331 2331 2325 2325 2325 2333 2333 2333 2331 2331 2331 2333 2333 2333 2336 2336 2336 2331 2331 2331 2334 2334 2334 2332 2332 2332 2333 2333 2333 2215 2215 2215 2205 2205 2205 2333 2333 2333 2329 2329 2329 2215 2215 2215 2215 2215 2215 2300 2300 2300 2214 2214 2214 2335 2335 2335 2337 2337 2337 2338 2338 2338 2335 2335 2335 2338 2338 2338 2317 2317 2317 2317 2317 2317 2316 2316 2316 2327 2327 2327 2317 2317 2317 2338 2338 2338 2319 2319 2319 2334 2334 2334 2331 2331 2331 2336 2336 2336 2334 2334 2334 2337 2337 2337 2335 2335 2335 2336 2336 2336 2339 2339 2339 2334 2334 2334 2336 2336 2336 2333 2333 2333 2205 2205 2205 2205 2205 2205 2340 2340 2340 2336 2336 2336 2205 2205 2205 2214 2214 2214 2202 2202 2202 2191 2191 2191 2200 2200 2200 2192 2192 2192 2191 2191 2191 2184 2184 2184 2193 2193 2193 2193 2193 2193 2341 2341 2341 2342 2342 2342 2193 2193 2193 2343 2343 2343 2191 2191 2191 2343 2343 2343 2193 2193 2193 2342 2342 2342 2343 2343 2343 2309 2309 2309 2191 2191 2191 2343 2343 2343 2312 2312 2312 2309 2309 2309 2343 2343 2343 2342 2342 2342 2344 2344 2344 2342 2342 2342 2345 2345 2345 2346 2346 2346 2346 2346 2346 2345 2345 2345 2302 2302 2302 2346 2346 2346 2344 2344 2344 2342 2342 2342 2344 2344 2344 2346 2346 2346 2218 2218 2218 2344 2344 2344 2312 2312 2312 2343 2343 2343 2344 2344 2344 2179 2179 2179 2312 2312 2312 2302 2302 2302 2307 2307 2307 2226 2226 2226 2302 2302 2302 2218 2218 2218 2346 2346 2346 2218 2218 2218 2302 2302 2302 2180 2180 2180 2218 2218 2218 2175 2175 2175 2179 2179 2179 2218 2218 2218 2179 2179 2179 2344 2344 2344 2189 2189 2189 2184 2184 2184 2183 2183 2183 2189 2189 2189 2347 2347 2347 2341 2341 2341 2341 2341 2341 2348 2348 2348 2345 2345 2345 2341 2341 2341 2193 2193 2193 2189 2189 2189 2345 2345 2345 2342 2342 2342 2341 2341 2341 2307 2307 2307 2349 2349 2349 2298 2298 2298 2307 2307 2307 2302 2302 2302 2345 2345 2345 2188 2188 2188 2183 2183 2183 2190 2190 2190 2188 2188 2188 2350 2350 2350 2347 2347 2347 2347 2347 2347 2351 2351 2351 2348 2348 2348 2347 2347 2347 2189 2189 2189 2188 2188 2188 2348 2348 2348 2352 2352 2352 2349 2349 2349 2348 2348 2348 2341 2341 2341 2347 2347 2347 2348 2348 2348 2307 2307 2307 2345 2345 2345 2349 2349 2349 2352 2352 2352 2299 2299 2299 2349 2349 2349 2307 2307 2307 2348 2348 2348 2349 2349 2349 2299 2299 2299 2298 2298 2298 2186 2186 2186 2190 2190 2190 2182 2182 2182 2186 2186 2186 2353 2353 2353 2350 2350 2350 2350 2350 2350 2188 2188 2188 2186 2186 2186 2350 2350 2350 2354 2354 2354 2351 2351 2351 2351 2351 2351 2236 2236 2236 2352 2352 2352 2351 2351 2351 2347 2347 2347 2350 2350 2350 2352 2352 2352 2236 2236 2236 2241 2241 2241 2352 2352 2352 2348 2348 2348 2351 2351 2351 2352 2352 2352 2241 2241 2241 2299 2299 2299 2185 2185 2185 2182 2182 2182 2187 2187 2187 2185 2185 2185 2355 2355 2355 2353 2353 2353 2353 2353 2353 2356 2356 2356 2354 2354 2354 2353 2353 2353 2186 2186 2186 2185 2185 2185 2354 2354 2354 2237 2237 2237 2236 2236 2236 2354 2354 2354 2350 2350 2350 2353 2353 2353 2236 2236 2236 2233 2233 2233 2235 2235 2235 2236 2236 2236 2235 2235 2235 2241 2241 2241 2236 2236 2236 2351 2351 2351 2354 2354 2354 2319 2319 2319 2308 2308 2308 2317 2317 2317 2337 2337 2337 2334 2334 2334 2339 2339 2339 2339 2339 2339 2336 2336 2336 2340 2340 2340 2340 2340 2340 2205 2205 2205 2204 2204 2204 2237 2237 2237 2354 2354 2354 2356 2356 2356 2356 2356 2356 2353 2353 2353 2355 2355 2355 2355 2355 2355 2185 2185 2185 2201 2201 2201 2201 2201 2201 2187 2187 2187 2198 2198 2198 2357 2357 2357 2358 2358 2358 2359 2359 2359 2357 2357 2357 2360 2360 2360 2361 2361 2361 2357 2357 2357 2362 2362 2362 2363 2363 2363 2362 2362 2362 2357 2357 2357 2364 2364 2364 2364 2364 2364 2359 2359 2359 2365 2365 2365 2366 2366 2366 2367 2367 2367 2368 2368 2368 2366 2366 2366 2369 2369 2369 2370 2370 2370 2366 2366 2366 2368 2368 2368 2369 2369 2369 2367 2367 2367 2371 2371 2371 2368 2368 2368 2367 2367 2367 2372 2372 2372 2373 2373 2373 2372 2372 2372 2374 2374 2374 2375 2375 2375 2372 2372 2372 2367 2367 2367 2366 2366 2366 2375 2375 2375 2373 2373 2373 2372 2372 2372 2375 2375 2375 2376 2376 2376 2377 2377 2377 2373 2373 2373 2375 2375 2375 2377 2377 2377 2373 2373 2373 2378 2378 2378 2367 2367 2367 2377 2377 2377 2379 2379 2379 2373 2373 2373 2380 2380 2380 2381 2381 2381 2382 2382 2382 2380 2380 2380 2383 2383 2383 2384 2384 2384 2383 2383 2383 2380 2380 2380 2385 2385 2385 2384 2384 2384 2386 2386 2386 2387 2387 2387 2384 2384 2384 2388 2388 2388 2381 2381 2381 2384 2384 2384 2383 2383 2383 2386 2386 2386 2387 2387 2387 2389 2389 2389 2390 2390 2390 2387 2387 2387 2386 2386 2386 2389 2389 2389 2387 2387 2387 2391 2391 2391 2388 2388 2388 2381 2381 2381 2380 2380 2380 2384 2384 2384 2381 2381 2381 2392 2392 2392 2393 2393 2393 2382 2382 2382 2394 2394 2394 2380 2380 2380 2382 2382 2382 2393 2393 2393 2395 2395 2395 2396 2396 2396 2363 2363 2363 2397 2397 2397 2396 2396 2396 2397 2397 2397 2398 2398 2398 2397 2397 2397 2363 2363 2363 2362 2362 2362 2398 2398 2398 2397 2397 2397 2399 2399 2399 2398 2398 2398 2399 2399 2399 2400 2400 2400 2398 2398 2398 2400 2400 2400 2401 2401 2401 2398 2398 2398 2401 2401 2401 2402 2402 2402 2398 2398 2398 2402 2402 2402 2403 2403 2403 2398 2398 2398 2403 2403 2403 2404 2404 2404 2398 2398 2398 2405 2405 2405 2396 2396 2396 2406 2406 2406 2407 2407 2407 2408 2408 2408 2407 2407 2407 2409 2409 2409 2410 2410 2410 2407 2407 2407 2411 2411 2411 2412 2412 2412 2407 2407 2407 2406 2406 2406 2409 2409 2409 2408 2408 2408 2413 2413 2413 2406 2406 2406 2408 2408 2408 2414 2414 2414 2413 2413 2413 2408 2408 2408 2415 2415 2415 2414 2414 2414 2408 2408 2408 2416 2416 2416 2415 2415 2415 2417 2417 2417 2418 2418 2418 2419 2419 2419 2417 2417 2417 2420 2420 2420 2421 2421 2421 2418 2418 2418 2417 2417 2417 2421 2421 2421 2418 2418 2418 2422 2422 2422 2423 2423 2423 2418 2418 2418 2421 2421 2421 2422 2422 2422 2419 2419 2419 2424 2424 2424 2417 2417 2417 2421 2421 2421 2425 2425 2425 2422 2422 2422 2426 2426 2426 2369 2369 2369 2427 2427 2427 2426 2426 2426 2370 2370 2370 2369 2369 2369 2422 2422 2422 2428 2428 2428 2429 2429 2429 2423 2423 2423 2429 2429 2429 2430 2430 2430 2423 2423 2423 2422 2422 2422 2429 2429 2429 2390 2390 2390 2389 2389 2389 2431 2431 2431 2432 2432 2432 2433 2433 2433 2434 2434 2434 2433 2433 2433 2435 2435 2435 2436 2436 2436 2433 2433 2433 2408 2408 2408 2434 2434 2434 2433 2433 2433 2432 2432 2432 2435 2435 2435 2435 2435 2435 2437 2437 2437 2436 2436 2436 2435 2435 2435 2438 2438 2438 2439 2439 2439 2435 2435 2435 2439 2439 2439 2437 2437 2437 2440 2440 2440 2391 2391 2391 2390 2390 2390 2440 2440 2440 2431 2431 2431 2441 2441 2441 2431 2431 2431 2440 2440 2440 2390 2390 2390 2441 2441 2441 2442 2442 2442 2440 2440 2440 2442 2442 2442 2441 2441 2441 2412 2412 2412 2442 2442 2442 2443 2443 2443 2440 2440 2440 2444 2444 2444 2407 2407 2407 2410 2410 2410 2411 2411 2411 2445 2445 2445 2446 2446 2446 2411 2411 2411 2447 2447 2447 2442 2442 2442 2412 2412 2412 2411 2411 2411 2442 2442 2442 2445 2445 2445 2411 2411 2411 2407 2407 2407 2445 2445 2445 2407 2407 2407 2444 2444 2444 2445 2445 2445 2448 2448 2448 2449 2449 2449 2446 2446 2446 2449 2449 2449 2447 2447 2447 2416 2416 2416 2408 2408 2408 2433 2433 2433 2416 2416 2416 2450 2450 2450 2451 2451 2451 2416 2416 2416 2433 2433 2433 2452 2452 2452 2452 2452 2452 2436 2436 2436 2450 2450 2450 2430 2430 2430 2439 2439 2439 2438 2438 2438 2439 2439 2439 2429 2429 2429 2428 2428 2428 2439 2439 2439 2430 2430 2430 2429 2429 2429 2439 2439 2439 2428 2428 2428 2437 2437 2437 2438 2438 2438 2435 2435 2435 2432 2432 2432 2453 2453 2453 2454 2454 2454 2455 2455 2455 2453 2453 2453 2456 2456 2456 2365 2365 2365 2453 2453 2453 2457 2457 2457 2454 2454 2454 2453 2453 2453 2458 2458 2458 2457 2457 2457 2453 2453 2453 2459 2459 2459 2458 2458 2458 2453 2453 2453 2455 2455 2455 2460 2460 2460 2456 2456 2456 2453 2453 2453 2460 2460 2460 2460 2460 2460 2461 2461 2461 2456 2456 2456 2461 2461 2461 2460 2460 2460 2448 2448 2448 2448 2448 2448 2445 2445 2445 2461 2461 2461 2448 2448 2448 2455 2455 2455 2462 2462 2462 2449 2449 2449 2462 2462 2462 2463 2463 2463 2449 2449 2449 2446 2446 2446 2445 2445 2445 2447 2447 2447 2463 2463 2463 2443 2443 2443 2447 2447 2447 2411 2411 2411 2446 2446 2446 2455 2455 2455 2448 2448 2448 2460 2460 2460 2462 2462 2462 2449 2449 2449 2448 2448 2448 2462 2462 2462 2454 2454 2454 2464 2464 2464 2463 2463 2463 2464 2464 2464 2465 2465 2465 2463 2463 2463 2447 2447 2447 2449 2449 2449 2443 2443 2443 2465 2465 2465 2391 2391 2391 2443 2443 2443 2442 2442 2442 2447 2447 2447 2454 2454 2454 2462 2462 2462 2455 2455 2455 2464 2464 2464 2454 2454 2454 2466 2466 2466 2464 2464 2464 2463 2463 2463 2462 2462 2462 2465 2465 2465 2443 2443 2443 2463 2463 2463 2465 2465 2465 2388 2388 2388 2391 2391 2391 2391 2391 2391 2440 2440 2440 2443 2443 2443 2391 2391 2391 2387 2387 2387 2390 2390 2390 2457 2457 2457 2467 2467 2467 2466 2466 2466 2466 2466 2466 2393 2393 2393 2392 2392 2392 2466 2466 2466 2454 2454 2454 2457 2457 2457 2392 2392 2392 2465 2465 2465 2464 2464 2464 2392 2392 2392 2464 2464 2464 2466 2466 2466 2392 2392 2392 2381 2381 2381 2388 2388 2388 2388 2388 2388 2465 2465 2465 2392 2392 2392 2388 2388 2388 2384 2384 2384 2387 2387 2387 2458 2458 2458 2468 2468 2468 2467 2467 2467 2467 2467 2467 2457 2457 2457 2458 2458 2458 2467 2467 2467 2395 2395 2395 2393 2393 2393 2393 2393 2393 2382 2382 2382 2381 2381 2381 2393 2393 2393 2466 2466 2466 2467 2467 2467 2400 2400 2400 2469 2469 2469 2451 2451 2451 2400 2400 2400 2399 2399 2399 2469 2469 2469 2451 2451 2451 2401 2401 2401 2400 2400 2400 2451 2451 2451 2469 2469 2469 2416 2416 2416 2450 2450 2450 2416 2416 2416 2452 2452 2452 2450 2450 2450 2470 2470 2470 2451 2451 2451 2436 2436 2436 2452 2452 2452 2433 2433 2433 2436 2436 2436 2471 2471 2471 2450 2450 2450 2436 2436 2436 2437 2437 2437 2471 2471 2471 2401 2401 2401 2472 2472 2472 2402 2402 2402 2401 2401 2401 2451 2451 2451 2470 2470 2470 2470 2470 2470 2450 2450 2450 2471 2471 2471 2471 2471 2471 2472 2472 2472 2470 2470 2470 2402 2402 2402 2473 2473 2473 2403 2403 2403 2472 2472 2472 2471 2471 2471 2474 2474 2474 2472 2472 2472 2475 2475 2475 2473 2473 2473 2472 2472 2472 2401 2401 2401 2470 2470 2470 2474 2474 2474 2425 2425 2425 2475 2475 2475 2474 2474 2474 2471 2471 2471 2437 2437 2437 2428 2428 2428 2422 2422 2422 2425 2425 2425 2428 2428 2428 2474 2474 2474 2437 2437 2437 2403 2403 2403 2476 2476 2476 2404 2404 2404 2473 2473 2473 2402 2402 2402 2472 2472 2472 2473 2473 2473 2477 2477 2477 2476 2476 2476 2475 2475 2475 2472 2472 2472 2474 2474 2474 2475 2475 2475 2420 2420 2420 2477 2477 2477 2425 2425 2425 2474 2474 2474 2428 2428 2428 2425 2425 2425 2421 2421 2421 2420 2420 2420 2404 2404 2404 2478 2478 2478 2405 2405 2405 2476 2476 2476 2403 2403 2403 2473 2473 2473 2476 2476 2476 2479 2479 2479 2478 2478 2478 2477 2477 2477 2480 2480 2480 2479 2479 2479 2477 2477 2477 2473 2473 2473 2475 2475 2475 2420 2420 2420 2417 2417 2417 2480 2480 2480 2420 2420 2420 2475 2475 2475 2425 2425 2425 2395 2395 2395 2467 2467 2467 2468 2468 2468 2395 2395 2395 2481 2481 2481 2382 2382 2382 2405 2405 2405 2398 2398 2398 2404 2404 2404 2468 2468 2468 2458 2458 2458 2459 2459 2459 2468 2468 2468 2482 2482 2482 2395 2395 2395 2459 2459 2459 2483 2483 2483 2468 2468 2468 2459 2459 2459 2453 2453 2453 2359 2359 2359 2359 2359 2359 2484 2484 2484 2459 2459 2459 2359 2359 2359 2364 2364 2364 2357 2357 2357 2359 2359 2359 2453 2453 2453 2365 2365 2365 2480 2480 2480 2477 2477 2477 2420 2420 2420 2479 2479 2479 2476 2476 2476 2477 2477 2477 2478 2478 2478 2404 2404 2404 2476 2476 2476 2485 2485 2485 2486 2486 2486 2487 2487 2487 2485 2485 2485 2488 2488 2488 2370 2370 2370 2485 2485 2485 2370 2370 2370 2426 2426 2426 2488 2488 2488 2366 2366 2366 2370 2370 2370 2488 2488 2488 2489 2489 2489 2366 2366 2366 2490 2490 2490 2487 2487 2487 2491 2491 2491 2490 2490 2490 2492 2492 2492 2493 2493 2493 2490 2490 2490 2493 2493 2493 2488 2488 2488 2490 2490 2490 2488 2488 2488 2485 2485 2485 2493 2493 2493 2489 2489 2489 2488 2488 2488 2493 2493 2493 2494 2494 2494 2489 2489 2489 2492 2492 2492 2490 2490 2490 2495 2495 2495 2495 2495 2495 2491 2491 2491 2496 2496 2496 2495 2495 2495 2360 2360 2360 2492 2492 2492 2360 2360 2360 2357 2357 2357 2363 2363 2363 2360 2360 2360 2495 2495 2495 2361 2361 2361 2361 2361 2361 2496 2496 2496 2358 2358 2358 2487 2487 2487 2490 2490 2490 2485 2485 2485 2487 2487 2487 2497 2497 2497 2498 2498 2498 2497 2497 2497 2487 2487 2487 2486 2486 2486 2497 2497 2497 2499 2499 2499 2500 2500 2500 2497 2497 2497 2501 2501 2501 2498 2498 2498 2498 2498 2498 2502 2502 2502 2503 2503 2503 2498 2498 2498 2491 2491 2491 2487 2487 2487 2486 2486 2486 2485 2485 2485 2426 2426 2426 2486 2486 2486 2426 2426 2426 2427 2427 2427 2486 2486 2486 2504 2504 2504 2497 2497 2497 2491 2491 2491 2495 2495 2495 2490 2490 2490 2491 2491 2491 2498 2498 2498 2503 2503 2503 2503 2503 2503 2505 2505 2505 2506 2506 2506 2503 2503 2503 2496 2496 2496 2491 2491 2491 2496 2496 2496 2361 2361 2361 2495 2495 2495 2496 2496 2496 2503 2503 2503 2506 2506 2506 2506 2506 2506 2358 2358 2358 2496 2496 2496 2358 2358 2358 2506 2506 2506 2484 2484 2484 2358 2358 2358 2357 2357 2357 2361 2361 2361 2484 2484 2484 2359 2359 2359 2358 2358 2358 2484 2484 2484 2505 2505 2505 2483 2483 2483 2501 2501 2501 2497 2497 2497 2500 2500 2500 2501 2501 2501 2507 2507 2507 2502 2502 2502 2500 2500 2500 2508 2508 2508 2501 2501 2501 2500 2500 2500 2499 2499 2499 2509 2509 2509 2502 2502 2502 2498 2498 2498 2501 2501 2501 2502 2502 2502 2510 2510 2510 2505 2505 2505 2505 2505 2505 2503 2503 2503 2502 2502 2502 2505 2505 2505 2484 2484 2484 2506 2506 2506 2483 2483 2483 2510 2510 2510 2482 2482 2482 2483 2483 2483 2459 2459 2459 2484 2484 2484 2508 2508 2508 2500 2500 2500 2509 2509 2509 2508 2508 2508 2511 2511 2511 2507 2507 2507 2509 2509 2509 2512 2512 2512 2508 2508 2508 2507 2507 2507 2513 2513 2513 2510 2510 2510 2507 2507 2507 2501 2501 2501 2508 2508 2508 2510 2510 2510 2481 2481 2481 2482 2482 2482 2510 2510 2510 2483 2483 2483 2505 2505 2505 2510 2510 2510 2502 2502 2502 2507 2507 2507 2482 2482 2482 2468 2468 2468 2483 2483 2483 2499 2499 2499 2514 2514 2514 2512 2512 2512 2499 2499 2499 2504 2504 2504 2514 2514 2514 2499 2499 2499 2512 2512 2512 2509 2509 2509 2499 2499 2499 2497 2497 2497 2504 2504 2504 2512 2512 2512 2514 2514 2514 2515 2515 2515 2512 2512 2512 2515 2515 2515 2511 2511 2511 2512 2512 2512 2511 2511 2511 2508 2508 2508 2511 2511 2511 2516 2516 2516 2513 2513 2513 2513 2513 2513 2507 2507 2507 2511 2511 2511 2513 2513 2513 2394 2394 2394 2481 2481 2481 2481 2481 2481 2510 2510 2510 2513 2513 2513 2481 2481 2481 2395 2395 2395 2482 2482 2482 2504 2504 2504 2486 2486 2486 2517 2517 2517 2504 2504 2504 2517 2517 2517 2518 2518 2518 2514 2514 2514 2518 2518 2518 2519 2519 2519 2515 2515 2515 2520 2520 2520 2516 2516 2516 2515 2515 2515 2519 2519 2519 2520 2520 2520 2516 2516 2516 2521 2521 2521 2394 2394 2394 2516 2516 2516 2520 2520 2520 2521 2521 2521 2516 2516 2516 2511 2511 2511 2515 2515 2515 2394 2394 2394 2385 2385 2385 2380 2380 2380 2394 2394 2394 2521 2521 2521 2385 2385 2385 2394 2394 2394 2382 2382 2382 2481 2481 2481 2394 2394 2394 2513 2513 2513 2516 2516 2516 2489 2489 2489 2372 2372 2372 2366 2366 2366 2489 2489 2489 2522 2522 2522 2372 2372 2372 2522 2522 2522 2523 2523 2523 2374 2374 2374 2494 2494 2494 2524 2524 2524 2522 2522 2522 2494 2494 2494 2492 2492 2492 2525 2525 2525 2494 2494 2494 2493 2493 2493 2492 2492 2492 2494 2494 2494 2522 2522 2522 2489 2489 2489 2524 2524 2524 2494 2494 2494 2525 2525 2525 2524 2524 2524 2526 2526 2526 2523 2523 2523 2524 2524 2524 2525 2525 2525 2527 2527 2527 2525 2525 2525 2360 2360 2360 2528 2528 2528 2525 2525 2525 2492 2492 2492 2360 2360 2360 2527 2527 2527 2525 2525 2525 2528 2528 2528 2527 2527 2527 2528 2528 2528 2529 2529 2529 2528 2528 2528 2363 2363 2363 2396 2396 2396 2528 2528 2528 2360 2360 2360 2363 2363 2363 2529 2529 2529 2528 2528 2528 2396 2396 2396 2529 2529 2529 2396 2396 2396 2405 2405 2405 2374 2374 2374 2530 2530 2530 2376 2376 2376 2374 2374 2374 2372 2372 2372 2522 2522 2522 2523 2523 2523 2531 2531 2531 2530 2530 2530 2523 2523 2523 2522 2522 2522 2524 2524 2524 2526 2526 2526 2527 2527 2527 2529 2529 2529 2526 2526 2526 2529 2529 2529 2532 2532 2532 2526 2526 2526 2524 2524 2524 2527 2527 2527 2532 2532 2532 2529 2529 2529 2405 2405 2405 2532 2532 2532 2478 2478 2478 2533 2533 2533 2532 2532 2532 2405 2405 2405 2478 2478 2478 2376 2376 2376 2534 2534 2534 2379 2379 2379 2376 2376 2376 2375 2375 2375 2374 2374 2374 2530 2530 2530 2535 2535 2535 2534 2534 2534 2530 2530 2530 2374 2374 2374 2523 2523 2523 2531 2531 2531 2532 2532 2532 2533 2533 2533 2531 2531 2531 2526 2526 2526 2532 2532 2532 2531 2531 2531 2536 2536 2536 2535 2535 2535 2531 2531 2531 2523 2523 2523 2526 2526 2526 2533 2533 2533 2478 2478 2478 2479 2479 2479 2533 2533 2533 2479 2479 2479 2536 2536 2536 2379 2379 2379 2377 2377 2377 2376 2376 2376 2379 2379 2379 2537 2537 2537 2378 2378 2378 2534 2534 2534 2376 2376 2376 2530 2530 2530 2534 2534 2534 2538 2538 2538 2537 2537 2537 2535 2535 2535 2424 2424 2424 2538 2538 2538 2535 2535 2535 2530 2530 2530 2531 2531 2531 2536 2536 2536 2531 2531 2531 2533 2533 2533 2536 2536 2536 2479 2479 2479 2480 2480 2480 2536 2536 2536 2480 2480 2480 2424 2424 2424 2378 2378 2378 2539 2539 2539 2371 2371 2371 2378 2378 2378 2373 2373 2373 2379 2379 2379 2537 2537 2537 2540 2540 2540 2539 2539 2539 2537 2537 2537 2379 2379 2379 2534 2534 2534 2538 2538 2538 2541 2541 2541 2540 2540 2540 2538 2538 2538 2534 2534 2534 2535 2535 2535 2424 2424 2424 2419 2419 2419 2541 2541 2541 2424 2424 2424 2480 2480 2480 2417 2417 2417 2424 2424 2424 2535 2535 2535 2536 2536 2536 2518 2518 2518 2514 2514 2514 2504 2504 2504 2517 2517 2517 2486 2486 2486 2427 2427 2427 2519 2519 2519 2515 2515 2515 2514 2514 2514 2541 2541 2541 2538 2538 2538 2424 2424 2424 2540 2540 2540 2537 2537 2537 2538 2538 2538 2539 2539 2539 2378 2378 2378 2537 2537 2537 2371 2371 2371 2367 2367 2367 2378 2378 2378 2542 2542 2542 2543 2543 2543 2544 2544 2544 2542 2542 2542 2545 2545 2545 2546 2546 2546 2542 2542 2542 2547 2547 2547 2545 2545 2545 2547 2547 2547 2548 2548 2548 2549 2549 2549 2547 2547 2547 2549 2549 2549 2545 2545 2545 2548 2548 2548 2550 2550 2550 2549 2549 2549 2548 2548 2548 2551 2551 2551 2550 2550 2550 2550 2550 2550 2552 2552 2552 2553 2553 2553 2543 2543 2543 2542 2542 2542 2546 2546 2546 2554 2554 2554 2553 2553 2553 2552 2552 2552 2554 2554 2554 2552 2552 2552 2555 2555 2555 2552 2552 2552 2550 2550 2550 2551 2551 2551 2556 2556 2556 2555 2555 2555 2557 2557 2557 2556 2556 2556 2554 2554 2554 2555 2555 2555 2557 2557 2557 2544 2544 2544 2543 2543 2543 2557 2557 2557 2543 2543 2543 2556 2556 2556 2558 2558 2558 2559 2559 2559 2560 2560 2560 2558 2558 2558 2561 2561 2561 2559 2559 2559 2560 2560 2560 2559 2559 2559 2562 2562 2562 2560 2560 2560 2562 2562 2562 2563 2563 2563 2563 2563 2563 2562 2562 2562 2564 2564 2564 2561 2561 2561 2558 2558 2558 2565 2565 2565 2566 2566 2566 2567 2567 2567 2568 2568 2568 2566 2566 2566 2569 2569 2569 2570 2570 2570 2569 2569 2569 2566 2566 2566 2568 2568 2568 1129 1129 1129 1125 1125 1125 1124 1124 1124 2571 2571 2571 2572 2572 2572 2567 2567 2567 2571 2571 2571 2573 2573 2573 2572 2572 2572 2567 2567 2567 2566 2566 2566 2571 2571 2571 2574 2574 2574 2575 2575 2575 2576 2576 2576 2574 2574 2574 2577 2577 2577 2575 2575 2575 1149 1149 1149 1148 1148 1148 1147 1147 1147 2578 2578 2578 2579 2579 2579 2580 2580 2580 2579 2579 2579 2578 2578 2578 2581 2581 2581 2581 2581 2581 2582 2582 2582 2583 2583 2583 2584 2584 2584 2585 2585 2585 2586 2586 2586 2585 2585 2585 2584 2584 2584 2587 2587 2587 2588 2588 2588 2589 2589 2589 2590 2590 2590 2588 2588 2588 2590 2590 2590 2591 2591 2591 1137 1137 1137 1136 1136 1136 1133 1133 1133 2582 2582 2582 2581 2581 2581 2585 2585 2585 2592 2592 2592 2593 2593 2593 2586 2586 2586 2592 2592 2592 2586 2586 2586 2578 2578 2578 2594 2594 2594 2595 2595 2595 2596 2596 2596 2594 2594 2594 2596 2596 2596 2575 2575 2575 2597 2597 2597 2598 2598 2598 2599 2599 2599 2597 2597 2597 2596 2596 2596 2598 2598 2598 1143 1143 1143 1142 1142 1142 1139 1139 1139 2600 2600 2600 2601 2601 2601 2576 2576 2576 2600 2600 2600 2576 2576 2576 2597 2597 2597 2602 2602 2602 2603 2603 2603 2589 2589 2589 2602 2602 2602 2589 2589 2589 2588 2588 2588 2604 2604 2604 2605 2605 2605 2606 2606 2606 2605 2605 2605 2604 2604 2604 2607 2607 2607 2608 2608 2608 2609 2609 2609 2610 2610 2610 2608 2608 2608 2611 2611 2611 2609 2609 2609 2610 2610 2610 2612 2612 2612 2613 2613 2613 2610 2610 2610 2614 2614 2614 2615 2615 2615 2611 2611 2611 2608 2608 2608 2616 2616 2616 2617 2617 2617 2618 2618 2618 2619 2619 2619 2617 2617 2617 2614 2614 2614 2618 2618 2618 2614 2614 2614 2617 2617 2617 2615 2615 2615 2614 2614 2614 2610 2610 2610 2609 2609 2609 2615 2615 2615 2612 2612 2612 2610 2610 2610 2620 2620 2620 2621 2621 2621 2622 2622 2622 2622 2622 2622 2621 2621 2621 2623 2623 2623 2624 2624 2624 2625 2625 2625 2626 2626 2626 2626 2626 2626 2625 2625 2625 2627 2627 2627 2627 2627 2627 2628 2628 2628 2629 2629 2629 2627 2627 2627 2625 2625 2625 2628 2628 2628 2630 2630 2630 2631 2631 2631 2632 2632 2632 2632 2632 2632 2631 2631 2631 2633 2633 2633 2634 2634 2634 2635 2635 2635 2636 2636 2636 2634 2634 2634 2637 2637 2637 2635 2635 2635 2636 2636 2636 2638 2638 2638 2639 2639 2639 2636 2636 2636 2640 2640 2640 2641 2641 2641 2637 2637 2637 2634 2634 2634 2642 2642 2642 2643 2643 2643 2644 2644 2644 2645 2645 2645 2643 2643 2643 2646 2646 2646 2644 2644 2644 2628 2628 2628 2647 2647 2647 2629 2629 2629 2629 2629 2629 2647 2647 2647 2648 2648 2648 2638 2638 2638 2641 2641 2641 2649 2649 2649 2649 2649 2649 2641 2641 2641 2650 2650 2650 2641 2641 2641 2638 2638 2638 2636 2636 2636 2651 2651 2651 2652 2652 2652 2653 2653 2653 2652 2652 2652 2651 2651 2651 2654 2654 2654 2640 2640 2640 2636 2636 2636 2635 2635 2635 2655 2655 2655 2656 2656 2656 2657 2657 2657 2655 2655 2655 2658 2658 2658 2656 2656 2656 2659 2659 2659 2660 2660 2660 2661 2661 2661 2660 2660 2660 2659 2659 2659 2662 2662 2662 2612 2612 2612 2615 2615 2615 2663 2663 2663 2663 2663 2663 2615 2615 2615 2664 2664 2664 2665 2665 2665 2666 2666 2666 2667 2667 2667 2665 2665 2665 2667 2667 2667 2668 2668 2668 2669 2669 2669 2670 2670 2670 2671 2671 2671 2669 2669 2669 2671 2671 2671 2672 2672 2672 2673 2673 2673 2674 2674 2674 2675 2675 2675 2674 2674 2674 2673 2673 2673 2676 2676 2676 2677 2677 2677 2678 2678 2678 2679 2679 2679 2678 2678 2678 2677 2677 2677 2680 2680 2680 2681 2681 2681 2682 2682 2682 2683 2683 2683 2681 2681 2681 2683 2683 2683 2684 2684 2684 2682 2682 2682 2681 2681 2681 2685 2685 2685 2686 2686 2686 2687 2687 2687 2688 2688 2688 2687 2687 2687 2686 2686 2686 2689 2689 2689 2690 2690 2690 2691 2691 2691 2692 2692 2692 2693 2693 2693 2692 2692 2692 2691 2691 2691 2694 2694 2694 2695 2695 2695 2696 2696 2696 2695 2695 2695 2694 2694 2694 2697 2697 2697 2698 2698 2698 2699 2699 2699 2700 2700 2700 2698 2698 2698 2700 2700 2700 2701 2701 2701 2702 2702 2702 2703 2703 2703 2704 2704 2704 2705 2705 2705 2706 2706 2706 2707 2707 2707 2708 2708 2708 2709 2709 2709 2710 2710 2710 2711 2711 2711 2712 2712 2712 2713 2713 2713 2714 2714 2714 2715 2715 2715 2716 2716 2716 2714 2714 2714 2717 2717 2717 2715 2715 2715 2718 2718 2718 2719 2719 2719 2720 2720 2720 2718 2718 2718 2720 2720 2720 2721 2721 2721 2722 2722 2722 2723 2723 2723 2724 2724 2724 2723 2723 2723 2722 2722 2722 2725 2725 2725 2726 2726 2726 2727 2727 2727 2728 2728 2728 2727 2727 2727 2729 2729 2729 2728 2728 2728 2730 2730 2730 2731 2731 2731 2732 2732 2732 2731 2731 2731 2730 2730 2730 2733 2733 2733 2734 2734 2734 2735 2735 2735 2736 2736 2736 2735 2735 2735 2734 2734 2734 2737 2737 2737 2738 2738 2738 2739 2739 2739 2740 2740 2740 2738 2738 2738 2740 2740 2740 2741 2741 2741 2742 2742 2742 2743 2743 2743 2744 2744 2744 2743 2743 2743 2742 2742 2742 2745 2745 2745 2746 2746 2746 2747 2747 2747 2748 2748 2748 2748 2748 2748 2747 2747 2747 2749 2749 2749 2750 2750 2750 2751 2751 2751 2752 2752 2752 2751 2751 2751 2750 2750 2750 2753 2753 2753 2754 2754 2754 2755 2755 2755 2756 2756 2756 2757 2757 2757 2756 2756 2756 2755 2755 2755 2758 2758 2758 2759 2759 2759 2760 2760 2760 2759 2759 2759 2758 2758 2758 2761 2761 2761 2762 2762 2762 2763 2763 2763 2764 2764 2764 2762 2762 2762 2764 2764 2764 2765 2765 2765 2766 2766 2766 2767 2767 2767 2768 2768 2768 2769 2769 2769 2770 2770 2770 2771 2771 2771 2772 2772 2772 2773 2773 2773 2774 2774 2774 2775 2775 2775 2776 2776 2776 2777 2777 2777 2778 2778 2778 2779 2779 2779 2780 2780 2780 2778 2778 2778 2780 2780 2780 2781 2781 2781 2782 2782 2782 2783 2783 2783 2784 2784 2784 2782 2782 2782 2784 2784 2784 2785 2785 2785 2786 2786 2786 2787 2787 2787 2788 2788 2788 2787 2787 2787 2786 2786 2786 2789 2789 2789 2790 2790 2790 2791 2791 2791 2792 2792 2792 2791 2791 2791 2793 2793 2793 2792 2792 2792 2794 2794 2794 2795 2795 2795 2796 2796 2796 2795 2795 2795 2794 2794 2794 2797 2797 2797 2798 2798 2798 2799 2799 2799 2800 2800 2800 2799 2799 2799 2798 2798 2798 2801 2801 2801 2802 2802 2802 2803 2803 2803 2804 2804 2804 2802 2802 2802 2805 2805 2805 2803 2803 2803 2806 2806 2806 2807 2807 2807 2808 2808 2808 2808 2808 2808 2809 2809 2809 2806 2806 2806 2810 2810 2810 2811 2811 2811 2812 2812 2812 2811 2811 2811 2810 2810 2810 2813 2813 2813 2814 2814 2814 2815 2815 2815 2816 2816 2816 2814 2814 2814 2817 2817 2817 2815 2815 2815 2814 2814 2814 2816 2816 2816 2818 2818 2818 2814 2814 2814 2818 2818 2818 2819 2819 2819 2820 2820 2820 2817 2817 2817 2814 2814 2814 2820 2820 2820 2821 2821 2821 2817 2817 2817 2820 2820 2820 2822 2822 2822 2821 2821 2821 2820 2820 2820 2814 2814 2814 2823 2823 2823 2820 2820 2820 2823 2823 2823 2824 2824 2824 2825 2825 2825 2826 2826 2826 2827 2827 2827 2825 2825 2825 2827 2827 2827 2822 2822 2822 2825 2825 2825 2828 2828 2828 2826 2826 2826 2825 2825 2825 2820 2820 2820 2829 2829 2829 2830 2830 2830 2831 2831 2831 2832 2832 2832 2830 2830 2830 2833 2833 2833 2831 2831 2831 2818 2818 2818 2816 2816 2816 2834 2834 2834 2818 2818 2818 2835 2835 2835 2836 2836 2836 2837 2837 2837 2838 2838 2838 2839 2839 2839 2837 2837 2837 2839 2839 2839 2840 2840 2840 2837 2837 2837 2841 2841 2841 2838 2838 2838 2837 2837 2837 2842 2842 2842 2843 2843 2843 2840 2840 2840 2839 2839 2839 2844 2844 2844 2840 2840 2840 2844 2844 2844 2845 2845 2845 2846 2846 2846 2847 2847 2847 2848 2848 2848 2846 2846 2846 2849 2849 2849 2847 2847 2847 2846 2846 2846 2850 2850 2850 2849 2849 2849 2846 2846 2846 2851 2851 2851 2850 2850 2850 2848 2848 2848 2852 2852 2852 2853 2853 2853 2848 2848 2848 2847 2847 2847 2854 2854 2854 2848 2848 2848 2855 2855 2855 2846 2846 2846 2852 2852 2852 2854 2854 2854 2856 2856 2856 2852 2852 2852 2856 2856 2856 2857 2857 2857 2857 2857 2857 2856 2856 2856 2858 2858 2858 2857 2857 2857 2859 2859 2859 2860 2860 2860 2861 2861 2861 2862 2862 2862 2863 2863 2863 2861 2861 2861 2863 2863 2863 2864 2864 2864 2864 2864 2864 2863 2863 2863 2865 2865 2865 2864 2864 2864 2865 2865 2865 2866 2866 2866 2867 2867 2867 2868 2868 2868 2869 2869 2869 2867 2867 2867 2870 2870 2870 2868 2868 2868 2869 2869 2869 2868 2868 2868 2862 2862 2862 2871 2871 2871 2870 2870 2870 2867 2867 2867 2872 2872 2872 2873 2873 2873 2874 2874 2874 2872 2872 2872 2874 2874 2874 2875 2875 2875 2875 2875 2875 2874 2874 2874 2876 2876 2876 2877 2877 2877 2878 2878 2878 2879 2879 2879 2877 2877 2877 2880 2880 2880 2878 2878 2878 2879 2879 2879 2881 2881 2881 2871 2871 2871 2879 2879 2879 2878 2878 2878 2881 2881 2881 2882 2882 2882 2883 2883 2883 2880 2880 2880 2882 2882 2882 2880 2880 2880 2877 2877 2877 2884 2884 2884 2885 2885 2885 2886 2886 2886 2884 2884 2884 2886 2886 2886 2887 2887 2887 2887 2887 2887 2886 2886 2886 2873 2873 2873 2888 2888 2888 2889 2889 2889 2885 2885 2885 2888 2888 2888 2885 2885 2885 2884 2884 2884 2890 2890 2890 2891 2891 2891 2892 2892 2892 2892 2892 2892 2893 2893 2893 2890 2890 2890 2894 2894 2894 2895 2895 2895 2891 2891 2891 2894 2894 2894 2891 2891 2891 2890 2890 2890 2896 2896 2896 2889 2889 2889 2888 2888 2888 2896 2896 2896 2897 2897 2897 2889 2889 2889 2895 2895 2895 2898 2898 2898 2891 2891 2891 2895 2895 2895 2866 2866 2866 2898 2898 2898 2899 2899 2899 2900 2900 2900 2897 2897 2897 2899 2899 2899 2897 2897 2897 2896 2896 2896 2901 2901 2901 2900 2900 2900 2899 2899 2899 2902 2902 2902 2903 2903 2903 2904 2904 2904 2902 2902 2902 2905 2905 2905 2903 2903 2903 2903 2903 2903 2905 2905 2905 2906 2906 2906 2866 2866 2866 2865 2865 2865 2898 2898 2898 2907 2907 2907 2908 2908 2908 2909 2909 2909 2907 2907 2907 2841 2841 2841 2910 2910 2910 2907 2907 2907 2859 2859 2859 2841 2841 2841 2859 2859 2859 2911 2911 2911 2912 2912 2912 2859 2859 2859 2858 2858 2858 2911 2911 2911 2841 2841 2841 2913 2913 2913 2910 2910 2910 2841 2841 2841 2912 2912 2912 2914 2914 2914 2841 2841 2841 2859 2859 2859 2912 2912 2912 2915 2915 2915 2916 2916 2916 2917 2917 2917 2915 2915 2915 2918 2918 2918 2919 2919 2919 2915 2915 2915 2919 2919 2919 2916 2916 2916 2919 2919 2919 2920 2920 2920 2916 2916 2916 2910 2910 2910 2921 2921 2921 2907 2907 2907 2910 2910 2910 2922 2922 2922 2923 2923 2923 2924 2924 2924 2925 2925 2925 2926 2926 2926 2924 2924 2924 2927 2927 2927 2919 2919 2919 2927 2927 2927 2823 2823 2823 2819 2819 2819 2823 2823 2823 2814 2814 2814 2819 2819 2819 2819 2819 2819 2818 2818 2818 2928 2928 2928 2819 2819 2819 2928 2928 2928 2920 2920 2920 2926 2926 2926 2929 2929 2929 2930 2930 2930 2926 2926 2926 2930 2930 2930 2824 2824 2824 2926 2926 2926 2927 2927 2927 2924 2924 2924 2926 2926 2926 2823 2823 2823 2927 2927 2927 2931 2931 2931 2926 2926 2926 2925 2925 2925 2925 2925 2925 2932 2932 2932 2931 2931 2931 2932 2932 2932 2925 2925 2925 2933 2933 2933 2932 2932 2932 2929 2929 2929 2931 2931 2931 2932 2932 2932 2934 2934 2934 2935 2935 2935 2932 2932 2932 2933 2933 2933 2934 2934 2934 2933 2933 2933 2925 2925 2925 2936 2936 2936 2934 2934 2934 2937 2937 2937 2935 2935 2935 2937 2937 2937 2934 2934 2934 2922 2922 2922 2937 2937 2937 2913 2913 2913 2843 2843 2843 2937 2937 2937 2938 2938 2938 2935 2935 2935 2937 2937 2937 2922 2922 2922 2913 2913 2913 2935 2935 2935 2929 2929 2929 2932 2932 2932 2935 2935 2935 2939 2939 2939 2929 2929 2929 2913 2913 2913 2837 2837 2837 2843 2843 2843 2913 2913 2913 2841 2841 2841 2837 2837 2837 2940 2940 2940 2930 2930 2930 2929 2929 2929 2940 2940 2940 2941 2941 2941 2942 2942 2942 2930 2930 2930 2942 2942 2942 2943 2943 2943 2929 2929 2929 2926 2926 2926 2931 2931 2931 2941 2941 2941 2940 2940 2940 2939 2939 2939 2939 2939 2939 2940 2940 2940 2929 2929 2929 2938 2938 2938 2944 2944 2944 2945 2945 2945 2938 2938 2938 2946 2946 2946 2944 2944 2944 2938 2938 2938 2939 2939 2939 2935 2935 2935 2938 2938 2938 2945 2945 2945 2939 2939 2939 2938 2938 2938 2937 2937 2937 2946 2946 2946 2944 2944 2944 2947 2947 2947 2948 2948 2948 2945 2945 2945 2941 2941 2941 2939 2939 2939 2945 2945 2945 2949 2949 2949 2941 2941 2941 2945 2945 2945 2944 2944 2944 2948 2948 2948 2946 2946 2946 2937 2937 2937 2843 2843 2843 2946 2946 2946 2843 2843 2843 2842 2842 2842 2950 2950 2950 2951 2951 2951 2949 2949 2949 2950 2950 2950 2952 2952 2952 2953 2953 2953 2949 2949 2949 2942 2942 2942 2941 2941 2941 2952 2952 2952 2950 2950 2950 2954 2954 2954 2952 2952 2952 2955 2955 2955 2956 2956 2956 2952 2952 2952 2957 2957 2957 2953 2953 2953 2954 2954 2954 2950 2950 2950 2949 2949 2949 2954 2954 2954 2958 2958 2958 2955 2955 2955 2959 2959 2959 2829 2829 2829 2951 2951 2951 2959 2959 2959 2951 2951 2951 2953 2953 2953 2959 2959 2959 2825 2825 2825 2829 2829 2829 2829 2829 2829 2820 2820 2820 2943 2943 2943 2829 2829 2829 2942 2942 2942 2951 2951 2951 2960 2960 2960 2840 2840 2840 2961 2961 2961 2960 2960 2960 2962 2962 2962 2947 2947 2947 2960 2960 2960 2842 2842 2842 2840 2840 2840 2961 2961 2961 2840 2840 2840 2963 2963 2963 2961 2961 2961 2963 2963 2963 2964 2964 2964 2965 2965 2965 2966 2966 2966 2967 2967 2967 2965 2965 2965 2953 2953 2953 2957 2957 2957 2965 2965 2965 2825 2825 2825 2959 2959 2959 2955 2955 2955 2952 2952 2952 2954 2954 2954 2955 2955 2955 2968 2968 2968 2956 2956 2956 2956 2956 2956 2969 2969 2969 2952 2952 2952 2956 2956 2956 2968 2968 2968 2970 2970 2970 2956 2956 2956 2971 2971 2971 2969 2969 2969 2962 2962 2962 2960 2960 2960 2961 2961 2961 2962 2962 2962 2955 2955 2955 2958 2958 2958 2962 2962 2962 2972 2972 2972 2968 2968 2968 2962 2962 2962 2961 2961 2961 2972 2972 2972 2962 2962 2962 2968 2968 2968 2955 2955 2955 2972 2972 2972 2964 2964 2964 2973 2973 2973 2972 2972 2972 2974 2974 2974 2970 2970 2970 2972 2972 2972 2961 2961 2961 2964 2964 2964 2975 2975 2975 2908 2908 2908 2921 2921 2921 2975 2975 2975 2917 2917 2917 2976 2976 2976 2975 2975 2975 2915 2915 2915 2917 2917 2917 2917 2917 2917 2920 2920 2920 2977 2977 2977 2976 2976 2976 2978 2978 2978 2979 2979 2979 2976 2976 2976 2917 2917 2917 2978 2978 2978 2978 2978 2978 2980 2980 2980 2981 2981 2981 2978 2978 2978 2917 2917 2917 2977 2977 2977 2964 2964 2964 2963 2963 2963 2851 2851 2851 2964 2964 2964 2851 2851 2851 2982 2982 2982 2964 2964 2964 2982 2982 2982 2973 2973 2973 2963 2963 2963 2845 2845 2845 2983 2983 2983 2963 2963 2963 2984 2984 2984 2851 2851 2851 2973 2973 2973 2985 2985 2985 2986 2986 2986 2987 2987 2987 2988 2988 2988 2989 2989 2989 2987 2987 2987 2828 2828 2828 2967 2967 2967 2828 2828 2828 2990 2990 2990 2826 2826 2826 2828 2828 2828 2991 2991 2991 2992 2992 2992 2828 2828 2828 2965 2965 2965 2967 2967 2967 2828 2828 2828 2825 2825 2825 2965 2965 2965 2828 2828 2828 2992 2992 2992 2990 2990 2990 2967 2967 2967 2993 2993 2993 2987 2987 2987 2851 2851 2851 2984 2984 2984 2850 2850 2850 2982 2982 2982 2994 2994 2994 2985 2985 2985 2982 2982 2982 2851 2851 2851 2846 2846 2846 2982 2982 2982 2846 2846 2846 2994 2994 2994 2989 2989 2989 2828 2828 2828 2987 2987 2987 2989 2989 2989 2991 2991 2991 2828 2828 2828 2995 2995 2995 2996 2996 2996 2997 2997 2997 2995 2995 2995 2998 2998 2998 2988 2988 2988 2996 2996 2996 2995 2995 2995 2988 2988 2988 2996 2996 2996 2993 2993 2993 2999 2999 2999 2997 2997 2997 3000 3000 3000 2995 2995 2995 2991 2991 2991 2830 2830 2830 2832 2832 2832 2991 2991 2991 3001 3001 3001 2830 2830 2830 2991 2991 2991 2832 2832 2832 2992 2992 2992 2994 2994 2994 3002 3002 3002 2985 2985 2985 3003 3003 3003 2991 2991 2991 2989 2989 2989 3003 3003 3003 2989 2989 2989 2998 2998 2998 3003 3003 3003 3004 3004 3004 3001 3001 3001 3005 3005 3005 2998 2998 2998 3006 3006 3006 3005 3005 3005 3004 3004 3004 2998 2998 2998 2998 2998 2998 2995 2995 2995 3006 3006 3006 2998 2998 2998 2989 2989 2989 2988 2988 2988 3007 3007 3007 3005 3005 3005 3008 3008 3008 3008 3008 3008 3009 3009 3009 3007 3007 3007 3008 3008 3008 3005 3005 3005 3006 3006 3006 3010 3010 3010 3001 3001 3001 3011 3011 3011 3010 3010 3010 2833 2833 2833 2830 2830 2830 3010 3010 3010 3012 3012 3012 3013 3013 3013 3010 3010 3010 2830 2830 2830 3001 3001 3001 3001 3001 3001 2991 2991 2991 3003 3003 3003 3014 3014 3014 3011 3011 3011 3015 3015 3015 3011 3011 3011 3012 3012 3012 3010 3010 3010 3015 3015 3015 3016 3016 3016 3014 3014 3014 3015 3015 3015 3004 3004 3004 3007 3007 3007 3017 3017 3017 3018 3018 3018 3019 3019 3019 3017 3017 3017 3015 3015 3015 3009 3009 3009 3017 3017 3017 3016 3016 3016 3015 3015 3015 3018 3018 3018 3017 3017 3017 3020 3020 3020 3018 3018 3018 3021 3021 3021 3019 3019 3019 3019 3019 3019 3016 3016 3016 3017 3017 3017 3019 3019 3019 3021 3021 3021 3022 3022 3022 3016 3016 3016 3022 3022 3022 3023 3023 3023 3016 3016 3016 3023 3023 3023 3014 3014 3014 3024 3024 3024 3025 3025 3025 3012 3012 3012 3024 3024 3024 3012 3012 3012 3023 3023 3023 3012 3012 3012 3014 3014 3014 3023 3023 3023 3012 3012 3012 3025 3025 3025 3013 3013 3013 3012 3012 3012 3011 3011 3011 3014 3014 3014 3021 3021 3021 3026 3026 3026 3027 3027 3027 3021 3021 3021 3028 3028 3028 3026 3026 3026 3021 3021 3021 3027 3027 3027 3029 3029 3029 3021 3021 3021 3018 3018 3018 3028 3028 3028 3028 3028 3028 3018 3018 3018 2853 2853 2853 3026 3026 3026 3030 3030 3030 3027 3027 3027 3026 3026 3026 3028 3028 3028 2852 2852 2852 3026 3026 3026 2852 2852 2852 2857 2857 2857 3026 3026 3026 2857 2857 2857 3030 3030 3030 3031 3031 3031 2836 2836 2836 2833 2833 2833 3031 3031 3031 2833 2833 2833 3013 3013 3013 2833 2833 2833 3032 3032 3032 2831 2831 2831 2833 2833 2833 3010 3010 3010 3013 3013 3013 3013 3013 3013 3025 3025 3025 3031 3031 3031 3027 3027 3027 3033 3033 3033 3034 3034 3034 3027 3027 3027 3035 3035 3035 3033 3033 3033 3027 3027 3027 3034 3034 3034 3029 3029 3029 3036 3036 3036 3037 3037 3037 3038 3038 3038 3036 3036 3036 3025 3025 3025 3039 3039 3039 3025 3025 3025 3024 3024 3024 3039 3039 3039 3039 3039 3039 3040 3040 3040 3036 3036 3036 2836 2836 2836 3032 3032 3032 2833 2833 2833 2836 2836 2836 2835 2835 2835 3041 3041 3041 3034 3034 3034 3039 3039 3039 3029 3029 3029 3034 3034 3034 3040 3040 3040 3039 3039 3039 3034 3034 3034 3033 3033 3033 3042 3042 3042 3033 3033 3033 3035 3035 3035 3043 3043 3043 3042 3042 3042 3040 3040 3040 3034 3034 3034 3042 3042 3042 3033 3033 3033 3043 3043 3043 3030 3030 3030 2860 2860 2860 3035 3035 3035 3037 3037 3037 3044 3044 3044 3038 3038 3038 3037 3037 3037 3036 3036 3036 3040 3040 3040 3040 3040 3040 3043 3043 3043 3037 3037 3037 3038 3038 3038 3044 3044 3044 2980 2980 2980 3038 3038 3038 2980 2980 2980 3045 3045 3045 3038 3038 3038 3031 3031 3031 3025 3025 3025 3038 3038 3038 3025 3025 3025 3036 3036 3036 3035 3035 3035 3046 3046 3046 3043 3043 3043 3035 3035 3035 3027 3027 3027 3030 3030 3030 3043 3043 3043 3040 3040 3040 3042 3042 3042 3043 3043 3043 3044 3044 3044 3037 3037 3037 3045 3045 3045 2836 2836 2836 3031 3031 3031 3045 3045 3045 3031 3031 3031 3038 3038 3038 3045 3045 3045 2818 2818 2818 2836 2836 2836 3046 3046 3046 2981 2981 2981 3044 3044 3044 3046 3046 3046 3044 3044 3044 3043 3043 3043 3046 3046 3046 3035 3035 3035 3047 3047 3047 3046 3046 3046 3047 3047 3047 2979 2979 2979 3047 3047 3047 2860 2860 2860 2909 2909 2909 2979 2979 2979 2981 2981 2981 3046 3046 3046 2979 2979 2979 2978 2978 2978 2981 2981 2981 2979 2979 2979 2908 2908 2908 2976 2976 2976 2928 2928 2928 2818 2818 2818 3045 3045 3045 2928 2928 2928 2980 2980 2980 2977 2977 2977 2909 2909 2909 2859 2859 2859 2907 2907 2907 2822 2822 2822 2820 2820 2820 2825 2825 2825 3032 3032 3032 2836 2836 2836 3041 3041 3041 2835 2835 2835 2818 2818 2818 2834 2834 2834 2918 2918 2918 2924 2924 2924 2919 2919 2919 2918 2918 2918 3048 3048 3048 2923 2923 2923 2918 2918 2918 2915 2915 2915 3048 3048 3048 3048 3048 3048 2915 2915 2915 2975 2975 2975 3048 3048 3048 2975 2975 2975 2921 2921 2921 3044 3044 3044 2981 2981 2981 2980 2980 2980 3029 3029 3029 3022 3022 3022 3021 3021 3021 3029 3029 3029 3024 3024 3024 3022 3022 3022 3029 3029 3029 3039 3039 3039 3024 3024 3024 3022 3022 3022 3016 3016 3016 3019 3019 3019 3022 3022 3022 3024 3024 3024 3023 3023 3023 3009 3009 3009 3049 3049 3049 3020 3020 3020 3009 3009 3009 3008 3008 3008 3050 3050 3050 3009 3009 3009 3015 3015 3015 3007 3007 3007 3050 3050 3050 3008 3008 3008 3051 3051 3051 3050 3050 3050 3051 3051 3051 3049 3049 3049 3051 3051 3051 3006 3006 3006 3000 3000 3000 3051 3051 3051 3008 3008 3008 3006 3006 3006 3000 3000 3000 3049 3049 3049 3051 3051 3051 3000 3000 3000 2997 2997 2997 3052 3052 3052 3000 3000 3000 3006 3006 3006 2995 2995 2995 3052 3052 3052 3053 3053 3053 2985 2985 2985 3052 3052 3052 2997 2997 2997 3053 3053 3053 3053 3053 3053 2997 2997 2997 2999 2999 2999 3053 3053 3053 2999 2999 2999 2986 2986 2986 2999 2999 2999 2997 2997 2997 2996 2996 2996 2986 2986 2986 3054 3054 3054 2974 2974 2974 2986 2986 2986 2974 2974 2974 2973 2973 2973 2986 2986 2986 2985 2985 2985 3053 3053 3053 2986 2986 2986 2999 2999 2999 3054 3054 3054 3054 3054 3054 2999 2999 2999 2993 2993 2993 3054 3054 3054 2966 2966 2966 3055 3055 3055 2974 2974 2974 3055 3055 3055 2970 2970 2970 2974 2974 2974 3054 3054 3054 3055 3055 3055 2974 2974 2974 2972 2972 2972 2973 2973 2973 3055 3055 3055 2957 2957 2957 2971 2971 2971 2970 2970 2970 3055 3055 3055 2971 2971 2971 2970 2970 2970 2971 2971 2971 2956 2956 2956 2970 2970 2970 2968 2968 2968 2972 2972 2972 2969 2969 2969 2971 2971 2971 2957 2957 2957 2958 2958 2958 2948 2948 2948 2947 2947 2947 2958 2958 2958 2954 2954 2954 2948 2948 2948 2948 2948 2948 2949 2949 2949 2945 2945 2945 2948 2948 2948 2954 2954 2954 2949 2949 2949 2936 2936 2936 2924 2924 2924 2918 2918 2918 2936 2936 2936 2918 2918 2918 2923 2923 2923 2936 2936 2936 2925 2925 2925 2924 2924 2924 2838 2838 2838 2841 2841 2841 2914 2914 2914 2845 2845 2845 2963 2963 2963 2840 2840 2840 2984 2984 2984 2963 2963 2963 2983 2983 2983 2854 2854 2854 2852 2852 2852 2848 2848 2848 2858 2858 2858 2859 2859 2859 2857 2857 2857 3056 3056 3056 3057 3057 3057 3058 3058 3058 3056 3056 3056 3059 3059 3059 3057 3057 3057 3056 3056 3056 3058 3058 3058 3060 3060 3060 3057 3057 3057 3059 3059 3059 3061 3061 3061 3058 3058 3058 3057 3057 3057 3062 3062 3062 3059 3059 3059 3063 3063 3063 3064 3064 3064 3059 3059 3059 3064 3064 3064 3065 3065 3065 3059 3059 3059 3066 3066 3066 3061 3061 3061 3063 3063 3063 3056 3056 3056 3067 3067 3067 3063 3063 3063 3059 3059 3059 3056 3056 3056 3062 3062 3062 3057 3057 3057 3068 3068 3068 3066 3066 3066 3059 3059 3059 3069 3069 3069 2905 2905 2905 3070 3070 3070 3071 3071 3071 2905 2905 2905 3071 3071 3071 2906 2906 2906 3072 3072 3072 3073 3073 3073 3074 3074 3074 3072 3072 3072 3074 3074 3074 3075 3075 3075 3072 3072 3072 3076 3076 3076 3077 3077 3077 3073 3073 3073 3078 3078 3078 3079 3079 3079 3073 3073 3073 3080 3080 3080 3078 3078 3078 3073 3073 3073 3072 3072 3072 3080 3080 3080 3074 3074 3074 3081 3081 3081 3082 3082 3082 3074 3074 3074 3073 3073 3073 3081 3081 3081 3075 3075 3075 3074 3074 3074 3083 3083 3083 3082 3082 3082 3081 3081 3081 3084 3084 3084 3076 3076 3076 3072 3072 3072 3075 3075 3075 3080 3080 3080 3072 3072 3072 3085 3085 3085 2862 2862 2862 2861 2861 2861 2869 2869 2869 3086 3086 3086 3071 3071 3071 3087 3087 3087 3086 3086 3086 3087 3087 3087 3088 3088 3088 3087 3087 3087 3071 3071 3071 3070 3070 3070 2876 2876 2876 3086 3086 3086 3088 3088 3088 3088 3088 3088 2875 2875 2875 2876 2876 2876 2881 2881 2881 2870 2870 2870 2871 2871 2871 2883 2883 2883 2882 2882 2882 3089 3089 3089 2883 2883 2883 3090 3090 3090 3091 3091 3091 3090 3090 3090 2883 2883 2883 3089 3089 3089 2873 2873 2873 2872 2872 2872 2887 2887 2887 2893 2893 2893 3091 3091 3091 3090 3090 3090 2893 2893 2893 2892 2892 2892 3092 3092 3092 3092 3092 3092 3091 3091 3091 2893 2893 2893 3093 3093 3093 2900 2900 2900 2901 2901 2901 3093 3093 3093 3094 3094 3094 2904 2904 2904 3094 3094 3094 2902 2902 2902 2904 2904 2904 3094 3094 3094 3093 3093 3093 3095 3095 3095 3095 3095 3095 3093 3093 3093 2901 2901 2901 2920 2920 2920 2917 2917 2917 2916 2916 2916 2920 2920 2920 2919 2919 2919 2927 2927 2927 2920 2920 2920 2927 2927 2927 2819 2819 2819 2977 2977 2977 2920 2920 2920 2928 2928 2928 2921 2921 2921 2923 2923 2923 3048 3048 3048 2923 2923 2923 2922 2922 2922 2936 2936 2936 2923 2923 2923 2921 2921 2921 2910 2910 2910 2922 2922 2922 2934 2934 2934 2933 2933 2933 2922 2922 2922 2910 2910 2910 2913 2913 2913 2922 2922 2922 2933 2933 2933 2936 2936 2936 2824 2824 2824 2823 2823 2823 2926 2926 2926 2824 2824 2824 2943 2943 2943 2820 2820 2820 2942 2942 2942 2930 2930 2930 2940 2940 2940 2942 2942 2942 2949 2949 2949 2951 2951 2951 2942 2942 2942 2829 2829 2829 2943 2943 2943 2943 2943 2943 2824 2824 2824 2930 2930 2930 2842 2842 2842 2960 2960 2960 2947 2947 2947 2842 2842 2842 2837 2837 2837 2840 2840 2840 2947 2947 2947 2962 2962 2962 2958 2958 2958 2947 2947 2947 2944 2944 2944 2946 2946 2946 2947 2947 2947 2946 2946 2946 2842 2842 2842 2953 2953 2953 2951 2951 2951 2950 2950 2950 2953 2953 2953 2965 2965 2965 2959 2959 2959 2957 2957 2957 3055 3055 3055 2966 2966 2966 2957 2957 2957 2952 2952 2952 2969 2969 2969 2966 2966 2966 2965 2965 2965 2957 2957 2957 2966 2966 2966 3054 3054 3054 2993 2993 2993 2993 2993 2993 2996 2996 2996 2988 2988 2988 2993 2993 2993 2967 2967 2967 2966 2966 2966 2985 2985 2985 3002 3002 3002 3052 3052 3052 2985 2985 2985 2973 2973 2973 2982 2982 2982 2988 2988 2988 2987 2987 2987 2993 2993 2993 3002 3002 3002 3000 3000 3000 3052 3052 3052 3002 3002 3002 2855 2855 2855 3049 3049 3049 3049 3049 3049 3009 3009 3009 3050 3050 3050 3049 3049 3049 3000 3000 3000 3002 3002 3002 2855 2855 2855 3002 3002 3002 2994 2994 2994 2855 2855 2855 3020 3020 3020 3049 3049 3049 2855 2855 2855 2848 2848 2848 3096 3096 3096 2855 2855 2855 2994 2994 2994 2846 2846 2846 3004 3004 3004 3003 3003 3003 2998 2998 2998 3004 3004 3004 3005 3005 3005 3007 3007 3007 3004 3004 3004 3011 3011 3011 3001 3001 3001 3004 3004 3004 3015 3015 3015 3011 3011 3011 3020 3020 3020 2853 2853 2853 3018 3018 3018 3020 3020 3020 2855 2855 2855 3096 3096 3096 3020 3020 3020 3017 3017 3017 3009 3009 3009 2853 2853 2853 3020 3020 3020 3096 3096 3096 2853 2853 2853 3096 3096 3096 2848 2848 2848 2853 2853 2853 2852 2852 2852 3028 3028 3028 2980 2980 2980 2978 2978 2978 2977 2977 2977 2980 2980 2980 2928 2928 2928 3045 3045 3045 2860 2860 2860 3047 3047 3047 3035 3035 3035 2860 2860 2860 3030 3030 3030 2857 2857 2857 2860 2860 2860 2859 2859 2859 2909 2909 2909 2908 2908 2908 2975 2975 2975 2976 2976 2976 2908 2908 2908 3047 3047 3047 2909 2909 2909 2908 2908 2908 2907 2907 2907 2921 2921 2921 2908 2908 2908 2979 2979 2979 3047 3047 3047 3097 3097 3097 3098 3098 3098 3099 3099 3099 3097 3097 3097 3100 3100 3100 3101 3101 3101 3097 3097 3097 3102 3102 3102 3103 3103 3103 3097 3097 3097 3101 3101 3101 3102 3102 3102 3098 3098 3098 3103 3103 3103 3104 3104 3104 3098 3098 3098 3097 3097 3097 3103 3103 3103 3098 3098 3098 3105 3105 3105 3106 3106 3106 3098 3098 3098 3107 3107 3107 3105 3105 3105 3107 3107 3107 3108 3108 3108 3109 3109 3109 3107 3107 3107 3109 3109 3109 3110 3110 3110 3107 3107 3107 3111 3111 3111 3108 3108 3108 3107 3107 3107 3098 3098 3098 3111 3111 3111 3107 3107 3107 3110 3110 3110 3112 3112 3112 3113 3113 3113 3114 3114 3114 3115 3115 3115 3113 3113 3113 3116 3116 3116 3114 3114 3114 3113 3113 3113 3117 3117 3117 3116 3116 3116 3100 3100 3100 3118 3118 3118 3119 3119 3119 3100 3100 3100 3119 3119 3119 3101 3101 3101 3100 3100 3100 3097 3097 3097 3120 3120 3120 3100 3100 3100 3120 3120 3120 3121 3121 3121 3122 3122 3122 3123 3123 3123 3124 3124 3124 3122 3122 3122 3124 3124 3124 3125 3125 3125 3122 3122 3122 3125 3125 3125 3126 3126 3126 3124 3124 3124 3127 3127 3127 3128 3128 3128 3124 3124 3124 3128 3128 3128 3125 3125 3125 3129 3129 3129 3130 3130 3130 3131 3131 3131 3129 3129 3129 3131 3131 3131 3132 3132 3132 3129 3129 3129 3132 3132 3132 3133 3133 3133 3129 3129 3129 3133 3133 3133 3134 3134 3134 3130 3130 3130 3135 3135 3135 3136 3136 3136 3130 3130 3130 3129 3129 3129 3135 3135 3135 3130 3130 3130 3137 3137 3137 3131 3131 3131 3130 3130 3130 3138 3138 3138 3137 3137 3137 3138 3138 3138 3139 3139 3139 3140 3140 3140 3138 3138 3138 3141 3141 3141 3142 3142 3142 3139 3139 3139 3143 3143 3143 3140 3140 3140 3140 3140 3140 3137 3137 3137 3138 3138 3138 3144 3144 3144 3145 3145 3145 3146 3146 3146 3145 3145 3145 3147 3147 3147 3148 3148 3148 3145 3145 3145 3148 3148 3148 3146 3146 3146 3149 3149 3149 3150 3150 3150 3151 3151 3151 3149 3149 3149 3151 3151 3151 3152 3152 3152 3150 3150 3150 3144 3144 3144 3153 3153 3153 3150 3150 3150 3153 3153 3153 3151 3151 3151 3154 3154 3154 3152 3152 3152 3155 3155 3155 3154 3154 3154 3149 3149 3149 3152 3152 3152 3154 3154 3154 3155 3155 3155 3156 3156 3156 3157 3157 3157 3158 3158 3158 3159 3159 3159 3157 3157 3157 3160 3160 3160 3161 3161 3161 3158 3158 3158 3162 3162 3162 3159 3159 3159 3163 3163 3163 3156 3156 3156 3164 3164 3164 3163 3163 3163 3164 3164 3164 3165 3165 3165 3156 3156 3156 3155 3155 3155 3164 3164 3164 3166 3166 3166 3163 3163 3163 3165 3165 3165 3166 3166 3166 3167 3167 3167 3168 3168 3168 3169 3169 3169 3170 3170 3170 3171 3171 3171 3169 3169 3169 3161 3161 3161 3170 3170 3170 3161 3161 3161 3160 3160 3160 3170 3170 3170 3172 3172 3172 3171 3171 3171 3173 3173 3173 3172 3172 3172 3169 3169 3169 3171 3171 3171 3174 3174 3174 3175 3175 3175 3176 3176 3176 3175 3175 3175 3177 3177 3177 3178 3178 3178 3179 3179 3179 3176 3176 3176 3180 3180 3180 3179 3179 3179 3174 3174 3174 3176 3176 3176 3181 3181 3181 3173 3173 3173 3182 3182 3182 3181 3181 3181 3172 3172 3172 3173 3173 3173 3180 3180 3180 3183 3183 3183 3147 3147 3147 3180 3180 3180 3176 3176 3176 3183 3183 3183 3184 3184 3184 3182 3182 3182 3185 3185 3185 3184 3184 3184 3181 3181 3181 3182 3182 3182 3186 3186 3186 3187 3187 3187 3188 3188 3188 3186 3186 3186 3185 3185 3185 3187 3187 3187 3186 3186 3186 3184 3184 3184 3185 3185 3185 3189 3189 3189 3190 3190 3190 3191 3191 3191 3191 3191 3191 3192 3192 3192 3189 3189 3189 3147 3147 3147 3183 3183 3183 3148 3148 3148 3193 3193 3193 3194 3194 3194 3195 3195 3195 3193 3193 3193 3196 3196 3196 3194 3194 3194 3193 3193 3193 3197 3197 3197 3198 3198 3198 3193 3193 3193 3198 3198 3198 3199 3199 3199 3198 3198 3198 3200 3200 3200 3199 3199 3199 3198 3198 3198 3126 3126 3126 3201 3201 3201 3198 3198 3198 3122 3122 3122 3126 3126 3126 3198 3198 3198 3201 3201 3201 3200 3200 3200 3198 3198 3198 3202 3202 3202 3122 3122 3122 3199 3199 3199 3200 3200 3200 3203 3203 3203 3199 3199 3199 3139 3139 3139 3204 3204 3204 3199 3199 3199 3143 3143 3143 3139 3139 3139 3205 3205 3205 3206 3206 3206 3207 3207 3207 3205 3205 3205 3208 3208 3208 3206 3206 3206 3205 3205 3205 3209 3209 3209 3210 3210 3210 3205 3205 3205 3211 3211 3211 3209 3209 3209 3207 3207 3207 3212 3212 3212 3213 3213 3213 3197 3197 3197 3195 3195 3195 3214 3214 3214 3197 3197 3197 3215 3215 3215 3202 3202 3202 3216 3216 3216 3217 3217 3217 3211 3211 3211 3216 3216 3216 3207 3207 3207 3213 3213 3213 3213 3213 3213 3218 3218 3218 3216 3216 3216 3213 3213 3213 3120 3120 3120 3099 3099 3099 3099 3099 3099 3219 3219 3219 3218 3218 3218 3099 3099 3099 3098 3098 3098 3219 3219 3219 3099 3099 3099 3120 3120 3120 3097 3097 3097 3218 3218 3218 3220 3220 3220 3216 3216 3216 3218 3218 3218 3213 3213 3213 3099 3099 3099 3218 3218 3218 3221 3221 3221 3222 3222 3222 3222 3222 3222 3220 3220 3220 3218 3218 3218 3220 3220 3220 3223 3223 3223 3217 3217 3217 3220 3220 3220 3224 3224 3224 3223 3223 3223 3224 3224 3224 3220 3220 3220 3222 3222 3222 3224 3224 3224 3225 3225 3225 3223 3223 3223 3224 3224 3224 3222 3222 3222 3221 3221 3221 3224 3224 3224 3226 3226 3226 3225 3225 3225 3225 3225 3225 3226 3226 3226 3227 3227 3227 3225 3225 3225 3215 3215 3215 3223 3223 3223 3226 3226 3226 3221 3221 3221 3228 3228 3228 3227 3227 3227 3229 3229 3229 3202 3202 3202 3227 3227 3227 3230 3230 3230 3231 3231 3231 3227 3227 3227 3202 3202 3202 3215 3215 3215 3202 3202 3202 3229 3229 3229 3122 3122 3122 3202 3202 3202 3198 3198 3198 3197 3197 3197 3232 3232 3232 3221 3221 3221 3233 3233 3233 3221 3221 3221 3226 3226 3226 3224 3224 3224 3233 3233 3233 3234 3234 3234 3232 3232 3232 3233 3233 3233 3218 3218 3218 3219 3219 3219 3233 3233 3233 3221 3221 3221 3218 3218 3218 3235 3235 3235 3232 3232 3232 3234 3234 3234 3235 3235 3235 3228 3228 3228 3232 3232 3232 3228 3228 3228 3236 3236 3236 3230 3230 3230 3228 3228 3228 3235 3235 3235 3236 3236 3236 3228 3228 3228 3230 3230 3230 3226 3226 3226 3228 3228 3228 3221 3221 3221 3232 3232 3232 3230 3230 3230 3227 3227 3227 3226 3226 3226 3230 3230 3230 3236 3236 3236 3237 3237 3237 3230 3230 3230 3237 3237 3237 3231 3231 3231 3236 3236 3236 3235 3235 3235 3238 3238 3238 3236 3236 3236 3239 3239 3239 3237 3237 3237 3237 3237 3237 3240 3240 3240 3231 3231 3231 3231 3231 3231 3229 3229 3229 3227 3227 3227 3231 3231 3231 3123 3123 3123 3229 3229 3229 3241 3241 3241 3238 3238 3238 3242 3242 3242 3238 3238 3238 3239 3239 3239 3236 3236 3236 3242 3242 3242 3243 3243 3243 3244 3244 3244 3242 3242 3242 3244 3244 3244 3241 3241 3241 3242 3242 3242 3238 3238 3238 3234 3234 3234 3245 3245 3245 3246 3246 3246 3241 3241 3241 3245 3245 3245 3247 3247 3247 3248 3248 3248 3245 3245 3245 3249 3249 3249 3250 3250 3250 3245 3245 3245 3250 3250 3250 3246 3246 3246 3246 3246 3246 3238 3238 3238 3241 3241 3241 3246 3246 3246 3250 3250 3250 3251 3251 3251 3246 3246 3246 3251 3251 3251 3239 3239 3239 3243 3243 3243 3242 3242 3242 3105 3105 3105 3243 3243 3243 3105 3105 3105 3107 3107 3107 3105 3105 3105 3234 3234 3234 3106 3106 3106 3252 3252 3252 3253 3253 3253 3124 3124 3124 3252 3252 3252 3124 3124 3124 3123 3123 3123 3252 3252 3252 3254 3254 3254 3253 3253 3253 3252 3252 3252 3123 3123 3123 3240 3240 3240 3253 3253 3253 3255 3255 3255 3256 3256 3256 3253 3253 3253 3256 3256 3256 3124 3124 3124 3112 3112 3112 3110 3110 3110 3257 3257 3257 3112 3112 3112 3258 3258 3258 3247 3247 3247 3112 3112 3112 3243 3243 3243 3107 3107 3107 3112 3112 3112 3244 3244 3244 3243 3243 3243 3250 3250 3250 3249 3249 3249 3259 3259 3259 3249 3249 3249 3248 3248 3248 3260 3260 3260 3249 3249 3249 3261 3261 3261 3259 3259 3259 3259 3259 3259 3254 3254 3254 3250 3250 3250 3254 3254 3254 3259 3259 3259 3262 3262 3262 3254 3254 3254 3262 3262 3262 3253 3253 3253 3254 3254 3254 3240 3240 3240 3251 3251 3251 3254 3254 3254 3252 3252 3252 3240 3240 3240 3262 3262 3262 3263 3263 3263 3264 3264 3264 3262 3262 3262 3255 3255 3255 3253 3253 3253 3262 3262 3262 3264 3264 3264 3255 3255 3255 3265 3265 3265 3266 3266 3266 3208 3208 3208 3266 3266 3266 3267 3267 3267 3208 3208 3208 3266 3266 3266 3265 3265 3265 3268 3268 3268 3208 3208 3208 3212 3212 3212 3206 3206 3206 3208 3208 3208 3210 3210 3210 3265 3265 3265 3210 3210 3210 3194 3194 3194 3265 3265 3265 3210 3210 3210 3208 3208 3208 3205 3205 3205 3255 3255 3255 3134 3134 3134 3256 3256 3256 3255 3255 3255 3269 3269 3269 3134 3134 3134 3256 3256 3256 3270 3270 3270 3271 3271 3271 3256 3256 3256 3127 3127 3127 3124 3124 3124 3264 3264 3264 3272 3272 3272 3269 3269 3269 3273 3273 3273 3274 3274 3274 3275 3275 3275 3273 3273 3273 3276 3276 3276 3274 3274 3274 3273 3273 3273 3257 3257 3257 3110 3110 3110 3257 3257 3257 3275 3275 3275 3258 3258 3258 3110 3110 3110 3277 3277 3277 3278 3278 3278 3110 3110 3110 3279 3279 3279 3277 3277 3277 3110 3110 3110 3109 3109 3109 3279 3279 3279 3134 3134 3134 3133 3133 3133 3270 3270 3270 3269 3269 3269 3280 3280 3280 3129 3129 3129 3269 3269 3269 3129 3129 3129 3134 3134 3134 3269 3269 3269 3255 3255 3255 3264 3264 3264 3276 3276 3276 3273 3273 3273 3110 3110 3110 3276 3276 3276 3281 3281 3281 3282 3282 3282 3276 3276 3276 3110 3110 3110 3278 3278 3278 3283 3283 3283 3282 3282 3282 3284 3284 3284 3283 3283 3283 3285 3285 3285 3286 3286 3286 3285 3285 3285 3287 3287 3287 3288 3288 3288 3285 3285 3285 3288 3288 3288 3289 3289 3289 3286 3286 3286 3274 3274 3274 3283 3283 3283 3278 3278 3278 3277 3277 3277 3117 3117 3117 3278 3278 3278 3117 3117 3117 3113 3113 3113 3278 3278 3278 3290 3290 3290 3281 3281 3281 3281 3281 3281 3276 3276 3276 3278 3278 3278 3281 3281 3281 3291 3291 3291 3282 3282 3282 3292 3292 3292 3284 3284 3284 3282 3282 3282 3284 3284 3284 3293 3293 3293 3287 3287 3287 3282 3282 3282 3274 3274 3274 3276 3276 3276 3282 3282 3282 3283 3283 3283 3274 3274 3274 3282 3282 3282 3291 3291 3291 3292 3292 3292 3294 3294 3294 3292 3292 3292 3291 3291 3291 3294 3294 3294 3295 3295 3295 3292 3292 3292 3295 3295 3295 3296 3296 3296 3293 3293 3293 3295 3295 3295 3284 3284 3284 3292 3292 3292 3295 3295 3295 3297 3297 3297 3296 3296 3296 3115 3115 3115 3290 3290 3290 3113 3113 3113 3115 3115 3115 3114 3114 3114 3298 3298 3298 3290 3290 3290 3278 3278 3278 3113 3113 3113 3299 3299 3299 3300 3300 3300 3301 3301 3301 3299 3299 3299 3302 3302 3302 3303 3303 3303 3302 3302 3302 3304 3304 3304 3297 3297 3297 3302 3302 3302 3299 3299 3299 3305 3305 3305 3303 3303 3303 3302 3302 3302 3291 3291 3291 3303 3303 3303 3300 3300 3300 3299 3299 3299 3303 3303 3303 3291 3291 3291 3290 3290 3290 3303 3303 3303 3290 3290 3290 3115 3115 3115 3304 3304 3304 3302 3302 3302 3305 3305 3305 3304 3304 3304 3306 3306 3306 3307 3307 3307 3304 3304 3304 3308 3308 3308 3297 3297 3297 3307 3307 3307 3142 3142 3142 3141 3141 3141 3307 3307 3307 3309 3309 3309 3142 3142 3142 3305 3305 3305 3299 3299 3299 3301 3301 3301 3305 3305 3305 3310 3310 3310 3306 3306 3306 3305 3305 3305 3306 3306 3306 3304 3304 3304 3311 3311 3311 3301 3301 3301 3300 3300 3300 3311 3311 3311 3312 3312 3312 3313 3313 3313 3311 3311 3311 3314 3314 3314 3310 3310 3310 3300 3300 3300 3115 3115 3115 3298 3298 3298 3300 3300 3300 3303 3303 3303 3115 3115 3115 3309 3309 3309 3315 3315 3315 3142 3142 3142 3309 3309 3309 3306 3306 3306 3310 3310 3310 3309 3309 3309 3307 3307 3307 3306 3306 3306 3309 3309 3309 3316 3316 3316 3315 3315 3315 3315 3315 3315 3317 3317 3317 3139 3139 3139 3315 3315 3315 3139 3139 3139 3138 3138 3138 3315 3315 3315 3138 3138 3138 3142 3142 3142 3318 3318 3318 3319 3319 3319 3320 3320 3320 3318 3318 3318 3114 3114 3114 3321 3321 3321 3318 3318 3318 3298 3298 3298 3114 3114 3114 3298 3298 3298 3312 3312 3312 3300 3300 3300 3114 3114 3114 3116 3116 3116 3322 3322 3322 3316 3316 3316 3323 3323 3323 3317 3317 3317 3316 3316 3316 3324 3324 3324 3323 3323 3323 3316 3316 3316 3309 3309 3309 3314 3314 3314 3325 3325 3325 3313 3313 3313 3312 3312 3312 3313 3313 3313 3326 3326 3326 3314 3314 3314 3313 3313 3313 3325 3325 3325 3327 3327 3327 3312 3312 3312 3320 3320 3320 3325 3325 3325 3312 3312 3312 3298 3298 3298 3318 3318 3318 3312 3312 3312 3311 3311 3311 3300 3300 3300 3321 3321 3321 3328 3328 3328 3118 3118 3118 3321 3321 3321 3322 3322 3322 3328 3328 3328 3326 3326 3326 3329 3329 3329 3324 3324 3324 3326 3326 3326 3313 3313 3313 3327 3327 3327 3326 3326 3326 3327 3327 3327 3329 3329 3329 3329 3329 3329 3330 3330 3330 3324 3324 3324 3324 3324 3324 3330 3330 3330 3323 3323 3323 3324 3324 3324 3316 3316 3316 3326 3326 3326 3317 3317 3317 3315 3315 3315 3316 3316 3316 3331 3331 3331 3327 3327 3327 3325 3325 3325 3327 3327 3327 3330 3330 3330 3329 3329 3329 3320 3320 3320 3331 3331 3331 3325 3325 3325 3320 3320 3320 3312 3312 3312 3318 3318 3318 3320 3320 3320 3332 3332 3332 3331 3331 3331 3330 3330 3330 3327 3327 3327 3331 3331 3331 3330 3330 3330 3331 3331 3331 3332 3332 3332 3323 3323 3323 3333 3333 3333 3204 3204 3204 3323 3323 3323 3334 3334 3334 3333 3333 3333 3319 3319 3319 3318 3318 3318 3321 3321 3321 3319 3319 3319 3321 3321 3321 3100 3100 3100 3319 3319 3319 3335 3335 3335 3320 3320 3320 3334 3334 3334 3323 3323 3323 3330 3330 3330 3334 3334 3334 3332 3332 3332 3336 3336 3336 3334 3334 3334 3268 3268 3268 3333 3333 3333 3268 3268 3268 3336 3336 3336 3266 3266 3266 3268 3268 3268 3194 3194 3194 3333 3333 3333 3333 3333 3333 3196 3196 3196 3204 3204 3204 3121 3121 3121 3319 3319 3319 3100 3100 3100 3121 3121 3121 3120 3120 3120 3212 3212 3212 3121 3121 3121 3335 3335 3335 3319 3319 3319 3196 3196 3196 3193 3193 3193 3199 3199 3199 3111 3111 3111 3098 3098 3098 3104 3104 3104 3322 3322 3322 3321 3321 3321 3114 3114 3114 3118 3118 3118 3100 3100 3100 3321 3321 3321 3211 3211 3211 3205 3205 3205 3207 3207 3207 3211 3211 3211 3207 3207 3207 3216 3216 3216 3209 3209 3209 3195 3195 3195 3210 3210 3210 3336 3336 3336 3268 3268 3268 3334 3334 3334 3332 3332 3332 3335 3335 3335 3336 3336 3336 3332 3332 3332 3334 3334 3334 3330 3330 3330 3314 3314 3314 3311 3311 3311 3313 3313 3313 3314 3314 3314 3326 3326 3326 3316 3316 3316 3314 3314 3314 3309 3309 3309 3310 3310 3310 3310 3310 3310 3305 3305 3305 3301 3301 3301 3310 3310 3310 3301 3301 3301 3311 3311 3311 3297 3297 3297 3295 3295 3295 3294 3294 3294 3297 3297 3297 3294 3294 3294 3302 3302 3302 3297 3297 3297 3337 3337 3337 3296 3296 3296 3296 3296 3296 3337 3337 3337 3293 3293 3293 3293 3293 3293 3284 3284 3284 3295 3295 3295 3287 3287 3287 3285 3285 3285 3283 3283 3283 3287 3287 3287 3337 3337 3337 3338 3338 3338 3287 3287 3287 3283 3283 3283 3284 3284 3284 3288 3288 3288 3272 3272 3272 3289 3289 3289 3288 3288 3288 3287 3287 3287 3338 3338 3338 3289 3289 3289 3339 3339 3339 3285 3285 3285 3339 3339 3339 3289 3289 3289 3340 3340 3340 3339 3339 3339 3286 3286 3286 3285 3285 3285 3340 3340 3340 3341 3341 3341 3339 3339 3339 3340 3340 3340 3264 3264 3264 3263 3263 3263 3341 3341 3341 3340 3340 3340 3263 3263 3263 3341 3341 3341 3275 3275 3275 3339 3339 3339 3263 3263 3263 3342 3342 3342 3341 3341 3341 3263 3263 3263 3262 3262 3262 3261 3261 3261 3342 3342 3342 3247 3247 3247 3258 3258 3258 3342 3342 3342 3263 3263 3263 3261 3261 3261 3261 3261 3261 3262 3262 3262 3259 3259 3259 3261 3261 3261 3260 3260 3260 3342 3342 3342 3260 3260 3260 3261 3261 3261 3249 3249 3249 3248 3248 3248 3247 3247 3247 3260 3260 3260 3248 3248 3248 3249 3249 3249 3245 3245 3245 3251 3251 3251 3240 3240 3240 3239 3239 3239 3251 3251 3251 3250 3250 3250 3254 3254 3254 3239 3239 3239 3238 3238 3238 3246 3246 3246 3217 3217 3217 3223 3223 3223 3215 3215 3215 3217 3217 3217 3214 3214 3214 3211 3211 3211 3217 3217 3217 3216 3216 3216 3220 3220 3220 3127 3127 3127 3256 3256 3256 3271 3271 3271 3270 3270 3270 3256 3256 3256 3134 3134 3134 3143 3143 3143 3199 3199 3199 3203 3203 3203 3343 3343 3343 3344 3344 3344 3345 3345 3345 3343 3343 3343 3345 3345 3345 3346 3346 3346 3343 3343 3343 3346 3346 3346 3347 3347 3347 3344 3344 3344 3343 3343 3343 3348 3348 3348 3344 3344 3344 3349 3349 3349 3350 3350 3350 3344 3344 3344 3348 3348 3348 3349 3349 3349 3345 3345 3345 3351 3351 3351 3352 3352 3352 3345 3345 3345 3344 3344 3344 3353 3353 3353 3351 3351 3351 3345 3345 3345 3353 3353 3353 3346 3346 3346 3345 3345 3345 3354 3354 3354 3354 3354 3354 3345 3345 3345 3355 3355 3355 3348 3348 3348 3343 3343 3343 3356 3356 3356 3357 3357 3357 3358 3358 3358 3192 3192 3192 3358 3358 3358 3359 3359 3359 3360 3360 3360 3358 3358 3358 3361 3361 3361 3192 3192 3192 3192 3192 3192 3191 3191 3191 3357 3357 3357 3362 3362 3362 3363 3363 3363 3364 3364 3364 3362 3362 3362 3364 3364 3364 3365 3365 3365 3362 3362 3362 3366 3366 3366 3363 3363 3363 3363 3363 3363 3366 3366 3366 3367 3367 3367 3364 3364 3364 3363 3363 3363 3368 3368 3368 3366 3366 3366 3369 3369 3369 3370 3370 3370 3366 3366 3366 3362 3362 3362 3369 3369 3369 3367 3367 3367 3371 3371 3371 3372 3372 3372 3367 3367 3367 3366 3366 3366 3371 3371 3371 3369 3369 3369 3362 3362 3362 3373 3373 3373 3368 3368 3368 3363 3363 3363 3374 3374 3374 3373 3373 3373 3362 3362 3362 3375 3375 3375 3153 3153 3153 3144 3144 3144 3146 3146 3146 3360 3360 3360 3361 3361 3361 3358 3358 3358 3359 3359 3359 3162 3162 3162 3376 3376 3376 3376 3376 3376 3162 3162 3162 3158 3158 3158 3376 3376 3376 3360 3360 3360 3359 3359 3359 3167 3167 3167 3166 3166 3166 3165 3165 3165 3167 3167 3167 3377 3377 3377 3378 3378 3378 3167 3167 3167 3378 3378 3378 3168 3168 3168 3377 3377 3377 3178 3178 3178 3177 3177 3177 3160 3160 3160 3157 3157 3157 3159 3159 3159 3177 3177 3177 3378 3378 3378 3377 3377 3377 3177 3177 3177 3175 3175 3175 3174 3174 3174 3379 3379 3379 3190 3190 3190 3189 3189 3189 3379 3379 3379 3187 3187 3187 3190 3190 3190 3187 3187 3187 3379 3379 3379 3188 3188 3188 3212 3212 3212 3120 3120 3120 3213 3213 3213 3212 3212 3212 3208 3208 3208 3267 3267 3267 3212 3212 3212 3267 3267 3267 3121 3121 3121 3212 3212 3212 3207 3207 3207 3206 3206 3206 3195 3195 3195 3197 3197 3197 3193 3193 3193 3214 3214 3214 3195 3195 3195 3209 3209 3209 3214 3214 3214 3209 3209 3209 3211 3211 3211 3215 3215 3215 3225 3225 3225 3227 3227 3227 3215 3215 3215 3197 3197 3197 3214 3214 3214 3215 3215 3215 3214 3214 3214 3217 3217 3217 3219 3219 3219 3098 3098 3098 3106 3106 3106 3219 3219 3219 3106 3106 3106 3233 3233 3233 3234 3234 3234 3105 3105 3105 3242 3242 3242 3234 3234 3234 3238 3238 3238 3235 3235 3235 3106 3106 3106 3234 3234 3234 3233 3233 3233 3123 3123 3123 3122 3122 3122 3229 3229 3229 3123 3123 3123 3231 3231 3231 3240 3240 3240 3240 3240 3240 3237 3237 3237 3239 3239 3239 3244 3244 3244 3245 3245 3245 3241 3241 3241 3244 3244 3244 3112 3112 3112 3247 3247 3247 3247 3247 3247 3245 3245 3245 3244 3244 3244 3247 3247 3247 3342 3342 3342 3260 3260 3260 3258 3258 3258 3341 3341 3341 3342 3342 3342 3258 3258 3258 3112 3112 3112 3257 3257 3257 3275 3275 3275 3257 3257 3257 3273 3273 3273 3275 3275 3275 3341 3341 3341 3258 3258 3258 3275 3275 3275 3274 3274 3274 3286 3286 3286 3275 3275 3275 3286 3286 3286 3339 3339 3339 3272 3272 3272 3340 3340 3340 3289 3289 3289 3272 3272 3272 3280 3280 3280 3269 3269 3269 3272 3272 3272 3338 3338 3338 3280 3280 3280 3272 3272 3272 3264 3264 3264 3340 3340 3340 3338 3338 3338 3135 3135 3135 3280 3280 3280 3338 3338 3338 3272 3272 3272 3288 3288 3288 3337 3337 3337 3287 3287 3287 3293 3293 3293 3337 3337 3337 3297 3297 3297 3308 3308 3308 3135 3135 3135 3129 3129 3129 3280 3280 3280 3135 3135 3135 3338 3338 3338 3337 3337 3337 3135 3135 3135 3308 3308 3308 3136 3136 3136 3291 3291 3291 3281 3281 3281 3290 3290 3290 3291 3291 3291 3302 3302 3302 3294 3294 3294 3308 3308 3308 3135 3135 3135 3337 3337 3337 3308 3308 3308 3304 3304 3304 3307 3307 3307 3308 3308 3308 3141 3141 3141 3136 3136 3136 3141 3141 3141 3138 3138 3138 3130 3130 3130 3141 3141 3141 3130 3130 3130 3136 3136 3136 3141 3141 3141 3308 3308 3308 3307 3307 3307 3335 3335 3335 3332 3332 3332 3320 3320 3320 3335 3335 3335 3266 3266 3266 3336 3336 3336 3335 3335 3335 3267 3267 3267 3266 3266 3266 3335 3335 3335 3121 3121 3121 3267 3267 3267 3204 3204 3204 3139 3139 3139 3317 3317 3317 3204 3204 3204 3196 3196 3196 3199 3199 3199 3204 3204 3204 3317 3317 3317 3323 3323 3323 3194 3194 3194 3268 3268 3268 3265 3265 3265 3194 3194 3194 3210 3210 3210 3195 3195 3195 3194 3194 3194 3196 3196 3196 3333 3333 3333</p>
        </triangles>
      </mesh>
    </geometry>
  </library_geometries>
  <library_materials>
    <material id="7211fd07123a469e90974a2b7f3605ce" name="pbrmaterial">
      <instance_effect url="#c9db891b23264220b3487f394f4b054d" />
    </material>
  </library_materials>
  <library_visual_scenes>
    <visual_scene id="scene">
      <node id="node0" name="node0">
        <instance_geometry url="#897323339c3c4f24b12d38ffb2880d87">
          <bind_material>
            <technique_common>
              <instance_material symbol="material0" target="#7211fd07123a469e90974a2b7f3605ce" />
            </technique_common>
          </bind_material>
        </instance_geometry>
      </node>
    </visual_scene>
  </library_visual_scenes>
  <scene>
    <instance_visual_scene url="#scene" />
  </scene>
</COLLADA>
