<COLLADA xmlns="http://www.collada.org/2005/11/COLLADASchema" version="1.4.1">
  <asset>
    <created>2026-01-11T12:32:06.463361</created>
    <modified>2026-01-11T12:32:06.463364</modified>
    <up_axis>Y_UP</up_axis>
  </asset>
  <library_effects>
    <effect id="c06b1c2c73b54332893866355ca8fcc1" name="c06b1c2c73b54332893866355ca8fcc1">
      <profile_COMMON>
        <technique sid="common">
          <phong>
            <ambient>
              <color>0.0 0.0 0.0 1.0</color>
            </ambient>
            <diffuse>
              <color>1.0 1.0 1.0 1.0</color>
            </diffuse>
            <specular>
              <color>1.0 1.0 1.0 1.0</color>
            </specular>
            <shininess>
              <float>0.0</float>
            </shininess>
            <reflective>
              <color>0.0 0.0 0.0 1.0</color>
            </reflective>
            <reflectivity>
              <float>0.0</float>
            </reflectivity>
            <transparent>
              <color>0.0 0.0 0.0 1.0</color>
            </transparent>
            <transparency>
              <float>1.0</float>
            </transparency>
          </phong>
        </technique>
        <extra>
          <technique profile="GOOGLEEARTH">
            <double_sided>0</double_sided>
          </technique>
        </extra>
      </profile_COMMON>
    </effect>
  </library_effects>
  <library_geometries>
    <geometry id="b6ac2eb4395b45c797830073ac4ef898" name="f849df048a384c9f869692a4a333fb08">
      <mesh>
        <source id="verts-array">
          <float_array count="10905" id="verts-array-array">0.2044083 0.4395974 0.346349 0.2247586 0.9434474 0.3666993 0.06564161 0.8803763 0.3641519 0.02313816 0.8466434 0.3627894 -0.2038326 0.4251848 0.3443515 0.2038326 0.4251848 0.3443515 -0.2044083 0.4395974 0.346349 0.2186806 0.424558 0.3426492 0.2188391 0.4395974 0.3449219 0.2391894 0.9434474 0.3652722 0.0985169 0.9578601 0.365866 0.09397729 0.9434474 0.3666993 -0.2188734 0.4247432 0.3426565 -0.0665914 0.8824003 0.3642336 -0.2247586 0.9434474 0.3666993 -0.02138931 0.8466434 0.3627894 -0.09937224 0.9578601 0.3658155 -0.2253472 0.9578601 0.365866 -0.09629906 0.9434474 0.3666717 -0.2188391 0.4395974 0.3449219 0.2987558 0.9434474 0.292702 0.2979226 0.95786 -0.1574037 0.2979226 0.9578601 0.2932906 0.2769784 0.4395974 0.2867827 0.2784055 0.4395974 0.2723518 0.2784055 0.4395974 -0.1364647 0.2987558 0.9434473 -0.1568151 0.276408 0.4251848 0.2717761 0.276408 0.4251847 -0.135889 0.2747056 0.4245579 -0.1507371 0.2769784 0.4395973 -0.1508956 0.2973287 0.9434473 -0.171246 0.2747129 0.4247432 0.286817 -0.2987558 0.9434474 0.292702 -0.2979226 0.95786 -0.1574037 -0.2987558 0.9434473 -0.1568151 -0.2769784 0.4395974 0.2867827 -0.2973287 0.9434474 0.3071329 -0.2784055 0.4395974 -0.1364647 -0.2784055 0.4395974 0.2723518 -0.2747129 0.4247431 -0.1509299 -0.276408 0.4251847 -0.135889 -0.276408 0.4251848 0.2717761 -0.2747056 0.424558 0.2866241 -0.2769784 0.4395973 -0.1508956 -0.2015355 0.3671401 0.2839152 -0.2159716 0.3671401 0.269479 -0.2014846 0.3657206 0.2694281 -0.2164743 0.3688093 0.2846034 -0.2014846 0.3657205 -0.133541 -0.2300154 0.3713441 -0.1337543 -0.2159716 0.36714 -0.1335919 -0.2300154 0.3713441 0.2696414 -0.2016979 0.3713441 0.297959 -0.2166711 0.3733041 0.2987721 -0.2305907 0.3778073 0.2986023 -0.2307877 0.3733236 0.2847822 0.2015354 0.3671401 0.2839152 0.2016979 0.3713441 0.297959 -0.2299616 0.383839 0.3099335 -0.2019657 0.3781711 0.3110199 -0.2168041 0.3800019 0.3111368 -0.2170607 0.3883679 0.3215566 -0.2297485 0.3910312 0.3190391 -0.2023284 0.3873586 0.3225959 -0.2027723 0.3985537 0.3322423 -0.2176241 0.3984329 0.3303268 0.2019656 0.3781711 0.3110199 0.2023284 0.3873586 0.3225959 -0.2430763 0.3781711 0.2699092 -0.242003 0.383867 0.2979454 -0.2432672 0.3800734 0.284841 -0.2401737 0.388527 0.3081172 -0.2393264 0.3942501 0.3159566 -0.2546524 0.3873586 -0.1343849 -0.2430763 0.378171 -0.1340221 -0.2536788 0.388431 0.2850068 -0.2546524 0.3873586 0.270272 -0.2511116 0.3910467 0.2976927 -0.248013 0.3942501 0.3072699 -0.2454206 0.3969446 0.3133641 -0.2391894 0.9434474 0.3652722 -0.2319723 0.4109978 0.3330924 -0.218315 0.4106276 0.3375724 -0.2327166 0.4395974 0.3407071 -0.2328634 0.4247205 0.3381496 -0.2032802 0.411326 0.3395883 -0.2530669 0.9434474 0.3610574 -0.2449682 0.4248502 0.3314439 -0.243099 0.4118626 0.3270834 -0.2455073 0.4395974 0.3338666 -0.2658576 0.9434474 0.3542169 -0.2550598 0.4249238 0.3230666 -0.2519396 0.412359 0.3198986 -0.2567197 0.4395974 0.3246633 -0.2770701 0.9434474 0.3450135 -0.2862734 0.9434474 0.3338011 -0.2659231 0.4395974 0.3134508 -0.2306341 0.3998418 0.3265797 -0.240701 0.4018509 0.3219902 -0.2483562 0.4029227 0.3162998 -0.2634252 0.4247597 0.3129792 -0.2591103 0.4118234 0.3110529 -0.2540466 0.4018509 0.3086445 -0.2701799 0.4245539 0.3007586 -0.2696467 0.4105861 0.2860901 -0.2651462 0.4109299 0.2998451 -0.2716447 0.411326 0.2712237 -0.2716447 0.4113259 -0.1353367 -0.2642987 0.3985536 0.2707158 -0.2624577 0.3985039 0.2854799 -0.2586646 0.3998537 0.2985389 -0.2642988 0.3985536 -0.1348288 -0.2727636 0.4395974 0.3006601 -0.2931139 0.9434474 0.3210103 -0.1039805 0.9717189 0.3621452 -0.2259143 0.9717189 0.3622223 -0.2402458 0.9584868 0.3642143 -0.2408404 0.9724588 0.360284 -0.1096632 0.9844912 0.355805 -0.2264381 0.9844912 0.3559081 -0.2543806 0.9584909 0.359689 -0.2412062 0.9845409 0.354071 -0.2541561 0.9831911 0.3501689 -0.2545676 0.9721149 0.3557557 -0.1158066 0.9956861 0.3470431 -0.2268986 0.9956861 0.347166 -0.2540214 0.9919982 0.3433273 -0.2415468 0.9946139 0.3461058 -0.1216867 1.004874 0.3362012 -0.227278 1.004874 0.3363321 -0.2657033 0.9712214 0.3496476 -0.2665846 0.958285 0.3529175 -0.2641004 0.9811938 0.3453896 -0.2633398 0.9887946 0.3399699 -0.2745057 0.9706858 0.3424337 -0.2766586 0.958121 0.3445389 -0.2716691 0.9801221 0.3396126 -0.2692164 0.9861002 0.3371598 -0.2646495 0.9945178 0.3325929 -0.285042 0.9581946 0.3344532 -0.2817306 0.9711822 0.3336332 -0.2774461 0.9811938 0.3320439 -0.2720265 0.9887946 0.3312833 -0.2375474 1.015348 0.305429 -0.2558792 1.011701 0.2955051 -0.2565341 1.009741 0.31032 -0.2558792 1.0117 -0.1596182 -0.2683886 1.004874 -0.1593345 -0.2683886 1.004874 0.2952214 -0.2683577 1.003043 0.309912 -0.2668444 0.9992058 0.3227594 -0.2560005 1.005238 0.3238759 -0.2425426 1.009721 0.324435 -0.2375474 1.015348 0.305429 -0.2792225 0.995686 -0.1589551 -0.2792225 0.9956861 0.294842 -0.2781017 0.9946769 0.3094928 -0.2753691 0.9920135 0.3219655 -0.2879646 0.9844911 -0.1584947 -0.2879646 0.9844912 0.2943816 -0.2860589 0.9846118 0.3092431 -0.2275617 1.011701 0.3238227 -0.254854 0.9991778 0.3347987 -0.2420561 1.002971 0.3363693 -0.1309792 1.015905 0.3100157 -0.2375474 1.015348 0.305429 -0.2821978 0.983203 0.3221393 -0.1267086 1.011701 0.3236998 -0.2979226 0.9578601 0.2932906 -0.2942788 0.9717188 -0.1579708 -0.2962632 0.9583016 0.3083671 -0.2917581 0.9583243 0.3223589 -0.2942788 0.9717189 0.2938577 -0.2923193 0.9724172 0.3089489 -0.2878094 0.972047 0.3225763 -0.2015354 0.36714 -0.148028 0.2016979 0.3713441 -0.1620719 0.2015355 0.36714 -0.148028 -0.2166598 0.3688093 -0.1485307 -0.2306588 0.3778072 -0.1626472 -0.2168387 0.3733235 -0.1628441 -0.2016979 0.3713441 -0.1620719 -0.2308286 0.373304 -0.1487275 -0.24199 0.3838389 -0.162018 -0.2431933 0.3800018 -0.1488606 -0.2536131 0.3883678 -0.1491172 -0.2510956 0.3910312 -0.161805 -0.2623833 0.3984329 -0.1496805 -0.2019656 0.378171 -0.1751328 -0.2300018 0.3838669 -0.1740595 -0.2168975 0.3800733 -0.1753236 -0.2401737 0.3885269 -0.1722302 -0.248013 0.3942501 -0.1713828 -0.2170632 0.3884309 -0.1857352 -0.2023284 0.3873585 -0.1867088 0.2023284 0.3873585 -0.1867088 0.2019657 0.378171 -0.1751328 -0.2297492 0.3910466 -0.1831681 -0.2393263 0.3942501 -0.1800695 -0.2454206 0.3969445 -0.177477 -0.2973287 0.9434473 -0.171246 -0.2651488 0.4109977 -0.1640288 -0.2696288 0.4106275 -0.1503715 -0.2727636 0.4395973 -0.164773 -0.2702061 0.4247204 -0.1649199 -0.2635004 0.4248501 -0.1770247 -0.2931139 0.9434473 -0.1851234 -0.2591399 0.4118625 -0.1751555 -0.2659231 0.4395973 -0.1775637 -0.255123 0.4249238 -0.1871163 -0.2862734 0.9434473 -0.1979141 -0.2519551 0.4123589 -0.1839961 -0.2567197 0.4395973 -0.1887762 -0.2770701 0.9434473 -0.2091266 -0.2658576 0.9434473 -0.2183299 -0.2455073 0.4395973 -0.1979795 -0.2586361 0.3998417 -0.1626905 -0.2540466 0.4018508 -0.1727575 -0.2483562 0.4029226 -0.1804127 -0.2450356 0.4247597 -0.1954816 -0.2431094 0.4118234 -0.1911667 -0.240701 0.4018508 -0.1861031 -0.2188391 0.4395973 -0.2090348 -0.2247586 0.9434473 -0.2308124 -0.2044083 0.4395974 -0.2104619 -0.2186806 0.4245579 -0.2067621 -0.2328151 0.4245538 -0.2022364 0.2038326 0.4251847 -0.2084644 -0.2038326 0.4251847 -0.2084644 0.2044083 0.4395974 -0.210462 0.2247586 0.9434473 -0.2308124 -0.2181465 0.410586 -0.2017031 -0.2319016 0.4109298 -0.1972026 -0.2032802 0.4113259 -0.2037012 0.2032802 0.4113259 -0.2037012 -0.2027723 0.3985536 -0.1963552 -0.2175363 0.3985039 -0.1945142 0.2027723 0.3985536 -0.1963552 -0.2305953 0.3998537 -0.190721 -0.2327165 0.4395973 -0.20482 -0.2530669 0.9434473 -0.2251705 -0.2391894 0.9434473 -0.2293852 -0.2374856 1.015348 -0.169604 0.2275617 1.0117 -0.1879358 -0.2275617 1.0117 -0.1879358 0.08356035 1.017324 -0.0904682 0.2375474 1.015348 -0.1695421 -0.2423766 1.009741 -0.1885906 -0.2419685 1.003043 -0.2004143 -0.254816 0.9992057 -0.198901 -0.2559324 1.005237 -0.188057 -0.2564916 1.009721 -0.1745991 -0.2374856 1.015348 -0.169604 -0.254022 0.9920134 -0.2074256 -0.227278 1.004874 -0.2004452 -0.2415494 0.9946768 -0.2101582 0.227278 1.004874 -0.2004452 -0.2268986 0.995686 -0.2112791 -0.2412996 0.9846117 -0.2181154 0.2264381 0.9844911 -0.2200211 -0.2264381 0.9844911 -0.2200211 0.2268986 0.995686 -0.2112791 -0.2668552 0.9991777 -0.1869106 -0.2684259 1.002971 -0.1741127 -0.2374856 1.015348 -0.169604 -0.2646495 0.9945177 -0.196706 -0.2633398 0.9887945 -0.204083 -0.2541958 0.9832029 -0.2142544 -0.2753838 0.9919981 -0.1860779 -0.2781623 0.9946138 -0.1736033 -0.2720265 0.9887945 -0.1953963 -0.2692164 0.9861001 -0.2012729 -0.2641004 0.9811937 -0.2095026 -0.2861276 0.9845408 -0.1732627 -0.2822254 0.983191 -0.1862127 -0.2774461 0.9811937 -0.196157 -0.2253472 0.95786 -0.2299791 -0.2404237 0.9583015 -0.2283197 -0.2544155 0.9583242 -0.2238147 -0.2259143 0.9717188 -0.2263353 0.2253472 0.95786 -0.2299791 -0.2410055 0.9724171 -0.2243758 -0.2665098 0.9581946 -0.2170985 -0.2765954 0.9581209 -0.2087152 -0.2744903 0.9706857 -0.2065622 -0.2849741 0.9582849 -0.1986411 0.2259143 0.9717188 -0.2263354 -0.2546329 0.9720469 -0.219866 -0.2656898 0.9711821 -0.2137871 -0.2716691 0.980122 -0.2037257 -0.2817042 0.9712213 -0.1977598 -0.2962708 0.9584867 -0.1723023 -0.2923405 0.9724587 -0.1728969 -0.2878123 0.9721148 -0.1866242 -0.2917455 0.9584908 -0.1864372 0.2159716 0.3671401 0.269479 0.2166598 0.3688093 0.2844179 0.2014846 0.3657206 0.2694281 0.2300154 0.3713441 0.2696414 0.2308286 0.3733041 0.2846147 0.2014846 0.3657205 -0.133541 0.2159716 0.36714 -0.1335919 0.2300154 0.3713441 -0.1337543 0.2430763 0.378171 -0.1340221 0.2430763 0.3781711 0.2699092 0.2431933 0.3800019 0.2847477 0.2546524 0.3873586 -0.1343849 0.2536131 0.3883679 0.2850043 0.2510956 0.3910312 0.2976921 0.2546524 0.3873586 0.270272 0.2642988 0.3985536 0.2707159 0.2623833 0.3984329 0.2855676 0.2168387 0.3733236 0.2987312 0.2306588 0.3778073 0.2985343 0.24199 0.383839 0.2979051 0.2401737 0.388527 0.3081172 0.248013 0.3942501 0.3072699 0.2168975 0.3800734 0.3112107 0.2300018 0.383867 0.3099466 0.2454206 0.3969446 0.3133641 0.2170632 0.388431 0.3216224 0.2297492 0.3910467 0.3190552 0.2393263 0.3942501 0.3159566 0.2973287 0.9434474 0.3071329 0.2651488 0.4109978 0.2999158 0.2696288 0.4106276 0.2862586 0.2727636 0.4395974 0.3006601 0.2702061 0.4247205 0.300807 0.2716447 0.411326 0.2712238 0.2716447 0.4113259 -0.1353366 0.2931139 0.9434474 0.3210103 0.2635004 0.4248502 0.3129117 0.2591399 0.4118626 0.3110426 0.2659231 0.4395974 0.3134508 0.255123 0.4249238 0.3230034 0.2862734 0.9434474 0.333801 0.2519551 0.412359 0.3198832 0.2567197 0.4395974 0.3246633 0.2770701 0.9434474 0.3450135 0.2658576 0.9434474 0.3542168 0.2455073 0.4395974 0.3338666 0.2586361 0.3998418 0.2985776 0.2540466 0.4018509 0.3086445 0.2483562 0.4029227 0.3162998 0.2431094 0.4118235 0.3270538 0.2450356 0.4247597 0.3313687 0.2642987 0.3985536 -0.1348288 0.240701 0.4018509 0.3219902 0.2328151 0.4245539 0.3381235 0.2032802 0.411326 0.3395883 0.2181465 0.4105861 0.3375902 0.2319016 0.4109299 0.3330897 0.2027723 0.3985537 0.3322423 0.2175363 0.398504 0.3304013 0.2305953 0.3998538 0.3266082 0.2327165 0.4395974 0.3407071 0.2530669 0.9434474 0.3610574 0.2374856 1.015348 0.3054908 0.2275617 1.011701 0.3238227 0.2423766 1.009741 0.3244775 0.227278 1.004874 0.3363321 0.2419685 1.003043 0.3363011 0.1326489 1.015905 0.3101184 0.1272524 1.011701 0.3238227 0.2564916 1.009721 0.310486 0.2374856 1.015348 0.3054908 0.254816 0.9992058 0.3347879 0.2415494 0.9946769 0.3460452 0.1214372 1.004874 0.3363321 0.2268986 0.9956861 0.347166 0.254022 0.9920135 0.3433125 0.1154266 0.9956861 0.347166 0.2412996 0.9846118 0.3540023 0.2558792 1.011701 0.2955051 0.2559324 1.005238 0.3239439 0.2668552 0.9991777 0.3227975 0.2683886 1.004874 -0.1593345 0.2558792 1.0117 -0.1596182 0.2684259 1.002971 0.3099996 0.2375474 1.015348 -0.1695421 0.2646495 0.9945178 0.3325929 0.2633398 0.9887946 0.3399699 0.2541958 0.983203 0.3501413 0.2683886 1.004874 0.2952214 0.2781623 0.9946138 0.3094902 0.2753838 0.9919982 0.3219648 0.2720265 0.9887946 0.3312833 0.2692164 0.9861002 0.3371598 0.2641004 0.9811938 0.3453895 0.2792225 0.9956861 0.294842 0.2792225 0.995686 -0.1589551 0.2861276 0.9845409 0.3091496 0.2879646 0.9844912 0.2943816 0.2822254 0.9831911 0.3220996 0.2774461 0.9811938 0.3320439 0.2253472 0.9578601 0.365866 0.2404237 0.9583016 0.3642067 0.1037419 0.9717189 0.3622222 0.2259143 0.9717189 0.3622222 0.2544155 0.9583243 0.3597016 0.2665098 0.9581946 0.3529854 0.2410055 0.9724172 0.3602628 0.2765954 0.958121 0.3446021 0.2744903 0.9706858 0.3424492 0.2849741 0.958285 0.334528 0.1094516 0.9844912 0.355908 0.2264381 0.9844912 0.355908 0.2546329 0.972047 0.3557529 0.2656898 0.9711822 0.349674 0.2716691 0.9801221 0.3396126 0.2817042 0.9712214 0.3336467 0.2962708 0.9584868 0.3081893 0.2942788 0.9717189 0.2938577 0.2923405 0.9724588 0.3087838 0.2917455 0.9584909 0.3223241 0.2878123 0.9721149 0.3225111 0.2942788 0.9717188 -0.1579708 0.2879646 0.9844911 -0.1584947 0.2164743 0.3688093 -0.1487163 0.2166711 0.373304 -0.162885 0.2305907 0.3778072 -0.1627152 0.2168041 0.3800018 -0.1752497 0.2299616 0.3838389 -0.1740464 0.2170607 0.3883678 -0.1856695 0.2297485 0.3910312 -0.183152 0.2176241 0.3984329 -0.1944397 0.2307877 0.3733235 -0.1488951 0.242003 0.3838669 -0.1620583 0.2401737 0.3885269 -0.1722302 0.2393264 0.3942501 -0.1800695 0.2432672 0.3800733 -0.1489539 0.2536788 0.3884309 -0.1491197 0.2511116 0.3910466 -0.1618056 0.248013 0.3942501 -0.1713828 0.2454206 0.3969445 -0.177477 0.2188391 0.4395973 -0.2090348 0.2391894 0.9434473 -0.2293852 0.2188734 0.4247431 -0.2067694 0.2327166 0.4395973 -0.20482 0.2328634 0.4247204 -0.2022625 0.2319723 0.4109977 -0.1972053 0.218315 0.4106275 -0.2016853 0.2530669 0.9434473 -0.2251705 0.2449682 0.4248501 -0.1955568 0.243099 0.4118625 -0.1911963 0.2455073 0.4395973 -0.1979795 0.2550598 0.4249238 -0.1871794 0.2658576 0.9434473 -0.2183299 0.2519396 0.4123589 -0.1840115 0.2567197 0.4395973 -0.1887762 0.2659231 0.4395973 -0.1775637 0.2770701 0.9434473 -0.2091266 0.2862734 0.9434473 -0.1979141 0.2306341 0.3998417 -0.1906925 0.240701 0.4018508 -0.1861031 0.2483562 0.4029226 -0.1804127 0.2591103 0.4118234 -0.1751658 0.2634252 0.4247597 -0.1770921 0.2540466 0.4018508 -0.1727575 0.2701799 0.4245538 -0.1648716 0.2696467 0.410586 -0.150203 0.2651462 0.4109298 -0.163958 0.2624577 0.3985039 -0.1495928 0.2586646 0.3998537 -0.1626518 0.2727636 0.4395973 -0.164773 0.2931139 0.9434473 -0.1851234 0.2565341 1.009741 -0.1744331 0.2374856 1.015348 0.3054908 0.2425426 1.009721 -0.1885481 0.2375474 1.015348 -0.1695421 0.2683577 1.003043 -0.1740251 0.2781017 0.9946768 -0.1736059 0.2753691 0.9920134 -0.1860786 0.2860589 0.9846117 -0.1733562 0.2560005 1.005237 -0.187989 0.2668444 0.9992057 -0.1868726 0.2646495 0.9945177 -0.196706 0.2720265 0.9887945 -0.1953963 0.2821978 0.983203 -0.1862523 0.2420561 1.002971 -0.2004824 0.254854 0.9991777 -0.1989118 0.2633398 0.9887945 -0.204083 0.2692164 0.9861001 -0.2012729 0.2774461 0.9811937 -0.196157 0.2415468 0.9946138 -0.2102189 0.2412062 0.9845408 -0.2181841 0.2540214 0.9919981 -0.2074404 0.2541561 0.983191 -0.214282 0.2641004 0.9811937 -0.2095027 0.2962632 0.9583015 -0.1724802 0.2917581 0.9583242 -0.186472 0.2923193 0.9724171 -0.173062 0.285042 0.9581946 -0.1985663 0.2766586 0.9581209 -0.208652 0.2745057 0.9706857 -0.2065468 0.2665846 0.9582849 -0.2170306 0.2878094 0.9720469 -0.1866894 0.2817306 0.9711821 -0.1977463 0.2716691 0.980122 -0.2037257 0.2657033 0.9712213 -0.2137607 0.2402458 0.9584867 -0.2283274 0.2408404 0.9724587 -0.2243971 0.2543806 0.9584908 -0.2238021 0.2545676 0.9721148 -0.2198688 -0.1584116 1.017324 -0.0156169 0.1584116 1.017324 -0.0156169 -0.08356035 1.017324 -0.0904682 -0.1364882 1.017324 -0.06854475 -0.1584116 1.017324 0.2263551 0.08356035 1.017324 -0.0904682 0.1584116 1.017324 0.2263551 0.1364882 1.017324 -0.06854475 -0.1584116 1.017324 -0.0156169 -0.2113106 1.016002 -0.1434085 -0.1584116 1.017324 0.2263551 -0.1739054 1.016937 -0.08405061 0.2113519 1.016002 -0.1433671 0.1584116 1.017324 -0.0156169 0.1584116 1.017324 0.2263551 -0.1309792 1.015905 0.3100157 0.1584116 1.017324 0.2263551 -0.1584116 1.017324 0.2263551 0.1272524 1.011701 0.3238227 0.1326489 1.015905 0.3101184 0.2139894 0.8587901 0.3792876 0.216347 0.8605606 0.3379573 0.1618925 0.8635717 0.3381136 0.1619065 0.8612942 0.3798905 0.1618658 0.8597634 0.3859168 0.2146109 0.85731 0.385304 0.2159458 0.858788 0.3772247 0.1617238 0.8588293 0.3379699 0.2223717 0.859025 0.3379035 0.2286687 0.8564732 0.3378185 0.2286482 0.8564541 0.3378179 0.1097749 0.8624887 0.3795242 0.215551 0.858736 0.3789122 0.217866 0.8571934 0.3846148 0.219882 0.8571602 0.383243 0.2212597 0.8571838 0.3811817 0.2219525 0.8572907 0.3778418 0.2315648 0.8048792 0.3362488 0.2313591 0.8422226 0.3786238 0.2304956 0.8036523 0.3779738 0.2304956 0.8036523 0.3779738 0.2266928 0.7990498 0.3738948 0.2266478 0.8001968 0.3361126 0.2254698 0.7987136 0.3801897 0.2319617 0.8438994 0.3374329 0.1073614 0.8644286 0.3382047 0.09479943 0.8612044 0.3381218 0.09478036 0.8612249 0.3381225 0.107814 0.8626257 0.3774703 0.1082117 0.8625455 0.3791559 0.1012427 0.8633239 0.3381785 0.101719 0.8615579 0.3781148 0.1024177 0.8614016 0.3814515 0.1037996 0.86128 0.3835065 0.105819 0.86117 0.3848691 0.1090773 0.8610555 0.3855436 0.1595997 0.7953247 0.3950837 0.1088528 0.8002538 0.3905441 0.1594216 0.7906179 0.3901913 0.1056365 0.8052529 0.3944909 0.2105472 0.7966446 0.3903133 0.2141277 0.8014026 0.3942446 0.1027326 0.8014578 0.3893341 0.09127163 0.8471944 0.3789418 0.08822692 0.8099663 0.3365743 0.08939568 0.8086601 0.3782941 0.09060252 0.8489163 0.3377538 0.09284405 0.8038002 0.3741987 0.08939568 0.8086601 0.3782941 0.0925795 0.8469062 0.385073 0.0921729 0.8549287 0.3379345 0.09279897 0.8049471 0.3364164 0.2266928 0.7990498 0.3738948 0.2151152 0.7118872 0.3334456 0.2266478 0.8001968 0.3361126 0.2151604 0.7107385 0.3712871 0.2254698 0.7987136 0.3801897 0.1594216 0.7906179 0.3901913 0.1121191 0.7138984 0.3879188 0.1566373 0.7123184 0.3878178 0.2011554 0.7107384 0.3877167 0.2105472 0.7966446 0.3903133 0.2065209 0.7105858 0.3864563 0.1088528 0.8002538 0.3905441 0.1067507 0.7141267 0.3866828 0.2141003 0.7105859 0.3775647 0.2011554 0.7107384 0.3877167 0.2151604 0.7107385 0.3712871 0.1566373 0.7123184 0.3878178 0.1565726 0.7139649 0.3335785 0.2110665 0.7105323 0.3828914 0.2065209 0.7105858 0.3864563 0.2151152 0.7118872 0.3334456 0.09807507 0.7148938 0.3715529 0.09802993 0.7160426 0.3337114 0.09284405 0.8038002 0.3741987 0.09802993 0.7160426 0.3337114 0.09807507 0.7148938 0.3715529 0.09279897 0.8049471 0.3364164 0.09406868 0.803377 0.380488 0.09076959 0.8082469 0.3844391 0.0961049 0.8465968 0.3902918 0.2302942 0.8483257 0.3785989 0.1613511 0.8446459 0.395525 0.1077946 0.8521854 0.3939588 0.1074047 0.846099 0.3950734 0.1056365 0.8052529 0.3944909 0.1595997 0.7953247 0.3950837 0.2141277 0.8014026 0.3942446 0.2152622 0.8422711 0.3948285 0.09955905 0.806403 0.3932048 0.1020529 0.8523874 0.3927655 0.1013108 0.8463134 0.3938035 0.2202655 0.8021191 0.3929308 0.2290794 0.8481407 0.3843893 0.2300619 0.8420269 0.3847609 0.09955905 0.806403 0.3932048 0.09754107 0.8025546 0.3858029 0.09433847 0.8074543 0.3896751 0.09076959 0.8082469 0.3844391 0.09406868 0.803377 0.380488 0.2167319 0.7974119 0.3890753 0.2110665 0.7105323 0.3828914 0.221972 0.7981385 0.3855204 0.2141003 0.7105859 0.3775647 0.1027326 0.8014578 0.3893341 0.1021966 0.7143961 0.3831386 0.09754107 0.8025546 0.3858029 0.0991501 0.7146655 0.3778257 0.2291238 0.8033367 0.3841251 0.221972 0.7981385 0.3855204 0.2255315 0.8027983 0.3893773 0.2202655 0.8021191 0.3929308 0.2167319 0.7974119 0.3890753 0.09433847 0.8074543 0.3896751 0.2213502 0.8420532 0.393531 0.2255315 0.8027983 0.3893773 0.09724514 0.8526492 0.389522 0.2291238 0.8033367 0.3841251 0.2258353 0.8480854 0.38923 0.2265471 0.8419674 0.3899957 0.1121191 0.7138984 0.3879188 0.0991501 0.7146655 0.3778257 0.1021966 0.7143961 0.3831386 0.1067507 0.7141267 0.3866828 0.09590924 0.859988 0.3380836 0.09478036 0.8612249 0.3381225 0.2274548 0.8553194 0.3377849 0.2286687 0.8564732 0.3378185 0.2269911 0.8536168 0.3783243 0.2308224 0.850008 0.3376197 0.161746 0.8560619 0.3910043 0.108382 0.8574374 0.3906124 0.1615653 0.8507534 0.3943782 0.1036359 0.8576044 0.3896281 0.09994716 0.8578052 0.3871393 0.09399122 0.852935 0.384696 0.09744592 0.8580251 0.3834242 0.09643496 0.8582503 0.3786207 0.09276633 0.8532065 0.3789111 0.215071 0.8536509 0.3903702 0.2234948 0.8534204 0.3868588 0.2198124 0.8534812 0.3893644 0.2152997 0.84837 0.3937147 0.2210358 0.8481646 0.3924954 0.2259885 0.8534631 0.3831325 -0.02138931 0.8466434 0.3627894 0.06564161 0.8803763 0.3641519 -0.0665914 0.8824003 0.3642336 0.02313816 0.8466434 0.3627894 0.09397729 0.9434474 0.3666993 -0.09629906 0.9434474 0.3666717 0.1214372 1.004874 0.3363321 -0.1216867 1.004874 0.3362012 0.1154266 0.9956861 0.347166 -0.1267086 1.011701 0.3236998 -0.1096632 0.9844912 0.355805 0.1094516 0.9844912 0.355908 -0.1158066 0.9956861 0.3470431 -0.09937224 0.9578601 0.3658155 0.09397729 0.9434474 0.3666993 0.0985169 0.9578601 0.365866 -0.09629906 0.9434474 0.3666717 -0.1039805 0.9717189 0.3621452 0.1037419 0.9717189 0.3622222 -0.3388635 1.761766 0.582001 0.3388634 1.796034 0.5781419 -0.3388634 1.796034 0.5781419 0.3388635 1.084039 0.5820011 0.3388635 1.761766 0.582001 -0.3388635 1.084039 0.5820011 -0.3388634 1.049772 0.578142 0.3388634 1.049772 0.578142 0.3731308 1.084039 0.578142 -0.3731308 1.761766 0.5781419 -0.3731308 1.084039 0.578142 0.4929342 1.761766 0.4279302 0.4929342 1.084039 -0.2497966 0.4929342 1.761766 -0.2497968 0.4890751 1.796034 -0.2497967 0.4890751 1.796034 0.4279302 0.4929342 1.084039 0.4279303 0.4890751 1.049772 0.4279303 0.4890751 1.049772 -0.2497966 0.4890751 1.084039 -0.284064 0.4890751 1.761766 0.4621976 -0.3388635 1.915837 -0.2497968 -0.3388635 1.915837 0.4279302 0.3388635 1.915837 -0.2497968 -0.3731308 1.911978 -0.2497967 -0.3731308 1.911978 0.4279302 0.3388635 1.915837 0.4279302 0.3731308 1.911978 0.4279302 -0.3388634 1.911978 0.4621975 0.3388634 1.911978 0.4621975 -0.4929342 1.761766 -0.2497968 -0.4890751 1.796034 0.4279302 -0.4890751 1.796034 -0.2497967 -0.4929342 1.084039 0.4279303 -0.4929342 1.761766 0.4279302 -0.4929342 1.084039 -0.2497966 -0.4890751 1.049772 -0.2497966 -0.4890751 1.049772 0.4279303 -0.4890751 1.084039 0.4621977 -0.4890751 1.761766 0.4621976 -0.4890751 1.761766 -0.2840641 0.3388635 1.761766 -0.4038674 -0.3388634 1.796034 -0.4000083 0.3388634 1.796034 -0.4000083 -0.3388635 1.084039 -0.4038673 -0.3388635 1.761766 -0.4038674 0.3388635 1.084039 -0.4038673 0.3388634 1.049772 -0.4000082 -0.3388634 1.049772 -0.4000082 -0.3731308 1.084039 -0.4000082 0.3731308 1.761766 -0.4000083 -0.3388634 0.9338278 0.4621977 -0.3731308 0.9338278 0.4279303 -0.3388635 0.9299687 0.4279304 -0.3388635 0.9299686 -0.2497966 -0.3742294 0.9384031 0.4636666 -0.4056969 0.9452192 0.4279303 -0.3388634 0.9452192 0.4947637 -0.3740833 0.9503479 0.4959298 -0.4049182 0.9615677 0.4940758 -0.406843 0.9504182 0.463454 -0.3736381 0.9676047 0.522648 -0.4024719 0.9761498 0.5176609 -0.4025075 0.9942864 0.5357802 -0.3388634 0.9635779 0.5239865 -0.3737453 0.9891708 0.5442101 -0.3388634 1.017206 0.5667506 -0.3743872 1.01606 0.5615516 -0.3388634 0.9879833 0.5483919 -0.4337321 0.9677597 0.4628122 -0.4349197 0.9635779 0.4279303 -0.3731308 0.9338277 -0.2497966 -0.4286166 0.9761896 0.4915744 -0.4230862 0.9863111 0.5121531 -0.4230863 0.9998167 0.5256586 -0.4552983 0.9893219 0.4627049 -0.4056969 0.9452191 -0.2497966 -0.459325 0.9879833 0.4279303 -0.4467531 0.994309 0.4915388 -0.4365918 0.9998167 0.5121531 -0.4056969 1.761766 0.5667505 -0.4056969 1.084039 0.5667506 -0.3745997 1.048674 0.5735667 -0.4050089 1.017985 0.5504021 -0.4068629 1.04882 0.5616218 -0.4349197 1.761766 0.5483918 -0.4349197 1.084039 0.5483918 -0.4335811 1.049265 0.5443651 -0.428594 1.020431 0.53582 -0.459325 1.761766 0.5239863 -0.4593251 1.084039 0.5239865 -0.4551433 1.049158 0.522799 -0.4467133 1.020396 0.5176834 -0.4776838 1.084039 0.4947637 -0.4776838 1.761766 0.4947636 -0.4724847 1.048516 0.4959098 -0.4613352 1.017894 0.493985 -0.4844998 1.048303 0.4632962 -0.4776838 1.017206 -0.2497966 -0.4776838 1.017206 0.4279303 -0.472555 1.01604 0.4631502 -0.4593251 0.9879831 -0.2497966 -0.4349197 0.9635778 -0.2497966 -0.3742294 1.797503 0.5735666 -0.4049182 1.827912 0.5504019 -0.406843 1.79729 0.5615515 -0.3388634 1.8286 0.5667505 -0.3740833 1.829766 0.5616216 -0.3736381 1.856484 0.544365 -0.4024719 1.851497 0.5358199 -0.3388634 1.857823 0.5483917 -0.4025075 1.869616 0.5176833 -0.3737453 1.878046 0.5227988 -0.3388634 1.900587 0.4947636 -0.3743872 1.895388 0.4959097 -0.3388634 1.882228 0.5239863 -0.4337321 1.796648 0.54421 -0.4286166 1.82541 0.53578 -0.4230862 1.845989 0.5256584 -0.4230863 1.859495 0.512153 -0.4365918 1.845989 0.512153 -0.4056969 1.900587 -0.2497967 -0.4056969 1.900587 0.4279302 -0.3745997 1.907403 0.4632961 -0.4068629 1.895458 0.46315 -0.4050089 1.884238 0.4939849 -0.4335811 1.878201 0.4627048 -0.4349197 1.882228 -0.2497967 -0.4349197 1.882228 0.4279302 -0.428594 1.869656 0.4915387 -0.4467133 1.85152 0.4915742 -0.459325 1.857822 -0.2497967 -0.4593251 1.857823 0.4279302 -0.4551433 1.856635 0.462812 -0.4776838 1.8286 -0.2497967 -0.4776838 1.8286 0.4279302 -0.4724847 1.829746 0.4634539 -0.4613352 1.827821 0.4940757 -0.4467531 1.825375 0.5176607 -0.4844998 1.797132 0.4636665 -0.472555 1.796986 0.4959296 -0.4552983 1.796541 0.5226479 -0.3388634 0.9338277 -0.284064 -0.3745997 0.938403 -0.2851625 -0.4068629 0.9503478 -0.2850164 -0.3388634 0.9452191 -0.31663 -0.4050089 0.9615676 -0.3158513 -0.3743872 0.950418 -0.3177761 -0.4335811 0.9676045 -0.2845712 -0.428594 0.9761497 -0.3134051 -0.4551433 0.9891707 -0.2846784 -0.4467133 0.9942862 -0.3134406 -0.4724847 1.01606 -0.2853203 -0.3737453 0.9677596 -0.3446652 -0.3388634 0.9635778 -0.3458528 -0.4025075 0.9761895 -0.3395497 -0.4230863 0.986311 -0.3340194 -0.4365918 0.9998165 -0.3340194 -0.3736381 0.9893217 -0.3662315 -0.3388634 0.9879831 -0.3702581 -0.4024719 0.9943088 -0.3576863 -0.4230862 0.9998165 -0.3475249 -0.4890751 1.084039 -0.284064 -0.4776838 1.761766 -0.3166301 -0.4844998 1.048673 -0.2855329 -0.4776838 1.084039 -0.31663 -0.472555 1.04882 -0.317796 -0.4613352 1.017985 -0.3159421 -0.4593251 1.761766 -0.3458529 -0.4552983 1.049265 -0.3445143 -0.4467531 1.020431 -0.3395271 -0.459325 1.084039 -0.3458528 -0.4349197 1.761766 -0.3702583 -0.4337321 1.049157 -0.3660764 -0.4286166 1.020395 -0.3576465 -0.4349197 1.084039 -0.3702582 -0.4056969 1.084039 -0.3886169 -0.4056969 1.761766 -0.3886171 -0.406843 1.048516 -0.3834179 -0.4049182 1.017894 -0.3722684 -0.3731308 1.761766 -0.4000083 -0.3742294 1.048303 -0.3954329 0.3388634 1.017206 -0.3886169 -0.3388634 1.017206 -0.3886169 -0.3740833 1.01604 -0.3834882 0.3388634 0.9879831 -0.3702582 0.3388634 0.9635778 -0.3458528 -0.3388634 1.911978 -0.2840641 -0.3742294 1.907403 -0.285533 -0.3388634 1.900587 -0.3166302 -0.3740833 1.895458 -0.3177962 -0.4049182 1.884238 -0.3159422 -0.406843 1.895387 -0.2853205 -0.3736381 1.878201 -0.3445144 -0.4024719 1.869656 -0.3395273 -0.4025075 1.851519 -0.3576466 -0.3388634 1.882228 -0.3458529 -0.3737453 1.856635 -0.3660765 0.3388634 1.882228 -0.3458529 0.3388634 1.857822 -0.3702583 -0.3388634 1.857822 -0.3702583 -0.3388634 1.8286 -0.3886171 -0.3743872 1.829746 -0.383418 0.3388634 1.8286 -0.3886171 -0.4337321 1.878046 -0.2846786 -0.4286166 1.869616 -0.3134408 -0.4230862 1.859494 -0.3340196 -0.4230863 1.845989 -0.347525 -0.4050089 1.827821 -0.3722685 -0.4552983 1.856484 -0.2845714 -0.4467531 1.851497 -0.3134052 -0.4365918 1.845989 -0.3340195 -0.428594 1.825375 -0.3576864 -0.3745997 1.797132 -0.3954331 -0.4068629 1.796986 -0.3834883 -0.4335811 1.796541 -0.3662316 -0.4551433 1.796648 -0.3446653 -0.4467133 1.82541 -0.3395498 -0.4724847 1.79729 -0.3177762 -0.4613352 1.827912 -0.3158515 -0.4844998 1.797502 -0.2851626 -0.472555 1.829766 -0.2850166 0.3388634 0.9338278 0.4621977 0.3731308 0.9338278 0.4279303 0.3745997 0.9384031 0.4632963 0.3388635 0.9299687 0.4279304 0.3731308 0.9338277 -0.2497966 0.4056969 0.9452191 -0.2497966 0.4056969 0.9452192 0.4279303 0.4068629 0.9503479 0.4631502 0.3388634 0.9452192 0.4947637 0.3388635 0.9299686 -0.2497966 0.4349197 0.9635778 -0.2497966 0.4335811 0.9676046 0.462705 0.428594 0.9761498 0.4915388 0.4349197 0.9635779 0.4279303 0.4551433 0.9891708 0.4628122 0.4467133 0.9942864 0.4915744 0.459325 0.9879831 -0.2497966 0.4776838 1.017206 0.4279303 0.4724847 1.01606 0.463454 0.4593251 0.9879833 0.4279303 0.3743872 0.9504182 0.4959098 0.4050089 0.9615677 0.4939851 0.4230863 0.9863111 0.5121531 0.4365918 0.9998167 0.5121531 0.3737453 0.9677597 0.522799 0.4025075 0.9761896 0.5176834 0.3736381 0.9893219 0.5443651 0.3388634 0.9635779 0.5239865 0.3388634 0.9879833 0.5483919 0.4024719 0.994309 0.53582 0.4230862 0.9998167 0.5256586 0.4890751 1.084039 0.4621977 0.4776838 1.761766 0.4947636 0.4844998 1.048674 0.4636666 0.4613352 1.017985 0.4940758 0.4776838 1.084039 0.4947637 0.472555 1.04882 0.4959298 0.4593251 1.761766 0.5239863 0.4552983 1.049265 0.522648 0.4467531 1.020431 0.5176609 0.459325 1.084039 0.5239865 0.4337321 1.049158 0.5442101 0.4349197 1.761766 0.5483917 0.4286166 1.020396 0.5357802 0.4349197 1.084039 0.5483919 0.4056969 1.761766 0.5667505 0.4056969 1.084039 0.5667506 0.406843 1.048516 0.5615516 0.4049182 1.017894 0.5504021 0.3731308 1.761766 0.5781419 0.3742294 1.048303 0.5735667 0.3388634 1.017206 0.5667506 0.3740833 1.01604 0.5616218 0.3731308 1.911978 -0.2497967 0.3742294 1.907403 0.4636664 0.3388634 1.900587 0.4947636 0.3740833 1.895458 0.4959296 0.4049182 1.884238 0.4940756 0.4056969 1.900587 0.4279302 0.3388634 1.882228 0.5239863 0.3736381 1.878201 0.5226478 0.4024719 1.869656 0.5176607 0.3737453 1.856635 0.54421 0.3388634 1.857823 0.5483918 0.3388634 1.8286 0.5667505 0.4025075 1.85152 0.53578 0.3743872 1.829746 0.5615515 0.406843 1.895388 0.4634539 0.4056969 1.900587 -0.2497967 0.4337321 1.878046 0.462812 0.4286166 1.869616 0.4915742 0.4230862 1.859495 0.512153 0.4230863 1.845989 0.5256584 0.4050089 1.827821 0.5504019 0.4349197 1.882228 0.4279302 0.4349197 1.882228 -0.2497967 0.459325 1.857823 0.4279302 0.4552983 1.856484 0.4627048 0.4365918 1.845989 0.5121529 0.4467531 1.851497 0.4915387 0.428594 1.825375 0.5358199 0.3745997 1.797132 0.5735666 0.4068629 1.796986 0.5616216 0.4335811 1.796541 0.544365 0.4551433 1.796648 0.5227988 0.4467133 1.82541 0.5176833 0.4724847 1.79729 0.4959097 0.4613352 1.827912 0.4939849 0.4844998 1.797503 0.4632961 0.4776838 1.8286 0.4279302 0.472555 1.829766 0.46315 0.3388634 0.9338277 -0.284064 0.3742294 0.938403 -0.2855328 0.3388634 0.9452191 -0.31663 0.3740833 0.9503478 -0.317796 0.4049182 0.9615676 -0.3159421 0.3736381 0.9676045 -0.3445142 0.4024719 0.9761497 -0.3395271 0.3737453 0.9891707 -0.3660764 0.4025075 0.9942862 -0.3576465 0.3743872 1.01606 -0.3834178 0.406843 0.9504181 -0.2853203 0.4337321 0.9677596 -0.2846784 0.4286166 0.9761895 -0.3134406 0.4230862 0.986311 -0.3340194 0.4230863 0.9998165 -0.3475249 0.4552983 0.9893218 -0.2845712 0.4467531 0.9943089 -0.3134051 0.4365918 0.9998165 -0.3340194 0.3731308 1.084039 -0.4000082 0.4056969 1.761766 -0.3886171 0.3745997 1.048673 -0.3954329 0.4050089 1.017985 -0.3722684 0.4056969 1.084039 -0.3886169 0.4068629 1.04882 -0.3834882 0.4335811 1.049265 -0.3662315 0.4349197 1.761766 -0.3702583 0.428594 1.020431 -0.3576863 0.4349197 1.084039 -0.3702581 0.459325 1.761766 -0.3458529 0.4551433 1.049157 -0.3446652 0.4467133 1.020395 -0.3395497 0.4593251 1.084039 -0.3458528 0.4776838 1.084039 -0.31663 0.4776838 1.761766 -0.3166301 0.4724847 1.048516 -0.3177761 0.4613352 1.017894 -0.3158513 0.4844998 1.048303 -0.2851625 0.4890751 1.761766 -0.2840641 0.4776838 1.017206 -0.2497966 0.472555 1.01604 -0.2850164 0.3388634 1.911978 -0.2840641 0.3745997 1.907403 -0.2851627 0.4068629 1.895458 -0.2850166 0.3388634 1.900587 -0.3166302 0.4335811 1.878201 -0.2845714 0.428594 1.869656 -0.3134052 0.4551433 1.856635 -0.2846786 0.4467133 1.851519 -0.3134408 0.4593251 1.857822 -0.2497967 0.4776838 1.8286 -0.2497967 0.4724847 1.829746 -0.2853204 0.3743872 1.895387 -0.3177762 0.4050089 1.884238 -0.3158515 0.4230863 1.859494 -0.3340195 0.4365918 1.845989 -0.3340196 0.4613352 1.827821 -0.3159422 0.3737453 1.878046 -0.3446654 0.4025075 1.869616 -0.3395499 0.3736381 1.856484 -0.3662316 0.4230862 1.845989 -0.347525 0.4024719 1.851497 -0.3576864 0.4467531 1.825375 -0.3395273 0.4844998 1.797132 -0.285533 0.472555 1.796986 -0.3177962 0.4552983 1.796541 -0.3445144 0.4337321 1.796648 -0.3660765 0.4286166 1.82541 -0.3576466 0.406843 1.79729 -0.383418 0.4049182 1.827912 -0.3722685 0.3742294 1.797502 -0.3954331 0.3740833 1.829766 -0.3834883 -0.03451434 1.250068 0.625965 -0.05104174 1.242819 0.6146346 -0.03420601 1.235342 0.6147767 0.03451437 1.242997 0.621685 0.03420603 1.259738 0.6295442 -0.0397641 1.260146 0.628829 -0.05910546 1.254872 0.6161347 -0.03430088 1.226708 0.6005346 0.03444748 1.228539 0.6053635 -0.06733807 1.267097 0.6109396 -0.07463233 1.423649 0.5527584 -0.07429022 1.261903 0.5921938 -0.05033131 1.274529 0.6254979 -0.06419015 1.243469 0.5976054 -0.06978287 1.427209 0.567606 -0.03409683 1.276042 0.63068 -0.03395054 1.437816 0.5902273 -0.05430276 1.431531 0.5849304 -0.04730081 1.214164 0.5408912 -0.05032266 1.232077 0.5998302 -0.04926877 1.447575 0.576443 -0.05138967 1.454904 0.5620467 -0.06248812 1.443951 0.565186 -0.03432428 1.461539 0.5598915 -0.03886498 1.462363 0.5433027 -0.06967715 1.438769 0.5485725 -0.03488341 1.453592 0.5761258 0.0676029 1.247193 0.5965391 0.05126519 1.242766 0.6144176 0.05033131 1.232069 0.5997957 0.07353139 1.24198 0.5340526 0.07426596 1.267928 0.5956541 0.04648877 1.213663 0.5410143 0.06306172 1.255802 0.6120692 0.05083126 1.256262 0.622824 0.03437491 1.463414 0.5469837 0.03448224 1.458545 0.5680399 0.05032267 1.45772 0.5443558 0.03947118 1.447911 0.4834243 -0.03408571 1.448647 0.4832433 0.05083129 1.455037 0.5625888 -0.05536027 1.440875 0.485154 -0.057792 1.452809 0.5461389 0.05126516 1.446631 0.5760845 0.03432428 1.447579 0.5829537 0.06453228 1.446236 0.5473417 0.06306172 1.444282 0.563049 0.07411731 1.427964 0.5516602 0.06967715 1.426992 0.5680275 0.06525779 1.432397 0.4872385 0.05752054 1.431038 0.582023 0.06419017 1.271184 0.6143823 0.05032269 1.274495 0.6255067 0.03823578 1.433263 0.591522 -0.0735314 1.24198 0.5340526 -0.07415664 1.41645 0.4911589 0.0751651 1.408756 0.4930507 0.03466796 1.275991 0.6305531 -0.2799333 0.196647 0.01277359 -0.2467855 0.03605461 -0.02040547 -0.2922349 0.03558674 0.0009442174 -0.3179825 0.04969046 0.04523357 -0.3061811 0.1966708 0.05336659 -0.3354686 0.05465136 0.1070026 -0.3231682 0.1969828 0.1107958 -0.2730226 0.2416638 0.01471876 -0.3001478 0.241752 0.05463057 -0.2383056 0.196492 -0.007566897 -0.2692625 0.2758483 0.01652709 -0.3157148 0.2424831 0.1133527 -0.1788238 0.03831653 -0.01738271 -0.2329693 0.2415196 -0.005065178 -0.1805688 0.1963757 -0.007225274 -0.1270586 0.1964724 0.01435302 -0.1149122 0.03603464 0.005844776 -0.1325839 0.2415005 0.01463952 -0.1808818 0.2414365 -0.004788429 -0.1357855 0.2758028 0.01639486 -0.1029702 0.2416318 0.04807054 -0.09620158 0.1966165 0.04898112 -0.08089033 0.03556057 0.04302521 -0.08703901 0.1966458 0.09651916 -0.08023185 0.05463839 0.1577725 -0.07352394 0.04966788 0.0939044 -0.100348 0.2424726 0.1555597 -0.09266437 0.1969717 0.1561815 -0.08954602 0.05541659 0.2106801 -0.1456807 0.2770317 0.2004644 -0.1353531 0.2458688 0.2099691 -0.1044499 0.1975274 0.2087761 -0.09279765 0.2417249 0.09526662 -0.1053128 0.2762023 0.1540129 -0.1489405 0.2370621 0.230838 -0.1115268 0.1970836 0.2364473 -0.09500952 0.05547865 0.2393513 -0.3716826 0.04921726 0.322775 -0.3641406 -0.01407384 0.2861607 -0.3658597 -0.01378777 0.3231684 -0.3354487 -0.01540277 0.3600375 -0.3702246 0.05549248 0.2851225 -0.3402983 0.03151826 0.3621893 -0.3563565 -0.01421592 0.2457383 -0.2597576 -0.01395835 0.4009268 -0.2615409 0.03657868 0.4091723 -0.1069392 0.2758275 0.04825676 -0.1814442 0.275795 -0.001575177 -0.1400542 0.2985343 0.02169295 -0.2305268 0.2758155 -0.002140873 -0.2647003 0.2985253 0.02143512 -0.2285228 0.2985391 0.004415215 -0.2554244 0.3077549 0.03328997 -0.1827613 0.2985459 0.005257484 -0.2247438 0.3077619 0.01899113 -0.1856273 0.3077719 0.01994886 -0.1490265 0.3077618 0.03377278 -0.1129335 0.2985177 0.05106142 -0.1259733 0.3077546 0.05855594 -0.1822703 0.1948287 0.3969773 -0.2615409 0.03657868 0.4091723 -0.1700718 0.0315565 0.3960418 -0.1260683 0.04926353 0.3716734 -0.142712 0.1963969 0.3700405 -0.1799725 0.2342674 0.368437 -0.2002501 0.2260752 0.3920277 -0.3304393 0.1948035 0.3678012 -0.3402983 0.03151826 0.3621893 -0.2617109 0.195018 0.4079134 -0.2589291 0.231968 0.3934428 -0.312329 0.226067 0.3699467 -0.2530579 0.2475413 0.3637694 -0.3220258 0.2342569 0.3404778 -0.3716826 0.04921726 0.322775 -0.2446002 0.2497066 0.3211732 -0.1693822 0.2360927 0.3295795 -0.3170665 0.2360859 0.3005332 -0.2351517 0.2497083 0.2734581 -0.1307305 0.1970074 0.3339381 -0.3541161 0.196984 0.2898913 -0.3565665 0.1963653 0.3278795 -0.1134992 0.05552837 0.3362043 -0.1608819 0.236114 0.2860662 -0.1057206 0.05551679 0.2955604 -0.1226526 0.1970435 0.2922867 -0.1395512 0.3009844 0.0664096 -0.1582171 0.3009469 0.04632088 -0.1329309 0.3008718 0.09730354 -0.1178447 0.3077685 0.09612956 -0.1619239 0.2840941 0.05150688 -0.1451478 0.2840821 0.06994912 -0.1629675 0.2713331 0.05442093 -0.1471987 0.2712914 0.07214779 -0.1391155 0.2840493 0.09792645 -0.1444415 0.284156 0.134254 -0.1387322 0.3009826 0.1373098 -0.1420499 0.2713712 0.09852882 -0.1474827 0.2713329 0.1324411 -0.1885428 0.3008695 0.03487404 -0.1897172 0.2840778 0.04084732 -0.1903318 0.2713985 0.04393133 -0.09655145 0.2758635 0.09470731 -0.1116881 0.2985454 0.1510268 -0.1031908 0.2985201 0.09498727 -0.1249368 0.3077499 0.1443131 -0.2963334 0.2758812 0.05566399 -0.3104809 0.2762089 0.1139161 -0.3318158 0.1975256 0.1640099 -0.303646 0.2458632 0.1769961 -0.2902395 0.2985264 0.05847123 -0.2905173 0.277028 0.1721617 -0.2225748 0.2583154 0.2092648 -0.2217334 0.2778887 0.2049492 -0.3355527 0.1970775 0.1923365 -0.284075 0.2985334 0.1680528 -0.3034309 0.2985476 0.1135934 -0.2205697 0.2984727 0.1989912 -0.2723836 0.3077259 0.1588572 -0.288627 0.30775 0.1123625 -0.2770833 0.3077687 0.06504826 -0.2988562 0.2370582 0.2014393 -0.1500941 0.2985344 0.1942076 -0.1574676 0.3077259 0.181286 -0.2178614 0.3077499 0.1851158 -0.2458003 0.3009812 0.04567089 -0.2209496 0.3009451 0.03407184 -0.2635487 0.3008685 0.07180487 -0.2419714 0.2840724 0.05103344 -0.2732127 0.300981 0.1110557 -0.2194815 0.2840886 0.0402563 -0.1683115 0.284258 0.1613115 -0.1650552 0.301096 0.167402 -0.2601334 0.3010959 0.1488433 -0.2149829 0.300929 0.170368 -0.2137427 0.2841875 0.1640106 -0.2548321 0.2842573 0.1444139 -0.2667879 0.2841507 0.1103519 -0.2580758 0.2840398 0.0746871 -0.2409269 0.271287 0.05381393 -0.2517399 0.2713016 0.1418197 -0.2633108 0.2713306 0.1097916 -0.2556169 0.271367 0.07632232 -0.213036 0.2713799 0.160374 -0.1702182 0.2713017 0.1577539 -0.2196339 0.2713307 0.04333106 -0.153923 0.2361078 0.2504385 -0.1159934 0.197023 0.2578793 -0.09920255 0.05550844 0.261356 -0.2241929 0.2507548 0.2175877 -0.2278648 0.2497058 0.2363991 -0.3015634 0.236106 0.221477 -0.3393858 0.1970156 0.2138896 -0.3460226 0.1970301 0.2482703 -0.3085019 0.2361106 0.2570659 -0.3517726 0.05547374 0.1883371 -0.3401953 -0.01419851 0.1608087 -0.3456467 -0.01421514 0.1894872 -0.3463084 0.05541976 0.1596643 -0.09564591 -0.01419965 0.2094425 -0.1011138 -0.01421477 0.2381167 -0.3498428 -0.01421571 0.2115272 -0.355966 0.05549633 0.2103414 -0.329555 -0.0141533 0.107926 -0.3624835 0.05549477 0.2445427 -0.10531 -0.01421445 0.2601566 -0.1474827 0.2713329 0.1324411 -0.213036 0.2713799 0.160374 -0.1702182 0.2713017 0.1577539 -0.2633108 0.2713306 0.1097916 -0.2517399 0.2713016 0.1418197 -0.1903318 0.2713985 0.04393133 -0.2556169 0.271367 0.07632232 -0.1420499 0.2713712 0.09852882 -0.1629675 0.2713331 0.05442093 -0.2196339 0.2713307 0.04333106 -0.2409269 0.271287 0.05381393 -0.1471987 0.2712914 0.07214779 -0.3463084 0.05541976 0.1596643 -0.3517726 0.05547374 0.1883371 -0.355966 0.05549633 0.2103414 -0.3624835 0.05549477 0.2445427 -0.3702246 0.05549248 0.2851225 -0.09920255 0.05550844 0.261356 -0.1118235 -0.01421335 0.2943692 -0.1057206 0.05551679 0.2955604 -0.09500952 0.05547865 0.2393513 -0.1194861 -0.01406825 0.3348772 -0.1260683 0.04926353 0.3716734 -0.1315607 -0.01377175 0.3698387 -0.1134992 0.05552837 0.3362043 -0.3354686 0.05465136 0.1070026 -0.3179825 0.04969046 0.04523357 -0.313565 -0.01410413 0.04576766 -0.2922349 0.03558674 0.0009442174 -0.2912779 -0.01411327 0.001668476 -0.08089033 0.03556057 0.04302521 -0.114054 -0.01426081 0.007904362 -0.1149122 0.03603464 0.005844776 -0.07782126 -0.01410611 0.0927401 -0.08206287 -0.01412228 0.04334307 -0.1790726 -0.01296922 -0.01621897 -0.1788238 0.03831653 -0.01738271 -0.07352394 0.04966788 0.0939044 -0.08606878 -0.01415726 0.15641 -0.08954602 0.05541659 0.2106801 -0.08023185 0.05463839 0.1577725 -0.1700718 0.0315565 0.3960418 -0.1736898 -0.01539363 0.3922155 -0.2467855 0.03605461 -0.02040547 -0.2483693 -0.01425628 -0.01884306 0.3062705 0.1966708 0.0534476 0.3355117 0.05465136 0.1071089 0.3180789 0.04969046 0.04532477 0.2800578 0.196647 0.01283196 0.2923697 0.03558674 0.001013191 0.2469386 0.03605456 -0.02037572 0.2384477 0.196492 -0.007544496 0.2731454 0.2416638 0.01477116 0.3002362 0.241752 0.05470638 0.2331092 0.2415196 -0.005047367 0.323208 0.1969828 0.1108915 0.3157524 0.2424831 0.1134419 0.2693837 0.2758483 0.01657624 0.2964209 0.2758812 0.0557365 0.1789744 0.03831653 -0.01741165 0.1807105 0.1963757 -0.007252714 0.1810215 0.2414366 -0.004815582 0.1271817 0.1964724 0.01427938 0.1359069 0.2758028 0.01632875 0.1815811 0.2757951 -0.001601867 0.2306641 0.2758156 -0.002125175 0.1327069 0.2415005 0.01457065 0.1150427 0.03603464 0.005760658 0.08098874 0.03556057 0.04291169 0.09629485 0.1966165 0.04888083 0.08709122 0.1966458 0.09641095 0.08023119 0.05463839 0.1576584 0.09266507 0.1969717 0.1560781 0.07357843 0.04966788 0.09378453 0.08949969 0.05541659 0.210574 0.1044052 0.1975274 0.2086829 0.1003492 0.2424726 0.1554629 0.09285097 0.2417249 0.09516337 0.1353074 0.2458688 0.2099026 0.1456431 0.2770317 0.2004068 0.1053154 0.2762024 0.1539205 0.1030643 0.2416318 0.0479761 0.09660525 0.2758635 0.09460731 0.1114582 0.1970836 0.2363602 0.1488767 0.2370621 0.2307833 0.3715394 0.04921726 0.3229124 0.364029 -0.01407384 0.2862916 0.3701139 0.05549248 0.2852587 0.3657161 -0.01378777 0.3233008 0.3562797 -0.01421592 0.2458625 0.3624079 0.05549477 0.2446723 0.340121 0.03151826 0.3622996 0.3352733 -0.01540277 0.3601436 0.2613231 0.03657868 0.4092146 0.2595469 -0.01395835 0.4009675 0.1070331 0.2758275 0.04816573 0.140171 0.2985343 0.02163055 0.1828923 0.2985459 0.005231948 0.2286545 0.2985391 0.004429205 0.2648173 0.2985254 0.02148032 0.224863 0.307762 0.01900183 0.1491329 0.3077618 0.0337181 0.1857456 0.3077719 0.0199258 0.1260583 0.3077547 0.05848133 0.113025 0.2985177 0.05097557 0.182063 0.1948286 0.3969511 0.1797899 0.2342673 0.3684088 0.142528 0.1963969 0.3699802 0.1258829 0.04926353 0.3715987 0.1698654 0.0315565 0.3960051 0.2613231 0.03657868 0.4092146 0.2614942 0.195018 0.4079557 0.3302572 0.1948035 0.3679029 0.312145 0.226067 0.3700328 0.200047 0.2260752 0.392017 0.2528793 0.2475413 0.3638044 0.2587249 0.231968 0.3934828 0.3715394 0.04921726 0.3229124 0.3564189 0.1963653 0.3280038 0.3218672 0.2342569 0.3405723 0.340121 0.03151826 0.3622996 0.2444584 0.2497066 0.321201 0.1692332 0.2360927 0.3295423 0.3169425 0.2360859 0.3006234 0.2350511 0.2497083 0.2734777 0.1607704 0.236114 0.2860217 0.3540012 0.196984 0.2900135 0.1305777 0.1970074 0.3338675 0.1225358 0.1970435 0.2922092 0.1056009 0.05551679 0.2954682 0.1133444 0.05552837 0.3361188 0.1396294 0.3009844 0.06634675 0.1178972 0.3077686 0.09604795 0.1329824 0.3008718 0.09723494 0.1452229 0.2840821 0.0698911 0.162015 0.2840942 0.05146336 0.1444612 0.284156 0.1341953 0.1391665 0.2840493 0.09786322 0.1472719 0.2712915 0.07209153 0.163056 0.2713332 0.05437829 0.1475039 0.2713329 0.132385 0.1421004 0.2713712 0.09846812 0.1583127 0.3009469 0.04627414 0.1886483 0.3008695 0.03485348 0.1898175 0.2840779 0.04082776 0.1116933 0.2985454 0.1509398 0.1032443 0.2985201 0.09489301 0.1249478 0.30775 0.1442376 0.2903245 0.2985265 0.05853847 0.3036287 0.2458632 0.1770749 0.3318097 0.1975256 0.164113 0.2905041 0.277028 0.1722291 0.310518 0.2762089 0.1140008 0.3034683 0.2985476 0.113672 0.2840654 0.2985334 0.1681146 0.2225297 0.2583154 0.2092735 0.3355221 0.1970775 0.1924429 0.2988178 0.2370583 0.201514 0.221692 0.2778887 0.2049573 0.2723819 0.3077259 0.158909 0.2555312 0.307755 0.03332715 0.2771626 0.3077687 0.06510413 0.2241406 0.2507549 0.2175979 0.2205334 0.2984728 0.1989982 0.150062 0.2985345 0.1941538 0.1574466 0.3077259 0.1812386 0.2178371 0.3077499 0.1851205 0.2886654 0.3077501 0.1124284 0.2458964 0.3009812 0.04569976 0.2636222 0.3008686 0.07184905 0.2210557 0.3009451 0.03407926 0.2420629 0.2840724 0.051059 0.2732523 0.3009811 0.1111083 0.2581468 0.2840398 0.07472657 0.2195823 0.2840887 0.04026245 0.1387492 0.3009827 0.1372462 0.1683077 0.284258 0.1612734 0.1650462 0.3010961 0.1673612 0.2149713 0.3009291 0.1703702 0.2601404 0.3010959 0.1488845 0.254843 0.2842573 0.1444506 0.2137366 0.2841875 0.1640118 0.241016 0.2712871 0.05383858 0.2556865 0.271367 0.07635967 0.2668282 0.2841507 0.1103989 0.2633516 0.2713307 0.1098356 0.251753 0.2713016 0.1418537 0.213033 0.2713799 0.1603746 0.1702175 0.2713018 0.1577175 0.1904294 0.2713986 0.04391232 0.219732 0.2713308 0.04333735 0.1159063 0.197023 0.2577961 0.1538423 0.2361078 0.250388 0.09493842 0.05547865 0.2392499 0.09911243 0.05550844 0.2612582 0.2277962 0.2497058 0.2364124 0.3015076 0.2361061 0.2215539 0.3393366 0.1970157 0.2139993 0.3084154 0.2361106 0.2571488 0.3459437 0.1970301 0.2483856 0.3517454 0.05547374 0.1884574 0.3401919 -0.01419851 0.160919 0.346306 0.05541976 0.1597799 0.3456185 -0.01421514 0.1896023 0.3295974 -0.0141533 0.1080272 0.3355117 0.05465136 0.1071089 0.09560062 -0.0141997 0.2093417 0.3559199 0.05549633 0.2104654 0.3497956 -0.01421571 0.2116458 0.1010438 -0.01421477 0.2380205 0.1904294 0.2713986 0.04391232 0.2556865 0.271367 0.07635967 0.219732 0.2713308 0.04333735 0.213033 0.2713799 0.1603746 0.1421004 0.2713712 0.09846812 0.2633516 0.2713307 0.1098356 0.1475039 0.2713329 0.132385 0.1702175 0.2713018 0.1577175 0.163056 0.2713332 0.05437829 0.1472719 0.2712915 0.07209153 0.251753 0.2713016 0.1418537 0.241016 0.2712871 0.05383858 0.3517454 0.05547374 0.1884574 0.346306 0.05541976 0.1597799 0.1117049 -0.01421335 0.2942823 0.1052209 -0.01421445 0.2600641 0.3701139 0.05549248 0.2852587 0.3624079 0.05549477 0.2446723 0.3559199 0.05549633 0.2104654 0.09911243 0.05550844 0.2612582 0.1056009 0.05551679 0.2954682 0.1734866 -0.01539363 0.3921819 0.1193324 -0.01406831 0.3347969 0.1133444 0.05552837 0.3361188 0.09493842 0.05547865 0.2392499 0.1313769 -0.01377175 0.3697687 0.1258829 0.04926353 0.3715987 0.1792222 -0.01296922 -0.01624768 0.3136609 -0.01410413 0.04585506 0.3180789 0.04969046 0.04532477 0.2485211 -0.01425628 -0.01881194 0.291412 -0.01411327 0.001736609 0.08098874 0.03556057 0.04291169 0.1150427 0.03603464 0.005760658 0.1141827 -0.01426086 0.007819494 0.08216102 -0.01412233 0.04323058 0.07787676 -0.01410621 0.09262393 0.07357843 0.04966788 0.09378453 0.1789744 0.03831653 -0.01741165 0.08606931 -0.01415726 0.156301 0.08023119 0.05463839 0.1576584 0.08949969 0.05541659 0.210574 0.1698654 0.0315565 0.3960051 0.2469386 0.03605456 -0.02037572 0.2923697 0.03558674 0.001013191 -0.5896291 0.5267684 0.09923701 -0.5900966 0.4488878 0.1450002 -0.5742896 0.5271517 0.1388528 -0.5516882 0.5948396 0.1319358 -0.5678758 0.5977681 0.09180444 -0.6223083 0.4482425 0.05130296 -0.6013115 0.4367159 0.1080652 -0.6057767 0.3965807 0.09363764 -0.6065928 0.5270783 0.04619843 -0.6345548 0.3945387 0.005453039 -0.6287336 0.3946872 0.05206352 -0.576524 0.4036258 0.1010015 -0.5712368 0.4272308 0.1030518 -0.5860386 0.5948397 0.04031693 -0.5970691 0.5806728 0.004777893 -0.6129946 0.5257091 0.0001985468 -0.627385 0.4493101 0.003019325 -0.5245189 0.6234456 0.1267005 -0.5440565 0.6276846 0.08488737 -0.5648962 0.6235691 0.03211492 -0.5966488 0.5273023 -0.02527771 -0.5826846 0.5948396 -0.01008988 -0.607355 0.449138 -0.02307831 -0.6164385 0.3949111 -0.01895078 -0.5607724 0.5279967 -0.03889037 -0.5518785 0.5977681 -0.02261073 -0.5102785 0.4666764 -0.03539038 -0.5635217 0.4477984 -0.02540598 -0.5143886 0.5295364 -0.05080149 -0.536783 0.4379989 0.02154926 -0.5863024 0.3977052 -0.01164876 -0.4766514 0.5806728 -0.03609679 -0.4730583 0.5297797 -0.04523759 -0.4766514 0.4805947 -0.03609676 -0.5092266 0.5948397 -0.03502452 -0.5350512 0.6276847 0.02173981 -0.4931303 0.6235691 0.00795543 -0.4569692 0.5948398 -0.003202464 -0.4442813 0.5300048 -0.008436192 -0.4572635 0.468794 -0.003394604 -0.4939682 0.4475523 0.007788384 -0.4117548 0.5279824 0.08909961 -0.4367572 0.5977681 0.0496338 -0.4202629 0.594444 0.09541627 -0.4391112 0.4676546 0.04809649 -0.424851 0.5302184 0.04442417 -0.426911 0.4634703 0.09089419 -0.4616166 0.4424709 0.1009929 -0.4763793 0.4498596 0.06079548 -0.4529487 0.4232246 0.1264442 -0.451173 0.6234061 0.1072948 -0.4368607 0.5937126 0.1394653 -0.4098846 0.5711755 0.1278295 -0.4329383 0.5251992 0.1582628 -0.4076639 0.5151132 0.1467093 -0.4036148 0.514934 0.1203828 -0.4008404 0.4928209 0.1371398 -0.4181103 0.4415267 0.1221854 -0.427663 0.3953678 0.1343911 -0.4064671 0.4403116 0.1403586 -0.4905733 0.5158045 0.1599823 -0.4915132 0.4329983 0.1480476 -0.4771857 0.4932722 0.1646913 -0.5351524 0.4483884 0.1639942 -0.4618855 0.5169936 0.1656532 -0.4751225 0.5881948 0.1520513 -0.5223204 0.5260129 0.1624484 -0.5543477 0.5257971 0.1596171 -0.5694592 0.4500141 0.164473 -0.5206258 0.3986892 0.1482737 -0.5208962 0.4066471 0.1232572 -0.4990884 0.4364736 0.1149595 -0.4684489 0.3952306 0.1624175 -0.4769648 0.4396344 0.1646119 -0.5146872 0.5941084 0.1523573 -0.5405318 0.5806728 0.1515702 -0.4904915 0.6271908 0.1194339 -0.5461114 0.3968071 0.1653562 -0.5285839 0.4470761 0.0833785 -0.541647 0.4123794 0.104967 -0.5712368 0.4272308 0.1030518 -0.4489346 0.3936153 0.1362005 -0.467195 0.3946907 0.1478832 -0.5130539 0.6319584 0.07553199 -0.4719183 0.6276847 0.06200695 -0.5280683 0.3656398 0.1258227 -0.5448129 0.3308019 0.1085185 -0.5463461 0.3675096 0.1080105 -0.5284346 0.3625237 0.1499635 -0.5276868 0.3302118 0.1256932 -0.5658059 0.3077822 0.1166729 -0.5716226 0.3302119 0.108974 -0.5738091 0.3656398 0.1083264 -0.5290603 0.3301787 0.1491474 -0.5336418 0.3113956 0.1457269 -0.5344575 0.3077824 0.1279915 -0.5454296 0.3113955 0.1137035 -0.5506894 0.3610693 0.1665239 -0.5507815 0.3296406 0.1651653 -0.5578797 0.3001997 0.1359419 -0.551882 0.3077824 0.1558656 -0.6199418 0.3568452 -0.01758088 -0.6164719 0.3234152 -0.01596954 -0.6362645 0.3566376 0.006033363 -0.5926169 0.3582997 -0.008782407 -0.5889716 0.323976 -0.007955824 -0.6063988 0.3001587 2.363403e-05 -0.6335671 0.3237683 0.007181717 -0.6297789 0.3568453 0.05202823 -0.623543 0.3040035 0.01376425 -0.5663603 0.3239865 0.03050136 -0.5860096 0.3040035 0.001023909 -0.5696143 0.3001587 0.03160588 -0.5913309 0.2920904 0.03897741 -0.6163571 0.3001588 0.04747231 -0.5564878 0.4102527 0.07690697 -0.5622434 0.4047658 0.0293133 -0.5771964 0.3967387 0.1665883 -0.5950365 0.3987075 0.1230895 -0.5956089 0.3968725 0.1483958 -0.6015386 0.3040036 0.07858958 -0.5640053 0.3040034 0.06584925 -0.5795725 0.3001587 0.07905453 -0.6279403 0.3234151 0.05140413 -0.5778285 0.3239865 0.09787499 -0.6054843 0.323976 0.08991405 -0.5608888 0.3245993 0.07477652 -0.6069255 0.3582996 0.09246715 -0.5632778 0.3632855 0.07765138 -0.5796006 0.3614158 0.1012656 -0.5697635 0.3614157 0.03165655 -0.5846906 0.3113956 0.1270303 -0.5832302 0.3077824 0.1445469 -0.5734514 0.3113956 0.15924 -0.5947173 0.3296406 0.1484461 -0.5949667 0.3625237 0.1245143 -0.5928452 0.3301787 0.1248226 -0.5964302 0.3610693 0.1490275 -0.5782711 0.3299709 0.1658516 -0.5792496 0.3608617 0.1672122 -0.4122166 0.4455854 0.1552316 -0.4351666 0.4484346 0.1674024 -0.4197446 0.3965014 0.1592309 -0.4612389 0.4455854 0.1718717 -0.4368838 0.3964808 0.1699849 -0.4169002 0.3953998 0.1449014 -0.4570849 0.3965014 0.1719057 -0.4515006 0.3745157 0.167398 -0.4579006 0.3745157 0.1485433 -0.4466149 0.3706954 0.1424085 -0.4564214 0.3706954 0.1585547 -0.4427136 0.362678 0.1539017 -0.4388124 0.3706953 0.165395 -0.4339266 0.3745157 0.1404055 -0.4290059 0.3706954 0.1492488 -0.4275266 0.3745157 0.1592602 -0.5720761 0.4057379 0.1070139 0.5896385 0.5267684 0.09917227 0.5743413 0.5271517 0.1388044 0.5901548 0.4488878 0.1449349 0.5517325 0.5948396 0.1319115 0.6013302 0.4367159 0.107988 0.6222666 0.4482424 0.05120343 0.6065456 0.5270784 0.04611563 0.6057801 0.3965808 0.09355568 0.6286927 0.3946872 0.05195711 0.6344643 0.3945387 0.005340445 0.5678773 0.5977681 0.09176288 0.6272918 0.44931 0.002914346 0.6128984 0.5257091 0.0001089526 0.5765353 0.4036258 0.1009507 0.6163219 0.3949111 -0.01904401 0.607234 0.449138 -0.02316189 0.5965255 0.5273022 -0.02534988 0.5969777 0.5806728 0.004705268 0.5859852 0.5948396 0.04025605 0.5825775 0.5948396 -0.01014716 0.5648341 0.6235691 0.03207658 0.5440506 0.6276846 0.0848712 0.5245575 0.6234456 0.1267051 0.5606346 0.5279967 -0.03892427 0.5101445 0.4666764 -0.03537045 0.5142381 0.5295363 -0.05078596 0.5633983 0.4477984 -0.02544282 0.5367097 0.4379991 0.0215409 0.4938802 0.4475523 0.007825668 0.4765166 0.4805947 -0.03604098 0.4729138 0.5297796 -0.04517794 0.551758 0.5977681 -0.02263515 0.4571635 0.468794 -0.003318166 0.4765166 0.5806728 -0.03604099 0.4568694 0.5948398 -0.003125732 0.4930425 0.6235691 0.007993607 0.509093 0.5948396 -0.03500346 0.444176 0.5300048 -0.008345919 0.5349779 0.6276847 0.02173331 0.4117535 0.5279824 0.08922449 0.424802 0.5302184 0.04453512 0.4390661 0.4676546 0.04819224 0.4269116 0.4634703 0.09100292 0.4367138 0.5977681 0.04973206 0.461628 0.442471 0.1010646 0.4529871 0.4232246 0.1265252 0.4181443 0.4415266 0.1223035 0.4036469 0.514934 0.1205163 0.4008903 0.4928209 0.1372762 0.407724 0.5151131 0.1468385 0.4099246 0.5711755 0.1279564 0.4065205 0.4403116 0.1404891 0.42771 0.3953678 0.134499 0.4202683 0.594444 0.09553209 0.4330108 0.5251992 0.1583651 0.4369131 0.5937127 0.1395635 0.4511911 0.6234061 0.1073776 0.4906476 0.5158044 0.1600232 0.5352309 0.4483884 0.1639875 0.5223973 0.5260129 0.1624554 0.4619658 0.5169936 0.1657246 0.477265 0.4932721 0.1647464 0.4915746 0.4329983 0.1480874 0.5206876 0.3986892 0.1482825 0.5461913 0.3968071 0.1653378 0.5695381 0.4500142 0.1644297 0.5544214 0.5257971 0.1595899 0.5405971 0.5806728 0.1515578 0.4751882 0.5881947 0.1521085 0.4770439 0.4396344 0.1646673 0.4685257 0.3952306 0.1624818 0.4672564 0.3946908 0.147949 0.5209313 0.4066471 0.1232657 0.5772775 0.3967387 0.1665367 0.5147533 0.5941085 0.1523724 0.4905225 0.6271908 0.1194748 0.4763478 0.4498595 0.0608515 0.4991147 0.4364736 0.1149913 0.5285764 0.4470761 0.08337884 0.5712502 0.4272308 0.1030067 0.5416625 0.4123796 0.1049534 0.5564734 0.4102527 0.07687756 0.4489835 0.3936154 0.1362857 0.5130381 0.6319584 0.0755489 0.471888 0.6276847 0.06206771 0.5281061 0.3656398 0.1258236 0.5448322 0.3308019 0.1085015 0.5277244 0.3302118 0.1256945 0.5463649 0.3675096 0.1079919 0.5658338 0.3077824 0.1166335 0.5454544 0.3113955 0.1136859 0.5344977 0.3077824 0.1279855 0.5337008 0.3113956 0.1457219 0.5284982 0.3625237 0.149964 0.5716424 0.3302119 0.1089285 0.5579282 0.3001997 0.135911 0.529123 0.3301785 0.1491472 0.5507706 0.3610694 0.1665006 0.5519518 0.3077824 0.155841 0.5508612 0.3296406 0.1651419 0.5861936 0.3977054 -0.01170989 0.6198266 0.3568452 -0.01767786 0.6361745 0.3566375 0.005918983 0.6163585 0.3234151 -0.01606283 0.6297379 0.3568453 0.05192069 0.6334783 0.3237683 0.007070192 0.5925112 0.3582996 -0.008850266 0.6234613 0.3040034 0.01366341 0.6063024 0.3001588 -5.891934e-05 0.6278986 0.3234152 0.05129855 0.5888667 0.323976 -0.008019798 0.5859144 0.3040035 0.000963078 0.591276 0.2920904 0.03891089 0.5695515 0.3001587 0.03156252 0.5662964 0.3239865 0.03046144 0.5621783 0.4047658 0.02927779 0.5956707 0.3968725 0.1483246 0.5950714 0.3987075 0.123019 0.6163113 0.3001587 0.04737911 0.601526 0.3040035 0.07851214 0.5795604 0.3001587 0.07900053 0.5639791 0.3040035 0.06581183 0.6054838 0.323976 0.0898324 0.5778365 0.3239864 0.09782282 0.5608722 0.3245993 0.07474243 0.5796121 0.3614158 0.1012116 0.5632642 0.3632855 0.07761474 0.6069275 0.3582996 0.09238398 0.5697009 0.3614157 0.03161302 0.5735248 0.3113956 0.1591924 0.5847296 0.3113956 0.1269708 0.583288 0.3077822 0.144489 0.5928819 0.3301785 0.1247544 0.5947792 0.3296406 0.1483759 0.5783515 0.3299709 0.1657989 0.5738282 0.3656398 0.1082785 0.5950031 0.3625236 0.1244438 0.5964928 0.3610693 0.1489555 0.5793315 0.3608617 0.1671585 0.4352488 0.4484346 0.1675023 0.4122858 0.4455854 0.1553559 0.4198181 0.3965014 0.1593472 0.4369687 0.3964809 0.170083 0.4613259 0.4455854 0.1719438 0.4571718 0.3965014 0.1719822 0.4169583 0.3953998 0.1450207 0.4515827 0.3745157 0.1674804 0.4564941 0.3706954 0.1586319 0.4579627 0.3745157 0.1486189 0.4427814 0.362678 0.1539936 0.4466704 0.3706954 0.1424962 0.4388924 0.3706954 0.165491 0.4276001 0.3745157 0.1593683 0.4290686 0.3706953 0.1493552 0.43398 0.3745157 0.1405067 0.5720937 0.4057379 0.1069678 0.5712502 0.4272308 0.1030067 -0.4651615 1.556398 0.1316312 -0.4787306 1.540315 0.1546449 -0.456077 1.545297 0.1524248 -0.5039734 1.554868 -0.03399869 -0.5341224 1.554947 -0.02542148 -0.4782702 1.543509 -0.04120681 -0.4904043 1.538363 -0.05671146 -0.4350124 1.556318 0.123054 -0.4908647 1.545174 0.1390479 -0.5130579 1.543386 -0.05458364 -0.5625265 1.538553 -0.03619317 -0.5598257 1.543723 -0.01800481 -0.4259279 1.545218 0.1438475 -0.4079588 1.542543 0.1249862 -0.5704723 1.516491 -0.0147242 -0.5015113 1.311008 0.1442394 -0.5015113 1.517941 0.1423285 -0.5689101 1.516272 -0.03844232 -0.5689101 1.309339 -0.03653142 -0.5704723 1.309558 -0.01281331 -0.4817802 1.311171 0.1618997 -0.4817802 1.518104 0.1599888 -0.5625265 1.287103 -0.03387121 -0.5598256 1.282269 -0.01559048 -0.4908647 1.28372 0.1414622 -0.5168209 1.516046 -0.06290168 -0.5469699 1.309192 -0.05241358 -0.5469699 1.516125 -0.05432447 -0.4873547 1.516058 -0.06164432 -0.4873547 1.309124 -0.05973341 -0.5168209 1.309113 -0.06099078 -0.5432071 1.282011 -0.04359211 -0.4904043 1.286914 -0.05438949 -0.5130579 1.281931 -0.05216929 -0.4787306 1.288866 0.1569669 -0.452314 1.311183 0.1631571 -0.4651615 1.272361 0.1342541 -0.456077 1.283843 0.1548391 -0.5039734 1.270831 -0.03137581 -0.4350124 1.272282 0.1256769 -0.4259279 1.283764 0.1462618 -0.5341224 1.27091 -0.02279861 -0.452314 1.518116 0.1612462 -0.5432071 1.543465 -0.04600645 -0.4079588 1.286091 0.1273544 -0.4782702 1.282055 -0.03879247 -0.4079588 1.286091 0.1273544 0.4676611 1.556398 0.1316312 0.536622 1.554947 -0.02542148 0.506473 1.554868 -0.03399869 0.437512 1.556318 0.123054 0.4585766 1.545297 0.1524248 0.4812302 1.540315 0.1546449 0.4933643 1.545174 0.1390479 0.5623253 1.543723 -0.01800481 0.5155575 1.543386 -0.05458364 0.5650261 1.538553 -0.03619317 0.5457066 1.543465 -0.04600645 0.4929039 1.538363 -0.05671146 0.4807698 1.543509 -0.04120682 0.4104584 1.542543 0.1249862 0.4284275 1.545218 0.1438475 0.5729719 1.516491 -0.0147242 0.5040109 1.517941 0.1423285 0.5040109 1.311008 0.1442394 0.5729719 1.309558 -0.01281331 0.5714097 1.309339 -0.03653142 0.5714097 1.516272 -0.03844232 0.4842797 1.311171 0.1618997 0.5623253 1.282269 -0.01559048 0.5650261 1.287103 -0.03387121 0.4933643 1.28372 0.1414622 0.5494695 1.516125 -0.05432447 0.5494695 1.309192 -0.05241358 0.5193205 1.516046 -0.06290168 0.5457066 1.282011 -0.04359211 0.4898543 1.309124 -0.05973341 0.4898543 1.516058 -0.06164432 0.5193205 1.309113 -0.06099078 0.5155575 1.281931 -0.05216929 0.4929039 1.286914 -0.05438951 0.4812302 1.288866 0.1569669 0.4585766 1.283843 0.1548391 0.4676611 1.272361 0.1342541 0.437512 1.272282 0.1256769 0.536622 1.27091 -0.02279861 0.506473 1.270831 -0.03137581 0.4548136 1.311183 0.1631571 0.4548136 1.518116 0.1612462 0.4842797 1.518104 0.1599888 0.4284275 1.283764 0.1462618 0.4104584 1.286091 0.1273544 0.4807698 1.282055 -0.03879247 0.4104584 1.286091 0.1273544 0.2113519 1.016002 -0.1433671 0.1739175 1.016937 -0.0840385 -0.1739054 1.016937 -0.08405061 -0.1519819 1.016937 -0.1059741 -0.2113106 1.016002 -0.1434085 -0.1364882 1.017324 -0.06854475 -0.08356035 1.017324 -0.0904682 -0.1547171 1.017102 -0.08678062 -0.1364882 1.017324 -0.06854475 -0.1739054 1.016937 -0.08405061 -0.1584116 1.017324 -0.0156169 0.1519941 1.016937 -0.1059619 0.1739175 1.016937 -0.0840385 0.2113519 1.016002 -0.1433671 0.1364882 1.017324 -0.06854475 0.1584116 1.017324 -0.0156169 0.1547241 1.017102 -0.08677367 0.1364882 1.017324 -0.06854475 0.1519941 1.016937 -0.1059619 0.08356035 1.017324 -0.0904682 -0.08356035 1.017324 -0.0904682 -0.2113106 1.016002 -0.1434085 -0.1519819 1.016937 -0.1059741 0.1519941 1.016937 -0.1059619 -0.5033056 1.875313 0.6458521 0.5033056 1.765093 0.6458521 0.5033056 1.875313 0.6458521 0.5033055 1.903516 0.6419976 -0.5033055 1.903516 0.6419976 -0.5033056 1.765093 0.6458521 -0.5033055 1.73689 0.6419976 0.5033055 1.73689 0.6419976 0.5226837 1.765093 0.6419976 -0.5226837 1.875313 0.6419976 -0.5226837 1.765093 0.6419976 0.553943 1.875313 0.5952147 0.553943 1.765093 -0.4113965 0.553943 1.875313 -0.4113965 0.553943 1.765093 0.5952147 0.5500884 1.73689 0.5952146 0.5500884 1.73689 -0.4113965 0.5500884 1.765093 -0.4307746 0.5500884 1.903516 0.5952146 0.5500884 1.875313 0.6145927 -0.5033056 1.949011 -0.4113965 -0.5226837 1.943401 0.5952146 -0.5033056 1.949011 0.5952147 0.5033056 1.949011 -0.4113965 0.5033056 1.949011 0.5952147 0.5226837 1.943401 0.5952146 -0.5033055 1.943401 0.6145927 0.5033055 1.943401 0.6145927 -0.553943 1.875313 -0.4113965 -0.553943 1.765093 0.5952147 -0.553943 1.875313 0.5952147 -0.553943 1.765093 -0.4113965 -0.5500884 1.765093 0.6145928 -0.5500884 1.875313 0.6145927 -0.5500884 1.73689 0.5952146 -0.5500884 1.875313 -0.4307746 0.5033056 1.875313 -0.4620339 -0.5033056 1.765093 -0.4620339 -0.5033056 1.875313 -0.4620339 -0.5033055 1.903516 -0.4581794 0.5033055 1.903516 -0.4581794 0.5033056 1.765093 -0.4620339 0.5033055 1.73689 -0.4581794 -0.5033055 1.73689 -0.4581794 -0.5226837 1.765093 -0.4581794 0.5226837 1.875313 -0.4581794 -0.5033055 1.697005 0.6145928 -0.5221614 1.716729 0.6284457 -0.5231693 1.703776 0.6150784 -0.5226837 1.697005 0.5952146 -0.5033056 1.691395 0.5952147 -0.5033056 1.691395 -0.4113965 -0.5365366 1.716729 0.6140705 -0.5391117 1.712981 0.5952146 -0.5033055 1.712981 0.6310208 -0.5231693 1.736184 0.6373455 -0.5325411 1.722544 0.6244502 -0.5226837 1.697005 -0.4113965 -0.5391117 1.875313 0.6310208 -0.5391117 1.765093 0.6310208 -0.5365366 1.737651 0.6284457 -0.5454365 1.736184 0.6150784 -0.5500884 1.73689 -0.4113965 -0.5391117 1.712981 -0.4113965 -0.5221614 1.923678 0.6284457 -0.5231693 1.904223 0.6373455 -0.5365366 1.902756 0.6284457 -0.5325411 1.917863 0.6244502 -0.5365366 1.923678 0.6140705 -0.5231693 1.936631 0.6150784 -0.5033055 1.927426 0.6310208 -0.5454365 1.904223 0.6150784 -0.5391117 1.927426 -0.4113965 -0.5391117 1.927426 0.5952146 -0.5226837 1.943401 -0.4113965 -0.5500884 1.903516 0.5952146 -0.5500884 1.903516 -0.4113965 -0.5033055 1.697005 -0.4307746 -0.5365366 1.716729 -0.4302523 -0.5231693 1.703776 -0.4312602 -0.5221614 1.716729 -0.4446275 -0.5033055 1.712981 -0.4472025 -0.5454365 1.736183 -0.4312602 -0.5325411 1.722544 -0.440632 -0.5500884 1.765093 -0.4307746 -0.5391117 1.875313 -0.4472026 -0.5365366 1.73765 -0.4446275 -0.5391117 1.765093 -0.4472026 -0.5226837 1.875313 -0.4581794 -0.5231693 1.736183 -0.4535274 0.5033055 1.712981 -0.4472025 -0.5033055 1.943401 -0.4307746 -0.5221614 1.923678 -0.4446275 -0.5231693 1.936631 -0.4312603 -0.5365366 1.923678 -0.4302523 -0.5231693 1.904223 -0.4535274 -0.5033055 1.927426 -0.4472026 0.5033055 1.927426 -0.4472026 -0.5325411 1.917863 -0.4406321 -0.5454365 1.904223 -0.4312603 -0.5365366 1.902756 -0.4446275 0.5033055 1.697005 0.6145928 0.5226837 1.697005 0.5952146 0.5231693 1.703776 0.6150784 0.5033056 1.691395 0.5952147 0.5033056 1.691395 -0.4113965 0.5226837 1.697005 -0.4113965 0.5391117 1.712981 0.5952146 0.5365366 1.716729 0.6140705 0.5391117 1.712981 -0.4113965 0.5221614 1.716729 0.6284457 0.5454365 1.736184 0.6150784 0.5325411 1.722544 0.6244502 0.5033055 1.712981 0.6310208 0.5500884 1.765093 0.6145928 0.5391117 1.875313 0.6310208 0.5365366 1.737651 0.6284457 0.5231693 1.736184 0.6373455 0.5391117 1.765093 0.6310208 0.5226837 1.875313 0.6419976 0.5226837 1.943401 -0.4113965 0.5231693 1.936631 0.6150784 0.5365366 1.923678 0.6140705 0.5033055 1.927426 0.6310208 0.5221614 1.923678 0.6284457 0.5231693 1.904223 0.6373455 0.5391117 1.927426 0.5952146 0.5391117 1.927426 -0.4113965 0.5325411 1.917863 0.6244502 0.5454365 1.904223 0.6150784 0.5365366 1.902756 0.6284457 0.5500884 1.903516 -0.4113965 0.5033055 1.697005 -0.4307746 0.5231693 1.703776 -0.4312602 0.5365366 1.716729 -0.4302523 0.5221614 1.716729 -0.4446275 0.5231693 1.736183 -0.4535274 0.5325411 1.722544 -0.440632 0.5226837 1.765093 -0.4581794 0.5365366 1.73765 -0.4446275 0.5391117 1.875313 -0.4472026 0.5454365 1.736183 -0.4312602 0.5391117 1.765093 -0.4472026 0.5500884 1.875313 -0.4307746 0.5033055 1.943401 -0.4307746 0.5231693 1.936631 -0.4312603 0.5365366 1.923678 -0.4302523 0.5454365 1.904223 -0.4312603 0.5221614 1.923678 -0.4446275 0.5325411 1.917863 -0.4406321 0.5231693 1.904223 -0.4535274 0.5365366 1.902756 -0.4446275 -0.4598894 1.893459 0.5882345 0.2395929 2.394833 0.3689706 -0.2406691 2.394833 0.3689706 -0.2613567 2.394833 0.3623179 -0.4805988 1.893459 0.5816187 0.02381404 2.735705 -0.03964151 0.002353603 2.739095 -0.03672823 0.4588545 1.893459 0.5882345 0.2608186 2.394833 0.3625036 -0.2764895 2.394833 -0.1763332 -0.495748 1.893459 -0.3955019 -0.5013082 1.893459 -0.3766221 -0.4805573 1.893459 -0.4093231 -0.2394583 2.549909 -0.2276757 -0.2613136 2.394833 -0.1900847 -0.254603 2.559087 -0.2163407 -0.2405829 2.394833 -0.1951182 -0.2190572 2.602865 -0.2681623 -0.1964671 2.59108 -0.2803862 -0.4598065 1.893459 -0.4143819 -0.2820443 2.394833 -0.1575482 -0.2600526 2.572244 -0.2010093 -0.2302965 2.6188 -0.2534011 -0.07944653 2.665558 -0.3854469 -0.03259229 2.749772 -0.1284763 -0.01184106 2.745889 -0.1322035 -0.1006299 2.66925 -0.3880506 -0.1298193 2.66925 -0.3880506 -0.1978894 2.74977 -0.1284804 -0.2151942 2.739346 -0.03702324 0.03978855 2.726823 -0.0480454 0.002519777 2.735339 -0.1418374 -0.06393924 2.655474 -0.3783337 -0.2358537 2.736549 -0.0404748 -0.218114 2.745984 -0.132137 -0.2509922 2.728421 -0.04932898 -0.2765011 2.394833 0.3441429 -0.5013082 1.893459 0.538854 -0.4957591 1.893459 0.5635442 -0.2321021 2.735702 -0.1415715 -0.2565385 2.717346 -0.06145811 -0.2820443 2.394833 0.3193152 0.5013082 1.893459 -0.374238 0.275948 2.394833 -0.1750935 0.2820443 2.394833 -0.1550688 0.2820443 2.394833 0.320701 0.5013082 1.893459 0.5401865 0.07010025 2.682185 -0.1030563 0.2763569 2.394833 0.3448357 -0.2352852 2.720638 -0.1564227 -0.1656205 2.655836 -0.3785893 -0.1504891 2.665655 -0.3855154 -0.171159 2.642422 -0.369128 0.2365411 2.394833 -0.1951182 0.4559201 1.893459 -0.4143819 0.02884661 2.54973 -0.2325938 0.04872704 2.554986 -0.2291709 0.2592927 2.394833 -0.1897526 -0.2185922 2.547651 -0.232091 -0.03537375 2.590739 -0.2809725 -0.06206181 2.586718 -0.2858592 -0.1713027 2.586718 -0.2858244 0.0658195 2.580124 -0.2050403 0.005811517 2.719891 -0.1569626 -0.01122379 2.60159 -0.2690294 0.0004520334 2.616267 -0.2552224 0.4952273 1.893459 -0.3943099 0.4786141 1.893459 -0.4090036 0.06298172 2.565476 -0.2189113 0.4800814 1.893459 0.5817973 0.4956205 1.893459 0.5642105 -0.171159 2.621763 -0.3545564 -0.1656095 2.60437 -0.3422886 -0.150448 2.591637 -0.3333078 -0.129737 2.586976 -0.3300206 -0.1035183 2.586976 -0.3300206 -0.08089076 2.591276 -0.3330531 -0.05826318 2.641697 -0.3686169 -0.05826318 2.619068 -0.3526554 -0.06432622 2.603022 -0.341338 -0.1832226 2.347851 -0.5096775 -0.08492111 2.359576 -0.4453393 -0.2204945 2.359576 -0.4012882 -0.3042852 2.359576 -0.5166141 -0.2170084 2.37891 -0.6136612 -0.09476857 2.37891 -0.5739423 -0.01612057 2.452629 -0.3953535 -0.1223917 2.434519 -0.3300124 -0.2467735 2.45263 -0.3204085 -0.3263449 2.446483 -0.4056935 0.01456817 2.55582 -0.4454125 -0.04744839 2.555783 -0.3300112 0.01318183 2.43452 -0.5166141 -0.03273454 2.462812 -0.6190123 0.01456817 2.55582 -0.5739426 -0.3893264 2.452631 -0.5166141 -0.3263449 2.446483 -0.6136615 -0.2467735 2.452629 -0.7128196 -0.128554 2.446483 -0.6779271 0.002790529 2.648827 -0.5096775 -0.02428986 2.677046 -0.4012878 -0.1830235 2.555783 -0.2859602 -0.3185986 2.555783 -0.3300112 -0.1192735 2.658936 -0.3204085 -0.2378912 2.665158 -0.341428 -0.4023887 2.555782 -0.4453391 -0.3810134 2.55582 -0.5739426 -0.3337107 2.648828 -0.4003428 -0.3792288 2.677045 -0.5166141 -0.3054639 2.55582 -0.6779282 -0.1832226 2.55582 -0.7176467 -0.3337107 2.648828 -0.6190123 -0.2378912 2.665157 -0.6779272 -0.06098128 2.55582 -0.6779282 -0.1257424 2.648828 -0.6865864 -0.02428986 2.677045 -0.6319404 -0.1455525 2.75199 -0.4012883 -0.06176182 2.751989 -0.5166141 -0.1832226 2.763789 -0.5096776 -0.2811258 2.75199 -0.4453394 -0.2811258 2.75199 -0.5878889 -0.1494369 2.73273 -0.6136612 -0.1655358 1.190201 0.6144923 -0.2304032 1.157774 0.6490501 -0.1655358 1.170394 0.6590899 -0.2304032 1.157774 0.5799344 -0.2304017 1.173654 0.6144924 -0.2771741 1.131381 0.6476536 -0.2304074 1.115429 0.6620092 -0.1655358 1.117574 0.6758139 -0.08201757 1.135218 0.678944 -0.08315741 1.189483 0.6613297 -0.08201757 1.210328 0.6144921 -0.2771411 1.161808 0.590375 -0.2771288 1.173218 0.6144924 -0.2771411 1.161808 0.6386095 -0.1655358 1.117574 0.5531704 -0.2304074 1.115429 0.5669752 -0.1655358 1.170394 0.5698946 -0.08201757 1.135218 0.5500404 -0.08315742 1.189483 0.5676548 -0.277174 1.131382 0.5813309 -0.3145215 1.183788 0.632933 -0.3145215 1.183788 0.5960515 -0.3145086 1.192076 0.6144923 -0.314556 1.161686 0.6398481 -0.08315742 1.080301 0.5676547 -0.1655358 1.064754 0.5698946 -0.2304115 1.073083 0.5799344 -0.02607456 1.107194 0.5773041 -0.02607456 1.193448 0.5773041 -0.01451332 1.153626 0.5691548 0.009749018 1.160562 0.6144923 -0.01451332 1.206151 0.6144922 -0.01451331 1.101101 0.6144922 -0.08201757 1.060108 0.6144923 -0.02607456 1.193448 0.6516804 -0.01451332 1.153626 0.6598297 -0.02607456 1.107194 0.6516804 -0.08315741 1.080301 0.6613297 -0.1655358 1.064754 0.6590899 -0.2304115 1.073083 0.6490501 -0.1655358 1.044946 0.6144922 -0.230413 1.057203 0.6144924 -0.3145905 1.139585 0.632933 -0.2772069 1.100956 0.6386096 -0.3452113 1.168109 0.6144923 -0.3146035 1.131296 0.6144923 -0.2772192 1.089546 0.6144922 -0.3453421 1.174142 0.6295256 -0.3456909 1.190228 0.635163 -0.3696958 1.192433 0.6250786 -0.3460397 1.206314 0.6295256 -0.3461705 1.212347 0.6144924 -0.3711418 1.202734 0.6289282 -0.2772069 1.100956 0.5903749 -0.3145905 1.139585 0.5960515 -0.314556 1.161686 0.5891363 -0.3720674 1.213029 0.6039059 -0.3728079 1.216762 0.6144922 -0.3720675 1.213029 0.6250786 -0.3862163 1.210609 0.620955 -0.3862163 1.210609 0.6080295 -0.3893185 1.211294 0.6144922 -0.3460397 1.206314 0.5994588 -0.3711418 1.202734 0.6000563 -0.3456909 1.190228 0.5938213 -0.393002 1.204739 0.6144922 -0.3874636 1.204673 0.6072169 -0.3874635 1.204673 0.6217677 -0.3453421 1.174142 0.5994588 -0.3696958 1.192433 0.6039058 -0.3694757 1.188706 0.6144923 -0.3834325 1.198673 0.6080295 -0.3856086 1.198051 0.6144922 -0.3834325 1.198673 0.620955 0.1655358 1.190201 0.6144923 0.2304032 1.157774 0.6490501 0.2304017 1.173654 0.6144924 0.08201757 1.210327 0.6144924 0.1655358 1.170394 0.6590899 0.277174 1.131381 0.6476535 0.2771411 1.161808 0.6386095 0.1655358 1.117574 0.6758141 0.2304073 1.115429 0.6620092 0.2771288 1.173218 0.6144924 0.08201757 1.135218 0.6789442 0.0831574 1.189483 0.6613297 0.314556 1.161686 0.6398481 0.3145214 1.183788 0.632933 0.3145085 1.192076 0.6144923 0.2771411 1.161808 0.590375 0.3145215 1.183788 0.5960515 0.314556 1.161686 0.5891364 0.2304032 1.157774 0.5799344 0.1655358 1.170394 0.5698946 0.1655358 1.117574 0.5531704 0.277174 1.131382 0.5813308 0.2304073 1.115429 0.5669752 0.08201757 1.135218 0.5500404 0.08315741 1.189483 0.5676548 0.2304114 1.073083 0.5799344 0.1655358 1.064754 0.5698946 0.08315741 1.080301 0.5676547 0.02607456 1.107193 0.5773041 0.01451331 1.153626 0.5691548 0.08201757 1.060108 0.6144922 0.01451332 1.101101 0.6144923 0.02607456 1.193448 0.5773041 -0.009749018 1.160562 0.6144923 0.01451332 1.206151 0.6144922 0.01451332 1.153626 0.6598297 0.02607456 1.193448 0.6516804 0.02607456 1.107194 0.6516804 0.0831574 1.080301 0.6613297 0.1655358 1.064754 0.65909 0.2304115 1.073083 0.6490499 0.1655358 1.044946 0.6144923 0.230413 1.057203 0.6144923 0.3145905 1.139585 0.632933 0.3452112 1.16811 0.6144923 0.3453421 1.174142 0.6295256 0.2772069 1.100956 0.6386096 0.3456909 1.190228 0.635163 0.2772192 1.089546 0.6144923 0.3146035 1.131296 0.6144923 0.3696959 1.192433 0.6250786 0.3711418 1.202734 0.6289282 0.3460397 1.206314 0.6295256 0.3720674 1.213029 0.6250786 0.2772069 1.100956 0.5903748 0.3145905 1.139585 0.5960515 0.3461705 1.212347 0.6144924 0.3728079 1.216762 0.6144922 0.3893185 1.211294 0.6144922 0.3862163 1.210609 0.6080294 0.3862163 1.210609 0.620955 0.393002 1.204739 0.6144922 0.3711418 1.202734 0.6000563 0.3720675 1.213029 0.6039059 0.3874636 1.204672 0.6072169 0.3460397 1.206314 0.5994587 0.3456909 1.190228 0.5938214 0.3453421 1.174142 0.5994589 0.3696958 1.192433 0.6039059 0.3694757 1.188706 0.6144922 0.3874635 1.204672 0.6217677 0.3834325 1.198673 0.620955 0.3856086 1.198051 0.6144922 0.3834325 1.198673 0.6080295 -0.3049786 1.063603 0.5778357 -0.2991923 1.047802 0.5928024 -0.3010597 1.063318 0.5951128 -0.2991923 1.078562 0.5928024 -0.3010597 1.081014 0.5778357 -0.2991923 1.078562 0.5628689 -0.3010597 1.063318 0.5605587 -0.2991923 1.047802 0.5628689 -0.3010597 1.045622 0.5778357 -0.2880168 1.024384 0.5778357 -0.288259 1.035643 0.6022856 -0.2881973 1.060805 0.6119635 -0.2881973 1.060805 0.5437079 -0.2882153 1.096372 0.5778357 -0.2883646 1.086601 0.5535939 -0.288259 1.035643 0.5533858 0.2875073 1.04357 0.5362428 0.2510497 1.075448 0.5352884 0.2887401 1.076082 0.5490315 0.3048158 1.032704 0.5605682 0.2868772 1.009708 0.5470466 0.3048316 1.050675 0.5540112 0.2458489 1.022725 0.514902 0.3104259 1.042126 0.5681325 0.3104259 1.062243 0.5681325 0.3113283 1.052284 0.5670653 0.3048831 1.068915 0.5607146 0.2864427 1.088237 0.5780463 0.2461954 1.093565 0.5783455 0.304559 1.075652 0.5778732 0.3113221 1.06342 0.5778366 0.3132221 1.052493 0.5778358 0.3113283 1.041148 0.5778358 0.3047158 1.025099 0.5778358 0.3104258 1.042126 0.5875391 0.3101779 1.062243 0.5875704 0.3112469 1.052284 0.5886164 0.3038545 1.050675 0.6017838 0.3035796 1.068915 0.5951216 -0.2580285 1.048808 0.6337975 -0.2582858 1.004758 0.6182895 -0.2047208 1.084625 0.6330848 -0.2600325 1.093107 0.6166222 -0.2031753 1.039052 0.6567241 -0.2883646 1.086601 0.6020774 -0.2584604 1.109429 0.5778356 -0.2021596 1.108255 0.5778356 0.3047793 1.032704 0.5951079 0.2849285 0.9919865 0.5778357 0.2844962 1.010185 0.6088184 0.2285889 0.9201067 0.5778084 0.2356973 0.9551789 0.5259488 0.2290159 0.9588977 0.6296271 -0.2600325 1.093107 0.5390491 -0.2047208 1.084625 0.5225864 -0.2008368 1.016145 0.4986831 -0.2580285 1.048808 0.5218739 -0.1218765 1.087104 0.5778356 -0.1235124 1.055876 0.5089482 -0.08585001 1.051312 0.646723 -0.04809075 1.064414 0.5778356 -0.04809075 1.031391 0.5044583 -0.1191596 0.9663291 0.4794865 -0.08416429 0.9848093 0.6746008 -0.2582858 1.004758 0.5373818 -0.2557655 0.981425 0.5778356 -0.1993323 0.9622035 0.6371259 -0.1967722 0.9389853 0.5171803 -0.1936837 0.9028301 0.576851 -0.01042837 1.026826 0.6512129 -0.1121092 0.8709086 0.6474972 -0.02111561 0.923794 0.6801126 -0.06659528 0.7702649 0.5955685 -0.05882217 0.8244022 0.6628599 0.2827586 1.044192 0.6198886 0.283472 1.076082 0.6073055 0.2388049 1.075767 0.6218578 0.2277499 1.026408 0.6421994 0.1351877 0.8496724 0.5001 0.07883698 0.9409132 0.4737222 0.1617918 0.9764636 0.4874204 0.146478 0.8255061 0.5774835 0.08041129 0.7702649 0.5238965 0.06940065 0.8366037 0.4777687 0.1281703 0.8534838 0.6530399 0.0802799 0.7702649 0.6198316 0.09049181 0.7703134 0.5753919 0.1323759 0.9448471 0.6693351 0.06648264 0.9047602 0.6806678 0.06683322 0.8359291 0.6675735 0.08066907 1.03141 0.5047672 0.1747434 1.0584 0.5175841 0.1762949 1.084408 0.5778356 0.0816938 1.064217 0.5778356 -0.04774066 0.9409132 0.4731671 -0.1073398 0.847931 0.4931293 0.01578462 1.020747 0.5044583 0.01544399 0.9316778 0.4729337 -0.04540583 0.8366036 0.4730551 -0.06398938 0.7702649 0.4996334 -0.1232136 0.8235279 0.5680619 0.01124378 0.8300147 0.4723926 0.01578462 1.053361 0.5778356 -0.03219652 0.7630156 0.4809601 0.04831389 0.7630156 0.4955358 0.00784519 0.7583818 0.4829006 -0.03541892 0.7630156 0.6140626 -0.002092295 0.8174605 0.6659334 -0.04137929 0.7351477 0.5594453 -0.0207783 0.7235798 0.5604935 0.00467179 0.7193628 0.5679632 0.005157758 0.7583818 0.6207349 0.04702208 0.7630156 0.6286384 0.030899 0.7235798 0.5839457 -0.07513478 0.7703134 0.5471075 -0.04030512 0.7299629 0.5275825 0.005319455 0.706769 0.5279681 0.02574599 0.7110383 0.5476199 0.1516447 1.02302 0.6395636 0.004674721 0.9186096 0.6805695 0.06925622 0.9960298 0.6509041 0.01617715 1.020415 0.6512129 0.03144474 0.7235798 0.5185094 -0.01866954 0.7235798 0.4950571 0.006347771 0.7193628 0.5009818 0.05265785 0.7351477 0.5363848 0.05185836 0.7299629 0.5664649 -0.0150011 0.7110383 0.5204457 -0.03973932 0.7351477 0.5025615 0.05285897 0.7351477 0.5932686 0.4001254 1.61916 0.5363013 0.3961756 1.563215 0.5867994 0.3961756 1.563215 0.5363014 0.2553061 1.648015 0.5867994 0.4001254 1.61916 0.5867994 0.2553061 1.648015 0.5363013 0.3987453 1.599612 0.6063013 0.3975501 1.582684 0.6063013 0.3965782 1.568917 0.6005894 0.2502537 1.576452 0.6005894 0.2498511 1.57075 0.5867995 0.2498511 1.57075 0.5363014 0.3997212 1.613435 0.6005894 0.2539261 1.62847 0.6063013 0.2512256 1.590219 0.6063013 0.2549019 1.642291 0.6005894 0.1042792 1.573109 0.5867995 0.1042792 1.573109 0.5363014 0.1046818 1.578812 0.6005894 0.1083544 1.630832 0.6063013 0.1097341 1.650375 0.5867994 0.1097341 1.650375 0.5363013 0.1056537 1.592579 0.6063013 0.10933 1.644651 0.6005894 -0.4001254 1.61916 0.5363013 -0.3961756 1.563215 0.5867994 -0.4001254 1.61916 0.5867994 -0.2553061 1.648015 0.5867994 -0.2553061 1.648015 0.5363013 -0.2502537 1.576452 0.6005894 -0.3965782 1.568917 0.6005894 -0.3987453 1.599612 0.6063013 -0.3961756 1.563215 0.5363014 -0.3997212 1.613435 0.6005894 -0.3975501 1.582684 0.6063013 -0.2512256 1.590219 0.6063013 -0.2539261 1.62847 0.6063013 -0.2498511 1.57075 0.5363014 -0.1042792 1.573109 0.5363014 -0.2498511 1.57075 0.5867995 -0.1097341 1.650375 0.5867994 -0.1042792 1.573109 0.5867995 -0.1046818 1.578812 0.6005894 -0.1083544 1.630832 0.6063013 -0.1056537 1.592579 0.6063013 -0.10933 1.644651 0.6005894 -0.2549019 1.642291 0.6005894 -0.1097341 1.650375 0.5363013 -0.06829694 1.379685 0.6538103 -0.06135866 1.436226 0.6538103 -0.05872928 1.436226 0.6599287 -0.06748974 1.427942 0.6515088 -0.09370727 1.338653 0.6515088 -0.07417959 1.381413 0.6515088 -0.0885495 1.335338 0.6538103 -0.06577396 1.378945 0.6599287 -0.06829694 1.379685 0.6660473 -0.08633749 1.333917 0.6599287 -0.08854952 1.335338 0.6660474 -0.07417965 1.474471 0.6515088 -0.06829694 1.469193 0.6538103 -0.07973012 1.472841 0.6541565 -0.07327454 1.427942 0.6541565 -0.08192022 1.472198 0.6599287 -0.0797301 1.383042 0.6541565 -0.08192019 1.383685 0.6599287 -0.09857378 1.341781 0.6541565 -0.100494 1.343015 0.6599287 -0.07327454 1.427942 0.6657011 -0.07555711 1.427942 0.6599287 -0.0797301 1.383042 0.6657011 -0.07417959 1.381413 0.6683487 -0.0797301 1.472841 0.6657011 -0.09857378 1.341781 0.6657011 -0.06748974 1.427942 0.6683487 -0.06829694 1.469193 0.6660473 -0.07417965 1.474471 0.6683487 -0.09370727 1.338653 0.6683487 -0.06135866 1.436226 0.6660473 -0.1187538 1.296506 0.6599286 -0.1204757 1.298494 0.6538102 -0.1204757 1.298494 0.6660474 -0.1282789 1.307499 0.6541565 -0.1244907 1.303127 0.6515088 -0.1297737 1.309224 0.6599286 -0.1282789 1.307499 0.6657011 -0.1244907 1.303127 0.6683487 -0.1603967 1.269744 0.6599286 -0.1614891 1.272136 0.6538102 -0.1664391 1.282975 0.6541565 -0.164036 1.277713 0.6515088 -0.1673873 1.285051 0.6599286 -0.1664391 1.282975 0.6657011 -0.164036 1.277713 0.6683487 -0.1614891 1.272136 0.6660474 -0.2078927 1.255798 0.6599287 -0.2082669 1.258401 0.6538102 -0.2091395 1.264469 0.6515088 -0.2099627 1.270195 0.6541566 -0.2102876 1.272454 0.6599286 -0.2099627 1.270195 0.6657011 -0.2091395 1.264469 0.6683487 -0.2082669 1.258401 0.6660474 -0.2573938 1.255798 0.6599287 -0.2570196 1.258401 0.6538102 -0.2561471 1.264469 0.6515088 -0.2553238 1.270195 0.6541566 -0.254999 1.272454 0.6599286 -0.2553238 1.270195 0.6657011 -0.2561471 1.264469 0.6683487 -0.2570196 1.258401 0.6660474 -0.3037974 1.272136 0.6660474 -0.3048897 1.269744 0.6599286 -0.3037974 1.272136 0.6538102 -0.3012505 1.277713 0.6515088 -0.2988474 1.282975 0.6541565 -0.2978992 1.285051 0.6599286 -0.2988474 1.282975 0.6657011 -0.3012505 1.277713 0.6683487 -0.3448108 1.298494 0.6538102 -0.3465327 1.296506 0.6599286 -0.3448108 1.298494 0.6660474 -0.3407958 1.303127 0.6515088 -0.3370075 1.307499 0.6541565 -0.3355128 1.309224 0.6599286 -0.3370075 1.307499 0.6657011 -0.3407958 1.303127 0.6683487 -0.378949 1.333917 0.6599287 -0.3767369 1.335338 0.6538103 -0.3715792 1.338653 0.6515088 -0.3667127 1.34178 0.6541565 -0.3647925 1.343014 0.6599287 -0.3667127 1.34178 0.6657011 -0.3715792 1.338653 0.6683487 -0.3767369 1.335338 0.6660474 -0.3995125 1.378945 0.6599287 -0.3969895 1.379685 0.6538103 -0.3911069 1.381413 0.6515088 -0.3855564 1.383042 0.6541565 -0.3833663 1.383685 0.6599287 -0.3855564 1.383042 0.6657011 -0.3911069 1.381413 0.6683487 -0.3969895 1.379685 0.6660473 -0.4065572 1.427942 0.6599287 -0.4039278 1.427942 0.6538103 -0.3920119 1.427942 0.6541565 -0.3977968 1.427942 0.6515088 -0.3897294 1.427942 0.6599287 -0.3920119 1.427942 0.6657011 -0.3977968 1.427942 0.6683487 -0.4039278 1.427942 0.6660473 -0.3969895 1.476198 0.6538103 -0.3969895 1.476198 0.6660473 -0.3995125 1.476939 0.6599287 -0.3911069 1.474471 0.6515088 -0.3855564 1.472841 0.6541565 -0.3833663 1.472198 0.6599287 -0.3855564 1.472841 0.6657011 -0.3911069 1.474471 0.6683487 -0.376737 1.520545 0.6660473 -0.378949 1.521967 0.6599287 -0.376737 1.520545 0.6538103 -0.3715792 1.51723 0.6515088 -0.3667127 1.514103 0.6541565 -0.3647925 1.512869 0.6599287 -0.3667127 1.514103 0.6657011 -0.3715792 1.51723 0.6683487 -0.3448108 1.55739 0.6538103 -0.3407959 1.552756 0.6515088 -0.3448108 1.55739 0.6660473 -0.3465328 1.559377 0.6599287 -0.3370076 1.548385 0.6541565 -0.3355129 1.546659 0.6599287 -0.3370076 1.548385 0.6657011 -0.3407959 1.552756 0.6683487 -0.3048897 1.586139 0.6599287 -0.3037974 1.583748 0.6538103 -0.3012505 1.578171 0.6515088 -0.2988474 1.572909 0.6541565 -0.2978992 1.570832 0.6599287 -0.2988474 1.572909 0.6657011 -0.3012505 1.578171 0.6683487 -0.3037974 1.583748 0.6660473 -0.2573939 1.600085 0.6599287 -0.2570197 1.597483 0.6538103 -0.2561471 1.591414 0.6515088 -0.2553238 1.585688 0.6541566 -0.254999 1.583429 0.6599287 -0.2561471 1.591414 0.6683487 -0.2570197 1.597483 0.6660473 -0.2078927 1.600085 0.6599287 -0.2082669 1.597483 0.6538103 -0.2091395 1.591414 0.6515088 -0.2099627 1.585688 0.6541566 -0.2553238 1.585688 0.6657011 -0.2102876 1.583429 0.6599287 -0.2099627 1.585688 0.6657011 -0.2091395 1.591414 0.6683487 -0.2082669 1.597483 0.6660473 -0.1614891 1.583748 0.6660473 -0.1603967 1.586139 0.6599287 -0.1614891 1.583748 0.6538103 -0.164036 1.578171 0.6515088 -0.1664391 1.572909 0.6541565 -0.1673873 1.570832 0.6599287 -0.1664391 1.572909 0.6657011 -0.164036 1.578171 0.6683487 -0.1244908 1.552757 0.6515088 -0.1187539 1.559377 0.6599287 -0.1204758 1.55739 0.6538103 -0.1204758 1.55739 0.6660473 -0.128279 1.548385 0.6541565 -0.1297737 1.54666 0.6599287 -0.128279 1.548385 0.6657011 -0.1244908 1.552757 0.6683487 -0.08633749 1.521967 0.6599287 -0.0885495 1.520545 0.6538103 -0.09370727 1.51723 0.6515088 -0.09857378 1.514103 0.6541565 -0.100494 1.512869 0.6599287 -0.09857376 1.514103 0.6657011 -0.09370727 1.51723 0.6683487 -0.0885495 1.520545 0.6660473 -0.06577401 1.469699 0.6599287 -0.05872928 1.436226 0.6599287 -9.60868e-15 1.438815 0.6660473 -0.06135866 1.436226 0.6660473 -9.523089e-15 1.438815 0.6599287 -9.616e-15 1.471782 0.6660473 -0.06829694 1.469193 0.6660473 -9.437498e-15 1.438815 0.6538103 -0.06135866 1.436226 0.6538103 -9.444818e-15 1.471782 0.6538103 -9.444818e-15 1.471782 0.6538103 -9.523089e-15 1.438815 0.6599287 -9.437498e-15 1.438815 0.6538103 -9.530521e-15 1.472288 0.6599287 -9.616e-15 1.471782 0.6660473 -9.60868e-15 1.438815 0.6660473 -0.06577401 1.469699 0.6599287 -0.06829694 1.469193 0.6538103 -9.530521e-15 1.472288 0.6599287 0.06135866 1.436226 0.6538103 0.06829694 1.379685 0.6538103 0.05872928 1.436226 0.6599287 0.06748974 1.427942 0.6515088 0.07417959 1.381413 0.6515088 0.0885495 1.335338 0.6538103 0.06577396 1.378945 0.6599287 0.06829694 1.379685 0.6660473 0.06135866 1.436226 0.6660473 0.08633749 1.333917 0.6599287 0.08854952 1.335338 0.6660474 0.07973012 1.472841 0.6541565 0.07327454 1.427942 0.6541565 0.09370727 1.338653 0.6515088 0.0797301 1.383042 0.6541565 0.08192022 1.472198 0.6599287 0.07555711 1.427942 0.6599287 0.08192019 1.383685 0.6599287 0.100494 1.343015 0.6599287 0.09857378 1.341781 0.6541565 0.07327454 1.427942 0.6657011 0.0797301 1.383042 0.6657011 0.07417959 1.381413 0.6683487 0.09370727 1.338653 0.6683487 0.09857378 1.341781 0.6657011 0.06748974 1.427942 0.6683487 0.06829694 1.469193 0.6660473 0.1204757 1.298494 0.6538102 0.1204757 1.298494 0.6660474 0.1282789 1.307499 0.6541565 0.1297737 1.309224 0.6599286 0.1282789 1.307499 0.6657011 0.1244907 1.303127 0.6515088 0.1603967 1.269744 0.6599286 0.1187538 1.296506 0.6599286 0.1664391 1.282975 0.6541565 0.1614891 1.272136 0.6538102 0.1244907 1.303127 0.6683487 0.1664391 1.282975 0.6657011 0.2078927 1.255798 0.6599287 0.1614891 1.272136 0.6660474 0.164036 1.277713 0.6515088 0.1673873 1.285051 0.6599286 0.2099627 1.270195 0.6541566 0.164036 1.277713 0.6683487 0.2099627 1.270195 0.6657011 0.2082669 1.258401 0.6660474 0.2573938 1.255798 0.6599287 0.2082669 1.258401 0.6538102 0.2091395 1.264469 0.6515088 0.2570196 1.258401 0.6538102 0.2553238 1.270195 0.6541566 0.2561471 1.264469 0.6515088 0.2102876 1.272454 0.6599286 0.2091395 1.264469 0.6683487 0.2553238 1.270195 0.6657011 0.2570196 1.258401 0.6660474 0.3037974 1.272136 0.6538102 0.3037974 1.272136 0.6660474 0.2988474 1.282975 0.6541565 0.3012505 1.277713 0.6515088 0.254999 1.272454 0.6599286 0.2978992 1.285051 0.6599286 0.2561471 1.264469 0.6683487 0.2988474 1.282975 0.6657011 0.3012505 1.277713 0.6683487 0.3448108 1.298494 0.6538102 0.3048897 1.269744 0.6599286 0.3448108 1.298494 0.6660474 0.3370075 1.307499 0.6541565 0.3407958 1.303127 0.6515088 0.3355128 1.309224 0.6599286 0.3407958 1.303127 0.6683487 0.3370075 1.307499 0.6657011 0.378949 1.333917 0.6599287 0.3465327 1.296506 0.6599286 0.3715792 1.338653 0.6515088 0.3667127 1.34178 0.6541565 0.3667127 1.34178 0.6657011 0.3715792 1.338653 0.6683487 0.3767369 1.335338 0.6538103 0.3995125 1.378945 0.6599287 0.3969895 1.379685 0.6538103 0.3855564 1.383042 0.6541565 0.3647925 1.343014 0.6599287 0.3767369 1.335338 0.6660474 0.3969895 1.379685 0.6660473 0.3911069 1.381413 0.6683487 0.3855564 1.383042 0.6657011 0.4065572 1.427942 0.6599287 0.3911069 1.381413 0.6515088 0.4039278 1.427942 0.6538103 0.3920119 1.427942 0.6541565 0.3833663 1.383685 0.6599287 0.3920119 1.427942 0.6657011 0.3969895 1.476198 0.6660473 0.4039278 1.427942 0.6660473 0.3977968 1.427942 0.6515088 0.3969895 1.476198 0.6538103 0.3897294 1.427942 0.6599287 0.3977968 1.427942 0.6683487 0.3833663 1.472198 0.6599287 0.3855564 1.472841 0.6657011 0.3995125 1.476939 0.6599287 0.376737 1.520545 0.6660473 0.3911069 1.474471 0.6515088 0.3855564 1.472841 0.6541565 0.376737 1.520545 0.6538103 0.3715792 1.51723 0.6515088 0.3647925 1.512869 0.6599287 0.3911069 1.474471 0.6683487 0.3715792 1.51723 0.6683487 0.378949 1.521967 0.6599287 0.3448108 1.55739 0.6660473 0.3407959 1.552756 0.6515088 0.3448108 1.55739 0.6538103 0.3667127 1.514103 0.6541565 0.3667127 1.514103 0.6657011 0.3355129 1.546659 0.6599287 0.3407959 1.552756 0.6683487 0.3370076 1.548385 0.6657011 0.3465328 1.559377 0.6599287 0.3012505 1.578171 0.6515088 0.3037974 1.583748 0.6538103 0.3048897 1.586139 0.6599287 0.3370076 1.548385 0.6541565 0.2988474 1.572909 0.6541565 0.2988474 1.572909 0.6657011 0.2978992 1.570832 0.6599287 0.3012505 1.578171 0.6683487 0.3037974 1.583748 0.6660473 0.2573939 1.600085 0.6599287 0.2561471 1.591414 0.6515088 0.2553238 1.585688 0.6541566 0.2553238 1.585688 0.6657011 0.254999 1.583429 0.6599287 0.2561471 1.591414 0.6683487 0.2570197 1.597483 0.6660473 0.2570197 1.597483 0.6538103 0.2078927 1.600085 0.6599287 0.2091395 1.591414 0.6515088 0.2102876 1.583429 0.6599287 0.2099627 1.585688 0.6541566 0.2091395 1.591414 0.6683487 0.2099627 1.585688 0.6657011 0.2082669 1.597483 0.6660473 0.1614891 1.583748 0.6538103 0.1603967 1.586139 0.6599287 0.1614891 1.583748 0.6660473 0.2082669 1.597483 0.6538103 0.1664391 1.572909 0.6541565 0.1673873 1.570832 0.6599287 0.1664391 1.572909 0.6657011 0.164036 1.578171 0.6515088 0.1204758 1.55739 0.6660473 0.1204758 1.55739 0.6538103 0.1187539 1.559377 0.6599287 0.1297737 1.54666 0.6599287 0.128279 1.548385 0.6541565 0.164036 1.578171 0.6683487 0.128279 1.548385 0.6657011 0.1244908 1.552757 0.6683487 0.08633749 1.521967 0.6599287 0.1244908 1.552757 0.6515088 0.09370727 1.51723 0.6515088 0.09857376 1.514103 0.6657011 0.100494 1.512869 0.6599287 0.09857378 1.514103 0.6541565 0.09370727 1.51723 0.6683487 0.0885495 1.520545 0.6660473 0.0885495 1.520545 0.6538103 0.06577401 1.469699 0.6599287 0.07417965 1.474471 0.6515088 0.0797301 1.472841 0.6657011 0.07417965 1.474471 0.6683487 0.06829694 1.469193 0.6538103 -9.60868e-15 1.438815 0.6660473 0.05872928 1.436226 0.6599287 0.06135866 1.436226 0.6660473 -9.523089e-15 1.438815 0.6599287 -9.437498e-15 1.438815 0.6538103 0.06135866 1.436226 0.6538103 -9.616e-15 1.471782 0.6660473 0.06829694 1.469193 0.6660473 -9.444818e-15 1.471782 0.6538103 0.06577401 1.469699 0.6599287 0.06829694 1.469193 0.6538103 -9.530521e-15 1.472288 0.6599287 -0.3108045 1.369104 0.5824701 -0.1918711 1.344186 0.5824702 -0.1473808 1.369104 0.5824701 -0.2663141 1.344186 0.5824702 0.3108045 1.369104 0.5824701 0.1918711 1.344186 0.5824702 0.2663141 1.344186 0.5824702 0.1473808 1.369104 0.5824701 0.3388635 1.765208 -0.4034799 0.3731308 1.761766 -0.4000084 0.3734072 1.770756 -0.3988576 0.3106 1.761766 -0.4038675 0.3388635 1.761766 -0.4038675 0.3759722 1.77137 -0.3978883 0.4056969 1.761766 -0.3886171 0.4056993 1.761841 -0.3886062 0.4059316 1.761766 -0.3884696 0.6465729 1.479513 0.1447699 0.6869793 1.522949 0.2448135 0.6267899 1.448829 0.2385485 0.575233 1.428313 0.2043066 0.6207931 1.521721 0.3225163 0.6048263 1.485259 0.3216176 0.6114614 1.633888 0.4257185 0.5878124 1.549935 0.4672328 0.6190584 1.615903 0.2806756 0.5350386 1.455794 0.4240767 0.4929342 1.449156 0.2790684 0.5417667 1.461182 0.2847998 0.668931 1.584628 0.2616827 0.6756203 1.592369 0.1544081 0.6214425 1.650109 0.2236627 0.6157964 1.438064 0.03002318 0.6248782 1.654715 -0.09984379 0.6456853 1.658428 0.1743421 -0.6805916 1.560691 0.2693959 -0.5346849 1.46678 0.2988422 -0.6232835 1.521612 0.3315811 -0.6877576 1.619097 0.3149741 -0.6370145 1.678303 0.2232965 -0.5485504 1.389611 0.09318565 -0.4929343 1.421255 0.1988197 -0.4929343 1.449816 0.4246364 -0.5183172 1.452833 0.4228064 -0.5781165 1.609761 0.4756879 -0.6263705 1.589332 0.377283 -0.5282215 1.51501 0.4886286 -0.6401256 1.568377 0.2005138 -0.5871433 1.529526 0.2373387 -0.6167386 1.711994 0.2871371 -0.6529034 1.574265 0.06399936 -0.6094129 1.690446 0.2029911 0.1652216 1.391786 -0.4135575 0.1595226 1.39531 -0.4885862 0.2394065 1.418218 -0.4370112 0.2249693 1.422152 -0.4038675 0.1672487 1.39579 -0.4038675 -0.05106979 1.348273 -0.4471419 -0.1600708 1.428657 -0.5236756 0.02202367 1.482717 -0.5523429 0.2775955 1.40849 -0.4038675 0.3388635 1.411027 -0.4038675 0.2628695 1.473635 -0.5577097 0.1266708 1.530526 -0.6086955 0.2650056 1.591155 -0.5925505 0.4034379 1.433689 -0.4624497 0.3188836 1.639674 -0.5552075 0.1740848 1.675035 -0.5813943 0.1138129 1.743104 -0.4332063 0.275468 1.702633 -0.515568 0.04992971 1.676167 -0.5483151 -0.09813222 1.768949 -0.4476201 0.4436752 1.680547 -0.491595 0.2185043 1.747132 -0.4157071 0.1262314 1.744066 -0.4038675 0.2130051 1.747147 -0.4038675 0.4851253 1.492045 -0.4422069 0.4805732 1.583179 -0.4973489 0.5585693 1.530126 -0.3205446 0.4885895 1.443984 -0.2854524 0.4776838 1.445424 -0.3166301 0.5464604 1.450981 -0.1651611 0.3728482 1.411128 -0.4000402 0.4056969 1.423612 -0.3886171 0.3731308 1.411246 -0.4000084 0.4602062 1.440553 -0.3444504 0.459325 1.440382 -0.3458529 0.4349197 1.43349 -0.3702583 0.5480961 1.682431 -0.329636 0.4009356 1.763462 -0.4314242 0.3734072 1.770756 -0.3988576 0.3759722 1.77137 -0.3978883 0.3106 1.761766 -0.4038675 0.3388635 1.765208 -0.4034799 0.4056993 1.761841 -0.3886062 0.4349197 1.748602 -0.3702584 0.4059316 1.761766 -0.3884696 0.459325 1.735934 -0.345853 0.5912386 1.695528 -0.2069676 0.6195053 1.549556 -0.1952692 0.4929342 1.731238 -0.2497968 -0.2629944 1.374806 -0.4038675 -0.060166 1.335672 -0.4038674 0.04958358 1.354683 -0.4038675 0.1572471 1.38943 -0.4038675 -0.1793243 1.573721 -0.5534176 -0.2283313 1.515055 -0.5496052 -0.2921108 1.382468 -0.4038675 -0.2969537 1.386289 -0.4038674 -0.3387264 1.624831 -0.5414499 -0.2357942 1.694484 -0.515776 -0.3728802 1.742279 -0.435919 -0.2712163 1.777121 -0.4021383 0.03119567 1.761766 -0.4038675 -0.5582184 1.649104 -0.3289361 -0.4412385 1.517312 -0.4935465 -0.5461454 1.532343 -0.3789866 -0.4593251 1.72635 -0.345853 -0.41982 1.666212 -0.4723998 -0.6079173 1.642612 -0.2324217 -0.5353766 1.720391 -0.2548643 -0.4659868 1.416875 -0.4004056 -0.3565448 1.469339 -0.4879165 -0.5862851 1.487389 -0.2488426 -0.4776839 1.413447 -0.3166301 -0.4890752 1.41741 -0.2840641 -0.4905355 1.416608 -0.2710961 -0.4929343 1.414479 -0.2497967 -0.5392169 1.442747 -0.2074392 -0.5949657 1.520398 -0.09780806 -0.6126118 1.658354 -0.09964867 -0.4349197 1.731548 -0.3702582 -0.4277915 1.734882 -0.3747365 0.4952902 1.401502 0.1512099 0.4929342 1.447757 0.2742539 0.5040109 1.398602 0.1434305 0.4929342 1.398477 0.1444379 0.5086089 1.394355 0.1329974 0.6024485 1.515258 -0.09623941 0.536273 1.403803 0.06990213 0.5713838 1.432841 -0.01033458 0.5146669 1.426172 -0.06187322 0.5714097 1.437212 -0.03771228 0.572972 1.433836 -0.01396094 0.5656361 1.739386 0.07530474 0.5521198 1.713192 -0.06764182 0.5290728 1.70054 0.2290892 0.4929342 1.735275 0.1367042 0.5823483 1.657196 0.2361455 0.4929342 1.745735 0.02981872 0.4929342 1.754449 0.07263001 0.4890751 1.443986 -0.2840641 0.5193205 1.427427 -0.0620834 0.4929342 1.429986 -0.1215786 0.4929342 1.435022 -0.2130457 0.4929342 1.440524 -0.2497967 0.4929342 1.746707 -0.1356803 0.4929342 1.747276 -0.159057 -0.4890752 1.483538 0.4621976 -0.4789195 1.519931 0.4912314 -0.6127069 1.664196 0.3818123 -0.4776839 1.668874 0.4947636 -0.4890752 1.714942 0.4621976 -0.459955 1.627571 0.5229838 -0.4595102 1.635347 0.5236917 -0.4929343 1.453281 0.2817139 -0.6215475 1.470237 0.03234205 -0.5689102 1.449265 -0.03782356 -0.5704725 1.442816 -0.01404389 -0.5240176 1.44206 -0.1304426 -0.5435555 1.400289 0.04765496 -0.5572695 1.738244 0.06675353 -0.5394555 1.714554 -0.07002202 -0.4929343 1.743795 0.0986862 -0.4929343 1.751743 0.06892735 -0.4929342 1.74056 0.01291689 -0.4929343 1.420359 -0.1551005 -0.4929343 1.415917 -0.1949601 -0.5319929 1.42501 -0.05774439 -0.54697 1.436128 -0.05358577 -0.499772 1.413204 -0.06122444 -0.516821 1.420183 -0.0620165 -0.4929343 1.437541 -0.1179752 0.4776838 1.515123 0.4947637 0.4890751 1.487362 0.4621976 0.4681073 1.527996 0.5100072 0.4594189 1.557627 0.523837 0.4598125 1.540423 0.5232105 0.473666 1.652273 0.5200741 0.4776838 1.67418 0.4947636 0.4748214 1.671979 0.4993197 0.4640988 1.646995 0.5163877 0.4661163 1.65534 0.5131763 0.5792921 1.707961 0.3505732 0.4929342 1.743063 0.409353 0.4929342 1.736777 0.4193548 0.4929342 1.728245 0.4279303 0.4890751 1.697298 0.4621976 -0.4056969 1.399328 -0.388617 -0.4349197 1.398608 -0.3702583 -0.3783704 1.397085 -0.3981756 -0.4478819 1.396443 -0.3572961 -0.4593251 1.403593 -0.3458529 -0.3052485 1.387024 -0.4038675 -0.3388635 1.393886 -0.4038674 -0.3731309 1.397582 -0.4000084 -0.5663224 1.714348 0.3005385 -0.4929343 1.741298 0.3387057 -0.4929343 1.717515 0.2669384 -0.4912679 1.730487 0.4520822 -0.4929343 1.732239 0.4279303 -0.3388635 1.761585 -0.4038675 -0.338432 1.761766 -0.4038675 -0.4056969 1.739047 -0.3886171 -0.3731309 1.7478 -0.4000084 -0.3169454 1.770951 -0.4028331 0.2410291 1.753602 -0.4038675 0.2159009 1.745961 -0.4038675 0.5494695 1.433982 -0.05356598 0.4929342 1.385131 0.09163547 0.4929342 1.423617 -0.08162167 -0.4929343 1.452836 0.4279303 -0.4776839 1.531977 0.4947637 -0.4899068 1.726995 0.454814 -0.4929343 1.379841 0.0490287 -0.5300653 1.386363 0.07850914 -0.4929342 1.405067 -0.04170377 -0.4929343 1.73294 -0.2404061 -0.4929343 1.731901 -0.2497968 -0.4890752 1.729105 -0.2840641 -0.4929343 1.74101 -0.1287544 -0.4929343 1.719817 -0.07876022 -0.4929343 1.742961 -0.2284424 0.4929342 1.735445 0.3667437 0.4891663 1.723795 -0.2832542 0.4890751 1.723768 -0.2840641 0.4776838 1.727515 -0.3166302 0.4185933 1.757698 -0.3805151 -0.4724155 1.728872 -0.3250159 -0.4776839 1.728441 -0.3166302 -0.4929342 1.711666 0.2358171 0.4929342 1.43822 -0.1851993 -0.4905175 1.731076 0.4493904 -0.4902452 1.730367 0.4518068 0.4929342 1.704988 0.2361526 -0.1042597 1.781081 -0.4016923 0.4929342 1.386365 0.1162204 -0.338432 1.761766 -0.4038675 -0.2712163 1.777121 -0.4021383 -0.3169454 1.770951 -0.4028331 -0.1042597 1.781081 -0.4016923 0.03119567 1.761766 -0.4038675 0.4929342 1.717112 -0.08260012 0.4929342 1.450182 0.4189596 0.4929342 1.457919 0.4279303 -0.208105 0.5693229 0.3660575 0.208105 0.5067706 0.3660575 0.208105 0.5693229 0.3660575 -0.2872222 0.5693229 0.313193 -0.2408764 0.5693229 0.3595389 -0.208105 0.5067706 0.3660575 0.2872222 0.5067706 0.313193 0.2408764 0.5067706 0.3595389 -0.2408764 0.5067706 0.3595389 0.2937409 0.5693229 0.2804216 0.2937409 0.5067706 -0.1385248 0.2937409 0.5693228 -0.1385248 -0.2937409 0.5693229 0.2804216 0.2872222 0.5693229 0.313193 -0.2937409 0.5067706 -0.1385248 0.208105 0.5067705 -0.2241606 0.2937409 0.5067706 0.2804216 0.2408764 0.5067705 -0.217642 0.2872222 0.5067706 -0.1712962 0.208105 0.5693228 -0.2241606 -0.208105 0.5693228 -0.2241606 -0.2937409 0.5693228 -0.1385248 -0.2937409 0.5067706 0.2804216 -0.2408764 0.5693228 -0.217642 -0.2872222 0.5693228 -0.1712962 -0.2872222 0.5067706 0.313193 0.2872222 0.5693228 -0.1712962 0.2686587 0.5067706 -0.1990785 0.2408764 0.5693228 -0.217642 0.2686587 0.5693228 -0.1990785 -0.2686587 0.5693228 -0.1990785 -0.2872222 0.5067706 -0.1712962 -0.2408764 0.5067705 -0.217642 -0.2686587 0.5067706 -0.1990785 -0.208105 0.5067705 -0.2241606 -0.2686587 0.5067706 0.3409754 -0.2686587 0.5693229 0.3409753 0.2408764 0.5693229 0.3595389 0.2686587 0.5067706 0.3409754 0.2686587 0.5693229 0.3409753 0.03861521 0.5900535 0.3396132 -0.03861521 0.5900535 0.3396132 -0.03861521 0.5900535 0.3741253 0.03861521 0.5900535 0.3741253 -0.05205834 0.49938 0.3741253 -0.03085711 0.5688523 0.3741253 -0.05205834 0.5766104 0.3741253 -0.03085711 0.5071381 0.3741253 -0.04255262 0.5805478 0.3741253 -0.04255262 0.4954426 0.3741253 0.03085711 0.5071381 0.3584406 -0.03085711 0.5071381 0.3584406 -0.03085711 0.5071381 0.3741253 0.03085711 0.5071381 0.3741253 -0.05205834 0.5766104 0.3396132 -0.05205834 0.49938 0.3741253 -0.05205834 0.5766104 0.3741253 -0.05205834 0.49938 0.3396132 0.05205834 0.5766104 0.3741253 0.05205834 0.49938 0.3396132 0.05205834 0.5766104 0.3396132 0.05205834 0.49938 0.3741253 -0.03861521 0.4859369 0.3741253 0.03085711 0.5071381 0.3741253 -0.03085711 0.5071381 0.3741253 -0.04255262 0.4954426 0.3741253 0.03861521 0.4859369 0.3741253 0.04255262 0.4954426 0.3741253 0.03861521 0.5900535 0.3741253 0.03085711 0.5688523 0.3741253 0.04255262 0.5805478 0.3741253 -0.03085711 0.5688523 0.3741253 -0.03861521 0.5900535 0.3741253 -0.04255262 0.5805478 0.3741253 0.05205834 0.49938 0.3741253 0.03085711 0.5071381 0.3741253 0.04255262 0.4954426 0.3741253 0.03085711 0.5688523 0.3741253 0.05205834 0.5766104 0.3741253 0.04255262 0.5805478 0.3741253 -0.03085711 0.5688523 0.3584406 0.03085711 0.5071381 0.3584406 0.03085711 0.5688523 0.3584406 -0.03085711 0.5071381 0.3584406 -0.03085711 0.5071381 0.3584406 -0.03085711 0.5688523 0.3584406 -0.03085711 0.5688523 0.3741253 -0.03085711 0.5071381 0.3741253 0.03085711 0.5688523 0.3741253 -0.03085711 0.5688523 0.3584406 0.03085711 0.5688523 0.3584406 -0.03085711 0.5688523 0.3741253 0.03085711 0.5688523 0.3584406 0.03085711 0.5071381 0.3741253 0.03085711 0.5688523 0.3741253 0.03085711 0.5071381 0.3584406 -0.05205834 0.49938 0.3741253 -0.03861521 0.4859369 0.3741253 -0.04255262 0.4954426 0.3741253 -0.03861521 0.5900535 0.3741253 0.05205834 0.5766104 0.3741253 0.03861521 0.5900535 0.3741253 0.04255262 0.5805478 0.3741253 0.03861521 0.4859369 0.3741253 -0.05205834 0.49938 0.3741253 -0.03861521 0.4859369 0.3396132 -0.03861521 0.4859369 0.3741253 -0.05205834 0.49938 0.3396132 -0.05205834 0.5766104 0.3396132 -0.03861521 0.5900535 0.3741253 -0.03861521 0.5900535 0.3396132 -0.05205834 0.5766104 0.3741253 0.05205834 0.49938 0.3396132 0.05205834 0.49938 0.3741253 0.03861521 0.4859369 0.3741253 0.03861521 0.4859369 0.3396132 0.05205834 0.5766104 0.3741253 0.05205834 0.5766104 0.3396132 0.03861521 0.5900535 0.3396132 0.03861521 0.5900535 0.3741253 0.03861521 0.4859369 0.3741253 -0.03861521 0.4859369 0.3741253 -0.03861521 0.4859369 0.3396132 0.03861521 0.4859369 0.3396132 -0.2772337 1.389953 0.5935173 -0.2870574 1.390962 0.5912272 -0.2792897 1.389801 0.5912272 -0.2874403 1.391508 0.5936719 -0.1825417 1.389589 0.5929498 -0.2771599 1.391101 0.5957693 -0.2711902 1.38941 0.5912272 -0.277291 1.389606 0.5653053 -0.2942025 1.392846 0.5653053 -0.2870653 1.390962 0.5653053 -0.1762158 1.393131 0.5979584 -0.2770952 1.39292 0.5977883 -0.2871112 1.39324 0.5965862 -0.2941009 1.393044 0.5929397 -0.2771175 1.395319 0.5995352 -0.2946806 1.395528 0.5965537 -0.3003307 1.397616 0.5958763 -0.2999462 1.395378 0.5928984 -0.286642 1.397467 0.5997152 -0.2938512 1.398555 0.5988253 -0.3035317 1.40108 0.596737 -0.3004247 1.395382 0.5653053 -0.3049778 1.398384 0.5928359 -0.2907391 1.406737 0.6017052 -0.2957048 1.511687 0.5995352 -0.2997304 1.406791 0.5996798 -0.2959894 1.402146 0.5997225 -0.2870665 1.401907 0.6012686 -0.2768351 1.399832 0.6016707 -0.3091783 1.401998 0.5912272 -0.3080911 1.401794 0.5936448 -0.3104764 1.40565 0.5936412 -0.3054905 1.398472 0.5653053 -0.3114001 1.405823 0.5912272 -0.3092052 1.401998 0.5653053 -0.3084494 1.406724 0.595947 -0.3116874 1.409908 0.5929497 -0.311894 1.40689 0.5653053 -0.3037218 1.511677 0.5957693 -0.3046525 1.40678 0.5979584 -0.2738242 1.51852 0.6017052 -0.2847209 1.520787 0.5994855 -0.2830232 1.516649 0.6012686 -0.2744327 1.511782 0.603003 -0.1797894 1.51189 0.6030328 -0.1798395 1.518852 0.6015969 -0.2736093 1.522969 0.5996798 -0.2914469 1.516393 0.5997152 -0.2874037 1.511728 0.6015969 -0.2926792 1.519568 0.5979625 -0.2994536 1.516585 0.5965861 -0.2770727 1.406779 0.6030295 -0.2825296 1.527575 0.5912271 -0.2892349 1.525691 0.5653053 -0.2888783 1.525639 0.5928185 -0.2829292 1.527034 0.5936448 -0.2756316 1.528275 0.5936411 -0.2752952 1.528736 0.5912271 -0.2736323 1.527288 0.595947 -0.2676007 1.528948 0.5929497 -0.2825331 1.527575 0.5653053 -0.2909298 1.523144 0.5958762 -0.2827044 1.525298 0.5965801 -0.1801476 1.527436 0.5957693 -0.1856625 1.529015 0.5926379 -0.2735719 1.525407 0.5979583 -0.294709 1.523165 0.5928989 -0.2896482 1.521921 0.5974581 -0.3059028 1.511706 0.5935172 -0.3037745 1.51654 0.5912271 -0.3061458 1.512714 0.5912271 -0.3070764 1.508736 0.5912271 -0.3027301 1.516732 0.5936719 -0.3037786 1.51654 0.5653053 -0.3065668 1.511731 0.5653053 -0.3000639 1.520065 0.5653053 -0.3002649 1.511658 0.5977883 -0.3000604 1.520065 0.5912271 -0.2986369 1.52004 0.5943744 -0.295153 1.523155 0.5653053 -0.166341 1.391191 0.5929598 -0.1738766 1.390262 0.5936412 -0.174223 1.389801 0.5912272 -0.1664497 1.390962 0.5653053 -0.1597062 1.392898 0.5928186 -0.1646368 1.393768 0.596737 -0.1760761 1.391249 0.595947 -0.1768944 1.389541 0.5653053 -0.1576365 1.395393 0.5958763 -0.1593136 1.392846 0.5653053 -0.1596099 1.398579 0.5988253 -0.1668722 1.397482 0.5997227 -0.1535785 1.395372 0.5928989 -0.1530924 1.395382 0.5653053 -0.1485479 1.398375 0.5928382 -0.1534681 1.398203 0.5965536 -0.1762893 1.396731 0.6003766 -0.1574902 1.402144 0.5997151 -0.1424509 1.406832 0.5935173 -0.1443339 1.401998 0.5912272 -0.1421116 1.405823 0.5912272 -0.1454313 1.401805 0.5936719 -0.1414585 1.409802 0.5912272 -0.1467757 1.508629 0.5929497 -0.1443139 1.401998 0.5653053 -0.1447656 1.40686 0.5957693 -0.1489339 1.401952 0.5965862 -0.1484349 1.406879 0.5977883 -0.1500817 1.511814 0.595947 -0.1536543 1.511758 0.5979584 -0.1532758 1.40685 0.5995354 -0.1480277 1.398472 0.5653053 -0.1761432 1.406617 0.6030079 -0.1721655 1.401623 0.6019285 -0.1620998 1.40681 0.601597 -0.1781868 1.528534 0.5929851 -0.1706118 1.527029 0.5936719 -0.1801405 1.525617 0.5977883 -0.1708397 1.525298 0.5965861 -0.1709903 1.527575 0.5912271 -0.1797009 1.528918 0.5653053 -0.2732851 1.528984 0.5653053 -0.1640964 1.525441 0.5928382 -0.1800271 1.523219 0.5995352 -0.1636923 1.523009 0.5965536 -0.1710775 1.52107 0.5997152 -0.1675109 1.52677 0.5653053 -0.1643014 1.519982 0.5988253 -0.1550991 1.517458 0.596737 -0.1583087 1.520921 0.5958762 -0.1583411 1.522922 0.5928989 -0.1535483 1.519877 0.5928186 -0.1534645 1.520065 0.5653053 -0.1583748 1.523155 0.5653053 -0.1667439 1.511801 0.6017052 -0.1582865 1.511746 0.5996798 -0.1620954 1.516391 0.5997225 -0.1704569 1.51663 0.6012686 -0.1497427 1.51654 0.5912271 -0.1482537 1.512887 0.5936412 -0.1473705 1.512714 0.5912271 -0.1507771 1.516744 0.5936448 -0.1468565 1.511647 0.5653053 -0.1497499 1.51654 0.5653053 -0.1417303 1.406807 0.5653053 0.2772337 1.389953 0.5935173 0.2711902 1.38941 0.5912272 0.2792896 1.389801 0.5912272 0.2870575 1.390962 0.5912272 0.2874403 1.391508 0.5936719 0.277291 1.389606 0.5653053 0.1768944 1.389541 0.5653053 0.1825417 1.389589 0.5929498 0.2870653 1.390962 0.5653053 0.2942025 1.392846 0.5653053 0.294101 1.393044 0.5929397 0.2771599 1.391101 0.5957693 0.2871112 1.39324 0.5965862 0.1760761 1.391249 0.595947 0.1762158 1.393131 0.5979584 0.2770951 1.39292 0.5977883 0.2946807 1.395528 0.5965537 0.2771174 1.395319 0.5995352 0.2999462 1.395378 0.5928984 0.3003307 1.397616 0.5958763 0.3035318 1.40108 0.596737 0.2938512 1.398555 0.5988253 0.3049778 1.398384 0.5928359 0.3004248 1.395382 0.5653053 0.2907391 1.406737 0.6017052 0.2959894 1.402146 0.5997225 0.2997305 1.406791 0.5996798 0.2770726 1.406779 0.6030295 0.2870665 1.401907 0.6012686 0.2957048 1.511687 0.5995352 0.2874037 1.511728 0.6015969 0.276835 1.399832 0.6016707 0.286642 1.397467 0.5997152 0.1762892 1.396731 0.6003766 0.3091783 1.401998 0.5912272 0.3104764 1.40565 0.5936412 0.3080911 1.401794 0.5936448 0.3114001 1.405823 0.5912272 0.3092052 1.401998 0.5653053 0.311894 1.40689 0.5653053 0.3116874 1.409908 0.5929497 0.3084494 1.406724 0.595947 0.3054905 1.398472 0.5653053 0.3046525 1.40678 0.5979584 0.3037219 1.511677 0.5957693 0.300265 1.511658 0.5977883 0.2738242 1.51852 0.6017052 0.2744326 1.511782 0.603003 0.2830232 1.516649 0.6012686 0.1798395 1.518852 0.6015969 0.1797894 1.51189 0.6030328 0.2847209 1.520787 0.5994855 0.2736093 1.522969 0.5996798 0.2914469 1.516393 0.5997152 0.2994537 1.516585 0.5965861 0.2926792 1.519568 0.5979625 0.2825296 1.527575 0.5912271 0.2892349 1.525691 0.5653053 0.2825331 1.527575 0.5653053 0.2756316 1.528275 0.5936411 0.2829292 1.527034 0.5936448 0.2752952 1.528736 0.5912271 0.273285 1.528984 0.5653053 0.2676007 1.528948 0.5929497 0.2736322 1.527288 0.595947 0.2888783 1.525639 0.5928185 0.2827044 1.525298 0.5965801 0.2909298 1.523144 0.5958762 0.2735719 1.525407 0.5979583 0.294709 1.523165 0.5928989 0.2896482 1.521921 0.5974581 0.1801476 1.527436 0.5957693 0.1801405 1.525617 0.5977883 0.3059028 1.511706 0.5935172 0.3037745 1.51654 0.5912271 0.3027301 1.516732 0.5936719 0.3070764 1.508736 0.5912271 0.3061458 1.512714 0.5912271 0.3065668 1.511731 0.5653053 0.3000604 1.520065 0.5912271 0.2986369 1.52004 0.5943744 0.166341 1.391191 0.5929598 0.174223 1.389801 0.5912272 0.1738766 1.390262 0.5936412 0.1664497 1.390962 0.5653053 0.1646368 1.393768 0.596737 0.1597062 1.392898 0.5928186 0.1576365 1.395393 0.5958763 0.1593136 1.392846 0.5653053 0.1668722 1.397482 0.5997227 0.1596098 1.398579 0.5988253 0.1535785 1.395372 0.5928989 0.1530924 1.395382 0.5653053 0.1534681 1.398203 0.5965536 0.1485479 1.398375 0.5928382 0.1574902 1.402144 0.5997151 0.1424508 1.406832 0.5935173 0.1467757 1.508629 0.5929497 0.1414585 1.409802 0.5912272 0.1421116 1.405823 0.5912272 0.1443339 1.401998 0.5912272 0.1454313 1.401805 0.5936719 0.1468565 1.511647 0.5653053 0.1417303 1.406807 0.5653053 0.1443139 1.401998 0.5653053 0.1480277 1.398472 0.5653053 0.1447655 1.40686 0.5957693 0.1489339 1.401952 0.5965862 0.1500817 1.511814 0.595947 0.1484349 1.406879 0.5977883 0.1532758 1.40685 0.5995354 0.1536543 1.511758 0.5979584 0.1761431 1.406617 0.6030079 0.1620998 1.40681 0.601597 0.1721655 1.401623 0.6019285 0.1667439 1.511801 0.6017052 0.1582865 1.511746 0.5996798 0.1856625 1.529015 0.5926379 0.1706118 1.527029 0.5936719 0.1708397 1.525298 0.5965861 0.1781868 1.528534 0.5929851 0.1797009 1.528918 0.5653053 0.1709903 1.527575 0.5912271 0.1640964 1.525441 0.5928382 0.1800271 1.523219 0.5995352 0.1636923 1.523009 0.5965536 0.1710775 1.52107 0.5997152 0.1675109 1.52677 0.5653053 0.1583748 1.523155 0.5653053 0.1583411 1.522922 0.5928989 0.1583087 1.520921 0.5958762 0.1550991 1.517458 0.596737 0.1643014 1.519982 0.5988253 0.1535483 1.519877 0.5928186 0.1534645 1.520065 0.5653053 0.1704569 1.51663 0.6012686 0.1620954 1.516391 0.5997225 0.1497427 1.51654 0.5912271 0.1497499 1.51654 0.5653053 0.1482537 1.512887 0.5936412 0.1507771 1.516744 0.5936448 0.1473705 1.512714 0.5912271 0.2951531 1.523155 0.5653053 0.3000639 1.520065 0.5653053 0.3037786 1.51654 0.5653053</float_array>
          <technique_common>
            <accessor count="3635" source="#verts-array-array" stride="3">
              <param type="float" name="X" />
              <param type="float" name="Y" />
              <param type="float" name="Z" />
            </accessor>
          </technique_common>
        </source>
        <source id="normals-array">
          <float_array count="10905" id="normals-array-array">0.05014865 -0.09186107 0.9945082 0.04918452 0.006681383 0.9987674 1.431816e-07 -0.04035659 0.9991853 1.664212e-07 -0.04035664 0.9991853 -0.05260972 -0.2339975 0.9708128 0.05040142 -0.2318476 0.9714455 -0.05015362 -0.09185769 0.9945083 0.2011892 -0.2439803 0.9486815 0.1946644 -0.09957941 0.9758021 0.194748 0.00216893 0.9808509 0 0.1358769 0.9907257 0 -0.002254973 0.9999975 -0.198737 -0.2463322 0.9485906 4.461863e-05 -0.04024087 0.99919 -0.04907271 0.006747924 0.9987724 -8.461118e-08 -0.04035663 0.9991853 0.0002945555 0.1415174 0.9899357 -0.04983297 0.154082 0.9868006 0.0002143659 7.377183e-05 1 -0.192602 -0.09728763 0.9764423 0.9987674 0.006681233 0.0491846 0.9867127 0.1543849 -0.05062935 0.986795 0.1540367 0.05008399 0.9764418 -0.0972889 0.192604 0.9945081 -0.09185939 0.05015422 0.9945081 -0.09186253 -0.05014905 0.9987674 0.00668125 -0.04918463 0.9708125 -0.2339986 0.05260979 0.9714453 -0.2318488 -0.05040045 0.9486815 -0.2439803 -0.201189 0.9758017 -0.09957934 -0.1946661 0.9808509 0.002168741 -0.1947481 0.9485905 -0.2463326 0.1987367 -0.9987674 0.006681193 0.04918449 -0.986795 0.1540367 -0.05008403 -0.9987674 0.006681263 -0.04918464 -0.9758018 -0.09957945 0.1946658 -0.980851 0.002168653 0.1947475 -0.9945081 -0.09185934 -0.05015422 -0.9945081 -0.09186251 0.05014904 -0.9485905 -0.2463326 -0.1987368 -0.9708125 -0.2339986 -0.0526096 -0.9714453 -0.2318487 0.05040054 -0.9486815 -0.2439802 0.2011893 -0.976442 -0.09728849 -0.1926034 -0.04879983 -0.9802399 0.1916984 -0.1920462 -0.9801452 0.04933278 -0.04854905 -0.9976402 0.04854911 -0.1983504 -0.9595642 0.1997341 -0.04854895 -0.9976402 -0.04854881 -0.3748702 -0.9258335 -0.04800654 -0.1916979 -0.98024 -0.04879953 -0.3747407 -0.9258467 0.0487578 -0.04800646 -0.9258336 0.3748701 -0.1974938 -0.9035218 0.3803217 -0.3701377 -0.8515875 0.37121 -0.3796158 -0.9035348 0.1987881 0.04933268 -0.9801451 0.1920464 0.04875785 -0.9258466 0.374741 -0.3545063 -0.7770909 0.5200529 -0.04791052 -0.8378519 0.5437911 -0.1898249 -0.8190582 0.5413966 -0.1852644 -0.7126113 0.6766552 -0.3467066 -0.6831246 0.642756 -0.0487253 -0.7212158 0.6909947 -0.05054323 -0.5774951 0.8148281 -0.1892332 -0.5813147 0.7913685 0.0483267 -0.8379129 0.5436603 0.04873117 -0.72134 0.6908646 -0.5436606 -0.8379127 0.0483266 -0.5198957 -0.7768803 0.3551977 -0.542091 -0.8184816 0.1903293 -0.4895234 -0.7214907 0.4897122 -0.4692838 -0.6456347 0.6024356 -0.690995 -0.7212155 -0.04872442 -0.5437915 -0.8378516 -0.04791024 -0.6776007 -0.7117135 0.1852601 -0.6908644 -0.7213402 0.04873071 -0.6432046 -0.6827035 0.3467041 -0.6025217 -0.6455548 0.469283 -0.5619696 -0.6069427 0.5619703 -0.1951181 0.002701566 0.980776 -0.3739667 -0.4204942 0.8266399 -0.1963311 -0.4250914 0.8836014 -0.3817771 -0.1023533 0.9185696 -0.3869579 -0.2479935 0.8881232 -0.05264343 -0.413803 0.9088431 -0.3820916 -0.002923385 0.9241198 -0.5472546 -0.2439554 0.8006236 -0.5243093 -0.4079496 0.7474469 -0.5513329 -0.1060499 0.8275177 -0.5553527 -0.007223353 0.8315836 -0.6856231 -0.2419694 0.6865652 -0.6476039 -0.4008099 0.6480437 -0.7031999 -0.1058385 0.7030705 -0.7070599 -0.008770651 0.7070993 -0.8314727 -0.007606542 0.5555135 -0.8275526 -0.1064727 0.551199 -0.3564314 -0.5656494 0.743638 -0.4915787 -0.5383502 0.6844922 -0.6043315 -0.519099 0.6044167 -0.7999793 -0.2445 0.5479533 -0.747195 -0.4086274 0.5241406 -0.6844883 -0.5385287 0.4913885 -0.8891669 -0.2477299 0.3847234 -0.8825006 -0.4272851 0.1965202 -0.8266093 -0.4215197 0.3728783 -0.9081996 -0.4155584 0.04984604 -0.9088431 -0.4138029 -0.05264322 -0.8147775 -0.5776031 0.05012223 -0.7920078 -0.5806192 0.1886929 -0.7438693 -0.5657817 0.3557379 -0.8148275 -0.5774959 -0.05054249 -0.9190592 -0.1051257 0.3798405 -0.9240719 -0.003703759 0.3822008 0.0004679815 0.3308365 0.943688 -0.04952991 0.3477129 0.9362919 -0.2026258 0.1569044 0.9666043 -0.2038612 0.3527703 0.9132326 0.0006260623 0.5114296 0.859325 -0.04908677 0.5299264 0.8466218 -0.3940243 0.1512034 0.9065773 -0.2004315 0.5255379 0.8268235 -0.3734802 0.5013791 0.7804688 -0.3886239 0.3396815 0.8564975 0.0007127562 0.6745372 0.7382405 -0.04995165 0.6913755 0.7207668 -0.366084 0.6366503 0.6787186 -0.1959479 0.6752492 0.7110858 0.0006751704 0.8112921 0.5846406 -0.05252475 0.8235704 0.5647769 -0.5443786 0.3188939 0.7758599 -0.5601946 0.142884 0.815945 -0.515875 0.4665232 0.7184909 -0.4957235 0.5910107 0.6363683 -0.6728249 0.3086059 0.6723608 -0.7009645 0.1371868 0.6998775 -0.6340473 0.4428127 0.6339566 -0.5927126 0.5453305 0.592711 -0.5182862 0.6804132 0.5180901 -0.8165247 0.1422745 0.5595046 -0.7760699 0.3181461 0.5445167 -0.7184851 0.4663135 0.5160726 -0.6362817 0.5911045 0.4957227 -0.1612767 0.9863606 0.03290302 -0.3495941 0.9357651 0.04612577 -0.3780418 0.9042865 0.1983693 -0.3494773 0.9357869 -0.04656691 -0.564745 0.8235701 -0.05287103 -0.5648617 0.8235183 0.0524294 -0.5671315 0.7994318 0.1981681 -0.5495462 0.7466651 0.3748202 -0.3927698 0.8320698 0.3916525 -0.1998504 0.904085 0.3777434 -0.1783695 0.9552574 0.2359399 -0.7207524 0.6913602 -0.05036922 -0.7208384 0.6912758 0.0502969 -0.7100463 0.6763239 0.1960108 -0.6782645 0.6371373 0.3660784 -0.846619 0.5298924 -0.04950032 -0.8467141 0.5297041 0.04988905 -0.8262346 0.5262272 0.2010507 -0.05062703 0.9339511 0.353797 -0.3755562 0.7464071 0.5493942 -0.1987451 0.7987529 0.5678857 -0.003015029 0.9831538 0.1827553 -0.01039897 0.9925717 0.1212155 -0.7802315 0.5012022 0.3742127 0.00050098 0.9136357 0.4065336 -0.9867127 0.1543848 0.05062937 -0.9362903 0.3476675 -0.04987818 -0.9665478 0.155411 0.2040412 -0.9065095 0.1498015 0.394715 -0.9363052 0.3475141 0.0506606 -0.9132256 0.3519953 0.2052276 -0.8564608 0.3385075 0.3897277 -0.04933275 -0.9801452 -0.1920459 0.04800668 -0.9258336 -0.3748699 0.04879977 -0.98024 -0.1916978 -0.1997343 -0.9595642 -0.1983501 -0.3712096 -0.8515878 -0.3701374 -0.1987883 -0.9035348 -0.3796158 -0.0487579 -0.9258468 -0.3747405 -0.3803216 -0.9035219 -0.1974936 -0.5200529 -0.777091 -0.354506 -0.5413965 -0.8190583 -0.1898244 -0.6766558 -0.7126109 -0.1852637 -0.6427569 -0.683124 -0.3467061 -0.7913684 -0.5813149 -0.1892328 -0.04832712 -0.8379125 -0.5436609 -0.3551969 -0.7768803 -0.5198963 -0.1903296 -0.8184814 -0.5420912 -0.4897113 -0.7214905 -0.4895245 -0.6024354 -0.6456349 -0.4692837 -0.1852602 -0.7117139 -0.6776002 -0.04873117 -0.72134 -0.6908646 0.04872472 -0.7212157 -0.6909949 0.04791028 -0.8378517 -0.5437914 -0.3467036 -0.6827039 -0.6432045 -0.4692819 -0.645555 -0.6025224 -0.5619689 -0.606943 -0.5619708 -0.980776 0.002701359 -0.1951181 -0.8266396 -0.4204948 -0.3739666 -0.8836014 -0.4250911 -0.1963316 -0.9185696 -0.102353 -0.3817771 -0.8881236 -0.2479938 -0.3869568 -0.8006229 -0.2439556 -0.5472555 -0.9241198 -0.002923613 -0.3820916 -0.7474469 -0.4079495 -0.5243094 -0.8275177 -0.10605 -0.5513328 -0.6865649 -0.2419693 -0.6856235 -0.8315839 -0.007223564 -0.5553521 -0.6480439 -0.4008102 -0.6476035 -0.7030709 -0.1058393 -0.7031994 -0.7070991 -0.008770433 -0.7070601 -0.5555126 -0.007607331 -0.8314733 -0.5511987 -0.1064734 -0.8275526 -0.7436383 -0.5656497 -0.3564301 -0.6844925 -0.5383497 -0.4915788 -0.6044163 -0.5190987 -0.6043323 -0.5479538 -0.2445002 -0.7999789 -0.5241409 -0.4086275 -0.7471946 -0.4913883 -0.5385294 -0.6844878 -0.194666 -0.09957953 -0.9758018 -0.04918451 0.00668105 -0.9987674 -0.05014906 -0.09186268 -0.9945081 -0.201189 -0.2439804 -0.9486815 -0.3847238 -0.2477295 -0.8891668 0.0526097 -0.2339988 -0.9708124 -0.05040055 -0.2318489 -0.9714453 0.05015425 -0.09185952 -0.9945081 0.04918463 0.006681096 -0.9987674 -0.1965199 -0.4272854 -0.8825005 -0.3728783 -0.4215201 -0.8266091 -0.04984596 -0.4155586 -0.9081996 0.05264327 -0.4138031 -0.9088431 -0.05012236 -0.5776034 -0.8147773 -0.1886926 -0.5806199 -0.7920073 0.05054251 -0.5774961 -0.8148274 -0.3557377 -0.5657825 -0.7438689 -0.3798402 -0.1051256 -0.9190593 -0.382201 -0.003704426 -0.9240718 -0.194748 0.002168586 -0.9808509 -0.03290277 0.9863604 -0.1612777 0.04656678 0.9357869 -0.3494774 -0.0461259 0.935765 -0.3495943 2.692719e-06 0.9996881 -0.02497416 1.496624e-05 0.9923266 -0.123644 -0.1983695 0.9042864 -0.378042 -0.198168 0.7994317 -0.5671318 -0.3748207 0.7466651 -0.5495459 -0.3916525 0.8320698 -0.3927698 -0.3777433 0.9040849 -0.1998509 -0.2359404 0.9552572 -0.1783697 -0.3660778 0.6371371 -0.678265 -0.05242954 0.8235182 -0.5648618 -0.1960109 0.6763237 -0.7100464 0.0528709 0.82357 -0.5647451 -0.05029718 0.6912761 -0.7208381 -0.2010513 0.5262266 -0.8262348 0.04950027 0.5298923 -0.8466191 -0.04988984 0.5297037 -0.8467142 0.05036917 0.6913601 -0.7207525 -0.5493944 0.7464067 -0.3755568 -0.5678865 0.7987523 -0.1987452 -0.1236439 0.9923267 -1.513212e-05 -0.5180909 0.6804133 -0.5182852 -0.4957229 0.5911038 -0.6362822 -0.374213 0.5012017 -0.7802317 -0.6787187 0.6366501 -0.3660841 -0.7110859 0.6752488 -0.1959487 -0.6363695 0.5910107 -0.4957219 -0.5927123 0.5453298 -0.592712 -0.5160724 0.4663127 -0.7184858 -0.8268232 0.5255383 -0.2004317 -0.7804681 0.50138 -0.3734806 -0.7184909 0.4665233 -0.5158748 -0.05062933 0.1543847 -0.9867127 -0.2040413 0.1554112 -0.9665477 -0.3947151 0.1498011 -0.9065096 -0.05066115 0.3475133 -0.9363055 0.05008336 0.1540364 -0.986795 -0.2052281 0.3519951 -0.9132255 -0.559505 0.142274 -0.8165245 -0.6998773 0.1371872 -0.7009646 -0.6723609 0.3086054 -0.6728251 -0.8159448 0.142884 -0.5601948 0.04987791 0.3476676 -0.9362903 -0.3897273 0.3385078 -0.8564608 -0.5445167 0.3181464 -0.7760698 -0.6339569 0.442812 -0.6340475 -0.7758596 0.3188941 -0.5443789 -0.9666043 0.1569041 -0.2026258 -0.9132327 0.3527701 -0.2038611 -0.8564974 0.3396813 -0.3886242 -0.9065774 0.1512027 -0.3940244 0.1916979 -0.98024 0.04879982 0.1997341 -0.9595642 0.1983505 0.04854897 -0.9976402 0.0485492 0.3748702 -0.9258335 0.04800677 0.3803215 -0.9035218 0.1974941 0.04854903 -0.9976402 -0.0485488 0.1920462 -0.9801452 -0.0493325 0.3747407 -0.9258467 -0.04875752 0.5436606 -0.8379127 -0.04832632 0.5437915 -0.8378516 0.04791034 0.5413966 -0.8190582 0.1898248 0.6908643 -0.7213403 -0.04873031 0.6766557 -0.712611 0.1852638 0.6427567 -0.6831237 0.3467071 0.6909949 -0.7212155 0.04872487 0.8148275 -0.5774959 0.05054262 0.7913684 -0.5813147 0.1892334 0.198788 -0.9035348 0.3796159 0.3712096 -0.8515875 0.3701381 0.5200528 -0.7770908 0.3545066 0.4897119 -0.7214905 0.489524 0.6024356 -0.6456349 0.4692834 0.1903292 -0.8184817 0.5420909 0.3551976 -0.7768801 0.5198961 0.5619691 -0.606943 0.5619706 0.1852604 -0.7117137 0.6776003 0.3467042 -0.6827036 0.6432045 0.4692823 -0.6455546 0.6025225 0.9807761 0.002701284 0.1951176 0.8266397 -0.4204949 0.3739662 0.8836015 -0.4250905 0.1963325 0.9185695 -0.102353 0.3817774 0.8881237 -0.2479937 0.3869567 0.9088431 -0.4138029 0.05264329 0.9081996 -0.4155585 -0.0498458 0.92412 -0.002923298 0.3820913 0.8006231 -0.243955 0.5472555 0.7474472 -0.4079495 0.5243089 0.827518 -0.1060498 0.5513323 0.6865649 -0.2419693 0.6856235 0.8315833 -0.007222953 0.5553531 0.648044 -0.4008096 0.6476037 0.7030713 -0.1058391 0.703199 0.7070989 -0.008770652 0.7070603 0.5555132 -0.007607072 0.8314729 0.5511992 -0.1064736 0.8275523 0.7436384 -0.565649 0.356431 0.6844929 -0.5383499 0.491578 0.6044161 -0.5190989 0.6043324 0.5241409 -0.4086273 0.7471948 0.5479539 -0.2445001 0.7999789 0.8147775 -0.5776031 -0.05012224 0.4913883 -0.5385291 0.6844881 0.3847242 -0.2477296 0.8891667 0.04984638 -0.4155587 0.9081995 0.1965203 -0.4272847 0.8825007 0.3728779 -0.4215202 0.8266092 0.05012183 -0.5776027 0.8147778 0.1886931 -0.5806186 0.7920081 0.3557387 -0.5657816 0.7438691 0.37984 -0.1051261 0.9190593 0.382201 -0.003704102 0.9240718 0.04053488 0.9863748 0.1594415 0.05044612 0.9339102 0.3539308 0.1983693 0.9042863 0.3780422 0.05242974 0.8235185 0.5648613 0.1981679 0.7994322 0.567131 0.00322894 0.9828937 0.1841455 0 0.9120668 0.4100415 0.3777431 0.9040852 0.1998503 0.2359404 0.9552573 0.1783692 0.3748206 0.7466655 0.5495454 0.1960106 0.6763241 0.7100461 0 0.8097985 0.5867081 0.05029657 0.6912758 0.7208384 0.3660784 0.6371371 0.6782646 0 0.6736427 0.7390572 0.2010506 0.526227 0.8262347 0.3494773 0.9357869 0.04656664 0.3916526 0.83207 0.3927692 0.5493942 0.7464067 0.375557 0.5648617 0.8235183 -0.0524296 0.349594 0.9357652 -0.04612602 0.5678865 0.7987523 0.1987451 0.1612772 0.9863605 -0.03290259 0.5180909 0.6804131 0.5182855 0.4957242 0.5911035 0.6362815 0.3742134 0.5012015 0.7802317 0.564745 0.8235701 0.05287069 0.7110862 0.6752487 0.1959481 0.678719 0.6366502 0.3660835 0.6363688 0.5910109 0.4957225 0.592712 0.5453303 0.5927118 0.5160725 0.4663131 0.7184854 0.7207524 0.6913602 0.05036908 0.7208384 0.6912758 -0.05029713 0.8268233 0.5255383 0.2004312 0.846619 0.5298924 0.04950025 0.7804682 0.5013802 0.37348 0.7184904 0.466523 0.5158757 0.05062933 0.1543851 0.9867127 0.2040411 0.1554109 0.9665478 0 0.3281123 0.9446387 0.05066054 0.3475142 0.9363052 0.3947153 0.1498011 0.9065095 0.5595047 0.1422739 0.8165247 0.2052277 0.3519955 0.9132255 0.6998773 0.1371861 0.7009649 0.6723609 0.3086065 0.6728245 0.815945 0.1428846 0.5601944 0 0.5103154 0.8599873 0.04988907 0.5297042 0.846714 0.389728 0.338508 0.8564604 0.5445161 0.3181469 0.77607 0.6339563 0.4428132 0.6340472 0.7758601 0.3188941 0.5443782 0.9666043 0.1569044 0.2026258 0.9362903 0.3476676 0.04987814 0.9132327 0.3527703 0.2038606 0.9065773 0.1512034 0.3940243 0.8564977 0.339681 0.3886239 0.9363052 0.347514 -0.05066061 0.8467141 0.5297041 -0.04988919 0.1983503 -0.9595643 -0.1997337 0.1974937 -0.903522 -0.3803212 0.3701377 -0.8515877 -0.3712096 0.1898244 -0.8190583 -0.5413965 0.3545062 -0.7770908 -0.5200532 0.1852637 -0.7126111 -0.6766555 0.3467067 -0.683124 -0.6427566 0.1892332 -0.5813149 -0.7913683 0.3796158 -0.9035349 -0.1987877 0.5198965 -0.7768801 -0.3551971 0.4895243 -0.7214903 -0.4897119 0.4692833 -0.6456348 -0.6024358 0.5420911 -0.8184816 -0.190329 0.6776006 -0.7117135 -0.1852601 0.6432046 -0.6827036 -0.3467039 0.6025222 -0.6455554 -0.4692816 0.5619699 -0.6069432 -0.5619695 0.1926037 -0.09728878 -0.9764419 0.1951179 0.002700616 -0.9807761 0.1987368 -0.2463327 -0.9485905 0.381777 -0.1023531 -0.9185696 0.386957 -0.2479936 -0.8881236 0.3739665 -0.420495 -0.8266396 0.196332 -0.4250909 -0.8836014 0.3820918 -0.002923958 -0.9241197 0.5472553 -0.2439556 -0.8006231 0.5243092 -0.4079496 -0.747447 0.5513323 -0.1060504 -0.827518 0.6856229 -0.2419693 -0.6865655 0.5553521 -0.00722361 -0.8315839 0.6476033 -0.4008102 -0.6480441 0.7031994 -0.1058393 -0.7030709 0.8275526 -0.106473 -0.5511988 0.7070601 -0.008770433 -0.7070991 0.8314733 -0.007607285 -0.5555126 0.356431 -0.5656494 -0.7436381 0.4915783 -0.53835 -0.6844925 0.6043316 -0.5190987 -0.6044169 0.7471946 -0.4086276 -0.5241409 0.7999787 -0.2445 -0.5479542 0.6844877 -0.5385293 -0.4913885 0.8891668 -0.2477295 -0.3847239 0.8825005 -0.4272853 -0.19652 0.8266091 -0.4215202 -0.3728782 0.7920076 -0.5806195 -0.1886927 0.7438689 -0.5657826 -0.3557373 0.9190593 -0.1051252 -0.3798404 0.9240718 -0.003704335 -0.382201 0.3780416 0.9042865 -0.1983698 0.1236427 0.9923268 1.496889e-05 0.1998506 0.904085 -0.3777434 0.1783691 0.9552574 -0.2359401 0.5671317 0.7994316 -0.1981683 0.7100464 0.6763237 -0.1960109 0.6782648 0.6371369 -0.3660785 0.8262345 0.5262273 -0.2010508 0.3927696 0.8320697 -0.3916529 0.5495458 0.7466649 -0.3748212 0.5182857 0.6804133 -0.5180904 0.6362824 0.5911041 -0.4957224 0.7802314 0.501202 -0.3742133 0.1987451 0.7987522 -0.5678868 0.3755566 0.7464068 -0.5493944 0.4957224 0.5910105 -0.6363693 0.5927127 0.5453298 -0.5927116 0.7184855 0.4663132 -0.5160723 0.1959482 0.6752488 -0.7110861 0.2004317 0.5255381 -0.8268233 0.3660834 0.6366502 -0.678719 0.3734803 0.5013798 -0.7804683 0.5158749 0.4665229 -0.7184911 0.9665478 0.1554107 -0.2040411 0.9065095 0.1498009 -0.3947153 0.9132255 0.3519953 -0.2052278 0.8165245 0.1422741 -0.559505 0.7009646 0.1371872 -0.6998773 0.672825 0.3086054 -0.6723609 0.5601947 0.142884 -0.8159449 0.8564605 0.3385078 -0.3897281 0.7760698 0.3181465 -0.5445168 0.6340474 0.442812 -0.6339569 0.5443789 0.3188941 -0.7758597 0.2026258 0.1569041 -0.9666043 0.203861 0.3527706 -0.9132325 0.3940249 0.1512029 -0.9065771 0.3886239 0.3396812 -0.8564976 4.266099e-16 1 -1.685874e-07 -4.266099e-16 1 -1.685874e-07 4.2661e-16 1 -1.685874e-07 2.986272e-15 1 -1.685874e-07 0 1 -1.685874e-07 -4.2661e-16 1 -1.685874e-07 0 1 -1.685874e-07 -2.986272e-15 1 -1.685874e-07 -0.02497398 0.9996881 -2.860798e-06 -0.02498709 0.9996878 3.041108e-06 -0.01892906 0.9998026 0.006039816 -0.02497562 0.9996881 -1.708912e-06 -3.238414e-06 0.9996878 -0.02498732 0.02496822 0.9996882 2.540131e-06 0.01904809 0.999801 0.005930913 -5.809457e-05 0.9915094 0.1300348 -5.141408e-06 0.9998564 0.01694826 0 0.9998561 0.01696604 -0.0001601959 0.9307727 0.3655983 -4.939798e-05 0.9919307 0.1267816 0.06021799 0.9873495 0.1466788 0.1109276 0.745041 -0.6577302 0.02469879 0.7389953 -0.6732577 0.03540229 0.9878245 0.1514904 0.03306832 0.9045657 0.4250499 0.08368968 0.9027713 0.4219005 0.1490839 0.9872567 0.05566058 -0.001192475 0.0303432 -0.9995388 0.3190713 0.6990851 -0.6399011 -0.0007333379 0.03077274 -0.9995261 -0.0007661443 0.03074389 -0.999527 0.01058758 0.9891105 0.1467933 0.1254491 0.9846137 0.1216486 0.1935596 0.8968757 0.3976792 0.3184415 0.8947537 0.3130669 0.4019861 0.8960623 0.1883602 0.4254707 0.901447 0.07979904 0.7175977 -0.2882567 -0.6340044 0.9905904 0.07442292 0.1148563 0.9921902 -0.02506292 0.1221901 0.7395955 -0.6686041 0.07724675 0.7501171 -0.660369 0.03517309 0.6181928 -0.6357141 -0.4622826 0.6741321 -0.7113799 0.1987072 0.7295261 0.08440968 -0.6787243 -0.06081935 0.7511391 -0.6573363 -0.001893326 0.03110308 -0.9995144 -0.001945965 0.03115498 -0.9995127 -0.07847462 0.9953322 0.05617509 -0.05478602 0.99101 0.122056 -0.2716055 0.7200056 -0.6386097 -0.3601339 0.9293268 0.08157957 -0.3365872 0.9222761 0.1900416 -0.2527891 0.9150248 0.3143682 -0.1276951 0.9082795 0.3983997 -0.01756365 0.9063662 0.4221277 -0.02385801 -0.7168087 0.6968615 -0.1768844 -0.6793959 0.7121328 -0.02397849 -0.7200029 0.6935567 -0.2259458 -0.6880047 0.6896362 0.1315035 -0.690337 0.7114364 0.1797272 -0.7023985 0.6887195 -0.3631505 -0.7083945 0.6052263 -0.9822911 0.1444404 0.1193363 -0.7390947 -0.2365572 -0.6306978 -0.9909057 0.04531721 0.1266976 -0.724778 0.1360239 -0.6754216 -0.7948778 -0.6055356 0.03867841 -0.7847779 -0.6145001 0.08070538 -0.9093265 0.1342379 0.3938343 -0.6779715 0.3436487 -0.6498155 -0.6637972 -0.5902145 -0.4593693 0.9874457 -0.1315319 0.08746567 0.9915873 -0.1293391 -0.005109354 0.9915872 -0.1293393 -0.005108957 0.9882214 -0.1306794 0.07963271 0.9260374 -0.1307839 0.3540483 0.001192226 -0.03034201 0.9995389 -0.1077578 -0.03428195 0.9935859 0.001192221 -0.03034173 0.9995389 0.1095621 -0.04199479 0.9930924 0.1172311 -0.04369894 0.9921428 0.4208537 -0.07582949 0.9039536 -0.1155342 -0.03543791 0.9926711 -0.4210629 -0.04594918 0.9058668 -0.03551967 -0.9989101 -0.0302817 -0.03552117 -0.99891 -0.03028309 -0.03551992 -0.9989101 -0.03028163 -0.03552065 -0.9989101 -0.0302806 -0.03552027 -0.9989101 -0.03028097 -0.03552149 -0.9989099 -0.03028458 -0.03553011 -0.9989091 -0.03030233 -0.03552017 -0.9989101 -0.03028142 -0.03551946 -0.9989101 -0.03028067 -0.03552017 -0.9989101 -0.03028143 -0.9938789 -0.06121417 0.09196484 -0.9982744 -0.05871837 -0.0005914743 -0.9946279 -0.06030729 0.08413315 -0.9982744 -0.05871846 -0.000591278 -0.9313633 -0.06486388 0.3582669 -0.9127365 0.03556721 0.4069977 -0.6977848 0.1183235 0.7064673 0.9284071 0.3532101 0.1153381 0.005358682 0.08726696 0.9961705 -0.08752409 0.3659727 0.9265007 -0.1035904 0.08738181 0.9907742 -0.1010411 -0.008482591 0.9948461 0.001950117 -0.009016201 0.9999575 0.1046928 -0.01578408 0.9943793 0.1140153 0.07966047 0.9902801 -0.3755307 0.00287974 0.9268055 -0.3456989 0.3772504 0.8591708 -0.3830638 0.1008091 0.9182046 0.378986 -0.02389792 0.9250938 0.8611813 0.3482471 0.3702576 0.9183314 0.06937364 0.3896855 -0.4083467 -0.7121655 0.5710283 -0.5700113 -0.7068193 0.4189195 -0.570726 -0.7053279 0.4204573 -0.7010575 -0.6687361 0.2476094 -0.7219606 -0.6618289 0.2018799 0.4194666 -0.07871985 0.9043511 0.7469974 -0.1105914 0.6555642 0.7309193 -0.1131702 0.6730153 0.933212 -0.1285111 0.3355595 -0.4198878 -0.0489304 0.906256 -0.7499763 -0.05746273 0.658964 -0.7340432 -0.06117743 0.6763415 -0.9384442 -0.06208486 0.3398058 0.6530005 -0.7167944 0.2445326 0.5203652 -0.7455159 0.4164446 0.5211918 -0.7440767 0.4179821 0.3594174 -0.7394106 0.56929 0.3147571 -0.7324506 0.603692 -0.694863 0.01999937 0.718864 0.3934063 0.07325443 0.9164416 0.6977853 -0.02942511 0.7157024 -0.6367442 0.3932534 0.663256 0.9148001 -0.02929102 0.4028435 0.6660208 0.3470159 0.6603001 0.7076142 0.06844808 0.7032759 -0.03551827 -0.9989101 -0.03028301 -0.03551905 -0.9989102 -0.03028012 -0.03552048 -0.9989101 -0.03027955 -0.0355013 -0.9989096 -0.0303193 -0.4427205 0.4560169 0.7720409 0.001208853 -0.03035705 0.9995384 0.477439 0.4233637 0.7699449 0.001188475 -0.0303478 0.9995387 0.7295216 0.6759538 0.1043297 0.6976785 0.2948267 -0.6529333 0.02593477 0.684124 0.7289044 -0.0561106 0.6850904 0.7262938 0.01514184 0.3671492 0.9300388 -0.2541727 0.692141 0.6755273 -0.477742 0.704409 0.5249482 -0.8326388 0.4083651 0.3740997 -0.6282615 0.7166339 0.3028586 -0.6792876 0.7259519 0.1075278 -0.9004987 0.4181193 0.1194916 0.1078268 0.679274 0.7259203 0.5288501 0.6686825 0.5226675 0.3056584 0.6722711 0.6742584 0.1174493 0.3587029 0.9260334 0.3754665 0.3516581 0.8575322 0.6788476 0.6702442 0.2998977 3.754098e-08 -0.04035622 0.9991854 3.596637e-08 -0.04035643 0.9991853 -8.910926e-05 -0.04012235 0.9991948 0 -0.04035613 0.9991854 -4.573706e-05 -0.04023631 0.9991902 -0.0001446072 -0.03997668 0.9992006 -0.0002771246 0.8388414 0.5443758 -0.0002921899 0.8379043 0.5458171 -0.0003590151 0.7113425 0.7028455 -0.000188707 0.9292593 0.3694282 -0.0003889706 0.5543295 0.8322972 -0.0003914507 0.5533931 0.8329201 -0.0003733508 0.7117393 0.7024437 -0.0002075174 0.1742052 0.9847094 -0.0002506902 0.05785731 0.9983248 -0.000316593 0.1771617 0.9841817 -0.0001444684 0.05927719 0.9982416 -0.0003027559 0.372278 0.9281212 -0.0003972572 0.3724345 0.9280584 -0.05584518 0.05584507 0.9968764 0.05699439 0.221547 0.9734827 -0.05647497 0.2212076 0.9735902 0.05584518 -0.05584523 0.9968764 0.05584518 0.05584507 0.9968764 -0.05584518 -0.05584523 0.9968764 -0.05699423 -0.2215472 0.9734827 0.05647468 -0.2212077 0.9735901 0.2215471 -0.05699464 0.9734827 -0.2215471 0.05699458 0.9734827 -0.2212075 -0.05647469 0.9735902 0.9968765 0.05584491 0.05584517 0.9968764 -0.05584541 -0.05584517 0.9968765 0.05584489 -0.05584519 0.9734829 0.2215461 -0.05699445 0.9735903 0.2212067 0.05647495 0.9968764 -0.05584539 0.05584518 0.9734828 -0.2215467 0.05699429 0.9735902 -0.2212072 -0.05647466 0.9734828 -0.05699486 -0.2215464 0.9734828 0.05699447 0.2215465 -0.05584522 0.9968764 -0.05584539 -0.05584522 0.9968764 0.05584505 0.05584522 0.9968764 -0.05584539 -0.2215461 0.9734828 -0.05699568 -0.2212065 0.9735904 0.05647555 0.05584522 0.9968764 0.05584505 0.2215461 0.9734829 0.05699536 -0.05699552 0.9734829 0.2215459 0.05647571 0.9735904 0.2212063 -0.9968765 0.05584489 -0.05584519 -0.9734829 0.2215461 0.05699437 -0.9735903 0.2212067 -0.05647503 -0.9968764 -0.05584539 0.05584518 -0.9968765 0.05584491 0.05584517 -0.9968764 -0.05584541 -0.05584517 -0.9734828 -0.2215467 -0.05699422 -0.9735902 -0.2212072 0.05647474 -0.9734828 -0.05699478 0.2215464 -0.9735904 0.05647447 0.2212068 -0.9734828 0.0569944 -0.2215465 0.05584518 0.05584473 -0.9968765 -0.05699443 0.2215453 -0.9734831 0.05647502 0.2212059 -0.9735905 -0.05584518 -0.05584557 -0.9968764 -0.05584518 0.05584473 -0.9968765 0.05584518 -0.05584557 -0.9968764 0.05699428 -0.2215462 -0.9734829 -0.05647472 -0.2212067 -0.9735904 -0.2215457 -0.05699501 -0.973483 0.2215458 0.05699429 -0.973483 -0.0564749 -0.9735901 0.2212078 -0.2215472 -0.9734826 0.05699489 -0.05584522 -0.9968764 0.05584539 -0.05584522 -0.9968764 -0.05584505 -0.2292357 -0.945677 0.2305343 -0.4335228 -0.8992947 0.05768124 -0.05698685 -0.8992628 0.4336806 -0.2238308 -0.8704074 0.4385096 -0.4191727 -0.8048772 0.4200797 -0.4380816 -0.8703378 0.224937 -0.2149969 -0.7600375 0.6132856 -0.3979962 -0.7091508 0.581983 -0.398351 -0.5820468 0.7088991 -0.05678591 -0.7815231 0.6212865 -0.2153126 -0.6141678 0.7592354 -0.05768064 -0.4335218 0.8992951 -0.2249372 -0.4380807 0.8703382 -0.05704372 -0.6211387 0.7816219 -0.6141688 -0.7592347 0.2153122 -0.621139 -0.7816216 0.05704466 -0.2212076 -0.9735902 -0.05647474 -0.5820481 -0.7088987 0.3983499 -0.5395355 -0.6463348 0.5395857 -0.5395854 -0.5395353 0.6463352 -0.7600377 -0.6132853 0.2149973 -0.4336802 -0.899263 -0.05698682 -0.7815232 -0.6212864 0.05678684 -0.7091513 -0.5819823 0.3979962 -0.6463357 -0.5395849 0.5395353 -0.4335228 0.05768097 0.8992947 -0.4336808 -0.05698768 0.8992627 -0.230535 -0.2292361 0.9456767 -0.4200799 -0.4191712 0.8048779 -0.4385103 -0.2238307 0.8704071 -0.6211396 0.05704418 0.7816211 -0.621287 -0.056786 0.7815228 -0.6132845 -0.2149974 0.7600384 -0.5819821 -0.3979961 0.7091516 -0.7815228 0.05678599 0.621287 -0.7816212 -0.05704376 0.6211395 -0.7592347 -0.215313 0.6141685 -0.7088991 -0.3983504 0.5820473 -0.8992948 -0.05768128 0.4335224 -0.8992629 0.05698706 0.4336805 -0.870338 -0.2249381 0.4380807 -0.8048772 -0.4200799 0.4191725 -0.9456771 -0.2305342 0.2292354 -0.8992953 -0.4335215 -0.05768106 -0.8992634 -0.4336794 0.05698724 -0.8704075 -0.4385094 0.2238309 -0.7816219 -0.6211386 -0.05704423 -0.6212863 -0.7815233 -0.05678625 -0.2292361 0.2305352 0.9456767 -0.4191722 0.4200795 0.8048775 -0.4380813 0.2249381 0.8703376 -0.05698815 0.4336816 0.8992622 -0.2238323 0.4385094 0.8704071 -0.2149973 0.6132842 0.7600386 -0.3979966 0.5819828 0.7091507 -0.05678543 0.6212872 0.7815227 -0.3983508 0.7088995 0.5820465 -0.2153156 0.7592349 0.6141673 -0.05768312 0.8992945 0.4335227 -0.224941 0.8703372 0.4380807 -0.05704262 0.7816197 0.6211415 -0.6141689 0.2153122 0.7592347 -0.5820471 0.3983506 0.7088991 -0.539536 0.5395847 0.6463352 -0.5395848 0.6463358 0.5395353 -0.6463339 0.5395363 0.5395861 -0.4335227 0.8992946 -0.05768343 -0.43368 0.899263 0.05698878 -0.2305363 0.945676 0.2292378 -0.4385083 0.8704071 0.2238347 -0.4200793 0.8048771 0.4191733 -0.6132848 0.7600376 0.2149992 -0.6211416 0.7816196 -0.05704348 -0.6212892 0.781521 0.0567851 -0.581981 0.7091512 0.3979983 -0.7088985 0.5820478 0.3983507 -0.7815228 0.621287 -0.05678574 -0.7816215 0.6211391 0.05704418 -0.7592361 0.6141672 0.2153118 -0.8992626 0.4336808 -0.05698797 -0.8992945 0.4335231 0.0576813 -0.8703374 0.4380819 0.2249377 -0.8048769 0.4191735 0.4200795 -0.7091503 0.397996 0.5819837 -0.945677 0.2292357 0.2305342 -0.8704071 0.2238318 0.4385098 -0.7600371 0.2149961 0.6132864 -0.05699472 -0.9734827 -0.221547 -0.2305342 -0.945677 -0.2292356 -0.4385095 -0.8704076 -0.2238306 -0.05768109 -0.8992947 -0.4335226 -0.4200796 -0.8048774 -0.4191724 -0.2249369 -0.8703379 -0.4380814 -0.6132855 -0.7600376 -0.214997 -0.5819826 -0.7091513 -0.3979958 -0.7592354 -0.6141679 -0.2153123 -0.7088995 -0.5820469 -0.3983502 -0.8703381 -0.4380807 -0.2249376 -0.215312 -0.759235 -0.6141685 -0.05704452 -0.7816215 -0.621139 -0.3983495 -0.7088992 -0.5820478 -0.5395853 -0.6463354 -0.5395353 -0.6463354 -0.5395349 -0.5395856 -0.2149968 -0.6132859 -0.7600374 -0.05678628 -0.621287 -0.7815227 -0.3979961 -0.5819827 -0.7091511 -0.5395354 -0.5395847 -0.6463358 -0.9735903 -0.05647492 -0.2212068 -0.8992949 0.05768122 -0.4335222 -0.9456768 -0.2292363 -0.2305343 -0.899263 -0.05698763 -0.4336801 -0.8704073 -0.2238315 -0.4385094 -0.8048779 -0.4191716 -0.4200794 -0.7816211 0.05704452 -0.6211396 -0.7600377 -0.2149978 -0.6132851 -0.7091515 -0.3979963 -0.581982 -0.7815227 -0.05678637 -0.6212871 -0.6212874 0.05678576 -0.7815225 -0.614168 -0.2153134 -0.759235 -0.5820476 -0.3983502 -0.708899 -0.6211397 -0.05704438 -0.781621 -0.433522 -0.0576819 -0.899295 -0.43368 0.05698681 -0.8992631 -0.4380806 -0.2249384 -0.8703379 -0.4191728 -0.4200794 -0.8048773 -0.2212061 0.0564743 -0.9735905 -0.2292352 -0.2305339 -0.9456772 0.05768137 -0.4335215 -0.8992953 -0.05698704 -0.4336794 -0.8992634 -0.2238309 -0.438509 -0.8704077 0.057044 -0.621139 -0.7816216 0.05678631 -0.7815233 -0.6212863 -0.05647571 0.9735903 -0.2212066 -0.229238 0.9456759 -0.2305364 -0.05698893 0.8992629 -0.4336802 -0.2238348 0.870407 -0.4385085 -0.4191735 0.8048769 -0.4200794 -0.438081 0.870337 -0.2249411 -0.2149993 0.7600374 -0.6132849 -0.3979986 0.7091511 -0.581981 -0.3983504 0.5820478 -0.7088986 -0.05678517 0.7815208 -0.6212895 -0.2153119 0.6141669 -0.7592363 0.0570433 0.7816193 -0.6211419 0.05678517 0.6212873 -0.7815226 -0.05704399 0.6211393 -0.7816213 -0.05768162 0.4335228 -0.8992946 -0.2249379 0.4380816 -0.8703376 0.05698775 0.4336805 -0.8992628 -0.6141672 0.7592351 -0.2153156 -0.5820467 0.7088992 -0.3983511 -0.5395351 0.6463363 -0.5395844 -0.5395858 0.5395366 -0.6463338 -0.4200789 0.4191736 -0.8048772 -0.7600381 0.6132847 -0.2149976 -0.7091507 0.5819827 -0.3979968 -0.6463353 0.5395855 -0.5395352 -0.5819837 0.3979958 -0.7091505 -0.2305337 0.2292354 -0.9456772 -0.4385093 0.2238316 -0.8704074 -0.6132868 0.2149957 -0.7600369 -0.759235 0.2153118 -0.6141686 -0.7088998 0.3983498 -0.5820468 -0.8703376 0.2249383 -0.4380812 -0.8048777 0.420079 -0.4191724 -0.9456769 0.2305343 -0.2292361 -0.8704075 0.4385085 -0.2238328 0.05699472 -0.9734826 0.2215474 0.2212076 -0.9735901 0.05647506 0.2305342 -0.945677 0.2292359 0.05584522 -0.9968764 0.05584539 0.2215472 -0.9734826 -0.05699456 0.4335228 -0.8992947 -0.05768095 0.4336802 -0.899263 0.0569871 0.4385094 -0.8704075 0.223831 0.05768094 -0.8992945 0.4335232 0.05584522 -0.9968764 -0.05584505 0.621139 -0.7816216 -0.05704444 0.6132855 -0.7600376 0.2149972 0.5819826 -0.7091511 0.3979963 0.6212863 -0.7815233 0.0567865 0.7592354 -0.6141678 0.2153127 0.7088994 -0.5820467 0.3983507 0.7815231 -0.6212864 -0.05678664 0.8992953 -0.4335215 0.05768119 0.8703381 -0.4380806 0.2249378 0.7816219 -0.6211386 0.0570444 0.2249369 -0.8703378 0.4380816 0.4200796 -0.8048772 0.4191728 0.5395855 -0.6463349 0.5395357 0.646335 -0.5395348 0.5395862 0.215312 -0.7592344 0.6141692 0.3983498 -0.7088988 0.5820481 0.214997 -0.6132846 0.7600383 0.05704385 -0.7816215 0.6211392 0.05678654 -0.6212864 0.7815232 0.3979959 -0.5819823 0.7091515 0.5395357 -0.5395843 0.6463358 0.9735903 -0.05647484 0.2212068 0.8992948 0.05768122 0.4335225 0.9456768 -0.2292362 0.2305344 0.8048779 -0.4191715 0.4200796 0.8992629 -0.05698738 0.4336804 0.8704073 -0.2238314 0.4385095 0.7816212 0.05704405 0.6211394 0.7600378 -0.2149974 0.6132852 0.7091512 -0.3979963 0.5819824 0.7815228 -0.05678576 0.621287 0.6141683 -0.2153131 0.7592348 0.621287 0.05678628 0.7815227 0.5820476 -0.3983507 0.7088987 0.6211396 -0.05704383 0.7816211 0.4336809 0.05698752 0.8992627 0.4335227 -0.05768087 0.8992947 0.4380809 -0.2249375 0.870338 0.4191722 -0.4200802 0.8048772 0.2212075 0.05647457 0.9735902 0.2292354 -0.2305347 0.9456769 0.05698744 -0.4336799 0.8992631 0.2238303 -0.4385102 0.8704073 0.2212065 0.9735903 -0.05647588 0.229238 0.945676 0.2305361 0.05698883 0.8992629 0.4336802 0.2238348 0.8704071 0.4385082 0.4191736 0.804877 0.4200792 0.4335227 0.8992946 0.05768312 0.05678477 0.7815211 0.6212892 0.2149991 0.7600377 0.6132847 0.3979988 0.7091509 0.581981 0.2153119 0.6141675 0.7592359 0.0570437 0.6211395 0.7816212 0.05768089 0.4335238 0.8992942 0.3983512 0.582048 0.708898 0.2249373 0.4380822 0.8703374 0.438081 0.8703371 0.2249408 0.43368 0.899263 -0.0569891 0.6141671 0.7592351 0.2153155 0.5820466 0.7088992 0.3983512 0.5395352 0.6463361 0.5395845 0.5395856 0.5395371 0.6463336 0.4200799 0.4191733 0.8048768 0.6211416 0.7816196 0.05704317 0.6212892 0.781521 -0.05678538 0.7815228 0.621287 0.05678552 0.7600381 0.6132848 0.2149974 0.6463349 0.5395859 0.5395353 0.7091505 0.5819828 0.3979968 0.5819835 0.3979959 0.7091506 0.2305349 0.2292358 0.9456768 0.4385107 0.2238313 0.8704067 0.6132858 0.2149961 0.7600376 0.7592346 0.215312 0.614169 0.7088996 0.3983503 0.5820468 0.8703377 0.2249386 0.438081 0.8048777 0.4200791 0.4191724 0.9456769 0.2305344 0.229236 0.8992627 0.4336808 0.0569878 0.8704075 0.4385085 0.2238328 0.0564749 -0.9735902 -0.2212074 0.2292357 -0.945677 -0.230534 0.05698695 -0.8992631 -0.4336801 0.2238308 -0.8704076 -0.4385093 0.4191727 -0.8048774 -0.4200794 0.2149971 -0.7600377 -0.6132854 0.3979959 -0.7091513 -0.5819825 0.2153126 -0.6141678 -0.7592354 0.3983502 -0.5820471 -0.7088994 0.2249378 -0.4380806 -0.8703381 0.4380816 -0.8703378 -0.2249367 0.6141688 -0.7592348 -0.2153118 0.5820482 -0.708899 -0.3983493 0.5395355 -0.6463354 -0.5395851 0.5395856 -0.5395352 -0.6463351 0.7600377 -0.6132854 -0.2149971 0.7091514 -0.5819825 -0.3979957 0.6463361 -0.5395849 -0.5395348 0.2212061 -0.05647507 -0.9735905 0.4335221 0.05768139 -0.899295 0.2305338 -0.2292363 -0.9456769 0.4200788 -0.4191721 -0.804878 0.4336799 -0.05698758 -0.8992631 0.4385089 -0.2238316 -0.8704076 0.6132855 -0.2149974 -0.7600375 0.6211397 0.0570442 -0.781621 0.5819823 -0.3979965 -0.7091512 0.6212873 -0.056786 -0.7815225 0.7815227 0.05678618 -0.6212871 0.759235 -0.2153132 -0.614168 0.7088993 -0.3983503 -0.5820471 0.7816211 -0.05704464 -0.6211396 0.8992949 -0.05768157 -0.4335221 0.899263 0.05698702 -0.4336802 0.8703379 -0.2249382 -0.4380807 0.8048773 -0.42008 -0.4191722 0.9456771 -0.2305343 -0.2292353 0.9735904 0.0564744 -0.2212068 0.8992634 -0.4336794 -0.05698711 0.8704075 -0.4385096 -0.2238307 0.05699552 0.9734828 -0.2215462 0.2305363 0.9456759 -0.2292382 0.4385084 0.870407 -0.2238349 0.05768327 0.8992945 -0.4335228 0.6132848 0.7600375 -0.2149995 0.5819809 0.7091511 -0.3979987 0.7592361 0.6141672 -0.2153118 0.7088986 0.5820477 -0.3983506 0.7816215 0.6211391 -0.05704443 0.8992945 0.4335231 -0.05768145 0.8703374 0.4380819 -0.2249378 0.2249409 0.870337 -0.4380811 0.4200793 0.8048769 -0.4191736 0.5395843 0.6463363 -0.5395351 0.6463339 0.5395363 -0.5395859 0.8048769 0.4191733 -0.4200796 0.2153155 0.7592351 -0.6141672 0.3983511 0.7088993 -0.5820465 0.214997 0.613285 -0.760038 0.5395355 0.5395853 -0.6463351 0.3979969 0.5819829 -0.7091505 0.7091506 0.3979956 -0.5819836 0.945677 0.2292356 -0.2305342 0.8704071 0.2238316 -0.4385099 0.7600371 0.2149961 -0.6132865 0.6141685 0.2153119 -0.759235 0.5820472 0.3983496 -0.7088996 0.438081 0.2249384 -0.8703377 0.4191728 0.4200782 -0.8048779 0.2292359 0.2305337 -0.9456771 0.2238329 0.4385077 -0.8704079 -0.1504214 -0.4597813 0.8751997 -0.4741231 -0.596509 0.6475989 -0.1661629 -0.7423956 0.649029 0.152199 -0.5897949 0.793081 0.1528543 -0.2385143 0.9590342 -0.2634002 -0.2231609 0.9385199 -0.6564073 -0.3309657 0.6779315 -0.1540252 -0.912345 0.3793453 0.1519328 -0.874543 0.4605333 -0.8242 -0.07588407 0.5611916 -0.9774166 0.1754319 0.1178153 -0.9586002 -0.1798337 0.220784 -0.503756 0.06602061 0.8613194 -0.7701553 -0.5545259 0.3152171 -0.8602185 0.2643204 0.436072 -0.141724 0.08909283 0.9858888 -0.1586752 0.4525784 0.8774936 -0.5652034 0.3480591 0.7479305 -0.4038665 -0.8944483 0.191974 -0.4697256 -0.7993628 0.3746692 -0.4607937 0.6464768 0.60806 -0.4917766 0.8261501 0.2750123 -0.7316878 0.5698897 0.3739769 -0.150638 0.9547561 0.2564157 -0.238006 0.9684562 -0.07379506 -0.8620192 0.5053111 0.03979444 -0.1522935 0.7912373 0.5922417 0.8178813 -0.4990669 0.2863606 0.4877378 -0.6038165 0.6304899 0.4964091 -0.7938177 0.3513282 0.9322922 -0.3551167 0.06872707 0.9605526 -0.08935304 0.2633529 0.3946258 -0.8970796 0.1987929 0.7479697 -0.3128665 0.5853681 0.4716599 -0.2914805 0.8322115 0.155423 0.987841 -0.003720966 0.1527891 0.8970607 0.4146537 0.4794382 0.8758315 -0.05529989 0.2708952 0.9330212 -0.2368272 -0.168377 0.9571276 -0.2357029 0.4711256 0.8337381 0.2879608 -0.5987639 0.7753009 -0.2009735 -0.6344001 0.7729075 -0.01226448 0.4931467 0.6291045 0.6008609 0.1507111 0.6712248 0.7257709 0.7693323 0.6388487 -0.0003808217 0.7477563 0.5754037 0.3313173 0.960304 0.2626366 0.09401178 0.8642175 0.2574899 0.4322349 0.7661413 0.6212266 -0.1646357 0.6266999 0.3334506 0.7043138 0.7635231 0.009848668 0.6457054 0.4781472 0.0648793 0.8758801 0.2323903 0.375062 0.897398 -0.9343128 -0.3502241 0.06635288 -0.9505469 0.2989382 -0.08424133 0.9832767 0.1767319 -0.04396376 0.1605487 0.09253102 0.9826811 -0.6637093 0.1170502 -0.7387755 -0.2067723 0.09066725 -0.974179 -0.6421227 0.1048204 -0.7594018 -0.9017552 0.09857807 -0.4208562 -0.9022003 0.116034 -0.4154163 -0.9660041 0.09076349 -0.2420704 -0.966866 0.1289771 -0.2203065 -0.6508568 0.1182499 -0.749935 -0.8994991 0.1276587 -0.4178571 -0.2242016 0.08306006 -0.9709967 -0.6367607 0.1953015 -0.7459176 -0.9722939 0.2248244 -0.06401988 0.1941455 0.07478404 -0.978118 -0.2182645 0.08735167 -0.9719724 0.1927466 0.05970326 -0.9794306 0.5750992 0.08014554 -0.8141484 0.5619253 0.08617023 -0.8226875 0.5709345 0.08490362 -0.8165936 0.1920943 0.07236055 -0.9787051 0.5589856 0.1883368 -0.807505 0.8833088 0.1142214 -0.4546636 0.8928695 0.1087343 -0.4369907 0.8826259 0.09930133 -0.459468 0.9927836 0.1124747 -0.04159409 0.9871925 0.08839747 0.1328037 0.9940044 0.09528947 -0.05362012 0.9284263 0.2226547 0.2974045 0.9798431 0.1303636 0.1513697 0.9767559 0.1036499 0.1876291 0.4238123 0.3360081 0.8411193 0.5604158 0.5273328 0.6386347 0.9057933 0.3007833 0.2984426 0.9916124 0.1234064 -0.03841582 0.8864487 0.2222291 0.4059839 0.4400882 0.825831 0.3525982 0.8805309 0.4248599 0.2101414 0.9752467 0.1188021 0.1864937 -0.9705092 -0.08631511 0.2250811 -0.6992529 -0.7101338 -0.08219035 -0.7254424 -0.647771 0.2326498 -0.4453697 -0.7174806 0.5356 -0.9882759 -0.0885831 -0.1243538 -0.671582 -0.09017503 0.7354224 -0.662693 -0.737928 -0.1276726 -0.1297266 -0.702503 0.6997575 -0.1834986 -0.1535337 0.9709561 0.8692976 0.1915398 -0.455669 0.1885054 0.1903641 -0.9634455 0.4574936 0.5850361 -0.6696509 -0.2102906 0.1909326 -0.9588131 -0.5252964 0.5820877 -0.6206751 -0.1695989 0.5870345 -0.7915976 -0.09798519 0.989053 -0.1103316 0.1544905 0.5923047 -0.7907641 -0.02525173 0.9908712 -0.1324256 0.02173054 0.9935437 -0.1113494 0.0734233 0.9908286 -0.1134357 0.7209791 0.5793258 -0.3802248 0.1327463 0.9889753 -0.06562279 0.3732989 0.2149352 0.9024693 -0.1953355 0.004599572 0.9807257 0.3047484 0.01731224 0.9522755 0.7279018 0.0735745 0.6817227 0.7480727 0.3724403 0.5492498 0.4328114 0.8111836 0.3932627 0.2683822 0.5990673 0.7543801 -0.6911412 0.2102654 0.6914566 -0.647257 0.01288638 0.762163 -0.1918126 0.1662372 0.9672503 -0.1458777 0.6613284 0.7357748 -0.5381494 0.5970873 0.5948798 -0.05112594 0.9653025 0.2560805 -0.5532599 0.8089668 0.1986861 -0.9323187 0.0673329 0.3553142 -0.005768467 0.9996193 0.02697973 0.4562081 0.8804311 0.1292873 -0.4739807 0.8789271 -0.05319232 -0.000218081 1 -6.149397e-07 0.8726882 0.4303511 0.2306799 -0.8973421 0.4264524 -0.1136466 -0.9026676 0.3670097 0.224711 0.9560121 0.1164192 0.2692349 0.4568654 0.8850393 0.08932787 0.9749605 0.1212705 0.1864014 0.8836302 0.4357272 0.1712875 -0.6088838 0.7275546 0.3161087 -0.3881201 0.717799 0.5780375 -0.7115005 0.7022816 0.02382483 0.1212643 0.9926192 -0.001433151 -0.5332714 0.2953481 0.7927112 -0.8496122 0.2928832 0.4386098 -0.5578186 0.2312181 0.7971051 -0.87667 0.2204981 0.4275867 -0.9574099 0.287483 0.02682947 -0.8599589 0.3157692 -0.4009495 -0.6223486 0.7276785 -0.2883855 -0.9740582 0.2259989 0.01162386 -0.8752545 0.2612724 -0.4070213 -0.1368269 0.7007464 0.7001663 -0.1833555 0.292654 0.9384745 -0.1858858 0.2403564 0.9527199 0.9801088 0.1952685 -0.03545501 0.7353587 0.5837344 0.3442408 0.8118481 0.5831787 -0.02837937 0.141244 0.9879942 0.06259147 -0.8917023 0.2003131 -0.4058839 -0.97298 0.2257829 0.0482909 -0.9564769 0.276413 -0.09352933 -0.7403982 0.5696705 0.3567715 -0.73996 0.585105 -0.3318304 -0.7091893 0.3348763 0.6204098 -0.1621768 0.5361262 0.8284125 -0.1855406 0.251631 0.9498718 -0.9173543 0.384007 -0.1048792 -0.6010293 0.5870419 0.5423519 -0.8100313 0.5847363 0.0439618 -0.1574453 0.569752 0.8065939 -0.1352821 0.9819671 0.1320579 -0.154238 0.9880213 0.004949047 -0.1114199 0.9926738 -0.04673658 -0.5035231 0.8416781 0.1950446 0.3529723 0.5873891 0.728275 0.07569589 0.9819807 0.1731587 -0.02959533 0.9879917 0.1516458 0.4442683 0.7277665 0.5224763 0.1432733 0.7182949 0.6808268 0.6510297 0.7014226 0.290115 0.6201061 0.2910722 0.7285228 0.6855924 0.7272078 -0.033643 0.1985473 0.2943527 0.9348452 -0.4117832 0.3415468 -0.8448553 -0.2866164 0.7548177 -0.5900011 0.4873797 0.7548391 -0.4389522 0.1334344 0.717632 -0.68352 0.1814649 0.3220105 -0.9291823 0.6991989 0.3415755 -0.6280502 0.9482976 0.3132719 -0.05091458 0.8771367 0.2838563 0.3873718 0.649556 0.2150653 0.7292626 0.7087051 0.2946324 -0.6410373 0.9631729 0.2635635 -0.05321794 0.8960733 0.2270365 0.3814539 0.1842532 0.2778594 -0.9427857 -0.415319 0.2946852 -0.8606223 0.2203649 0.2260509 0.9488626 0.4530313 0.8835126 0.1190301 0.8828297 0.4348866 0.1774414 0.9751359 0.1205638 0.1859419 -0.07547102 0.9199934 0.3845989 -0.005310458 0.9996279 0.02675487 -0.4619305 0.8852147 -0.05491054 -0.888351 0.4302387 -0.1603967 -0.8847087 0.4335636 -0.171211 -0.4583785 0.8842464 -0.08942823 -0.978449 -0.08904499 -0.1863023 -0.6634419 -0.7367872 -0.1303434 -0.662849 -0.7380195 -0.1263268 -0.9773598 -0.08828704 -0.1922844 0.6650643 -0.7366656 0.1225283 0.6629191 -0.7379896 0.1261331 -0.6629374 -0.7379539 -0.1262459 -0.9784245 -0.08910027 -0.1864043 -0.6644117 -0.7305614 -0.1575981 -0.9783959 -0.08916378 -0.1865245 0.6630108 -0.737885 0.1262632 0.001408452 0.9999977 0.001623862 -0.0002040343 0.9999995 0.0009673564 0.002011164 0.9999934 0.003038317 -0.001901307 0.9999978 0.0009167639 -0.002970067 0.9999936 0.001979029 0.0001428645 0.9999996 -0.0009324593 -0.001398556 0.9999987 -0.0007897881 0.001526153 0.9999988 -0.0001951709 0.00379578 0.9999893 -0.002662247 -0.002600803 0.9999889 -0.003937072 -0.005599749 0.9999583 -0.007207934 0.007738988 0.9999598 -0.004532241 -0.9768528 0.09918233 -0.1895295 -0.9768147 0.111842 -0.1825497 -0.9755571 0.1180546 -0.1853417 -0.975339 0.1185915 -0.1861448 -0.9882488 0.1115672 -0.1044845 0.9784285 -0.08888101 0.1864884 0.6633589 -0.7377927 0.1249679 0.9784525 -0.08846103 0.1865621 0.9784055 -0.08896605 0.1865682 0.6802556 -0.7099993 0.1820806 0.8152048 -0.08582123 0.572779 0.5853086 -0.6464865 0.4893558 0.9642923 -0.08771545 0.2498928 -0.9690367 -0.08638998 -0.2313108 -0.9303547 -0.07260833 -0.3593998 -0.658721 -0.7072579 -0.2566572 -0.7075348 -0.03549226 -0.7057867 -0.532545 -0.6484077 -0.544025 0.9212513 -0.03565658 -0.3873301 0.4106048 -0.6757745 -0.612154 0.5494984 -0.02273896 -0.8351852 0.709017 -0.7051676 0.005786751 0.6975588 -0.6493799 -0.3028488 0.1430509 -0.6787193 -0.7203309 0.1952154 -0.02319562 -0.9804861 0.9972764 -0.07263187 0.01282167 0.6756462 -0.7302723 0.1010177 0.97957 -0.08902027 0.1803273 0.9857049 -0.0872015 0.144159 0.326813 -0.09885861 0.9399044 0.1980227 -0.7129198 0.6727052 -0.188897 -0.02248528 -0.9817394 -0.1458559 -0.6753158 -0.7229624 0.9025586 0.1160339 -0.4146373 0.9662128 0.09076344 -0.2412361 0.9021183 0.09857816 -0.4200773 0.664347 0.1170502 -0.738202 0.642778 0.1048206 -0.7588472 0.2076131 0.09066723 -0.9740001 0.22504 0.08306017 -0.9708028 0.6515041 0.1182502 -0.7493726 0.8998596 0.1276591 -0.4170802 0.2191036 0.08735186 -0.9717835 0.9670559 0.1289773 -0.2194717 0.9723488 0.2248244 -0.06318049 0.6374047 0.1953006 -0.7453677 0.8920524 0.2003125 -0.4051141 -0.193301 0.07478394 -0.9782853 -0.1919011 0.0597034 -0.9795966 -0.1912491 0.07236056 -0.9788706 -0.5743962 0.08014556 -0.8146445 -0.5582882 0.1883376 -0.8079871 -0.1876734 0.1903644 -0.9636079 0.2111183 0.1909329 -0.9586311 -0.5702293 0.08490351 -0.8170863 -0.5612147 0.08617013 -0.8231724 -0.8822287 0.0993013 -0.46023 -0.8924919 0.1087343 -0.4377614 -0.9927473 0.1124749 -0.04245133 -0.9873068 0.08839743 0.1319514 -0.9799734 0.1303638 0.1505238 -0.9939578 0.09528949 -0.05447833 -0.9769175 0.1036499 0.1867856 -0.9060507 0.3007833 0.2976602 -0.9286828 0.2226545 0.2966027 -0.9915788 0.1234065 -0.03927197 -0.5609668 0.5273329 0.6381507 -0.4245384 0.3360079 0.8407531 -0.8867988 0.222229 0.4052185 -0.8829161 0.1142213 -0.4554259 -0.9800778 0.1952682 -0.03630119 -0.880712 0.4248598 0.2093811 -0.4403927 0.8258307 0.3522185 0.9703146 -0.08631421 0.2259192 0.6993239 -0.7101335 -0.0815871 0.9883829 -0.08858265 -0.1235003 0.7252415 -0.6477707 0.2332766 0.6628029 -0.7379281 -0.1271004 0.9785567 -0.08916441 -0.1856785 0.6709462 -0.09017447 0.7360025 0.4449068 -0.7174806 0.5359847 0.18266 -0.1535336 0.9711142 0.1291226 -0.7025029 0.6998693 -0.8689039 0.1915397 -0.4564193 -0.4569153 0.5850361 -0.6700456 -0.1538078 0.592305 -0.7908969 0.1702823 0.5870343 -0.791451 0.5258327 0.5820868 -0.6202217 0.02536609 0.9908711 -0.1324046 -0.07332623 0.9908285 -0.1134999 -0.02163431 0.9935437 -0.1113682 -0.1326889 0.9889753 -0.06573752 -0.72065 0.5793263 -0.3808473 -0.3740781 0.2149346 0.9021467 -0.4331509 0.8111834 0.3928891 -0.7485464 0.3724405 0.548604 -0.72849 0.07357453 0.6810941 -0.3055705 0.01731244 0.9520121 0.1944885 0.004599767 0.980894 0.1909774 0.1662366 0.9674157 0.6905435 0.2102653 0.6920536 0.5376354 0.597087 0.5953447 -0.2690344 0.5990668 0.7541482 0.05090461 0.9653025 0.2561245 0.1452431 0.6613276 0.735901 0.9320115 0.06733279 0.3561192 0.9024734 0.3670096 0.2254902 0.5530882 0.8089667 0.1991643 0.6465983 0.01288636 0.7627218 0.005745118 0.9996193 0.02698484 -0.4563193 0.8804312 0.1288938 0.4740266 0.878927 -0.05278323 0.000218223 1 2.269404e-07 -0.4569424 0.8850392 0.08893337 0.8974399 0.4264524 -0.1128718 -0.8728871 0.4303511 0.2299261 -0.8837779 0.4357272 0.1705242 -0.9751211 0.1212705 0.1855594 -0.9562442 0.1164192 0.2684094 0.6086108 0.7275545 0.3166344 -0.1212628 0.9926192 -0.001538112 0.7114802 0.702281 0.02443932 0.8492332 0.2928828 0.4393434 0.5325869 0.2953473 0.7931716 0.8603046 0.31577 -0.4002065 0.9573862 0.2874835 0.0276557 0.8763006 0.2204979 0.4283433 0.5571304 0.2312164 0.7975868 0.8756053 0.2612735 -0.4062653 0.9740476 0.2259998 0.01246431 0.3876205 0.7177998 0.5783717 0.1362228 0.7007464 0.7002841 0.1825452 0.2926542 0.9386324 -0.7356557 0.5837343 0.3436058 -0.8118236 0.5831781 -0.02908029 -0.1412982 0.9879941 0.06246983 0.7402464 0.5851048 -0.3311913 0.7400901 0.5696706 0.3574101 0.9565574 0.2764129 -0.09270304 0.7086534 0.3348762 0.6210219 0.9729381 0.2257823 0.04913077 0.8099925 0.5847371 0.04466087 0.6005609 0.5870418 0.5428707 0.1614615 0.5361274 0.8285515 0.9174444 0.3840072 -0.1040875 0.5033543 0.8416785 0.1954784 0.1847204 0.2516309 0.9500317 0.1351674 0.9819672 0.1321745 0.09808009 0.989053 -0.1102471 0.1114596 0.9926739 -0.04663987 0.07513834 0.9199941 0.3846624 0.1567487 0.5697528 0.8067289 -0.3536007 0.5873893 0.7279701 -0.0758452 0.9819808 0.173093 0.02946417 0.9879918 0.1516711 0.1542328 0.9880215 0.005082009 -0.4447198 0.727766 0.5220928 -0.6512804 0.701422 0.2895531 -0.1438611 0.7182949 0.6807029 -0.6207349 0.2910722 0.7279871 -0.685563 0.7272079 -0.03423468 -0.877471 0.2838554 0.3866145 -0.1993543 0.2943532 0.9346732 0.6225979 0.727678 -0.2878482 0.4125129 0.3415469 -0.8444992 0.2871255 0.754818 -0.5897532 -0.1328438 0.7176328 -0.6836342 -0.4870015 0.754838 -0.4393736 -0.6986564 0.3415753 -0.6286537 -0.1806623 0.3220108 -0.9293386 -0.6501853 0.2150657 0.7287014 -0.8964023 0.2270354 0.3806807 -0.9482536 0.313271 -0.05173324 -0.9631272 0.2635615 -0.05404959 -0.708151 0.2946334 -0.6416489 -0.1834394 0.2778612 -0.9429438 0.4160616 0.2946858 -0.8602634 0.1850633 0.2403566 0.95288 -0.2211837 0.2260523 0.9486718 -0.8829825 0.4348866 0.1766793 -0.4531341 0.8835125 0.118639 -0.9754074 0.1188021 0.1856514 -0.9752961 0.1205639 0.1850996 0.005287301 0.9996279 0.02676004 0.4619777 0.8852148 -0.05451083 0.8884891 0.4302388 -0.1596301 0.4584557 0.8842464 -0.08903165 0.8848564 0.4335635 -0.170446 0.9786093 -0.08904486 -0.1854587 0.6635542 -0.7367873 -0.1297703 0.9775255 -0.08828701 -0.19144 0.662958 -0.7380194 -0.1257544 0.6645477 -0.7305612 -0.1570243 0.9692361 -0.08638982 -0.2304739 -0.6651696 -0.7366658 0.1219544 0.978585 -0.08910076 -0.1855598 0.6630458 -0.7379543 -0.1256729 -0.6630278 -0.7379895 0.1255612 -0.0001420591 0.9999996 -0.0009321809 0.001398851 0.9999987 -0.0007879686 0.002602986 0.9999889 -0.003931926 0.0002034933 0.9999995 0.0009673848 -0.001525666 0.9999988 -0.0001963369 0.001900202 0.9999978 0.000918096 -0.001409732 0.9999977 0.001622362 -0.002013071 0.9999934 0.003034905 -0.003793099 0.9999893 -0.002665339 -0.00773152 0.9999598 -0.004537227 0.002969645 0.9999936 0.001982878 0.005601625 0.9999584 -0.007196792 0.9769718 0.1118419 -0.1817073 0.9770162 0.09918213 -0.1886856 -0.6634665 -0.7377927 0.124395 -0.6631197 -0.7378849 0.1256906 0.9883387 0.1115671 -0.1036308 0.9754996 0.1185915 -0.1853014 0.9757166 0.1180547 -0.1845 -0.9785891 -0.08888101 0.1856433 -0.9786132 -0.0884611 0.1857172 -0.1986037 -0.7129194 0.6725344 -0.6804115 -0.7100004 0.1814925 -0.9645077 -0.08771555 0.2490601 -0.9785663 -0.08896609 0.1857231 -0.5857311 -0.6464858 0.4888509 -0.815699 -0.0858214 0.572075 -0.1424286 -0.6787192 -0.7204542 0.6589421 -0.7072583 -0.2560881 0.9306647 -0.07260868 -0.3585962 0.1464797 -0.6753159 -0.7228361 0.5330148 -0.6484074 -0.5435651 -0.9209165 -0.03565668 -0.3881256 -0.548777 -0.02273897 -0.8356595 -0.4100757 -0.6757745 -0.6125086 -0.6972974 -0.6493794 -0.3034514 -0.7090214 -0.705168 0.005174896 -0.9972871 -0.07263191 0.01196066 -0.1943689 -0.02319594 -0.9806542 -0.6757333 -0.7302722 0.1004345 -0.985829 -0.08720153 0.1433078 -0.9797254 -0.08902016 0.1794815 -0.3276244 -0.09885827 0.9396219 0.1897443 -0.02248553 -0.981576 0.7081442 -0.03549243 -0.7051752 -0.9120504 0.2519832 0.323525 -0.8598242 0.1350392 0.4924091 -0.8148089 0.2566941 0.5198025 -0.6799213 0.5115106 0.5254178 -0.8116831 0.4905002 0.3171436 -0.9582629 0.1421252 0.2480579 -0.9392238 -0.07725784 0.3344995 -0.6530988 -0.04520771 0.7559221 -0.9448107 0.2465292 0.2157685 -0.9659153 0.07890042 -0.2465408 -0.9480464 0.07173463 0.3099391 0.3706899 -0.1633518 0.9142785 0.4663763 -0.2838705 0.8378011 -0.8599598 0.4775986 0.179913 -0.898234 0.4059018 -0.1685804 -0.9499319 0.2172526 -0.224568 -0.9533735 0.1451107 -0.2646164 -0.2718266 0.8138656 0.5135495 -0.4440053 0.8742914 0.1961475 -0.5132794 0.854101 -0.08399788 -0.5979732 0.1374271 -0.7896467 -0.5871934 0.5795563 -0.5650827 -0.443239 -0.009539538 -0.8963527 -0.3421383 -0.01781504 -0.9394807 -0.2918425 0.04016808 -0.9556226 -0.2695981 0.5968953 -0.7556672 0.09712242 -0.5997484 -0.7942727 0.1619924 -0.4279828 -0.8891508 -0.07639916 0.001631372 -0.997076 0.4931494 -0.8437216 -0.2119847 0.5337412 -0.2656139 -0.8028509 0.4541241 0.4059223 -0.7930942 0.4918318 -0.002945776 -0.8706852 0.4542475 -0.4521985 -0.7675778 -0.003823415 0.5747387 -0.818328 -0.116502 0.9512707 -0.2855019 0.2223556 0.8970548 -0.3819039 0.7130932 0.5291966 -0.4598359 0.8801072 -0.00612217 -0.4747355 0.6820213 -0.6079924 -0.4064386 0.2721952 -0.9240288 -0.2684782 0.9611372 -0.01674422 -0.2755629 0.8048204 0.5151976 -0.2946786 0.8600239 0.5030941 -0.08517747 0.7360968 -0.6143998 -0.2840323 0.9488898 -0.01371874 -0.3153094 0.7517646 -0.5242471 -0.4000187 0.1745721 -0.8794535 -0.4428162 0.2347771 -0.9604012 -0.1500307 -0.1306019 -0.6069826 -0.7839102 0.4358858 0.8707709 0.2275119 0.4561673 0.5780918 0.676551 0.8789002 0.3450075 0.3293998 0.3538472 0.1965527 0.9144174 0.7742705 0.1687931 0.6099296 0.99017 -0.002869624 -0.13984 0.9956629 -0.03650674 0.0855722 0.6579103 -0.3913797 -0.6434097 0.3590637 -0.3240458 -0.8752529 0.9783425 -0.1770456 -0.107242 -0.05688726 0.04329176 0.9974416 -0.2149556 -0.7389503 0.6385503 -0.354559 0.002435518 0.9350305 0.1613757 -0.05035937 0.9856073 0.01058658 0.1385888 0.9902934 0.1346723 0.4321136 0.8917069 -0.003866367 0.0826693 0.9965695 -0.4115941 0.1734321 0.8947131 -0.3643818 0.1115106 0.9245492 0.823268 -0.2988436 0.4826202 0.7582651 -0.440346 -0.4807592 0.2505466 -0.8873849 -0.387007 -0.8193237 -0.3766728 0.432234 -0.6015488 -0.05605088 0.7968672 -0.09147919 0.4532429 0.8866806 -0.4136241 0.3696725 0.83202 0.1122414 0.8956384 0.4303879 0.3084161 -0.0259021 0.9508988 0.3696885 -0.9024636 -0.2211105 0.2236206 -0.3524913 -0.9087044 -0.230868 -0.3137081 -0.9210251 -0.3011556 -0.3053438 -0.9033662 -0.7662525 -0.4286132 -0.4786938 -0.01357107 0.9997253 0.01911019 0.3408217 0.9308978 -0.1314151 0.9137051 -0.09578453 -0.3949283 0.3619812 -0.1322395 -0.922758 0.3445632 -0.05318016 -0.9372556 0.8750962 -0.08087777 0.4771429 0.9260167 -0.1345578 -0.3526858 -0.2059589 -0.7105944 -0.6727827 -0.3124543 -0.1956249 -0.9295715 -0.3284818 -0.03168922 -0.9439785 0.86813 -0.1547921 0.4715821 0.7135749 -0.5856 0.3845562 0.6729084 -0.6983092 -0.2440462 0.3026664 -0.5634339 -0.7687232 0.3149209 -0.02613692 0.948758 0.3132554 -0.1976219 0.9288793 0.01458913 -0.9998751 -0.006082723 0.2308671 -0.7215698 0.6527154 -0.3483163 -0.0451154 -0.9362907 -0.2991199 -0.3287725 -0.8957879 -0.9716938 -0.02951776 -0.2343925 0.6064852 -0.04631648 -0.7937446 0.5777981 -0.1396162 -0.8041497 -0.1503018 -0.8103148 -0.5663915 -0.9173294 -0.301851 -0.2596012 -0.9468938 -0.0200298 0.3209219 -0.6745457 -0.7110389 -0.1985242 0.9472168 -0.01836307 -0.3200675 0.5084267 -0.5834416 -0.6333232 0.73494 -0.6305774 -0.24947 0.02501614 -0.999651 -0.008491306 -0.6069892 -0.7675365 0.2060385 0.865645 -0.3894038 0.3146798 0.8733209 -0.425129 -0.2378572 -0.371944 0.06034556 0.9262916 -0.9011218 -0.05461521 -0.4301123 -0.924969 0.06866986 0.3737871 -0.4328809 -0.7191136 0.5435897 0.7897878 -0.5811353 0.1962576 0.2402819 -0.8130818 0.5302476 -0.9155176 -0.2551363 0.3110194 0.3183502 -0.3081517 0.8964908 -0.5802196 -0.2825609 0.7638747 0.9492739 -0.1348864 0.2840506 -0.6304208 -0.04581354 0.7749005 0.9644087 -0.04870478 0.2598916 0.3057352 -0.05022259 0.9507911 0.9474308 -0.0462848 -0.3165953 -0.6566902 -0.6459241 -0.3892815 -0.59743 -0.774571 0.2076468 -0.2785261 -0.6433269 0.7131296 -0.9129398 -0.253194 0.3200526 -0.8858634 -0.03653252 -0.4625057 -0.8564541 -0.2223294 -0.4658927 -0.9390217 -0.01361076 0.3435883 -0.381848 -0.2166097 0.8984834 -0.3914714 -0.007267529 0.9201616 0.7346745 -0.02312757 0.6780254 0.325904 0.05822295 0.9436083 0.7946217 -0.1768061 0.580789 -0.1301523 0.02679561 0.9911319 0.3236763 -0.08134302 0.9426648 0.9055346 -0.3258212 -0.2717491 -0.2744787 -0.1576781 0.9485774 -0.2891154 -0.4934612 0.8203099 -0.7196047 -0.5339839 -0.4438809 -0.2532496 -0.6138744 -0.7476783 -0.664125 -0.7126269 0.2260551 6.365118e-07 -1 -1.283732e-06 0.2606267 -0.5822329 0.770116 0.300521 -0.5287664 -0.7937841 0.663184 -0.7140124 -0.2244399 0.7263122 -0.4979895 0.4737901 -0.309348 -0.09674256 -0.9460152 0.912395 0.251983 0.3225522 0.8153626 0.2566939 0.5189336 0.8603496 0.1350388 0.4914907 0.6804818 0.511511 0.5246913 0.9395804 -0.07725722 0.3334966 0.9585266 0.1421254 0.2470367 0.9450401 0.2465292 0.2147615 0.6539048 -0.0452074 0.755225 0.9483761 0.07173414 0.3089286 0.9656519 0.07890113 -0.2475704 0.8120205 0.4905009 0.3162776 0.953091 0.1451109 -0.2656322 0.9496921 0.2172527 -0.2255795 -0.3697138 -0.1633523 0.9146736 0.3411373 -0.01781507 -0.9398447 0.442284 -0.009539836 -0.8968243 0.597131 0.1374268 -0.7902838 0.8980544 0.4059011 -0.1695365 0.8601515 0.4775975 0.1789971 0.5865914 0.5795558 -0.5657081 0.5131894 0.8541013 -0.08454391 0.4442147 0.874291 0.1956743 0.2723743 0.8138664 0.5132579 0.2908233 0.04016833 -0.9559332 -0.09796882 -0.599749 -0.7941683 0.0753358 0.001630765 -0.9971569 -0.1629408 -0.4279833 -0.8889773 -0.4933749 -0.8437216 -0.2114594 -0.27248 -0.9240293 -0.2681876 -0.455066 -0.4521983 -0.7670929 -0.4927595 -0.002946098 -0.8701605 0.2687913 0.5968954 -0.7559544 -0.6824541 -0.6079924 -0.4057113 -0.4549691 0.4059222 -0.7926098 -0.713583 0.5291965 -0.4590756 -0.2227625 0.8970547 -0.3816671 0.002951855 0.5747382 -0.818332 -0.8806125 -0.006122142 -0.4737976 0.1161966 0.9512708 -0.2856259 -0.9614306 -0.01674413 -0.2745375 -0.9492254 -0.0137186 -0.3142975 -0.7363992 -0.6144 -0.2832471 -0.7521902 -0.5242477 -0.399217 -0.8051342 0.5151976 -0.2938203 -0.1750435 -0.8794536 -0.4426299 0.129767 -0.6069819 -0.7840495 -0.658595 -0.3913797 -0.6427087 -0.9903185 -0.002869543 -0.1387842 -0.9955712 -0.03650643 0.08663294 -0.7736197 0.1687934 0.6107547 -0.8785491 0.3450066 0.330336 -0.9784563 -0.177045 -0.1061993 -0.359996 -0.3240461 -0.8748697 -0.8601144 0.5030938 -0.08426103 -0.3528724 0.1965526 0.914794 -0.455445 0.5780926 0.6770367 -0.4356429 0.870771 0.2279762 0.05795069 0.04329152 0.9973803 -0.1603254 -0.05035922 0.9857787 0.004928712 0.08266916 0.9965649 -0.009530753 0.1385889 0.9903041 0.3555566 0.002434984 0.9346516 0.215638 -0.7389516 0.6383188 -0.8227529 -0.2988434 0.4834981 -0.3074017 -0.02590204 0.9512273 0.3653667 0.1115103 0.9241605 0.4125469 0.1734316 0.8942743 0.414512 0.369672 0.8315783 -0.1337215 0.4321127 0.8918504 0.6023992 -0.05605163 0.7962244 0.8197837 -0.3766721 0.4313617 0.7657418 -0.4286135 -0.4795102 -0.7587776 -0.440345 -0.4799509 0.3729298 0.06034588 0.9258951 0.09242421 0.4532439 0.886582 -0.1117828 0.8956385 0.4305071 -0.2349369 -0.9604014 -0.1497793 -0.2509604 -0.8873841 -0.3867406 -0.3699238 -0.9024637 -0.2207165 0.2298854 -0.3137073 -0.9212711 -0.2245889 -0.3524927 -0.908465 -0.8653092 -0.3894037 0.3156022 0.3001922 -0.3053441 -0.9036867 0.01359244 0.9997253 0.01909587 -0.3409617 0.9308977 -0.1310517 -0.9141259 -0.09578387 -0.3939534 -0.3629637 -0.1322396 -0.9223719 -0.9263919 -0.1345588 -0.3516987 -0.3455625 -0.05318009 -0.9368876 0.2052413 -0.7105923 -0.6730041 -0.3034845 -0.5634343 -0.7684002 -0.6731672 -0.6983103 -0.2433281 -0.7131637 -0.5856011 0.3853165 -0.8745867 -0.08087746 0.4780763 0.3114625 -0.1956257 -0.9299041 -0.01459731 -0.999875 -0.006069359 -0.867626 -0.1547946 0.4725079 -0.3139089 -0.02613715 0.9490933 -0.2301712 -0.7215694 0.6529615 -0.3122635 -0.1976221 0.9292131 -0.5345962 -0.265614 -0.8022818 0.3473165 -0.04511454 -0.9366621 0.9714436 -0.02951873 -0.2354273 0.2981657 -0.3287756 -0.8961048 0.9472351 -0.02003028 0.3199131 0.9170521 -0.3018519 -0.2605779 -0.6073306 -0.04631614 -0.7930979 0.6743323 -0.7110388 -0.1992482 0.1496961 -0.8103134 -0.5665539 0.9158494 -0.2551338 0.3100429 -0.5786543 -0.1396163 -0.8035338 -0.509099 -0.5834427 -0.6327819 -0.02502769 -0.9996509 -0.008465478 -0.7352059 -0.6305777 -0.2486847 -0.9475575 -0.01836307 -0.3190575 -0.8735744 -0.4251272 -0.2369275 0.9253662 0.06867035 0.3728025 0.9006627 -0.0546147 -0.4310731 0.6072089 -0.7675361 0.2053916 0.4334593 -0.7191142 0.5431278 -0.2397203 -0.8130819 0.5305017 -0.7895793 -0.581134 0.1970987 0.5810349 -0.2825593 0.7632553 -0.3173942 -0.3081521 0.8968295 -0.9489705 -0.1348868 0.2850622 -0.3047224 -0.05022262 0.9511162 -0.9641311 -0.04870517 0.2609195 0.6312461 -0.04581335 0.7742283 -0.9477676 -0.04628526 -0.3155856 0.2792847 -0.6433254 0.7128341 0.6562715 -0.6459251 -0.3899854 0.5976507 -0.7745716 0.2070082 0.8559559 -0.2223326 -0.4668058 0.9132799 -0.2531947 0.3190802 0.3828039 -0.2166098 0.8980765 0.3274751 -0.03168933 -0.9443283 0.8853689 -0.03653171 -0.4634515 0.9393873 -0.0136099 0.3425876 0.3924508 -0.007267766 0.9197443 -0.3248981 0.05822284 0.9439551 -0.7339516 -0.02312751 0.6788079 -0.7940017 -0.1768077 0.5816359 -0.322671 -0.08134331 0.9430094 0.1312104 0.0267949 0.9909924 0.275489 -0.1576775 0.9482846 -0.9058239 -0.3258214 -0.270783 0.2899897 -0.4934608 0.8200015 0.6643657 -0.7126267 0.2253473 0.7191313 -0.533983 -0.4446486 1.217194e-06 -1 2.501005e-08 0.2524526 -0.6138747 -0.7479476 -0.2598083 -0.5822303 0.7703944 -0.7258043 -0.4979884 0.4745689 -0.6634221 -0.7140141 -0.2237296 -0.3013627 -0.5287657 -0.7934654 0.3083392 -0.09674149 -0.9463445 -0.4654828 -0.2838724 0.8382972 -0.1055764 0.9586399 0.2643163 -0.3427532 0.5277003 0.7772082 0.01293984 0.7449587 0.6669851 0.1055787 0.9535952 -0.2819739 -0.2295402 0.9627065 -0.1432047 0.317666 0.8974768 -0.3059799 0.1134361 0.6066155 -0.7868607 0.2616382 0.9594981 0.1044455 -0.5876838 0.6777059 0.4419756 -0.08043655 0.639905 -0.7642327 -0.7256262 0.5547862 -0.4070367 -0.7067045 0.6996764 0.1049848 0.2652945 0.8939151 0.3612958 0.4526319 0.8915038 0.01858402 -0.967448 0.177337 0.1805433 -0.8011622 -0.1726105 0.5730138 -0.8011619 0.1831637 0.5697286 -0.8685288 0.1374767 -0.4761911 -0.8685291 -0.1462447 -0.4735713 -0.9674481 -0.1739724 0.1837876 -0.3851736 -0.1295056 0.913712 -0.3851735 0.1463556 0.9111649 -0.7256241 -0.5622111 -0.396722 -0.7067023 -0.6976201 0.1178899 -0.5876839 -0.6694278 0.4544162 -0.1273264 0.1400874 -0.9819183 -0.4232737 -0.1611575 -0.8915535 -0.4232742 0.1446651 -0.8943774 0.04237007 0.1019553 -0.9938863 0.04237 -0.1202923 -0.9918339 -0.1273265 -0.1581964 -0.9791638 -0.3409154 -0.6674568 -0.6620258 0.1134359 -0.6210424 -0.7755247 -0.08043941 -0.6539078 -0.7522859 -0.3427532 -0.5132566 0.7868214 -0.0264938 -0.1192173 0.9925146 -0.105577 -0.9535949 0.2819757 0.01293891 -0.7325143 0.6806287 0.1055763 -0.9586399 -0.2643164 0.2616403 -0.9574049 0.1221486 0.2652981 -0.8870877 0.3777464 -0.2295403 -0.9651867 -0.1254033 -0.02649352 0.1375238 0.9901441 -0.3409187 0.6551198 -0.6742348 0.4200993 -0.858677 0.293582 0.317668 -0.9029734 -0.2893545 0.4563045 -0.8730624 -0.1718958 0.1055764 0.9586399 0.2643163 0.2295402 0.9627064 -0.1432048 -0.1055787 0.9535952 -0.2819739 -0.2616382 0.9594981 0.1044455 -0.01293984 0.7449587 0.6669851 0.3427532 0.5277003 0.7772082 0.5876842 0.6777055 0.4419756 0.7067045 0.6996764 0.1049848 0.0804367 0.6399049 -0.7642327 0.725626 0.5547863 -0.407037 0.3409181 0.6551198 -0.674235 -0.1134361 0.6066155 -0.7868608 -0.3176659 0.8974768 -0.30598 -0.4526319 0.8915038 0.01858399 -0.2652945 0.8939151 0.3612958 0.967448 0.177337 0.1805433 0.8011622 0.1831631 0.5697283 0.8011625 -0.1726099 0.5730135 0.9674482 -0.1739718 0.1837876 0.8685291 -0.1462447 -0.4735713 0.8685288 0.1374767 -0.4761911 0.3851741 -0.1295055 0.9137118 0.7067029 -0.6976196 0.1178893 0.7256237 -0.562211 -0.3967229 0.5876842 -0.6694275 0.4544162 0.4232741 0.1446653 -0.8943774 0.4232736 -0.1611577 -0.8915535 0.1273264 0.1400875 -0.9819183 0.3409149 -0.6674569 -0.662026 -0.04237 -0.120292 -0.991834 -0.04237007 0.1019553 -0.9938863 0.1273266 -0.1581964 -0.9791638 0.08043974 -0.6539078 -0.7522858 -0.1134357 -0.6210424 -0.7755248 0.3427532 -0.5132567 0.7868213 -0.01293883 -0.7325144 0.6806286 0.105577 -0.9535949 0.2819756 -0.2616403 -0.9574049 0.1221486 0.2295401 -0.9651867 -0.1254036 -0.1055762 -0.9586399 -0.2643163 0.0264938 -0.1192173 0.9925146 0.02649352 0.1375238 0.9901441 0.385174 0.1463555 0.9111647 -0.2652981 -0.8870877 0.3777464 -0.4200993 -0.858677 0.293582 -0.317668 -0.9029735 -0.2893544 -0.4563046 -0.8730624 -0.1718958 0.02496761 0.9996883 3.054116e-06 0.02495614 0.9996885 -1.699017e-06 -0.009771492 0.9999045 -0.009771643 -0.00708025 0.9999308 -0.009400269 -0.009657762 0.9999067 -0.009657914 -0.003558832 0.9999543 -0.008871137 -0.003657551 0.9999543 -0.008830273 -0.007253348 0.9999474 -0.00725326 -0.008872443 0.9999543 -0.00355961 -0.008904892 0.9999543 -0.003481307 -0.008831539 0.9999543 -0.003658316 0.009771481 0.9999045 -0.009771655 0.009400107 0.9999308 -0.007080414 0.009657748 0.9999067 -0.009657922 0.008870973 0.9999543 -0.003559 0.008830107 0.9999543 -0.003657723 0.007253101 0.9999474 -0.007253512 0.003559442 0.9999543 -0.008872613 0.003481139 0.9999543 -0.008905062 0.003658146 0.9999543 -0.00883171 1.04017e-08 0.9996884 -0.02496152 3.207323e-06 0.9996883 -0.02496774 -1.509492e-06 0.9996885 -0.02495636 1.543453e-06 0.9996881 -0.02497577 -0.09739298 0.06726374 0.9929704 0.09739298 -0.06726341 0.9929704 0.09739298 0.06726374 0.9929704 0.1027652 0.2776426 0.9551722 -0.1027652 0.2776426 0.9551722 -0.09739298 -0.06726341 0.9929704 -0.1027638 -0.2776439 0.955172 0.1027638 -0.2776439 0.955172 0.3808719 -0.06773894 0.9221432 -0.3808719 0.06773943 0.9221431 -0.3808719 -0.06773894 0.9221432 0.9929702 0.06726456 0.09739429 0.9929703 -0.06726439 -0.09739392 0.9929703 0.06726436 -0.09739395 0.9929702 -0.06726453 0.09739431 0.955172 -0.2776445 0.1027621 0.9551719 -0.2776445 -0.1027624 0.9221427 -0.06773855 -0.3808732 0.9551723 0.2776429 0.1027635 0.9221431 0.067739 0.3808721 -0.1374997 0.9809117 -0.1374995 -0.4924031 0.8603868 0.1314295 -0.1375 0.9809116 0.1374998 0.1374997 0.9809117 -0.1374995 0.1375 0.9809116 0.1374998 0.4924031 0.8603868 0.1314295 -0.1314304 0.8603872 0.4924023 0.1314304 0.8603872 0.4924023 -0.9929703 0.06726436 -0.09739395 -0.9929702 -0.06726453 0.09739431 -0.9929702 0.06726456 0.09739429 -0.9929703 -0.06726439 -0.09739392 -0.9221431 -0.06773869 0.3808721 -0.9221431 0.067739 0.3808721 -0.955172 -0.2776445 0.1027621 -0.9221427 0.0677386 -0.3808732 0.09739172 0.06726253 -0.9929706 -0.09739172 -0.06726286 -0.9929706 -0.09739172 0.06726253 -0.9929706 -0.1027647 0.2776432 -0.9551721 0.1027647 0.2776432 -0.9551721 0.09739172 -0.06726286 -0.9929706 0.1027633 -0.2776451 -0.9551716 -0.1027633 -0.2776451 -0.9551716 -0.3808728 -0.06773876 -0.9221428 0.3808728 0.06773863 -0.9221428 -0.1314292 -0.8603854 0.4924057 -0.3780978 -0.5383283 0.7531565 -0.465308 -0.7529786 0.4653082 -0.4924063 -0.8603852 0.1314286 -0.1375 -0.9809116 0.1375001 -0.1374997 -0.9809117 -0.1374992 -0.7531562 -0.5383289 0.3780975 -0.8093283 -0.5769745 0.1099464 -0.109948 -0.5769748 0.8093278 -0.3833469 -0.2711631 0.8829019 -0.6315714 -0.4497038 0.6315727 -0.4924061 -0.8603852 -0.1314287 -0.7055941 0.06538538 0.7055932 -0.7055941 -0.06538515 0.7055932 -0.6879977 -0.230904 0.6879989 -0.8829028 -0.2711622 0.3833454 -0.9551719 -0.2776445 -0.1027624 -0.8093282 -0.5769745 -0.1099468 -0.3781005 0.5383267 0.7531563 -0.3833475 0.2711614 0.8829021 -0.6879975 0.2309054 0.6879986 -0.6315718 0.4497029 0.6315729 -0.7531561 0.5383272 0.3781001 -0.465308 0.7529787 0.4653079 -0.1099525 0.5769774 0.8093253 -0.8829031 0.2711603 0.3833459 -0.8093259 0.5769768 -0.1099516 -0.809326 0.5769768 0.1099508 -0.4924029 0.8603868 -0.1314303 -0.9551723 0.2776429 0.1027635 -0.9551723 0.2776428 -0.1027639 -0.1314287 -0.860385 -0.4924065 -0.7531562 -0.5383293 -0.378097 -0.4653082 -0.7529779 -0.4653091 -0.3780966 -0.5383293 -0.7531564 -0.109947 -0.5769753 -0.8093276 -0.8829024 -0.2711623 -0.3833462 -0.6315708 -0.4497053 -0.6315723 -0.9221427 -0.06773855 -0.3808732 -0.7055947 0.06538451 -0.7055927 -0.6879983 -0.2309029 -0.6879987 -0.7055947 -0.06538475 -0.7055926 -0.3808728 0.06773863 -0.9221428 -0.3833475 -0.2711638 -0.8829014 0.109947 -0.5769753 -0.8093276 -0.13143 0.8603865 -0.4924036 -0.3780993 0.5383272 -0.7531565 -0.4653082 0.7529778 -0.4653093 -0.7531561 0.5383273 -0.3781 -0.3833481 0.2711615 -0.8829018 -0.1099515 0.5769774 -0.8093255 0.1099515 0.5769774 -0.8093255 -0.6315712 0.4497039 -0.6315728 -0.8829028 0.2711602 -0.3833469 -0.687998 0.2309039 -0.6879986 0.1314292 -0.8603854 0.4924057 0.4924063 -0.8603852 0.1314286 0.465308 -0.7529786 0.4653082 0.1375 -0.9809116 0.1375001 0.1374997 -0.9809117 -0.1374992 0.4924061 -0.8603852 -0.1314287 0.8093283 -0.5769745 0.1099464 0.7531562 -0.5383289 0.3780975 0.8093282 -0.5769745 -0.1099468 0.3780978 -0.5383283 0.7531565 0.8829028 -0.2711622 0.3833454 0.6315714 -0.4497038 0.6315727 0.109948 -0.5769748 0.8093278 0.9221431 -0.06773869 0.3808721 0.7055941 0.06538538 0.7055932 0.6879977 -0.230904 0.6879989 0.3833469 -0.2711631 0.8829019 0.7055941 -0.06538515 0.7055932 0.3808719 0.06773943 0.9221431 0.4924029 0.8603868 -0.1314303 0.465308 0.7529787 0.4653079 0.7531561 0.5383272 0.3781001 0.1099525 0.5769774 0.8093253 0.3781005 0.5383267 0.7531563 0.3833475 0.2711614 0.8829021 0.809326 0.5769768 0.1099508 0.8093259 0.5769768 -0.1099516 0.6315718 0.4497029 0.6315729 0.8829031 0.2711603 0.3833459 0.6879975 0.2309054 0.6879986 0.9551723 0.2776428 -0.1027639 0.1314287 -0.860385 -0.4924065 0.4653082 -0.7529779 -0.4653091 0.7531562 -0.5383293 -0.378097 0.3780966 -0.5383293 -0.7531564 0.3833475 -0.2711638 -0.8829014 0.6315708 -0.4497053 -0.6315723 0.3808728 -0.06773876 -0.9221428 0.6879983 -0.2309029 -0.6879987 0.7055947 0.06538451 -0.7055927 0.8829024 -0.2711623 -0.3833462 0.7055947 -0.06538475 -0.7055926 0.9221427 0.0677386 -0.3808732 0.13143 0.8603865 -0.4924036 0.4653082 0.7529778 -0.4653093 0.7531561 0.5383273 -0.3781 0.8829028 0.2711602 -0.3833469 0.3780993 0.5383272 -0.7531565 0.6315712 0.4497039 -0.6315728 0.3833481 0.2711615 -0.8829018 0.687998 0.2309039 -0.6879986 -0.1627204 0.4542419 0.8758918 0.1081696 0.6186858 0.7781563 -0.1056644 0.6034281 0.7903857 -0.4171488 0.6154412 0.6687443 -0.4871799 0.519939 0.7016546 0.3519675 0.9022407 0.2491599 0.0913993 0.9252454 0.3681945 0.1555561 0.4521499 0.8782726 0.397763 0.6579941 0.6393969 -0.8302983 0.2783924 -0.4828067 -0.7168733 0.5176582 -0.467036 -0.8795858 0.4509351 -0.1516122 -0.4198016 0.5114108 -0.7498171 -0.5024664 -0.2777638 -0.8187642 -0.4635393 0.2052631 -0.8619735 -0.8372542 -0.03557549 -0.5456553 -0.1117987 0.1157594 -0.9869655 -0.7555492 -0.2510109 -0.6050942 -0.4517559 -0.6808241 -0.5765372 -0.1281634 0.4438723 -0.8868774 -0.9570293 0.2637296 -0.1205885 -0.9579441 0.1267815 -0.2574287 -0.887272 0.1405498 -0.439311 0.372291 0.8531099 -0.3655174 0.07489397 0.991635 -0.1051238 0.3057546 0.9344385 -0.1825891 0.08331305 0.9453925 -0.3151062 -0.0831389 0.9454171 -0.3150785 -0.08156125 0.9916998 -0.09939488 -0.09667046 0.9149529 0.3918111 0.6458199 0.7629248 0.02936578 0.5670438 0.7573828 -0.3237787 0.768319 0.5119067 -0.3842362 -0.3834488 0.8611534 0.3337393 -0.3294342 0.9314002 -0.1548122 -0.753712 0.6369137 0.1620466 -0.7491938 0.5318215 0.3948094 -0.8895203 0.4411087 0.1190663 -0.7628761 0.5083601 0.3994872 -0.678773 0.6870043 -0.2594075 -0.9461178 0.3211108 -0.04182135 -0.929612 0.3489626 0.1185184 0.8783324 0.4520836 -0.1554113 0.6966423 0.5914811 -0.4060045 0.8287248 0.544102 -0.1310276 0.8290938 0.5500534 0.1002235 0.8878404 0.4428957 0.1248313 0.7541234 0.6005018 -0.2658862 0.6858617 0.6340296 0.3572117 -0.8695227 0.3875002 -0.3062252 -0.7679892 0.5127615 -0.3837555 -0.3717315 0.8534026 -0.3654035 -0.9180185 0.05074354 -0.3932773 0.1346114 0.2231152 -0.9654529 0.1249397 0.4429073 -0.8878194 0.1340843 -0.3869652 -0.9122934 0.3788164 0.005560759 -0.9254551 0.4352092 0.4774014 -0.7633354 -0.1392622 -0.4902811 -0.8603665 0.3948428 -0.6778321 -0.6201958 0.09517644 -0.9192603 -0.3819712 -0.1233667 -0.9112699 -0.3928966 0.6305622 0.5004758 -0.5932245 0.7376763 0.5134472 -0.4384127 0.6895069 -0.1642541 -0.7054083 0.7865152 0.2408806 -0.5686566 0.7116305 0.5185092 -0.4740572 0.4127212 0.5103998 -0.7544224 0.5464272 0.3797207 -0.7464781 0.4742964 0.5185844 0.7114163 0.7545592 0.5104082 0.4124608 -0.7728585 -0.4023181 -0.4907442 -0.5808914 -0.6743617 -0.4558524 -0.2975544 -0.9148591 -0.2729363 -0.05662061 -0.9966459 -0.0590847 0.04820322 -0.9975299 -0.05109379 0.2641347 -0.9331835 -0.2437242 0.9167396 0.05078073 -0.3962446 0.7594528 -0.4211478 -0.4958488 0.5500552 -0.7107457 -0.4384974 0.03571502 -0.9939143 -0.1042059 0.3935347 -0.8908754 0.2268733 -0.1902598 -0.8675638 0.4594935 -0.4947852 -0.8666829 -0.06362641 -0.1039097 -0.8692429 -0.4833421 0.3639238 -0.8475762 -0.3862306 0.7622199 -0.4019301 0.5074179 0.2628688 -0.5257352 0.8090133 -0.3240886 -0.4624344 0.8253005 -0.6861803 -0.5222135 0.5064086 0.9688774 0.04511177 0.2433956 0.6231192 0.001214348 0.782126 0.8681341 -0.4860596 -0.1004454 0.684405 -0.4230279 -0.5938327 0.9522709 -0.001276799 -0.3052516 -0.9001685 -0.4310072 -0.06268572 -0.6914565 -0.4813621 -0.5386821 -0.2676873 -0.4348554 -0.8597932 0.3321506 -0.5252942 -0.7834169 0.9399891 0.3411469 0.006272919 0.7484615 0.490331 0.4465208 -0.01726442 0.03230876 0.9993288 -0.6093977 0.03469743 0.7921052 0.2278782 0.4613661 0.8574456 -0.3022378 0.5203053 0.7987081 -0.9539076 0.004192795 0.3000711 -0.9098862 0.002495755 -0.4148505 -0.6790394 0.4609485 0.5713422 -0.8745133 0.4830757 -0.04317783 -0.6182195 0.06175011 -0.7835762 0.04040704 0.06550551 -0.9970338 -0.7122759 0.3457174 -0.6108539 -0.2404824 0.4767186 -0.8455221 0.5619752 -0.05852823 -0.8250808 0.1972708 0.4213822 -0.8851674 0.6812664 0.4772741 -0.5550545 0.1193704 0.8684645 0.4811654 0.5007632 0.863972 -0.05280688 0.02109571 0.9979893 -0.0597685 -0.4120532 0.8446395 0.3417547 -0.365357 0.8398288 -0.4014996 0.1193419 0.8359694 -0.5356423 -0.2426593 0.9701116 1.027863e-08 -0.1832747 0.6251009 0.7587221 -0.2007756 0.6407106 0.7410662 -0.183275 0.6251023 -0.7587209 -0.1358231 0.9907331 1.631322e-06 -0.2824667 -0.02018694 0.9590647 -0.2553877 -0.02723883 0.966455 -0.1145083 -0.01834967 0.9932528 0.1106178 0.003948406 0.9938552 -0.0376063 0.6631002 0.7475853 -0.09951894 0.9950357 -9.747957e-07 0.05090996 0.620271 -0.7827337 0.2463146 0.9691899 2.144488e-06 0.05090923 0.6202693 0.7827351 -0.1145079 -0.01834963 -0.9932528 -0.2553892 -0.02723872 -0.9664545 -0.2007753 0.6407115 -0.7410655 0.1106185 0.003949195 -0.9938551 -0.03760637 0.6630996 -0.7475859 -0.2824662 -0.0201849 -0.9590649 0.3063272 0.6105325 0.7303518 0.3063306 0.6105337 -0.7303493 0.5081184 0.8612873 4.40715e-09 -0.1917706 0.00350533 0.9814335 0.2466077 -0.6480348 -0.72058 -0.04091481 -0.6806964 -0.7314222 -0.3393851 -0.6386864 -0.6905777 0.5969669 -0.5150882 -0.6150729 0.3941061 0.6263853 -0.6725488 0.6304703 0.03001292 -0.7756329 0.9976168 0.06899785 1.465888e-07 0.5563317 0.8309603 -4.287345e-07 0.7693591 -0.6388166 -2.527844e-07 0.328975 -0.9443386 4.362716e-07 0.3941061 0.6263864 0.6725478 0.6304701 0.03001311 0.7756331 0.5969667 -0.5150883 0.6150729 0.2466074 -0.6480344 0.7205804 -0.04091587 -0.6806952 0.7314233 -0.3393836 -0.6386838 0.6905807 -0.005880316 -0.9999827 1.492627e-08 -0.3684171 -0.9296606 3.671605e-06 -0.6136811 -0.4895181 0.6194898 -0.5528608 -0.5382366 0.6361182 -0.7133027 -0.7008561 1.814125e-06 -0.7527251 -0.6583349 1.182032e-07 -0.6456633 -0.7636222 -1.082457e-06 -0.5713469 -0.5269628 0.6291843 -0.1572559 0.03291792 0.9870091 -0.502253 -0.6019766 0.6207787 0.2224916 0.6790546 0.6995587 0.3510712 0.9363488 4.074423e-06 -0.2947591 0.009004824 0.9555292 -0.5528616 -0.5382359 -0.6361181 -0.6136803 -0.4895199 -0.6194891 -0.1917694 0.003504369 -0.9814338 -0.1160282 0.7213482 -0.6827842 -0.06709437 0.9977466 -7.50675e-07 -0.1160277 0.7213474 0.6827851 -0.5114585 0.5952028 0.6197934 -0.5114565 0.5952033 -0.6197945 -0.678501 0.7345995 -1.556901e-07 0.2224908 0.6790573 -0.6995563 -0.2947635 0.009010394 -0.9555278 -0.1572527 0.03292171 -0.9870095 -0.9912405 -0.1320693 -3.965107e-06 -0.6396749 -0.1202487 -0.7591814 -0.6396748 -0.1202491 0.7591813 -0.5713449 -0.5269638 -0.6291853 -0.5022606 -0.6019747 -0.6207743 -0.5818668 -0.8132841 9.742656e-06 -0.5318911 -0.6388597 -0.5558329 -0.6000191 -0.7999857 8.54009e-07 -0.5318882 -0.6388609 0.5558342 0.242658 0.9701119 -3.200942e-07 0.1832773 0.6251035 0.7587194 0.1358233 0.9907331 2.338177e-06 0.09951978 0.9950356 7.642945e-07 0.2007751 0.6407129 0.7410643 0.2824662 -0.02018588 0.9590648 -0.0509085 0.6202656 0.7827381 0.114509 -0.01834967 0.9932527 0.2553894 -0.02724059 0.9664544 -0.2463165 0.9691895 5.938747e-06 -0.1106185 0.003948661 0.9938551 0.03760623 0.6631014 0.7475843 0.1917661 0.003508384 0.9814344 -0.3063274 0.6105319 0.7303522 -0.5081186 0.8612871 4.587968e-07 -0.05090852 0.6202718 -0.7827332 -0.3063296 0.6105308 -0.7303521 0.1917706 0.0035045 -0.9814335 0.1832751 0.6251048 -0.7587188 0.2007745 0.6407131 -0.7410643 0.1145078 -0.01834988 -0.9932529 0.2824665 -0.02018378 -0.9590648 0.2553886 -0.02723942 -0.9664547 -0.1106183 0.003950289 -0.9938551 0.03760658 0.6631014 -0.7475843 0.3393842 -0.6386863 -0.6905781 0.04091494 -0.6806965 -0.7314221 -0.2466068 -0.6480344 -0.7205807 -0.596967 -0.5150896 -0.6150717 -0.6304702 0.03001323 -0.775633 -0.3289747 -0.9443387 2.798127e-07 -0.7693594 -0.6388162 1.999916e-06 -0.3941055 0.6263862 -0.6725482 -0.9976168 0.068998 2.319567e-07 -0.5563309 0.8309609 -3.727462e-08 -0.6304706 0.03001338 0.7756327 -0.3941058 0.6263865 0.6725478 -0.5969671 -0.5150886 0.6150724 -0.246608 -0.6480353 0.7205794 0.04091674 -0.6806953 0.7314231 0.3393841 -0.6386849 0.6905795 0.005880585 -0.9999827 3.953033e-07 0.3684169 -0.9296607 2.886299e-06 0.6136798 -0.4895147 0.6194937 0.7133008 -0.700858 -2.237369e-06 0.5713477 -0.5269678 0.6291794 0.5528595 -0.5382354 0.6361203 0.1572537 0.03292048 0.9870094 0.6456624 -0.763623 8.129254e-07 0.7527272 -0.6583326 2.431244e-07 0.5022586 -0.6019772 0.6207735 0.2947568 0.009015258 0.9555298 -0.2224916 0.6790525 0.6995608 0.1160253 0.7213492 0.6827836 0.5528606 -0.5382357 -0.6361191 0.6136811 -0.4895161 -0.6194913 -0.35107 0.9363492 7.629779e-06 0.06709257 0.9977468 -1.786493e-06 0.6785021 0.7345984 -4.169111e-06 0.5114562 0.59518 -0.6198172 0.5114568 0.5951892 0.6198078 0.9912375 -0.1320916 -4.832683e-06 0.2947615 0.00901181 -0.9555284 0.1160302 0.7213501 -0.6827818 0.6396737 -0.1202682 -0.7591792 -0.2224894 0.679056 -0.699558 0.1572542 0.03291754 -0.9870094 0.5713478 -0.5269672 -0.6291799 0.5022586 -0.6019764 -0.6207743 0.5818644 -0.8132858 -3.494932e-06 0.6396743 -0.120263 0.7591796 0.5318848 -0.6388651 0.5558326 0.6000105 -0.7999921 -1.235575e-06 0.5318837 -0.6388649 -0.555834 -0.9999897 0.004545004 4.836768e-07 -0.8801893 -0.3174602 0.3528254 -0.900684 0.008565211 0.4343903 -0.8472537 0.3782618 0.3729332 -0.8907124 0.4545673 8.418687e-07 -0.8472542 0.3782607 -0.3729332 -0.9006852 0.008564652 -0.4343879 -0.8801893 -0.3174597 -0.352826 -0.9242593 -0.3817653 9.209947e-07 -0.8119134 -0.5837778 6.022548e-07 -0.7608745 -0.4204212 0.4942833 -0.6691232 0.03126223 0.7424936 -0.6691234 0.03126055 -0.7424936 -0.5664902 0.8240685 1.338078e-06 -0.5934776 0.5810899 -0.5568831 -0.7608741 -0.4204223 -0.494283 0.5635726 0.04656225 -0.8247533 0.1231352 0.6951709 -0.7082197 0.4278821 0.6540493 -0.623808 0.850459 -0.3390378 -0.4022099 0.7383922 -0.4060326 -0.5384371 0.7905071 0.02814638 -0.6118058 0.3615578 0.06161529 -0.9303115 0.9378905 -0.2310278 -0.2588197 0.9202878 0.2807701 -0.2724675 0.9476372 0.005497117 -0.3193015 0.7417962 0.4901539 -0.457698 0.3410592 0.9398724 0.01784472 0.003031272 0.9999908 -0.003035725 0.7105794 0.7033752 0.0184455 0.9404414 0.3397706 0.01121964 0.999963 0.007112052 0.004842662 0.9601903 -0.2793468 4.137626e-06 0.8760834 -0.4819517 0.01416144 0.9348879 -0.2239112 0.275406 0.9022014 0.297232 0.3125473 0.9377227 0.01620223 0.3470066 0.7440174 0.04262586 0.6667992 0.6907853 0.5046877 0.5177895 -0.4650532 0.02417938 0.8849525 -0.6390602 -0.4795935 0.6013253 -0.003378152 0.7198757 0.6940947 -0.2739708 0.68705 0.6729802 -0.2329037 0.1243024 0.9645231 -0.593477 0.5810904 0.5568833 -0.1805414 0.9835674 -2.753089e-07 0.1392573 0.9902562 1.315312e-08 0.8267692 -0.3474145 0.4424431 0.8078054 -0.5878997 0.04271138 0.6824053 -0.4028005 0.6099794 0.770643 -0.6345911 0.05833897 0.637344 -0.4267061 -0.6416499 0.5942496 -0.3853506 0.7059549 -0.2739715 0.6870488 -0.6729811 0.005232776 0.6837052 -0.7297395 -0.2859977 0.04374378 -0.9572313 -0.4583337 0.04165709 -0.8878034 0.2661122 0.9636241 -0.02475508 0.1337303 0.6489707 -0.7489681 0.1672854 0.7104392 0.6835874 0.2426975 0.9696037 -0.03108894 0.1317768 0.6500283 -0.748397 -0.1560768 0.06549001 -0.9855715 -0.06819248 0.1087185 0.9917308 -0.6840258 -0.4411269 -0.580961 -0.7688795 -0.6381721 0.03950553 -0.5100187 -0.4154577 0.7531772 -0.6181746 -0.4332617 -0.655854 -0.7591614 -0.6445078 0.09101445 0.1706901 0.6513409 0.7393375 -0.520943 -0.3869682 0.7608377 -0.06669989 0.03130418 0.9972819 -0.6240559 -0.6828067 0.3799069 -0.3578574 -0.4175628 0.8352122 0.4981258 0.04942849 0.8656948 0.3771217 0.6526441 0.6571414 0.02845306 0.691156 0.7221453 0.228435 0.1340152 0.9642911 0.5608095 -0.432106 -0.7062415 0.08276571 0.1053953 -0.9909802 0.2176867 0.07482151 -0.9731466 0.7554953 -0.6535142 0.04632532 0.6859217 -0.5891126 -0.4271508 0.2630339 -0.2191777 -0.9395607 0.5185515 -0.4316278 0.7381069 0.5445867 -0.6571852 0.5210882 0.7159321 -0.6979861 0.01602259 0.189373 0.07219922 0.9792472 0.09284285 0.004158317 0.9956721 0.186018 -0.3402636 0.9217473 -0.09336606 0.6557807 -0.7491558 -0.03641044 0.6807188 -0.7316394 -0.2141693 0.9709036 0.1071338 -0.1866926 0.9694586 0.1590467 -0.04055302 0.1296634 -0.9907284 -0.5656359 -0.3509699 -0.7462414 0.003531334 0.6526337 -0.7576653 0.01223966 0.1470724 -0.98905 -0.1982815 -0.09880658 -0.9751521 -0.6922101 -0.4595947 -0.5564332 -0.7764587 -0.6274809 0.05813419 0.06668807 -0.0940634 -0.9933301 0.06439258 0.9965554 0.05225926 -0.2775085 -0.2846371 -0.9175896 0.4650002 -0.4311837 -0.7732111 0.2055934 -0.3063836 -0.929441 -0.3281939 -0.7197928 0.6117083 -0.04100404 -0.4012305 0.9150589 -0.5861663 -0.7738878 0.2398055 -0.3831833 -0.8591689 0.3391156 -0.1838091 -0.8872405 0.4231059 -0.1386517 -0.7010562 0.6994969 0.1443899 -0.646376 0.7492327 0.1049067 -0.8862052 0.4512593 -0.757472 -0.6522659 -0.0280243 -0.6799071 -0.73291 -0.02385996 0.05633914 -0.9943471 -0.08999846 0.3094964 -0.9488257 0.06278328 -0.1127808 0.5559127 0.8235542 0.01695912 0.06891618 0.9974783 0.04476781 0.5248202 0.8500351 0.2256229 0.6400134 0.7344911 0.5328507 -0.7048697 -0.4682189 -0.2362383 -0.6753834 -0.6986048 0.2793377 -0.688918 -0.6688516 0.6789283 -0.7005376 -0.2197805 0.6148444 -0.7871678 0.048303 -0.3428808 -0.9308455 -0.1263305 -0.6592884 -0.6085711 -0.4415655 0.4485931 -0.8082791 0.3813779 0.7949826 0.6066322 -3.147574e-06 0.6197874 -0.7712927 0.1448141 0.6627105 -0.7488757 1.26251e-07 0.1038751 0.9755504 0.1936784 0.7571022 0.6381003 0.1400866 0.1062418 0.9943403 -1.676332e-07 0.6818718 0.08449182 0.7265755 0.6553348 -0.1901622 0.7310093 0.5953906 -0.587511 0.5480336 -0.02383915 -0.7045073 0.7092962 -0.03309485 -0.9801389 0.1955311 -0.0338225 -0.9994279 1.684909e-07 0.697431 0.4686417 0.5421853 0.02221247 0.2038893 0.9787419 -0.006598465 -0.1928379 0.9812084 0.07622444 0.7127071 0.697308 -0.6969923 -0.7016237 0.148074 -0.7370836 -0.6758015 1.139316e-07 -0.653715 -0.5174109 0.5522162 -0.6581488 0.1863058 0.7294726 -0.6330463 0.7606664 0.1436627 -0.6758015 0.7370836 -1.24263e-07 -0.6706869 -0.1040295 0.7344093 -0.6052001 0.5786986 0.5466633 -0.7949826 0.6066322 -3.147574e-06 -0.6197874 -0.7712927 0.1448141 -0.7571022 0.6381003 0.1400866 -0.1038751 0.9755504 0.1936784 -0.1062418 0.9943403 -1.676332e-07 0.02383915 -0.7045073 0.7092962 -0.5953906 -0.587511 0.5480336 -0.6818718 0.08449182 0.7265755 -0.6627105 -0.7488757 1.26251e-07 -0.697431 0.4686417 0.5421853 -0.6553348 -0.1901622 0.7310093 0.006598465 -0.1928379 0.9812084 -0.02221247 0.2038893 0.9787419 0.0338225 -0.9994279 1.684909e-07 0.7370836 -0.6758015 1.139316e-07 0.03309485 -0.9801389 0.1955311 0.6330463 0.7606664 0.1436627 0.6969923 -0.7016237 0.148074 0.653715 -0.5174109 0.5522162 0.6581488 0.1863058 0.7294726 0.6706869 -0.1040295 0.7344093 0.6052001 0.5786986 0.5466633 -0.07622444 0.7127071 0.697308 0.6758015 0.7370836 -1.24263e-07 0.6829583 -0.1944778 -0.7040926 0.5762725 -0.01849272 -0.8170484 0.9925523 -0.121819 -5.937701e-06 0.01826438 -0.01451795 -0.9997278 -0.0001191661 7.774243e-05 -1 -0.0001366193 3.969639e-05 -1 0.5957132 -0.3828401 -0.7060873 0.9622204 -0.2722716 -5.862797e-06 0.6829557 -0.1944768 0.7040954 0.8412531 -0.5406415 -4.608677e-06 0.5957096 -0.382839 0.7060909 0.08561841 0.04138217 -0.9954682 0.6139608 0.1863193 -0.7670315 -0.6799306 -0.1996452 -0.705575 -0.7086319 -4.371229e-07 -0.7055784 -0.9594915 -0.2817377 -3.361134e-06 -0.6799294 0.1996462 -0.705576 -0.9594924 0.2817346 -4.381652e-06 -0.5961383 0.3831153 -0.705579 -0.8412534 0.5406411 -4.580504e-06 -0.7086293 -1.390757e-07 0.705581 -1 -3.734483e-07 -4.796962e-06 -0.6799268 0.1996456 0.7055787 -0.0001418703 4.156767e-05 1 -0.6799277 -0.1996439 0.7055782 -0.5961365 0.383114 0.7055813 0.0182583 -0.01451675 0.9997279 0.6139503 0.186318 0.7670401 0.08560965 0.04137916 0.9954691 -0.00012332 7.971554e-05 1 0.576265 -0.01849434 0.8170536 0.6548595 -0.7557507 -7.022713e-06 0.463722 -0.5351628 -0.7060897 0.4637244 -0.5351671 0.7060848 -0.4640508 0.5355426 -0.7055855 -9.786836e-05 0.0001132258 -1 -0.6548622 0.7557483 -1.132223e-05 -0.4640519 0.5355441 0.7055837 -9.339958e-05 0.0001077573 1 0.4154172 -0.909631 7.885209e-06 0.2941693 -0.64414 -0.7060794 -0.2943721 0.6445874 -0.7055864 -6.46847e-05 0.0001429767 -1 -0.4154154 0.9096318 -1.134658e-05 -0.2943728 0.6445892 0.7055845 -5.936674e-05 0.0001306096 1 0.2941681 -0.6441374 0.7060822 0.1423145 -0.9898215 -6.584692e-06 0.1007757 -0.70092 -0.7060845 -2.096743e-05 0.0001416508 -1 -0.1008497 0.7014172 -0.70558 -0.1423165 0.9898212 -1.135929e-05 -0.1008499 0.7014191 0.7055782 -1.933027e-05 0.0001349949 1 0.1007784 -0.7009254 0.7060788 -0.1423149 -0.9898214 -6.56368e-06 -0.1007755 -0.70092 -0.7060846 2.065589e-05 0.0001416379 -1 0.1008479 0.701418 -0.7055795 0.1423146 0.9898215 -1.135927e-05 0.1008482 0.7014198 0.7055777 1.909459e-05 0.0001350091 1 -0.1007782 -0.7009253 0.7060789 -0.2941684 -0.6441375 0.706082 -0.4154174 -0.9096309 8.546599e-06 -0.2941703 -0.6441399 -0.706079 6.436342e-05 0.0001427155 -1 0.294378 0.644597 -0.7055752 0.4154134 0.9096328 -1.134574e-05 0.2943786 0.6445987 0.7055733 5.944448e-05 0.0001302511 1 -0.4637209 -0.5351625 -0.7060906 -0.6548599 -0.7557503 -7.591705e-06 -0.4637241 -0.5351668 0.7060853 9.686335e-05 0.0001116954 -1 0.4640572 0.5355509 -0.7055751 0.6548589 0.7557512 -1.011396e-05 0.4640581 0.5355518 0.7055738 9.266931e-05 0.0001073551 1 -0.841253 -0.5406416 -5.690936e-06 -0.5957132 -0.3828405 -0.7060871 0.0001210981 7.817724e-05 -1 0.5961409 0.3831174 -0.7055757 0.841254 0.5406402 -4.600934e-06 0.5961391 0.383116 0.705578 0.0001256351 8.037513e-05 1 -0.5957101 -0.3828396 0.7060902 -0.9594933 -0.2817313 -5.926591e-06 -0.6794418 -0.1995028 -0.706086 0.0001363381 3.941935e-05 -1 0.6799288 0.199645 -0.7055768 0.9594928 0.2817331 -4.755466e-06 0.6799263 0.1996447 0.7055793 0.0001414384 4.130507e-05 1 -0.6794392 -0.1995018 0.7060888 -1 -1.328539e-08 -5.973977e-06 -0.7081291 -4.603486e-08 -0.706083 0.7086331 -1.040173e-07 -0.7055771 0.0001409659 -4.429344e-08 -1 1 -4.671065e-13 -2.775095e-06 0.7086299 6.534471e-08 0.7055804 0.0001470018 2.439898e-07 1 -0.7081264 1.920352e-07 0.7060857 -0.6794411 0.1995015 -0.706087 -0.6794385 0.1995009 0.7060897 -0.9594929 0.2817328 -6.021627e-06 0.0001329932 -3.938507e-05 -1 0.6799291 -0.1996446 -0.7055766 0.9594915 -0.2817374 -4.660406e-06 0.6799267 -0.1996438 0.7055792 0.0001380715 -4.0539e-05 1 -0.5957102 0.3828373 0.7060913 -0.8412529 0.5406419 -6.065289e-06 -0.5957125 0.3828386 -0.7060887 0.0001207916 -7.720025e-05 -1 0.5961363 -0.3831141 -0.7055814 0.8412557 -0.5406374 -4.705944e-06 0.5961342 -0.3831124 0.7055841 0.0001252439 -7.972442e-05 1 -0.4637226 0.5351645 -0.706088 9.916505e-05 -0.000114515 -1 -0.4637207 0.5351627 0.7060906 -0.6548599 0.7557503 -6.101479e-06 0.4640527 -0.5355479 -0.7055803 0.6548627 -0.7557478 -3.462266e-06 0.4640509 -0.5355451 0.7055836 0.000102936 -0.0001185516 1 -0.4154164 0.9096314 1.208766e-05 -0.2941716 0.644146 -0.7060729 6.097725e-05 -0.0001360228 -1 0.2943756 -0.6445919 -0.7055808 0.4154165 -0.9096313 -4.784387e-06 0.2943743 -0.6445894 0.7055837 6.074786e-05 -0.0001328642 1 -0.294166 0.6441352 0.7060852 -0.142315 0.9898214 -5.281981e-06 -0.1007761 0.7009249 -0.7060797 2.208352e-05 -0.0001451141 -1 0.1008491 -0.7014145 -0.7055829 0.1423162 -0.9898212 -7.828661e-06 2.080122e-05 -0.0001433993 1 -0.1007779 0.7009225 0.7060818 0.1423156 0.9898213 -6.140784e-06 0.1007783 0.700925 -0.7060792 -2.144754e-05 -0.0001452387 -1 -0.100849 -0.7014145 -0.7055829 0.1008475 -0.701408 0.7055896 -0.1423152 -0.9898214 -7.82867e-06 -0.1008475 -0.701408 0.7055895 -2.085327e-05 -0.0001437704 1 0.1007779 0.7009225 0.7060817 0.2941658 0.6441346 0.7060857 0.415415 0.909632 -6.107199e-06 0.2941669 0.6441369 -0.7060832 -5.867271e-05 -0.0001287198 -1 -0.2943754 -0.6445933 -0.7055796 -0.4154151 -0.909632 -4.784366e-06 -0.294374 -0.6445907 0.7055825 -6.086343e-05 -0.0001332117 1 -9.35603e-05 -0.0001077192 -1 0.6548598 0.7557504 -5.532521e-06 0.4637244 0.5351668 -0.7060851 0.4637223 0.5351648 0.706088 -0.4640574 -0.535551 -0.7055748 -0.6548605 -0.7557498 -4.014783e-06 -0.4640556 -0.5355486 0.7055778 -9.698103e-05 -0.0001114415 1 0.854877 0.5188308 -5.995205e-06 0.6082345 0.3726527 -0.7008429 -0.0001162236 -7.440324e-05 -1 -0.5961358 -0.3831125 -0.7055826 -0.8412563 -0.5406365 -3.430301e-06 -0.5961334 -0.3831106 0.7055858 -0.0001210665 -7.719729e-05 1 0.6082323 0.3726514 0.7008455 0.9302909 0.3668227 -5.812053e-06 0.04225557 -0.9991068 -1.968255e-07 0.0306211 -0.6965901 0.7168156 0.02329656 -0.5521268 0.8334346 0.04404052 -0.9990297 1.684238e-07 -0.02694613 0.6860746 0.727032 -0.02355888 0.6214803 0.7830755 0.0306211 -0.6965903 -0.7168154 0.02329638 -0.5521229 -0.8334372 -0.02694609 0.6860734 -0.7270332 1 2.220441e-16 1.39891e-14 1 2.220465e-16 1.398889e-14 1 2.220354e-16 1.398906e-14 1 2.220452e-16 1.398894e-14 1 2.220466e-16 1.398876e-14 1 2.220579e-16 1.39887e-14 -0.03794915 0.9992797 -1.510479e-06 -0.02355872 0.6214756 -0.7830792 -0.03933129 0.9992262 -1.564497e-06 -0.5762725 -0.01849272 -0.8170484 -0.6829583 -0.1944778 -0.7040926 -0.9925523 -0.121819 -5.937701e-06 -0.01826438 -0.01451795 -0.9997278 0.0001366193 3.969639e-05 -1 -0.5957132 -0.3828401 -0.7060873 -0.9622204 -0.2722716 -5.862797e-06 -0.6829557 -0.1944768 0.7040954 -0.576265 -0.01849434 0.8170536 -0.8412531 -0.5406415 -4.608677e-06 -0.5957096 -0.382839 0.7060909 0.6799306 -0.1996452 -0.705575 0.7086319 -4.371229e-07 -0.7055784 0.0001191661 7.774243e-05 -1 0.6799294 0.1996462 -0.705576 0.9594915 -0.2817377 -3.361134e-06 1 -3.734483e-07 -4.796962e-06 0.9594924 0.2817346 -4.381652e-06 0.8412534 0.5406411 -4.580504e-06 0.5961383 0.3831153 -0.705579 0.7086293 -1.390757e-07 0.705581 0.6799268 0.1996456 0.7055787 0.0001418703 4.156767e-05 1 0.00012332 7.971554e-05 1 0.5961365 0.383114 0.7055813 -0.0182583 -0.01451675 0.9997279 -0.6139503 0.186318 0.7670401 -0.463722 -0.5351628 -0.7060897 -0.4637244 -0.5351671 0.7060848 0.4640508 0.5355426 -0.7055855 0.6548622 0.7557483 -1.132223e-05 0.4640519 0.5355441 0.7055837 9.786836e-05 0.0001132258 -1 -0.4154172 -0.909631 7.885209e-06 -0.6548595 -0.7557507 -7.022713e-06 0.2943721 0.6445874 -0.7055864 -0.2941693 -0.64414 -0.7060794 9.339958e-05 0.0001077573 1 0.2943728 0.6445892 0.7055845 -0.1423145 -0.9898215 -6.584692e-06 -0.2941681 -0.6441374 0.7060822 6.46847e-05 0.0001429767 -1 0.4154154 0.9096318 -1.134658e-05 0.1008497 0.7014172 -0.70558 5.936674e-05 0.0001306096 1 0.1008499 0.7014191 0.7055782 -0.1007784 -0.7009254 0.7060788 0.1423149 -0.9898214 -6.56368e-06 -0.1007757 -0.70092 -0.7060845 2.096743e-05 0.0001416508 -1 0.1007755 -0.70092 -0.7060846 -0.1008479 0.701418 -0.7055795 -2.065589e-05 0.0001416379 -1 0.1423165 0.9898212 -1.135929e-05 1.933027e-05 0.0001349949 1 -0.1008482 0.7014198 0.7055777 0.1007782 -0.7009253 0.7060789 0.2941703 -0.6441399 -0.706079 0.2941684 -0.6441375 0.706082 -0.294378 0.644597 -0.7055752 -6.436342e-05 0.0001427155 -1 -0.1423146 0.9898215 -1.135927e-05 -0.4154134 0.9096328 -1.134574e-05 -1.909459e-05 0.0001350091 1 -0.2943786 0.6445987 0.7055733 -5.944448e-05 0.0001302511 1 0.4637209 -0.5351625 -0.7060906 0.4154174 -0.9096309 8.546599e-06 0.4637241 -0.5351668 0.7060853 -0.4640572 0.5355509 -0.7055751 -9.686335e-05 0.0001116954 -1 -0.6548589 0.7557512 -1.011396e-05 -9.266931e-05 0.0001073551 1 -0.4640581 0.5355518 0.7055738 0.841253 -0.5406416 -5.690936e-06 0.6548599 -0.7557503 -7.591705e-06 -0.0001210981 7.817724e-05 -1 -0.5961409 0.3831174 -0.7055757 -0.5961391 0.383116 0.705578 -0.0001256351 8.037513e-05 1 0.5957132 -0.3828405 -0.7060871 0.9594933 -0.2817313 -5.926591e-06 0.6794418 -0.1995028 -0.706086 -0.6799288 0.199645 -0.7055768 -0.841254 0.5406402 -4.600934e-06 0.5957101 -0.3828396 0.7060902 0.6794392 -0.1995018 0.7060888 -0.0001414384 4.130507e-05 1 -0.6799263 0.1996447 0.7055793 1 -1.328539e-08 -5.973977e-06 -0.0001363381 3.941935e-05 -1 0.7081291 -4.603486e-08 -0.706083 -0.7086331 -1.040173e-07 -0.7055771 -0.9594928 0.2817331 -4.755466e-06 -0.7086299 6.534471e-08 0.7055804 0.6794385 0.1995009 0.7060897 0.7081264 1.920352e-07 0.7060857 -0.0001409659 -4.429344e-08 -1 0.6794411 0.1995015 -0.706087 -1 -4.670856e-13 -2.775095e-06 -0.0001470018 2.439898e-07 1 -0.9594915 -0.2817374 -4.660406e-06 -0.6799267 -0.1996438 0.7055792 0.9594929 0.2817328 -6.021627e-06 0.5957102 0.3828373 0.7060913 -0.0001329932 -3.938507e-05 -1 -0.6799291 -0.1996446 -0.7055766 0.5957125 0.3828386 -0.7060887 -0.0001207916 -7.720025e-05 -1 -0.8412557 -0.5406374 -4.705944e-06 -0.0001380715 -4.0539e-05 1 -0.0001252439 -7.972442e-05 1 0.8412529 0.5406419 -6.065289e-06 0.4637207 0.5351627 0.7060906 -9.916505e-05 -0.000114515 -1 0.4637226 0.5351645 -0.706088 -0.5961363 -0.3831141 -0.7055814 -0.5961342 -0.3831124 0.7055841 -0.6548627 -0.7557478 -3.462266e-06 -0.000102936 -0.0001185516 1 -0.4640509 -0.5355451 0.7055836 0.6548599 0.7557503 -6.101479e-06 -6.097725e-05 -0.0001360228 -1 0.2941716 0.644146 -0.7060729 0.4154164 0.9096314 1.208766e-05 -0.4640527 -0.5355479 -0.7055803 -0.2943756 -0.6445919 -0.7055808 -0.2943743 -0.6445894 0.7055837 -0.4154165 -0.9096313 -4.784387e-06 -6.074786e-05 -0.0001328642 1 0.294166 0.6441352 0.7060852 0.142315 0.9898214 -5.281981e-06 -2.208352e-05 -0.0001451141 -1 -0.1008491 -0.7014145 -0.7055829 -0.1008475 -0.701408 0.7055896 -0.1423162 -0.9898212 -7.828661e-06 -2.080122e-05 -0.0001433993 1 0.1007779 0.7009225 0.7060818 0.1007761 0.7009249 -0.7060797 -0.1423156 0.9898213 -6.140784e-06 2.144754e-05 -0.0001452387 -1 0.1423152 -0.9898214 -7.82867e-06 0.100849 -0.7014145 -0.7055829 2.085327e-05 -0.0001437704 1 0.1008475 -0.701408 0.7055895 -0.1007779 0.7009225 0.7060817 -0.2941669 0.6441369 -0.7060832 -0.415415 0.909632 -6.107199e-06 -0.2941658 0.6441346 0.7060857 -0.1007783 0.700925 -0.7060792 0.2943754 -0.6445933 -0.7055796 0.4154151 -0.909632 -4.784366e-06 0.294374 -0.6445907 0.7055825 5.867271e-05 -0.0001287198 -1 -0.4637223 0.5351648 0.706088 -0.4637244 0.5351668 -0.7060851 -0.6548598 0.7557504 -5.532521e-06 0.6548605 -0.7557498 -4.014783e-06 0.4640574 -0.535551 -0.7055748 6.086343e-05 -0.0001332117 1 0.4640556 -0.5355486 0.7055778 9.698103e-05 -0.0001114415 1 -0.854877 0.5188308 -5.995205e-06 9.35603e-05 -0.0001077192 -1 0.0001162236 -7.440324e-05 -1 0.5961334 -0.3831106 0.7055858 0.8412563 -0.5406365 -3.430301e-06 0.5961358 -0.3831125 -0.7055826 0.0001210665 -7.719729e-05 1 -0.6082323 0.3726514 0.7008455 -0.6082345 0.3726527 -0.7008429 -0.9302909 0.3668227 -5.812053e-06 -0.08561841 0.04138217 -0.9954682 0.6799277 -0.1996439 0.7055782 -0.08560965 0.04137916 0.9954691 -0.6139608 0.1863193 -0.7670315 -0.0306211 -0.6965901 0.7168156 -0.04225557 -0.9991068 -1.968255e-07 -0.02329656 -0.5521268 0.8334346 -0.04404052 -0.9990297 1.684238e-07 -0.0306211 -0.6965903 -0.7168154 -0.02329638 -0.5521229 -0.8334372 0.02694613 0.6860746 0.727032 0.02355888 0.6214803 0.7830755 0.02694609 0.6860734 -0.7270332 0.03794915 0.9992797 -1.510479e-06 0.02355872 0.6214756 -0.7830792 0.03933129 0.9992262 -1.564497e-06 0 1.685874e-07 1 0 1.685874e-07 1 0 1.685874e-07 1 0 1.685874e-07 1 0 1.685874e-07 1 0 1.685874e-07 1 0 1.685874e-07 1 0 1.685874e-07 1 -0.06090139 -0.1126494 0.9917667 -0.2175112 -0.1169901 0.9690213 -0.238222 -0.116122 0.9642437 0 -0.1119135 0.9937179 -0.05547121 -0.1117412 0.9921879 -0.3281793 -0.1100371 0.9381845 -0.4270539 -0.115724 0.8967903 -0.4211449 -0.1178886 0.8992993 -0.5290102 -0.1060391 0.8419643 0.8424816 -0.5288211 -0.102825 0.946782 -0.2265006 0.2286948 0.4984527 -0.8413944 0.2088073 0.2800408 -0.936512 0.2110034 0.8614875 -0.1934859 0.4694705 0.5995864 -0.6905226 0.4045673 0.8509667 0.3101596 0.4238594 0.7156219 -0.2437845 0.6545643 0.8131332 0.5077438 0.2846237 0.3882612 -0.8339018 0.3922513 0.2332283 -0.9596542 0.1570615 0.1529361 -0.9281594 0.3393092 0.8013883 0.3964061 0.4479274 0.9845429 0.1610953 -0.06872831 0.5700418 0.7123716 0.4093641 0.7278103 -0.6657755 -0.1644234 0.9267829 0.361455 -0.1020971 0.7745226 0.5815247 0.2488852 -0.8882811 -0.4297491 -0.1620879 -0.4760718 -0.87753 0.05741772 -0.7018812 -0.6689686 0.2446299 -0.9594805 0.1366273 0.2464349 -0.8037751 0.5234512 -0.2827446 -0.4651965 -0.8757866 0.1288022 -0.123378 -0.9308935 0.3438243 -0.1589334 -0.9315789 0.326957 -0.3833332 -0.8702183 0.3094767 -0.6982117 0.09465257 0.7096064 -0.8155057 -0.1780106 0.550693 -0.4195446 -0.4592889 0.7829662 -0.2226842 -0.2434976 -0.9439919 -0.6087941 -0.7226874 -0.3272501 -0.4173149 0.9063542 0.06610791 -0.9994307 -0.03371133 0.001365701 -0.4851874 0.8618522 -0.1476615 0.3387294 -0.9383021 0.06965297 0.1967064 -0.8695641 -0.4529513 0.157535 -0.9742595 -0.161249 0.163756 -0.9687472 0.1863137 0.447778 -0.8555617 0.2598251 -0.008992518 -0.8760207 -0.4821896 -0.1787606 -0.5614088 -0.8080005 -0.1038837 -0.3441155 -0.9331627 -0.02695847 -0.9671459 -0.2527887 0.03915667 -0.9457004 -0.3226724 0.3027946 -0.563249 -0.7688082 -0.1471379 -0.2145612 -0.9655641 0.3837548 0.01034552 -0.9233771 0.3664311 -0.7457819 -0.5563611 0.363987 0.269184 -0.8916577 -0.009279805 0.6014976 -0.7988207 0.06683831 0.9524703 -0.2972086 0.1055657 0.7879542 -0.6066168 -0.1093453 0.5471487 -0.8298626 0.02452653 0.8782538 -0.4775654 0.5190852 0.4789141 -0.707949 -0.07746797 0.9729999 -0.2174165 0.04640569 0.9975504 -0.05234206 0.1180444 0.9915613 0.05358819 0.6978582 -0.5166416 -0.4960598 0.642334 -0.06166734 -0.7639399 0.8748231 -0.317078 -0.3662595 0.5956359 -0.7659324 -0.242003 0.6030461 -0.7588332 -0.2459828 0.5662802 -0.8043668 -0.1797797 0.175401 -0.9502186 -0.257525 0.3929529 -0.9094243 -0.1361447 0.3927282 -0.9095004 -0.1362847 0.5956548 -0.7659154 -0.2420101 0.3929028 -0.9094494 -0.1361221 0.3929448 -0.9094281 -0.1361432 0.7915778 0.4965984 -0.3560825 0.2875874 0.8685468 -0.4036334 -0.1109702 0.9456743 -0.3055908 0.05712012 0.9803817 -0.1886503 -0.1109786 0.9456713 -0.305597 -0.1109797 0.9456699 -0.305601 0.3045176 0.9525042 0.002196322 0.5258128 0.846184 -0.08656486 0.3045872 0.952482 0.00218699 0.5258123 0.8461842 -0.08656656 0.7680052 0.6082913 -0.200374 0.9458079 -0.2517843 -0.2050661 0.4134418 0.8859109 -0.2103038 -0.2113069 -0.8198828 -0.5321106 -0.02975005 -0.9580062 -0.2851999 0.1947492 -0.9587516 -0.2070462 0.353706 -0.9350794 0.02277238 -0.02873677 0.05023071 -0.9983241 -0.1164661 -0.3053677 -0.9450853 -0.3763449 -0.6462255 -0.6638954 -0.2503342 -0.6640202 -0.7045636 -0.281438 0.2393805 -0.9292414 -0.08987328 0.5662075 -0.8193484 -0.3664361 0.7835011 -0.5018471 -0.09726291 0.8471608 -0.5223587 0.1387408 0.9648796 -0.2230658 -0.7676674 0.3935643 -0.5057607 -0.5388522 -0.2176955 -0.8137856 -0.8268607 -0.1253311 -0.5482641 -0.5965389 0.6446989 -0.4780217 -0.5748571 0.4382583 -0.6909913 -0.9411798 0.2688201 -0.204735 -0.5574034 0.8009819 -0.2184705 -0.5069669 -0.7156669 -0.4804221 -0.1827181 -0.6400431 -0.7462969 -0.8747257 -0.4599541 -0.1526344 -0.6077971 -0.7854248 -0.1170068 -0.6077991 -0.7854225 -0.1170116 -0.6087347 -0.7827025 -0.1296875 -0.5832065 -0.8062454 -0.09918933 -0.6270349 -0.7787591 0.01901532 -0.9182829 -0.3536361 -0.1780391 -0.9083441 0.4029631 -0.1119451 -0.6124883 0.6216917 -0.4882187 -0.5852207 0.6673453 -0.460616 0.1121043 -0.9212187 0.3725435 0.1867718 -0.9294114 0.3182934 0.04614976 -0.9179429 0.3940192 0.05925794 -0.9189437 0.3899114 0.2380884 -0.9442856 0.2272412 0.9325343 -0.3238711 -0.1596476 0.3596027 -0.9295396 -0.08149808 0.274493 -0.9446238 -0.1798318 0.2744832 -0.9446277 -0.1798263 0.250883 -0.9559477 -0.1523865 0.250901 -0.9559433 -0.1523848 0.450429 0.8921962 0.03315952 0.3989595 0.9147079 -0.06434922 0.3424802 0.936176 0.07925823 0.1832816 0.9416414 0.282346 0.5825436 0.7385472 0.339398 0.1924666 0.9599383 -0.2036541 0.2014155 0.9787876 0.03750571 0.3924075 -0.9097011 -0.1358689 0.2508783 -0.9559493 -0.1523843 0.2572788 -0.9555005 -0.1443139 0.3414434 -0.9373465 -0.06926675 0.3929553 -0.9094226 -0.1361493 0.372288 0.919122 0.1289044 0.4487847 0.8925919 -0.04326621 -0.08868651 -0.7029588 0.7056795 -0.004659496 -0.4306835 0.902491 -0.701047 0.5421165 0.4632955 -0.4166935 0.4537801 0.7876866 -0.4166921 0.4537811 0.7876867 -0.3254604 -0.08990023 0.9412723 -0.4026657 0.1844886 0.8965625 -0.2175521 -0.9511005 0.2192689 -0.8622287 -0.5010174 -0.07445378 -0.6208063 -0.7453762 -0.2429276 -0.6208052 -0.7453777 -0.2429259 -0.532219 -0.8463776 -0.019694 -0.4946225 -0.8325193 -0.2495199 -0.4527156 0.8916332 -0.006235975 -0.4006613 0.9130066 -0.07674258 -0.2141229 0.9456905 0.244583 -0.2063521 0.9778566 0.0348602 -0.1881696 0.9623383 -0.1962068 -0.4636813 -0.8677004 0.1791528 -0.5132312 -0.8559182 0.06322812 -0.4946226 -0.8325189 -0.2495209 -0.620806 -0.7453766 -0.2429273 -0.1702667 -0.9292914 -0.3277601 -0.356789 -0.9000462 -0.2502367 -0.1095364 -0.9902641 -0.08589934 0.0215663 -0.7570997 0.6529432 0.02154882 -0.7571071 0.6529353 0.3593967 -0.5574872 0.7483596 0.3783033 -0.02015161 0.9254623 0.4042439 -0.2298901 0.8852895 0.0546357 0.4093269 0.9107505 0.5001216 0.6139025 0.610739 0.4164229 0.6476249 0.6381018 -0.4493991 0.2077823 0.8688308 -0.3958675 0.5962998 0.6983663 0.652846 0.7571077 0.02408543 0.5034983 0.8285522 0.2449299 0.5527501 0.6676141 0.4987572 0.5001162 0.6139063 0.6107396 0.500116 0.6139044 0.6107416 -0.1978239 -0.9153351 -0.3507527 -0.1978224 -0.9153343 -0.3507554 -0.1599597 -0.7768007 -0.6090924 -0.455618 -0.8631328 -0.2177474 -0.6077958 -0.7854261 -0.1170048 -0.09453643 -0.7394721 -0.6665162 -0.1533272 -0.7511525 -0.6420753 -0.1533301 -0.7511522 -0.6420749 -0.2335208 0.9722926 0.01072653 -0.3235067 0.9451397 -0.04532413 -0.1471681 0.9618128 -0.2307763 -0.2037949 0.8194765 0.5356547 -0.3855616 0.9179638 0.09319161 -0.3831294 0.9125505 -0.1430507 -0.3831779 0.9125394 -0.1429915 -0.2592337 0.9590255 -0.1143155 -0.340071 0.9291193 -0.1452204 -0.1475001 0.8571712 -0.4934584 -0.1392796 0.9561873 -0.2575014 0.08940407 0.989044 0.117469 0.2508808 -0.9559483 -0.1523868 0.3770598 -0.9251923 -0.04295521 0.2641143 -0.9497915 -0.1677488 -0.135082 -0.7303512 0.669582 -0.02281728 -0.2791596 0.9599736 -0.3723697 0.4774419 0.795858 -0.2519359 -0.9620914 -0.104444 -0.1664841 -0.9860077 0.008473167 -0.3210605 -0.9088169 -0.2664055 -0.1042674 0.8820444 -0.4594844 -0.2483781 0.9627879 -0.106526 -0.2483786 0.9627877 -0.1065271 -0.3969179 0.9127413 0.09674469 -0.0878778 0.9879736 0.1272228 -0.3632356 0.9111061 -0.1947964 0.2547831 0.9511611 -0.1742933 0.458699 0.8677964 -0.1911142 0.5257372 0.8462178 -0.0866942 0.525814 0.8461829 -0.08656902 0.4799169 0.8747199 -0.06741596 -0.5806346 0.6862064 -0.4381601 -0.2483999 0.9627798 -0.1065481 -0.175426 0.9843949 -0.01386979 0.2248352 -0.9741951 0.01982677 -0.3225301 0.9394876 0.1154877 0.2308387 0.8398308 0.4913225 0.1224204 0.9924775 0.001323323 0.0482306 0.9672812 -0.2490799 0.3376764 -0.932441 0.128563 1.199848e-06 -0.1119148 0.9937178 9.064106e-08 -0.1119101 0.9937183 2.695862e-06 -0.1119213 0.9937171 1.978622e-10 -0.1119096 0.9937184 0 -0.1119096 0.9937184 0.01733683 0.9818811 0.1887033 0.08707488 -0.9438731 0.3186245 0.02154972 -0.7571026 0.6529404 -0.07134542 0.6856966 0.7243825 0.07134542 -0.6856963 0.7243827 0.07134542 0.6856966 0.7243825 -0.6894011 0.6657192 0.2855593 -0.2855591 0.6657191 0.6894013 -0.07134542 -0.6856963 0.7243827 0.6894011 -0.6657191 0.2855595 0.2855591 -0.6657188 0.6894015 -0.2855591 -0.6657188 0.6894015 0.7243827 0.6856963 0.07134584 0.7243827 -0.6856963 -0.07134579 0.7243827 0.6856963 -0.07134602 -0.7243827 0.6856963 0.07134584 0.6894011 0.6657192 0.2855593 -0.7243827 -0.6856963 -0.07134579 0.07134542 -0.6856966 -0.7243825 0.7243827 -0.6856963 0.07134607 0.2855591 -0.6657191 -0.6894013 0.6894011 -0.6657191 -0.2855596 0.07134542 0.6856963 -0.7243827 -0.07134542 0.6856963 -0.7243827 -0.7243827 0.6856963 -0.07134602 -0.7243827 -0.6856963 0.07134607 -0.2855591 0.6657188 -0.6894015 -0.6894011 0.665719 -0.2855598 -0.6894011 -0.6657191 0.2855595 0.6894011 0.665719 -0.2855598 0.5276449 -0.6657189 -0.527645 0.2855591 0.6657188 -0.6894015 0.5276449 0.6657187 -0.5276452 -0.5276449 0.6657187 -0.5276452 -0.6894011 -0.6657191 -0.2855596 -0.2855591 -0.6657191 -0.6894013 -0.5276449 -0.6657189 -0.527645 -0.07134542 -0.6856966 -0.7243825 -0.5276451 -0.6657187 0.527645 -0.5276451 0.6657188 0.5276448 0.2855591 0.6657191 0.6894013 0.5276451 -0.6657187 0.527645 0.5276451 0.6657188 0.5276448 0 1 -1.685874e-07 0 1 -1.685874e-07 0 1 -1.685874e-07 0 1 -1.685874e-07 2.343571e-16 1.685874e-07 1 1.691705e-15 1.685874e-07 1 1.572501e-15 1.685874e-07 1 -2.152061e-16 1.685874e-07 1 7.123128e-16 1.685874e-07 1 1.489555e-16 1.685874e-07 1 0 1 -1.685874e-07 0 1 -1.685874e-07 0 1 -1.685874e-07 0 1 -1.685874e-07 -1 0 0 -1 0 0 -1 0 0 -1 0 0 1 0 0 1 0 0 1 0 0 1 0 0 6.715732e-16 1.685874e-07 1 -3.27138e-16 1.685874e-07 1 3.27138e-16 1.685874e-07 1 1.773565e-15 1.685874e-07 1 -6.715733e-16 1.685874e-07 1 -1.773565e-15 1.685874e-07 1 -1.329777e-15 1.685874e-07 1 -6.477608e-16 1.685874e-07 1 -3.511815e-15 1.685874e-07 1 6.477608e-16 1.685874e-07 1 1.329776e-15 1.685874e-07 1 3.511815e-15 1.685874e-07 1 -2.866045e-17 1.685874e-07 1 2.152061e-16 1.685874e-07 1 4.776554e-16 1.685874e-07 1 -1.691705e-15 1.685874e-07 1 -1.874406e-15 1.685874e-07 1 -1.49153e-15 1.685874e-07 1 0 1.685874e-07 1 0 1.685874e-07 1 0 1.685874e-07 1 0 1.685874e-07 1 1 0 0 1 0 0 1 0 0 1 0 0 0 -1 1.685874e-07 0 -1 1.685874e-07 0 -1 1.685874e-07 0 -1 1.685874e-07 -1 0 0 -1 0 0 -1 0 0 -1 0 0 -9.998295e-16 1.685874e-07 1 -9.998295e-16 1.685874e-07 1 -9.998295e-16 1.685874e-07 1 6.296655e-17 1.685874e-07 1 -6.296653e-17 1.685874e-07 1 -6.296653e-17 1.685874e-07 1 -6.296653e-17 1.685874e-07 1 9.998295e-16 1.685874e-07 1 -0.7071078 -0.7071058 1.192091e-07 -0.7071078 -0.7071058 1.192091e-07 -0.7071078 -0.7071058 1.192091e-07 -0.7071078 -0.7071058 1.192091e-07 -0.7071061 0.7071075 -1.192094e-07 -0.7071061 0.7071075 -1.192094e-07 -0.7071061 0.7071075 -1.192094e-07 -0.7071061 0.7071075 -1.192094e-07 0.7071078 -0.7071058 1.192091e-07 0.7071078 -0.7071058 1.192091e-07 0.7071078 -0.7071058 1.192091e-07 0.7071078 -0.7071058 1.192091e-07 0.7071061 0.7071075 -1.192094e-07 0.7071061 0.7071075 -1.192094e-07 0.7071061 0.7071075 -1.192094e-07 0.7071061 0.7071075 -1.192094e-07 0 -1 1.685874e-07 0 -1 1.685874e-07 0 -1 1.685874e-07 0 -1 1.685874e-07 -0.06756161 -0.950943 0.3018987 -0.2021783 -0.9753129 0.08881815 -0.1095398 -0.9901931 0.08671031 -0.198099 -0.9122854 0.3584579 0.01115814 -0.9685669 0.2485027 -0.05924776 -0.8237045 0.5639154 -0.01430204 -0.9943975 0.1047337 -0.07047566 -0.9975042 -0.004298381 -0.3188692 -0.9477901 0.004051852 -0.1976573 -0.9802704 -0.001234239 0.05418407 -0.6470659 0.7605063 -0.05432533 -0.6669158 0.7431501 -0.1720977 -0.7248078 0.6671102 -0.3115825 -0.9118951 0.2671398 -0.05096039 -0.5140863 0.8562233 -0.2749895 -0.682137 0.6775469 -0.3709475 -0.6269 0.6851236 -0.4277509 -0.8634277 0.2674354 -0.1381815 -0.4629027 0.8755723 -0.2236473 -0.4498044 0.8646721 -0.4329852 -0.4428486 0.7851172 -0.450696 -0.8926514 0.006821007 -0.5729952 -0.7606485 0.3051072 -0.1605691 -0.09164098 0.9827612 -0.3092998 0.1315647 0.9418197 -0.2868303 -0.1087024 0.9517942 -0.2455149 -0.2839789 0.9268648 -0.1257513 -0.2564245 0.9583491 -0.04042608 -0.3114478 0.949403 -0.7770705 -0.6147578 0.1350347 -0.6662698 -0.5474462 0.506347 -0.7930882 -0.3149193 0.5213798 -0.6064217 -0.7951309 0.004427987 -0.9395471 -0.3120239 0.1410401 -0.7910746 -0.6117189 -0.001001856 -0.583528 -0.1585004 0.7964752 -0.9153594 -0.02099579 0.40209 -0.9746043 -0.2239318 -0.0009723142 -0.614049 0.1981375 0.7639931 -0.3993021 -0.1230906 0.9085189 -0.04739765 0.3080269 0.9501962 -0.166687 0.4638068 0.8701142 -0.1317259 0.2595852 0.9566942 -0.0513652 0.09456201 0.994193 0.04701015 0.09943478 0.993933 0.04488772 0.3178086 0.9470918 -0.05707962 0.5025614 0.8626552 -0.2565594 0.2933433 0.9209381 -0.1758667 0.1011707 0.9792014 -0.323864 0.4837992 0.8130501 -0.4594932 0.4196502 0.7827897 -0.04600282 -0.09318182 0.9945858 -0.2140952 0.9731324 0.08471487 -0.334728 0.9423081 0.003547308 -0.3204132 0.9139184 0.2491756 -0.21174 0.9105196 0.3551341 -0.1166971 0.937081 0.3290303 -0.1008311 0.9915467 0.08165912 -0.06139503 0.8197209 0.5694632 -0.01199227 0.9687128 0.2478947 -0.2117244 0.977329 -0.0008915958 -0.325913 0.7270161 0.6043413 -0.1813164 0.7280852 0.661072 0.06129195 0.8349862 0.5468467 0.01853377 0.9746871 0.2228037 -0.05977761 0.6536099 0.7544672 -0.4409798 0.8599486 0.2569536 -0.2558194 0.5792747 0.7739491 -0.8360508 0.2590755 0.4836311 -0.7753669 0.6160193 0.1390193 -0.9087542 0.3947984 0.1352776 -0.9771641 0.1116558 0.1807851 -0.6808844 0.5627457 0.4687363 -0.7837562 0.6210648 -0.002177977 -0.9579575 0.2867789 -0.008674861 -0.6134874 0.7897045 8.988066e-05 -0.427493 0.1490808 0.8916416 -0.6069877 0.7848975 0.1245065 -0.5148283 0.6912235 0.5071114 -0.4630112 0.8863451 0.003596557 0.1993243 -0.9445372 0.2609967 0.1122714 -0.9336598 0.3401097 0.09789151 -0.9920735 0.0787869 0.1982687 -0.9801457 0.00196012 0.3003052 -0.9211034 0.2477608 0.190722 -0.7205597 0.6666474 0.06128839 -0.8189109 0.5706389 0.06637404 -0.9977943 -0.001021215 0.2890104 -0.7014249 0.6515183 0.3173148 -0.9483015 0.005959864 0.2229604 -0.4606981 0.859096 0.1408777 -0.4497177 0.8819906 0.4380098 -0.8555799 0.2759175 0.450756 -0.8926219 0.006714746 0.5683199 -0.7600535 0.3151684 0.3735627 -0.5747128 0.7281182 0.03988993 -0.4453232 0.8944809 0.2450101 -0.2860916 0.9263486 0.8365898 -0.2054898 0.5078301 0.7793278 -0.6103095 0.142023 0.9246733 -0.351837 0.1455677 0.6720971 -0.543931 0.5024187 0.9801017 -0.02592904 0.1967951 0.9164644 0.09952184 0.3875416 0.7936888 -0.6083209 -0.001953171 0.600415 -0.1540374 0.7847129 0.4508198 -0.4221334 0.786489 0.4101685 -0.1178888 0.9043584 0.5996455 0.1997357 0.7749393 0.4162768 0.1538649 0.8961245 0.2951643 -0.1102851 0.9490602 0.6064875 -0.7950815 0.004280894 0.04069373 -0.09373057 0.9947656 0.08070865 -0.2551767 0.9635201 0.1654237 -0.09814668 0.9813268 0.1067453 0.967926 0.2274305 0.2149883 0.908956 0.357182 0.05810084 0.6678154 0.7420558 0.1843922 0.7272321 0.6611604 0.2121509 0.9738379 0.08143576 0.08628249 0.9962664 -0.002931734 -0.07458828 0.9972144 -0.0002282412 0.3327274 0.9072009 0.2574473 0.05383105 0.5163534 0.8546821 0.2893015 0.6875928 0.6659735 0.1478592 0.4679212 0.8713136 0.2740942 0.9616986 -0.002857105 0.2375151 0.4579441 0.8566643 0.4475908 0.4587746 0.767586 0.3868615 0.6337789 0.6698227 0.4532888 0.8524705 0.2604293 0.5883494 0.75345 0.293527 0.6118375 0.7909749 0.003684635 0.4542425 0.8908714 0.003452337 0.1687372 0.1022099 0.9803473 0.3007185 0.1301493 0.9447907 0.2592502 0.2970152 0.9190056 0.1343751 0.2625021 0.9555292 0.7711043 0.624319 0.1249957 0.7921976 0.3557382 0.4958562 0.9241771 0.3588127 0.1309585 0.6713323 0.5595865 0.4859794 0.9578647 0.2872164 -0.001421035 0.7813484 0.6240923 -0.001856695 0.9746159 -0.2236677 -0.009833621 0.06756159 -0.950943 0.3018986 0.01430203 -0.9943975 0.1047337 0.1095388 -0.9901933 0.08670914 0.2021777 -0.975313 0.08881807 0.1980986 -0.9122855 0.358458 0.07047536 -0.9975043 -0.004298282 -0.06637394 -0.9977943 -0.001021238 -0.01115812 -0.9685669 0.2485027 0.1976569 -0.9802705 -0.001234157 0.3188692 -0.9477901 0.004051852 0.3115825 -0.9118951 0.2671398 0.05924702 -0.8237045 0.5639154 0.1720973 -0.724808 0.6671101 -0.06128824 -0.8189109 0.5706389 -0.05418419 -0.647066 0.7605062 0.0543252 -0.666916 0.7431499 0.2749895 -0.682137 0.6775469 0.05096017 -0.5140862 0.8562233 0.4277509 -0.8634277 0.2674354 0.3709475 -0.6269 0.6851236 0.4329852 -0.4428486 0.7851172 0.2236473 -0.4498044 0.8646721 0.5729952 -0.7606485 0.3051072 0.450696 -0.8926514 0.006821007 0.1605689 -0.09164093 0.9827612 0.2455149 -0.2839789 0.9268648 0.2868303 -0.1087024 0.9517942 0.04600252 -0.09318181 0.9945858 0.1257509 -0.2564244 0.9583492 0.3092998 0.1315647 0.9418197 0.1758664 0.1011706 0.9792015 0.04042571 -0.3114477 0.949403 0.1381812 -0.4629027 0.8755724 -0.03988993 -0.4453232 0.8944809 0.7770705 -0.6147578 0.1350347 0.7930882 -0.3149193 0.5213798 0.6662698 -0.5474462 0.506347 0.9395471 -0.3120239 0.1410401 0.7910746 -0.6117189 -0.001001856 0.9746043 -0.2239318 -0.0009723142 0.9153594 -0.02099579 0.40209 0.583528 -0.1585004 0.7964752 0.6064217 -0.7951309 0.004427987 0.3993021 -0.1230906 0.9085189 0.614049 0.1981375 0.7639931 0.427493 0.1490808 0.8916416 0.04739749 0.308027 0.9501962 0.05136483 0.09456191 0.994193 0.1317255 0.2595851 0.9566943 -0.04488757 0.3178086 0.9470918 -0.04701017 0.09943477 0.993933 0.1666867 0.4638068 0.8701142 0.05707901 0.5025612 0.8626553 0.2565594 0.2933433 0.9209381 0.4594932 0.4196502 0.7827897 0.323864 0.4837992 0.8130501 0.2140946 0.9731325 0.08471494 0.334728 0.9423081 0.003547308 0.2117236 0.9773292 -0.0008916656 0.1166965 0.9370809 0.3290307 0.2117394 0.9105197 0.3551342 0.1008306 0.9915468 0.08165914 0.07458739 0.9972145 -0.0002283264 0.01199228 0.9687128 0.2478946 0.06139436 0.819721 0.5694631 0.3204132 0.9139184 0.2491756 0.1813158 0.7280853 0.6610721 0.325913 0.7270161 0.6043413 0.05977762 0.6536099 0.7544672 0.4409798 0.8599486 0.2569536 0.2558194 0.5792747 0.7739491 -0.06129198 0.8349862 0.5468467 -0.05810101 0.6678153 0.7420559 0.8360508 0.2590755 0.4836311 0.7753669 0.6160193 0.1390193 0.6808844 0.5627457 0.4687363 0.9771641 0.1116558 0.1807851 0.9087542 0.3947984 0.1352776 0.9579575 0.2867789 -0.008674861 0.6069877 0.7848975 0.1245065 0.5148283 0.6912235 0.5071114 -0.1993241 -0.9445372 0.2609968 -0.09789158 -0.9920735 0.07878691 -0.1122715 -0.9336597 0.3401099 -0.1982688 -0.9801457 0.001960018 -0.1907218 -0.7205598 0.6666474 -0.3003055 -0.9211031 0.2477613 -0.2890105 -0.7014244 0.6515188 -0.3173148 -0.9483015 0.005959793 -0.1408777 -0.4497179 0.8819905 -0.2229607 -0.4606988 0.8590956 -0.4380101 -0.8555796 0.2759177 -0.4507562 -0.8926219 0.006714854 -0.3735628 -0.5747134 0.7281177 -0.5683195 -0.7600539 0.3151683 -0.2450104 -0.2860916 0.9263485 -0.8365902 -0.2054903 0.5078292 -0.9164643 0.09952197 0.3875417 -0.9801018 -0.02592902 0.1967949 -0.9246734 -0.351837 0.1455676 -0.7793271 -0.6103101 0.1420243 -0.6720962 -0.5439317 0.5024192 -0.9578644 0.2872173 -0.001420686 -0.9746161 -0.2236668 -0.009834058 -0.7936888 -0.6083209 -0.001953334 -0.6064873 -0.7950817 0.004280902 -0.6004152 -0.1540381 0.7847126 -0.45082 -0.422134 0.7864886 -0.5996456 0.1997355 0.7749393 -0.4101675 -0.1178883 0.9043589 -0.2951647 -0.1102848 0.9490601 -0.4162772 0.1538645 0.8961244 -0.04069374 -0.09373057 0.9947656 -0.1654237 -0.09814654 0.9813268 -0.08070863 -0.2551767 0.9635201 -0.1687372 0.1022097 0.9803474 -0.3007186 0.1301494 0.9447907 -0.01853373 0.9746871 0.2228037 -0.2149887 0.9089558 0.3571824 -0.1843921 0.727232 0.6611604 -0.1067452 0.9679261 0.2274304 -0.0862824 0.9962664 -0.002931749 -0.2121511 0.9738378 0.08143573 -0.3327275 0.9072008 0.2574474 -0.05383093 0.5163533 0.8546821 -0.2893016 0.6875929 0.6659734 -0.1478594 0.4679215 0.8713134 -0.2740942 0.9616986 -0.002857032 -0.4542425 0.8908714 0.003452553 -0.4532888 0.8524704 0.2604294 -0.3868615 0.6337795 0.6698222 -0.4475912 0.458775 0.7675856 -0.2375153 0.4579441 0.8566643 -0.5883494 0.7534502 0.2935266 -0.6118381 0.7909744 0.003684781 -0.1343753 0.2625019 0.9555292 -0.25925 0.2970152 0.9190056 -0.7711043 0.624319 0.1249958 -0.7813484 0.6240923 -0.001856541 -0.7921976 0.3557382 0.4958562 -0.6713326 0.5595864 0.4859789 -0.924177 0.3588128 0.1309587 0.4630112 0.8863451 0.003596557 0.6134874 0.7897045 8.988066e-05 0.7837562 0.6210648 -0.002177977</float_array>
          <technique_common>
            <accessor count="3635" source="#normals-array-array" stride="3">
              <param type="float" name="X" />
              <param type="float" name="Y" />
              <param type="float" name="Z" />
            </accessor>
          </technique_common>
        </source>
        <source id="texcoords-array">
          <float_array count="7270" id="texcoords-array-array">0.8525378 0.330111 0.8564891 0.4279439 0.8255932 0.4156974 0.8173404 0.4091475 0.7732693 0.3273125 0.8524259 0.3273125 0.7731575 0.330111 0.855309 0.3271909 0.8553398 0.330111 0.8592912 0.4279439 0.8319767 0.4307425 0.8310952 0.4279439 0.7703488 0.3272268 0.7999175 0.4160904 0.769206 0.4279439 0.8086944 0.4091475 0.7945069 0.4307425 0.7690918 0.4307425 0.7946776 0.4279439 0.7703555 0.330111 0.8708572 0.4279439 0.8706955 0.4307425 0.8706955 0.4307425 0.8666287 0.330111 0.8669058 0.330111 0.8669058 0.330111 0.8708572 0.4279439 0.866518 0.3273125 0.866518 0.3273125 0.8661874 0.3271909 0.8666287 0.330111 0.8705801 0.4279439 0.8661888 0.3272268 0.754838 0.4279439 0.7549998 0.4307425 0.754838 0.4279439 0.7590665 0.330111 0.7551151 0.4279439 0.7587894 0.330111 0.7587894 0.330111 0.7595064 0.3272268 0.7591773 0.3273125 0.7591773 0.3273125 0.7595078 0.3271909 0.7590665 0.330111 0.7737153 0.3160419 0.7709122 0.3160419 0.7737252 0.3157663 0.7708147 0.3163661 0.7737252 0.3157663 0.7681854 0.3168583 0.7709122 0.3160419 0.7681854 0.3168583 0.7736838 0.3168583 0.7707764 0.3172388 0.7680736 0.3181132 0.7680354 0.3172426 0.8519799 0.3160419 0.8520114 0.3168583 0.7681958 0.3192844 0.7736318 0.3181838 0.7707506 0.3185393 0.7707008 0.3201637 0.7682372 0.320681 0.7735614 0.3199678 0.7734752 0.3221415 0.7705914 0.3221182 0.8520634 0.3181838 0.8521339 0.3199678 0.7656493 0.3181838 0.7658577 0.3192898 0.7656122 0.3185532 0.7662129 0.3201947 0.7663774 0.321306 0.7634016 0.3199678 0.7656493 0.3181838 0.7635906 0.320176 0.7634016 0.3199678 0.7640891 0.320684 0.7646908 0.321306 0.7651941 0.3218291 0.766404 0.4279439 0.7678053 0.3245578 0.7704573 0.324486 0.7676609 0.330111 0.7676324 0.3272223 0.7733766 0.3246216 0.7637094 0.4279439 0.7652819 0.3272476 0.7656449 0.3247257 0.7651772 0.330111 0.7612258 0.4279439 0.7633225 0.3272619 0.7639283 0.3248222 0.7630001 0.330111 0.7590487 0.4279439 0.7572617 0.4279439 0.7612131 0.330111 0.7680652 0.3223917 0.7661105 0.3227818 0.7646241 0.3229899 0.7616981 0.32723 0.762536 0.3247182 0.7635192 0.3227818 0.7603866 0.32719 0.7604901 0.3244779 0.761364 0.3245447 0.7601022 0.3246216 0.7601022 0.3246216 0.7615286 0.3221415 0.761886 0.3221319 0.7626225 0.322394 0.7615286 0.3221415 0.759885 0.330111 0.7559335 0.4279439 0.7940981 0.4334335 0.7689817 0.4334335 0.7661989 0.4308642 0.7660835 0.4335772 0.7934669 0.4359135 0.76888 0.4359134 0.7634543 0.430865 0.7660124 0.4359231 0.7634979 0.4356611 0.763418 0.4335104 0.7926375 0.4380872 0.7687905 0.4380872 0.7635241 0.4373711 0.7659463 0.437879 0.7916418 0.4398711 0.7687169 0.4398712 0.7612558 0.4333369 0.7610847 0.430825 0.761567 0.4352733 0.7617148 0.4367491 0.7595466 0.4332329 0.7591286 0.4307932 0.7600974 0.4350652 0.7605737 0.4362259 0.7614604 0.4378604 0.7575008 0.4308075 0.7581438 0.4333292 0.7589757 0.4352733 0.760028 0.4367491 0.7658243 0.4420131 0.7631633 0.4411968 0.7630362 0.4408162 0.7631633 0.4411968 0.7607344 0.4398712 0.7607344 0.4398712 0.7607404 0.4395157 0.7610343 0.4387707 0.7631398 0.4399418 0.7657529 0.4408124 0.7657169 0.441689 0.7586308 0.4380872 0.7586308 0.4380872 0.7588484 0.4378912 0.759379 0.4373741 0.7569333 0.4359134 0.7569333 0.4359134 0.7573034 0.4359369 0.7686618 0.4411968 0.7633624 0.4387652 0.7658474 0.4395018 0.7893094 0.4420131 0.7686274 0.4420131 0.7580531 0.4356633 0.790518 0.4411968 0.7549998 0.4307425 0.7557073 0.4334334 0.755322 0.4308282 0.7561967 0.4308326 0.7557073 0.4334335 0.7560878 0.4335691 0.7569634 0.4334972 0.7737153 0.3160419 0.8520114 0.3168583 0.8519799 0.3160419 0.7707786 0.3163661 0.7680604 0.3181132 0.7707438 0.3172426 0.7736838 0.3168583 0.7680274 0.3172388 0.7658603 0.3192844 0.7656265 0.3185393 0.7636033 0.3201637 0.7640922 0.320681 0.7619004 0.3221182 0.7736318 0.3181838 0.768188 0.3192898 0.7707325 0.3185532 0.7662129 0.3201947 0.7646908 0.321306 0.7707003 0.320176 0.7735614 0.3199678 0.8521339 0.3199678 0.8520634 0.3181838 0.7682371 0.320684 0.7663774 0.321306 0.7651941 0.3218291 0.7551151 0.4279439 0.7613634 0.3245578 0.7604936 0.324486 0.759885 0.330111 0.7603815 0.3272223 0.7616835 0.3272476 0.7559335 0.4279439 0.7625302 0.3247257 0.7612131 0.330111 0.7633102 0.3272619 0.7572617 0.4279439 0.7639253 0.3248222 0.7630001 0.330111 0.7590487 0.4279439 0.7612258 0.4279439 0.7651772 0.330111 0.7626281 0.3223917 0.7635192 0.3227818 0.7646241 0.3229899 0.7652689 0.32723 0.7656429 0.3247182 0.7661105 0.3227818 0.7703555 0.330111 0.769206 0.4279439 0.7731575 0.330111 0.7703862 0.3271909 0.7676417 0.32719 0.8524259 0.3273125 0.7732693 0.3273125 0.8525378 0.330111 0.8564891 0.4279439 0.7704899 0.3244779 0.7678191 0.3245447 0.7733766 0.3246216 0.8523186 0.3246216 0.7734752 0.3221415 0.7706084 0.3221319 0.8522201 0.3221415 0.7680727 0.322394 0.7676609 0.330111 0.7637094 0.4279439 0.766404 0.4279439 0.7686274 0.442013 0.8570334 0.4411968 0.7686618 0.4411968 0.8361798 0.4422886 0.8570678 0.442013 0.7657852 0.4408162 0.7658644 0.4395157 0.7633698 0.4387707 0.763153 0.4399418 0.7630445 0.4408124 0.7657529 0.4416889 0.763524 0.4373741 0.7687169 0.4398712 0.7659458 0.4378912 0.8569783 0.4398712 0.7687905 0.4380872 0.7659943 0.4359369 0.8568153 0.4359134 0.76888 0.4359134 0.8569047 0.4380872 0.7610321 0.4387652 0.7607272 0.4395018 0.7658243 0.442013 0.7614604 0.4378604 0.7617148 0.4367491 0.7634902 0.4356633 0.7593761 0.4373711 0.7588366 0.437879 0.760028 0.4367491 0.7605736 0.4362259 0.761567 0.4352733 0.75729 0.4359231 0.7580477 0.435661 0.7589757 0.4352733 0.7690918 0.4307425 0.7661644 0.4308282 0.7634476 0.4308326 0.7689817 0.4334334 0.8566034 0.4307425 0.7660514 0.4335691 0.7610992 0.4308075 0.7591408 0.4307932 0.7595496 0.4332329 0.757514 0.430825 0.8567135 0.4334334 0.7634053 0.4334972 0.7612584 0.4333292 0.7600974 0.4350652 0.7581489 0.4333369 0.7553205 0.4308642 0.7560836 0.4335771 0.7569629 0.4335104 0.7561992 0.4308649 0.8547829 0.3160419 0.8549166 0.3163661 0.85197 0.3157663 0.8575099 0.3168583 0.8576678 0.3172388 0.85197 0.3157663 0.8547829 0.3160419 0.8575099 0.3168583 0.8600459 0.3181838 0.8600459 0.3181838 0.8600687 0.3185393 0.8622937 0.3199678 0.8620918 0.3201637 0.861603 0.320681 0.8622937 0.3199678 0.8641667 0.3221415 0.8637948 0.3221182 0.8549514 0.3172426 0.8576348 0.3181132 0.859835 0.3192844 0.8594823 0.3201947 0.8610045 0.321306 0.8549627 0.3185532 0.8575072 0.3192898 0.8605011 0.3218291 0.854995 0.320176 0.8574581 0.320684 0.8593178 0.321306 0.8705801 0.4279439 0.8643318 0.3245578 0.8652017 0.324486 0.8658103 0.330111 0.8653138 0.3272223 0.8655931 0.3246216 0.8655931 0.3246216 0.8697618 0.4279439 0.8640117 0.3272476 0.863165 0.3247257 0.8644821 0.330111 0.862385 0.3272619 0.8684335 0.4279439 0.8617699 0.3248222 0.8626951 0.330111 0.8666465 0.4279439 0.8644693 0.4279439 0.860518 0.330111 0.8630672 0.3223917 0.8621761 0.3227818 0.8610712 0.3229899 0.8600523 0.3247182 0.8604264 0.32723 0.8641667 0.3221415 0.8595847 0.3227818 0.8580534 0.32719 0.8523186 0.3246216 0.8552053 0.3244779 0.8578761 0.3245447 0.8522201 0.3221415 0.8550868 0.3221319 0.8576224 0.322394 0.8580344 0.330111 0.8619858 0.4279439 0.8570678 0.4420131 0.8570334 0.4411968 0.8599101 0.4408162 0.8569783 0.4398712 0.8598309 0.4395157 0.8386042 0.4420131 0.8375563 0.4411968 0.8626508 0.4408124 0.8599423 0.441689 0.8623254 0.4387707 0.8597494 0.4378912 0.8364272 0.4398712 0.8569047 0.4380872 0.8621713 0.4373741 0.8352601 0.4380872 0.859701 0.4359369 0.8625319 0.4411968 0.8625422 0.4399418 0.8646631 0.4387652 0.8649608 0.4398712 0.8625319 0.4411968 0.8649681 0.4395018 0.8598709 0.442013 0.8642348 0.4378604 0.8639805 0.4367491 0.862205 0.4356633 0.8649608 0.4398712 0.8668586 0.437879 0.8663191 0.4373711 0.8656672 0.4367491 0.8651216 0.4362259 0.8641282 0.4352733 0.8670645 0.4380872 0.8670645 0.4380872 0.8684052 0.4359231 0.8687619 0.4359134 0.8676475 0.4356611 0.8667195 0.4352733 0.8566034 0.4307425 0.8595309 0.4308282 0.8329912 0.4334335 0.8567135 0.4334335 0.8622476 0.4308326 0.864596 0.4308075 0.8596438 0.4335691 0.8665544 0.4307932 0.8661456 0.4332329 0.8681812 0.430825 0.8340999 0.4359135 0.8568153 0.4359134 0.8622898 0.4334972 0.8644368 0.4333292 0.8655978 0.4350652 0.8675463 0.4333369 0.8703747 0.4308642 0.869988 0.4334335 0.8696116 0.4335772 0.869496 0.430865 0.8687323 0.4335104 0.869988 0.4334334 0.8687619 0.4359134 0.8548806 0.3163661 0.8549188 0.3172388 0.8576216 0.3181132 0.8549446 0.3185393 0.8574994 0.3192844 0.8549944 0.3201637 0.8574581 0.320681 0.8551038 0.3221182 0.8576598 0.3172426 0.8598375 0.3192898 0.8594823 0.3201947 0.8593178 0.321306 0.860083 0.3185532 0.8621047 0.320176 0.8616062 0.320684 0.8610045 0.321306 0.8605011 0.3218291 0.8553398 0.330111 0.8592912 0.4279439 0.8553464 0.3272268 0.8580344 0.330111 0.8580629 0.3272223 0.8578898 0.3245578 0.855238 0.324486 0.8619858 0.4279439 0.8604133 0.3272476 0.8600503 0.3247257 0.860518 0.330111 0.8623728 0.3272619 0.8644693 0.4279439 0.8617669 0.3248222 0.8626951 0.330111 0.8644821 0.330111 0.8666465 0.4279439 0.8684335 0.4279439 0.85763 0.3223917 0.8595847 0.3227818 0.8610712 0.3229899 0.8631592 0.3247182 0.8639971 0.32723 0.8621761 0.3227818 0.8653087 0.32719 0.8652051 0.3244779 0.8643312 0.3245447 0.8638092 0.3221319 0.8630727 0.322394 0.8658103 0.330111 0.8697618 0.4279439 0.862659 0.4408162 0.8598709 0.4420131 0.8599423 0.4408124 0.8599784 0.4416889 0.8649548 0.4395157 0.8668469 0.4378912 0.8663163 0.4373741 0.8683919 0.4359369 0.8625554 0.4399418 0.864661 0.4387707 0.8642348 0.4378604 0.8656672 0.4367491 0.8676422 0.4356633 0.8598478 0.4395018 0.8623328 0.4387652 0.8639805 0.4367491 0.8651215 0.4362259 0.8667195 0.4352733 0.8597489 0.437879 0.8596828 0.4359231 0.8621711 0.4373711 0.8621973 0.435661 0.8641282 0.4352733 0.8703732 0.4308282 0.8694985 0.4308326 0.8696075 0.4335691 0.8681945 0.4308075 0.8665667 0.4307932 0.8661486 0.4332329 0.8646106 0.430825 0.8687318 0.4334972 0.8675514 0.4333292 0.8655978 0.4350652 0.8644394 0.4333369 0.8594963 0.4308642 0.8596117 0.4335771 0.8622409 0.4308649 0.8622772 0.4335104 0.4345564 0.6507802 0.4421928 0.6507802 0.4310079 0.6465738 0.4312999 0.6478058 0.4518599 0.6643784 0.4350359 0.6465738 0.4594964 0.6643784 0.4378794 0.6478058 0.768615 0.4422887 0.7667481 0.4421043 0.768615 0.4422888 0.7680683 0.4422347 0.8570719 0.4421043 0.8570802 0.4422887 0.8570802 0.4422888 0.4270434 0.6606739 0.4948142 0.6609495 0.406349 0.6609495 0.4752903 0.6598575 0.4763381 0.6606739 0.8543981 0.4115061 0.8548558 0.4118498 0.8442824 0.4124345 0.8442851 0.4119923 0.8442772 0.411695 0.8545188 0.4112186 0.8547779 0.4115056 0.8442496 0.4115136 0.8560257 0.4115516 0.8572484 0.4110562 0.8572444 0.4110525 0.8341627 0.4122242 0.8547013 0.4114955 0.8551508 0.411196 0.8555422 0.4111896 0.8558097 0.4111941 0.8559443 0.4112149 0.8578107 0.4010381 0.8577708 0.4082891 0.8576031 0.4007999 0.8576031 0.4007999 0.8568647 0.3999062 0.856856 0.4001289 0.8566272 0.399841 0.8578877 0.4086147 0.833694 0.4126009 0.8312549 0.4119748 0.8312511 0.4119788 0.833782 0.4122508 0.8338592 0.4122352 0.8325059 0.4123864 0.8325984 0.4120435 0.8327341 0.4120131 0.8330024 0.4119895 0.8333945 0.4119681 0.8340272 0.4119459 0.8438372 0.3991829 0.8339837 0.40014 0.8438026 0.3982689 0.8333591 0.4011106 0.8537297 0.3994392 0.854425 0.400363 0.8327953 0.4003738 0.8305699 0.4092544 0.8299787 0.4020259 0.8302056 0.4017723 0.8304399 0.4095888 0.8308752 0.4008286 0.8302056 0.4017723 0.8308238 0.4091985 0.8307449 0.4107562 0.8308665 0.4010513 0.8568647 0.3999062 0.8546166 0.3829818 0.856856 0.4001289 0.8546255 0.3827587 0.8566272 0.399841 0.8438026 0.3982689 0.8346179 0.3833723 0.843262 0.3830655 0.8519061 0.3827587 0.8537297 0.3994392 0.852948 0.3827291 0.8339837 0.40014 0.8335755 0.3834167 0.8544196 0.3827291 0.8519061 0.3827587 0.8546255 0.3827587 0.843262 0.3830655 0.8432494 0.3833852 0.8538305 0.3827187 0.852948 0.3827291 0.8546166 0.3829818 0.8318909 0.3835655 0.8318822 0.3837886 0.8308752 0.4008286 0.8318822 0.3837886 0.8318909 0.3835655 0.8308665 0.4010513 0.831113 0.4007465 0.8304724 0.401692 0.8315083 0.4091384 0.857564 0.4094741 0.8441772 0.4087596 0.8337782 0.4102236 0.8337024 0.4090418 0.8333591 0.4011106 0.8438372 0.3991829 0.854425 0.400363 0.8546453 0.4082985 0.8321791 0.401334 0.8326633 0.4102628 0.8325192 0.4090834 0.8556167 0.4005021 0.8573281 0.4094383 0.8575189 0.4082511 0.8321791 0.401334 0.8317872 0.4005867 0.8311654 0.4015381 0.8304724 0.401692 0.831113 0.4007465 0.8549305 0.3995882 0.8538305 0.3827187 0.855948 0.3997293 0.8544196 0.3827291 0.8327953 0.4003738 0.8326912 0.3834689 0.8317872 0.4005867 0.8320996 0.3835212 0.8573368 0.4007386 0.855948 0.3997293 0.8566392 0.4006341 0.8556167 0.4005021 0.8549305 0.3995882 0.8311654 0.4015381 0.8558273 0.4082562 0.8566392 0.4006341 0.8317298 0.4103136 0.8573368 0.4007386 0.8566982 0.4094275 0.8568364 0.4082395 0.8346179 0.3833723 0.8320996 0.3835212 0.8326912 0.3834689 0.8335755 0.3834167 0.8314704 0.4117386 0.8312511 0.4119788 0.8570127 0.4108321 0.8572484 0.4110562 0.8569226 0.4105015 0.8576665 0.4098008 0.8442539 0.4109763 0.8338922 0.4112433 0.8442189 0.4099455 0.8329707 0.4112757 0.8322544 0.4113147 0.831098 0.4103692 0.8317688 0.4113575 0.8315724 0.4114012 0.8308601 0.4104218 0.8546081 0.4105082 0.8562437 0.4104634 0.8555288 0.4104751 0.8546525 0.4094827 0.8557663 0.4094429 0.856728 0.4104717 0.4249824 0.5171692 0.4672446 0.5531183 0.4030322 0.5552756 0.4466049 0.5171692 0.4810043 0.6510926 0.3899276 0.6510929 0.4741611 0.6585319 0.4293758 0.6585319 0.472994 0.656748 0.428252 0.6598576 0.4312009 0.6545743 0.4718339 0.6545743 0.4303715 0.656748 0.4322409 0.6494033 0.4688292 0.6466047 0.4697106 0.6494033 0.4324115 0.6466047 0.4318321 0.6520942 0.4707252 0.6520942 0.4072287 0.6581685 0.4694469 0.6627368 0.4072287 0.6627368 0.4694469 0.5678191 0.4694469 0.6581685 0.4072287 0.5678191 0.4072287 0.5632508 0.4694469 0.5632508 0.4725928 0.5678191 0.4040828 0.6581685 0.4040828 0.5678191 0.4835912 0.6581685 0.4835912 0.5678191 0.4835912 0.6581685 0.483237 0.6627368 0.483237 0.6627368 0.4835912 0.5678191 0.483237 0.5632508 0.483237 0.5632508 0.483237 0.5678191 0.483237 0.6581685 0.4072287 0.6787081 0.4072287 0.6787081 0.4694469 0.6787081 0.4040828 0.6781936 0.4040828 0.6781936 0.4694469 0.6787081 0.4725928 0.6781936 0.4072287 0.6781936 0.4694469 0.6781936 0.3930844 0.6581685 0.3934387 0.6627368 0.3934387 0.6627368 0.3930844 0.5678191 0.3930844 0.6581685 0.3930844 0.5678191 0.3934387 0.5632508 0.3934387 0.5632508 0.3934387 0.5678191 0.3934387 0.6581685 0.3934387 0.6581685 0.4694469 0.6581685 0.4072287 0.6627368 0.4694469 0.6627368 0.4072287 0.5678191 0.4072287 0.6581685 0.4694469 0.5678191 0.4694469 0.5632508 0.4072287 0.5632508 0.4040828 0.5678191 0.4725928 0.6581685 0.4072287 0.5477939 0.4040828 0.5477939 0.4072287 0.5472794 0.4072287 0.5472794 0.403982 0.5484039 0.4010931 0.5493125 0.4072287 0.5493125 0.4039954 0.5499963 0.4011646 0.551492 0.4009879 0.5500056 0.4040363 0.5522968 0.4013892 0.553436 0.4013859 0.5558538 0.4072287 0.55176 0.4040264 0.5551719 0.4072287 0.5589094 0.4039675 0.5587565 0.4072287 0.5550136 0.3985194 0.5523175 0.3984104 0.55176 0.4040828 0.5477939 0.398989 0.5534412 0.3994967 0.5547907 0.3994967 0.556591 0.3965395 0.555192 0.4010931 0.5493125 0.3961698 0.5550135 0.397324 0.5558568 0.3982568 0.556591 0.4010931 0.6581685 0.4010931 0.5678191 0.403948 0.5631043 0.4011563 0.5590131 0.4009861 0.5631238 0.3984104 0.6581685 0.3984104 0.5678191 0.3985333 0.5631832 0.3989911 0.5593392 0.3961698 0.6581685 0.3961698 0.5678191 0.3965538 0.5631688 0.3973276 0.5593345 0.3944844 0.5678191 0.3944844 0.6581685 0.3949617 0.5630833 0.3959853 0.5590011 0.3938587 0.5630549 0.3944844 0.5589094 0.3944844 0.5589094 0.3949553 0.5587538 0.3961698 0.5550135 0.3984104 0.55176 0.403982 0.6629326 0.4011646 0.6669865 0.4009879 0.6629043 0.4072287 0.6670782 0.4039954 0.6672337 0.4040363 0.6707956 0.4013892 0.6701307 0.4072287 0.670974 0.4013859 0.6725463 0.4040264 0.6736701 0.4072287 0.676675 0.4039675 0.6759819 0.4072287 0.6742275 0.3985194 0.6628187 0.398989 0.6666531 0.3994967 0.6693965 0.3994967 0.6711969 0.3982568 0.6693965 0.4010931 0.676675 0.4010931 0.676675 0.403948 0.6775837 0.4009861 0.6759914 0.4011563 0.6744955 0.3985333 0.6736907 0.3984104 0.6742275 0.3984104 0.6742275 0.3989911 0.6725516 0.3973276 0.6701337 0.3961698 0.670974 0.3961698 0.670974 0.3965538 0.6708157 0.3944844 0.6670782 0.3944844 0.6670782 0.3949617 0.6672311 0.3959853 0.6669744 0.397324 0.6666483 0.3938587 0.6628832 0.3949553 0.6628639 0.3965395 0.6628044 0.4072287 0.5477939 0.403948 0.5484039 0.4009861 0.5499963 0.4072287 0.5493125 0.4011563 0.551492 0.4039675 0.5500056 0.3985333 0.5522968 0.3989911 0.553436 0.3965538 0.5551718 0.3973276 0.5558538 0.3949617 0.5587565 0.4040264 0.5523175 0.4072287 0.55176 0.4013859 0.5534412 0.3994967 0.5547907 0.3982568 0.556591 0.4040363 0.555192 0.4072287 0.5550135 0.4013892 0.5558568 0.3994967 0.556591 0.3934387 0.5678191 0.3944844 0.6581685 0.3938587 0.5631043 0.3944844 0.5678191 0.3949553 0.5631238 0.3959853 0.5590131 0.3961698 0.6581685 0.3965395 0.5631831 0.397324 0.5593392 0.3961698 0.5678191 0.3984104 0.6581685 0.3985194 0.5631688 0.398989 0.5593345 0.3984104 0.5678191 0.4010931 0.5678191 0.4010931 0.6581685 0.4009879 0.5630833 0.4011646 0.559001 0.4040828 0.6581685 0.403982 0.5630549 0.4694469 0.5589094 0.4072287 0.5589094 0.4039954 0.5587538 0.4694469 0.5550135 0.4694469 0.55176 0.4072287 0.6781936 0.403982 0.6775837 0.4072287 0.676675 0.4039954 0.6759912 0.4011646 0.6744955 0.4009879 0.6759819 0.4040363 0.6736907 0.4013892 0.6725516 0.4013859 0.6701337 0.4072287 0.6742275 0.4040264 0.6708157 0.4694469 0.6742275 0.4694469 0.670974 0.4072287 0.670974 0.4072287 0.6670782 0.4039675 0.667231 0.4694469 0.6670782 0.3985194 0.6736701 0.398989 0.6725462 0.3994967 0.6711969 0.3994967 0.6693965 0.4011563 0.6669744 0.3965395 0.6707956 0.397324 0.6701307 0.3982568 0.6693965 0.3989911 0.6666483 0.403948 0.6628832 0.4009861 0.6628637 0.3985333 0.6628044 0.3965538 0.6628187 0.3973276 0.6666531 0.3949617 0.6629043 0.3959853 0.6669865 0.3938587 0.6629325 0.3949553 0.6672337 0.4694469 0.5477939 0.4725928 0.5477939 0.4727276 0.5484039 0.4694469 0.5472794 0.4725928 0.5477939 0.4755825 0.5493125 0.4755825 0.5493125 0.4756895 0.5499963 0.4694469 0.5493125 0.4694469 0.5472794 0.4782653 0.55176 0.4781424 0.5522968 0.4776845 0.553436 0.4782653 0.55176 0.4801219 0.5551719 0.479348 0.5558538 0.4805058 0.5550135 0.4821912 0.5589094 0.4817139 0.5587565 0.4805058 0.5550135 0.4727081 0.5500056 0.4755193 0.551492 0.4771789 0.5547907 0.4784188 0.556591 0.4726492 0.5523175 0.4752897 0.5534412 0.4726393 0.555192 0.4694469 0.55176 0.4694469 0.5550136 0.4752864 0.5558568 0.4771789 0.556591 0.483237 0.5678191 0.4821912 0.6581685 0.4828169 0.5631043 0.4806903 0.5590131 0.4821912 0.5678191 0.4817203 0.5631238 0.4805058 0.6581685 0.4801361 0.5631832 0.4793516 0.5593392 0.4805058 0.5678191 0.4781562 0.5631688 0.4782653 0.6581685 0.4776866 0.5593345 0.4782653 0.5678191 0.4755825 0.6581685 0.4755825 0.5678191 0.4756877 0.5630833 0.475511 0.5590011 0.4725928 0.6581685 0.4726937 0.5630549 0.4694469 0.5589094 0.4726802 0.5587538 0.4725928 0.6781936 0.4726937 0.6775837 0.4694469 0.676675 0.4726802 0.6759914 0.475511 0.6744955 0.4755825 0.676675 0.4694469 0.6742275 0.4726393 0.6736907 0.4752864 0.6725516 0.4726492 0.6708157 0.4694469 0.670974 0.4694469 0.6670782 0.4752897 0.6701337 0.4727081 0.6672311 0.4756877 0.6759819 0.4755825 0.676675 0.4781562 0.6736701 0.4776866 0.6725463 0.4771789 0.6711969 0.4771789 0.6693965 0.4755193 0.6669744 0.4782653 0.6742275 0.4782653 0.6742275 0.4805058 0.670974 0.4801361 0.6707956 0.4784188 0.6693965 0.4793516 0.6701307 0.4776845 0.6666483 0.4727276 0.6628832 0.4756895 0.6628639 0.4781424 0.6628044 0.4801219 0.6628187 0.479348 0.6666531 0.4817139 0.6629043 0.4806903 0.6669865 0.4828169 0.6629326 0.4821912 0.6670782 0.4817203 0.6672337 0.4694469 0.5477939 0.4726937 0.5484039 0.4694469 0.5493125 0.4726802 0.5499963 0.475511 0.551492 0.4726393 0.5522968 0.4752864 0.553436 0.4726492 0.5551718 0.4752897 0.5558538 0.4727081 0.5587565 0.4756877 0.5500056 0.4781562 0.5523175 0.4776866 0.5534412 0.4771789 0.5547907 0.4771789 0.556591 0.4801361 0.555192 0.4793516 0.5558568 0.4784188 0.556591 0.4725928 0.5678191 0.4755825 0.6581685 0.4727276 0.5631043 0.4755193 0.5590131 0.4755825 0.5678191 0.4756895 0.5631238 0.4781424 0.5631831 0.4782653 0.6581685 0.4776845 0.5593392 0.4782653 0.5678191 0.4805058 0.6581685 0.4801219 0.5631688 0.479348 0.5593345 0.4805058 0.5678191 0.4821912 0.5678191 0.4821912 0.6581685 0.4817139 0.5630833 0.4806903 0.559001 0.4828169 0.5630549 0.483237 0.6581685 0.4821912 0.5589094 0.4817203 0.5587538 0.4694469 0.6781936 0.4727276 0.6775837 0.4756895 0.6759912 0.4694469 0.676675 0.4781424 0.6736907 0.4776845 0.6725516 0.4801219 0.6708157 0.479348 0.6701337 0.4805058 0.670974 0.4821912 0.6670782 0.4817139 0.667231 0.4727081 0.6759819 0.4755193 0.6744955 0.4771789 0.6711969 0.4784188 0.6693965 0.4806903 0.6669744 0.4726492 0.6736701 0.4752897 0.6725462 0.4726393 0.6707956 0.4771789 0.6693965 0.4752864 0.6701307 0.4793516 0.6666483 0.4828169 0.6628832 0.4817203 0.6628637 0.4801361 0.6628044 0.4781562 0.6628187 0.4776866 0.6666531 0.4756877 0.6629043 0.475511 0.6669865 0.4726937 0.6629325 0.4726802 0.6672337 0.9092909 0.3262986 0.9025983 0.3229842 0.9093634 0.3202507 0.9385636 0.323187 0.9384911 0.3299996 0.9069942 0.3308793 0.8994198 0.3281429 0.9093125 0.3164719 0.9386637 0.3173678 0.8956355 0.3335071 0.8923314 0.4002199 0.8928189 0.3311955 0.9024621 0.3364854 0.8968247 0.3232921 0.8945652 0.4017042 0.9092328 0.3371174 0.909358 0.4061415 0.9010281 0.4033651 0.9042107 0.3118609 0.9026103 0.3186808 0.9032006 0.4100491 0.9022736 0.4132867 0.8973607 0.4082924 0.9092834 0.4160574 0.9072861 0.4161469 0.8946053 0.4067026 0.9092238 0.4128416 0.9521756 0.3250183 0.9453099 0.3229715 0.9453924 0.3187397 0.9545394 0.3229015 0.9550588 0.3334842 0.9432104 0.3117229 0.95066 0.3287603 0.9452222 0.3289753 0.9385304 0.4166313 0.9385305 0.4147156 0.9453895 0.4143847 0.9406791 0.4101768 0.9093906 0.4107244 0.9452221 0.4133723 0.9005998 0.4071311 0.8994304 0.4123942 0.9453099 0.40953 0.9385436 0.410304 0.9510931 0.4097977 0.95066 0.4086152 0.9550227 0.4021203 0.9532492 0.4016768 0.9511274 0.403397 0.9484731 0.4031419 0.9510299 0.3352742 0.9452443 0.3364622 0.9404014 0.4040865 0.893315 0.3229015 0.8930277 0.3968816 0.9558709 0.3938208 0.9386911 0.3371195 0.02612616 0.8775451 0.03635199 0.8064832 0.02073653 0.806358 0.01401675 0.8101332 0.01897486 0.8775587 0.01154637 0.811461 0.01640479 0.8777391 0.02884345 0.9035587 0.02131845 0.9036096 0.04037669 0.8774555 0.03037144 0.9233125 0.01936574 0.904032 0.06201063 0.8070886 0.04254095 0.9034753 0.06202789 0.8773882 0.08349858 0.8774441 0.08748667 0.806478 0.08144762 0.9034643 0.06207159 0.9034273 0.08036426 0.9232863 0.09474938 0.9035401 0.09734513 0.8775274 0.1026874 0.806351 0.1039176 0.8775442 0.1105136 0.8114576 0.1088077 0.8101271 0.1028317 0.9040259 0.1057512 0.8777327 0.1105191 0.8116658 0.08881588 0.9239964 0.09331246 0.9059885 0.1048103 0.8780538 0.1016776 0.9035938 0.1008697 0.9235172 0.08960102 0.9008995 0.103987 0.8777973 0.1103663 0.8116825 0.5098459 0.7945046 0.5102526 0.7775632 0.5120531 0.7776399 0.5258806 0.7772076 0.5079049 0.7961842 0.5242061 0.789767 0.5104986 0.7775252 0.556936 0.7775942 0.5568126 0.7911215 0.09327491 0.9233006 0.06207316 0.9232818 0.07911511 0.936422 0.04364909 0.9232937 0.03240471 0.9364169 0.04483287 0.9364248 0.03666259 0.9417504 0.06203108 0.9364288 0.04721127 0.9417544 0.0619279 0.9417602 0.07655193 0.9417543 0.09121461 0.9364125 0.08682488 0.9417501 0.08808948 0.8764942 0.05919962 0.8066235 0.09259732 0.8052792 0.1074718 0.8100188 0.101129 0.8774005 0.08706509 0.8992845 0.08102717 0.8945505 0.03065701 0.8764797 0.02659312 0.8052689 0.05905278 0.8766036 0.05913903 0.8979558 0.03758304 0.8945457 0.05937842 0.906955 0.03200398 0.8992784 0.01223284 0.8100066 0.05973312 0.9082063 0.08846559 0.9003392 0.03122331 0.9003354 0.06012081 0.9082073 0.1032327 0.8777533 0.01664132 0.8777398 0.01823263 0.8773822 0.1098374 0.8116958 0.08877568 0.9003516 0.1100667 0.8116927 0.1035075 0.8777741 0.08225723 0.9378379 0.07393791 0.9378163 0.08677794 0.9377728 0.09235178 0.9417582 0.07289188 0.9280776 0.08039454 0.9280706 0.07269342 0.9207035 0.07977146 0.9206794 0.08450226 0.9280517 0.08490662 0.9281133 0.08724727 0.9378369 0.08344282 0.9207254 0.08364765 0.9207033 0.06182159 0.9377714 0.06177621 0.9280682 0.06174971 0.9207413 0.1002345 0.9233214 0.09828423 0.9364285 0.09776579 0.9364138 0.0928777 0.9417474 0.0228156 0.9233316 0.02136366 0.9235209 0.0166803 0.8780528 0.02809067 0.9059853 0.02528392 0.9364175 0.03268948 0.9239943 0.06059201 0.9131809 0.06062217 0.9244918 0.01715149 0.8777938 0.03483142 0.9364215 0.02398328 0.9364297 0.06066452 0.9363865 0.03860371 0.9417335 0.02944766 0.9417475 0.03064673 0.9417583 0.03149952 0.9008972 0.08674927 0.9364222 0.08313359 0.9417335 0.0607626 0.9417474 0.04108566 0.937836 0.04962875 0.9378152 0.03616321 0.9377709 0.0428742 0.928065 0.03513564 0.937836 0.05058721 0.9280744 0.07775201 0.9281723 0.07937415 0.9379025 0.04253127 0.9379023 0.06086676 0.9378059 0.06091143 0.9281316 0.04422456 0.9281719 0.0374959 0.9281102 0.03840376 0.9280462 0.04344915 0.9206769 0.0452116 0.9206852 0.03876145 0.920702 0.03943293 0.9207231 0.06093596 0.9207305 0.07680275 0.9206853 0.05073321 0.920702 0.08902921 0.9003481 0.1037294 0.8777623 0.110249 0.8116906 0.06053565 0.908812 0.06040268 0.9082057 0.03180896 0.9003469 0.0171392 0.877758 0.01692398 0.8777664 0.03156053 0.9003496 0.5084242 0.7961793 0.5109428 0.7775299 0.510795 0.7775255 0.5085772 0.7961649 0.6057653 0.7775295 0.605611 0.7775255 0.5106789 0.7775253 0.5083067 0.7961853 0.5114356 0.7775419 0.5081244 0.7961848 0.6054949 0.7775255 0.08984844 0.8679966 0.06713675 0.8680238 0.08300354 0.8679786 0.04496224 0.8679954 0.05141239 0.8679786 0.0679505 0.8680346 0.04563372 0.8680164 0.08964361 0.8680187 0.07889421 0.8679968 0.056934 0.8679954 0.04964994 0.8679702 0.08597225 0.8679727 0.0109642 0.8116668 0.01081121 0.8116813 0.01069377 0.8116872 0.01051137 0.8116868 0.01029193 0.8116862 0.607862 0.7961886 0.6053147 0.7775258 0.6076797 0.7961907 0.6079793 0.7961805 0.60512 0.7775648 0.6050848 0.7945169 0.602906 0.7776442 0.6074504 0.7961938 0.5091593 0.7959591 0.5116297 0.7946312 0.5133198 0.7775551 0.5183495 0.790856 0.5187558 0.7775527 0.6003004 0.790849 0.5855572 0.7775131 0.5850996 0.790976 0.6047339 0.7775545 0.5998822 0.7775503 0.5596073 0.777859 0.5596236 0.7915866 0.6064207 0.7946252 0.60585 0.777541 0.6081321 0.7961639 0.6081265 0.7959556 0.5902103 0.7897772 0.5886022 0.7772099 0.533965 0.7909812 0.5334749 0.7775143 0.102543 0.8787362 0.1099523 0.8126385 0.107503 0.8113106 0.09540628 0.8787225 0.100799 0.8075355 0.08519308 0.8076607 0.08116473 0.878633 0.09268875 0.9047362 0.1001993 0.9047871 0.07899992 0.9046528 0.1050935 0.8789166 0.1021321 0.9052095 0.09116037 0.92449 0.098702 0.924509 0.05953731 0.8082661 0.05951668 0.8785657 0.05947216 0.9046048 0.03804208 0.8786216 0.0411752 0.9244638 0.05946954 0.9244593 0.07789095 0.9244712 0.0400926 0.9046417 0.03405742 0.8076555 0.01884659 0.8075285 0.02418609 0.8787049 0.01759882 0.8787217 0.01098336 0.8126351 0.01574557 0.8789102 0.01271029 0.8113046 0.01096018 0.8128433 0.01666878 0.8792313 0.01866476 0.9052034 0.01983885 0.9047713 0.02816446 0.907166 0.03266354 0.9251739 0.02062701 0.9246947 0.02678169 0.9047176 0.02128197 0.9244989 0.01748274 0.8789748 0.03186835 0.902077 0.6068071 0.7956821 0.6064125 0.7787407 0.6087602 0.7973617 0.6046 0.7788174 0.6061801 0.7787027 0.6085544 0.7973623 0.5924359 0.7909445 0.5907623 0.778385 0.5598187 0.792299 0.559698 0.7787717 0.02825592 0.9244781 0.0424224 0.9375995 0.05950929 0.9376063 0.07670523 0.9376023 0.0891258 0.9375944 0.07432233 0.9429319 0.0449812 0.9429318 0.05960761 0.9429377 0.0347016 0.9429276 0.03031491 0.9375899 0.03332426 0.8776717 0.03435804 0.900462 0.02029566 0.8785779 0.01395337 0.8111963 0.02881743 0.8064567 0.06220572 0.8078009 0.06235294 0.8777811 0.09075768 0.8776572 0.08383207 0.8957232 0.04038714 0.895728 0.06204204 0.9081325 0.06227149 0.8991333 0.1091941 0.811184 0.1031935 0.8785596 0.08942004 0.9004559 0.0948229 0.8064464 0.06170161 0.9093838 0.03297068 0.9015167 0.09021397 0.9015129 0.06132986 0.9093848 0.03267519 0.9015291 0.1047973 0.8789173 0.01820438 0.8789308 0.01794352 0.8789516 0.01138429 0.8128702 0.01159991 0.8128733 0.03926586 0.9390154 0.02916296 0.9429356 0.03473561 0.9389503 0.04112713 0.9292481 0.04863475 0.9292551 0.03659423 0.9292908 0.03701065 0.9292292 0.04174931 0.9218569 0.04883222 0.921881 0.03785367 0.9218808 0.03806974 0.9219029 0.04759066 0.9389938 0.05970891 0.9389489 0.0597523 0.9292457 0.02321316 0.937606 0.02375017 0.9375913 0.02862103 0.9429249 0.09623317 0.937595 0.09338729 0.9071628 0.1048003 0.8792303 0.08879076 0.9251718 0.1001344 0.9246984 0.09751515 0.9376073 0.0866506 0.937599 0.06088014 0.9143584 0.1043197 0.8789713 0.08997078 0.9020747 0.06085144 0.9256693 0.08288194 0.942911 0.08486463 0.9429279 0.09086896 0.9429358 0.06093375 0.9099895 0.06081109 0.937564 0.03473188 0.9375997 0.03835134 0.942911 0.06071766 0.9429249 0.09205209 0.942925 0.08043809 0.9390135 0.08535106 0.9389484 0.07190014 0.9389926 0.07864802 0.9292425 0.08636536 0.9390135 0.08310987 0.9292237 0.07093979 0.9292519 0.03425296 0.9390144 0.04373877 0.9293498 0.04211481 0.9390799 0.06061842 0.9389834 0.07895832 0.9390798 0.07726671 0.9293494 0.06057586 0.929309 0.07807221 0.9218544 0.08208035 0.9219006 0.08400573 0.9292878 0.08274053 0.9218795 0.07628073 0.9218627 0.06055258 0.921908 0.04468907 0.9218628 0.05977775 0.9219187 0.07079281 0.9218795 0.01773311 0.8789397 0.03243355 0.9015256 0.01110344 0.81286 0.01121332 0.8128681 0.06106038 0.9093832 0.08965476 0.9015244 0.1043248 0.8789355 0.08989124 0.901527 0.1045285 0.8789439 0.6082733 0.7973567 0.6057643 0.7787074 0.6081299 0.7973424 0.6059026 0.778703 0.6052892 0.7787194 0.6075653 0.7971365 0.51094 0.778707 0.6083834 0.7973627 0.6060113 0.7787028 0.5110847 0.778703 0.06597854 0.869212 0.08828114 0.8691939 0.0769936 0.8691728 0.06675337 0.8692013 0.04427053 0.8691962 0.08894132 0.8691728 0.04405446 0.8691741 0.05088986 0.8691561 0.05503301 0.8691744 0.0479501 0.8691502 0.08248152 0.869156 0.084273 0.8691477 0.1106603 0.8128587 0.1105169 0.8128443 0.5113622 0.7787033 0.5111935 0.7787031 0.1111472 0.8128637 0.1109414 0.8128642 0.1107704 0.8128647 0.5088263 0.7973661 0.5089973 0.7973682 0.5280395 0.7783874 0.5115434 0.7787423 0.5092129 0.7973713 0.5087164 0.797358 0.5137454 0.7788217 0.5115663 0.7956944 0.5571663 0.7790365 0.603426 0.7787326 0.605116 0.7958087 0.5832955 0.7786918 0.5980055 0.7787302 0.5164596 0.7920265 0.5316704 0.7921535 0.5312123 0.7786906 0.5168777 0.7787278 0.5120101 0.7787321 0.5103233 0.7958027 0.5571503 0.7927641 0.510873 0.7787185 0.5085964 0.7971331 0.5085732 0.7973413 0.5264304 0.7909547 0.5828061 0.7921587 0.598412 0.7920335 0.4033007 0.6162105 0.3976422 0.5871261 0.4039699 0.6163535 0.4127927 0.6416315 0.4118855 0.6427249 0.3974983 0.5868853 0.3981099 0.5825806 0.3982626 0.5675923 0.4036685 0.6163262 0.3986712 0.5668297 0.3951348 0.5668851 0.4077233 0.5702232 0.4093469 0.5790384 0.4116429 0.6416315 0.4120082 0.6363409 0.4069262 0.615815 0.4014988 0.587284 0.423029 0.6523143 0.421139 0.6538973 0.4201041 0.6523603 0.4157646 0.6164098 0.4188797 0.6416315 0.4117147 0.5872195 0.408007 0.5669687 0.4300855 0.6166691 0.4312767 0.6427249 0.4475216 0.5937693 0.4274948 0.5867192 0.4479181 0.6172442 0.431314 0.5830597 0.4177875 0.5680121 0.4594981 0.6363409 0.4618658 0.6173351 0.4594981 0.5989671 0.4478497 0.6416315 0.4319036 0.6538973 0.4483827 0.6523604 0.4625097 0.6416315 0.4676248 0.617419 0.4624287 0.5945601 0.4481065 0.5866274 0.4674192 0.6166639 0.463315 0.6427249 0.4636523 0.6414837 0.462667 0.5941344 0.4681507 0.6174988 0.4618441 0.5925719 0.448359 0.5847297 0.4479637 0.5874891 0.4483692 0.5775422 0.4512957 0.6522996 0.4524954 0.6412105 0.4634316 0.6327943 0.451626 0.6156243 0.4619506 0.6118577 0.4665427 0.611791 0.4655124 0.6035329 0.4612002 0.5843772 0.4563571 0.5671393 0.4631362 0.5839232 0.4310382 0.6121159 0.4321385 0.5811922 0.4352072 0.6037013 0.4147922 0.5869397 0.4405022 0.6125602 0.437454 0.6391499 0.4195153 0.6159284 0.4085295 0.6158478 0.4026029 0.5875468 0.4218162 0.5683796 0.4247234 0.5713516 0.4334314 0.5824901 0.4385698 0.5670879 0.4352949 0.5836704 0.423426 0.6413582 0.414381 0.6363409 0.4359344 0.6537128 0.4107532 0.5676768 0.4267918 0.5864496 0.4195808 0.5734922 0.4093469 0.5790384 0.4486176 0.5664849 0.4407578 0.5668864 0.4332255 0.6554933 0.4493958 0.6538973 0.4218792 0.5560375 0.4180351 0.5430272 0.4175538 0.5567355 0.4188519 0.5548737 0.4220298 0.5428069 0.4096324 0.5344307 0.4084995 0.5428069 0.4078041 0.5560375 0.4187285 0.5427946 0.417519 0.5357802 0.4193595 0.5344307 0.4171944 0.5357802 0.4089941 0.5543306 0.4091247 0.5425935 0.4101224 0.5315991 0.4098517 0.5344307 0.4066037 0.552753 0.4076373 0.5402688 0.3979969 0.5526756 0.4152104 0.5532963 0.4164003 0.5404783 0.4092797 0.5315836 0.3988129 0.5404006 0.3947695 0.5527533 0.4015677 0.5330194 0.41978 0.540482 0.4163698 0.5330194 0.4184969 0.5315836 0.4099323 0.5285705 0.4000625 0.5315836 0.4177009 0.572698 0.4213786 0.5706489 0.3996128 0.5676511 0.3985254 0.5683866 0.3952852 0.5677012 0.4015677 0.5330197 0.4163698 0.5330194 0.4092797 0.5315836 0.3954945 0.5402688 0.4076373 0.540482 0.3988129 0.5404783 0.4164003 0.540711 0.3979969 0.5532963 0.4152104 0.5551582 0.4066037 0.55446 0.418438 0.55446 0.4017109 0.5357802 0.4001248 0.5344307 0.4018192 0.5357802 0.3955945 0.5425935 0.398379 0.5548737 0.3990923 0.5427946 0.394919 0.5543306 0.3993211 0.542717 0.3988117 0.554253 0.4593176 0.5858929 0.449741 0.5869569 0.4561755 0.5675626 0.4399846 0.5858929 0.4488238 0.567555 0.4589015 0.5671512 0.4414495 0.5675626 0.4439653 0.5593522 0.4439653 0.5593522 0.4486926 0.5579254 0.4432867 0.5579254 0.4486927 0.5549313 0.4486926 0.5579254 0.45342 0.5593522 0.4540987 0.5579254 0.45342 0.5593522 0.4085745 0.571012 0.4782694 0.6162105 0.4776002 0.6163535 0.4839279 0.5871261 0.4687773 0.6416315 0.4834604 0.5825806 0.4840719 0.5868853 0.4779017 0.6163262 0.4833075 0.5675923 0.4864354 0.5668851 0.4828991 0.5668297 0.4696846 0.6427249 0.4800715 0.587284 0.4746438 0.615815 0.4738467 0.5702232 0.4735632 0.5669687 0.4698555 0.5872195 0.4658054 0.6164098 0.469562 0.6363409 0.4699271 0.6416315 0.4626905 0.6416315 0.4614659 0.6523604 0.4604312 0.6538973 0.458541 0.6523143 0.4514845 0.6166691 0.4340484 0.5937693 0.433652 0.6172442 0.4540754 0.5867192 0.4502562 0.5830597 0.4334638 0.5866274 0.4220721 0.5989671 0.4197044 0.6173351 0.4502935 0.6427249 0.4191414 0.5945601 0.4220721 0.6363409 0.4190605 0.6416315 0.4331874 0.6523604 0.4337204 0.6416315 0.4139455 0.617419 0.4496665 0.6538973 0.4141508 0.6166638 0.4134194 0.6174988 0.4189031 0.5941344 0.4197261 0.5925719 0.4182551 0.6427249 0.4332112 0.5847298 0.433201 0.5775422 0.4203699 0.5843772 0.4150275 0.611791 0.4160577 0.6035329 0.4196196 0.6118577 0.4181385 0.6327943 0.418434 0.5839235 0.4252131 0.5671392 0.4179179 0.6414837 0.4299442 0.6156243 0.4290746 0.6412107 0.4302746 0.6522996 0.450532 0.6121159 0.466778 0.5869397 0.4620548 0.6159284 0.4410679 0.6125602 0.4463629 0.6037013 0.4494318 0.5811922 0.4597541 0.5683796 0.470817 0.5676768 0.4789673 0.5875468 0.4730408 0.6158478 0.4671891 0.6363409 0.4441162 0.6391499 0.4462754 0.5836704 0.4430006 0.5670879 0.4408124 0.5668865 0.4568468 0.5713513 0.4819573 0.5676511 0.4581441 0.6413582 0.4456357 0.6537128 0.4336067 0.5874891 0.4481387 0.5824901 0.4547784 0.5864496 0.4722231 0.5790384 0.4619893 0.5734922 0.4638693 0.572698 0.4329526 0.5664849 0.4483447 0.6554933 0.4321745 0.6538973 0.4596908 0.5560375 0.4635352 0.5430272 0.4595405 0.5428069 0.4640163 0.5567355 0.4719377 0.5344307 0.4643756 0.5357802 0.4622108 0.5344307 0.4640511 0.5357802 0.4627183 0.5548737 0.4730704 0.5428069 0.4714478 0.5315991 0.4628415 0.5427944 0.472576 0.5543306 0.4717185 0.5344307 0.4724455 0.5425935 0.4637826 0.5680121 0.4749665 0.552753 0.4835733 0.5526756 0.4739329 0.5402688 0.4868007 0.5527533 0.4827572 0.5404006 0.4663597 0.5532963 0.4800024 0.5330194 0.4722905 0.5315836 0.4860757 0.5402688 0.46517 0.5404783 0.4652004 0.5330194 0.4716377 0.5285705 0.4630734 0.5315836 0.4617902 0.540482 0.4601915 0.5706489 0.4862848 0.5677012 0.4830447 0.5683866 0.4815077 0.5315836 0.4800024 0.5330194 0.4722905 0.5315836 0.4652004 0.5330194 0.4827572 0.5404783 0.4739329 0.540482 0.46517 0.540711 0.4749666 0.55446 0.4663597 0.5551582 0.4835733 0.5532963 0.4631321 0.55446 0.4797511 0.5357802 0.4798593 0.5357802 0.4814455 0.5344307 0.482478 0.5427944 0.4859755 0.5425935 0.482249 0.542717 0.4737663 0.5560375 0.483191 0.5548737 0.4866512 0.5543306 0.4827583 0.554253 0.4318293 0.5869569 0.4222525 0.5858929 0.4253947 0.5675626 0.4327466 0.567555 0.4415857 0.5858929 0.4401205 0.5675626 0.4226687 0.5671512 0.4376049 0.5593522 0.4382835 0.5579254 0.4376049 0.5593522 0.4328775 0.5549313 0.4328775 0.5579254 0.4328775 0.5579254 0.4281501 0.5593522 0.4274715 0.5579254 0.4281501 0.5593522 0.4729957 0.571012 0.4722231 0.5790384 0.4229583 0.637954 0.4243 0.6316999 0.4273169 0.6380728 0.416105 0.6283391 0.4104767 0.6211058 0.4236178 0.6324049 0.4225973 0.6285304 0.4285865 0.6451872 0.4208745 0.6296868 0.4171752 0.6240188 0.4091335 0.6112273 0.4083929 0.6128386 0.4329452 0.645306 0.4360993 0.649253 0.4129589 0.6052126 0.4751875 0.5835611 0.4254405 0.6220608 0.4133021 0.6055474 0.4630494 0.5670477 0.4627061 0.5667129 0.4788193 0.5883347 0.4290721 0.6268346 0.4695824 0.5644454 0.4712471 0.5641954 0.4837285 0.5810435 0.4230476 0.6180277 0.4671665 0.5722948 0.4174194 0.6107946 0.428527 0.6251136 0.4782742 0.5866138 0.4727947 0.579528 0.4744011 0.5681425 0.4830463 0.5817485 0.4800294 0.5753755 0.484749 0.584918 0.4842986 0.5954206 0.4912413 0.5851093 0.4901711 0.5894296 0.4843881 0.5754943 0.4968696 0.5923424 0.4957994 0.5966627 0.4787598 0.5682611 0.4345515 0.6339204 0.4115469 0.6167856 0.4982127 0.6022211 0.4864718 0.5837616 0.4989533 0.6006097 0.4229583 0.637954 0.4104767 0.6211058 0.416105 0.6283391 0.4285865 0.6451872 0.4273169 0.6380728 0.4243 0.6316999 0.4208745 0.6296868 0.4083929 0.6128386 0.4171752 0.6240188 0.4091335 0.6112273 0.4115469 0.6167856 0.4225973 0.6285304 0.4236178 0.6324049 0.4360993 0.649253 0.4329452 0.645306 0.4129589 0.6052126 0.4254405 0.6220608 0.4751875 0.5835611 0.4627061 0.5667129 0.4630494 0.5670477 0.4133021 0.6055474 0.4788193 0.5883347 0.4712471 0.5641954 0.4695824 0.5644454 0.4837285 0.5810435 0.4174194 0.6107946 0.4671665 0.5722948 0.4230476 0.6180277 0.4744011 0.5681425 0.4782742 0.5866138 0.428527 0.6251136 0.4727947 0.579528 0.4800294 0.5753755 0.4830463 0.5817485 0.484749 0.584918 0.4901711 0.5894296 0.4912413 0.5851093 0.4968696 0.5923424 0.4787598 0.5682611 0.4843881 0.5754943 0.4842986 0.5954206 0.4345515 0.6339204 0.4290721 0.6268346 0.4957994 0.5966627 0.4982127 0.6022211 0.4864718 0.5837616 0.4989533 0.6006097 0.8589472 0.4421043 0.8576271 0.4422347 0.822461 0.4405262 0.8225719 0.4405262 0.8224335 0.4405235 0.8225437 0.4405289 0.8229072 0.4405273 0.8244601 0.4418595 0.8284522 0.4445451 0.8284103 0.444527 0.8285199 0.444607 0.8242134 0.4405262 0.8243243 0.4405262 0.8243127 0.4405235 0.8242968 0.4405289 0.8243129 0.4405273 0.8257305 0.4418581 0.8285891 0.4445451 0.8285412 0.4445014 0.8285299 0.4445195 0.7895154 0.4422887 0.7686233 0.4421043 0.7734008 0.4422347 0.8522957 0.4422346 0.5210564 0.944909 0.6066235 0.7837182 0.6066235 0.944909 0.6066235 0.9594758 0.5210564 0.9594758 0.5210564 0.7837182 0.5210564 0.7748722 0.6066235 0.7748722 0.6082707 0.7837182 0.5194091 0.944909 0.5194091 0.7837182 0.6109279 0.944909 0.6109279 0.7837182 0.6109279 0.944909 0.6109279 0.7837182 0.6106002 0.7748722 0.6106002 0.7748722 0.6106002 0.7837182 0.6106002 0.9594758 0.6106002 0.944909 0.5210564 0.982975 0.5194091 0.9800772 0.5210564 0.982975 0.6066235 0.982975 0.6066235 0.982975 0.6082707 0.9800772 0.5210564 0.9800772 0.6066235 0.9800772 0.5167519 0.944909 0.5167519 0.7837182 0.5167519 0.944909 0.5167519 0.7837182 0.5170796 0.7837182 0.5170796 0.944909 0.5170796 0.7748722 0.5170796 0.944909 0.6066235 0.944909 0.5210564 0.7837182 0.5210564 0.944909 0.5210564 0.9594758 0.6066235 0.9594758 0.6066235 0.7837182 0.6066235 0.7748722 0.5210564 0.7748722 0.5194091 0.7837182 0.6082707 0.944909 0.5210564 0.7623618 0.5194535 0.7685481 0.5193678 0.7644852 0.5194091 0.7623618 0.5210564 0.760602 0.5210564 0.760602 0.5182316 0.7685481 0.5180126 0.7673728 0.5210564 0.7673728 0.5193678 0.7746502 0.5185712 0.770372 0.5194091 0.7623618 0.5180126 0.944909 0.5180126 0.7837182 0.5182316 0.7751104 0.517475 0.7746502 0.5170796 0.7748722 0.5180126 0.7673728 0.5194535 0.9698899 0.5193678 0.9598413 0.5182316 0.9590836 0.5185712 0.9668863 0.5182316 0.9698899 0.5193678 0.9765807 0.5210564 0.9718257 0.517475 0.9598413 0.5180126 0.9718257 0.5180126 0.9718257 0.5194091 0.9800772 0.5170796 0.9594758 0.5170796 0.9594758 0.5210564 0.7623618 0.5182316 0.7685481 0.5193678 0.7644852 0.5194535 0.7685481 0.5210564 0.7673728 0.517475 0.7746502 0.5185712 0.770372 0.5170796 0.7837182 0.5180126 0.944909 0.5182316 0.7751104 0.5180126 0.7837182 0.5194091 0.944909 0.5193678 0.7746502 0.6066235 0.7673728 0.5210564 0.9800772 0.5194535 0.9698899 0.5193678 0.9765807 0.5182316 0.9698899 0.5193678 0.9598413 0.5210564 0.9718257 0.6066235 0.9718257 0.5185712 0.9668863 0.517475 0.9598413 0.5182316 0.9590836 0.6066235 0.7623618 0.6082707 0.7623618 0.608312 0.7644852 0.6066235 0.760602 0.6066235 0.760602 0.6082707 0.7623618 0.6096672 0.7673728 0.6094483 0.7685481 0.6096672 0.7673728 0.6082263 0.7685481 0.6102048 0.7746502 0.6091086 0.770372 0.6066235 0.7673728 0.6106002 0.7837182 0.6096672 0.944909 0.6094483 0.7751104 0.608312 0.7746502 0.6096672 0.7837182 0.6082707 0.944909 0.6082707 0.9800772 0.608312 0.9765807 0.6094483 0.9698899 0.6066235 0.9718257 0.6082263 0.9698899 0.608312 0.9598413 0.6096672 0.9718257 0.6096672 0.9718257 0.6091086 0.9668863 0.6102048 0.9598413 0.6094483 0.9590836 0.6106002 0.9594758 0.6066235 0.7623618 0.608312 0.7644852 0.6094483 0.7685481 0.6082263 0.7685481 0.608312 0.7746502 0.6091086 0.770372 0.6082707 0.7837182 0.6094483 0.7751104 0.6096672 0.944909 0.6102048 0.7746502 0.6096672 0.7837182 0.6106002 0.944909 0.6066235 0.9800772 0.608312 0.9765807 0.6094483 0.9698899 0.6102048 0.9598413 0.6082263 0.9698899 0.6091086 0.9668863 0.608312 0.9598413 0.6094483 0.9590836 0.7690187 0.2847567 0.8446175 0.3991219 0.7927117 0.3991219 0.7904758 0.3991219 0.7667805 0.2847567 0.8212965 0.476876 0.8189771 0.4776493 0.8683149 0.2847567 0.8469115 0.3991219 0.7888402 0.3991219 0.7651432 0.2847567 0.7645423 0.2847567 0.766785 0.2847567 0.7928425 0.4344953 0.7904804 0.3991219 0.7912057 0.4365886 0.792721 0.3991219 0.7950474 0.4465746 0.7974889 0.4438864 0.7690277 0.2847567 0.7882398 0.3991219 0.7906167 0.4395899 0.7938327 0.4502097 0.8101363 0.4608754 0.8152002 0.4800847 0.817443 0.4791989 0.8078468 0.4617173 0.8046921 0.4617173 0.7973352 0.4800844 0.7954649 0.4777064 0.823023 0.4748501 0.818995 0.4767925 0.8118123 0.458575 0.7932321 0.4770685 0.7951493 0.4792206 0.7915959 0.4752144 0.788839 0.3991219 0.7645423 0.2847567 0.765142 0.2847567 0.7936375 0.4768752 0.7909966 0.4726882 0.7882398 0.3991219 0.8729032 0.2847567 0.8485466 0.3991219 0.8492055 0.3991219 0.8492055 0.3991219 0.8729032 0.2847567 0.826299 0.4646678 0.8485909 0.3991219 0.7932935 0.473439 0.8008227 0.4586576 0.8024581 0.4608974 0.8002242 0.4555978 0.8442876 0.3991219 0.8679977 0.2847567 0.8218404 0.4344543 0.823989 0.4356532 0.8467466 0.3991219 0.7950976 0.4339801 0.8148996 0.4438087 0.8120152 0.4428914 0.8002086 0.4428914 0.8258364 0.4413874 0.8193508 0.4732687 0.8175097 0.4462838 0.8187715 0.4496318 0.872246 0.2847567 0.8704504 0.2847567 0.8255296 0.4380462 0.870609 0.2847567 0.8722885 0.2847567 0.8002242 0.4508853 0.8008239 0.4469179 0.8024626 0.4440135 0.804701 0.4429505 0.8075346 0.4429505 0.8099802 0.4439311 0.8124257 0.4554325 0.8124257 0.4502705 0.8117705 0.4466106 0.5804637 0.952546 0.5556561 0.9651632 0.588222 0.9409557 0.6083493 0.9259939 0.5854145 0.9334401 0.5560514 0.9552666 0.5296475 0.9382799 0.5570202 0.9269276 0.5850524 0.8970956 0.6047924 0.8854747 0.5117608 0.9003251 0.5266616 0.8892676 0.5244542 0.9511349 0.5326007 0.9310275 0.5117608 0.9003251 0.6192949 0.8716416 0.6047924 0.8854747 0.5850524 0.8970956 0.5572814 0.9207919 0.5051127 0.8590741 0.5087422 0.8423612 0.5592279 0.8650599 0.5917943 0.8408521 0.5334036 0.8330241 0.5612625 0.8092254 0.6119214 0.825891 0.6067831 0.8296918 0.5859432 0.7989898 0.5940017 0.7789847 0.5886353 0.8431816 0.5592719 0.8650085 0.5859432 0.7989898 0.5612625 0.8092254 0.5299085 0.8868353 0.5359874 0.8361236 0.5087422 0.8423612 0.5302339 0.7891641 0.5101067 0.8041257 0.5380802 0.7774709 0.5627999 0.7649567 0.5627999 0.7649567 0.5331295 0.796577 0.6017003 0.2314387 0.5854352 0.222154 0.6018603 0.2252163 0.585658 0.2242672 0.5855025 0.2271518 0.5736385 0.2154363 0.5855153 0.2111152 0.6020285 0.2114064 0.6232394 0.2160342 0.6226846 0.2301897 0.6224702 0.2366439 0.573971 0.2247975 0.5737592 0.2269001 0.5736135 0.2233346 0.6017144 0.2155638 0.5858172 0.2143694 0.6016354 0.2278334 0.6219675 0.2201828 0.6217709 0.2327677 0.5741274 0.2176232 0.564092 0.2288812 0.5644908 0.229932 0.5642658 0.2314699 0.5640886 0.2231444 0.6219431 0.2063922 0.6018755 0.2022485 0.5858962 0.2036396 0.6359147 0.2127483 0.6358199 0.2336332 0.6385565 0.2242528 0.6452333 0.2246717 0.6392053 0.2357978 0.6393099 0.210038 0.6227072 0.1997637 0.6369148 0.2316205 0.6399816 0.221492 0.6370088 0.2101882 0.622859 0.2029397 0.6021072 0.1988227 0.5856799 0.2010219 0.602035 0.195712 0.5858345 0.198446 0.5642366 0.2178435 0.5737994 0.208163 0.5565935 0.2254202 0.5644629 0.2163917 0.5740122 0.2062155 0.5563313 0.2264746 0.5561011 0.230336 0.5501236 0.2311015 0.5560265 0.2345216 0.5561769 0.2364262 0.5496501 0.2335694 0.5741529 0.2098804 0.5646329 0.2190367 0.5646353 0.2246873 0.5497741 0.2368001 0.5494006 0.237455 0.5494332 0.2362488 0.5459071 0.2357125 0.5461319 0.2360522 0.5452282 0.2360452 0.5564388 0.2353208 0.5501118 0.2343474 0.5566654 0.2314932 0.54432 0.2343988 0.5458552 0.2345924 0.5456008 0.2342023 0.5567399 0.2273587 0.5504589 0.2316911 0.5503632 0.2304697 0.5468886 0.233089 0.5462281 0.2327515 0.5466675 0.2327358 0.6834086 0.2323879 0.7004261 0.2236455 0.6991669 0.2285416 0.6629812 0.2370844 0.6848054 0.2262568 0.71178 0.2173628 0.7114458 0.225095 0.6853124 0.2126228 0.7008649 0.2128009 0.7104779 0.2285739 0.6645747 0.2166111 0.6644125 0.2306838 0.7206012 0.225145 0.7203278 0.2307454 0.7195322 0.233263 0.709499 0.2264993 0.7187238 0.2317483 0.7183979 0.2266178 0.6979047 0.225688 0.6820338 0.2288107 0.6815088 0.2166798 0.7091064 0.2194619 0.6974041 0.2159461 0.6614834 0.2207098 0.6621535 0.2332303 0.6978207 0.2053998 0.6819835 0.2035279 0.662175 0.2070118 0.6485832 0.2129317 0.6455993 0.2243426 0.663007 0.2004244 0.6464512 0.2101443 0.6485259 0.2337773 0.6404264 0.2246106 0.6463727 0.2358768 0.6472511 0.2215878 0.6499558 0.2317724 0.6500103 0.2103814 0.664426 0.2036013 0.6847432 0.2001848 0.7003326 0.2028695 0.6833315 0.1970897 0.699045 0.2003139 0.7202646 0.2199607 0.7268796 0.2275372 0.7276183 0.2285771 0.7113703 0.2102301 0.7279987 0.2323475 0.7103778 0.208304 0.7194476 0.2185281 0.7333252 0.2332227 0.7338842 0.2356352 0.7278534 0.2364258 0.7339436 0.2382445 0.7094287 0.2118786 0.7186639 0.2210996 0.7272 0.2382733 0.733617 0.2394146 0.7375696 0.2381301 0.7365046 0.2381157 0.7371435 0.237795 0.7384377 0.2365499 0.7324932 0.2363715 0.7329214 0.2387662 0.7367494 0.2367027 0.7264664 0.2371851 0.7260942 0.2334471 0.7262353 0.2294171 0.7323082 0.2337809 0.7327537 0.2325987 0.7374699 0.2363344 0.7364457 0.2348862 0.7366479 0.2349086 0.73581 0.2352199 0.5674809 0.201121 0.568835 0.1967146 0.5682946 0.2004082 0.5687292 0.2042317 0.5683932 0.2053725 0.5689994 0.2053283 0.5686114 0.2017185 0.5691038 0.1978884 0.5685148 0.1967674 0.5718164 0.1916704 0.5715216 0.1934078 0.571373 0.1991922 0.5719221 0.2017927 0.5715281 0.2091606 0.5717182 0.2076444 0.5719134 0.1953735 0.709663 0.2002197 0.7011154 0.2076025 0.7104981 0.2074142 0.7146825 0.196818 0.7098887 0.1918588 0.7144468 0.2013038 0.6991175 0.1959848 0.7163329 0.1987804 0.7163656 0.2035464 0.7165183 0.201229 0.7147611 0.205371 0.7111226 0.2092891 0.7015533 0.2104063 0.7154012 0.2063624 0.7169846 0.203478 0.7174171 0.2008874 0.7169492 0.1981846 0.7153559 0.1943475 0.7171438 0.1980436 0.7171196 0.2028388 0.7174015 0.2004281 0.7161893 0.199518 0.7158744 0.2041331 0.5788451 0.1954914 0.5790043 0.185299 0.5921596 0.204595 0.5783004 0.2070817 0.5926518 0.1923645 0.5713257 0.2059023 0.578861 0.2124485 0.5927773 0.2123637 0.7161011 0.1954799 0.7106152 0.1864114 0.7117808 0.1894529 0.6971591 0.1691397 0.6970656 0.1797685 0.6991526 0.1759526 0.5787378 0.2098212 0.5922531 0.2085606 0.5933748 0.1932566 0.5794507 0.1998591 0.6125573 0.2075273 0.6118047 0.2025324 0.6220852 0.1963186 0.6306132 0.2023302 0.6297619 0.1972336 0.6128283 0.1827546 0.622892 0.1786545 0.5794393 0.1887524 0.5799173 0.181425 0.5938308 0.1742776 0.5945356 0.1743382 0.59538 0.1628879 0.6409833 0.1904245 0.6158502 0.1518661 0.6388829 0.1636062 0.6267177 0.1309566 0.6293411 0.1399491 0.711864 0.1971779 0.7115721 0.2053367 0.7013659 0.2045622 0.699378 0.191743 0.6728092 0.1560869 0.6590929 0.1780275 0.6786759 0.1860016 0.6775625 0.1463996 0.6605982 0.1361745 0.6570242 0.1538818 0.6752916 0.1487358 0.6627617 0.1304104 0.6641631 0.1332031 0.6768199 0.1701496 0.6607814 0.1593726 0.6605789 0.1432644 0.6601704 0.1977367 0.6826015 0.2039408 0.6848118 0.2079808 0.6620626 0.202787 0.6295909 0.1774693 0.6159161 0.1547323 0.6448865 0.1949974 0.6443476 0.1756454 0.6302651 0.153502 0.6262998 0.1367012 0.6126686 0.1448706 0.6434422 0.1523377 0.6461369 0.1999228 0.6335287 0.1363071 0.6525139 0.1359549 0.64288 0.1353794 0.6345428 0.128281 0.643491 0.1384301 0.6324062 0.125086 0.6373559 0.12245 0.6435547 0.1211567 0.6445385 0.1270218 0.6548827 0.1279082 0.6501141 0.1212957 0.6241485 0.133855 0.6322606 0.1258718 0.6430593 0.1207849 0.6482194 0.1206595 0.6807027 0.190696 0.6453523 0.1624445 0.6607475 0.1832405 0.6475998 0.1889661 0.6490251 0.1254239 0.6369169 0.1265382 0.6428533 0.1253713 0.6543493 0.1271322 0.654773 0.1240479 0.638154 0.1221101 0.6320723 0.1286013 0.6555651 0.1235713 0.6088722 0.8940284 0.6088722 0.7934715 0.6088722 0.7934715 0.5585938 0.8940284 0.6088722 0.8940284 0.5585938 0.8940284 0.6088722 0.858893 0.6088722 0.8284655 0.6088723 0.7968881 0.5586124 0.7934715 0.5585938 0.7934715 0.5585938 0.7934715 0.6088723 0.8905982 0.5585938 0.8685914 0.5585938 0.8188099 0.558663 0.8940284 0.5083153 0.7934715 0.5083153 0.7934715 0.5083866 0.7959453 0.5083153 0.8685945 0.5083153 0.8940284 0.5083153 0.8940284 0.5083153 0.8188105 0.5083153 0.8915453 0.6088722 0.8940284 0.6088722 0.7934715 0.6088722 0.8940284 0.5585938 0.8940284 0.5585938 0.8940284 0.5586124 0.7934715 0.6088723 0.7968881 0.6088722 0.858893 0.6088722 0.7934715 0.6088723 0.8905982 0.6088722 0.8284655 0.5585938 0.8188099 0.5585938 0.8685914 0.5585938 0.7934715 0.5083153 0.7934715 0.5585938 0.7934715 0.5083153 0.8940284 0.5083153 0.7934715 0.5083866 0.7959453 0.5083153 0.8685945 0.5083153 0.8188105 0.5083153 0.8915453 0.558663 0.8940284 0.5083153 0.8940284 0.5540253 0.8549009 0.554974 0.862632 0.5553336 0.862632 0.5541357 0.8614993 0.5505509 0.8492903 0.553221 0.8551371 0.5512561 0.8488371 0.5543703 0.8547997 0.5540253 0.8549009 0.5515585 0.8486427 0.5512561 0.8488371 0.553221 0.8678615 0.5540253 0.8671398 0.552462 0.8676386 0.5533447 0.8614993 0.5521625 0.8675507 0.552462 0.85536 0.5521626 0.8554479 0.5498855 0.849718 0.5496228 0.8498868 0.5533447 0.8614993 0.5530326 0.8614993 0.552462 0.85536 0.553221 0.8551371 0.552462 0.8676386 0.5498855 0.849718 0.5541357 0.8614993 0.5540253 0.8671398 0.553221 0.8678615 0.5505509 0.8492903 0.554974 0.862632 0.5471261 0.8435274 0.5468907 0.8437991 0.5468907 0.8437991 0.5458237 0.8450305 0.5463416 0.8444327 0.5456192 0.8452665 0.5458237 0.8450305 0.5463416 0.8444327 0.5414321 0.8398681 0.5412826 0.8401951 0.5406058 0.8416772 0.5409344 0.8409577 0.5404761 0.8419611 0.5406058 0.8416772 0.5409344 0.8409577 0.5412826 0.8401952 0.5349377 0.8379611 0.5348865 0.838317 0.5347672 0.8391469 0.5346546 0.8399298 0.5346102 0.8402387 0.5346546 0.8399298 0.5347672 0.8391469 0.5348865 0.838317 0.5281691 0.8379611 0.5282203 0.838317 0.5283395 0.8391469 0.5284522 0.8399298 0.5284966 0.8402387 0.5284522 0.8399298 0.5283395 0.8391469 0.5282203 0.838317 0.5218241 0.8401952 0.5216748 0.8398681 0.5218241 0.8401951 0.5221723 0.8409577 0.5225009 0.8416772 0.5226306 0.8419611 0.5225009 0.8416772 0.5221723 0.8409577 0.5162162 0.8437991 0.5159807 0.8435274 0.5162162 0.8437991 0.5167651 0.8444327 0.517283 0.8450305 0.5174875 0.8452663 0.517283 0.8450305 0.5167651 0.8444327 0.5115482 0.8486427 0.5118507 0.8488371 0.5125559 0.8492903 0.5132214 0.849718 0.5134839 0.8498867 0.5132214 0.849718 0.5125559 0.8492903 0.5118507 0.8488371 0.5087364 0.8547997 0.5090814 0.8549009 0.5098858 0.8551371 0.5106447 0.85536 0.5109442 0.8554479 0.5106447 0.85536 0.5098858 0.8551371 0.5090814 0.8549009 0.5077732 0.8614993 0.5081328 0.8614993 0.509762 0.8614993 0.5089711 0.8614993 0.5100741 0.8614993 0.509762 0.8614993 0.5089711 0.8614993 0.5081328 0.8614993 0.5090814 0.8680977 0.5090814 0.8680977 0.5087364 0.8681989 0.5098858 0.8678615 0.5106447 0.8676386 0.5109442 0.8675507 0.5106447 0.8676386 0.5098858 0.8678615 0.5118507 0.8741614 0.5115482 0.8743558 0.5118507 0.8741614 0.5125559 0.8737081 0.5132214 0.8732805 0.5134839 0.8731118 0.5132214 0.8732805 0.5125559 0.8737081 0.5162161 0.8791994 0.5167651 0.8785658 0.5162161 0.8791994 0.5159807 0.8794712 0.517283 0.8779681 0.5174875 0.8777322 0.517283 0.8779681 0.5167651 0.8785658 0.5216748 0.8831305 0.5218241 0.8828034 0.5221723 0.8820409 0.5225009 0.8813214 0.5226306 0.8810374 0.5225009 0.8813214 0.5221723 0.8820409 0.5218241 0.8828034 0.5281691 0.8850374 0.5282203 0.8846815 0.5283395 0.8838517 0.5284522 0.8830688 0.5284966 0.8827598 0.5283395 0.8838517 0.5282203 0.8846815 0.5349377 0.8850374 0.5348865 0.8846815 0.5347672 0.8838517 0.5346546 0.8830688 0.5284522 0.8830688 0.5346102 0.8827598 0.5346546 0.8830688 0.5347672 0.8838517 0.5348865 0.8846815 0.5412826 0.8828034 0.5414321 0.8831305 0.5412826 0.8828034 0.5409344 0.8820409 0.5406058 0.8813214 0.5404761 0.8810374 0.5406058 0.8813214 0.5409344 0.8820409 0.5463416 0.8785658 0.5471261 0.8794712 0.5468907 0.8791994 0.5468907 0.8791994 0.5458237 0.8779681 0.5456192 0.8777323 0.5458237 0.8779681 0.5463416 0.8785658 0.5515585 0.8743558 0.5512561 0.8741614 0.5505509 0.8737082 0.5498855 0.8732805 0.5496228 0.8731118 0.5498855 0.8732805 0.5505509 0.8737082 0.5512561 0.8741614 0.5543703 0.867209 0.5553336 0.862632 0.5633639 0.8629861 0.554974 0.862632 0.5633639 0.8629861 0.5633639 0.8674937 0.5540253 0.8671398 0.5633639 0.8629861 0.554974 0.862632 0.5633639 0.8674937 0.5633639 0.8674937 0.5633639 0.8629861 0.5633639 0.8629861 0.5633639 0.8675629 0.5633639 0.8674937 0.5633639 0.8629861 0.5543703 0.867209 0.5540253 0.8671398 0.5633639 0.8675629 0.5717538 0.862632 0.5727025 0.8549009 0.5713943 0.862632 0.5725921 0.8614993 0.5735068 0.8551371 0.5754718 0.8488371 0.5723575 0.8547997 0.5727025 0.8549009 0.5717538 0.862632 0.5751692 0.8486427 0.5754718 0.8488371 0.5742658 0.8676386 0.5733831 0.8614993 0.5761769 0.8492903 0.5742658 0.85536 0.5745652 0.8675507 0.5736952 0.8614993 0.5745652 0.8554479 0.577105 0.8498868 0.5768424 0.849718 0.5733831 0.8614993 0.5742658 0.85536 0.5735068 0.8551371 0.5761769 0.8492903 0.5768424 0.849718 0.5725921 0.8614993 0.5727025 0.8671398 0.5798371 0.8437991 0.5798371 0.8437991 0.5809042 0.8450305 0.5811086 0.8452665 0.5809042 0.8450305 0.5803862 0.8444327 0.5852957 0.8398681 0.5796017 0.8435274 0.586122 0.8416772 0.5854452 0.8401951 0.5803862 0.8444327 0.586122 0.8416772 0.5917901 0.8379611 0.5854452 0.8401952 0.5857934 0.8409577 0.5862517 0.8419611 0.5920731 0.8399298 0.5857934 0.8409577 0.5920731 0.8399298 0.5918413 0.838317 0.5985587 0.8379611 0.5918413 0.838317 0.5919606 0.8391469 0.5985075 0.838317 0.5982757 0.8399298 0.5983882 0.8391469 0.5921177 0.8402387 0.5919606 0.8391469 0.5982757 0.8399298 0.5985075 0.838317 0.6049037 0.8401951 0.6049037 0.8401952 0.6042269 0.8416772 0.6045555 0.8409577 0.5982313 0.8402387 0.6040972 0.8419611 0.5983882 0.8391469 0.6042269 0.8416772 0.6045555 0.8409577 0.6105117 0.8437991 0.6050531 0.8398681 0.6105117 0.8437991 0.6094447 0.8450305 0.6099627 0.8444327 0.6092404 0.8452663 0.6099627 0.8444327 0.6094447 0.8450305 0.6151796 0.8486427 0.6107472 0.8435274 0.6141719 0.8492903 0.6135064 0.849718 0.6135064 0.849718 0.6141719 0.8492903 0.614877 0.8488371 0.6179914 0.8547997 0.6176464 0.8549009 0.6160831 0.85536 0.6132439 0.8498867 0.614877 0.8488371 0.6176464 0.8549009 0.616842 0.8551371 0.6160831 0.85536 0.6189546 0.8614993 0.616842 0.8551371 0.6185951 0.8614993 0.6169657 0.8614993 0.6157836 0.8554479 0.6169657 0.8614993 0.6176464 0.8680977 0.6185951 0.8614993 0.6177567 0.8614993 0.6176464 0.8680977 0.6166537 0.8614993 0.6177567 0.8614993 0.6157836 0.8675507 0.6160831 0.8676386 0.6179914 0.8681989 0.6148772 0.8741614 0.616842 0.8678615 0.6160831 0.8676386 0.6148772 0.8741614 0.6141719 0.8737081 0.6132439 0.8731118 0.616842 0.8678615 0.6141719 0.8737081 0.6151796 0.8743558 0.6105117 0.8791994 0.6099628 0.8785658 0.6105117 0.8791994 0.6135064 0.8732805 0.6135064 0.8732805 0.6092404 0.8777322 0.6099628 0.8785658 0.6094447 0.8779681 0.6107472 0.8794712 0.6045555 0.8820409 0.6049037 0.8828034 0.6050531 0.8831305 0.6094447 0.8779681 0.6042269 0.8813214 0.6042269 0.8813214 0.6040972 0.8810374 0.6045555 0.8820409 0.6049037 0.8828034 0.5985587 0.8850374 0.5983882 0.8838517 0.5982757 0.8830688 0.5982757 0.8830688 0.5982313 0.8827598 0.5983882 0.8838517 0.5985075 0.8846815 0.5985075 0.8846815 0.5917901 0.8850374 0.5919606 0.8838517 0.5921177 0.8827598 0.5920731 0.8830688 0.5919606 0.8838517 0.5920731 0.8830688 0.5918413 0.8846815 0.5854452 0.8828034 0.5852957 0.8831305 0.5854452 0.8828034 0.5918413 0.8846815 0.586122 0.8813214 0.5862517 0.8810374 0.586122 0.8813214 0.5857934 0.8820409 0.5798371 0.8791994 0.5798371 0.8791994 0.5796017 0.8794712 0.5811086 0.8777323 0.5809042 0.8779681 0.5857934 0.8820409 0.5809042 0.8779681 0.5803862 0.8785658 0.5751692 0.8743558 0.5803862 0.8785658 0.5761769 0.8737082 0.5768424 0.8732805 0.577105 0.8731118 0.5768424 0.8732805 0.5761769 0.8737082 0.5754718 0.8741614 0.5754718 0.8741614 0.5723575 0.867209 0.5735068 0.8678615 0.5742658 0.8676386 0.5735068 0.8678615 0.5727025 0.8671398 0.5633639 0.8629861 0.5713943 0.862632 0.5717538 0.862632 0.5633639 0.8629861 0.5633639 0.8629861 0.5717538 0.862632 0.5633639 0.8674937 0.5727025 0.8671398 0.5633639 0.8674937 0.5723575 0.867209 0.5727025 0.8671398 0.5633639 0.8675629 0.4629294 0.5302134 0.4426366 0.5505061 0.4426366 0.5302134 0.4629294 0.5505061 0.4629294 0.5302134 0.4426366 0.5505061 0.4629294 0.5505061 0.4426366 0.5302134 0.5902655 0.9493975 0.5929863 0.9478427 0.5930083 0.9519035 0.5880213 0.9478427 0.5902655 0.9478427 0.5932119 0.9521809 0.5955722 0.9478427 0.5955724 0.9478763 0.5955908 0.9478427 0.6146983 0.8203379 0.6179067 0.8399595 0.6131275 0.8064767 0.6090338 0.797209 0.6126513 0.8394047 0.6113836 0.8229337 0.6119104 0.890075 0.6100326 0.8521506 0.6125137 0.8819504 0.6058422 0.8096232 0.6024991 0.8066245 0.6063765 0.812057 0.6164736 0.8678223 0.6170048 0.8713195 0.612703 0.8974026 0.6122546 0.8016139 0.6129757 0.8994834 0.6146278 0.9011606 0.5093182 0.8570093 0.5209036 0.814586 0.5138687 0.8393555 0.5087492 0.8833936 0.5127784 0.9101387 0.5198026 0.7797258 0.5242187 0.7940211 0.5242187 0.806923 0.5222032 0.8082858 0.517455 0.8791762 0.5136235 0.8699474 0.5214168 0.8363734 0.5125313 0.8604814 0.5167382 0.842931 0.5143884 0.9253588 0.5115167 0.8631409 0.51497 0.9156244 0.5764779 0.7807088 0.5760253 0.7823006 0.5823684 0.7926487 0.581222 0.7944256 0.5766388 0.7825176 0.5593038 0.7610517 0.5506489 0.7973646 0.5651076 0.8217855 0.5854006 0.7882546 0.5902655 0.7894005 0.5842313 0.817683 0.5734168 0.8433827 0.584401 0.8707712 0.5953928 0.7996376 0.588679 0.8926891 0.5771816 0.9086626 0.5723959 0.9394122 0.5852317 0.9211295 0.5673234 0.909174 0.555567 0.9510872 0.5985878 0.9111527 0.5807086 0.9412318 0.573382 0.9398466 0.580272 0.9412386 0.601879 0.8259993 0.6015176 0.8671678 0.6077107 0.843202 0.6021541 0.8042884 0.6012881 0.8049389 0.6067491 0.8074492 0.5929639 0.7894462 0.5955722 0.7950855 0.5929863 0.7894991 0.5999004 0.8027381 0.5998304 0.8026611 0.5978925 0.7995478 0.6068791 0.9120038 0.5951941 0.9486088 0.5930083 0.9519035 0.5932119 0.9521809 0.5880213 0.9478427 0.5902655 0.9493975 0.5955724 0.9478763 0.5978925 0.9418958 0.5955908 0.9478427 0.5998304 0.9361728 0.6103047 0.9179202 0.6125491 0.8519794 0.6024991 0.9340517 0.5424765 0.7730383 0.5585816 0.7553598 0.5672959 0.7639476 0.5758447 0.7796444 0.5491201 0.8628954 0.5452288 0.8363938 0.5401646 0.7764992 0.5397801 0.7782252 0.5364632 0.8859837 0.5446362 0.9174481 0.5337512 0.9390392 0.5418236 0.9547791 0.5658359 0.9478427 0.519035 0.8969486 0.5283235 0.8374131 0.5199936 0.8442034 0.5268874 0.9318438 0.5300242 0.9046772 0.5150888 0.894016 0.5208486 0.929152 0.5263584 0.7920424 0.5350484 0.815742 0.5168064 0.8238961 0.5254296 0.7904934 0.5245252 0.7922838 0.5244092 0.7919217 0.5242187 0.79096 0.5205438 0.80373 0.5161172 0.8388075 0.514716 0.9011274 0.5288252 0.9341917 0.5293912 0.935698 0.6026861 0.7850979 0.6024991 0.8059924 0.6033785 0.7837873 0.6024991 0.7837309 0.6037437 0.7818686 0.6111947 0.8364857 0.6059402 0.7861369 0.6087281 0.7992548 0.6042246 0.7962419 0.6087302 0.8012294 0.6088542 0.7997041 0.6082717 0.9377323 0.6071985 0.9259 0.6053686 0.9201844 0.6024991 0.9358757 0.6095988 0.9006041 0.6024991 0.9406008 0.6024991 0.9445371 0.6021926 0.8042895 0.6045942 0.7968088 0.6024991 0.7979652 0.6024991 0.8002399 0.6024991 0.8027252 0.6024991 0.9410396 0.6024991 0.9412966 0.5245252 0.8221565 0.5253315 0.8385963 0.5147085 0.9037663 0.5254296 0.9058793 0.5245252 0.9266904 0.5268373 0.8872214 0.5268726 0.8907342 0.5242187 0.8084882 0.5140065 0.8161479 0.518186 0.8066737 0.518062 0.8037608 0.5217506 0.8034194 0.5201992 0.7845499 0.5191103 0.9372169 0.5205248 0.9265151 0.5242187 0.9397242 0.5242187 0.9433147 0.5242187 0.938263 0.5242187 0.7936158 0.5242187 0.791609 0.5211174 0.7957169 0.5199281 0.8007397 0.5236758 0.7903842 0.5223221 0.7935365 0.5242187 0.8013776 0.6012881 0.8364243 0.6021926 0.8238839 0.6005277 0.84224 0.5998378 0.855625 0.5998691 0.8478535 0.6009691 0.8983806 0.6012881 0.9082767 0.6010608 0.9072825 0.6002094 0.8959961 0.6003696 0.8997656 0.609356 0.9235367 0.6024991 0.9393936 0.6024991 0.936554 0.6024991 0.9326997 0.6021926 0.9187201 0.5311456 0.7841155 0.5288252 0.7837903 0.5333154 0.7831023 0.5277959 0.782812 0.5268874 0.7860423 0.5391214 0.7785572 0.5364523 0.781657 0.5337314 0.7833267 0.5183915 0.9264218 0.5242187 0.938596 0.5242187 0.9278525 0.524351 0.9337126 0.5242187 0.934504 0.5364523 0.9477606 0.5364866 0.9478427 0.5311455 0.937579 0.5337314 0.9415333 0.5381927 0.9519916 0.5824972 0.9441543 0.580502 0.9407029 0.6069881 0.7997695 0.6024991 0.777702 0.6024991 0.7950875 0.5242187 0.8082868 0.5254296 0.8440379 0.5244591 0.932135 0.5242187 0.775312 0.5212705 0.7782592 0.5242187 0.7867079 0.5242187 0.9348208 0.5242187 0.9343514 0.5245252 0.9330883 0.5242187 0.9384661 0.5242187 0.9288926 0.5242187 0.9393474 0.6024991 0.935952 0.6021999 0.9306895 0.6021926 0.9306776 0.6012881 0.9323701 0.5965962 0.9460047 0.5258479 0.9329832 0.5254296 0.9327882 0.5242187 0.9252102 0.6024991 0.8016845 0.5244106 0.9339784 0.5244322 0.9336583 0.6024991 0.9221935 0.5550804 0.9565682 0.6024991 0.7782595 0.5364866 0.9478427 0.5418236 0.9547791 0.5381927 0.9519916 0.5550804 0.9565682 0.5658359 0.9478427 0.6024991 0.9276708 0.6024991 0.8070881 0.6024991 0.8105832 0.02990472 0.9060567 0.1039245 0.7885773 0.1039245 0.9060567 0.01583433 0.9060567 0.02407659 0.9060567 0.02990472 0.7885773 0.1179949 0.7885773 0.1097527 0.7885773 0.02407659 0.7885773 0.1191542 0.9060567 0.1191542 0.7885773 0.1191542 0.9060567 0.01467505 0.9060567 0.1179949 0.9060567 0.01467505 0.7885773 0.1039245 0.7885773 0.1191542 0.7885773 0.1097527 0.7885773 0.1179949 0.7885773 0.1039245 0.9060567 0.02990472 0.9060567 0.01467505 0.9060567 0.01467505 0.7885773 0.02407659 0.9060567 0.01583433 0.9060567 0.01583433 0.7885773 0.1179949 0.9060567 0.1146935 0.7885773 0.1097527 0.9060567 0.1146935 0.9060567 0.01913571 0.9060567 0.01583433 0.7885773 0.02407659 0.7885773 0.01913571 0.7885773 0.02990472 0.7885773 0.01913571 0.7885773 0.01913571 0.9060567 0.1097527 0.9060567 0.1146935 0.7885773 0.1146935 0.9060567 0.6045724 0.424767 0.5211039 0.424767 0.5211039 0.424767 0.6045724 0.424767 0.5065749 0.3267695 0.5294885 0.4018532 0.5065749 0.4102381 0.5294885 0.3351542 0.5168483 0.4144936 0.5168483 0.3225139 0.5961877 0.3351542 0.5294885 0.3351542 0.5294885 0.3351542 0.5961877 0.3351542 0.5065749 0.4102381 0.5065749 0.3267695 0.5065749 0.4102381 0.5065749 0.3267695 0.6191015 0.4102381 0.6191015 0.3267695 0.6191015 0.4102381 0.6191015 0.3267695 0.5211039 0.3122404 0.5961877 0.3351542 0.5294885 0.3351542 0.5168483 0.3225139 0.6045724 0.3122404 0.6088278 0.3225139 0.6045724 0.424767 0.5961877 0.4018532 0.6088278 0.4144936 0.5294885 0.4018532 0.5211039 0.424767 0.5168483 0.4144936 0.6191015 0.3267695 0.5961877 0.3351542 0.6088278 0.3225139 0.5961877 0.4018532 0.6191015 0.4102381 0.6088278 0.4144936 0.5294885 0.4018532 0.5961877 0.3351542 0.5961877 0.4018532 0.5294885 0.3351542 0.5294885 0.3351542 0.5294885 0.4018532 0.5294885 0.4018532 0.5294885 0.3351542 0.5961877 0.4018532 0.5294885 0.4018532 0.5961877 0.4018532 0.5294885 0.4018532 0.5961877 0.4018532 0.5961877 0.3351542 0.5961877 0.4018532 0.5961877 0.3351542 0.5065749 0.3267695 0.5211039 0.3122404 0.5168483 0.3225139 0.5211039 0.424767 0.6191015 0.4102381 0.6045724 0.424767 0.6088278 0.4144936 0.6045724 0.3122404 0.5065749 0.3267695 0.5211039 0.3122404 0.5211039 0.3122404 0.5065749 0.3267695 0.5065749 0.4102381 0.5211039 0.424767 0.5211039 0.424767 0.5065749 0.4102381 0.6191015 0.3267695 0.6191015 0.3267695 0.6045724 0.3122404 0.6045724 0.3122404 0.6191015 0.4102381 0.6191015 0.4102381 0.6045724 0.424767 0.6045724 0.424767 0.6045724 0.3122404 0.5211039 0.3122404 0.5211039 0.3122404 0.6045724 0.3122404 0.01823384 0.7655525 0.01725187 0.7657452 0.01802833 0.7655234 0.01721361 0.7658496 0.0276991 0.7654828 0.01824122 0.7657718 0.01883794 0.7654486 0.01822811 0.7654862 0.01653768 0.7661053 0.01725109 0.7657452 0.02833143 0.7661597 0.0182477 0.7661194 0.01724651 0.7661805 0.01654783 0.7661431 0.01824546 0.7665777 0.01648987 0.7666178 0.01592512 0.7670168 0.01596355 0.7665891 0.01729341 0.7669883 0.01657279 0.7671962 0.01560514 0.7676787 0.01591571 0.7665899 0.01546058 0.7671635 0.01688386 0.7687597 0.01638751 0.7888157 0.01598512 0.7687701 0.01635905 0.7678826 0.01725098 0.7678369 0.0182737 0.7674403 0.01504072 0.7678542 0.01514939 0.7678151 0.01491097 0.7685521 0.01540934 0.7671804 0.01481864 0.7685852 0.01503803 0.7678542 0.01511358 0.7687573 0.01478991 0.7693658 0.01476926 0.7687891 0.01558614 0.7888138 0.01549311 0.768768 0.01857466 0.7901215 0.01748545 0.7905546 0.01765513 0.7897639 0.01851383 0.788834 0.02797421 0.7888544 0.02796919 0.7901849 0.01859612 0.7909717 0.01681311 0.7897151 0.01721727 0.7888235 0.01668993 0.7903216 0.01601277 0.7897518 0.01824995 0.7687679 0.01770447 0.791852 0.01703423 0.7914919 0.01706986 0.791482 0.01766452 0.7917486 0.01839397 0.7919857 0.01842762 0.7920737 0.01859384 0.791797 0.01919673 0.7921143 0.01770411 0.791852 0.0168648 0.7910051 0.01768701 0.7914168 0.0279384 0.7918254 0.02738715 0.7921271 0.01859987 0.7914375 0.01648705 0.7910092 0.01699292 0.7907715 0.01536813 0.7888193 0.01558089 0.789743 0.01534384 0.789012 0.01525082 0.7882517 0.01568528 0.7897798 0.01558045 0.789743 0.01530175 0.788824 0.01595178 0.7904167 0.01593169 0.7888101 0.01595214 0.7904167 0.01609441 0.7904119 0.01644266 0.7910072 0.0293185 0.7657889 0.02856524 0.7656115 0.02853063 0.7655234 0.02930762 0.7657452 0.02998169 0.7661152 0.02948884 0.7662814 0.02834538 0.7658002 0.02826359 0.7654737 0.03018857 0.7665921 0.03002093 0.7661053 0.02999132 0.7672008 0.02926539 0.7669911 0.03059422 0.766588 0.0306428 0.7665899 0.03109707 0.7671618 0.03060523 0.7671289 0.02832409 0.7668476 0.0302032 0.7678822 0.03170652 0.7687778 0.03151828 0.7678542 0.03174043 0.7685852 0.03140859 0.7678173 0.03180571 0.7693454 0.03127421 0.7882313 0.03152028 0.7678542 0.03147513 0.7687833 0.03105848 0.7678455 0.03110835 0.768787 0.03094374 0.7888398 0.03058662 0.7888292 0.03062448 0.7687815 0.03114906 0.7671804 0.02833868 0.7687369 0.02873628 0.7677825 0.02974242 0.7687737 0.02813441 0.7920352 0.02889159 0.7917476 0.02793912 0.7914777 0.02886881 0.7914168 0.02885375 0.791852 0.02798305 0.7921084 0.01862855 0.7921212 0.02954286 0.7914441 0.02795047 0.7910194 0.02958326 0.7909793 0.02884504 0.7906088 0.02920154 0.7916981 0.02952237 0.7904009 0.03044221 0.7899184 0.03012139 0.7905803 0.03011816 0.7909627 0.03059723 0.7903808 0.03060561 0.7904167 0.03011478 0.7910072 0.02927821 0.7888374 0.03012361 0.7888271 0.02974287 0.7897146 0.02890707 0.7897603 0.03097763 0.789743 0.03112647 0.789045 0.03121474 0.789012 0.03087424 0.789782 0.03126612 0.7888081 0.0309769 0.789743 0.03177854 0.7687731 0.01823384 0.7655525 0.01883794 0.7654486 0.01802833 0.7655234 0.01725187 0.7657452 0.01721361 0.7658496 0.01822811 0.7654862 0.02826359 0.7654737 0.0276991 0.7654828 0.01725109 0.7657452 0.01653768 0.7661053 0.01654783 0.7661431 0.01824122 0.7657718 0.01724651 0.7661805 0.02834538 0.7658002 0.02833143 0.7661597 0.0182477 0.7661194 0.01648987 0.7666178 0.01824546 0.7665777 0.01596355 0.7665891 0.01592512 0.7670168 0.01560514 0.7676787 0.01657279 0.7671962 0.01546058 0.7671635 0.01591571 0.7665899 0.01688386 0.7687597 0.01635905 0.7678826 0.01598512 0.7687701 0.01824995 0.7687679 0.01725098 0.7678369 0.01638751 0.7888157 0.01721727 0.7888235 0.0182737 0.7674403 0.01729341 0.7669883 0.02832409 0.7668476 0.01504072 0.7678542 0.01491097 0.7685521 0.01514939 0.7678151 0.01481864 0.7685852 0.01503803 0.7678542 0.01476926 0.7687891 0.01478991 0.7693658 0.01511358 0.7687573 0.01540934 0.7671804 0.01549311 0.768768 0.01558614 0.7888138 0.01593169 0.7888101 0.01857466 0.7901215 0.01851383 0.788834 0.01765513 0.7897639 0.02796919 0.7901849 0.02797421 0.7888544 0.01748545 0.7905546 0.01859612 0.7909717 0.01681311 0.7897151 0.01601277 0.7897518 0.01668993 0.7903216 0.01770447 0.791852 0.01703423 0.7914919 0.01770411 0.791852 0.01839397 0.7919857 0.01766452 0.7917486 0.01842762 0.7920737 0.01862855 0.7921212 0.01919673 0.7921143 0.01859384 0.791797 0.01706986 0.791482 0.01768701 0.7914168 0.0168648 0.7910051 0.01859987 0.7914375 0.01648705 0.7910092 0.01699292 0.7907715 0.0279384 0.7918254 0.02793912 0.7914777 0.01536813 0.7888193 0.01558089 0.789743 0.01568528 0.7897798 0.01525082 0.7882517 0.01534384 0.789012 0.01530175 0.788824 0.01595214 0.7904167 0.01609441 0.7904119 0.0293185 0.7657889 0.02853063 0.7655234 0.02856524 0.7656115 0.02930762 0.7657452 0.02948884 0.7662814 0.02998169 0.7661152 0.03018857 0.7665921 0.03002093 0.7661053 0.02926539 0.7669911 0.02999132 0.7672008 0.03059422 0.766588 0.0306428 0.7665899 0.03060523 0.7671289 0.03109707 0.7671618 0.0302032 0.7678822 0.03170652 0.7687778 0.03127421 0.7882313 0.03180571 0.7693454 0.03174043 0.7685852 0.03151828 0.7678542 0.03140859 0.7678173 0.03126612 0.7888081 0.03177854 0.7687731 0.03152028 0.7678542 0.03114906 0.7671804 0.03147513 0.7687833 0.03105848 0.7678455 0.03094374 0.7888398 0.03110835 0.768787 0.03062448 0.7687815 0.03058662 0.7888292 0.02833868 0.7687369 0.02974242 0.7687737 0.02873628 0.7677825 0.02927821 0.7888374 0.03012361 0.7888271 0.02738715 0.7921271 0.02889159 0.7917476 0.02886881 0.7914168 0.02813441 0.7920352 0.02798305 0.7921084 0.02885375 0.791852 0.02954286 0.7914441 0.02795047 0.7910194 0.02958326 0.7909793 0.02884504 0.7906088 0.02920154 0.7916981 0.03011478 0.7910072 0.03011816 0.7909627 0.03012139 0.7905803 0.03044221 0.7899184 0.02952237 0.7904009 0.03059723 0.7903808 0.03060561 0.7904167 0.02890707 0.7897603 0.02974287 0.7897146 0.03097763 0.789743 0.0309769 0.789743 0.03112647 0.789045 0.03087424 0.789782 0.03121474 0.789012 0.01644266 0.7910072 0.01595178 0.7904167 0.01558045 0.789743</float_array>
          <technique_common>
            <accessor count="3635" source="#texcoords-array-array" stride="2">
              <param type="float" name="S" />
              <param type="float" name="T" />
            </accessor>
          </technique_common>
        </source>
        <vertices id="verts-array-vertices">
          <input semantic="POSITION" source="#verts-array" />
        </vertices>
        <triangles count="6400" material="material0">
          <input offset="0" semantic="VERTEX" source="#verts-array-vertices" />
          <input offset="1" semantic="NORMAL" source="#normals-array" />
          <input offset="2" semantic="TEXCOORD" source="#texcoords-array" />
          <p>0 0 0 1 1 1 2 2 2 0 0 0 2 2 2 3 3 3 0 0 0 4 4 4 5 5 5 0 0 0 6 6 6 4 4 4 0 0 0 5 5 5 7 7 7 1 1 1 8 8 8 9 9 9 1 1 1 10 10 10 11 11 11 6 6 6 12 12 12 4 4 4 6 6 6 13 13 13 14 14 14 13 13 13 6 6 6 15 15 15 14 14 14 16 16 16 17 17 17 14 14 14 13 13 13 18 18 18 14 14 14 19 19 19 6 6 6 11 11 11 2 2 2 1 1 1 15 15 15 0 0 0 3 3 3 15 15 15 6 6 6 0 0 0 20 20 20 21 21 21 22 22 22 20 20 20 23 23 23 24 24 24 20 20 20 25 25 25 26 26 26 25 25 25 27 27 27 28 28 28 25 25 25 24 24 24 27 27 27 25 25 25 28 28 28 29 29 29 25 25 25 20 20 20 24 24 24 26 26 26 30 30 30 31 31 31 24 24 24 32 32 32 27 27 27 33 33 33 34 34 34 35 35 35 33 33 33 36 36 36 37 37 37 33 33 33 38 38 38 39 39 39 38 38 38 40 40 40 41 41 41 38 38 38 33 33 33 35 35 35 39 39 39 42 42 42 43 43 43 39 39 39 41 41 41 42 42 42 39 39 39 38 38 38 41 41 41 35 35 35 44 44 44 38 38 38 45 45 45 46 46 46 47 47 47 46 46 46 45 45 45 48 48 48 46 46 46 49 49 49 47 47 47 46 46 46 50 50 50 51 51 51 48 48 48 52 52 52 46 46 46 48 48 48 53 53 53 54 54 54 48 48 48 55 55 55 56 56 56 53 53 53 57 57 57 58 58 58 53 53 53 48 48 48 45 45 45 54 54 54 59 59 59 55 55 55 54 54 54 60 60 60 61 61 61 60 60 60 62 62 62 61 61 61 60 60 60 54 54 54 53 53 53 61 61 61 63 63 63 59 59 59 62 62 62 60 60 60 64 64 64 62 62 62 65 65 65 66 66 66 64 64 64 67 67 67 68 68 68 52 52 52 48 48 48 56 56 56 56 56 56 69 69 69 52 52 52 56 56 56 70 70 70 71 71 71 55 55 55 48 48 48 54 54 54 55 55 55 72 72 72 70 70 70 59 59 59 54 54 54 61 61 61 59 59 59 73 73 73 72 72 72 63 63 63 61 61 61 62 62 62 69 69 69 74 74 74 75 75 75 69 69 69 50 50 50 52 52 52 69 69 69 56 56 56 71 71 71 69 69 69 76 76 76 77 77 77 71 71 71 78 78 78 76 76 76 70 70 70 56 56 56 55 55 55 70 70 70 79 79 79 78 78 78 72 72 72 55 55 55 59 59 59 72 72 72 80 80 80 79 79 79 73 73 73 59 59 59 63 63 63 76 76 76 69 69 69 71 71 71 78 78 78 71 71 71 70 70 70 79 79 79 70 70 70 72 72 72 80 80 80 72 72 72 73 73 73 19 19 19 12 12 12 6 6 6 19 19 19 14 14 14 81 81 81 12 12 12 82 82 82 83 83 83 12 12 12 84 84 84 85 85 85 4 4 4 83 83 83 86 86 86 84 84 84 12 12 12 19 19 19 84 84 84 81 81 81 87 87 87 84 84 84 88 88 88 85 85 85 85 85 85 82 82 82 12 12 12 85 85 85 89 89 89 82 82 82 90 90 90 87 87 87 91 91 91 90 90 90 88 88 88 84 84 84 90 90 90 92 92 92 88 88 88 88 88 88 89 89 89 85 85 85 88 88 88 93 93 93 89 89 89 94 94 94 91 91 91 95 95 95 94 94 94 96 96 96 97 97 97 94 94 94 92 92 92 90 90 90 94 94 94 97 97 97 92 92 92 92 92 92 93 93 93 88 88 88 83 83 83 4 4 4 12 12 12 83 83 83 98 98 98 66 66 66 86 86 86 66 66 66 65 65 65 82 82 82 99 99 99 98 98 98 82 82 82 98 98 98 83 83 83 89 89 89 99 99 99 82 82 82 89 89 89 100 100 100 99 99 99 93 93 93 100 100 100 89 89 89 93 93 93 92 92 92 101 101 101 93 93 93 102 102 102 100 100 100 66 66 66 86 86 86 83 83 83 66 66 66 63 63 63 62 62 62 65 65 65 62 62 62 64 64 64 98 98 98 63 63 63 66 66 66 98 98 98 73 73 73 63 63 63 99 99 99 73 73 73 98 98 98 99 99 99 80 80 80 73 73 73 100 100 100 103 103 103 80 80 80 100 100 100 80 80 80 99 99 99 36 36 36 33 33 33 39 39 39 36 36 36 43 43 43 104 104 104 36 36 36 39 39 39 43 43 43 43 43 43 105 105 105 106 106 106 43 43 43 107 107 107 105 105 105 42 42 42 41 41 41 108 108 108 42 42 42 108 108 108 107 107 107 107 107 107 43 43 43 42 42 42 107 107 107 109 109 109 110 110 110 105 105 105 110 110 110 111 111 111 105 105 105 107 107 107 110 110 110 110 110 110 76 76 76 78 78 78 110 110 110 109 109 109 76 76 76 109 109 109 108 108 108 112 112 112 109 109 109 77 77 77 76 76 76 109 109 109 74 74 74 77 77 77 109 109 109 112 112 112 74 74 74 113 113 113 36 36 36 104 104 104 113 113 113 104 104 104 101 101 101 113 113 113 37 37 37 36 36 36 104 104 104 106 106 106 102 102 102 104 104 104 43 43 43 106 106 106 106 106 106 111 111 111 103 103 103 106 106 106 105 105 105 111 111 111 111 111 111 110 110 110 78 78 78 111 111 111 78 78 78 79 79 79 97 97 97 113 113 113 101 101 101 97 97 97 114 114 114 113 113 113 97 97 97 101 101 101 92 92 92 101 101 101 102 102 102 93 93 93 101 101 101 104 104 104 102 102 102 102 102 102 106 106 106 103 103 103 102 102 102 103 103 103 100 100 100 103 103 103 111 111 111 79 79 79 103 103 103 79 79 79 80 80 80 17 17 17 115 115 115 116 116 116 17 17 17 81 81 81 14 14 14 81 81 81 17 17 17 117 117 117 81 81 81 84 84 84 19 19 19 117 117 117 87 87 87 81 81 81 117 117 117 116 116 116 118 118 118 116 116 116 119 119 119 120 120 120 116 116 116 117 117 117 17 17 17 118 118 118 121 121 121 117 117 117 118 118 118 120 120 120 122 122 122 118 118 118 123 123 123 124 124 124 120 120 120 125 125 125 126 126 126 120 120 120 118 118 118 116 116 116 122 122 122 127 127 127 123 123 123 122 122 122 126 126 126 128 128 128 126 126 126 129 129 129 130 130 130 126 126 126 122 122 122 120 120 120 87 87 87 117 117 117 121 121 121 87 87 87 90 90 90 84 84 84 121 121 121 91 91 91 87 87 87 121 121 121 131 131 131 132 132 132 121 121 121 118 118 118 124 124 124 124 124 124 133 133 133 131 131 131 123 123 123 134 134 134 133 133 133 123 123 123 118 118 118 122 122 122 127 127 127 122 122 122 128 128 128 91 91 91 121 121 121 132 132 132 91 91 91 94 94 94 90 90 90 132 132 132 95 95 95 91 91 91 132 132 132 135 135 135 136 136 136 131 131 131 121 121 121 124 124 124 131 131 131 137 137 137 135 135 135 133 133 133 124 124 124 123 123 123 133 133 133 138 138 138 137 137 137 134 134 134 139 139 139 138 138 138 134 134 134 123 123 123 127 127 127 95 95 95 140 140 140 96 96 96 95 95 95 132 132 132 136 136 136 135 135 135 132 132 132 131 131 131 135 135 135 141 141 141 140 140 140 137 137 137 131 131 131 133 133 133 137 137 137 142 142 142 141 141 141 138 138 138 133 133 133 134 134 134 138 138 138 143 143 143 142 142 142 144 144 144 145 145 145 146 146 146 144 144 144 147 147 147 145 145 145 145 145 145 148 148 148 149 149 149 145 145 145 150 150 150 146 146 146 146 146 146 151 151 151 152 152 152 146 146 146 153 153 153 154 154 154 149 149 149 155 155 155 156 156 156 149 149 149 150 150 150 145 145 145 149 149 149 157 157 157 150 150 150 150 150 150 158 158 158 151 151 151 150 150 150 151 151 151 146 146 146 156 156 156 155 155 155 159 159 159 156 156 156 159 159 159 160 160 160 156 156 156 161 161 161 157 157 157 156 156 156 157 157 157 149 149 149 157 157 157 158 158 158 150 150 150 154 154 154 153 153 153 162 162 162 153 153 153 163 163 163 164 164 164 153 153 153 146 146 146 152 152 152 162 162 162 165 165 165 166 166 166 162 162 162 164 164 164 130 130 130 152 152 152 139 139 139 163 163 163 152 152 152 163 163 163 153 153 153 151 151 151 139 139 139 152 152 152 151 151 151 143 143 143 139 139 139 158 158 158 143 143 143 151 151 151 158 158 158 161 161 161 167 167 167 158 158 158 157 157 157 161 161 161 164 164 164 162 162 162 153 153 153 164 164 164 127 127 127 128 128 128 164 164 164 128 128 128 130 130 130 164 164 164 163 163 163 127 127 127 130 130 130 168 168 168 162 162 162 130 130 130 128 128 128 126 126 126 163 163 163 134 134 134 127 127 127 139 139 139 134 134 134 163 163 163 143 143 143 138 138 138 139 139 139 143 143 143 167 167 167 142 142 142 143 143 143 158 158 158 167 167 167 169 169 169 170 170 170 34 34 34 169 169 169 37 37 37 171 171 171 37 37 37 113 113 113 114 114 114 37 37 37 169 169 169 33 33 33 171 171 171 114 114 114 172 172 172 171 171 171 173 173 173 169 169 169 114 114 114 97 97 97 96 96 96 114 114 114 171 171 171 37 37 37 172 172 172 96 96 96 140 140 140 172 172 172 174 174 174 171 171 171 96 96 96 94 94 94 95 95 95 96 96 96 172 172 172 114 114 114 140 140 140 95 95 95 136 136 136 140 140 140 136 136 136 135 135 135 173 173 173 171 171 171 174 174 174 174 174 174 172 172 172 175 175 175 174 174 174 160 160 160 173 173 173 175 175 175 141 141 141 142 142 142 141 141 141 175 175 175 172 172 172 141 141 141 172 172 172 140 140 140 141 141 141 135 135 135 137 137 137 160 160 160 174 174 174 161 161 161 160 160 160 159 159 159 170 170 170 160 160 160 170 170 170 173 173 173 161 161 161 156 156 156 160 160 160 167 167 167 174 174 174 175 175 175 167 167 167 161 161 161 174 174 174 142 142 142 167 167 167 175 175 175 142 142 142 137 137 137 138 138 138 51 51 51 176 176 176 49 49 49 176 176 176 177 177 177 178 178 178 176 176 176 51 51 51 179 179 179 49 49 49 46 46 46 51 51 51 179 179 179 180 180 180 181 181 181 179 179 179 182 182 182 176 176 176 179 179 179 50 50 50 183 183 183 50 50 50 179 179 179 51 51 51 50 50 50 69 69 69 75 75 75 50 50 50 46 46 46 52 52 52 183 183 183 184 184 184 180 180 180 183 183 183 75 75 75 185 185 185 75 75 75 186 186 186 185 185 185 75 75 75 183 183 183 50 50 50 185 185 185 187 187 187 184 184 184 186 186 186 112 112 112 188 188 188 186 186 186 75 75 75 74 74 74 74 74 74 69 69 69 77 77 77 182 182 182 179 179 179 181 181 181 181 181 181 189 189 189 182 182 182 181 181 181 190 190 190 191 191 191 180 180 180 192 192 192 190 190 190 180 180 180 179 179 179 183 183 183 180 180 180 190 190 190 181 181 181 184 184 184 193 193 193 192 192 192 184 184 184 183 183 183 185 185 185 184 184 184 192 192 192 180 180 180 187 187 187 185 185 185 186 186 186 187 187 187 193 193 193 184 184 184 189 189 189 194 194 194 195 195 195 189 189 189 181 181 181 191 191 191 189 189 189 196 196 196 197 197 197 191 191 191 198 198 198 194 194 194 190 190 190 199 199 199 198 198 198 190 190 190 198 198 198 191 191 191 192 192 192 199 199 199 190 190 190 192 192 192 200 200 200 199 199 199 193 193 193 200 200 200 192 192 192 194 194 194 189 189 189 191 191 191 44 44 44 35 35 35 201 201 201 44 44 44 40 40 40 38 38 38 40 40 40 202 202 202 203 203 203 40 40 40 204 204 204 205 205 205 41 41 41 203 203 203 108 108 108 204 204 204 206 206 206 205 205 205 204 204 204 40 40 40 44 44 44 204 204 204 201 201 201 207 207 207 205 205 205 202 202 202 40 40 40 205 205 205 208 208 208 202 202 202 209 209 209 206 206 206 204 204 204 209 209 209 210 210 210 206 206 206 209 209 209 207 207 207 211 211 211 206 206 206 208 208 208 205 205 205 206 206 206 212 212 212 208 208 208 213 213 213 211 211 211 214 214 214 213 213 213 214 214 214 215 215 215 213 213 213 216 216 216 210 210 210 213 213 213 210 210 210 209 209 209 210 210 210 212 212 212 206 206 206 203 203 203 41 41 41 40 40 40 203 203 203 217 217 217 188 188 188 108 108 108 188 188 188 112 112 112 108 108 108 109 109 109 107 107 107 202 202 202 217 217 217 203 203 203 202 202 202 218 218 218 217 217 217 208 208 208 218 218 218 202 202 202 208 208 208 219 219 219 218 218 218 212 212 212 210 210 210 220 220 220 212 212 212 221 221 221 219 219 219 212 212 212 219 219 219 208 208 208 188 188 188 108 108 108 203 203 203 188 188 188 187 187 187 186 186 186 112 112 112 186 186 186 74 74 74 217 217 217 187 187 187 188 188 188 217 217 217 193 193 193 187 187 187 218 218 218 200 200 200 193 193 193 218 218 218 193 193 193 217 217 217 219 219 219 200 200 200 218 218 218 219 219 219 222 222 222 200 200 200 223 223 223 224 224 224 225 225 225 223 223 223 225 225 225 226 226 226 223 223 223 226 226 226 227 227 227 225 225 225 228 228 228 229 229 229 225 225 225 230 230 230 228 228 228 225 225 225 231 231 231 230 230 230 225 225 225 229 229 229 226 226 226 226 226 226 232 232 232 233 233 233 226 226 226 234 234 234 232 232 232 229 229 229 228 228 228 235 235 235 229 229 229 235 235 235 234 234 234 234 234 234 236 236 236 237 237 237 234 234 234 226 226 226 229 229 229 234 234 234 235 235 235 238 238 238 234 234 234 238 238 238 236 236 236 232 232 232 234 234 234 237 237 237 232 232 232 237 237 237 239 239 239 237 237 237 236 236 236 194 194 194 237 237 237 194 194 194 198 198 198 236 236 236 196 196 196 195 195 195 236 236 236 238 238 238 196 196 196 236 236 236 195 195 195 194 194 194 240 240 240 241 241 241 242 242 242 240 240 240 227 227 227 220 220 220 240 240 240 223 223 223 227 227 227 227 227 227 233 233 233 221 221 221 227 227 227 226 226 226 233 233 233 233 233 233 239 239 239 222 222 222 233 233 233 232 232 232 239 239 239 239 239 239 198 198 198 199 199 199 239 239 239 237 237 237 198 198 198 216 216 216 220 220 220 210 210 210 216 216 216 240 240 240 220 220 220 216 216 216 215 215 215 241 241 241 220 220 220 221 221 221 212 212 212 220 220 220 227 227 227 221 221 221 221 221 221 222 222 222 219 219 219 221 221 221 233 233 233 222 222 222 222 222 222 199 199 199 200 200 200 222 222 222 239 239 239 199 199 199 243 243 243 244 244 244 245 245 245 243 243 243 246 246 246 247 247 247 243 243 243 245 245 245 248 248 248 243 243 243 247 247 247 244 244 244 245 245 245 249 249 249 248 248 248 248 248 248 250 250 250 251 251 251 248 248 248 252 252 252 253 253 253 249 249 249 254 254 254 250 250 250 249 249 249 245 245 245 255 255 255 255 255 255 256 256 256 249 249 249 255 255 255 244 244 244 257 257 257 256 256 256 255 255 255 258 258 258 258 258 258 259 259 259 256 256 256 258 258 258 260 260 260 261 261 261 258 258 258 262 262 262 260 260 260 253 253 253 252 252 252 147 147 147 252 252 252 263 263 263 264 264 264 252 252 252 248 248 248 251 251 251 147 147 147 144 144 144 265 265 265 147 147 147 264 264 264 148 148 148 251 251 251 266 266 266 263 263 263 250 250 250 267 267 267 266 266 266 250 250 250 248 248 248 249 249 249 254 254 254 259 259 259 268 268 268 254 254 254 256 256 256 259 259 259 254 254 254 249 249 249 256 256 256 264 264 264 269 269 269 270 270 270 264 264 264 147 147 147 252 252 252 148 148 148 270 270 270 155 155 155 148 148 148 145 145 145 147 147 147 263 263 263 252 252 252 251 251 251 263 263 263 271 271 271 269 269 269 266 266 266 272 272 272 271 271 271 266 266 266 251 251 251 250 250 250 267 267 267 268 268 268 273 273 273 267 267 267 254 254 254 268 268 268 267 267 267 250 250 250 254 254 254 270 270 270 148 148 148 264 264 264 155 155 155 274 274 274 159 159 159 155 155 155 149 149 149 148 148 148 269 269 269 264 264 264 263 263 263 269 269 269 274 274 274 270 270 270 271 271 271 263 263 263 266 266 266 271 271 271 275 275 275 269 269 269 272 272 272 266 266 266 267 267 267 272 272 272 267 267 267 273 273 273 272 272 272 276 276 276 271 271 271 277 277 277 242 242 242 278 278 278 242 242 242 277 277 277 224 224 224 242 242 242 223 223 223 240 240 240 278 278 278 241 241 241 279 279 279 278 278 278 280 280 280 277 277 277 224 224 224 281 281 281 231 231 231 224 224 224 223 223 223 242 242 242 241 241 241 240 240 240 216 216 216 241 241 241 278 278 278 242 242 242 279 279 279 282 282 282 278 278 278 279 279 279 215 215 215 283 283 283 215 215 215 216 216 216 213 213 213 215 215 215 279 279 279 241 241 241 283 283 283 214 214 214 284 284 284 283 283 283 284 284 284 285 285 285 214 214 214 283 283 283 215 215 215 214 214 214 286 286 286 284 284 284 280 280 280 281 281 281 277 277 277 280 280 280 278 278 278 282 282 282 280 280 280 287 287 287 281 281 281 282 282 282 261 261 261 280 280 280 282 282 282 279 279 279 288 288 288 288 288 288 289 289 289 273 273 273 289 289 289 279 279 279 283 283 283 289 289 289 288 288 288 279 279 279 289 289 289 285 285 285 290 290 290 285 285 285 289 289 289 283 283 283 285 285 285 286 286 286 291 291 291 261 261 261 282 282 282 259 259 259 261 261 261 260 260 260 287 287 287 261 261 261 287 287 287 280 280 280 259 259 259 258 258 258 261 261 261 268 268 268 259 259 259 282 282 282 268 268 268 282 282 282 288 288 288 273 273 273 290 290 290 272 272 272 273 273 273 268 268 268 288 288 288 290 290 290 273 273 273 289 289 289 290 290 290 291 291 291 276 276 276 34 34 34 201 201 201 35 35 35 34 34 34 33 33 33 169 169 169 201 201 201 34 34 34 292 292 292 201 201 201 204 204 204 44 44 44 292 292 292 207 207 207 201 201 201 292 292 292 170 170 170 293 293 293 170 170 170 169 169 169 173 173 173 170 170 170 292 292 292 34 34 34 293 293 293 275 275 275 294 294 294 293 293 293 159 159 159 274 274 274 293 293 293 295 295 295 292 292 292 159 159 159 293 293 293 170 170 170 274 274 274 155 155 155 270 270 270 274 274 274 269 269 269 275 275 275 207 207 207 292 292 292 295 295 295 207 207 207 209 209 209 204 204 204 295 295 295 211 211 211 207 207 207 295 295 295 293 293 293 294 294 294 295 295 295 291 291 291 286 286 286 294 294 294 276 276 276 291 291 291 275 275 275 293 293 293 274 274 274 275 275 275 271 271 271 276 276 276 211 211 211 213 213 213 209 209 209 211 211 211 295 295 295 286 286 286 286 286 286 214 214 214 211 211 211 286 286 286 285 285 285 284 284 284 291 291 291 295 295 295 294 294 294 291 291 291 290 290 290 285 285 285 276 276 276 294 294 294 275 275 275 276 276 276 272 272 272 290 290 290 57 57 57 53 53 53 45 45 45 57 57 57 296 296 296 297 297 297 57 57 57 47 47 47 298 298 298 57 57 57 45 45 45 47 47 47 296 296 296 57 57 57 298 298 298 297 297 297 58 58 58 57 57 57 297 297 297 299 299 299 300 300 300 298 298 298 49 49 49 301 301 301 298 298 298 47 47 47 49 49 49 298 298 298 301 301 301 302 302 302 299 299 299 302 302 302 303 303 303 299 299 299 297 297 297 296 296 296 299 299 299 303 303 303 304 304 304 300 300 300 305 305 305 306 306 306 305 305 305 300 300 300 299 299 299 305 305 305 304 304 304 307 307 307 306 306 306 308 308 308 309 309 309 308 308 308 305 305 305 310 310 310 308 308 308 311 311 311 312 312 312 308 308 308 306 306 306 305 305 305 58 58 58 297 297 297 313 313 313 313 313 313 67 67 67 58 58 58 314 314 314 297 297 297 300 300 300 314 314 314 313 313 313 297 297 297 314 314 314 315 315 315 316 316 316 315 315 315 314 314 314 300 300 300 315 315 315 309 309 309 317 317 317 315 315 315 300 300 300 306 306 306 309 309 309 315 315 315 306 306 306 67 67 67 313 313 313 318 318 318 67 67 67 53 53 53 58 58 58 67 67 67 64 64 64 60 60 60 67 67 67 60 60 60 53 53 53 319 319 319 318 318 318 313 313 313 319 319 319 313 313 313 314 314 314 316 316 316 319 319 319 314 314 314 316 316 316 317 317 317 320 320 320 317 317 317 316 316 316 315 315 315 321 321 321 68 68 68 67 67 67 321 321 321 67 67 67 318 318 318 322 322 322 318 318 318 319 319 319 322 322 322 321 321 321 318 318 318 323 323 323 319 319 319 316 316 316 323 323 323 322 322 322 319 319 319 320 320 320 323 323 323 316 316 316 23 23 23 32 32 32 24 24 24 23 23 23 20 20 20 324 324 324 32 32 32 325 325 325 326 326 326 32 32 32 327 327 327 328 328 328 27 27 27 326 326 326 329 329 329 27 27 27 330 330 330 28 28 28 327 327 327 324 324 324 331 331 331 327 327 327 32 32 32 23 23 23 327 327 327 332 332 332 328 328 328 328 328 328 325 325 325 32 32 32 328 328 328 333 333 333 325 325 325 334 334 334 335 335 335 332 332 332 334 334 334 331 331 331 336 336 336 334 334 334 332 332 332 327 327 327 332 332 332 333 333 333 328 328 328 332 332 332 337 337 337 333 333 333 338 338 338 339 339 339 340 340 340 338 338 338 335 335 335 334 334 334 338 338 338 336 336 336 339 339 339 338 338 338 341 341 341 335 335 335 335 335 335 337 337 337 332 332 332 326 326 326 342 342 342 312 312 312 326 326 326 27 27 27 32 32 32 329 329 329 312 312 312 311 311 311 325 325 325 342 342 342 326 326 326 325 325 325 343 343 343 342 342 342 333 333 333 343 343 343 325 325 325 333 333 333 344 344 344 343 343 343 337 337 337 345 345 345 344 344 344 337 337 337 344 344 344 333 333 333 337 337 337 335 335 335 346 346 346 312 312 312 329 329 329 326 326 326 312 312 312 309 309 309 308 308 308 311 311 311 308 308 308 310 310 310 311 311 311 307 307 307 347 347 347 342 342 342 309 309 309 312 312 312 342 342 342 317 317 317 309 309 309 343 343 343 317 317 317 342 342 342 343 343 343 320 320 320 317 317 317 344 344 344 320 320 320 343 343 343 344 344 344 348 348 348 320 320 320 8 8 8 0 0 0 7 7 7 8 8 8 7 7 7 349 349 349 8 8 8 1 1 1 0 0 0 7 7 7 350 350 350 351 351 351 7 7 7 351 351 351 352 352 352 5 5 5 86 86 86 350 350 350 5 5 5 4 4 4 86 86 86 350 350 350 65 65 65 353 353 353 350 350 350 86 86 86 65 65 65 350 350 350 7 7 7 5 5 5 350 350 350 353 353 353 354 354 354 351 351 351 350 350 350 354 354 354 351 351 351 354 354 354 355 355 355 354 354 354 353 353 353 321 321 321 354 354 354 321 321 321 322 322 322 353 353 353 64 64 64 68 68 68 353 353 353 65 65 65 64 64 64 353 353 353 68 68 68 321 321 321 356 356 356 8 8 8 349 349 349 356 356 356 357 357 357 9 9 9 356 356 356 349 349 349 346 346 346 349 349 349 7 7 7 352 352 352 349 349 349 352 352 352 345 345 345 352 352 352 351 351 351 355 355 355 352 352 352 355 355 355 348 348 348 355 355 355 322 322 322 323 323 323 355 355 355 354 354 354 322 322 322 341 341 341 340 340 340 357 357 357 341 341 341 346 346 346 335 335 335 341 341 341 356 356 356 346 346 346 346 346 346 345 345 345 337 337 337 346 346 346 349 349 349 345 345 345 345 345 345 348 348 348 344 344 344 345 345 345 352 352 352 348 348 348 348 348 348 355 355 355 323 323 323 348 348 348 323 323 323 320 320 320 358 358 358 359 359 359 360 360 360 359 359 359 361 361 361 362 362 362 359 359 359 363 363 363 364 364 364 360 360 360 359 359 359 362 362 362 360 360 360 365 365 365 366 366 366 360 360 360 362 362 362 367 367 367 362 362 362 361 361 361 368 368 368 361 361 361 364 364 364 369 369 369 361 361 361 370 370 370 368 368 368 368 368 368 371 371 371 362 362 362 370 370 370 369 369 369 372 372 372 370 370 370 373 373 373 368 368 368 366 366 366 365 365 365 374 374 374 365 365 365 360 360 360 375 375 375 365 365 365 375 375 375 376 376 376 374 374 374 377 377 377 378 378 378 374 374 374 365 365 365 379 379 379 374 374 374 378 378 378 380 380 380 375 375 375 367 367 367 381 381 381 375 375 375 360 360 360 367 367 367 367 367 367 362 362 362 371 371 371 367 367 367 371 371 371 382 382 382 371 371 371 373 373 373 383 383 383 371 371 371 368 368 368 373 373 373 384 384 384 379 379 379 385 385 385 384 384 384 374 374 374 379 379 379 379 379 379 376 376 376 386 386 386 379 379 379 365 365 365 376 376 376 376 376 376 375 375 375 381 381 381 376 376 376 381 381 381 387 387 387 381 381 381 367 367 367 382 382 382 381 381 381 382 382 382 388 388 388 382 382 382 383 383 383 389 389 389 382 382 382 371 371 371 383 383 383 390 390 390 391 391 391 377 377 377 390 390 390 384 384 384 385 385 385 390 390 390 392 392 392 393 393 393 385 385 385 379 379 379 386 386 386 386 386 386 392 392 392 385 385 385 386 386 386 376 376 376 387 387 387 387 387 387 394 394 394 386 386 386 387 387 387 381 381 381 388 388 388 388 388 388 382 382 382 389 389 389 388 388 388 395 395 395 387 387 387 396 396 396 9 9 9 397 397 397 396 396 396 398 398 398 10 10 10 9 9 9 8 8 8 356 356 356 9 9 9 396 396 396 1 1 1 397 397 397 399 399 399 396 396 396 397 397 397 357 357 357 400 400 400 357 357 357 356 356 356 341 341 341 357 357 357 397 397 397 9 9 9 400 400 400 340 340 340 401 401 401 400 400 400 402 402 402 397 397 397 340 340 340 400 400 400 357 357 357 340 340 340 341 341 341 338 338 338 401 401 401 339 339 339 403 403 403 401 401 401 403 403 403 404 404 404 339 339 339 401 401 401 340 340 340 339 339 339 405 405 405 403 403 403 399 399 399 406 406 406 398 398 398 399 399 399 397 397 397 402 402 402 402 402 402 407 407 407 399 399 399 402 402 402 400 400 400 408 408 408 408 408 408 409 409 409 389 389 389 409 409 409 404 404 404 410 410 410 409 409 409 400 400 400 401 401 401 409 409 409 408 408 408 400 400 400 404 404 404 409 409 409 401 401 401 404 404 404 405 405 405 411 411 411 407 407 407 402 402 402 373 373 373 407 407 407 372 372 372 406 406 406 373 373 373 370 370 370 407 407 407 383 383 383 373 373 373 402 402 402 383 383 383 402 402 402 408 408 408 389 389 389 383 383 383 408 408 408 389 389 389 410 410 410 388 388 388 410 410 410 389 389 389 409 409 409 410 410 410 411 411 411 395 395 395 22 22 22 324 324 324 20 20 20 324 324 324 22 22 22 412 412 412 324 324 324 327 327 327 23 23 23 412 412 412 331 331 331 324 324 324 412 412 412 413 413 413 414 414 414 413 413 413 412 412 412 22 22 22 414 414 414 393 393 393 392 392 392 414 414 414 415 415 415 412 412 412 414 414 414 394 394 394 416 416 416 393 393 393 417 417 417 418 418 418 393 393 393 414 414 414 413 413 413 392 392 392 386 386 386 394 394 394 392 392 392 390 390 390 385 385 385 331 331 331 334 334 334 327 327 327 331 331 331 412 412 412 415 415 415 415 415 415 414 414 414 416 416 416 415 415 415 411 411 411 405 405 405 415 415 415 336 336 336 331 331 331 416 416 416 395 395 395 411 411 411 394 394 394 387 387 387 395 395 395 394 394 394 414 414 414 392 392 392 336 336 336 415 415 415 405 405 405 336 336 336 338 338 338 334 334 334 405 405 405 339 339 339 336 336 336 405 405 405 404 404 404 403 403 403 411 411 411 410 410 410 404 404 404 411 411 411 415 415 415 416 416 416 395 395 395 416 416 416 394 394 394 395 395 395 388 388 388 410 410 410 302 302 302 299 299 299 296 296 296 302 302 302 178 178 178 419 419 419 302 302 302 296 296 296 298 298 298 178 178 178 302 302 302 301 301 301 419 419 419 420 420 420 421 421 421 419 419 419 303 303 303 302 302 302 419 419 419 177 177 177 420 420 420 301 301 301 49 49 49 176 176 176 301 301 301 176 176 176 178 178 178 177 177 177 419 419 419 178 178 178 177 177 177 189 189 189 197 197 197 177 177 177 182 182 182 189 189 189 177 177 177 176 176 176 182 182 182 420 420 420 197 197 197 422 422 422 420 420 420 422 422 422 423 423 423 197 197 197 196 196 196 424 424 424 197 197 197 420 420 420 177 177 177 422 422 422 197 197 197 424 424 424 422 422 422 424 424 424 425 425 425 424 424 424 238 238 238 426 426 426 196 196 196 189 189 189 195 195 195 303 303 303 419 419 419 427 427 427 427 427 427 304 304 304 303 303 303 427 427 427 421 421 421 428 428 428 427 427 427 419 419 419 421 421 421 421 421 421 420 420 420 423 423 423 421 421 421 423 423 423 429 429 429 423 423 423 422 422 422 425 425 425 423 423 423 425 425 425 430 430 430 304 304 304 427 427 427 431 431 431 304 304 304 305 305 305 299 299 299 304 304 304 431 431 431 432 432 432 431 431 431 428 428 428 433 433 433 431 431 431 427 427 427 428 428 428 428 428 428 429 429 429 434 434 434 428 428 428 421 421 421 429 429 429 429 429 429 430 430 430 435 435 435 429 429 429 423 423 423 430 430 430 307 307 307 304 304 304 432 432 432 307 307 307 310 310 310 305 305 305 307 307 307 311 311 311 310 310 310 432 432 432 431 431 431 433 433 433 433 433 433 428 428 428 434 434 434 434 434 434 429 429 429 435 435 435 436 436 436 231 231 231 437 437 437 436 436 436 438 438 438 230 230 230 438 438 438 439 439 439 440 440 440 438 438 438 441 441 441 442 442 442 230 230 230 438 438 438 228 228 228 228 228 228 442 442 442 235 235 235 439 439 439 438 438 438 436 436 436 439 439 439 437 437 437 443 443 443 439 439 439 444 444 444 440 440 440 440 440 440 445 445 445 441 441 441 440 440 440 441 441 441 438 438 438 446 446 446 444 444 444 439 439 439 446 446 446 447 447 447 444 444 444 446 446 446 443 443 443 448 448 448 444 444 444 449 449 449 445 445 445 444 444 444 445 445 445 440 440 440 450 450 450 451 451 451 447 447 447 450 450 450 447 447 447 446 446 446 450 450 450 448 448 448 452 452 452 450 450 450 452 452 452 453 453 453 447 447 447 449 449 449 444 444 444 442 442 442 228 228 228 438 438 438 442 442 442 454 454 454 426 426 426 235 235 235 426 426 426 238 238 238 441 441 441 455 455 455 454 454 454 441 441 441 454 454 454 442 442 442 445 445 445 456 456 456 455 455 455 445 445 445 455 455 455 441 441 441 449 449 449 456 456 456 445 445 445 449 449 449 457 457 457 456 456 456 449 449 449 447 447 447 458 458 458 426 426 426 235 235 235 442 442 442 426 426 426 425 425 425 424 424 424 238 238 238 424 424 424 196 196 196 454 454 454 425 425 425 426 426 426 454 454 454 430 430 430 425 425 425 455 455 455 435 435 435 430 430 430 455 455 455 430 430 430 454 454 454 456 456 456 459 459 459 435 435 435 456 456 456 435 435 435 455 455 455 30 30 30 29 29 29 460 460 460 30 30 30 25 25 25 29 29 29 30 30 30 26 26 26 25 25 25 29 29 29 461 461 461 462 462 462 29 29 29 330 330 330 461 461 461 330 330 330 329 329 329 311 311 311 330 330 330 311 311 311 347 347 347 330 330 330 27 27 27 329 329 329 330 330 330 347 347 347 463 463 463 330 330 330 29 29 29 28 28 28 461 461 461 463 463 463 464 464 464 461 461 461 330 330 330 463 463 463 463 463 463 347 347 347 432 432 432 463 463 463 432 432 432 433 433 433 347 347 347 307 307 307 432 432 432 465 465 465 460 460 460 458 458 458 465 465 465 466 466 466 31 31 31 465 465 465 30 30 30 460 460 460 460 460 460 462 462 462 457 457 457 460 460 460 29 29 29 462 462 462 462 462 462 461 461 461 464 464 464 462 462 462 464 464 464 459 459 459 464 464 464 463 463 463 433 433 433 464 464 464 433 433 433 434 434 434 451 451 451 453 453 453 466 466 466 451 451 451 458 458 458 447 447 447 451 451 451 465 465 465 458 458 458 458 458 458 457 457 457 449 449 449 458 458 458 460 460 460 457 457 457 457 457 457 459 459 459 456 456 456 457 457 457 462 462 462 459 459 459 459 459 459 434 434 434 435 435 435 459 459 459 464 464 464 434 434 434 380 380 380 378 378 378 467 467 467 380 380 380 468 468 468 374 374 374 467 467 467 469 469 469 470 470 470 471 471 471 467 467 467 378 378 378 471 471 471 378 378 378 377 377 377 471 471 471 472 472 472 473 473 473 377 377 377 384 384 384 390 390 390 377 377 377 374 374 374 384 384 384 472 472 472 471 471 471 377 377 377 472 472 472 377 377 377 391 391 391 391 391 391 474 474 474 472 472 472 391 391 391 390 390 390 393 393 393 391 391 391 393 393 393 418 418 418 470 470 470 469 469 469 244 244 244 469 469 469 467 467 467 475 475 475 244 244 244 255 255 255 245 245 245 475 475 475 476 476 476 477 477 477 476 476 476 475 475 475 467 467 467 476 476 476 473 473 473 478 478 478 476 476 476 467 467 467 471 471 471 476 476 476 471 471 471 473 473 473 473 473 473 472 472 472 474 474 474 473 473 473 474 474 474 479 479 479 480 480 480 257 257 257 244 244 244 480 480 480 244 244 244 469 469 469 481 481 481 469 469 469 475 475 475 481 481 481 480 480 480 469 469 469 481 481 481 477 477 477 482 482 482 477 477 477 481 481 481 475 475 475 477 477 477 478 478 478 483 483 483 478 478 478 473 473 473 479 479 479 478 478 478 479 479 479 484 484 484 478 478 478 477 477 477 476 476 476 485 485 485 262 262 262 257 257 257 485 485 485 257 257 257 480 480 480 262 262 262 255 255 255 257 257 257 262 262 262 258 258 258 255 255 255 262 262 262 486 486 486 260 260 260 487 487 487 486 486 486 485 485 485 487 487 487 485 485 485 480 480 480 487 487 487 480 480 480 481 481 481 482 482 482 488 488 488 487 487 487 482 482 482 487 487 487 481 481 481 483 483 483 482 482 482 477 477 477 483 483 483 489 489 489 482 482 482 483 483 483 478 478 478 484 484 484 21 21 21 31 31 31 490 490 490 21 21 21 20 20 20 26 26 26 31 31 31 21 21 21 26 26 26 31 31 31 30 30 30 465 465 465 490 490 490 466 466 466 491 491 491 490 490 490 417 417 417 21 21 21 466 466 466 465 465 465 451 451 451 466 466 466 490 490 490 31 31 31 491 491 491 492 492 492 490 490 490 491 491 491 453 453 453 493 493 493 453 453 453 451 451 451 450 450 450 453 453 453 491 491 491 466 466 466 493 493 493 452 452 452 494 494 494 493 493 493 494 494 494 495 495 495 452 452 452 493 493 493 453 453 453 452 452 452 496 496 496 494 494 494 417 417 417 490 490 490 492 492 492 417 417 417 393 393 393 413 413 413 417 417 417 413 413 413 22 22 22 417 417 417 22 22 22 21 21 21 492 492 492 491 491 491 497 497 497 492 492 492 418 418 418 417 417 417 497 497 497 498 498 498 484 484 484 498 498 498 495 495 495 499 499 499 498 498 498 491 491 491 493 493 493 498 498 498 497 497 497 491 491 491 495 495 495 498 498 498 493 493 493 495 495 495 496 496 496 500 500 500 418 418 418 492 492 492 474 474 474 474 474 474 391 391 391 418 418 418 479 479 479 492 492 492 497 497 497 479 479 479 474 474 474 492 492 492 484 484 484 499 499 499 483 483 483 484 484 484 479 479 479 497 497 497 499 499 499 484 484 484 498 498 498 499 499 499 500 500 500 489 489 489 281 281 281 224 224 224 277 277 277 281 281 281 437 437 437 231 231 231 437 437 437 439 439 439 436 436 436 437 437 437 281 281 281 501 501 501 231 231 231 436 436 436 230 230 230 231 231 231 225 225 225 224 224 224 501 501 501 443 443 443 437 437 437 501 501 501 287 287 287 502 502 502 287 287 287 501 501 501 281 281 281 502 502 502 503 503 503 501 501 501 502 502 502 488 488 488 504 504 504 502 502 502 260 260 260 486 486 486 260 260 260 502 502 502 287 287 287 486 486 486 262 262 262 485 485 485 486 486 486 487 487 487 488 488 488 443 443 443 446 446 446 439 439 439 443 443 443 501 501 501 503 503 503 503 503 503 502 502 502 504 504 504 503 503 503 448 448 448 443 443 443 503 503 503 500 500 500 496 496 496 504 504 504 489 489 489 500 500 500 488 488 488 482 482 482 489 489 489 488 488 488 502 502 502 486 486 486 448 448 448 503 503 503 496 496 496 448 448 448 450 450 450 446 446 446 496 496 496 452 452 452 448 448 448 496 496 496 495 495 495 494 494 494 500 500 500 503 503 503 504 504 504 500 500 500 499 499 499 495 495 495 489 489 489 504 504 504 488 488 488 489 489 489 483 483 483 499 499 499 505 505 505 506 506 506 507 507 507 505 505 505 507 507 507 508 508 508 506 506 506 505 505 505 509 509 509 506 506 506 510 510 510 507 507 507 506 506 506 509 509 509 511 511 511 510 510 510 506 506 506 512 512 512 265 265 265 513 513 513 514 514 514 513 513 513 265 265 265 144 144 144 513 513 513 144 144 144 515 515 515 514 514 514 513 513 513 516 516 516 247 247 247 246 246 246 517 517 517 468 468 468 518 518 518 519 519 519 520 520 520 521 521 521 522 522 522 520 520 520 523 523 523 524 524 524 521 521 521 520 520 520 524 524 524 363 363 363 359 359 359 358 358 358 363 363 363 358 358 358 519 519 519 364 364 364 361 361 361 359 359 359 369 369 369 370 370 370 361 361 361 372 372 372 407 407 407 370 370 370 406 406 406 399 399 399 407 407 407 398 398 398 396 396 396 399 399 399 10 10 10 1 1 1 396 396 396 525 525 525 526 526 526 527 527 527 525 525 525 527 527 527 528 528 528 525 525 525 529 529 529 530 530 530 525 525 525 528 528 528 529 529 529 526 526 526 525 525 525 531 531 531 526 526 526 532 532 532 527 527 527 526 526 526 533 533 533 534 534 534 526 526 526 534 534 534 535 535 535 527 527 527 536 536 536 528 528 528 531 531 531 533 533 533 526 526 526 531 531 531 525 525 525 537 537 537 537 537 537 530 530 530 538 538 538 537 537 537 538 538 538 539 539 539 537 537 537 539 539 539 540 540 540 537 537 537 541 541 541 531 531 531 542 542 542 543 543 543 544 544 544 542 542 542 545 545 545 546 546 546 542 542 542 546 546 546 547 547 547 545 545 545 548 548 548 546 546 546 547 547 547 549 549 549 542 542 542 547 547 547 535 535 535 549 549 549 550 550 550 551 551 551 552 552 552 550 550 550 536 536 536 527 527 527 550 550 550 527 527 527 532 532 532 536 536 536 529 529 529 528 528 528 536 536 536 553 553 553 554 554 554 536 536 536 550 550 550 553 553 553 553 553 553 555 555 555 556 556 556 554 554 554 556 556 556 557 557 557 554 554 554 557 557 557 558 558 558 554 554 554 558 558 558 559 559 559 554 554 554 560 560 560 536 536 536 561 561 561 562 562 562 563 563 563 561 561 561 564 564 564 562 562 562 561 561 561 565 565 565 566 566 566 564 564 564 567 567 567 562 562 562 568 568 568 569 569 569 570 570 570 569 569 569 568 568 568 571 571 571 569 569 569 572 572 572 573 573 573 570 570 570 574 574 574 568 568 568 571 571 571 575 575 575 552 552 552 571 571 571 576 576 576 569 569 569 571 571 571 552 552 552 551 551 551 577 577 577 578 578 578 579 579 579 578 578 578 577 577 577 580 580 580 580 580 580 577 577 577 581 581 581 582 582 582 583 583 583 584 584 584 582 582 582 585 585 585 586 586 586 585 585 585 582 582 582 584 584 584 586 586 586 585 585 585 587 587 587 583 583 583 582 582 582 588 588 588 588 588 588 589 589 589 583 583 583 590 590 590 591 591 591 592 592 592 591 591 591 593 593 593 594 594 594 591 591 591 595 595 595 596 596 596 592 592 592 591 591 591 594 594 594 592 592 592 594 594 594 597 597 597 594 594 594 598 598 598 599 599 599 595 595 595 591 591 591 590 590 590 565 565 565 561 561 561 563 563 563 600 600 600 601 601 601 602 602 602 601 601 601 600 600 600 603 603 603 602 602 602 604 604 604 600 600 600 574 574 574 570 570 570 605 605 605 605 605 605 606 606 606 574 574 574 549 549 549 535 535 535 534 534 534 549 549 549 607 607 607 543 543 543 608 608 608 609 609 609 610 610 610 608 608 608 611 611 611 612 612 612 608 608 608 613 613 613 614 614 614 611 611 611 608 608 608 610 610 610 610 610 610 615 615 615 611 611 611 610 610 610 616 616 616 617 617 617 551 551 551 576 576 576 571 571 571 551 551 551 550 550 550 532 532 532 532 532 532 526 526 526 535 535 535 613 613 613 608 608 608 612 612 612 614 614 614 613 613 613 618 618 618 572 572 572 569 569 569 576 576 576 543 543 543 619 619 619 620 620 620 543 543 543 542 542 542 549 549 549 544 544 544 543 543 543 620 620 620 567 567 567 564 564 564 621 621 621 621 621 621 622 622 622 567 567 567 622 622 622 623 623 623 624 624 624 622 622 622 621 621 621 623 623 623 625 625 625 573 573 573 572 572 572 625 625 625 622 622 622 624 624 624 624 624 624 573 573 573 625 625 625 587 587 587 626 626 626 586 586 586 626 626 626 587 587 587 627 627 627 627 627 627 628 628 628 626 626 626 628 628 628 627 627 627 629 629 629 629 629 629 581 581 581 628 628 628 581 581 581 629 629 629 580 580 580 589 589 589 588 588 588 630 630 630 630 630 630 631 631 631 589 589 589 631 631 631 630 630 630 632 632 632 632 632 632 633 633 633 631 631 631 633 633 633 632 632 632 604 604 604 604 604 604 602 602 602 633 633 633 548 548 548 545 545 545 634 634 634 634 634 634 635 635 635 548 548 548 635 635 635 634 634 634 636 636 636 635 635 635 637 637 637 638 638 638 636 636 636 637 637 637 635 635 635 637 637 637 566 566 566 638 638 638 638 638 638 566 566 566 565 565 565 606 606 606 605 605 605 639 639 639 639 639 639 617 617 617 606 606 606 618 618 618 640 640 640 614 614 614 640 640 640 618 618 618 641 641 641 617 617 617 642 642 642 606 606 606 617 617 617 639 639 639 615 615 615 615 615 615 610 610 610 617 617 617 620 620 620 643 643 643 544 544 544 620 620 620 644 644 644 645 645 645 643 643 643 620 620 620 645 645 645 645 645 645 641 641 641 643 643 643 641 641 641 645 645 645 640 640 640 646 646 646 594 594 594 593 593 593 598 598 598 594 594 594 646 646 646 598 598 598 646 646 646 647 647 647 648 648 648 646 646 646 649 649 649 647 647 647 646 646 646 648 648 648 575 575 575 650 650 650 651 651 651 650 650 650 556 556 556 555 555 555 650 650 650 555 555 555 651 651 651 555 555 555 553 553 553 550 550 550 555 555 555 550 550 550 552 552 552 533 533 533 531 531 531 541 541 541 533 533 533 652 652 652 653 653 653 652 652 652 541 541 541 654 654 654 652 652 652 655 655 655 653 653 653 655 655 655 549 549 549 534 534 534 655 655 655 654 654 654 607 607 607 560 560 560 656 656 656 529 529 529 560 560 560 554 554 554 559 559 559 559 559 559 657 657 657 560 560 560 657 657 657 658 658 658 656 656 656 657 657 657 559 559 559 659 659 659 659 659 659 558 558 558 660 660 660 659 659 659 609 609 609 657 657 657 609 609 609 608 608 608 658 658 658 609 609 609 659 659 659 616 616 616 616 616 616 660 660 660 642 642 642 616 616 616 610 610 610 609 609 609 558 558 558 659 659 659 559 559 559 660 660 660 616 616 616 659 659 659 660 660 660 661 661 661 642 642 642 660 660 660 557 557 557 662 662 662 642 642 642 574 574 574 606 606 606 642 642 642 617 617 617 616 616 616 557 557 557 660 660 660 558 558 558 557 557 557 663 663 663 662 662 662 662 662 662 664 664 664 661 661 661 662 662 662 661 661 661 660 660 660 661 661 661 574 574 574 642 642 642 661 661 661 568 568 568 574 574 574 556 556 556 650 650 650 663 663 663 556 556 556 554 554 554 553 553 553 663 663 663 557 557 557 556 556 556 663 663 663 650 650 650 575 575 575 663 663 663 664 664 664 662 662 662 663 663 663 575 575 575 664 664 664 664 664 664 575 575 575 571 571 571 664 664 664 571 571 571 568 568 568 664 664 664 568 568 568 661 661 661 530 530 530 537 537 537 525 525 525 530 530 530 529 529 529 656 656 656 530 530 530 656 656 656 665 665 665 538 538 538 666 666 666 539 539 539 538 538 538 665 665 665 667 667 667 665 665 665 656 656 656 658 658 658 665 665 665 658 658 658 668 668 668 665 665 665 538 538 538 530 530 530 665 665 665 668 668 668 667 667 667 667 667 667 669 669 669 666 666 666 667 667 667 668 668 668 669 669 669 668 668 668 608 608 608 614 614 614 668 668 668 614 614 614 669 669 669 668 668 668 658 658 658 608 608 608 669 669 669 614 614 614 640 640 640 669 669 669 640 640 640 644 644 644 666 666 666 669 669 669 644 644 644 666 666 666 670 670 670 540 540 540 666 666 666 538 538 538 667 667 667 666 666 666 540 540 540 539 539 539 666 666 666 619 619 619 670 670 670 644 644 644 620 620 620 619 619 619 644 644 644 640 640 640 645 645 645 540 540 540 654 654 654 541 541 541 670 670 670 607 607 607 654 654 654 619 619 619 666 666 666 644 644 644 619 619 619 543 543 543 607 607 607 541 541 541 537 537 537 540 540 540 541 541 541 652 652 652 533 533 533 654 654 654 540 540 540 670 670 670 654 654 654 655 655 655 652 652 652 607 607 607 549 549 549 655 655 655 607 607 607 670 670 670 619 619 619 529 529 529 536 536 536 560 560 560 656 656 656 560 560 560 657 657 657 658 658 658 657 657 657 609 609 609 671 671 671 672 672 672 673 673 673 672 672 672 671 671 671 674 674 674 673 673 673 672 672 672 675 675 675 675 675 675 676 676 676 673 673 673 129 129 129 126 126 126 125 125 125 125 125 125 120 120 120 119 119 119 165 165 165 515 515 515 166 166 166 165 165 165 162 162 162 168 168 168 16 16 16 14 14 14 18 18 18 119 119 119 116 116 116 115 115 115 168 168 168 130 130 130 129 129 129 115 115 115 17 17 17 16 16 16 677 677 677 678 678 678 679 679 679 677 677 677 680 680 680 678 678 678 679 679 679 681 681 681 682 682 682 679 679 679 678 678 678 683 683 683 684 684 684 685 685 685 686 686 686 685 685 685 684 684 684 687 687 687 686 686 686 688 688 688 684 684 684 681 681 681 679 679 679 683 683 683 682 682 682 681 681 681 689 689 689 523 523 523 520 520 520 680 680 680 523 523 523 680 680 680 677 677 677 689 689 689 681 681 681 688 688 688 688 688 688 686 686 686 689 689 689 690 690 690 691 691 691 692 692 692 690 690 690 693 693 693 694 694 694 693 693 693 690 690 690 695 695 695 693 693 693 696 696 696 697 697 697 693 693 693 695 695 695 696 696 696 694 694 694 693 693 693 698 698 698 695 695 695 699 699 699 700 700 700 701 701 701 702 702 702 703 703 703 701 701 701 704 704 704 705 705 705 702 702 702 701 701 701 706 706 706 702 702 702 707 707 707 708 708 708 702 702 702 706 706 706 707 707 707 703 703 703 702 702 702 709 709 709 706 706 706 701 701 701 710 710 710 711 711 711 712 712 712 713 713 713 712 712 712 714 714 714 715 715 715 713 713 713 716 716 716 717 717 717 713 713 713 712 712 712 716 716 716 716 716 716 718 718 718 719 719 719 716 716 716 712 712 712 718 718 718 720 720 720 721 721 721 722 722 722 720 720 720 723 723 723 724 724 724 723 723 723 720 720 720 725 725 725 723 723 723 726 726 726 727 727 727 723 723 723 725 725 725 726 726 726 724 724 724 728 728 728 729 729 729 725 725 725 720 720 720 730 730 730 731 731 731 732 732 732 733 733 733 731 731 731 734 734 734 735 735 735 734 734 734 736 736 736 737 737 737 734 734 734 737 737 737 738 738 738 734 734 734 731 731 731 736 736 736 735 735 735 734 734 734 739 739 739 736 736 736 731 731 731 740 740 740 741 741 741 742 742 742 743 743 743 742 742 742 744 744 744 743 743 743 742 742 742 741 741 741 745 745 745 745 745 745 746 746 746 742 742 742 745 745 745 747 747 747 748 748 748 745 745 745 749 749 749 750 750 750 747 747 747 745 745 745 741 741 741 747 747 747 751 751 751 748 748 748 748 748 748 752 752 752 749 749 749 751 751 751 753 753 753 752 752 752 751 751 751 747 747 747 754 754 754 754 754 754 755 755 755 751 751 751 755 755 755 756 756 756 757 757 757 755 755 755 754 754 754 758 758 758 746 746 746 745 745 745 750 750 750 746 746 746 759 759 759 760 760 760 746 746 746 761 761 761 742 742 742 750 750 750 762 762 762 759 759 759 749 749 749 763 763 763 762 762 762 749 749 749 745 745 745 748 748 748 752 752 752 764 764 764 763 763 763 752 752 752 748 748 748 751 751 751 753 753 753 751 751 751 755 755 755 759 759 759 746 746 746 750 750 750 759 759 759 762 762 762 765 765 765 760 760 760 766 766 766 746 746 746 760 760 760 759 759 759 767 767 767 762 762 762 750 750 750 749 749 749 762 762 762 763 763 763 768 768 768 763 763 763 764 764 764 769 769 769 763 763 763 749 749 749 752 752 752 764 764 764 752 752 752 753 753 753 700 700 700 696 696 696 695 695 695 700 700 700 770 770 770 771 771 771 696 696 696 700 700 700 772 772 772 772 772 772 773 773 773 757 757 757 772 772 772 756 756 756 696 696 696 772 772 772 771 771 771 774 774 774 771 771 771 775 775 775 776 776 776 771 771 771 772 772 772 700 700 700 771 771 771 777 777 777 774 774 774 774 774 774 773 773 773 772 772 772 774 774 774 778 778 778 773 773 773 776 776 776 779 779 779 780 780 780 776 776 776 781 781 781 777 777 777 776 776 776 777 777 777 771 771 771 777 777 777 782 782 782 778 778 778 777 777 777 778 778 778 774 774 774 780 780 780 783 783 783 781 781 781 780 780 780 781 781 781 776 776 776 780 780 780 784 784 784 783 783 783 781 781 781 782 782 782 777 777 777 781 781 781 785 785 785 782 782 782 756 756 756 772 772 772 757 757 757 756 756 756 755 755 755 758 758 758 757 757 757 753 753 753 755 755 755 773 773 773 764 764 764 753 753 753 773 773 773 753 753 753 757 757 757 778 778 778 764 764 764 773 773 773 778 778 778 769 769 769 764 764 764 782 782 782 786 786 786 769 769 769 782 782 782 769 769 769 778 778 778 769 769 769 768 768 768 763 763 763 728 728 728 727 727 727 787 787 787 728 728 728 724 724 724 723 723 723 727 727 727 726 726 726 788 788 788 727 727 727 788 788 788 789 789 789 727 727 727 728 728 728 723 723 723 787 787 787 789 789 789 790 790 790 787 787 787 790 790 790 786 786 786 787 787 787 783 783 783 728 728 728 789 789 789 791 791 791 767 767 767 789 789 789 788 788 788 791 791 791 789 789 789 767 767 767 765 765 765 789 789 789 787 787 787 727 727 727 790 790 790 765 765 765 768 768 768 790 790 790 789 789 789 765 765 765 765 765 765 767 767 767 759 759 759 767 767 767 792 792 792 760 760 760 783 783 783 729 729 729 728 728 728 783 783 783 787 787 787 785 785 785 783 783 783 785 785 785 781 781 781 785 785 785 787 787 787 786 786 786 785 785 785 786 786 786 782 782 782 786 786 786 768 768 768 769 769 769 786 786 786 790 790 790 768 768 768 768 768 768 765 765 765 762 762 762 692 692 692 699 699 699 690 690 690 699 699 699 695 695 695 690 690 690 699 699 699 692 692 692 793 793 793 793 793 793 770 770 770 699 699 699 793 793 793 794 794 794 795 795 795 793 793 793 796 796 796 797 797 797 796 796 796 798 798 798 797 797 797 796 796 796 793 793 793 692 692 692 797 797 797 799 799 799 794 794 794 798 798 798 796 796 796 800 800 800 798 798 798 801 801 801 799 799 799 800 800 800 802 802 802 798 798 798 802 802 802 803 803 803 804 804 804 802 802 802 800 800 800 805 805 805 770 770 770 793 793 793 795 795 795 770 770 770 806 806 806 775 775 775 770 770 770 700 700 700 699 699 699 795 795 795 807 807 807 806 806 806 794 794 794 793 793 793 797 797 797 794 794 794 808 808 808 807 807 807 799 799 799 809 809 809 808 808 808 799 799 799 797 797 797 798 798 798 801 801 801 798 798 798 802 802 802 806 806 806 779 779 779 775 775 775 806 806 806 770 770 770 795 795 795 775 775 775 771 771 771 770 770 770 807 807 807 795 795 795 794 794 794 808 808 808 794 794 794 799 799 799 808 808 808 809 809 809 810 810 810 809 809 809 799 799 799 801 801 801 715 715 715 811 811 811 812 812 812 715 715 715 718 718 718 712 712 712 718 718 718 715 715 715 813 813 813 813 813 813 812 812 812 814 814 814 813 813 813 803 803 803 718 718 718 813 813 813 815 815 815 804 804 804 812 812 812 816 816 816 814 814 814 812 812 812 817 817 817 818 818 818 812 812 812 813 813 813 715 715 715 814 814 814 819 819 819 815 815 815 814 814 814 815 815 815 813 813 813 816 816 816 819 819 819 814 814 814 816 816 816 820 820 820 819 819 819 816 816 816 812 812 812 818 818 818 818 818 818 821 821 821 822 822 822 818 818 818 817 817 817 821 821 821 818 818 818 823 823 823 816 816 816 822 822 822 824 824 824 825 825 825 822 822 822 823 823 823 818 818 818 822 822 822 821 821 821 824 824 824 823 823 823 820 820 820 816 816 816 823 823 823 825 825 825 826 826 826 823 823 823 822 822 822 825 825 825 803 803 803 802 802 802 805 805 805 803 803 803 813 813 813 804 804 804 804 804 804 801 801 801 802 802 802 815 815 815 801 801 801 804 804 804 815 815 815 809 809 809 801 801 801 819 819 819 809 809 809 815 815 815 819 819 819 810 810 810 809 809 809 820 820 820 826 826 826 827 827 827 820 820 820 810 810 810 819 819 819 820 820 820 823 823 823 826 826 826 810 810 810 828 828 828 808 808 808 810 810 810 820 820 820 827 827 827 721 721 721 720 720 720 724 724 724 721 721 721 729 729 729 829 829 829 729 729 729 783 783 783 784 784 784 729 729 729 721 721 721 724 724 724 829 829 829 784 784 784 830 830 830 829 829 829 825 825 825 721 721 721 784 784 784 829 829 829 729 729 729 784 784 784 780 780 780 779 779 779 830 830 830 831 831 831 828 828 828 831 831 831 830 830 830 784 784 784 831 831 831 784 784 784 779 779 779 831 831 831 806 806 806 807 807 807 831 831 831 779 779 779 806 806 806 779 779 779 776 776 776 775 775 775 825 825 825 722 722 722 721 721 721 825 825 825 824 824 824 722 722 722 825 825 825 829 829 829 826 826 826 827 827 827 826 826 826 829 829 829 827 827 827 829 829 829 830 830 830 827 827 827 828 828 828 810 810 810 828 828 828 827 827 827 830 830 830 828 828 828 831 831 831 807 807 807 828 828 828 807 807 807 808 808 808 761 761 761 832 832 832 744 744 744 761 761 761 746 746 746 766 766 766 832 832 832 761 761 761 833 833 833 744 744 744 742 742 742 761 761 761 833 833 833 766 766 766 834 834 834 833 833 833 835 835 835 832 832 832 833 833 833 836 836 836 837 837 837 766 766 766 833 833 833 761 761 761 766 766 766 760 760 760 792 792 792 766 766 766 838 838 838 834 834 834 834 834 834 839 839 839 836 836 836 834 834 834 836 836 836 833 833 833 792 792 792 767 767 767 791 791 791 792 792 792 840 840 840 838 838 838 792 792 792 838 838 838 766 766 766 838 838 838 841 841 841 839 839 839 838 838 838 839 839 839 834 834 834 791 791 791 840 840 840 792 792 792 840 840 840 788 788 788 842 842 842 840 840 840 841 841 841 838 838 838 835 835 835 833 833 833 837 837 837 835 835 835 843 843 843 844 844 844 837 837 837 845 845 845 843 843 843 836 836 836 845 845 845 837 837 837 836 836 836 846 846 846 845 845 845 839 839 839 846 846 846 836 836 836 839 839 839 847 847 847 846 846 846 841 841 841 847 847 847 839 839 839 843 843 843 845 845 845 848 848 848 843 843 843 835 835 835 837 837 837 844 844 844 843 843 843 849 849 849 845 845 845 846 846 846 850 850 850 846 846 846 847 847 847 851 851 851 852 852 852 726 726 726 725 725 725 852 852 852 730 730 730 853 853 853 726 726 726 852 852 852 854 854 854 854 854 854 855 855 855 856 856 856 854 854 854 788 788 788 726 726 726 854 854 854 857 857 857 842 842 842 855 855 855 853 853 853 858 858 858 855 855 855 859 859 859 856 856 856 855 855 855 854 854 854 852 852 852 856 856 856 860 860 860 857 857 857 856 856 856 857 857 857 854 854 854 861 861 861 858 858 858 862 862 862 861 861 861 863 863 863 859 859 859 861 861 861 859 859 859 855 855 855 859 859 859 860 860 860 856 856 856 859 859 859 864 864 864 860 860 860 865 865 865 866 866 866 863 863 863 865 865 865 863 863 863 861 861 861 865 865 865 862 862 862 867 867 867 863 863 863 868 868 868 864 864 864 863 863 863 864 864 864 859 859 859 788 788 788 840 840 840 791 791 791 788 788 788 854 854 854 842 842 842 842 842 842 841 841 841 840 840 840 857 857 857 847 847 847 841 841 841 857 857 857 841 841 841 842 842 842 860 860 860 847 847 847 857 857 857 860 860 860 851 851 851 847 847 847 864 864 864 869 869 869 851 851 851 864 864 864 851 851 851 860 860 860 851 851 851 850 850 850 846 846 846 739 739 739 870 870 870 735 735 735 739 739 739 738 738 738 871 871 871 738 738 738 739 739 739 734 734 734 738 738 738 737 737 737 872 872 872 738 738 738 872 872 872 873 873 873 871 871 871 873 873 873 874 874 874 871 871 871 866 866 866 739 739 739 871 871 871 874 874 874 869 869 869 873 873 873 872 872 872 875 875 875 873 873 873 871 871 871 738 738 738 873 873 873 849 849 849 848 848 848 873 873 873 875 875 875 849 849 849 874 874 874 873 873 873 848 848 848 874 874 874 848 848 848 850 850 850 848 848 848 849 849 849 843 843 843 849 849 849 876 876 876 844 844 844 849 849 849 875 875 875 876 876 876 866 866 866 871 871 871 868 868 868 866 866 866 868 868 868 863 863 863 866 866 866 867 867 867 870 870 870 868 868 868 871 871 871 869 869 869 868 868 868 869 869 869 864 864 864 869 869 869 874 874 874 850 850 850 869 869 869 850 850 850 851 851 851 850 850 850 848 848 848 845 845 845 877 877 877 714 714 714 711 711 711 714 714 714 712 712 712 711 711 711 714 714 714 877 877 877 878 878 878 878 878 878 879 879 879 880 880 880 878 878 878 811 811 811 714 714 714 878 878 878 881 881 881 882 882 882 879 879 879 883 883 883 880 880 880 879 879 879 878 878 878 877 877 877 880 880 880 884 884 884 881 881 881 883 883 883 885 885 885 884 884 884 883 883 883 879 879 879 886 886 886 886 886 886 887 887 887 883 883 883 886 886 886 888 888 888 889 889 889 886 886 886 889 889 889 890 890 890 887 887 887 890 890 890 891 891 891 887 887 887 891 891 891 892 892 892 887 887 887 886 886 886 890 890 890 890 890 890 889 889 889 893 893 893 890 890 890 893 893 893 891 891 891 811 811 811 894 894 894 817 817 817 811 811 811 715 715 715 714 714 714 811 811 811 878 878 878 882 882 882 882 882 882 895 895 895 894 894 894 881 881 881 896 896 896 895 895 895 881 881 881 878 878 878 880 880 880 884 884 884 897 897 897 896 896 896 884 884 884 880 880 880 883 883 883 885 885 885 883 883 883 887 887 887 885 885 885 892 892 892 898 898 898 885 885 885 887 887 887 892 892 892 894 894 894 811 811 811 882 882 882 894 894 894 821 821 821 817 817 817 817 817 817 812 812 812 811 811 811 895 895 895 882 882 882 881 881 881 895 895 895 899 899 899 894 894 894 896 896 896 881 881 881 884 884 884 896 896 896 900 900 900 895 895 895 896 896 896 897 897 897 901 901 901 897 897 897 902 902 902 901 901 901 897 897 897 884 884 884 885 885 885 897 897 897 885 885 885 898 898 898 732 732 732 731 731 731 735 735 735 732 732 732 870 870 870 903 903 903 870 870 870 732 732 732 735 735 735 870 870 870 739 739 739 866 866 866 903 903 903 891 891 891 732 732 732 903 903 903 867 867 867 904 904 904 867 867 867 866 866 866 865 865 865 867 867 867 903 903 903 870 870 870 904 904 904 905 905 905 902 902 902 905 905 905 867 867 867 862 862 862 905 905 905 862 862 862 906 906 906 905 905 905 904 904 904 867 867 867 905 905 905 906 906 906 907 907 907 862 862 862 865 865 865 861 861 861 906 906 906 862 862 862 858 858 858 906 906 906 853 853 853 908 908 908 858 858 858 861 861 861 855 855 855 891 891 891 903 903 903 892 892 892 891 891 891 893 893 893 733 733 733 891 891 891 733 733 733 732 732 732 898 898 898 903 903 903 904 904 904 898 898 898 892 892 892 903 903 903 898 898 898 902 902 902 897 897 897 902 902 902 905 905 905 907 907 907 902 902 902 898 898 898 904 904 904 902 902 902 907 907 907 901 901 901 907 907 907 908 908 908 909 909 909 901 901 901 909 909 909 900 900 900 722 722 722 730 730 730 720 720 720 730 730 730 722 722 722 910 910 910 730 730 730 852 852 852 725 725 725 910 910 910 853 853 853 730 730 730 910 910 910 909 909 909 908 908 908 910 910 910 824 824 824 911 911 911 824 824 824 899 899 899 911 911 911 824 824 824 910 910 910 722 722 722 911 911 911 900 900 900 909 909 909 899 899 899 824 824 824 821 821 821 899 899 899 895 895 895 900 900 900 821 821 821 894 894 894 899 899 899 853 853 853 855 855 855 852 852 852 853 853 853 910 910 910 908 908 908 853 853 853 906 906 906 858 858 858 908 908 908 907 907 907 906 906 906 909 909 909 901 901 901 907 907 907 909 909 909 910 910 910 911 911 911 900 900 900 911 911 911 899 899 899 900 900 900 896 896 896 901 901 901 912 912 912 913 913 913 914 914 914 912 912 912 741 741 741 743 743 743 912 912 912 743 743 743 915 915 915 913 913 913 916 916 916 917 917 917 913 913 913 912 912 912 915 915 915 914 914 914 918 918 918 919 919 919 914 914 914 920 920 920 912 912 912 915 915 915 921 921 921 916 916 916 915 915 915 744 744 744 921 921 921 915 915 915 743 743 743 744 744 744 918 918 918 917 917 917 922 922 922 918 918 918 914 914 914 913 913 913 919 919 919 923 923 923 924 924 924 923 923 923 919 919 919 918 918 918 923 923 923 918 918 918 925 925 925 923 923 923 925 925 925 926 926 926 923 923 923 926 926 926 927 927 927 925 925 925 922 922 922 928 928 928 926 926 926 929 929 929 930 930 930 926 926 926 925 925 925 931 931 931 920 920 920 914 914 914 932 932 932 920 920 920 741 741 741 912 912 912 920 920 920 747 747 747 741 741 741 933 933 933 914 914 914 919 919 919 933 933 933 924 924 924 934 934 934 933 933 933 932 932 932 914 914 914 924 924 924 927 927 927 935 935 935 924 924 924 933 933 933 919 919 919 924 924 924 923 923 923 927 927 927 936 936 936 937 937 937 938 938 938 936 936 936 939 939 939 920 920 920 936 936 936 920 920 920 932 932 932 939 939 939 936 936 936 940 940 940 939 939 939 747 747 747 920 920 920 939 939 939 754 754 754 747 747 747 937 937 937 936 936 936 932 932 932 937 937 937 932 932 932 933 933 933 937 937 937 934 934 934 941 941 941 934 934 934 937 937 937 933 933 933 934 934 934 924 924 924 935 935 935 934 934 934 935 935 935 942 942 942 943 943 943 710 710 710 944 944 944 943 943 943 707 707 707 706 706 706 707 707 707 943 943 943 945 945 945 945 945 945 946 946 946 930 930 930 945 945 945 947 947 947 948 948 948 945 945 945 929 929 929 707 707 707 947 947 947 944 944 944 949 949 949 947 947 947 950 950 950 948 948 948 947 947 947 945 945 945 943 943 943 948 948 948 946 946 946 945 945 945 948 948 948 951 951 951 946 946 946 952 952 952 953 953 953 950 950 950 952 952 952 950 950 950 947 947 947 952 952 952 949 949 949 954 954 954 950 950 950 955 955 955 951 951 951 950 950 950 951 951 951 948 948 948 956 956 956 954 954 954 957 957 957 956 956 956 958 958 958 953 953 953 956 956 956 953 953 953 952 952 952 953 953 953 955 955 955 950 950 950 953 953 953 959 959 959 955 955 955 929 929 929 945 945 945 930 930 930 929 929 929 926 926 926 931 931 931 930 930 930 927 927 927 926 926 926 946 946 946 927 927 927 930 930 930 946 946 946 935 935 935 927 927 927 951 951 951 935 935 935 946 946 946 951 951 951 942 942 942 935 935 935 955 955 955 960 960 960 942 942 942 955 955 955 942 942 942 951 951 951 942 942 942 941 941 941 934 934 934 698 698 698 961 961 961 694 694 694 698 698 698 697 697 697 962 962 962 697 697 697 698 698 698 693 693 693 697 697 697 696 696 696 756 756 756 697 697 697 756 756 756 963 963 963 962 962 962 958 958 958 698 698 698 962 962 962 963 963 963 964 964 964 962 962 962 964 964 964 960 960 960 963 963 963 756 756 756 758 758 758 963 963 963 758 758 758 940 940 940 963 963 963 940 940 940 938 938 938 963 963 963 962 962 962 697 697 697 964 964 964 938 938 938 941 941 941 964 964 964 963 963 963 938 938 938 938 938 938 940 940 940 936 936 936 940 940 940 754 754 754 939 939 939 940 940 940 758 758 758 754 754 754 958 958 958 957 957 957 961 961 961 958 958 958 959 959 959 953 953 953 958 958 958 962 962 962 959 959 959 959 959 959 960 960 960 955 955 955 959 959 959 962 962 962 960 960 960 960 960 960 941 941 941 942 942 942 960 960 960 964 964 964 941 941 941 941 941 941 938 938 938 937 937 937 717 717 717 965 965 965 713 713 713 717 717 717 719 719 719 966 966 966 719 719 719 803 803 803 967 967 967 719 719 719 717 717 717 716 716 716 719 719 719 718 718 718 803 803 803 966 966 966 968 968 968 969 969 969 966 966 966 967 967 967 968 968 968 966 966 966 970 970 970 717 717 717 967 967 967 803 803 803 805 805 805 967 967 967 805 805 805 971 971 971 967 967 967 971 971 971 972 972 972 967 967 967 966 966 966 719 719 719 968 968 968 972 972 972 973 973 973 968 968 968 967 967 967 972 972 972 972 972 972 971 971 971 974 974 974 971 971 971 805 805 805 800 800 800 971 971 971 800 800 800 975 975 975 975 975 975 974 974 974 971 971 971 975 975 975 800 800 800 796 796 796 975 975 975 796 796 796 976 976 976 974 974 974 977 977 977 972 972 972 974 974 974 975 975 975 976 976 976 974 974 974 976 976 976 978 978 978 970 970 970 966 966 966 979 979 979 970 970 970 980 980 980 965 965 965 970 970 970 979 979 979 981 981 981 979 979 979 966 966 966 969 969 969 979 979 979 969 969 969 982 982 982 969 969 969 973 973 973 983 983 983 969 969 969 968 968 968 973 973 973 973 973 973 972 972 972 977 977 977 977 977 977 984 984 984 973 973 973 977 977 977 974 974 974 978 978 978 977 977 977 978 978 978 985 985 985 986 986 986 987 987 987 980 980 980 986 986 986 970 970 970 981 981 981 981 981 981 988 988 988 986 986 986 981 981 981 979 979 979 982 982 982 982 982 982 989 989 989 981 981 981 982 982 982 969 969 969 983 983 983 983 983 983 984 984 984 990 990 990 983 983 983 991 991 991 982 982 982 983 983 983 973 973 973 984 984 984 984 984 984 977 977 977 985 985 985 984 984 984 992 992 992 990 990 990 691 691 691 690 690 690 694 694 694 691 691 691 961 961 961 993 993 993 961 961 961 698 698 698 958 958 958 961 961 961 691 691 691 694 694 694 993 993 993 957 957 957 994 994 994 993 993 993 976 976 976 691 691 691 957 957 957 958 958 958 956 956 956 957 957 957 993 993 993 961 961 961 994 994 994 995 995 995 992 992 992 995 995 995 954 954 954 996 996 996 995 995 995 996 996 996 997 997 997 995 995 995 994 994 994 957 957 957 995 995 995 957 957 957 954 954 954 954 954 954 956 956 956 952 952 952 996 996 996 944 944 944 998 998 998 996 996 996 954 954 954 949 949 949 949 949 949 952 952 952 947 947 947 976 976 976 993 993 993 978 978 978 976 976 976 692 692 692 691 691 691 976 976 976 796 796 796 692 692 692 985 985 985 978 978 978 993 993 993 985 985 985 992 992 992 984 984 984 985 985 985 993 993 993 994 994 994 992 992 992 997 997 997 990 990 990 992 992 992 985 985 985 994 994 994 992 992 992 995 995 995 997 997 997 997 997 997 998 998 998 999 999 999 990 990 990 999 999 999 991 991 991 705 705 705 710 710 710 701 701 701 710 710 710 943 943 943 706 706 706 710 710 710 705 705 705 1000 1000 1000 1000 1000 1000 944 944 944 710 710 710 1000 1000 1000 1001 1001 1001 1002 1002 1002 1000 1000 1000 999 999 999 998 998 998 1001 1001 1001 1000 1000 1000 705 705 705 1001 1001 1001 989 989 989 1002 1002 1002 1002 1002 1002 991 991 991 999 999 999 989 989 989 982 982 982 991 991 991 989 989 989 1001 1001 1001 988 988 988 988 988 988 981 981 981 989 989 989 944 944 944 947 947 947 943 943 943 944 944 944 996 996 996 949 949 949 944 944 944 1000 1000 1000 998 998 998 998 998 998 997 997 997 996 996 996 999 999 999 1000 1000 1000 1002 1002 1002 999 999 999 990 990 990 997 997 997 991 991 991 983 983 983 990 990 990 991 991 991 1002 1002 1002 989 989 989 916 916 916 913 913 913 915 915 915 916 916 916 1003 1003 1003 1004 1004 1004 1003 1003 1003 832 832 832 835 835 835 1003 1003 1003 835 835 835 1005 1005 1005 1003 1003 1003 916 916 916 921 921 921 1004 1004 1004 1006 1006 1006 1007 1007 1007 1004 1004 1004 917 917 917 916 916 916 1004 1004 1004 1005 1005 1005 1006 1006 1006 921 921 921 744 744 744 832 832 832 921 921 921 832 832 832 1003 1003 1003 1005 1005 1005 835 835 835 844 844 844 1005 1005 1005 844 844 844 876 876 876 1005 1005 1005 876 876 876 1008 1008 1008 1005 1005 1005 1004 1004 1004 1003 1003 1003 1006 1006 1006 1008 1008 1008 1009 1009 1009 1006 1006 1006 1005 1005 1005 1008 1008 1008 1008 1008 1008 876 876 876 1010 1010 1010 875 875 875 1010 1010 1010 876 876 876 1010 1010 1010 1011 1011 1011 1008 1008 1008 1010 1010 1010 872 872 872 1012 1012 1012 917 917 917 918 918 918 913 913 913 917 917 917 1004 1004 1004 1013 1013 1013 917 917 917 1013 1013 1013 1014 1014 1014 1013 1013 1013 1004 1004 1004 1007 1007 1007 1013 1013 1013 1007 1007 1007 1015 1015 1015 1007 1007 1007 1009 1009 1009 1016 1016 1016 1007 1007 1007 1006 1006 1006 1009 1009 1009 1009 1009 1009 1008 1008 1008 1011 1011 1011 1011 1011 1011 1017 1017 1017 1009 1009 1009 922 922 922 1014 1014 1014 928 928 928 922 922 922 925 925 925 918 918 918 922 922 922 917 917 917 1014 1014 1014 1014 1014 1014 1013 1013 1013 1015 1015 1015 1014 1014 1014 1015 1015 1015 1018 1018 1018 1015 1015 1015 1007 1007 1007 1016 1016 1016 1015 1015 1015 1016 1016 1016 1019 1019 1019 1016 1016 1016 1017 1017 1017 1020 1020 1020 1016 1016 1016 1009 1009 1009 1017 1017 1017 1021 1021 1021 740 740 740 1022 1022 1022 1021 1021 1021 737 737 737 736 736 736 737 737 737 1021 1021 1021 1023 1023 1023 1023 1023 1023 872 872 872 737 737 737 1023 1023 1023 1024 1024 1024 1012 1012 1012 1023 1023 1023 1025 1025 1025 1026 1026 1026 1025 1025 1025 1023 1023 1023 1021 1021 1021 1025 1025 1025 1027 1027 1027 1026 1026 1026 1025 1025 1025 1022 1022 1022 1028 1028 1028 1026 1026 1026 1029 1029 1029 1024 1024 1024 1026 1026 1026 1024 1024 1024 1023 1023 1023 1030 1030 1030 1027 1027 1027 1025 1025 1025 1030 1030 1030 1028 1028 1028 1031 1031 1031 1030 1030 1030 1032 1032 1032 1027 1027 1027 1027 1027 1027 1029 1029 1029 1026 1026 1026 1027 1027 1027 1033 1033 1033 1029 1029 1029 1034 1034 1034 1035 1035 1035 1032 1032 1032 1034 1034 1034 1031 1031 1031 1036 1036 1036 1034 1034 1034 1032 1032 1032 1030 1030 1030 1032 1032 1032 1037 1037 1037 1033 1033 1033 1032 1032 1032 1033 1033 1033 1027 1027 1027 872 872 872 1023 1023 1023 1012 1012 1012 872 872 872 1010 1010 1010 875 875 875 1012 1012 1012 1011 1011 1011 1010 1010 1010 1024 1024 1024 1017 1017 1017 1011 1011 1011 1024 1024 1024 1011 1011 1011 1012 1012 1012 1029 1029 1029 1020 1020 1020 1017 1017 1017 1029 1029 1029 1017 1017 1017 1024 1024 1024 1033 1033 1033 1020 1020 1020 1029 1029 1029 1033 1033 1033 1038 1038 1038 1020 1020 1020 1020 1020 1020 1019 1019 1019 1016 1016 1016 709 709 709 708 708 708 1039 1039 1039 709 709 709 1040 1040 1040 703 703 703 708 708 708 707 707 707 929 929 929 708 708 708 709 709 709 702 702 702 708 708 708 929 929 929 1041 1041 1041 1039 1039 1039 1042 1042 1042 1038 1038 1038 1039 1039 1039 1035 1035 1035 709 709 709 1039 1039 1039 1041 1041 1041 1042 1042 1042 1041 1041 1041 1039 1039 1039 708 708 708 1041 1041 1041 929 929 929 931 931 931 1041 1041 1041 931 931 931 928 928 928 1041 1041 1041 928 928 928 1018 1018 1018 1042 1042 1042 1018 1018 1018 1019 1019 1019 1042 1042 1042 1041 1041 1041 1018 1018 1018 1018 1018 1018 928 928 928 1014 1014 1014 928 928 928 931 931 931 925 925 925 1035 1035 1035 1037 1037 1037 1032 1032 1032 1035 1035 1035 1039 1039 1039 1037 1037 1037 1035 1035 1035 1036 1036 1036 1040 1040 1040 1037 1037 1037 1038 1038 1038 1033 1033 1033 1037 1037 1037 1039 1039 1039 1038 1038 1038 1038 1038 1038 1019 1019 1019 1020 1020 1020 1038 1038 1038 1042 1042 1042 1019 1019 1019 1019 1019 1019 1018 1018 1018 1015 1015 1015 1043 1043 1043 877 877 877 711 711 711 1043 1043 1043 711 711 711 713 713 713 1043 1043 1043 965 965 965 1044 1044 1044 965 965 965 1043 1043 1043 713 713 713 965 965 965 717 717 717 970 970 970 1044 1044 1044 980 980 980 1045 1045 1045 1044 1044 1044 1046 1046 1046 1043 1043 1043 980 980 980 1044 1044 1044 965 965 965 980 980 980 970 970 970 986 986 986 1045 1045 1045 1047 1047 1047 1048 1048 1048 1047 1047 1047 1045 1045 1045 980 980 980 1047 1047 1047 987 987 987 1049 1049 1049 1047 1047 1047 980 980 980 987 987 987 1047 1047 1047 1049 1049 1049 1050 1050 1050 987 987 987 988 988 988 1051 1051 1051 987 987 987 986 986 986 988 988 988 1049 1049 1049 1051 1051 1051 1052 1052 1052 1049 1049 1049 987 987 987 1051 1051 1051 1049 1049 1049 1052 1052 1052 1053 1053 1053 1051 1051 1051 1001 1001 1001 1052 1052 1052 1051 1051 1051 988 988 988 1001 1001 1001 1046 1046 1046 1044 1044 1044 1054 1054 1054 1046 1046 1046 879 879 879 877 877 877 1046 1046 1046 877 877 877 1043 1043 1043 1055 1055 1055 1048 1048 1048 1056 1056 1056 1055 1055 1055 1044 1044 1044 1045 1045 1045 1055 1055 1055 1054 1054 1054 1044 1044 1044 1048 1048 1048 1055 1055 1055 1045 1045 1045 1048 1048 1048 1047 1047 1047 1050 1050 1050 1048 1048 1048 1050 1050 1050 1057 1057 1057 1050 1050 1050 1053 1053 1053 1058 1058 1058 1050 1050 1050 1049 1049 1049 1053 1053 1053 1059 1059 1059 888 888 888 1046 1046 1046 1059 1059 1059 1046 1046 1046 1054 1054 1054 1059 1059 1059 889 889 889 888 888 888 888 888 888 886 886 886 879 879 879 888 888 888 879 879 879 1046 1046 1046 1060 1060 1060 1059 1059 1059 1054 1054 1054 1060 1060 1060 1054 1054 1054 1055 1055 1055 1060 1060 1060 1061 1061 1061 1059 1059 1059 1056 1056 1056 1057 1057 1057 1062 1062 1062 1056 1056 1056 1063 1063 1063 1060 1060 1060 1056 1056 1056 1060 1060 1060 1055 1055 1055 1056 1056 1056 1048 1048 1048 1057 1057 1057 1057 1057 1057 1064 1064 1064 1062 1062 1062 1057 1057 1057 1050 1050 1050 1058 1058 1058 704 704 704 701 701 701 703 703 703 704 704 704 1040 1040 1040 1065 1065 1065 1040 1040 1040 704 704 704 703 703 703 1040 1040 1040 709 709 709 1035 1035 1035 1065 1065 1065 1036 1036 1036 1066 1066 1066 1065 1065 1065 1052 1052 1052 704 704 704 1036 1036 1036 1035 1035 1035 1034 1034 1034 1036 1036 1036 1065 1065 1065 1040 1040 1040 1066 1066 1066 1067 1067 1067 1064 1064 1064 1067 1067 1067 1031 1031 1031 1068 1068 1068 1067 1067 1067 1068 1068 1068 1069 1069 1069 1067 1067 1067 1036 1036 1036 1031 1031 1031 1067 1067 1067 1066 1066 1066 1036 1036 1036 1031 1031 1031 1034 1034 1034 1030 1030 1030 1068 1068 1068 1022 1022 1022 1070 1070 1070 1068 1068 1068 1031 1031 1031 1028 1028 1028 1028 1028 1028 1030 1030 1030 1025 1025 1025 1052 1052 1052 705 705 705 704 704 704 1052 1052 1052 1065 1065 1065 1053 1053 1053 1052 1052 1052 1001 1001 1001 705 705 705 1058 1058 1058 1053 1053 1053 1065 1065 1065 1058 1058 1058 1065 1065 1065 1066 1066 1066 1058 1058 1058 1064 1064 1064 1057 1057 1057 1064 1064 1064 1069 1069 1069 1062 1062 1062 1064 1064 1064 1067 1067 1067 1069 1069 1069 1064 1064 1064 1058 1058 1058 1066 1066 1066 1069 1069 1069 1070 1070 1070 1071 1071 1071 1062 1062 1062 1071 1071 1071 1063 1063 1063 733 733 733 740 740 740 731 731 731 740 740 740 1021 1021 1021 736 736 736 740 740 740 733 733 733 1072 1072 1072 1072 1072 1072 893 893 893 1073 1073 1073 1072 1072 1072 1022 1022 1022 740 740 740 1072 1072 1072 1071 1071 1071 1070 1070 1070 893 893 893 1061 1061 1061 1073 1073 1073 893 893 893 1072 1072 1072 733 733 733 1073 1073 1073 1063 1063 1063 1071 1071 1071 1061 1061 1061 1060 1060 1060 1063 1063 1063 1061 1061 1061 893 893 893 889 889 889 889 889 889 1059 1059 1059 1061 1061 1061 1022 1022 1022 1072 1072 1072 1070 1070 1070 1022 1022 1022 1025 1025 1025 1021 1021 1021 1022 1022 1022 1068 1068 1068 1028 1028 1028 1070 1070 1070 1069 1069 1069 1068 1068 1068 1071 1071 1071 1072 1072 1072 1073 1073 1073 1071 1071 1071 1062 1062 1062 1069 1069 1069 1063 1063 1063 1056 1056 1056 1062 1062 1062 1063 1063 1063 1073 1073 1073 1061 1061 1061 1074 1074 1074 1075 1075 1075 1076 1076 1076 1074 1074 1074 1077 1077 1077 1078 1078 1078 1075 1075 1075 1079 1079 1079 1080 1080 1080 1075 1075 1075 1081 1081 1081 1076 1076 1076 1076 1076 1076 1082 1082 1082 1077 1077 1077 1083 1083 1083 1084 1084 1084 1085 1085 1085 1083 1083 1083 1080 1080 1080 1086 1086 1086 1080 1080 1080 1085 1085 1085 1087 1087 1087 1080 1080 1080 1079 1079 1079 1086 1086 1086 1086 1086 1086 1088 1088 1088 1083 1083 1083 1086 1086 1086 1079 1079 1079 1089 1089 1089 1079 1079 1079 1078 1078 1078 1089 1089 1089 1079 1079 1079 1075 1075 1075 1074 1074 1074 1089 1089 1089 1090 1090 1090 1091 1091 1091 1087 1087 1087 1092 1092 1092 1093 1093 1093 1087 1087 1087 1075 1075 1075 1080 1080 1080 1087 1087 1087 1093 1093 1093 1075 1075 1075 1094 1094 1094 1091 1091 1091 1090 1090 1090 1094 1094 1094 1088 1088 1088 1091 1091 1091 1094 1094 1094 1095 1095 1095 1096 1096 1096 1095 1095 1095 1097 1097 1097 1098 1098 1098 1095 1095 1095 1099 1099 1099 1096 1096 1096 1095 1095 1095 1100 1100 1100 1097 1097 1097 1096 1096 1096 1099 1099 1099 1088 1088 1088 1101 1101 1101 1102 1102 1102 1103 1103 1103 1101 1101 1101 1104 1104 1104 1105 1105 1105 1101 1101 1101 1106 1106 1106 1104 1104 1104 1102 1102 1102 1101 1101 1101 1107 1107 1107 1102 1102 1102 1082 1082 1082 1103 1103 1103 1107 1107 1107 1108 1108 1108 1102 1102 1102 1097 1097 1097 1109 1109 1109 1098 1098 1098 1109 1109 1109 1097 1097 1097 1110 1110 1110 1109 1109 1109 1111 1111 1111 1112 1112 1112 1109 1109 1109 1113 1113 1113 1098 1098 1098 1109 1109 1109 1114 1114 1114 1111 1111 1111 1098 1098 1098 1115 1115 1115 1116 1116 1116 1098 1098 1098 1116 1116 1116 1095 1095 1095 1110 1110 1110 1117 1117 1117 1114 1114 1114 1110 1110 1110 1100 1100 1100 1118 1118 1118 1119 1119 1119 1114 1114 1114 1120 1120 1120 1119 1119 1119 1120 1120 1120 1121 1121 1121 1120 1120 1120 1114 1114 1114 1117 1117 1117 1120 1120 1120 1122 1122 1122 1121 1121 1121 1121 1121 1121 1123 1123 1123 1119 1119 1119 1122 1122 1122 1117 1117 1117 1124 1124 1124 1122 1122 1122 1125 1125 1125 1105 1105 1105 1122 1122 1122 1126 1126 1126 1125 1125 1125 1117 1117 1117 1110 1110 1110 1118 1118 1118 1117 1117 1117 1122 1122 1122 1120 1120 1120 1117 1117 1117 1127 1127 1127 1124 1124 1124 1114 1114 1114 1109 1109 1109 1110 1110 1110 1118 1118 1118 1090 1090 1090 1127 1127 1127 1118 1118 1118 1100 1100 1100 1090 1090 1090 1118 1118 1118 1127 1127 1127 1117 1117 1117 1088 1088 1088 1086 1086 1086 1091 1091 1091 1088 1088 1088 1094 1094 1094 1096 1096 1096 1091 1091 1091 1086 1086 1086 1089 1089 1089 1100 1100 1100 1110 1110 1110 1097 1097 1097 1100 1100 1100 1095 1095 1095 1094 1094 1094 1100 1100 1100 1094 1094 1094 1090 1090 1090 1090 1090 1090 1089 1089 1089 1127 1127 1127 1108 1108 1108 1077 1077 1077 1102 1102 1102 1092 1092 1092 1087 1087 1087 1128 1128 1128 1128 1128 1128 1084 1084 1084 1129 1129 1129 1128 1128 1128 1087 1087 1087 1085 1085 1085 1111 1111 1111 1114 1114 1114 1119 1119 1119 1082 1082 1082 1076 1076 1076 1081 1081 1081 1082 1082 1082 1106 1106 1106 1103 1103 1103 1082 1082 1082 1102 1102 1102 1077 1077 1077 1077 1077 1077 1074 1074 1074 1076 1076 1076 1105 1105 1105 1130 1130 1130 1121 1121 1121 1105 1105 1105 1107 1107 1107 1101 1101 1101 1105 1105 1105 1125 1125 1125 1107 1107 1107 1105 1105 1105 1121 1121 1121 1122 1122 1122 1125 1125 1125 1108 1108 1108 1107 1107 1107 1078 1078 1078 1077 1077 1077 1108 1108 1108 1078 1078 1078 1079 1079 1079 1074 1074 1074 1112 1112 1112 1111 1111 1111 1123 1123 1123 1123 1123 1123 1111 1111 1111 1119 1119 1119 1123 1123 1123 1121 1121 1121 1130 1130 1130 1099 1099 1099 1115 1115 1115 1129 1129 1129 1099 1099 1099 1129 1129 1129 1084 1084 1084 1099 1099 1099 1084 1084 1084 1088 1088 1088 1099 1099 1099 1095 1095 1095 1116 1116 1116 1084 1084 1084 1083 1083 1083 1088 1088 1088 1084 1084 1084 1128 1128 1128 1085 1085 1085 1106 1106 1106 1101 1101 1101 1103 1103 1103 1127 1127 1127 1089 1089 1089 1131 1131 1131 1127 1127 1127 1131 1131 1131 1124 1124 1124 1131 1131 1131 1078 1078 1078 1126 1126 1126 1131 1131 1131 1089 1089 1089 1078 1078 1078 1124 1124 1124 1131 1131 1131 1126 1126 1126 1124 1124 1124 1126 1126 1126 1122 1122 1122 1126 1126 1126 1078 1078 1078 1108 1108 1108 1126 1126 1126 1108 1108 1108 1125 1125 1125 1081 1081 1081 1093 1093 1093 1092 1092 1092 1081 1081 1081 1092 1092 1092 1106 1106 1106 1081 1081 1081 1106 1106 1106 1082 1082 1082 1081 1081 1081 1075 1075 1075 1093 1093 1093 1130 1130 1130 1105 1105 1105 1104 1104 1104 1113 1113 1113 1109 1109 1109 1112 1112 1112 1085 1085 1085 1080 1080 1080 1083 1083 1083 1115 1115 1115 1098 1098 1098 1113 1113 1113 1115 1115 1115 1099 1099 1099 1116 1116 1116 1132 1132 1132 1133 1133 1133 1134 1134 1134 1132 1132 1132 1135 1135 1135 1136 1136 1136 1135 1135 1135 1132 1132 1132 1134 1134 1134 1136 1136 1136 1137 1137 1137 1138 1138 1138 1136 1136 1136 1139 1139 1139 1132 1132 1132 1139 1139 1139 1136 1136 1136 1140 1140 1140 1139 1139 1139 1141 1141 1141 1132 1132 1132 1140 1140 1140 1142 1142 1142 1139 1139 1139 1140 1140 1140 1138 1138 1138 1143 1143 1143 1141 1141 1141 1144 1144 1144 1133 1133 1133 1141 1141 1141 1139 1139 1139 1145 1145 1145 1145 1145 1145 1146 1146 1146 1141 1141 1141 1133 1133 1133 1132 1132 1132 1141 1141 1141 1144 1144 1144 1147 1147 1147 1148 1148 1148 1144 1144 1144 1141 1141 1141 1146 1146 1146 1146 1146 1146 1149 1149 1149 1147 1147 1147 1146 1146 1146 1145 1145 1145 1150 1150 1150 1150 1150 1150 1151 1151 1151 1149 1149 1149 1149 1149 1149 1146 1146 1146 1150 1150 1150 1147 1147 1147 1152 1152 1152 1153 1153 1153 1147 1147 1147 1144 1144 1144 1146 1146 1146 1147 1147 1147 1154 1154 1154 1148 1148 1148 1155 1155 1155 1156 1156 1156 1157 1157 1157 1155 1155 1155 1158 1158 1158 1159 1159 1159 1156 1156 1156 1155 1155 1155 1159 1159 1159 1157 1157 1157 1153 1153 1153 1155 1155 1155 1159 1159 1159 1160 1160 1160 1156 1156 1156 1158 1158 1158 1161 1161 1161 1162 1162 1162 1158 1158 1158 1163 1163 1163 1159 1159 1159 1158 1158 1158 1155 1155 1155 1164 1164 1164 1164 1164 1164 1165 1165 1165 1158 1158 1158 1164 1164 1164 1153 1153 1153 1152 1152 1152 1163 1163 1163 1166 1166 1166 1167 1167 1167 1163 1163 1163 1158 1158 1158 1162 1162 1162 1160 1160 1160 1167 1167 1167 1168 1168 1168 1160 1160 1160 1159 1159 1159 1163 1163 1163 1169 1169 1169 1170 1170 1170 1171 1171 1171 1170 1170 1170 1172 1172 1172 1171 1171 1171 1170 1170 1170 1169 1169 1169 1173 1173 1173 1171 1171 1171 1174 1174 1174 1169 1169 1169 1173 1173 1173 1175 1175 1175 1170 1170 1170 1174 1174 1174 1171 1171 1171 1172 1172 1172 1172 1172 1172 1175 1175 1175 1176 1176 1176 1172 1172 1172 1177 1177 1177 1174 1174 1174 1151 1151 1151 1178 1178 1178 1152 1152 1152 1151 1151 1151 1152 1152 1152 1149 1149 1149 1151 1151 1151 1150 1150 1150 1179 1179 1179 1179 1179 1179 1180 1180 1180 1151 1151 1151 1181 1181 1181 1142 1142 1142 1182 1182 1182 1181 1181 1181 1179 1179 1179 1150 1150 1150 1181 1181 1181 1150 1150 1150 1145 1145 1145 1183 1183 1183 1182 1182 1182 1184 1184 1184 1183 1183 1183 1185 1185 1185 1179 1179 1179 1183 1183 1183 1179 1179 1179 1181 1181 1181 1185 1185 1185 1186 1186 1186 1187 1187 1187 1185 1185 1185 1183 1183 1183 1186 1186 1186 1185 1185 1185 1188 1188 1188 1180 1180 1180 1180 1180 1180 1189 1189 1189 1178 1178 1178 1180 1180 1180 1179 1179 1179 1185 1185 1185 1180 1180 1180 1190 1190 1190 1189 1189 1189 1191 1191 1191 1192 1192 1192 1193 1193 1193 1191 1191 1191 1194 1194 1194 1195 1195 1195 1191 1191 1191 1193 1193 1193 1194 1194 1194 1191 1191 1191 1196 1196 1196 1197 1197 1197 1192 1192 1192 1198 1198 1198 1199 1199 1199 1192 1192 1192 1191 1191 1191 1200 1200 1200 1200 1200 1200 1197 1197 1197 1201 1201 1201 1200 1200 1200 1202 1202 1202 1198 1198 1198 1197 1197 1197 1203 1203 1203 1201 1201 1201 1197 1197 1197 1200 1200 1200 1191 1191 1191 1202 1202 1202 1204 1204 1204 1198 1198 1198 1202 1202 1202 1200 1200 1200 1201 1201 1201 1198 1198 1198 1205 1205 1205 1199 1199 1199 1198 1198 1198 1192 1192 1192 1200 1200 1200 1206 1206 1206 1196 1196 1196 1207 1207 1207 1206 1206 1206 1208 1208 1208 1204 1204 1204 1206 1206 1206 1204 1204 1204 1203 1203 1203 1196 1196 1196 1191 1191 1191 1195 1195 1195 1196 1196 1196 1206 1206 1206 1203 1203 1203 1207 1207 1207 1209 1209 1209 1206 1206 1206 1207 1207 1207 1195 1195 1195 1210 1210 1210 1203 1203 1203 1197 1197 1197 1196 1196 1196 1203 1203 1203 1202 1202 1202 1201 1201 1201 1203 1203 1203 1204 1204 1204 1202 1202 1202 1208 1208 1208 1211 1211 1211 1212 1212 1212 1204 1204 1204 1208 1208 1208 1212 1212 1212 1204 1204 1204 1212 1212 1212 1198 1198 1198 1195 1195 1195 1213 1213 1213 1210 1210 1210 1195 1195 1195 1207 1207 1207 1196 1196 1196 1213 1213 1213 1195 1195 1195 1194 1194 1194 1210 1210 1210 1214 1214 1214 1207 1207 1207 1210 1210 1210 1215 1215 1215 1216 1216 1216 1217 1217 1217 1188 1188 1188 1218 1218 1218 1217 1217 1217 1219 1219 1219 1220 1220 1220 1217 1217 1217 1220 1220 1220 1190 1190 1190 1217 1217 1217 1221 1221 1221 1222 1222 1222 1217 1217 1217 1222 1222 1222 1219 1219 1219 1222 1222 1222 1223 1223 1223 1224 1224 1224 1219 1219 1219 1222 1222 1222 1225 1225 1225 1219 1219 1219 1226 1226 1226 1227 1227 1227 1225 1225 1225 1222 1222 1222 1224 1224 1224 1225 1225 1225 1224 1224 1224 1228 1228 1228 1225 1225 1225 1229 1229 1229 1226 1226 1226 1218 1218 1218 1187 1187 1187 1230 1230 1230 1218 1218 1218 1221 1221 1221 1217 1217 1217 1221 1221 1221 1230 1230 1230 1231 1231 1231 1221 1221 1221 1223 1223 1223 1222 1222 1222 1223 1223 1223 1231 1231 1231 1232 1232 1232 1233 1233 1233 1234 1234 1234 1165 1165 1165 1233 1233 1233 1152 1152 1152 1178 1178 1178 1152 1152 1152 1147 1147 1147 1149 1149 1149 1152 1152 1152 1233 1233 1233 1164 1164 1164 1178 1178 1178 1151 1151 1151 1180 1180 1180 1189 1189 1189 1235 1235 1235 1233 1233 1233 1189 1189 1189 1233 1233 1233 1178 1178 1178 1235 1235 1235 1236 1236 1236 1234 1234 1234 1237 1237 1237 1143 1143 1143 1238 1238 1238 1237 1237 1237 1182 1182 1182 1142 1142 1142 1143 1143 1143 1239 1239 1239 1240 1240 1240 1143 1143 1143 1237 1237 1237 1140 1140 1140 1238 1238 1238 1241 1241 1241 1237 1237 1237 1242 1242 1242 1143 1143 1143 1240 1240 1240 1242 1242 1242 1243 1243 1243 1244 1244 1244 1242 1242 1242 1238 1238 1238 1143 1143 1143 1240 1240 1240 1239 1239 1239 1245 1245 1245 1246 1246 1246 1247 1247 1247 1238 1238 1238 1246 1246 1246 1238 1238 1238 1242 1242 1242 1246 1246 1246 1244 1244 1244 1248 1248 1248 1247 1247 1247 1246 1246 1246 1249 1249 1249 1247 1247 1247 1249 1249 1249 1250 1250 1250 1241 1241 1241 1250 1250 1250 1251 1251 1251 1241 1241 1241 1184 1184 1184 1182 1182 1182 1241 1241 1241 1238 1238 1238 1247 1247 1247 1243 1243 1243 1240 1240 1240 1252 1252 1252 1243 1243 1243 1166 1166 1166 1162 1162 1162 1243 1243 1243 1162 1162 1162 1161 1161 1161 1243 1243 1243 1242 1242 1242 1240 1240 1240 1244 1244 1244 1246 1246 1246 1242 1242 1242 1161 1161 1161 1158 1158 1158 1165 1165 1165 1161 1161 1161 1244 1244 1244 1243 1243 1243 1253 1253 1253 1244 1244 1244 1161 1161 1161 1253 1253 1253 1165 1165 1165 1234 1234 1234 1253 1253 1253 1248 1248 1248 1244 1244 1244 1248 1248 1248 1254 1254 1254 1255 1255 1255 1248 1248 1248 1249 1249 1249 1246 1246 1246 1256 1256 1256 1257 1257 1257 1186 1186 1186 1256 1256 1256 1251 1251 1251 1258 1258 1258 1256 1256 1256 1259 1259 1259 1257 1257 1257 1251 1251 1251 1260 1260 1260 1258 1258 1258 1251 1251 1251 1256 1256 1256 1184 1184 1184 1258 1258 1258 1259 1259 1259 1256 1256 1256 1184 1184 1184 1186 1186 1186 1183 1183 1183 1184 1184 1184 1241 1241 1241 1251 1251 1251 1186 1186 1186 1184 1184 1184 1256 1256 1256 1257 1257 1257 1259 1259 1259 1261 1261 1261 1182 1182 1182 1183 1183 1183 1181 1181 1181 1182 1182 1182 1237 1237 1237 1241 1241 1241 1187 1187 1187 1218 1218 1218 1188 1188 1188 1187 1187 1187 1257 1257 1257 1230 1230 1230 1187 1187 1187 1186 1186 1186 1257 1257 1257 1230 1230 1230 1221 1221 1221 1218 1218 1218 1230 1230 1230 1257 1257 1257 1261 1261 1261 1230 1230 1230 1261 1261 1261 1231 1231 1231 1188 1188 1188 1185 1185 1185 1187 1187 1187 1188 1188 1188 1217 1217 1217 1190 1190 1190 1220 1220 1220 1227 1227 1227 1236 1236 1236 1227 1227 1227 1262 1262 1262 1263 1263 1263 1227 1227 1227 1220 1220 1220 1219 1219 1219 1236 1236 1236 1235 1235 1235 1220 1220 1220 1236 1236 1236 1263 1263 1263 1254 1254 1254 1263 1263 1263 1255 1255 1255 1254 1254 1254 1263 1263 1263 1236 1236 1236 1227 1227 1227 1254 1254 1254 1248 1248 1248 1253 1253 1253 1254 1254 1254 1234 1234 1234 1236 1236 1236 1234 1234 1234 1233 1233 1233 1235 1235 1235 1234 1234 1234 1254 1254 1254 1253 1253 1253 1255 1255 1255 1264 1264 1264 1249 1249 1249 1255 1255 1255 1263 1263 1263 1265 1265 1265 1265 1265 1265 1263 1263 1263 1262 1262 1262 1265 1265 1265 1262 1262 1262 1266 1266 1266 1265 1265 1265 1267 1267 1267 1264 1264 1264 1264 1264 1264 1255 1255 1255 1265 1265 1265 1249 1249 1249 1248 1248 1248 1255 1255 1255 1260 1260 1260 1267 1267 1267 1268 1268 1268 1260 1260 1260 1264 1264 1264 1267 1267 1267 1260 1260 1260 1251 1251 1251 1250 1250 1250 1260 1260 1260 1269 1269 1269 1258 1258 1258 1269 1269 1269 1260 1260 1260 1268 1268 1268 1269 1269 1269 1270 1270 1270 1259 1259 1259 1268 1268 1268 1267 1267 1267 1271 1271 1271 1268 1268 1268 1271 1271 1271 1272 1272 1272 1268 1268 1268 1273 1273 1273 1269 1269 1269 1267 1267 1267 1265 1265 1265 1266 1266 1266 1271 1271 1271 1266 1266 1266 1274 1274 1274 1273 1273 1273 1268 1268 1268 1272 1272 1272 1266 1266 1266 1262 1262 1262 1275 1275 1275 1266 1266 1266 1275 1275 1275 1274 1274 1274 1266 1266 1266 1271 1271 1271 1267 1267 1267 1262 1262 1262 1227 1227 1227 1226 1226 1226 1275 1275 1275 1226 1226 1226 1229 1229 1229 1231 1231 1231 1223 1223 1223 1221 1221 1221 1261 1261 1261 1270 1270 1270 1276 1276 1276 1261 1261 1261 1232 1232 1232 1231 1231 1231 1232 1232 1232 1261 1261 1261 1276 1276 1276 1167 1167 1167 1160 1160 1160 1163 1163 1163 1167 1167 1167 1277 1277 1277 1278 1278 1278 1168 1168 1168 1278 1278 1278 1279 1279 1279 1166 1166 1166 1163 1163 1163 1162 1162 1162 1166 1166 1166 1243 1243 1243 1280 1280 1280 1277 1277 1277 1280 1280 1280 1281 1281 1281 1277 1277 1277 1167 1167 1167 1166 1166 1166 1277 1277 1277 1216 1216 1216 1278 1278 1278 1278 1278 1278 1168 1168 1168 1167 1167 1167 1279 1279 1279 1216 1216 1216 1215 1215 1215 1280 1280 1280 1252 1252 1252 1282 1282 1282 1280 1280 1280 1282 1282 1282 1281 1281 1281 1280 1280 1280 1277 1277 1277 1166 1166 1166 1252 1252 1252 1280 1280 1280 1243 1243 1243 1252 1252 1252 1245 1245 1245 1283 1283 1283 1282 1282 1282 1284 1284 1284 1285 1285 1285 1281 1281 1281 1214 1214 1214 1277 1277 1277 1281 1281 1281 1282 1282 1282 1285 1285 1285 1281 1281 1281 1285 1285 1285 1209 1209 1209 1286 1286 1286 1287 1287 1287 1288 1288 1288 1287 1287 1287 1286 1286 1286 1289 1289 1289 1288 1288 1288 1290 1290 1290 1291 1291 1291 1288 1288 1288 1291 1291 1291 1292 1292 1292 1288 1288 1288 1293 1293 1293 1286 1286 1286 1289 1289 1289 1294 1294 1294 1287 1287 1287 1293 1293 1293 1288 1288 1288 1292 1292 1292 1292 1292 1292 1295 1295 1295 1293 1293 1293 1292 1292 1292 1296 1296 1296 1175 1175 1175 1259 1259 1259 1258 1258 1258 1269 1269 1269 1270 1270 1270 1269 1269 1269 1273 1273 1273 1270 1270 1270 1261 1261 1261 1259 1259 1259 1297 1297 1297 1298 1298 1298 1299 1299 1299 1298 1298 1298 1300 1300 1300 1301 1301 1301 1298 1298 1298 1302 1302 1302 1303 1303 1303 1300 1300 1300 1298 1298 1298 1303 1303 1303 1302 1302 1302 1298 1298 1298 1304 1304 1304 1302 1302 1302 1304 1304 1304 1305 1305 1305 1303 1303 1303 1306 1306 1306 1307 1307 1307 1303 1303 1303 1302 1302 1302 1306 1306 1306 1304 1304 1304 1298 1298 1298 1297 1297 1297 1305 1305 1305 1304 1304 1304 1308 1308 1308 1190 1190 1190 1220 1220 1220 1235 1235 1235 1190 1190 1190 1235 1235 1235 1189 1189 1189 1190 1190 1190 1180 1180 1180 1188 1188 1188 1250 1250 1250 1249 1249 1249 1264 1264 1264 1250 1250 1250 1264 1264 1264 1260 1260 1260 1250 1250 1250 1241 1241 1241 1247 1247 1247 1142 1142 1142 1145 1145 1145 1139 1139 1139 1142 1142 1142 1181 1181 1181 1145 1145 1145 1142 1142 1142 1140 1140 1140 1237 1237 1237 1165 1165 1165 1164 1164 1164 1233 1233 1233 1165 1165 1165 1253 1253 1253 1161 1161 1161 1226 1226 1226 1275 1275 1275 1262 1262 1262 1226 1226 1226 1219 1219 1219 1225 1225 1225 1229 1229 1229 1225 1225 1225 1228 1228 1228 1154 1154 1154 1147 1147 1147 1153 1153 1153 1153 1153 1153 1157 1157 1157 1154 1154 1154 1153 1153 1153 1164 1164 1164 1155 1155 1155 1138 1138 1138 1309 1309 1309 1239 1239 1239 1138 1138 1138 1140 1140 1140 1136 1136 1136 1309 1309 1309 1138 1138 1138 1137 1137 1137 1239 1239 1239 1309 1309 1309 1310 1310 1310 1239 1239 1239 1143 1143 1143 1138 1138 1138 1137 1137 1137 1136 1136 1136 1135 1135 1135 1216 1216 1216 1277 1277 1277 1214 1214 1214 1216 1216 1216 1279 1279 1279 1278 1278 1278 1215 1215 1215 1210 1210 1210 1213 1213 1213 1214 1214 1214 1210 1210 1210 1216 1216 1216 1214 1214 1214 1281 1281 1281 1209 1209 1209 1209 1209 1209 1285 1285 1285 1208 1208 1208 1209 1209 1209 1208 1208 1208 1206 1206 1206 1209 1209 1209 1207 1207 1207 1214 1214 1214 1285 1285 1285 1211 1211 1211 1208 1208 1208 1295 1295 1295 1292 1292 1292 1175 1175 1175 1175 1175 1175 1173 1173 1173 1295 1295 1295 1175 1175 1175 1172 1172 1172 1170 1170 1170 1283 1283 1283 1284 1284 1284 1282 1282 1282 1283 1283 1283 1311 1311 1311 1312 1312 1312 1283 1283 1283 1282 1282 1282 1252 1252 1252 1284 1284 1284 1211 1211 1211 1285 1285 1285 1284 1284 1284 1312 1312 1312 1313 1313 1313 1312 1312 1312 1284 1284 1284 1283 1283 1283 1311 1311 1311 1283 1283 1283 1245 1245 1245 1313 1313 1313 1211 1211 1211 1284 1284 1284 1313 1313 1313 1212 1212 1212 1211 1211 1211 1314 1314 1314 1315 1315 1315 1296 1296 1296 1315 1315 1315 1314 1314 1314 1316 1316 1316 1315 1315 1315 1175 1175 1175 1296 1296 1296 1315 1315 1315 1176 1176 1176 1175 1175 1175 1296 1296 1296 1292 1292 1292 1291 1291 1291 1296 1296 1296 1317 1317 1317 1314 1314 1314 1316 1316 1316 1318 1318 1318 1315 1315 1315 1318 1318 1318 1319 1319 1319 1320 1320 1320 1318 1318 1318 1316 1316 1316 1321 1321 1321 1294 1294 1294 1289 1289 1289 1322 1322 1322 1294 1294 1294 1323 1323 1323 1324 1324 1324 1323 1323 1323 1294 1294 1294 1322 1322 1322 1324 1324 1324 1325 1325 1325 1326 1326 1326 1327 1327 1327 1328 1328 1328 1329 1329 1329 1327 1327 1327 1330 1330 1330 1331 1331 1331 1328 1328 1328 1327 1327 1327 1331 1331 1331 1328 1328 1328 1330 1330 1330 1332 1332 1332 1329 1329 1329 1332 1332 1332 1333 1333 1333 1330 1330 1330 1328 1328 1328 1331 1331 1331 1330 1330 1330 1327 1327 1327 1334 1334 1334 1334 1334 1334 1335 1335 1335 1330 1330 1330 1245 1245 1245 1252 1252 1252 1240 1240 1240 1245 1245 1245 1310 1310 1310 1311 1311 1311 1310 1310 1310 1245 1245 1245 1239 1239 1239 1336 1336 1336 1291 1291 1291 1290 1290 1290 1291 1291 1291 1336 1336 1336 1317 1317 1317 1290 1290 1290 1337 1337 1337 1336 1336 1336 1290 1290 1290 1288 1288 1288 1287 1287 1287 1290 1290 1290 1287 1287 1287 1335 1335 1335 1317 1317 1317 1296 1296 1296 1291 1291 1291 1319 1319 1319 1318 1318 1318 1321 1321 1321 1320 1320 1320 1338 1338 1338 1339 1339 1339 1338 1338 1338 1176 1176 1176 1339 1339 1339 1338 1338 1338 1320 1320 1320 1319 1319 1319 1339 1339 1339 1315 1315 1315 1318 1318 1318 1339 1339 1339 1318 1318 1318 1320 1320 1320 1176 1176 1176 1338 1338 1338 1177 1177 1177 1176 1176 1176 1315 1315 1315 1339 1339 1339 1177 1177 1177 1172 1172 1172 1176 1176 1176 1212 1212 1212 1313 1313 1313 1205 1205 1205 1205 1205 1205 1198 1198 1198 1212 1212 1212 1335 1335 1335 1294 1294 1294 1330 1330 1330 1335 1335 1335 1334 1334 1334 1337 1337 1337 1335 1335 1335 1287 1287 1287 1294 1294 1294 1337 1337 1337 1290 1290 1290 1335 1335 1335 1340 1340 1340 1332 1332 1332 1341 1341 1341 1332 1332 1332 1340 1340 1340 1333 1333 1333 1332 1332 1332 1330 1330 1330 1294 1294 1294 1332 1332 1332 1294 1294 1294 1324 1324 1324 1332 1332 1332 1324 1324 1324 1341 1341 1341 1332 1332 1332 1329 1329 1329 1328 1328 1328 1341 1341 1341 1325 1325 1325 1340 1340 1340 1341 1341 1341 1324 1324 1324 1326 1326 1326 1325 1325 1325 1341 1341 1341 1326 1326 1326 1325 1325 1325 1324 1324 1324 1323 1323 1323 1342 1342 1342 1343 1343 1343 1344 1344 1344 1342 1342 1342 1344 1344 1344 1345 1345 1345 1344 1344 1344 1346 1346 1346 1345 1345 1345 1345 1345 1345 1347 1347 1347 1348 1348 1348 1349 1349 1349 1350 1350 1350 1342 1342 1342 1349 1349 1349 1342 1342 1342 1345 1345 1345 1349 1349 1349 1348 1348 1348 1351 1351 1351 1350 1350 1350 1352 1352 1352 1342 1342 1342 1350 1350 1350 1353 1353 1353 1352 1352 1352 1350 1350 1350 1354 1354 1354 1355 1355 1355 1348 1348 1348 1349 1349 1349 1345 1345 1345 1348 1348 1348 1356 1356 1356 1357 1357 1357 1351 1351 1351 1354 1354 1354 1349 1349 1349 1351 1351 1351 1357 1357 1357 1358 1358 1358 1347 1347 1347 1345 1345 1345 1346 1346 1346 1356 1356 1356 1348 1348 1348 1347 1347 1347 1357 1357 1357 1351 1351 1351 1348 1348 1348 1357 1357 1357 1356 1356 1356 1359 1359 1359 1358 1358 1358 1360 1360 1360 1361 1361 1361 1358 1358 1358 1362 1362 1362 1351 1351 1351 1363 1363 1363 1358 1358 1358 1357 1357 1357 1363 1363 1363 1357 1357 1357 1359 1359 1359 1359 1359 1359 1356 1356 1356 1364 1364 1364 1359 1359 1359 1365 1365 1365 1366 1366 1366 1367 1367 1367 1368 1368 1368 1369 1369 1369 1368 1368 1368 1367 1367 1367 1370 1370 1370 1369 1369 1369 1371 1371 1371 1372 1372 1372 1370 1370 1370 1366 1366 1366 1365 1365 1365 1373 1373 1373 1374 1374 1374 1367 1367 1367 1373 1373 1373 1367 1367 1367 1369 1369 1369 1373 1373 1373 1372 1372 1372 1375 1375 1375 1373 1373 1373 1376 1376 1376 1377 1377 1377 1374 1374 1374 1366 1366 1366 1367 1367 1367 1374 1374 1374 1378 1378 1378 1366 1366 1366 1374 1374 1374 1377 1377 1377 1379 1379 1379 1372 1372 1372 1380 1380 1380 1381 1381 1381 1372 1372 1372 1371 1371 1371 1380 1380 1380 1372 1372 1372 1373 1373 1373 1369 1369 1369 1375 1375 1375 1372 1372 1372 1381 1381 1381 1371 1371 1371 1369 1369 1369 1368 1368 1368 1382 1382 1382 1383 1383 1383 1384 1384 1384 1383 1383 1383 1382 1382 1382 1385 1385 1385 1384 1384 1384 1386 1386 1386 1387 1387 1387 1385 1385 1385 1388 1388 1388 1389 1389 1389 1388 1388 1388 1385 1385 1385 1382 1382 1382 1389 1389 1389 1390 1390 1390 1391 1391 1391 1389 1389 1389 1383 1383 1383 1385 1385 1385 1389 1389 1389 1386 1386 1386 1383 1383 1383 1360 1360 1360 1358 1358 1358 1363 1363 1363 1360 1360 1360 1378 1378 1378 1392 1392 1392 1361 1361 1361 1393 1393 1393 1394 1394 1394 1361 1361 1361 1395 1395 1395 1362 1362 1362 1362 1362 1362 1358 1358 1358 1361 1361 1361 1362 1362 1362 1396 1396 1396 1354 1354 1354 1395 1395 1395 1361 1361 1361 1394 1394 1394 1394 1394 1394 1397 1397 1397 1395 1395 1395 1394 1394 1394 1398 1398 1398 1399 1399 1399 1393 1393 1393 1400 1400 1400 1398 1398 1398 1393 1393 1393 1392 1392 1392 1401 1401 1401 1393 1393 1393 1361 1361 1361 1360 1360 1360 1402 1402 1402 1403 1403 1403 1404 1404 1404 1402 1402 1402 1405 1405 1405 1406 1406 1406 1402 1402 1402 1407 1407 1407 1408 1408 1408 1407 1407 1407 1402 1402 1402 1406 1406 1406 1408 1408 1408 1407 1407 1407 1409 1409 1409 1408 1408 1408 1409 1409 1409 1410 1410 1410 1408 1408 1408 1411 1411 1411 1402 1402 1402 1411 1411 1411 1412 1412 1412 1403 1403 1403 1411 1411 1411 1408 1408 1408 1413 1413 1413 1413 1413 1413 1410 1410 1410 1412 1412 1412 1410 1410 1410 1413 1413 1413 1408 1408 1408 1409 1409 1409 1414 1414 1414 1415 1415 1415 1409 1409 1409 1416 1416 1416 1410 1410 1410 1409 1409 1409 1407 1407 1407 1417 1417 1417 1403 1403 1403 1402 1402 1402 1411 1411 1411 1403 1403 1403 1418 1418 1418 1419 1419 1419 1418 1418 1418 1420 1420 1420 1421 1421 1421 1418 1418 1418 1403 1403 1403 1412 1412 1412 1419 1419 1419 1404 1404 1404 1403 1403 1403 1419 1419 1419 1421 1421 1421 1422 1422 1422 1412 1412 1412 1416 1416 1416 1418 1418 1418 1412 1412 1412 1411 1411 1411 1413 1413 1413 1416 1416 1416 1412 1412 1412 1410 1410 1410 1416 1416 1416 1415 1415 1415 1420 1420 1420 1416 1416 1416 1409 1409 1409 1415 1415 1415 1420 1420 1420 1418 1418 1418 1416 1416 1416 1420 1420 1420 1415 1415 1415 1423 1423 1423 1424 1424 1424 1422 1422 1422 1425 1425 1425 1424 1424 1424 1426 1426 1426 1427 1427 1427 1424 1424 1424 1427 1427 1427 1404 1404 1404 1404 1404 1404 1427 1427 1427 1405 1405 1405 1404 1404 1404 1405 1405 1405 1402 1402 1402 1404 1404 1404 1419 1419 1419 1424 1424 1424 1428 1428 1428 1429 1429 1429 1430 1430 1430 1428 1428 1428 1431 1431 1431 1432 1432 1432 1428 1428 1428 1430 1430 1430 1431 1431 1431 1428 1428 1428 1398 1398 1398 1400 1400 1400 1430 1430 1430 1433 1433 1433 1434 1434 1434 1430 1430 1430 1434 1434 1434 1431 1431 1431 1431 1431 1431 1434 1434 1434 1435 1435 1435 1431 1431 1431 1435 1435 1435 1436 1436 1436 1434 1434 1434 1437 1437 1437 1438 1438 1438 1439 1439 1439 1399 1399 1399 1398 1398 1398 1439 1439 1439 1428 1428 1428 1432 1432 1432 1432 1432 1432 1440 1440 1440 1439 1439 1439 1432 1432 1432 1431 1431 1431 1436 1436 1436 1436 1436 1436 1441 1441 1441 1432 1432 1432 1438 1438 1438 1435 1435 1435 1434 1434 1434 1379 1379 1379 1401 1401 1401 1392 1392 1392 1379 1379 1379 1378 1378 1378 1374 1374 1374 1379 1379 1379 1442 1442 1442 1443 1443 1443 1378 1378 1378 1363 1363 1363 1359 1359 1359 1378 1378 1378 1359 1359 1359 1366 1366 1366 1378 1378 1378 1360 1360 1360 1363 1363 1363 1378 1378 1378 1379 1379 1379 1392 1392 1392 1392 1392 1392 1393 1393 1393 1360 1360 1360 1401 1401 1401 1379 1379 1379 1443 1443 1443 1401 1401 1401 1443 1443 1443 1400 1400 1400 1443 1443 1443 1444 1444 1444 1429 1429 1429 1355 1355 1355 1396 1396 1396 1445 1445 1445 1355 1355 1355 1353 1353 1353 1350 1350 1350 1353 1353 1353 1446 1446 1446 1447 1447 1447 1353 1353 1353 1447 1447 1447 1352 1352 1352 1353 1353 1353 1448 1448 1448 1446 1446 1446 1353 1353 1353 1355 1355 1355 1449 1449 1449 1449 1449 1449 1445 1445 1445 1450 1450 1450 1449 1449 1449 1451 1451 1451 1448 1448 1448 1448 1448 1448 1353 1353 1353 1449 1449 1449 1448 1448 1448 1452 1452 1452 1446 1446 1446 1446 1446 1446 1453 1453 1453 1447 1447 1447 1446 1446 1446 1452 1452 1452 1454 1454 1454 1451 1451 1451 1455 1455 1455 1448 1448 1448 1451 1451 1451 1449 1449 1449 1450 1450 1450 1450 1450 1450 1456 1456 1456 1451 1451 1451 1445 1445 1445 1457 1457 1457 1458 1458 1458 1445 1445 1445 1449 1449 1449 1355 1355 1355 1452 1452 1452 1376 1376 1376 1375 1375 1375 1452 1452 1452 1448 1448 1448 1455 1455 1455 1452 1452 1452 1381 1381 1381 1459 1459 1459 1455 1455 1455 1451 1451 1451 1460 1460 1460 1455 1455 1455 1461 1461 1461 1376 1376 1376 1376 1376 1376 1452 1452 1452 1455 1455 1455 1376 1376 1376 1373 1373 1373 1375 1375 1375 1461 1461 1461 1377 1377 1377 1376 1376 1376 1461 1461 1461 1460 1460 1460 1462 1462 1462 1461 1461 1461 1455 1455 1455 1460 1460 1460 1460 1460 1460 1456 1456 1456 1463 1463 1463 1458 1458 1458 1464 1464 1464 1445 1445 1445 1458 1458 1458 1465 1465 1465 1466 1466 1466 1465 1465 1465 1458 1458 1458 1457 1457 1457 1465 1465 1465 1397 1397 1397 1467 1467 1467 1465 1465 1465 1467 1467 1467 1468 1468 1468 1466 1466 1466 1469 1469 1469 1458 1458 1458 1466 1466 1466 1468 1468 1468 1470 1470 1470 1457 1457 1457 1395 1395 1395 1397 1397 1397 1457 1457 1457 1445 1445 1445 1396 1396 1396 1457 1457 1457 1397 1397 1397 1465 1465 1465 1397 1397 1397 1394 1394 1394 1399 1399 1399 1467 1467 1467 1471 1471 1471 1468 1468 1468 1467 1467 1467 1399 1399 1399 1440 1440 1440 1467 1467 1467 1440 1440 1440 1471 1471 1471 1396 1396 1396 1362 1362 1362 1395 1395 1395 1396 1396 1396 1355 1355 1355 1354 1354 1354 1396 1396 1396 1395 1395 1395 1457 1457 1457 1399 1399 1399 1439 1439 1439 1440 1440 1440 1399 1399 1399 1467 1467 1467 1397 1397 1397 1440 1440 1440 1432 1432 1432 1441 1441 1441 1398 1398 1398 1428 1428 1428 1439 1439 1439 1398 1398 1398 1394 1394 1394 1393 1393 1393 1429 1429 1429 1472 1472 1472 1430 1430 1430 1472 1472 1472 1473 1473 1473 1433 1433 1433 1472 1472 1472 1429 1429 1429 1444 1444 1444 1444 1444 1444 1474 1474 1474 1472 1472 1472 1444 1444 1444 1443 1443 1443 1442 1442 1442 1474 1474 1474 1444 1444 1444 1462 1462 1462 1474 1474 1474 1475 1475 1475 1473 1473 1473 1462 1462 1462 1463 1463 1463 1474 1474 1474 1462 1462 1462 1442 1442 1442 1461 1461 1461 1442 1442 1442 1379 1379 1379 1377 1377 1377 1442 1442 1442 1462 1462 1462 1444 1444 1444 1463 1463 1463 1476 1476 1476 1475 1475 1475 1463 1463 1463 1462 1462 1462 1460 1460 1460 1475 1475 1475 1474 1474 1474 1463 1463 1463 1475 1475 1475 1477 1477 1477 1478 1478 1478 1476 1476 1476 1463 1463 1463 1456 1456 1456 1476 1476 1476 1464 1464 1464 1469 1469 1469 1476 1476 1476 1469 1469 1469 1477 1477 1477 1456 1456 1456 1450 1450 1450 1464 1464 1464 1456 1456 1456 1460 1460 1460 1451 1451 1451 1470 1470 1470 1469 1469 1469 1466 1466 1466 1470 1470 1470 1479 1479 1479 1480 1480 1480 1469 1469 1469 1470 1470 1470 1481 1481 1481 1469 1469 1469 1464 1464 1464 1458 1458 1458 1481 1481 1481 1477 1477 1477 1469 1469 1469 1481 1481 1481 1480 1480 1480 1482 1482 1482 1477 1477 1477 1481 1481 1481 1483 1483 1483 1477 1477 1477 1475 1475 1475 1476 1476 1476 1482 1482 1482 1483 1483 1483 1481 1481 1481 1483 1483 1483 1478 1478 1478 1477 1477 1477 1480 1480 1480 1481 1481 1481 1470 1470 1470 1478 1478 1478 1483 1483 1483 1484 1484 1484 1478 1478 1478 1473 1473 1473 1475 1475 1475 1473 1473 1473 1478 1478 1478 1485 1485 1485 1473 1473 1473 1472 1472 1472 1474 1474 1474 1484 1484 1484 1485 1485 1485 1478 1478 1478 1485 1485 1485 1433 1433 1433 1473 1473 1473 1441 1441 1441 1436 1436 1436 1486 1486 1486 1441 1441 1441 1471 1471 1471 1440 1440 1440 1471 1471 1471 1487 1487 1487 1479 1479 1479 1471 1471 1471 1486 1486 1486 1487 1487 1487 1486 1486 1486 1471 1471 1471 1441 1441 1441 1380 1380 1380 1488 1488 1488 1489 1489 1489 1380 1380 1380 1490 1490 1490 1488 1488 1488 1380 1380 1380 1371 1371 1371 1490 1490 1490 1381 1381 1381 1452 1452 1452 1375 1375 1375 1381 1381 1381 1380 1380 1380 1489 1489 1489 1489 1489 1489 1425 1425 1425 1422 1422 1422 1489 1489 1489 1459 1459 1459 1381 1381 1381 1488 1488 1488 1491 1491 1491 1425 1425 1425 1488 1488 1488 1490 1490 1490 1491 1491 1491 1459 1459 1459 1489 1489 1489 1492 1492 1492 1459 1459 1459 1454 1454 1454 1452 1452 1452 1454 1454 1454 1459 1459 1459 1493 1493 1493 1454 1454 1454 1494 1494 1494 1453 1453 1453 1492 1492 1492 1493 1493 1493 1459 1459 1459 1492 1492 1492 1422 1422 1422 1421 1421 1421 1493 1493 1493 1492 1492 1492 1495 1495 1495 1493 1493 1493 1494 1494 1494 1454 1454 1454 1493 1493 1493 1495 1495 1495 1496 1496 1496 1493 1493 1493 1496 1496 1496 1494 1494 1494 1497 1497 1497 1498 1498 1498 1499 1499 1499 1498 1498 1498 1497 1497 1497 1500 1500 1500 1499 1499 1499 1501 1501 1501 1502 1502 1502 1500 1500 1500 1503 1503 1503 1498 1498 1498 1500 1500 1500 1504 1504 1504 1505 1505 1505 1504 1504 1504 1500 1500 1500 1497 1497 1497 1505 1505 1505 1506 1506 1506 1500 1500 1500 1505 1505 1505 1387 1387 1387 1386 1386 1386 1468 1468 1468 1466 1466 1466 1465 1465 1465 1468 1468 1468 1471 1471 1471 1479 1479 1479 1479 1479 1479 1470 1470 1470 1468 1468 1468 1507 1507 1507 1508 1508 1508 1509 1509 1509 1507 1507 1507 1510 1510 1510 1508 1508 1508 1510 1510 1510 1507 1507 1507 1511 1511 1511 1510 1510 1510 1512 1512 1512 1508 1508 1508 1510 1510 1510 1513 1513 1513 1514 1514 1514 1511 1511 1511 1515 1515 1515 1516 1516 1516 1515 1515 1515 1511 1511 1511 1507 1507 1507 1512 1512 1512 1510 1510 1510 1517 1517 1517 1509 1509 1509 1508 1508 1508 1518 1518 1518 1513 1513 1513 1510 1510 1510 1511 1511 1511 1400 1400 1400 1443 1443 1443 1429 1429 1429 1400 1400 1400 1393 1393 1393 1401 1401 1401 1400 1400 1400 1429 1429 1429 1428 1428 1428 1464 1464 1464 1476 1476 1476 1456 1456 1456 1464 1464 1464 1450 1450 1450 1445 1445 1445 1354 1354 1354 1351 1351 1351 1362 1362 1362 1354 1354 1354 1350 1350 1350 1349 1349 1349 1377 1377 1377 1374 1374 1374 1373 1373 1373 1377 1377 1377 1461 1461 1461 1442 1442 1442 1433 1433 1433 1430 1430 1430 1472 1472 1472 1433 1433 1433 1485 1485 1485 1437 1437 1437 1437 1437 1437 1434 1434 1434 1433 1433 1433 1365 1365 1365 1359 1359 1359 1364 1364 1364 1366 1366 1366 1370 1370 1370 1367 1367 1367 1447 1447 1447 1519 1519 1519 1520 1520 1520 1447 1447 1447 1520 1520 1520 1352 1352 1352 1352 1352 1352 1520 1520 1520 1343 1343 1343 1352 1352 1352 1343 1343 1343 1342 1342 1342 1425 1425 1425 1491 1491 1491 1426 1426 1426 1425 1425 1425 1489 1489 1489 1488 1488 1488 1425 1425 1425 1426 1426 1426 1424 1424 1424 1422 1422 1422 1492 1492 1492 1489 1489 1489 1422 1422 1422 1424 1424 1424 1419 1419 1419 1421 1421 1421 1419 1419 1419 1418 1418 1418 1421 1421 1421 1420 1420 1420 1495 1495 1495 1421 1421 1421 1495 1495 1495 1492 1492 1492 1495 1495 1495 1423 1423 1423 1496 1496 1496 1495 1495 1495 1420 1420 1420 1423 1423 1423 1387 1387 1387 1505 1505 1505 1504 1504 1504 1386 1386 1386 1389 1389 1389 1391 1391 1391 1386 1386 1386 1391 1391 1391 1521 1521 1521 1386 1386 1386 1522 1522 1522 1505 1505 1505 1386 1386 1386 1384 1384 1384 1383 1383 1383 1496 1496 1496 1523 1523 1523 1524 1524 1524 1496 1496 1496 1524 1524 1524 1494 1494 1494 1494 1494 1494 1525 1525 1525 1453 1453 1453 1494 1494 1494 1524 1524 1524 1525 1525 1525 1423 1423 1423 1523 1523 1523 1496 1496 1496 1523 1523 1523 1415 1415 1415 1414 1414 1414 1526 1526 1526 1521 1521 1521 1527 1527 1527 1521 1521 1521 1526 1526 1526 1522 1522 1522 1521 1521 1521 1528 1528 1528 1529 1529 1529 1527 1527 1527 1529 1529 1529 1530 1530 1530 1522 1522 1522 1386 1386 1386 1521 1521 1521 1522 1522 1522 1531 1531 1531 1506 1506 1506 1529 1529 1529 1527 1527 1527 1521 1521 1521 1529 1529 1529 1528 1528 1528 1532 1532 1532 1530 1530 1530 1529 1529 1529 1533 1533 1533 1501 1501 1501 1534 1534 1534 1535 1535 1535 1501 1501 1501 1499 1499 1499 1498 1498 1498 1536 1536 1536 1502 1502 1502 1501 1501 1501 1536 1536 1536 1501 1501 1501 1535 1535 1535 1535 1535 1535 1537 1537 1537 1538 1538 1538 1539 1539 1539 1540 1540 1540 1541 1541 1541 1539 1539 1539 1541 1541 1541 1542 1542 1542 1539 1539 1539 1543 1543 1543 1544 1544 1544 1540 1540 1540 1545 1545 1545 1534 1534 1534 1540 1540 1540 1534 1534 1534 1541 1541 1541 1541 1541 1541 1543 1543 1543 1542 1542 1542 1543 1543 1543 1539 1539 1539 1542 1542 1542 1543 1543 1543 1541 1541 1541 1534 1534 1534 1543 1543 1543 1501 1501 1501 1546 1546 1546 1544 1544 1544 1546 1546 1546 1547 1547 1547 1453 1453 1453 1446 1446 1446 1454 1454 1454 1453 1453 1453 1525 1525 1525 1519 1519 1519 1519 1519 1519 1447 1447 1447 1453 1453 1453 1548 1548 1548 1506 1506 1506 1531 1531 1531 1506 1506 1506 1548 1548 1548 1503 1503 1503 1506 1506 1506 1505 1505 1505 1522 1522 1522 1531 1531 1531 1522 1522 1522 1526 1526 1526 1503 1503 1503 1547 1547 1547 1546 1546 1546 1503 1503 1503 1500 1500 1500 1506 1506 1506 1533 1533 1533 1529 1529 1529 1532 1532 1532 1549 1549 1549 1533 1533 1533 1532 1532 1532 1549 1549 1549 1532 1532 1532 1528 1528 1528 1549 1549 1549 1391 1391 1391 1390 1390 1390 1528 1528 1528 1521 1521 1521 1391 1391 1391 1391 1391 1391 1549 1549 1549 1528 1528 1528 1390 1390 1390 1389 1389 1389 1388 1388 1388 1415 1415 1415 1523 1523 1523 1423 1423 1423 1414 1414 1414 1409 1409 1409 1417 1417 1417 1546 1546 1546 1544 1544 1544 1543 1543 1543 1546 1546 1546 1501 1501 1501 1498 1498 1498 1546 1546 1546 1498 1498 1498 1503 1503 1503 1547 1547 1547 1503 1503 1503 1548 1548 1548 1550 1550 1550 1534 1534 1534 1545 1545 1545 1534 1534 1534 1550 1550 1550 1537 1537 1537 1534 1534 1534 1501 1501 1501 1543 1543 1543 1537 1537 1537 1551 1551 1551 1538 1538 1538 1537 1537 1537 1535 1535 1535 1534 1534 1534 1551 1551 1551 1536 1536 1536 1535 1535 1535 1551 1551 1551 1535 1535 1535 1538 1538 1538 1551 1551 1551 1537 1537 1537 1550 1550 1550 1552 1552 1552 1553 1553 1553 1554 1554 1554 1552 1552 1552 1555 1555 1555 1556 1556 1556 1552 1552 1552 1557 1557 1557 1558 1558 1558 1557 1557 1557 1559 1559 1559 1558 1558 1558 1557 1557 1557 1552 1552 1552 1560 1560 1560 1557 1557 1557 1561 1561 1561 1562 1562 1562 1558 1558 1558 1563 1563 1563 1564 1564 1564 1560 1560 1560 1556 1556 1556 1565 1565 1565 1560 1560 1560 1566 1566 1566 1567 1567 1567 1560 1560 1560 1568 1568 1568 1557 1557 1557 1556 1556 1556 1560 1560 1560 1552 1552 1552 1556 1556 1556 1569 1569 1569 1570 1570 1570 1565 1565 1565 1570 1570 1570 1571 1571 1571 1566 1566 1566 1560 1560 1560 1565 1565 1565 1566 1566 1566 1572 1572 1572 1567 1567 1567 1566 1566 1566 1571 1571 1571 1573 1573 1573 1567 1567 1567 1574 1574 1574 1568 1568 1568 1568 1568 1568 1560 1560 1560 1567 1567 1567 1568 1568 1568 1575 1575 1575 1561 1561 1561 1568 1568 1568 1561 1561 1561 1557 1557 1557 1576 1576 1576 1573 1573 1573 1577 1577 1577 1576 1576 1576 1578 1578 1578 1579 1579 1579 1578 1578 1578 1576 1576 1576 1580 1580 1580 1578 1578 1578 1581 1581 1581 1579 1579 1579 1579 1579 1579 1582 1582 1582 1574 1574 1574 1579 1579 1579 1572 1572 1572 1576 1576 1576 1580 1580 1580 1583 1583 1583 1584 1584 1584 1580 1580 1580 1585 1585 1585 1578 1578 1578 1580 1580 1580 1577 1577 1577 1586 1586 1586 1577 1577 1577 1571 1571 1571 1587 1587 1587 1577 1577 1577 1580 1580 1580 1576 1576 1576 1586 1586 1586 1588 1588 1588 1583 1583 1583 1586 1586 1586 1587 1587 1587 1588 1588 1588 1583 1583 1583 1588 1588 1588 1589 1589 1589 1583 1583 1583 1580 1580 1580 1586 1586 1586 1583 1583 1583 1590 1590 1590 1584 1584 1584 1585 1585 1585 1590 1590 1590 1591 1591 1591 1585 1585 1585 1580 1580 1580 1584 1584 1584 1585 1585 1585 1592 1592 1592 1578 1578 1578 1593 1593 1593 1594 1594 1594 1595 1595 1595 1593 1593 1593 1596 1596 1596 1597 1597 1597 1596 1596 1596 1593 1593 1593 1598 1598 1598 1596 1596 1596 1599 1599 1599 1600 1600 1600 1597 1597 1597 1589 1589 1589 1594 1594 1594 1597 1597 1597 1591 1591 1591 1590 1590 1590 1598 1598 1598 1601 1601 1601 1599 1599 1599 1594 1594 1594 1602 1602 1602 1595 1595 1595 1594 1594 1594 1593 1593 1593 1597 1597 1597 1595 1595 1595 1602 1602 1602 1603 1603 1603 1604 1604 1604 1605 1605 1605 1606 1606 1606 1604 1604 1604 1607 1607 1607 1593 1593 1593 1604 1604 1604 1593 1593 1593 1595 1595 1595 1604 1604 1604 1595 1595 1595 1603 1603 1603 1607 1607 1607 1598 1598 1598 1593 1593 1593 1607 1607 1607 1606 1606 1606 1608 1608 1608 1607 1607 1607 1609 1609 1609 1598 1598 1598 1609 1609 1609 1607 1607 1607 1608 1608 1608 1609 1609 1609 1610 1610 1610 1601 1601 1601 1609 1609 1609 1608 1608 1608 1611 1611 1611 1612 1612 1612 1613 1613 1613 1614 1614 1614 1612 1612 1612 1615 1615 1615 1613 1613 1613 1612 1612 1612 1616 1616 1616 1617 1617 1617 1615 1615 1615 1612 1612 1612 1618 1618 1618 1615 1615 1615 1619 1619 1619 1620 1620 1620 1615 1615 1615 1621 1621 1621 1613 1613 1613 1613 1613 1613 1622 1622 1622 1623 1623 1623 1613 1613 1613 1624 1624 1624 1625 1625 1625 1618 1618 1618 1617 1617 1617 1626 1626 1626 1618 1618 1618 1627 1627 1627 1619 1619 1619 1617 1617 1617 1618 1618 1618 1612 1612 1612 1617 1617 1617 1605 1605 1605 1603 1603 1603 1617 1617 1617 1602 1602 1602 1628 1628 1628 1626 1626 1626 1555 1555 1555 1627 1627 1627 1626 1626 1626 1628 1628 1628 1569 1569 1569 1627 1627 1627 1618 1618 1618 1626 1626 1626 1627 1627 1627 1554 1554 1554 1619 1619 1619 1619 1619 1619 1615 1615 1615 1618 1618 1618 1620 1620 1620 1554 1554 1554 1553 1553 1553 1620 1620 1620 1629 1629 1629 1615 1615 1615 1623 1623 1623 1601 1601 1601 1613 1613 1613 1623 1623 1623 1600 1600 1600 1599 1599 1599 1600 1600 1600 1581 1581 1581 1592 1592 1592 1600 1600 1600 1630 1630 1630 1581 1581 1581 1600 1600 1600 1591 1591 1591 1596 1596 1596 1600 1600 1600 1623 1623 1623 1630 1630 1630 1599 1599 1599 1596 1596 1596 1598 1598 1598 1630 1630 1630 1622 1622 1622 1631 1631 1631 1630 1630 1630 1631 1631 1631 1632 1632 1632 1601 1601 1601 1610 1610 1610 1633 1633 1633 1601 1601 1601 1634 1634 1634 1613 1613 1613 1601 1601 1601 1623 1623 1623 1599 1599 1599 1601 1601 1601 1598 1598 1598 1609 1609 1609 1569 1569 1569 1556 1556 1556 1555 1555 1555 1569 1569 1569 1635 1635 1635 1570 1570 1570 1635 1635 1635 1588 1588 1588 1587 1587 1587 1635 1635 1635 1569 1569 1569 1628 1628 1628 1570 1570 1570 1565 1565 1565 1556 1556 1556 1570 1570 1570 1587 1587 1587 1571 1571 1571 1628 1628 1628 1626 1626 1626 1617 1617 1617 1628 1628 1628 1636 1636 1636 1635 1635 1635 1555 1555 1555 1552 1552 1552 1554 1554 1554 1555 1555 1555 1626 1626 1626 1569 1569 1569 1602 1602 1602 1594 1594 1594 1636 1636 1636 1602 1602 1602 1617 1617 1617 1603 1603 1603 1636 1636 1636 1589 1589 1589 1588 1588 1588 1636 1636 1636 1628 1628 1628 1602 1602 1602 1637 1637 1637 1638 1638 1638 1639 1639 1639 1637 1637 1637 1621 1621 1621 1640 1640 1640 1638 1638 1638 1637 1637 1637 1641 1641 1641 1638 1638 1638 1642 1642 1642 1643 1643 1643 1639 1639 1639 1643 1643 1643 1644 1644 1644 1639 1639 1639 1622 1622 1622 1637 1637 1637 1641 1641 1641 1640 1640 1640 1645 1645 1645 1641 1641 1641 1646 1646 1646 1647 1647 1647 1641 1641 1641 1648 1648 1648 1638 1638 1638 1640 1640 1640 1629 1629 1629 1649 1649 1649 1640 1640 1640 1641 1641 1641 1637 1637 1637 1645 1645 1645 1649 1649 1649 1650 1650 1650 1646 1646 1646 1651 1651 1651 1647 1647 1647 1646 1646 1646 1650 1650 1650 1652 1652 1652 1646 1646 1646 1641 1641 1641 1645 1645 1645 1648 1648 1648 1641 1641 1641 1647 1647 1647 1648 1648 1648 1651 1651 1651 1642 1642 1642 1574 1574 1574 1567 1567 1567 1572 1572 1572 1574 1574 1574 1582 1582 1582 1575 1575 1575 1574 1574 1574 1575 1575 1575 1568 1568 1568 1572 1572 1572 1579 1579 1579 1574 1574 1574 1572 1572 1572 1566 1566 1566 1573 1573 1573 1573 1573 1573 1576 1576 1576 1572 1572 1572 1653 1653 1653 1654 1654 1654 1655 1655 1655 1654 1654 1654 1656 1656 1656 1657 1657 1657 1654 1654 1654 1658 1658 1658 1659 1659 1659 1655 1655 1655 1654 1654 1654 1659 1659 1659 1655 1655 1655 1562 1562 1562 1561 1561 1561 1659 1659 1659 1660 1660 1660 1655 1655 1655 1659 1659 1659 1658 1658 1658 1661 1661 1661 1656 1656 1656 1662 1662 1662 1657 1657 1657 1656 1656 1656 1654 1654 1654 1653 1653 1653 1657 1657 1657 1658 1658 1658 1654 1654 1654 1658 1658 1658 1657 1657 1657 1663 1663 1663 1663 1663 1663 1662 1662 1662 1664 1664 1664 1663 1663 1663 1665 1665 1665 1658 1658 1658 1661 1661 1661 1665 1665 1665 1666 1666 1666 1588 1588 1588 1635 1635 1635 1636 1636 1636 1589 1589 1589 1636 1636 1636 1594 1594 1594 1589 1589 1589 1597 1597 1597 1590 1590 1590 1587 1587 1587 1586 1586 1586 1577 1577 1577 1587 1587 1587 1570 1570 1570 1635 1635 1635 1571 1571 1571 1566 1566 1566 1565 1565 1565 1571 1571 1571 1577 1577 1577 1573 1573 1573 1581 1581 1581 1582 1582 1582 1579 1579 1579 1581 1581 1581 1667 1667 1667 1668 1668 1668 1581 1581 1581 1630 1630 1630 1667 1667 1667 1581 1581 1581 1578 1578 1578 1592 1592 1592 1592 1592 1592 1585 1585 1585 1591 1591 1591 1591 1591 1591 1597 1597 1597 1596 1596 1596 1591 1591 1591 1600 1600 1600 1592 1592 1592 1590 1590 1590 1585 1585 1585 1584 1584 1584 1590 1590 1590 1583 1583 1583 1589 1589 1589 1554 1554 1554 1620 1620 1620 1619 1619 1619 1554 1554 1554 1627 1627 1627 1555 1555 1555 1553 1553 1553 1669 1669 1669 1620 1620 1620 1553 1553 1553 1670 1670 1670 1671 1671 1671 1553 1553 1553 1552 1552 1552 1558 1558 1558 1665 1665 1665 1672 1672 1672 1666 1666 1666 1665 1665 1665 1673 1673 1673 1674 1674 1674 1665 1665 1665 1663 1663 1663 1664 1664 1664 1665 1665 1665 1661 1661 1661 1658 1658 1658 1673 1673 1673 1665 1665 1665 1664 1664 1664 1672 1672 1672 1675 1675 1675 1666 1666 1666 1672 1672 1672 1676 1676 1676 1677 1677 1677 1672 1672 1672 1665 1665 1665 1674 1674 1674 1676 1676 1676 1674 1674 1674 1678 1678 1678 1676 1676 1676 1672 1672 1672 1674 1674 1674 1676 1676 1676 1679 1679 1679 1677 1677 1677 1676 1676 1676 1680 1680 1680 1681 1681 1681 1680 1680 1680 1676 1676 1676 1678 1678 1678 1680 1680 1680 1563 1563 1563 1681 1681 1681 1680 1680 1680 1678 1678 1678 1682 1682 1682 1681 1681 1681 1559 1559 1559 1679 1679 1679 1678 1678 1678 1674 1674 1674 1673 1673 1673 1679 1679 1679 1562 1562 1562 1660 1660 1660 1679 1679 1679 1676 1676 1676 1681 1681 1681 1677 1677 1677 1660 1660 1660 1675 1675 1675 1660 1660 1660 1659 1659 1659 1675 1675 1675 1660 1660 1660 1677 1677 1677 1679 1679 1679 1675 1675 1675 1661 1661 1661 1666 1666 1666 1675 1675 1675 1659 1659 1659 1661 1661 1661 1675 1675 1675 1672 1672 1672 1677 1677 1677 1682 1682 1682 1662 1662 1662 1656 1656 1656 1682 1682 1682 1678 1678 1678 1662 1662 1662 1662 1662 1662 1663 1663 1663 1657 1657 1657 1662 1662 1662 1678 1678 1678 1673 1673 1673 1662 1662 1662 1673 1673 1673 1664 1664 1664 1651 1651 1651 1683 1683 1683 1642 1642 1642 1651 1651 1651 1684 1684 1684 1683 1683 1683 1651 1651 1651 1646 1646 1646 1652 1652 1652 1651 1651 1651 1648 1648 1648 1647 1647 1647 1651 1651 1651 1685 1685 1685 1684 1684 1684 1683 1683 1683 1643 1643 1643 1642 1642 1642 1642 1642 1642 1638 1638 1638 1648 1648 1648 1685 1685 1685 1651 1651 1651 1652 1652 1652 1685 1685 1685 1686 1686 1686 1684 1684 1684 1644 1644 1644 1643 1643 1643 1687 1687 1687 1643 1643 1643 1639 1639 1639 1638 1638 1638 1643 1643 1643 1683 1683 1683 1688 1688 1688 1687 1687 1687 1643 1643 1643 1688 1688 1688 1687 1687 1687 1688 1688 1688 1689 1689 1689 1688 1688 1688 1683 1683 1683 1686 1686 1686 1689 1689 1689 1688 1688 1688 1686 1686 1686 1689 1689 1689 1690 1690 1690 1691 1691 1691 1690 1690 1690 1689 1689 1689 1686 1686 1686 1690 1690 1690 1649 1649 1649 1691 1691 1691 1690 1690 1690 1685 1685 1685 1650 1650 1650 1686 1686 1686 1683 1683 1683 1684 1684 1684 1686 1686 1686 1685 1685 1685 1690 1690 1690 1649 1649 1649 1669 1669 1669 1691 1691 1691 1649 1649 1649 1645 1645 1645 1640 1640 1640 1649 1649 1649 1690 1690 1690 1650 1650 1650 1650 1650 1650 1685 1685 1685 1652 1652 1652 1650 1650 1650 1646 1646 1646 1645 1645 1645 1606 1606 1606 1692 1692 1692 1608 1608 1608 1606 1606 1606 1607 1607 1607 1604 1604 1604 1606 1606 1606 1693 1693 1693 1692 1692 1692 1693 1693 1693 1694 1694 1694 1692 1692 1692 1693 1693 1693 1616 1616 1616 1695 1695 1695 1693 1693 1693 1606 1606 1606 1605 1605 1605 1692 1692 1692 1694 1694 1694 1611 1611 1611 1605 1605 1605 1617 1617 1617 1616 1616 1616 1605 1605 1605 1604 1604 1604 1603 1603 1603 1616 1616 1616 1693 1693 1693 1605 1605 1605 1616 1616 1616 1612 1612 1612 1614 1614 1614 1695 1695 1695 1696 1696 1696 1693 1693 1693 1695 1695 1695 1616 1616 1616 1614 1614 1614 1608 1608 1608 1692 1692 1692 1611 1611 1611 1611 1611 1611 1694 1694 1694 1697 1697 1697 1611 1611 1611 1610 1610 1610 1609 1609 1609 1614 1614 1614 1613 1613 1613 1625 1625 1625 1614 1614 1614 1625 1625 1625 1695 1695 1695 1625 1625 1625 1698 1698 1698 1695 1695 1695 1698 1698 1698 1625 1625 1625 1624 1624 1624 1698 1698 1698 1699 1699 1699 1696 1696 1696 1624 1624 1624 1699 1699 1699 1698 1698 1698 1624 1624 1624 1613 1613 1613 1634 1634 1634 1634 1634 1634 1601 1601 1601 1633 1633 1633 1700 1700 1700 1624 1624 1624 1634 1634 1634 1700 1700 1700 1633 1633 1633 1701 1701 1701 1702 1702 1702 1624 1624 1624 1700 1700 1700 1699 1699 1699 1624 1624 1624 1702 1702 1702 1699 1699 1699 1703 1703 1703 1704 1704 1704 1703 1703 1703 1699 1699 1699 1702 1702 1702 1703 1703 1703 1702 1702 1702 1700 1700 1700 1703 1703 1703 1700 1700 1700 1701 1701 1701 1703 1703 1703 1705 1705 1705 1706 1706 1706 1703 1703 1703 1707 1707 1707 1704 1704 1704 1705 1705 1705 1697 1697 1697 1706 1706 1706 1705 1705 1705 1703 1703 1703 1701 1701 1701 1706 1706 1706 1697 1697 1697 1707 1707 1707 1707 1707 1707 1703 1703 1703 1706 1706 1706 1707 1707 1707 1696 1696 1696 1704 1704 1704 1694 1694 1694 1707 1707 1707 1697 1697 1697 1694 1694 1694 1693 1693 1693 1696 1696 1696 1696 1696 1696 1707 1707 1707 1694 1694 1694 1696 1696 1696 1699 1699 1699 1704 1704 1704 1696 1696 1696 1695 1695 1695 1698 1698 1698 1633 1633 1633 1705 1705 1705 1701 1701 1701 1633 1633 1633 1700 1700 1700 1634 1634 1634 1610 1610 1610 1705 1705 1705 1633 1633 1633 1610 1610 1610 1611 1611 1611 1697 1697 1697 1697 1697 1697 1705 1705 1705 1610 1610 1610 1621 1621 1621 1637 1637 1637 1622 1622 1622 1621 1621 1621 1615 1615 1615 1629 1629 1629 1629 1629 1629 1640 1640 1640 1621 1621 1621 1629 1629 1629 1620 1620 1620 1669 1669 1669 1669 1669 1669 1649 1649 1649 1629 1629 1629 1669 1669 1669 1553 1553 1553 1671 1671 1671 1669 1669 1669 1689 1689 1689 1691 1691 1691 1671 1671 1671 1687 1687 1687 1689 1689 1689 1671 1671 1671 1689 1689 1689 1669 1669 1669 1670 1670 1670 1553 1553 1553 1558 1558 1558 1670 1670 1670 1687 1687 1687 1671 1671 1671 1670 1670 1670 1644 1644 1644 1687 1687 1687 1670 1670 1670 1632 1632 1632 1708 1708 1708 1632 1632 1632 1670 1670 1670 1558 1558 1558 1632 1632 1632 1631 1631 1631 1708 1708 1708 1708 1708 1708 1639 1639 1639 1644 1644 1644 1708 1708 1708 1644 1644 1644 1670 1670 1670 1631 1631 1631 1639 1639 1639 1708 1708 1708 1622 1622 1622 1630 1630 1630 1623 1623 1623 1622 1622 1622 1613 1613 1613 1621 1621 1621 1622 1622 1622 1639 1639 1639 1631 1631 1631 1582 1582 1582 1581 1581 1581 1668 1668 1668 1582 1582 1582 1656 1656 1656 1575 1575 1575 1582 1582 1582 1682 1682 1682 1656 1656 1656 1668 1668 1668 1680 1680 1680 1682 1682 1682 1668 1668 1668 1682 1682 1682 1582 1582 1582 1667 1667 1667 1680 1680 1680 1668 1668 1668 1667 1667 1667 1564 1564 1564 1563 1563 1563 1559 1559 1559 1557 1557 1557 1562 1562 1562 1559 1559 1559 1681 1681 1681 1563 1563 1563 1562 1562 1562 1655 1655 1655 1660 1660 1660 1562 1562 1562 1679 1679 1679 1559 1559 1559 1561 1561 1561 1653 1653 1653 1655 1655 1655 1564 1564 1564 1667 1667 1667 1630 1630 1630 1563 1563 1563 1558 1558 1558 1559 1559 1559 1563 1563 1563 1680 1680 1680 1667 1667 1667 1575 1575 1575 1656 1656 1656 1653 1653 1653 1575 1575 1575 1653 1653 1653 1561 1561 1561 1709 1709 1709 1710 1710 1710 1711 1711 1711 1709 1709 1709 1712 1712 1712 1710 1710 1710 1709 1709 1709 1711 1711 1711 1713 1713 1713 1709 1709 1709 1714 1714 1714 1715 1715 1715 1714 1714 1714 1716 1716 1716 1717 1717 1717 1714 1714 1714 1717 1717 1717 1718 1718 1718 1714 1714 1714 1709 1709 1709 1713 1713 1713 1715 1715 1715 1719 1719 1719 1709 1709 1709 1715 1715 1715 1720 1720 1720 1721 1721 1721 1713 1713 1713 1722 1722 1722 1716 1716 1716 1720 1720 1720 1714 1714 1714 1718 1718 1718 1720 1720 1720 1718 1718 1718 1723 1723 1723 1720 1720 1720 1715 1715 1715 1714 1714 1714 1721 1721 1721 1724 1724 1724 1725 1725 1725 1726 1726 1726 1727 1727 1727 1715 1715 1715 1726 1726 1726 1715 1715 1715 1721 1721 1721 1726 1726 1726 1725 1725 1725 1728 1728 1728 1726 1726 1726 1729 1729 1729 1727 1727 1727 1727 1727 1727 1730 1730 1730 1719 1719 1719 1719 1719 1719 1715 1715 1715 1727 1727 1727 1719 1719 1719 1731 1731 1731 1712 1712 1712 1732 1732 1732 1728 1728 1728 1725 1725 1725 1732 1732 1732 1733 1733 1733 1734 1734 1734 1733 1733 1733 1732 1732 1732 1735 1735 1735 1733 1733 1733 1736 1736 1736 1737 1737 1737 1734 1734 1734 1738 1738 1738 1739 1739 1739 1734 1734 1734 1740 1740 1740 1732 1732 1732 1735 1735 1735 1725 1725 1725 1724 1724 1724 1738 1738 1738 1734 1734 1734 1733 1733 1733 1738 1738 1738 1737 1737 1737 1741 1741 1741 1742 1742 1742 1743 1743 1743 1744 1744 1744 1742 1742 1742 1745 1745 1745 1734 1734 1734 1742 1742 1742 1734 1734 1734 1739 1739 1739 1742 1742 1742 1746 1746 1746 1743 1743 1743 1745 1745 1745 1744 1744 1744 1747 1747 1747 1740 1740 1740 1747 1747 1747 1729 1729 1729 1740 1740 1740 1734 1734 1734 1745 1745 1745 1748 1748 1748 1749 1749 1749 1750 1750 1750 1748 1748 1748 1750 1750 1750 1751 1751 1751 1748 1748 1748 1752 1752 1752 1749 1749 1749 1749 1749 1749 1746 1746 1746 1741 1741 1741 1749 1749 1749 1741 1741 1741 1750 1750 1750 1749 1749 1749 1743 1743 1743 1746 1746 1746 1750 1750 1750 1753 1753 1753 1751 1751 1751 1751 1751 1751 1754 1754 1754 1755 1755 1755 1756 1756 1756 1751 1751 1751 1755 1755 1755 1756 1756 1756 1755 1755 1755 1757 1757 1757 1756 1756 1756 1748 1748 1748 1751 1751 1751 1756 1756 1756 1758 1758 1758 1759 1759 1759 1755 1755 1755 1760 1760 1760 1757 1757 1757 1755 1755 1755 1754 1754 1754 1761 1761 1761 1759 1759 1759 1762 1762 1762 1748 1748 1748 1759 1759 1759 1763 1763 1763 1764 1764 1764 1759 1759 1759 1748 1748 1748 1756 1756 1756 1762 1762 1762 1764 1764 1764 1765 1765 1765 1752 1752 1752 1748 1748 1748 1762 1762 1762 1766 1766 1766 1767 1767 1767 1768 1768 1768 1766 1766 1766 1769 1769 1769 1770 1770 1770 1767 1767 1767 1766 1766 1766 1771 1771 1771 1767 1767 1767 1772 1772 1772 1773 1773 1773 1767 1767 1767 1774 1774 1774 1775 1775 1775 1768 1768 1768 1775 1775 1775 1776 1776 1776 1768 1768 1768 1777 1777 1777 1766 1766 1766 1768 1768 1768 1767 1767 1767 1775 1775 1775 1771 1771 1771 1766 1766 1766 1770 1770 1770 1771 1771 1771 1770 1770 1770 1778 1778 1778 1771 1771 1771 1779 1779 1779 1780 1780 1780 1771 1771 1771 1781 1781 1781 1772 1772 1772 1775 1775 1775 1774 1774 1774 1710 1710 1710 1774 1774 1774 1711 1711 1711 1710 1710 1710 1774 1774 1774 1773 1773 1773 1782 1782 1782 1783 1783 1783 1768 1768 1768 1776 1776 1776 1783 1783 1783 1712 1712 1712 1731 1731 1731 1776 1776 1776 1710 1710 1710 1712 1712 1712 1777 1777 1777 1764 1764 1764 1763 1763 1763 1777 1777 1777 1763 1763 1763 1769 1769 1769 1777 1777 1777 1768 1768 1768 1783 1783 1783 1777 1777 1777 1784 1784 1784 1765 1765 1765 1785 1785 1785 1741 1741 1741 1737 1737 1737 1785 1785 1785 1786 1786 1786 1753 1753 1753 1785 1785 1785 1736 1736 1736 1787 1787 1787 1786 1786 1786 1785 1785 1785 1787 1787 1787 1786 1786 1786 1754 1754 1754 1753 1753 1753 1753 1753 1753 1750 1750 1750 1785 1785 1785 1787 1787 1787 1788 1788 1788 1789 1789 1789 1787 1787 1787 1789 1789 1789 1781 1781 1781 1787 1787 1787 1736 1736 1736 1790 1790 1790 1754 1754 1754 1780 1780 1780 1791 1791 1791 1754 1754 1754 1786 1786 1786 1771 1771 1771 1754 1754 1754 1791 1791 1791 1761 1761 1761 1754 1754 1754 1751 1751 1751 1753 1753 1753 1731 1731 1731 1730 1730 1730 1792 1792 1792 1731 1731 1731 1784 1784 1784 1783 1783 1783 1731 1731 1731 1719 1719 1719 1730 1730 1730 1730 1730 1730 1729 1729 1729 1747 1747 1747 1730 1730 1730 1727 1727 1727 1729 1729 1729 1792 1792 1792 1784 1784 1784 1731 1731 1731 1792 1792 1792 1747 1747 1747 1744 1744 1744 1784 1784 1784 1777 1777 1777 1783 1783 1783 1784 1784 1784 1792 1792 1792 1793 1793 1793 1712 1712 1712 1709 1709 1709 1719 1719 1719 1712 1712 1712 1783 1783 1783 1776 1776 1776 1765 1765 1765 1752 1752 1752 1762 1762 1762 1765 1765 1765 1764 1764 1764 1777 1777 1777 1765 1765 1765 1793 1793 1793 1752 1752 1752 1793 1793 1793 1744 1744 1744 1743 1743 1743 1793 1793 1793 1765 1765 1765 1784 1784 1784 1764 1764 1764 1762 1762 1762 1759 1759 1759 1794 1794 1794 1772 1772 1772 1781 1781 1781 1794 1794 1794 1795 1795 1795 1796 1796 1796 1795 1795 1795 1794 1794 1794 1797 1797 1797 1795 1795 1795 1798 1798 1798 1799 1799 1799 1796 1796 1796 1800 1800 1800 1801 1801 1801 1796 1796 1796 1799 1799 1799 1800 1800 1800 1796 1796 1796 1802 1802 1802 1794 1794 1794 1797 1797 1797 1781 1781 1781 1789 1789 1789 1797 1797 1797 1803 1803 1803 1795 1795 1795 1799 1799 1799 1804 1804 1804 1800 1800 1800 1799 1799 1799 1796 1796 1796 1795 1795 1795 1805 1805 1805 1796 1796 1796 1801 1801 1801 1805 1805 1805 1806 1806 1806 1802 1802 1802 1801 1801 1801 1804 1804 1804 1807 1807 1807 1801 1801 1801 1808 1808 1808 1805 1805 1805 1802 1802 1802 1773 1773 1773 1772 1772 1772 1802 1802 1802 1796 1796 1796 1805 1805 1805 1724 1724 1724 1721 1721 1721 1720 1720 1720 1724 1724 1724 1723 1723 1723 1809 1809 1809 1725 1725 1725 1735 1735 1735 1732 1732 1732 1725 1725 1725 1726 1726 1726 1721 1721 1721 1728 1728 1728 1732 1732 1732 1740 1740 1740 1810 1810 1810 1811 1811 1811 1812 1812 1812 1811 1811 1811 1813 1813 1813 1814 1814 1814 1811 1811 1811 1814 1814 1814 1812 1812 1812 1812 1812 1812 1815 1815 1815 1810 1810 1810 1814 1814 1814 1816 1816 1816 1817 1817 1817 1814 1814 1814 1818 1818 1818 1816 1816 1816 1817 1817 1817 1812 1812 1812 1814 1814 1814 1817 1817 1817 1819 1819 1819 1812 1812 1812 1819 1819 1819 1817 1817 1817 1820 1820 1820 1820 1820 1820 1821 1821 1821 1822 1822 1822 1820 1820 1820 1823 1823 1823 1819 1819 1819 1815 1815 1815 1812 1812 1812 1819 1819 1819 1815 1815 1815 1819 1819 1819 1823 1823 1823 1744 1744 1744 1745 1745 1745 1742 1742 1742 1744 1744 1744 1793 1793 1793 1792 1792 1792 1743 1743 1743 1749 1749 1749 1752 1752 1752 1743 1743 1743 1752 1752 1752 1793 1793 1793 1747 1747 1747 1792 1792 1792 1730 1730 1730 1747 1747 1747 1740 1740 1740 1745 1745 1745 1729 1729 1729 1726 1726 1726 1728 1728 1728 1729 1729 1729 1728 1728 1728 1740 1740 1740 1736 1736 1736 1733 1733 1733 1735 1735 1735 1736 1736 1736 1785 1785 1785 1737 1737 1737 1736 1736 1736 1809 1809 1809 1824 1824 1824 1737 1737 1737 1738 1738 1738 1733 1733 1733 1741 1741 1741 1785 1785 1785 1750 1750 1750 1746 1746 1746 1738 1738 1738 1741 1741 1741 1746 1746 1746 1742 1742 1742 1739 1739 1739 1746 1746 1746 1739 1739 1739 1738 1738 1738 1710 1710 1710 1776 1776 1776 1775 1775 1775 1711 1711 1711 1782 1782 1782 1825 1825 1825 1711 1711 1711 1825 1825 1825 1826 1826 1826 1821 1821 1821 1817 1817 1817 1816 1816 1816 1821 1821 1821 1816 1816 1816 1827 1827 1827 1821 1821 1821 1828 1828 1828 1829 1829 1829 1821 1821 1821 1829 1829 1829 1830 1830 1830 1821 1821 1821 1830 1830 1830 1822 1822 1822 1821 1821 1821 1820 1820 1820 1817 1817 1817 1827 1827 1827 1816 1816 1816 1818 1818 1818 1828 1828 1828 1818 1818 1818 1831 1831 1831 1828 1828 1828 1821 1821 1821 1827 1827 1827 1829 1829 1829 1832 1832 1832 1833 1833 1833 1822 1822 1822 1830 1830 1830 1823 1823 1823 1832 1832 1832 1834 1834 1834 1835 1835 1835 1832 1832 1832 1829 1829 1829 1828 1828 1828 1832 1832 1832 1836 1836 1836 1834 1834 1834 1834 1834 1834 1716 1716 1716 1722 1722 1722 1835 1835 1835 1833 1833 1833 1832 1832 1832 1835 1835 1835 1722 1722 1722 1790 1790 1790 1835 1835 1835 1837 1837 1837 1833 1833 1833 1833 1833 1833 1830 1830 1830 1829 1829 1829 1833 1833 1833 1823 1823 1823 1830 1830 1830 1831 1831 1831 1832 1832 1832 1828 1828 1828 1831 1831 1831 1813 1813 1813 1836 1836 1836 1836 1836 1836 1717 1717 1717 1716 1716 1716 1836 1836 1836 1832 1832 1832 1831 1831 1831 1813 1813 1813 1831 1831 1831 1818 1818 1818 1813 1813 1813 1818 1818 1818 1814 1814 1814 1818 1818 1818 1828 1828 1828 1827 1827 1827 1837 1837 1837 1815 1815 1815 1823 1823 1823 1837 1837 1837 1823 1823 1823 1833 1833 1833 1823 1823 1823 1820 1820 1820 1822 1822 1822 1804 1804 1804 1799 1799 1799 1798 1798 1798 1804 1804 1804 1801 1801 1801 1800 1800 1800 1804 1804 1804 1838 1838 1838 1807 1807 1807 1804 1804 1804 1798 1798 1798 1839 1839 1839 1804 1804 1804 1839 1839 1839 1840 1840 1840 1839 1839 1839 1803 1803 1803 1841 1841 1841 1798 1798 1798 1795 1795 1795 1803 1803 1803 1838 1838 1838 1804 1804 1804 1840 1840 1840 1838 1838 1838 1842 1842 1842 1843 1843 1843 1844 1844 1844 1845 1845 1845 1803 1803 1803 1845 1845 1845 1841 1841 1841 1803 1803 1803 1845 1845 1845 1846 1846 1846 1841 1841 1841 1803 1803 1803 1839 1839 1839 1798 1798 1798 1803 1803 1803 1797 1797 1797 1844 1844 1844 1841 1841 1841 1842 1842 1842 1839 1839 1839 1846 1846 1846 1825 1825 1825 1782 1782 1782 1846 1846 1846 1842 1842 1842 1841 1841 1841 1846 1846 1846 1843 1843 1843 1842 1842 1842 1843 1843 1843 1846 1846 1846 1847 1847 1847 1843 1843 1843 1808 1808 1808 1838 1838 1838 1842 1842 1842 1840 1840 1840 1839 1839 1839 1842 1842 1842 1838 1838 1838 1840 1840 1840 1847 1847 1847 1806 1806 1806 1843 1843 1843 1806 1806 1806 1782 1782 1782 1773 1773 1773 1806 1806 1806 1805 1805 1805 1808 1808 1808 1806 1806 1806 1808 1808 1808 1843 1843 1843 1808 1808 1808 1801 1801 1801 1807 1807 1807 1808 1808 1808 1807 1807 1807 1838 1838 1838 1758 1758 1758 1756 1756 1756 1757 1757 1757 1758 1758 1758 1848 1848 1848 1763 1763 1763 1848 1848 1848 1758 1758 1758 1849 1849 1849 1848 1848 1848 1850 1850 1850 1851 1851 1851 1763 1763 1763 1848 1848 1848 1769 1769 1769 1763 1763 1763 1759 1759 1759 1758 1758 1758 1849 1849 1849 1758 1758 1758 1757 1757 1757 1769 1769 1769 1848 1848 1848 1852 1852 1852 1769 1769 1769 1852 1852 1852 1770 1770 1770 1769 1769 1769 1766 1766 1766 1777 1777 1777 1852 1852 1852 1851 1851 1851 1853 1853 1853 1757 1757 1757 1760 1760 1760 1849 1849 1849 1760 1760 1760 1761 1761 1761 1854 1854 1854 1760 1760 1760 1854 1854 1854 1850 1850 1850 1770 1770 1770 1852 1852 1852 1778 1778 1778 1778 1778 1778 1853 1853 1853 1779 1779 1779 1853 1853 1853 1778 1778 1778 1852 1852 1852 1853 1853 1853 1851 1851 1851 1855 1855 1855 1779 1779 1779 1855 1855 1855 1856 1856 1856 1779 1779 1779 1856 1856 1856 1857 1857 1857 1779 1779 1779 1771 1771 1771 1778 1778 1778 1855 1855 1855 1779 1779 1779 1853 1853 1853 1855 1855 1855 1858 1858 1858 1856 1856 1856 1780 1780 1780 1779 1779 1779 1857 1857 1857 1780 1780 1780 1754 1754 1754 1771 1771 1771 1857 1857 1857 1791 1791 1791 1780 1780 1780 1858 1858 1858 1859 1859 1859 1857 1857 1857 1858 1858 1858 1857 1857 1857 1856 1856 1856 1858 1858 1858 1855 1855 1855 1860 1860 1860 1858 1858 1858 1861 1861 1861 1862 1862 1862 1858 1858 1858 1863 1863 1863 1859 1859 1859 1861 1861 1861 1858 1858 1858 1860 1860 1860 1861 1861 1861 1851 1851 1851 1850 1850 1850 1863 1863 1863 1854 1854 1854 1761 1761 1761 1863 1863 1863 1858 1858 1858 1862 1862 1862 1850 1850 1850 1848 1848 1848 1849 1849 1849 1850 1850 1850 1849 1849 1849 1760 1760 1760 1850 1850 1850 1854 1854 1854 1861 1861 1861 1851 1851 1851 1861 1861 1861 1860 1860 1860 1851 1851 1851 1860 1860 1860 1855 1855 1855 1851 1851 1851 1852 1852 1852 1848 1848 1848 1791 1791 1791 1857 1857 1857 1859 1859 1859 1791 1791 1791 1859 1859 1859 1863 1863 1863 1761 1761 1761 1760 1760 1760 1755 1755 1755 1761 1761 1761 1791 1791 1791 1863 1863 1863 1854 1854 1854 1863 1863 1863 1862 1862 1862 1854 1854 1854 1862 1862 1862 1861 1861 1861 1772 1772 1772 1794 1794 1794 1802 1802 1802 1772 1772 1772 1767 1767 1767 1771 1771 1771 1773 1773 1773 1802 1802 1802 1806 1806 1806 1773 1773 1773 1774 1774 1774 1767 1767 1767 1782 1782 1782 1806 1806 1806 1847 1847 1847 1782 1782 1782 1711 1711 1711 1774 1774 1774 1782 1782 1782 1847 1847 1847 1846 1846 1846 1825 1825 1825 1846 1846 1846 1845 1845 1845 1826 1826 1826 1713 1713 1713 1711 1711 1711 1826 1826 1826 1825 1825 1825 1845 1845 1845 1826 1826 1826 1788 1788 1788 1713 1713 1713 1826 1826 1826 1845 1845 1845 1844 1844 1844 1788 1788 1788 1826 1826 1826 1864 1864 1864 1788 1788 1788 1864 1864 1864 1789 1789 1789 1864 1864 1864 1826 1826 1826 1844 1844 1844 1864 1864 1864 1844 1844 1844 1797 1797 1797 1789 1789 1789 1864 1864 1864 1797 1797 1797 1781 1781 1781 1786 1786 1786 1787 1787 1787 1781 1781 1781 1797 1797 1797 1794 1794 1794 1781 1781 1781 1771 1771 1771 1786 1786 1786 1809 1809 1809 1815 1815 1815 1837 1837 1837 1809 1809 1809 1723 1723 1723 1815 1815 1815 1809 1809 1809 1735 1735 1735 1724 1724 1724 1809 1809 1809 1736 1736 1736 1735 1735 1735 1824 1824 1824 1809 1809 1809 1837 1837 1837 1824 1824 1824 1837 1837 1837 1835 1835 1835 1824 1824 1824 1790 1790 1790 1736 1736 1736 1790 1790 1790 1824 1824 1824 1835 1835 1835 1790 1790 1790 1865 1865 1865 1787 1787 1787 1716 1716 1716 1714 1714 1714 1713 1713 1713 1716 1716 1716 1834 1834 1834 1836 1836 1836 1717 1717 1717 1813 1813 1813 1811 1811 1811 1717 1717 1717 1836 1836 1836 1813 1813 1813 1718 1718 1718 1811 1811 1811 1810 1810 1810 1718 1718 1718 1717 1717 1717 1811 1811 1811 1865 1865 1865 1790 1790 1790 1722 1722 1722 1722 1722 1722 1713 1713 1713 1865 1865 1865 1722 1722 1722 1835 1835 1835 1834 1834 1834 1723 1723 1723 1724 1724 1724 1720 1720 1720 1723 1723 1723 1810 1810 1810 1815 1815 1815 1723 1723 1723 1718 1718 1718 1810 1810 1810 1866 1866 1866 1867 1867 1867 1868 1868 1868 1866 1866 1866 1869 1869 1869 1870 1870 1870 1869 1869 1869 1871 1871 1871 1872 1872 1872 1869 1869 1869 1866 1866 1866 1873 1873 1873 1870 1870 1870 1874 1874 1874 1866 1866 1866 1870 1870 1870 1869 1869 1869 1875 1875 1875 1870 1870 1870 1876 1876 1876 1877 1877 1877 1873 1873 1873 1878 1878 1878 1879 1879 1879 1873 1873 1873 1868 1868 1868 1878 1878 1878 1873 1873 1873 1871 1871 1871 1869 1869 1869 1880 1880 1880 1881 1881 1881 1882 1882 1882 1880 1880 1880 1876 1876 1876 1883 1883 1883 1880 1880 1880 1874 1874 1874 1877 1877 1877 1880 1880 1880 1884 1884 1884 1885 1885 1885 1881 1881 1881 1880 1880 1880 1885 1885 1885 1882 1882 1882 1886 1886 1886 1887 1887 1887 1885 1885 1885 1888 1888 1888 1889 1889 1889 1885 1885 1885 1890 1890 1890 1881 1881 1881 1891 1891 1891 1892 1892 1892 1893 1893 1893 1891 1891 1891 1872 1872 1872 1894 1894 1894 1891 1891 1891 1895 1895 1895 1896 1896 1896 1892 1892 1892 1891 1891 1891 1896 1896 1896 1892 1892 1892 1897 1897 1897 1888 1888 1888 1893 1893 1893 1892 1892 1892 1884 1884 1884 1893 1893 1893 1883 1883 1883 1876 1876 1876 1896 1896 1896 1898 1898 1898 1899 1899 1899 1896 1896 1896 1897 1897 1897 1892 1892 1892 1900 1900 1900 1901 1901 1901 1886 1886 1886 1900 1900 1900 1902 1902 1902 1903 1903 1903 1902 1902 1902 1904 1904 1904 1905 1905 1905 1902 1902 1902 1900 1900 1900 1890 1890 1890 1903 1903 1903 1905 1905 1905 1906 1906 1906 1890 1890 1890 1886 1886 1886 1881 1881 1881 1890 1890 1890 1885 1885 1885 1889 1889 1889 1890 1890 1890 1907 1907 1907 1902 1902 1902 1901 1901 1901 1900 1900 1900 1903 1903 1903 1901 1901 1901 1887 1887 1887 1886 1886 1886 1886 1886 1886 1890 1890 1890 1900 1900 1900 1886 1886 1886 1882 1882 1882 1881 1881 1881 1867 1867 1867 1908 1908 1908 1868 1868 1868 1867 1867 1867 1866 1866 1866 1874 1874 1874 1908 1908 1908 1867 1867 1867 1887 1887 1887 1868 1868 1868 1873 1873 1873 1866 1866 1866 1887 1887 1887 1874 1874 1874 1882 1882 1882 1887 1887 1887 1901 1901 1901 1908 1908 1908 1874 1874 1874 1880 1880 1880 1882 1882 1882 1874 1874 1874 1887 1887 1887 1867 1867 1867 1874 1874 1874 1870 1870 1870 1877 1877 1877 1897 1897 1897 1907 1907 1907 1888 1888 1888 1897 1897 1897 1896 1896 1896 1899 1899 1899 1907 1907 1907 1899 1899 1899 1904 1904 1904 1907 1907 1907 1890 1890 1890 1889 1889 1889 1907 1907 1907 1889 1889 1889 1888 1888 1888 1888 1888 1888 1885 1885 1885 1884 1884 1884 1884 1884 1884 1883 1883 1883 1893 1893 1893 1884 1884 1884 1880 1880 1880 1883 1883 1883 1884 1884 1884 1892 1892 1892 1888 1888 1888 1876 1876 1876 1880 1880 1880 1877 1877 1877 1876 1876 1876 1909 1909 1909 1893 1893 1893 1876 1876 1876 1870 1870 1870 1909 1909 1909 1909 1909 1909 1891 1891 1891 1893 1893 1893 1905 1905 1905 1910 1910 1910 1906 1906 1906 1905 1905 1905 1904 1904 1904 1911 1911 1911 1905 1905 1905 1903 1903 1903 1902 1902 1902 1911 1911 1911 1904 1904 1904 1898 1898 1898 1911 1911 1911 1912 1912 1912 1905 1905 1905 1904 1904 1904 1902 1902 1902 1907 1907 1907 1904 1904 1904 1899 1899 1899 1898 1898 1898 1899 1899 1899 1907 1907 1907 1897 1897 1897 1895 1895 1895 1891 1891 1891 1894 1894 1894 1895 1895 1895 1898 1898 1898 1896 1896 1896 1872 1872 1872 1891 1891 1891 1875 1875 1875 1872 1872 1872 1875 1875 1875 1869 1869 1869 1875 1875 1875 1891 1891 1891 1909 1909 1909 1875 1875 1875 1909 1909 1909 1870 1870 1870 1871 1871 1871 1873 1873 1873 1879 1879 1879 1913 1913 1913 1914 1914 1914 1915 1915 1915 1913 1913 1913 1916 1916 1916 1917 1917 1917 1913 1913 1913 1917 1917 1917 1918 1918 1918 1914 1914 1914 1919 1919 1919 1920 1920 1920 1914 1914 1914 1921 1921 1921 1915 1915 1915 1914 1914 1914 1922 1922 1922 1923 1923 1923 1915 1915 1915 1924 1924 1924 1925 1925 1925 1915 1915 1915 1916 1916 1916 1913 1913 1913 1916 1916 1916 1926 1926 1926 1927 1927 1927 1916 1916 1916 1927 1927 1927 1917 1917 1917 1916 1916 1916 1925 1925 1925 1926 1926 1926 1928 1928 1928 1929 1929 1929 1930 1930 1930 1928 1928 1928 1930 1930 1930 1931 1931 1931 1928 1928 1928 1932 1932 1932 1933 1933 1933 1929 1929 1929 1928 1928 1928 1919 1919 1919 1929 1929 1929 1934 1934 1934 1930 1930 1930 1931 1931 1931 1935 1935 1935 1936 1936 1936 1931 1931 1931 1937 1937 1937 1935 1935 1935 1938 1938 1938 1932 1932 1932 1939 1939 1939 1938 1938 1938 1939 1939 1939 1940 1940 1940 1938 1938 1938 1922 1922 1922 1933 1933 1933 1939 1939 1939 1936 1936 1936 1941 1941 1941 1940 1940 1940 1942 1942 1942 1943 1943 1943 1940 1940 1940 1939 1939 1939 1944 1944 1944 1944 1944 1944 1941 1941 1941 1945 1945 1945 1944 1944 1944 1945 1945 1945 1946 1946 1946 1947 1947 1947 1948 1948 1948 1949 1949 1949 1948 1948 1948 1950 1950 1950 1949 1949 1949 1949 1949 1949 1951 1951 1951 1937 1937 1937 1949 1949 1949 1952 1952 1952 1951 1951 1951 1949 1949 1949 1937 1937 1937 1947 1947 1947 1937 1937 1937 1934 1934 1934 1947 1947 1947 1937 1937 1937 1931 1931 1931 1930 1930 1930 1934 1934 1934 1937 1937 1937 1930 1930 1930 1934 1934 1934 1953 1953 1953 1947 1947 1947 1953 1953 1953 1948 1948 1948 1947 1947 1947 1918 1918 1918 1954 1954 1954 1955 1955 1955 1918 1918 1918 1917 1917 1917 1954 1954 1954 1954 1954 1954 1953 1953 1953 1955 1955 1955 1955 1955 1955 1919 1919 1919 1918 1918 1918 1955 1955 1955 1953 1953 1953 1934 1934 1934 1955 1955 1955 1934 1934 1934 1929 1929 1929 1919 1919 1919 1913 1913 1913 1918 1918 1918 1919 1919 1919 1955 1955 1955 1929 1929 1929 1919 1919 1919 1914 1914 1914 1913 1913 1913 1941 1941 1941 1936 1936 1936 1951 1951 1951 1941 1941 1941 1944 1944 1944 1939 1939 1939 1951 1951 1951 1945 1945 1945 1941 1941 1941 1935 1935 1935 1951 1951 1951 1936 1936 1936 1935 1935 1935 1937 1937 1937 1951 1951 1951 1932 1932 1932 1936 1936 1936 1939 1939 1939 1932 1932 1932 1928 1928 1928 1931 1931 1931 1932 1932 1932 1931 1931 1931 1936 1936 1936 1922 1922 1922 1914 1914 1914 1920 1920 1920 1922 1922 1922 1938 1938 1938 1923 1923 1923 1922 1922 1922 1920 1920 1920 1928 1928 1928 1922 1922 1922 1928 1928 1928 1933 1933 1933 1923 1923 1923 1938 1938 1938 1940 1940 1940 1920 1920 1920 1919 1919 1919 1928 1928 1928 1933 1933 1933 1932 1932 1932 1938 1938 1938 1950 1950 1950 1956 1956 1956 1957 1957 1957 1950 1950 1950 1958 1958 1958 1952 1952 1952 1950 1950 1950 1948 1948 1948 1956 1956 1956 1946 1946 1946 1952 1952 1952 1958 1958 1958 1952 1952 1952 1946 1946 1946 1945 1945 1945 1952 1952 1952 1949 1949 1949 1950 1950 1950 1945 1945 1945 1951 1951 1951 1952 1952 1952 1942 1942 1942 1944 1944 1944 1946 1946 1946 1942 1942 1942 1940 1940 1940 1944 1944 1944 1924 1924 1924 1915 1915 1915 1921 1921 1921 1924 1924 1924 1921 1921 1921 1940 1940 1940 1924 1924 1924 1940 1940 1940 1943 1943 1943 1921 1921 1921 1923 1923 1923 1940 1940 1940 1921 1921 1921 1914 1914 1914 1923 1923 1923 1925 1925 1925 1916 1916 1916 1915 1915 1915 1959 1959 1959 1958 1958 1958 1950 1950 1950 1960 1960 1960 518 518 518 380 380 380 518 518 518 1960 1960 1960 1961 1961 1961 518 518 518 468 468 468 380 380 380 1962 1962 1962 1963 1963 1963 1964 1964 1964 1963 1963 1963 1965 1965 1965 1966 1966 1966 1963 1963 1963 1962 1962 1962 1967 1967 1967 1968 1968 1968 1969 1969 1969 1970 1970 1970 1969 1969 1969 1968 1968 1968 1967 1967 1967 1965 1965 1965 1963 1963 1963 1967 1967 1967 1971 1971 1971 1972 1972 1972 1973 1973 1973 1972 1972 1972 1974 1974 1974 1975 1975 1975 1972 1972 1972 1971 1971 1971 1976 1976 1976 1977 1977 1977 1978 1978 1978 1979 1979 1979 1978 1978 1978 1977 1977 1977 1976 1976 1976 1974 1974 1974 1972 1972 1972 1976 1976 1976 246 246 246 243 243 243 1980 1980 1980 1980 1980 1980 243 243 243 1981 1981 1981 1980 1980 1980 1981 1981 1981 1982 1982 1982 517 517 517 246 246 246 1983 1983 1983 1984 1984 1984 1985 1985 1985 1986 1986 1986 1984 1984 1984 1987 1987 1987 1988 1988 1988 1985 1985 1985 1984 1984 1984 1989 1989 1989 1985 1985 1985 1989 1989 1989 1990 1990 1990 1985 1985 1985 1990 1990 1990 1991 1991 1991 1986 1986 1986 1985 1985 1985 1992 1992 1992 1989 1989 1989 1993 1993 1993 1994 1994 1994 1995 1995 1995 1996 1996 1996 1997 1997 1997 1996 1996 1996 1998 1998 1998 1999 1999 1999 1996 1996 1996 1999 1999 1999 2000 2000 2000 1996 1996 1996 1995 1995 1995 1998 1998 1998 1997 1997 1997 1996 1996 1996 2001 2001 2001 1997 1997 1997 2002 2002 2002 1995 1995 1995 1998 1998 1998 1995 1995 1995 2003 2003 2003 2004 2004 2004 2005 2005 2005 2006 2006 2006 2004 2004 2004 2006 2006 2006 2007 2007 2007 2007 2007 2007 2006 2006 2006 2008 2008 2008 2007 2007 2007 2008 2008 2008 2009 2009 2009 2008 2008 2008 2006 2006 2006 2010 2010 2010 2008 2008 2008 2010 2010 2010 2011 2011 2011 2012 2012 2012 2013 2013 2013 2014 2014 2014 2013 2013 2013 2012 2012 2012 2015 2015 2015 2014 2014 2014 2016 2016 2016 2017 2017 2017 2015 2015 2015 2018 2018 2018 2013 2013 2013 2015 2015 2015 2012 2012 2012 2019 2019 2019 2020 2020 2020 2021 2021 2021 2022 2022 2022 2020 2020 2020 2023 2023 2023 2024 2024 2024 2021 2021 2021 2025 2025 2025 2026 2026 2026 2021 2021 2021 2026 2026 2026 2027 2027 2027 2021 2021 2021 2020 2020 2020 2025 2025 2025 2022 2022 2022 2021 2021 2021 2028 2028 2028 2025 2025 2025 2020 2020 2020 2029 2029 2029 2030 2030 2030 2031 2031 2031 2032 2032 2032 2030 2030 2030 2033 2033 2033 2034 2034 2034 2033 2033 2033 2035 2035 2035 2034 2034 2034 2033 2033 2033 2030 2030 2030 2032 2032 2032 2033 2033 2033 2036 2036 2036 2037 2037 2037 2031 2031 2031 2030 2030 2030 2038 2038 2038 2031 2031 2031 2036 2036 2036 2032 2032 2032 2031 2031 2031 2039 2039 2039 2040 2040 2040 2031 2031 2031 1990 1990 1990 2039 2039 2039 2036 2036 2036 2033 2033 2033 2032 2032 2032 2036 2036 2036 2031 2031 2031 2040 2040 2040 2037 2037 2037 2041 2041 2041 2033 2033 2033 1994 1994 1994 1990 1990 1990 1989 1989 1989 1994 1994 1994 2042 2042 2042 2043 2043 2043 1994 1994 1994 2044 2044 2044 2039 2039 2039 1990 1990 1990 1994 1994 1994 2039 2039 2039 1990 1990 1990 2031 2031 2031 2038 2038 2038 2044 2044 2044 2045 2045 2045 2040 2040 2040 2044 2044 2044 1994 1994 1994 2043 2043 2043 2044 2044 2044 2043 2043 2043 2016 2016 2016 2044 2044 2044 2040 2040 2040 2039 2039 2039 2043 2043 2043 2017 2017 2017 2016 2016 2016 2016 2016 2016 2014 2014 2014 2013 2013 2013 2016 2016 2016 2045 2045 2045 2044 2044 2044 2016 2016 2016 2018 2018 2018 2045 2045 2045 2018 2018 2018 2037 2037 2037 2036 2036 2036 2018 2018 2018 2015 2015 2015 2046 2046 2046 2018 2018 2018 2016 2016 2016 2013 2013 2013 2018 2018 2018 2047 2047 2047 2037 2037 2037 2018 2018 2018 2046 2046 2046 2047 2047 2047 2045 2045 2045 2018 2018 2018 2036 2036 2036 2045 2045 2045 2036 2036 2036 2040 2040 2040 1988 1988 1988 1993 1993 1993 1984 1984 1984 1988 1988 1988 2048 2048 2048 2049 2049 2049 1993 1993 1993 1988 1988 1988 2049 2049 2049 1993 1993 1993 1989 1989 1989 1984 1984 1984 1993 1993 1993 2050 2050 2050 2042 2042 2042 2049 2049 2049 2051 2051 2051 2050 2050 2050 2048 2048 2048 2052 2052 2052 2051 2051 2051 2048 2048 2048 2010 2010 2010 2053 2053 2053 2048 2048 2048 1988 1988 1988 2054 2054 2054 2050 2050 2050 1993 1993 1993 2049 2049 2049 2050 2050 2050 2017 2017 2017 2042 2042 2042 2042 2042 2042 1994 1994 1994 1993 1993 1993 2051 2051 2051 2049 2049 2049 2048 2048 2048 2051 2051 2051 2052 2052 2052 2055 2055 2055 2005 2005 2005 2010 2010 2010 2006 2006 2006 2005 2005 2005 2056 2056 2056 2057 2057 2057 2005 2005 2005 2004 2004 2004 2058 2058 2058 2005 2005 2005 2052 2052 2052 2053 2053 2053 2010 2010 2010 2048 2048 2048 2054 2054 2054 2010 2010 2010 2005 2005 2005 2053 2053 2053 2052 2052 2052 2048 2048 2048 2053 2053 2053 2052 2052 2052 2005 2005 2005 2057 2057 2057 2052 2052 2052 2059 2059 2059 2055 2055 2055 2052 2052 2052 2057 2057 2057 2059 2059 2059 2057 2057 2057 2056 2056 2056 2060 2060 2060 2057 2057 2057 2060 2060 2060 2059 2059 2059 2059 2059 2059 2060 2060 2060 2012 2012 2012 2059 2059 2059 2012 2012 2012 2014 2014 2014 2059 2059 2059 2017 2017 2017 2055 2055 2055 2017 2017 2017 2043 2043 2043 2042 2042 2042 2017 2017 2017 2059 2059 2059 2014 2014 2014 2055 2055 2055 2017 2017 2017 2050 2050 2050 2055 2055 2055 2050 2050 2050 2051 2051 2051 2041 2041 2041 2061 2061 2061 2035 2035 2035 2041 2041 2041 2062 2062 2062 2063 2063 2063 2041 2041 2041 2037 2037 2037 2047 2047 2047 2061 2061 2061 2041 2041 2041 2063 2063 2063 2061 2061 2061 2064 2064 2064 2065 2065 2065 2035 2035 2035 2033 2033 2033 2041 2041 2041 2047 2047 2047 2062 2062 2062 2041 2041 2041 2062 2062 2062 2066 2066 2066 2067 2067 2067 2062 2062 2062 2046 2046 2046 2066 2066 2066 2062 2062 2062 2064 2064 2064 2063 2063 2063 2064 2064 2064 2061 2061 2061 2063 2063 2063 2064 2064 2064 2062 2062 2062 2067 2067 2067 2068 2068 2068 2019 2019 2019 2069 2069 2069 2068 2068 2068 2070 2070 2070 2066 2066 2066 2068 2068 2068 2046 2046 2046 2015 2015 2015 2046 2046 2046 2062 2062 2062 2047 2047 2047 2046 2046 2046 2068 2068 2068 2066 2066 2066 2071 2071 2071 2070 2070 2070 2068 2068 2068 2071 2071 2071 2069 2069 2069 2072 2072 2072 2070 2070 2070 2067 2067 2067 2066 2066 2066 2070 2070 2070 2073 2073 2073 2067 2067 2067 2070 2070 2070 2071 2071 2071 2028 2028 2028 2028 2028 2028 2072 2072 2072 2022 2022 2022 2028 2028 2028 2073 2073 2073 2070 2070 2070 2028 2028 2028 2027 2027 2027 2073 2073 2073 2027 2027 2027 2026 2026 2026 2074 2074 2074 2027 2027 2027 2074 2074 2074 2065 2065 2065 2027 2027 2027 2065 2065 2065 2064 2064 2064 2027 2027 2027 2028 2028 2028 2021 2021 2021 2073 2073 2073 2064 2064 2064 2067 2067 2067 2073 2073 2073 2027 2027 2027 2064 2064 2064 2075 2075 2075 2058 2058 2058 2004 2004 2004 2075 2075 2075 2076 2076 2076 2077 2077 2077 2058 2058 2058 2078 2078 2078 2056 2056 2056 2058 2058 2058 2075 2075 2075 2077 2077 2077 2076 2076 2076 2078 2078 2078 2077 2077 2077 2076 2076 2076 2023 2023 2023 2079 2079 2079 2076 2076 2076 2075 2075 2075 2080 2080 2080 2076 2076 2076 2080 2080 2080 2023 2023 2023 2080 2080 2080 2081 2081 2081 2024 2024 2024 2080 2080 2080 2024 2024 2024 2023 2023 2023 2078 2078 2078 2076 2076 2076 2082 2082 2082 2078 2078 2078 2060 2060 2060 2056 2056 2056 2078 2078 2078 2058 2058 2058 2077 2077 2077 2056 2056 2056 2005 2005 2005 2058 2058 2058 2082 2082 2082 2076 2076 2076 2079 2079 2079 2082 2082 2082 2083 2083 2083 2078 2078 2078 2023 2023 2023 2072 2072 2072 2079 2079 2079 2023 2023 2023 2020 2020 2020 2022 2022 2022 2072 2072 2072 2028 2028 2028 2071 2071 2071 2072 2072 2072 2023 2023 2023 2022 2022 2022 2079 2079 2079 2084 2084 2084 2082 2082 2082 2079 2079 2079 2072 2072 2072 2084 2084 2084 2084 2084 2084 2072 2072 2072 2069 2069 2069 2084 2084 2084 2019 2019 2019 2083 2083 2083 2069 2069 2069 2071 2071 2071 2068 2068 2068 2060 2060 2060 2078 2078 2078 2083 2083 2083 2060 2060 2060 2019 2019 2019 2012 2012 2012 2019 2019 2019 2084 2084 2084 2069 2069 2069 2019 2019 2019 2060 2060 2060 2083 2083 2083 2019 2019 2019 2068 2068 2068 2015 2015 2015 2083 2083 2083 2082 2082 2082 2084 2084 2084 2085 2085 2085 2086 2086 2086 2087 2087 2087 2085 2085 2085 2034 2034 2034 2088 2088 2088 2085 2085 2085 2030 2030 2030 2034 2034 2034 2086 2086 2086 2089 2089 2089 2090 2090 2090 2086 2086 2086 2091 2091 2091 2092 2092 2092 2086 2086 2086 2085 2085 2085 2088 2088 2088 2086 2086 2086 2090 2090 2090 2093 2093 2093 2088 2088 2088 2034 2034 2034 2035 2035 2035 2088 2088 2088 2035 2035 2035 2089 2089 2089 2092 2092 2092 2087 2087 2087 2086 2086 2086 2092 2092 2092 2094 2094 2094 2087 2087 2087 2092 2092 2092 2095 2095 2095 2096 2096 2096 2092 2092 2092 1999 1999 1999 2095 2095 2095 2094 2094 2094 2097 2097 2097 2085 2085 2085 2094 2094 2094 2085 2085 2085 2087 2087 2087 2094 2094 2094 2092 2092 2092 2096 2096 2096 2097 2097 2097 2030 2030 2030 2085 2085 2085 2097 2097 2097 2038 2038 2038 2030 2030 2030 2098 2098 2098 2003 2003 2003 2099 2099 2099 2098 2098 2098 2100 2100 2100 2095 2095 2095 2098 2098 2098 1999 1999 1999 1998 1998 1998 1999 1999 1999 2092 2092 2092 2091 2091 2091 1999 1999 1999 2098 2098 2098 2095 2095 2095 2100 2100 2100 2096 2096 2096 2095 2095 2095 2100 2100 2100 2101 2101 2101 2096 2096 2096 2100 2100 2100 2102 2102 2102 1992 1992 1992 2100 2100 2100 2098 2098 2098 2102 2102 2102 2102 2102 2102 2099 2099 2099 2103 2103 2103 1992 1992 1992 2101 2101 2101 2100 2100 2100 1992 1992 1992 2103 2103 2103 1986 1986 1986 1992 1992 1992 1991 1991 1991 2101 2101 2101 1991 1991 1991 1990 1990 1990 2038 2038 2038 1991 1991 1991 2038 2038 2038 2097 2097 2097 1991 1991 1991 1992 1992 1992 1985 1985 1985 1991 1991 1991 2097 2097 2097 2094 2094 2094 2101 2101 2101 2094 2094 2094 2096 2096 2096 2101 2101 2101 1991 1991 1991 2094 2094 2094 2009 2009 2009 2104 2104 2104 2007 2007 2007 2009 2009 2009 2105 2105 2105 2106 2106 2106 2009 2009 2009 2011 2011 2011 2105 2105 2105 2011 2011 2011 2107 2107 2107 2108 2108 2108 2011 2011 2011 2009 2009 2009 2008 2008 2008 2011 2011 2011 2010 2010 2010 2054 2054 2054 2011 2011 2011 2054 2054 2054 2107 2107 2107 2105 2105 2105 2011 2011 2011 2108 2108 2108 2108 2108 2108 2107 2107 2107 1987 1987 1987 2108 2108 2108 1987 1987 1987 2109 2109 2109 2108 2108 2108 2106 2106 2106 2105 2105 2105 2107 2107 2107 2054 2054 2054 1988 1988 1988 2107 2107 2107 1988 1988 1988 1987 1987 1987 2110 2110 2110 2009 2009 2009 2106 2106 2106 2110 2110 2110 2111 2111 2111 2104 2104 2104 2106 2106 2106 2108 2108 2108 2112 2112 2112 2106 2106 2106 2002 2002 2002 2110 2110 2110 2112 2112 2112 2108 2108 2108 2109 2109 2109 2112 2112 2112 2113 2113 2113 2106 2106 2106 1987 1987 1987 2103 2103 2103 2109 2109 2109 1987 1987 1987 1984 1984 1984 1986 1986 1986 2103 2103 2103 1992 1992 1992 2102 2102 2102 2103 2103 2103 1987 1987 1987 1986 1986 1986 2109 2109 2109 2114 2114 2114 2112 2112 2112 2109 2109 2109 2103 2103 2103 2114 2114 2114 2114 2114 2114 2003 2003 2003 2113 2113 2113 2114 2114 2114 2103 2103 2103 2099 2099 2099 2099 2099 2099 2102 2102 2102 2098 2098 2098 2002 2002 2002 2106 2106 2106 2113 2113 2113 2002 2002 2002 1997 1997 1997 2115 2115 2115 2002 2002 2002 2003 2003 2003 1995 1995 1995 2003 2003 2003 2114 2114 2114 2099 2099 2099 2003 2003 2003 2002 2002 2002 2113 2113 2113 2003 2003 2003 2098 2098 2098 1998 1998 1998 2113 2113 2113 2112 2112 2112 2114 2114 2114 2090 2090 2090 2116 2116 2116 2117 2117 2117 2090 2090 2090 2117 2117 2117 2118 2118 2118 2116 2116 2116 2090 2090 2090 2089 2089 2089 2116 2116 2116 2074 2074 2074 2119 2119 2119 2116 2116 2116 2061 2061 2061 2065 2065 2065 2116 2116 2116 2065 2065 2065 2074 2074 2074 2117 2117 2117 2116 2116 2116 2119 2119 2119 2089 2089 2089 2086 2086 2086 2088 2088 2088 2089 2089 2089 2035 2035 2035 2061 2061 2061 2089 2089 2089 2061 2061 2061 2116 2116 2116 2119 2119 2119 2118 2118 2118 2117 2117 2117 2119 2119 2119 2026 2026 2026 2120 2120 2120 2119 2119 2119 2120 2120 2120 2121 2121 2121 2093 2093 2093 2090 2090 2090 2118 2118 2118 2093 2093 2093 2091 2091 2091 2086 2086 2086 2118 2118 2118 2119 2119 2119 2121 2121 2121 2122 2122 2122 2026 2026 2026 2025 2025 2025 2122 2122 2122 2123 2123 2123 2120 2120 2120 2122 2122 2122 2029 2029 2029 2124 2124 2124 2026 2026 2026 2122 2122 2122 2120 2120 2120 2026 2026 2026 2119 2119 2119 2074 2074 2074 2123 2123 2123 2125 2125 2125 2121 2121 2121 2123 2123 2123 2126 2126 2126 2001 2001 2001 2123 2123 2123 2121 2121 2121 2120 2120 2120 2123 2123 2123 2122 2122 2122 2126 2126 2126 2126 2126 2126 2124 2124 2124 2127 2127 2127 2001 2001 2001 2127 2127 2127 1997 1997 1997 2001 2001 2001 2000 2000 2000 2125 2125 2125 2001 2001 2001 2125 2125 2125 2123 2123 2123 2000 2000 2000 2001 2001 2001 1996 1996 1996 2000 2000 2000 1999 1999 1999 2091 2091 2091 2000 2000 2000 2091 2091 2091 2093 2093 2093 2000 2000 2000 2093 2093 2093 2118 2118 2118 2125 2125 2125 2118 2118 2118 2121 2121 2121 2125 2125 2125 2000 2000 2000 2118 2118 2118 2128 2128 2128 2075 2075 2075 2004 2004 2004 2128 2128 2128 2004 2004 2004 2007 2007 2007 2128 2128 2128 2104 2104 2104 2129 2129 2129 2104 2104 2104 2009 2009 2009 2110 2110 2110 2104 2104 2104 2128 2128 2128 2007 2007 2007 2104 2104 2104 2111 2111 2111 2130 2130 2130 2130 2130 2130 2111 2111 2111 2115 2115 2115 2130 2130 2130 2115 2115 2115 2131 2131 2131 2130 2130 2130 2132 2132 2132 2129 2129 2129 2130 2130 2130 2129 2129 2129 2104 2104 2104 2111 2111 2111 2002 2002 2002 2115 2115 2115 2111 2111 2111 2110 2110 2110 2002 2002 2002 2132 2132 2132 2128 2128 2128 2129 2129 2129 2132 2132 2132 2130 2130 2130 2133 2133 2133 2132 2132 2132 2024 2024 2024 2081 2081 2081 2132 2132 2132 2081 2081 2081 2128 2128 2128 2081 2081 2081 2075 2075 2075 2128 2128 2128 2081 2081 2081 2080 2080 2080 2075 2075 2075 2133 2133 2133 2130 2130 2130 2131 2131 2131 2133 2133 2133 2134 2134 2134 2132 2132 2132 2115 2115 2115 2127 2127 2127 2131 2131 2131 2127 2127 2127 2115 2115 2115 1997 1997 1997 2127 2127 2127 2001 2001 2001 2126 2126 2126 2131 2131 2131 2127 2127 2127 2135 2135 2135 2131 2131 2131 2135 2135 2135 2133 2133 2133 2135 2135 2135 2127 2127 2127 2124 2124 2124 2135 2135 2135 2029 2029 2029 2134 2134 2134 2124 2124 2124 2126 2126 2126 2122 2122 2122 2024 2024 2024 2029 2029 2029 2020 2020 2020 2024 2024 2024 2132 2132 2132 2134 2134 2134 2029 2029 2029 2135 2135 2135 2124 2124 2124 2029 2029 2029 2122 2122 2122 2025 2025 2025 2029 2029 2029 2024 2024 2024 2134 2134 2134 2134 2134 2134 2133 2133 2133 2135 2135 2135 2136 2136 2136 2137 2137 2137 2138 2138 2138 2136 2136 2136 2139 2139 2139 2140 2140 2140 2137 2137 2137 2141 2141 2141 2142 2142 2142 2137 2137 2137 2136 2136 2136 2143 2143 2143 2138 2138 2138 2137 2137 2137 2142 2142 2142 2143 2143 2143 2144 2144 2144 2137 2137 2137 2145 2145 2145 2146 2146 2146 2147 2147 2147 2145 2145 2145 2148 2148 2148 2146 2146 2146 2145 2145 2145 2149 2149 2149 2150 2150 2150 2149 2149 2149 2145 2145 2145 2151 2151 2151 2149 2149 2149 2152 2152 2152 2150 2150 2150 2149 2149 2149 2153 2153 2153 2154 2154 2154 2150 2150 2150 2155 2155 2155 2148 2148 2148 2151 2151 2151 2156 2156 2156 2157 2157 2157 2151 2151 2151 2158 2158 2158 2153 2153 2153 2159 2159 2159 2160 2160 2160 2161 2161 2161 2160 2160 2160 2159 2159 2159 2162 2162 2162 2160 2160 2160 2163 2163 2163 2164 2164 2164 2160 2160 2160 2164 2164 2164 2165 2165 2165 2160 2160 2160 2165 2165 2165 2142 2142 2142 2161 2161 2161 2166 2166 2166 2167 2167 2167 2161 2161 2161 2142 2142 2142 2141 2141 2141 2161 2161 2161 2168 2168 2168 2159 2159 2159 2169 2169 2169 2170 2170 2170 2171 2171 2171 2169 2169 2169 2172 2172 2172 2139 2139 2139 2172 2172 2172 2169 2169 2169 2171 2171 2171 2172 2172 2172 2173 2173 2173 2174 2174 2174 2139 2139 2139 2165 2165 2165 2169 2169 2169 2139 2139 2139 2136 2136 2136 2138 2138 2138 2139 2139 2139 2174 2174 2174 2140 2140 2140 2171 2171 2171 2175 2175 2175 2176 2176 2176 2171 2171 2171 2177 2177 2177 2172 2172 2172 2147 2147 2147 2156 2156 2156 2145 2145 2145 2147 2147 2147 2177 2177 2177 2156 2156 2156 2177 2177 2177 2171 2171 2171 2176 2176 2176 2177 2177 2177 2147 2147 2147 2173 2173 2173 2156 2156 2156 2176 2176 2176 2157 2157 2157 2156 2156 2156 2177 2177 2177 2176 2176 2176 2156 2156 2156 2151 2151 2151 2145 2145 2145 2173 2173 2173 2172 2172 2172 2177 2177 2177 2178 2178 2178 2179 2179 2179 2180 2180 2180 2178 2178 2178 2181 2181 2181 2182 2182 2182 2181 2181 2181 2178 2178 2178 2180 2180 2180 2181 2181 2181 2183 2183 2183 2166 2166 2166 2181 2181 2181 2180 2180 2180 2183 2183 2183 2182 2182 2182 2181 2181 2181 2184 2184 2184 2157 2157 2157 2176 2176 2176 2185 2185 2185 2157 2157 2157 2185 2185 2185 2158 2158 2158 2157 2157 2157 2158 2158 2158 2151 2151 2151 2186 2186 2186 2185 2185 2185 2175 2175 2175 2186 2186 2186 2170 2170 2170 2187 2187 2187 2185 2185 2185 2176 2176 2176 2175 2175 2175 2185 2185 2185 2186 2186 2186 2188 2188 2188 2185 2185 2185 2188 2188 2188 2158 2158 2158 2175 2175 2175 2171 2171 2171 2170 2170 2170 2155 2155 2155 2189 2189 2189 2190 2190 2190 2155 2155 2155 2150 2150 2150 2152 2152 2152 2189 2189 2189 2155 2155 2155 2152 2152 2152 2189 2189 2189 2191 2191 2191 2192 2192 2192 2190 2190 2190 2189 2189 2189 2193 2193 2193 2152 2152 2152 2149 2149 2149 2194 2194 2194 2152 2152 2152 2191 2191 2191 2189 2189 2189 2165 2165 2165 2139 2139 2139 2138 2138 2138 2165 2165 2165 2138 2138 2138 2142 2142 2142 2165 2165 2165 2170 2170 2170 2169 2169 2169 2142 2142 2142 2161 2161 2161 2160 2160 2160 2191 2191 2191 2195 2195 2195 2192 2192 2192 2191 2191 2191 2152 2152 2152 2194 2194 2194 2194 2194 2194 2196 2196 2196 2191 2191 2191 2194 2194 2194 2154 2154 2154 2197 2197 2197 2183 2183 2183 2180 2180 2180 2198 2198 2198 2183 2183 2183 2167 2167 2167 2166 2166 2166 2198 2198 2198 2199 2199 2199 2183 2183 2183 2198 2198 2198 2200 2200 2200 2201 2201 2201 2198 2198 2198 2180 2180 2180 2179 2179 2179 2174 2174 2174 2139 2139 2139 2172 2172 2172 2148 2148 2148 2145 2145 2145 2150 2150 2150 2179 2179 2179 2202 2202 2202 2203 2203 2203 2179 2179 2179 2204 2204 2204 2198 2198 2198 2179 2179 2179 2178 2178 2178 2202 2202 2202 2203 2203 2203 2193 2193 2193 2179 2179 2179 2193 2193 2193 2192 2192 2192 2204 2204 2204 2193 2193 2193 2203 2203 2203 2190 2190 2190 2144 2144 2144 2205 2205 2205 2206 2206 2206 2144 2144 2144 2143 2143 2143 2205 2205 2205 2206 2206 2206 2184 2184 2184 2144 2144 2144 2184 2184 2184 2141 2141 2141 2144 2144 2144 2184 2184 2184 2206 2206 2206 2182 2182 2182 2207 2207 2207 2153 2153 2153 2158 2158 2158 2153 2153 2153 2207 2207 2207 2208 2208 2208 2153 2153 2153 2208 2208 2208 2154 2154 2154 2153 2153 2153 2149 2149 2149 2151 2151 2151 2158 2158 2158 2188 2188 2188 2207 2207 2207 2154 2154 2154 2208 2208 2208 2209 2209 2209 2154 2154 2154 2194 2194 2194 2149 2149 2149 2209 2209 2209 2197 2197 2197 2154 2154 2154 2197 2197 2197 2209 2209 2209 2210 2210 2210 2197 2197 2197 2210 2210 2210 2196 2196 2196 2196 2196 2196 2211 2211 2211 2212 2212 2212 2196 2196 2196 2194 2194 2194 2197 2197 2197 2196 2196 2196 2210 2210 2210 2211 2211 2211 2201 2201 2201 2213 2213 2213 2199 2199 2199 2213 2213 2213 2201 2201 2201 2214 2214 2214 2199 2199 2199 2198 2198 2198 2201 2201 2201 2199 2199 2199 2213 2213 2213 2168 2168 2168 2214 2214 2214 2200 2200 2200 2215 2215 2215 2214 2214 2214 2201 2201 2201 2200 2200 2200 2168 2168 2168 2161 2161 2161 2167 2167 2167 2168 2168 2168 2167 2167 2167 2199 2199 2199 2167 2167 2167 2183 2183 2183 2199 2199 2199 2200 2200 2200 2192 2192 2192 2195 2195 2195 2215 2215 2215 2200 2200 2200 2195 2195 2195 2215 2215 2215 2195 2195 2195 2212 2212 2212 2187 2187 2187 2164 2164 2164 2163 2163 2163 2164 2164 2164 2187 2187 2187 2170 2170 2170 2163 2163 2163 2160 2160 2160 2162 2162 2162 2170 2170 2170 2165 2165 2165 2164 2164 2164 2170 2170 2170 2186 2186 2186 2175 2175 2175 2192 2192 2192 2200 2200 2200 2204 2204 2204 2192 2192 2192 2193 2193 2193 2189 2189 2189 2204 2204 2204 2179 2179 2179 2193 2193 2193 2204 2204 2204 2200 2200 2200 2198 2198 2198 2141 2141 2141 2137 2137 2137 2144 2144 2144 2141 2141 2141 2184 2184 2184 2166 2166 2166 2166 2166 2166 2184 2184 2184 2181 2181 2181 2166 2166 2166 2161 2161 2161 2141 2141 2141 2212 2212 2212 2195 2195 2195 2196 2196 2196 2195 2195 2195 2191 2191 2191 2196 2196 2196 2216 2216 2216 2217 2217 2217 2218 2218 2218 2216 2216 2216 2218 2218 2218 2219 2219 2219 2216 2216 2216 2219 2219 2219 2220 2220 2220 2216 2216 2216 2220 2220 2220 2221 2221 2221 2217 2217 2217 2216 2216 2216 2221 2221 2221 2217 2217 2217 2222 2222 2222 2223 2223 2223 2218 2218 2218 2224 2224 2224 2225 2225 2225 2218 2218 2218 2223 2223 2223 2224 2224 2224 2218 2218 2218 2217 2217 2217 2223 2223 2223 2222 2222 2222 2226 2226 2226 2227 2227 2227 2222 2222 2222 2228 2228 2228 2226 2226 2226 2222 2222 2222 2217 2217 2217 2228 2228 2228 2228 2228 2228 2229 2229 2229 2230 2230 2230 2228 2228 2228 2217 2217 2217 2221 2221 2221 2228 2228 2228 2221 2221 2221 2229 2229 2229 2219 2219 2219 2231 2231 2231 2232 2232 2232 2219 2219 2219 2225 2225 2225 2231 2231 2231 2219 2219 2219 2218 2218 2218 2225 2225 2225 2220 2220 2220 2233 2233 2233 2234 2234 2234 2220 2220 2220 2232 2232 2232 2233 2233 2233 2220 2220 2220 2219 2219 2219 2232 2232 2232 2221 2221 2221 2220 2220 2220 2234 2234 2234 2221 2221 2221 2234 2234 2234 2229 2229 2229 2226 2226 2226 2235 2235 2235 2236 2236 2236 2226 2226 2226 2230 2230 2230 2235 2235 2235 2226 2226 2226 2228 2228 2228 2230 2230 2230 2224 2224 2224 2223 2223 2223 2237 2237 2237 2224 2224 2224 2237 2237 2237 2238 2238 2238 2223 2223 2223 2222 2222 2222 2227 2227 2227 2237 2237 2237 2227 2227 2227 2239 2239 2239 2237 2237 2237 2239 2239 2239 2240 2240 2240 2237 2237 2237 2223 2223 2223 2227 2227 2227 2231 2231 2231 2225 2225 2225 2241 2241 2241 2231 2231 2231 2241 2241 2241 2242 2242 2242 2225 2225 2225 2224 2224 2224 2238 2238 2238 2241 2241 2241 2225 2225 2225 2238 2238 2238 2241 2241 2241 2238 2238 2238 2243 2243 2243 2241 2241 2241 2243 2243 2243 2244 2244 2244 2233 2233 2233 2245 2245 2245 2246 2246 2246 2233 2233 2233 2232 2232 2232 2245 2245 2245 2232 2232 2232 2231 2231 2231 2242 2242 2242 2245 2245 2245 2247 2247 2247 2248 2248 2248 2245 2245 2245 2242 2242 2242 2247 2247 2247 2245 2245 2245 2232 2232 2232 2242 2242 2242 2229 2229 2229 2249 2249 2249 2230 2230 2230 2229 2229 2229 2234 2234 2234 2249 2249 2249 2234 2234 2234 2233 2233 2233 2246 2246 2246 2249 2249 2249 2234 2234 2234 2246 2246 2246 2249 2249 2249 2246 2246 2246 2250 2250 2250 2249 2249 2249 2250 2250 2250 2251 2251 2251 2227 2227 2227 2236 2236 2236 2239 2239 2239 2227 2227 2227 2226 2226 2226 2236 2236 2236 2238 2238 2238 2237 2237 2237 2240 2240 2240 2238 2238 2238 2240 2240 2240 2243 2243 2243 2242 2242 2242 2241 2241 2241 2244 2244 2244 2242 2242 2242 2244 2244 2244 2247 2247 2247 2246 2246 2246 2245 2245 2245 2248 2248 2248 2246 2246 2246 2248 2248 2248 2250 2250 2250 2230 2230 2230 2249 2249 2249 2251 2251 2251 2230 2230 2230 2251 2251 2251 2235 2235 2235 2239 2239 2239 2236 2236 2236 2252 2252 2252 2236 2236 2236 2235 2235 2235 2253 2253 2253 2252 2252 2252 2236 2236 2236 2253 2253 2253 2252 2252 2252 2253 2253 2253 2254 2254 2254 2243 2243 2243 2240 2240 2240 2255 2255 2255 2240 2240 2240 2239 2239 2239 2252 2252 2252 2255 2255 2255 2252 2252 2252 2254 2254 2254 2255 2255 2255 2240 2240 2240 2252 2252 2252 2247 2247 2247 2244 2244 2244 2256 2256 2256 2244 2244 2244 2243 2243 2243 2255 2255 2255 2256 2256 2256 2244 2244 2244 2255 2255 2255 2256 2256 2256 2255 2255 2255 2254 2254 2254 2250 2250 2250 2248 2248 2248 2257 2257 2257 2248 2248 2248 2247 2247 2247 2256 2256 2256 2257 2257 2257 2248 2248 2248 2256 2256 2256 2257 2257 2257 2256 2256 2256 2254 2254 2254 2235 2235 2235 2251 2251 2251 2253 2253 2253 2251 2251 2251 2250 2250 2250 2257 2257 2257 2253 2253 2253 2257 2257 2257 2254 2254 2254 2253 2253 2253 2251 2251 2251 2257 2257 2257 2258 2258 2258 2259 2259 2259 2260 2260 2260 2258 2258 2258 2261 2261 2261 2262 2262 2262 2259 2259 2259 2263 2263 2263 2264 2264 2264 2259 2259 2259 2265 2265 2265 2260 2260 2260 2259 2259 2259 2258 2258 2258 2262 2262 2262 2260 2260 2260 2266 2266 2266 2267 2267 2267 2260 2260 2260 2268 2268 2268 2258 2258 2258 2262 2262 2262 2269 2269 2269 2270 2270 2270 2262 2262 2262 2271 2271 2271 2259 2259 2259 2261 2261 2261 2272 2272 2272 2273 2273 2273 2261 2261 2261 2258 2258 2258 2274 2274 2274 2274 2274 2274 2275 2275 2275 2272 2272 2272 2274 2274 2274 2268 2268 2268 2276 2276 2276 2269 2269 2269 2262 2262 2262 2261 2261 2261 2269 2269 2269 2261 2261 2261 2277 2277 2277 2270 2270 2270 2278 2278 2278 2271 2271 2271 2270 2270 2270 2279 2279 2279 2280 2280 2280 2271 2271 2271 2262 2262 2262 2270 2270 2270 2271 2271 2271 2281 2281 2281 2263 2263 2263 2272 2272 2272 2282 2282 2282 2283 2283 2283 2272 2272 2272 2283 2283 2283 2284 2284 2284 2272 2272 2272 2261 2261 2261 2274 2274 2274 2282 2282 2282 2272 2272 2272 2275 2275 2275 2275 2275 2275 2285 2285 2285 2282 2282 2282 2275 2275 2275 2274 2274 2274 2276 2276 2276 2276 2276 2276 2268 2268 2268 2286 2286 2286 2276 2276 2276 2287 2287 2287 2275 2275 2275 2287 2287 2287 2276 2276 2276 2286 2286 2286 2286 2286 2286 2288 2288 2288 2287 2287 2287 2286 2286 2286 2268 2268 2268 2289 2289 2289 2285 2285 2285 2275 2275 2275 2287 2287 2287 2285 2285 2285 2288 2288 2288 2290 2290 2290 2285 2285 2285 2291 2291 2291 2282 2282 2282 2288 2288 2288 2285 2285 2285 2287 2287 2287 2288 2288 2288 2286 2286 2286 2289 2289 2289 2288 2288 2288 2292 2292 2292 2293 2293 2293 2288 2288 2288 2294 2294 2294 2290 2290 2290 2292 2292 2292 2268 2268 2268 2267 2267 2267 2292 2292 2292 2288 2288 2288 2289 2289 2289 2293 2293 2293 2267 2267 2267 2266 2266 2266 2294 2294 2294 2288 2288 2288 2293 2293 2293 2294 2294 2294 2295 2295 2295 2291 2291 2291 2266 2266 2266 2294 2294 2294 2293 2293 2293 2266 2266 2266 2295 2295 2295 2294 2294 2294 2266 2266 2266 2260 2260 2260 2265 2265 2265 2295 2295 2295 2265 2265 2265 2296 2296 2296 2267 2267 2267 2293 2293 2293 2292 2292 2292 2265 2265 2265 2295 2295 2295 2266 2266 2266 2265 2265 2265 2259 2259 2259 2264 2264 2264 2265 2265 2265 2297 2297 2297 2296 2296 2296 2296 2296 2296 2291 2291 2291 2295 2295 2295 2291 2291 2291 2298 2298 2298 2283 2283 2283 2291 2291 2291 2296 2296 2296 2298 2298 2298 2291 2291 2291 2290 2290 2290 2294 2294 2294 2291 2291 2291 2283 2283 2283 2282 2282 2282 2291 2291 2291 2285 2285 2285 2290 2290 2290 2298 2298 2298 2284 2284 2284 2283 2283 2283 2298 2298 2298 2297 2297 2297 2299 2299 2299 2268 2268 2268 2260 2260 2260 2267 2267 2267 2268 2268 2268 2292 2292 2292 2289 2289 2289 2268 2268 2268 2274 2274 2274 2258 2258 2258 2263 2263 2263 2259 2259 2259 2271 2271 2271 2263 2263 2263 2300 2300 2300 2301 2301 2301 2300 2300 2300 2302 2302 2302 2303 2303 2303 2300 2300 2300 2263 2263 2263 2281 2281 2281 2301 2301 2301 2299 2299 2299 2297 2297 2297 2301 2301 2301 2303 2303 2303 2304 2304 2304 2301 2301 2301 2264 2264 2264 2263 2263 2263 2281 2281 2281 2271 2271 2271 2278 2278 2278 2281 2281 2281 2305 2305 2305 2300 2300 2300 2278 2278 2278 2270 2270 2270 2280 2280 2280 2278 2278 2278 2306 2306 2306 2281 2281 2281 2306 2306 2306 2307 2307 2307 2305 2305 2305 2306 2306 2306 2278 2278 2278 2308 2308 2308 2308 2308 2308 2280 2280 2280 2309 2309 2309 2308 2308 2308 2310 2310 2310 2306 2306 2306 2305 2305 2305 2281 2281 2281 2306 2306 2306 2284 2284 2284 2311 2311 2311 2273 2273 2273 2284 2284 2284 2298 2298 2298 2299 2299 2299 2299 2299 2299 2311 2311 2311 2284 2284 2284 2299 2299 2299 2301 2301 2301 2304 2304 2304 2297 2297 2297 2265 2265 2265 2264 2264 2264 2297 2297 2297 2298 2298 2298 2296 2296 2296 2311 2311 2311 2303 2303 2303 2312 2312 2312 2311 2311 2311 2299 2299 2299 2304 2304 2304 2311 2311 2311 2312 2312 2312 2277 2277 2277 2273 2273 2273 2272 2272 2272 2284 2284 2284 2273 2273 2273 2277 2277 2277 2261 2261 2261 2277 2277 2277 2273 2273 2273 2311 2311 2311 2277 2277 2277 2313 2313 2313 2269 2269 2269 2264 2264 2264 2301 2301 2301 2297 2297 2297 2309 2309 2309 2314 2314 2314 2315 2315 2315 2309 2309 2309 2316 2316 2316 2308 2308 2308 2316 2316 2316 2309 2309 2309 2315 2315 2315 2315 2315 2315 2317 2317 2317 2316 2316 2316 2315 2315 2315 2318 2318 2318 2319 2319 2319 2314 2314 2314 2320 2320 2320 2321 2321 2321 2314 2314 2314 2309 2309 2309 2320 2320 2320 2320 2320 2320 2279 2279 2279 2322 2322 2322 2320 2320 2320 2280 2280 2280 2279 2279 2279 2318 2318 2318 2315 2315 2315 2314 2314 2314 2318 2318 2318 2323 2323 2323 2319 2319 2319 2318 2318 2318 2321 2321 2321 2324 2324 2324 2317 2317 2317 2310 2310 2310 2316 2316 2316 2317 2317 2317 2323 2323 2323 2325 2325 2325 2317 2317 2317 2315 2315 2315 2319 2319 2319 2280 2280 2280 2320 2320 2320 2309 2309 2309 2280 2280 2280 2308 2308 2308 2278 2278 2278 2279 2279 2279 2269 2269 2269 2313 2313 2313 2279 2279 2279 2270 2270 2270 2269 2269 2269 2303 2303 2303 2311 2311 2311 2304 2304 2304 2303 2303 2303 2301 2301 2301 2300 2300 2300 2312 2312 2312 2326 2326 2326 2313 2313 2313 2312 2312 2312 2302 2302 2302 2326 2326 2326 2302 2302 2302 2312 2312 2312 2303 2303 2303 2302 2302 2302 2327 2327 2327 2326 2326 2326 2302 2302 2302 2300 2300 2300 2305 2305 2305 2302 2302 2302 2307 2307 2307 2328 2328 2328 2326 2326 2326 2327 2327 2327 2322 2322 2322 2313 2313 2313 2322 2322 2322 2279 2279 2279 2313 2313 2313 2277 2277 2277 2312 2312 2312 2322 2322 2322 2321 2321 2321 2320 2320 2320 2322 2322 2322 2313 2313 2313 2326 2326 2326 2323 2323 2323 2329 2329 2329 2330 2330 2330 2323 2323 2323 2318 2318 2318 2324 2324 2324 2323 2323 2323 2317 2317 2317 2319 2319 2319 2323 2323 2323 2331 2331 2331 2325 2325 2325 2331 2331 2331 2310 2310 2310 2325 2325 2325 2331 2331 2331 2328 2328 2328 2307 2307 2307 2331 2331 2331 2323 2323 2323 2330 2330 2330 2324 2324 2324 2321 2321 2321 2329 2329 2329 2329 2329 2329 2328 2328 2328 2330 2330 2330 2329 2329 2329 2323 2323 2323 2324 2324 2324 2327 2327 2327 2329 2329 2329 2321 2321 2321 2327 2327 2327 2302 2302 2302 2328 2328 2328 2328 2328 2328 2329 2329 2329 2327 2327 2327 2328 2328 2328 2331 2331 2331 2330 2330 2330 2307 2307 2307 2302 2302 2302 2305 2305 2305 2307 2307 2307 2306 2306 2306 2310 2310 2310 2321 2321 2321 2322 2322 2322 2327 2327 2327 2321 2321 2321 2318 2318 2318 2314 2314 2314 2310 2310 2310 2308 2308 2308 2316 2316 2316 2310 2310 2310 2317 2317 2317 2325 2325 2325 2310 2310 2310 2331 2331 2331 2307 2307 2307 2332 2332 2332 2333 2333 2333 2334 2334 2334 2332 2332 2332 2335 2335 2335 2336 2336 2336 2333 2333 2333 2332 2332 2332 2336 2336 2336 2333 2333 2333 2337 2337 2337 2338 2338 2338 2333 2333 2333 2336 2336 2336 2339 2339 2339 2333 2333 2333 2339 2339 2339 2340 2340 2340 2334 2334 2334 2338 2338 2338 2341 2341 2341 2336 2336 2336 2342 2342 2342 2339 2339 2339 2336 2336 2336 2343 2343 2343 2342 2342 2342 2338 2338 2338 2334 2334 2334 2333 2333 2333 2338 2338 2338 2344 2344 2344 2345 2345 2345 2341 2341 2341 2345 2345 2345 2346 2346 2346 2347 2347 2347 2348 2348 2348 2349 2349 2349 2347 2347 2347 2350 2350 2350 2334 2334 2334 2347 2347 2347 2334 2334 2334 2341 2341 2341 2350 2350 2350 2351 2351 2351 2332 2332 2332 2350 2350 2350 2332 2332 2332 2334 2334 2334 2350 2350 2350 2352 2352 2352 2351 2351 2351 2350 2350 2350 2347 2347 2347 2353 2353 2353 2350 2350 2350 2353 2353 2353 2354 2354 2354 2351 2351 2351 2355 2355 2355 2356 2356 2356 2351 2351 2351 2335 2335 2335 2332 2332 2332 2352 2352 2352 2357 2357 2357 2358 2358 2358 2352 2352 2352 2359 2359 2359 2355 2355 2355 2352 2352 2352 2350 2350 2350 2354 2354 2354 2359 2359 2359 2352 2352 2352 2358 2358 2358 2355 2355 2355 2360 2360 2360 2361 2361 2361 2355 2355 2355 2351 2351 2351 2352 2352 2352 2358 2358 2358 2362 2362 2362 2359 2359 2359 2360 2360 2360 2355 2355 2355 2359 2359 2359 2360 2360 2360 2362 2362 2362 2363 2363 2363 2361 2361 2361 2356 2356 2356 2355 2355 2355 2356 2356 2356 2361 2361 2361 2364 2364 2364 2356 2356 2356 2364 2364 2364 2335 2335 2335 2364 2364 2364 2365 2365 2365 2366 2366 2366 2364 2364 2364 2366 2366 2366 2335 2335 2335 2365 2365 2365 2361 2361 2361 2360 2360 2360 2365 2365 2365 2364 2364 2364 2361 2361 2361 2365 2365 2365 2367 2367 2367 2368 2368 2368 2365 2365 2365 2369 2369 2369 2367 2367 2367 2365 2365 2365 2360 2360 2360 2363 2363 2363 2369 2369 2369 2362 2362 2362 2370 2370 2370 2369 2369 2369 2365 2365 2365 2363 2363 2363 2367 2367 2367 2343 2343 2343 2368 2368 2368 2368 2368 2368 2335 2335 2335 2366 2366 2366 2368 2368 2368 2366 2366 2366 2365 2365 2365 2342 2342 2342 2367 2367 2367 2369 2369 2369 2342 2342 2342 2369 2369 2369 2370 2370 2370 2339 2339 2339 2370 2370 2370 2371 2371 2371 2339 2339 2339 2342 2342 2342 2370 2370 2370 2339 2339 2339 2372 2372 2372 2340 2340 2340 2371 2371 2371 2362 2362 2362 2373 2373 2373 2343 2343 2343 2367 2367 2367 2342 2342 2342 2343 2343 2343 2336 2336 2336 2335 2335 2335 2362 2362 2362 2369 2369 2369 2363 2363 2363 2362 2362 2362 2358 2358 2358 2373 2373 2373 2362 2362 2362 2371 2371 2371 2370 2370 2370 2362 2362 2362 2360 2360 2360 2359 2359 2359 2373 2373 2373 2357 2357 2357 2374 2374 2374 2335 2335 2335 2351 2351 2351 2356 2356 2356 2335 2335 2335 2368 2368 2368 2343 2343 2343 2337 2337 2337 2375 2375 2375 2344 2344 2344 2337 2337 2337 2333 2333 2333 2340 2340 2340 2375 2375 2375 2376 2376 2376 2377 2377 2377 2375 2375 2375 2337 2337 2337 2378 2378 2378 2344 2344 2344 2377 2377 2377 2379 2379 2379 2344 2344 2344 2338 2338 2338 2337 2337 2337 2378 2378 2378 2374 2374 2374 2380 2380 2380 2378 2378 2378 2372 2372 2372 2374 2374 2374 2378 2378 2378 2381 2381 2381 2375 2375 2375 2378 2378 2378 2340 2340 2340 2372 2372 2372 2377 2377 2377 2344 2344 2344 2375 2375 2375 2379 2379 2379 2382 2382 2382 2383 2383 2383 2379 2379 2379 2345 2345 2345 2344 2344 2344 2345 2345 2345 2341 2341 2341 2338 2338 2338 2345 2345 2345 2379 2379 2379 2384 2384 2384 2384 2384 2384 2383 2383 2383 2385 2385 2385 2384 2384 2384 2346 2346 2346 2345 2345 2345 2357 2357 2357 2373 2373 2373 2358 2358 2358 2357 2357 2357 2352 2352 2352 2354 2354 2354 2357 2357 2357 2354 2354 2354 2386 2386 2386 2374 2374 2374 2386 2386 2386 2380 2380 2380 2386 2386 2386 2374 2374 2374 2357 2357 2357 2372 2372 2372 2371 2371 2371 2373 2373 2373 2372 2372 2372 2339 2339 2339 2371 2371 2371 2372 2372 2372 2373 2373 2373 2374 2374 2374 2354 2354 2354 2353 2353 2353 2386 2386 2386 2353 2353 2353 2349 2349 2349 2387 2387 2387 2353 2353 2353 2347 2347 2347 2349 2349 2349 2340 2340 2340 2378 2378 2378 2337 2337 2337 2388 2388 2388 2385 2385 2385 2389 2389 2389 2385 2385 2385 2388 2388 2388 2384 2384 2384 2389 2389 2389 2390 2390 2390 2391 2391 2391 2389 2389 2389 2392 2392 2392 2390 2390 2390 2392 2392 2392 2389 2389 2389 2385 2385 2385 2392 2392 2392 2385 2385 2385 2383 2383 2383 2392 2392 2392 2393 2393 2393 2390 2390 2390 2391 2391 2391 2394 2394 2394 2395 2395 2395 2391 2391 2391 2393 2393 2393 2396 2396 2396 2391 2391 2391 2390 2390 2390 2393 2393 2393 2391 2391 2391 2395 2395 2395 2389 2389 2389 2395 2395 2395 2397 2397 2397 2388 2388 2388 2395 2395 2395 2388 2388 2388 2389 2389 2389 2397 2397 2397 2346 2346 2346 2388 2388 2388 2397 2397 2397 2348 2348 2348 2346 2346 2346 2397 2397 2397 2395 2395 2395 2394 2394 2394 2397 2397 2397 2394 2394 2394 2398 2398 2398 2346 2346 2346 2384 2384 2384 2388 2388 2388 2348 2348 2348 2397 2397 2397 2398 2398 2398 2348 2348 2348 2341 2341 2341 2346 2346 2346 2348 2348 2348 2347 2347 2347 2341 2341 2341 2381 2381 2381 2380 2380 2380 2386 2386 2386 2381 2381 2381 2386 2386 2386 2387 2387 2387 2381 2381 2381 2378 2378 2378 2380 2380 2380 2387 2387 2387 2386 2386 2386 2353 2353 2353 2376 2376 2376 2387 2387 2387 2399 2399 2399 2376 2376 2376 2400 2400 2400 2401 2401 2401 2376 2376 2376 2375 2375 2375 2381 2381 2381 2376 2376 2376 2381 2381 2381 2387 2387 2387 2399 2399 2399 2387 2387 2387 2349 2349 2349 2349 2349 2349 2398 2398 2398 2399 2399 2399 2398 2398 2398 2349 2349 2349 2348 2348 2348 2398 2398 2398 2394 2394 2394 2400 2400 2400 2393 2393 2393 2392 2392 2392 2402 2402 2402 2393 2393 2393 2403 2403 2403 2404 2404 2404 2393 2393 2393 2402 2402 2402 2403 2403 2403 2393 2393 2393 2405 2405 2405 2396 2396 2396 2403 2403 2403 2382 2382 2382 2401 2401 2401 2403 2403 2403 2383 2383 2383 2382 2382 2382 2405 2405 2405 2401 2401 2401 2400 2400 2400 2405 2405 2405 2393 2393 2393 2404 2404 2404 2400 2400 2400 2376 2376 2376 2399 2399 2399 2400 2400 2400 2399 2399 2399 2398 2398 2398 2401 2401 2401 2405 2405 2405 2404 2404 2404 2401 2401 2401 2404 2404 2404 2403 2403 2403 2382 2382 2382 2379 2379 2379 2377 2377 2377 2382 2382 2382 2376 2376 2376 2401 2401 2401 2382 2382 2382 2377 2377 2377 2376 2376 2376 2394 2394 2394 2405 2405 2405 2400 2400 2400 2394 2394 2394 2396 2396 2396 2405 2405 2405 2394 2394 2394 2391 2391 2391 2396 2396 2396 2383 2383 2383 2403 2403 2403 2402 2402 2402 2383 2383 2383 2384 2384 2384 2379 2379 2379 2383 2383 2383 2402 2402 2402 2392 2392 2392 2406 2406 2406 2407 2407 2407 2408 2408 2408 2406 2406 2406 2409 2409 2409 2410 2410 2410 2406 2406 2406 2411 2411 2411 2412 2412 2412 2406 2406 2406 2413 2413 2413 2414 2414 2414 2407 2407 2407 2406 2406 2406 2414 2414 2414 2407 2407 2407 2415 2415 2415 2416 2416 2416 2407 2407 2407 2417 2417 2417 2408 2408 2408 2414 2414 2414 2413 2413 2413 2415 2415 2415 2409 2409 2409 2406 2406 2406 2408 2408 2408 2411 2411 2411 2406 2406 2406 2410 2410 2410 2411 2411 2411 2418 2418 2418 2412 2412 2412 2411 2411 2411 2419 2419 2419 2420 2420 2420 2413 2413 2413 2406 2406 2406 2412 2412 2412 2413 2413 2413 2421 2421 2421 2415 2415 2415 2422 2422 2422 2423 2423 2423 2424 2424 2424 2422 2422 2422 2425 2425 2425 2426 2426 2426 2425 2425 2425 2422 2422 2422 2427 2427 2427 2426 2426 2426 2428 2428 2428 2422 2422 2422 2427 2427 2427 2429 2429 2429 2425 2425 2425 2427 2427 2427 2430 2430 2430 2431 2431 2431 2427 2427 2427 2432 2432 2432 2430 2430 2430 2427 2427 2427 2424 2424 2424 2432 2432 2432 2424 2424 2424 2433 2433 2433 2432 2432 2432 2424 2424 2424 2434 2434 2434 2433 2433 2433 2424 2424 2424 2427 2427 2427 2422 2422 2422 2432 2432 2432 2435 2435 2435 2430 2430 2430 2432 2432 2432 2433 2433 2433 2435 2435 2435 2430 2430 2430 2435 2435 2435 2436 2436 2436 2430 2430 2430 2437 2437 2437 2431 2431 2431 2429 2429 2429 2427 2427 2427 2431 2431 2431 2429 2429 2429 2437 2437 2437 2438 2438 2438 2429 2429 2429 2439 2439 2439 2425 2425 2425 2437 2437 2437 2429 2429 2429 2431 2431 2431 2437 2437 2437 2440 2440 2440 2438 2438 2438 2437 2437 2437 2441 2441 2441 2442 2442 2442 2437 2437 2437 2430 2430 2430 2436 2436 2436 2441 2441 2441 2443 2443 2443 2442 2442 2442 2441 2441 2441 2435 2435 2435 2444 2444 2444 2441 2441 2441 2437 2437 2437 2436 2436 2436 2440 2440 2440 2437 2437 2437 2442 2442 2442 2440 2440 2440 2439 2439 2439 2438 2438 2438 2445 2445 2445 2416 2416 2416 2446 2446 2446 2445 2445 2445 2447 2447 2447 2448 2448 2448 2416 2416 2416 2445 2445 2445 2417 2417 2417 2446 2446 2446 2449 2449 2449 2445 2445 2445 2417 2417 2417 2409 2409 2409 2408 2408 2408 2417 2417 2417 2450 2450 2450 2409 2409 2409 2417 2417 2417 2448 2448 2448 2450 2450 2450 2417 2417 2417 2407 2407 2407 2416 2416 2416 2448 2448 2448 2417 2417 2417 2445 2445 2445 2448 2448 2448 2451 2451 2451 2450 2450 2450 2448 2448 2448 2452 2452 2452 2451 2451 2451 2450 2450 2450 2451 2451 2451 2419 2419 2419 2450 2450 2450 2419 2419 2419 2409 2409 2409 2439 2439 2439 2426 2426 2426 2425 2425 2425 2439 2439 2439 2429 2429 2429 2438 2438 2438 2439 2439 2439 2440 2440 2440 2453 2453 2453 2439 2439 2439 2454 2454 2454 2426 2426 2426 2439 2439 2439 2455 2455 2455 2454 2454 2454 2454 2454 2454 2456 2456 2456 2457 2457 2457 2454 2454 2454 2458 2458 2458 2456 2456 2456 2454 2454 2454 2457 2457 2457 2426 2426 2426 2455 2455 2455 2439 2439 2439 2453 2453 2453 2420 2420 2420 2451 2451 2451 2459 2459 2459 2451 2451 2451 2420 2420 2420 2419 2419 2419 2459 2459 2459 2418 2418 2418 2420 2420 2420 2459 2459 2459 2452 2452 2452 2460 2460 2460 2419 2419 2419 2410 2410 2410 2409 2409 2409 2419 2419 2419 2411 2411 2411 2410 2410 2410 2460 2460 2460 2461 2461 2461 2462 2462 2462 2460 2460 2460 2462 2462 2462 2459 2459 2459 2460 2460 2460 2463 2463 2463 2464 2464 2464 2463 2463 2463 2460 2460 2460 2452 2452 2452 2463 2463 2463 2465 2465 2465 2466 2466 2466 2463 2463 2463 2447 2447 2447 2465 2465 2465 2464 2464 2464 2466 2466 2466 2467 2467 2467 2464 2464 2464 2461 2461 2461 2460 2460 2460 2464 2464 2464 2468 2468 2468 2461 2461 2461 2452 2452 2452 2459 2459 2459 2451 2451 2451 2452 2452 2452 2448 2448 2448 2447 2447 2447 2452 2452 2452 2447 2447 2447 2463 2463 2463 2447 2447 2447 2445 2445 2445 2449 2449 2449 2465 2465 2465 2449 2449 2449 2469 2469 2469 2415 2415 2415 2446 2446 2446 2416 2416 2416 2415 2415 2415 2407 2407 2407 2414 2414 2414 2415 2415 2415 2470 2470 2470 2471 2471 2471 2470 2470 2470 2415 2415 2415 2421 2421 2421 2471 2471 2471 2472 2472 2472 2446 2446 2446 2471 2471 2471 2473 2473 2473 2474 2474 2474 2471 2471 2471 2446 2446 2446 2415 2415 2415 2469 2469 2469 2475 2475 2475 2465 2465 2465 2469 2469 2469 2472 2472 2472 2476 2476 2476 2472 2472 2472 2474 2474 2474 2476 2476 2476 2472 2472 2472 2469 2469 2469 2449 2449 2449 2476 2476 2476 2477 2477 2477 2469 2469 2469 2476 2476 2476 2478 2478 2478 2479 2479 2479 2449 2449 2449 2446 2446 2446 2472 2472 2472 2449 2449 2449 2465 2465 2465 2447 2447 2447 2418 2418 2418 2459 2459 2459 2462 2462 2462 2418 2418 2418 2411 2411 2411 2420 2420 2420 2418 2418 2418 2413 2413 2413 2412 2412 2412 2418 2418 2418 2421 2421 2421 2413 2413 2413 2462 2462 2462 2470 2470 2470 2421 2421 2421 2462 2462 2462 2421 2421 2421 2418 2418 2418 2443 2443 2443 2453 2453 2453 2440 2440 2440 2443 2443 2443 2441 2441 2441 2444 2444 2444 2443 2443 2443 2440 2440 2440 2442 2442 2442 2444 2444 2444 2480 2480 2480 2443 2443 2443 2444 2444 2444 2433 2433 2433 2481 2481 2481 2480 2480 2480 2453 2453 2453 2443 2443 2443 2480 2480 2480 2444 2444 2444 2481 2481 2481 2480 2480 2480 2482 2482 2482 2483 2483 2483 2480 2480 2480 2455 2455 2455 2453 2453 2453 2481 2481 2481 2434 2434 2434 2482 2482 2482 2435 2435 2435 2441 2441 2441 2436 2436 2436 2433 2433 2433 2444 2444 2444 2435 2435 2435 2484 2484 2484 2485 2485 2485 2486 2486 2486 2484 2484 2484 2456 2456 2456 2487 2487 2487 2484 2484 2484 2488 2488 2488 2489 2489 2489 2456 2456 2456 2490 2490 2490 2487 2487 2487 2456 2456 2456 2484 2484 2484 2457 2457 2457 2487 2487 2487 2491 2491 2491 2492 2492 2492 2487 2487 2487 2488 2488 2488 2484 2484 2484 2457 2457 2457 2486 2486 2486 2428 2428 2428 2458 2458 2458 2454 2454 2454 2455 2455 2455 2458 2458 2458 2483 2483 2483 2493 2493 2493 2490 2490 2490 2458 2458 2458 2493 2493 2493 2490 2490 2490 2491 2491 2491 2487 2487 2487 2490 2490 2490 2494 2494 2494 2495 2495 2495 2490 2490 2490 2456 2456 2456 2458 2458 2458 2486 2486 2486 2496 2496 2496 2497 2497 2497 2486 2486 2486 2457 2457 2457 2484 2484 2484 2428 2428 2428 2497 2497 2497 2423 2423 2423 2428 2428 2428 2426 2426 2426 2457 2457 2457 2497 2497 2497 2428 2428 2428 2486 2486 2486 2497 2497 2497 2498 2498 2498 2423 2423 2423 2497 2497 2497 2499 2499 2499 2498 2498 2498 2423 2423 2423 2434 2434 2434 2424 2424 2424 2423 2423 2423 2498 2498 2498 2434 2434 2434 2423 2423 2423 2422 2422 2422 2428 2428 2428 2500 2500 2500 2501 2501 2501 2468 2468 2468 2500 2500 2500 2502 2502 2502 2503 2503 2503 2501 2501 2501 2500 2500 2500 2504 2504 2504 2501 2501 2501 2474 2474 2474 2473 2473 2473 2501 2501 2501 2505 2505 2505 2506 2506 2506 2468 2468 2468 2501 2501 2501 2473 2473 2473 2468 2468 2468 2473 2473 2473 2461 2461 2461 2468 2468 2468 2467 2467 2467 2500 2500 2500 2504 2504 2504 2503 2503 2503 2507 2507 2507 2504 2504 2504 2505 2505 2505 2501 2501 2501 2467 2467 2467 2468 2468 2468 2464 2464 2464 2467 2467 2467 2466 2466 2466 2502 2502 2502 2502 2502 2502 2508 2508 2508 2496 2496 2496 2502 2502 2502 2500 2500 2500 2467 2467 2467 2502 2502 2502 2466 2466 2466 2508 2508 2508 2502 2502 2502 2485 2485 2485 2503 2503 2503 2503 2503 2503 2504 2504 2504 2500 2500 2500 2503 2503 2503 2489 2489 2489 2507 2507 2507 2507 2507 2507 2509 2509 2509 2504 2504 2504 2507 2507 2507 2510 2510 2510 2511 2511 2511 2479 2479 2479 2512 2512 2512 2513 2513 2513 2512 2512 2512 2514 2514 2514 2515 2515 2515 2512 2512 2512 2516 2516 2516 2517 2517 2517 2512 2512 2512 2479 2479 2479 2478 2478 2478 2513 2513 2513 2512 2512 2512 2517 2517 2517 2513 2513 2513 2518 2518 2518 2495 2495 2495 2513 2513 2513 2477 2477 2477 2479 2479 2479 2517 2517 2517 2519 2519 2519 2518 2518 2518 2478 2478 2478 2506 2506 2506 2520 2520 2520 2514 2514 2514 2512 2512 2512 2478 2478 2478 2514 2514 2514 2520 2520 2520 2521 2521 2521 2515 2515 2515 2514 2514 2514 2521 2521 2521 2515 2515 2515 2522 2522 2522 2516 2516 2516 2516 2516 2516 2523 2523 2523 2519 2519 2519 2516 2516 2516 2512 2512 2512 2515 2515 2515 2494 2494 2494 2490 2490 2490 2493 2493 2493 2493 2493 2493 2483 2483 2483 2524 2524 2524 2495 2495 2495 2491 2491 2491 2490 2490 2490 2495 2495 2495 2525 2525 2525 2513 2513 2513 2526 2526 2526 2494 2494 2494 2493 2493 2493 2526 2526 2526 2508 2508 2508 2527 2527 2527 2526 2526 2526 2525 2525 2525 2494 2494 2494 2526 2526 2526 2493 2493 2493 2524 2524 2524 2524 2524 2524 2483 2483 2483 2482 2482 2482 2524 2524 2524 2499 2499 2499 2526 2526 2526 2525 2525 2525 2526 2526 2526 2527 2527 2527 2525 2525 2525 2495 2495 2495 2494 2494 2494 2527 2527 2527 2477 2477 2477 2525 2525 2525 2496 2496 2496 2499 2499 2499 2497 2497 2497 2496 2496 2496 2508 2508 2508 2499 2499 2499 2496 2496 2496 2486 2486 2486 2485 2485 2485 2499 2499 2499 2524 2524 2524 2498 2498 2498 2498 2498 2498 2482 2482 2482 2434 2434 2434 2508 2508 2508 2475 2475 2475 2527 2527 2527 2508 2508 2508 2526 2526 2526 2499 2499 2499 2473 2473 2473 2471 2471 2471 2470 2470 2470 2474 2474 2474 2472 2472 2472 2471 2471 2471 2474 2474 2474 2501 2501 2501 2506 2506 2506 2506 2506 2506 2478 2478 2478 2476 2476 2476 2506 2506 2506 2476 2476 2476 2474 2474 2474 2506 2506 2506 2505 2505 2505 2520 2520 2520 2461 2461 2461 2473 2473 2473 2470 2470 2470 2461 2461 2461 2470 2470 2470 2462 2462 2462 2477 2477 2477 2527 2527 2527 2475 2475 2475 2477 2477 2477 2476 2476 2476 2479 2479 2479 2477 2477 2477 2513 2513 2513 2525 2525 2525 2475 2475 2475 2469 2469 2469 2477 2477 2477 2466 2466 2466 2464 2464 2464 2463 2463 2463 2466 2466 2466 2465 2465 2465 2475 2475 2475 2466 2466 2466 2475 2475 2475 2508 2508 2508 2434 2434 2434 2481 2481 2481 2433 2433 2433 2482 2482 2482 2480 2480 2480 2481 2481 2481 2482 2482 2482 2498 2498 2498 2524 2524 2524 2483 2483 2483 2458 2458 2458 2455 2455 2455 2483 2483 2483 2455 2455 2455 2480 2480 2480 2489 2489 2489 2510 2510 2510 2507 2507 2507 2489 2489 2489 2488 2488 2488 2510 2510 2510 2489 2489 2489 2503 2503 2503 2485 2485 2485 2485 2485 2485 2484 2484 2484 2489 2489 2489 2485 2485 2485 2502 2502 2502 2496 2496 2496 2510 2510 2510 2528 2528 2528 2511 2511 2511 2511 2511 2511 2529 2529 2529 2509 2509 2509 2511 2511 2511 2528 2528 2528 2530 2530 2530 2488 2488 2488 2528 2528 2528 2510 2510 2510 2488 2488 2488 2487 2487 2487 2492 2492 2492 2528 2528 2528 2522 2522 2522 2530 2530 2530 2528 2528 2528 2488 2488 2488 2531 2531 2531 2531 2531 2531 2492 2492 2492 2532 2532 2532 2531 2531 2531 2523 2523 2523 2528 2528 2528 2530 2530 2530 2533 2533 2533 2529 2529 2529 2533 2533 2533 2521 2521 2521 2534 2534 2534 2533 2533 2533 2534 2534 2534 2529 2529 2529 2533 2533 2533 2530 2530 2530 2522 2522 2522 2521 2521 2521 2505 2505 2505 2534 2534 2534 2521 2521 2521 2533 2533 2533 2515 2515 2515 2534 2534 2534 2509 2509 2509 2529 2529 2529 2529 2529 2529 2511 2511 2511 2530 2530 2530 2522 2522 2522 2528 2528 2528 2523 2523 2523 2522 2522 2522 2515 2515 2515 2533 2533 2533 2523 2523 2523 2516 2516 2516 2522 2522 2522 2523 2523 2523 2531 2531 2531 2532 2532 2532 2532 2532 2532 2519 2519 2519 2523 2523 2523 2519 2519 2519 2517 2517 2517 2516 2516 2516 2519 2519 2519 2532 2532 2532 2535 2535 2535 2535 2535 2535 2518 2518 2518 2519 2519 2519 2492 2492 2492 2535 2535 2535 2532 2532 2532 2492 2492 2492 2531 2531 2531 2488 2488 2488 2491 2491 2491 2495 2495 2495 2518 2518 2518 2491 2491 2491 2535 2535 2535 2492 2492 2492 2520 2520 2520 2514 2514 2514 2478 2478 2478 2505 2505 2505 2504 2504 2504 2509 2509 2509 2505 2505 2505 2521 2521 2521 2520 2520 2520 2509 2509 2509 2534 2534 2534 2505 2505 2505 2509 2509 2509 2507 2507 2507 2511 2511 2511 2518 2518 2518 2513 2513 2513 2517 2517 2517 2518 2518 2518 2535 2535 2535 2491 2491 2491 2536 2536 2536 2537 2537 2537 2538 2538 2538 2536 2536 2536 2539 2539 2539 2540 2540 2540 2536 2536 2536 2541 2541 2541 2539 2539 2539 2537 2537 2537 2542 2542 2542 2543 2543 2543 2537 2537 2537 2543 2543 2543 2544 2544 2544 2537 2537 2537 2536 2536 2536 2540 2540 2540 2537 2537 2537 2545 2545 2545 2546 2546 2546 2537 2537 2537 2547 2547 2547 2538 2538 2538 2537 2537 2537 2546 2546 2546 2547 2547 2547 2542 2542 2542 2540 2540 2540 2548 2548 2548 2542 2542 2542 2549 2549 2549 2550 2550 2550 2542 2542 2542 2550 2550 2550 2543 2543 2543 2540 2540 2540 2542 2542 2542 2537 2537 2537 2548 2548 2548 2551 2551 2551 2549 2549 2549 2548 2548 2548 2539 2539 2539 2551 2551 2551 2544 2544 2544 2550 2550 2550 2545 2545 2545 2546 2546 2546 2552 2552 2552 2553 2553 2553 2546 2546 2546 2554 2554 2554 2552 2552 2552 2546 2546 2546 2553 2553 2553 2547 2547 2547 2552 2552 2552 2555 2555 2555 2556 2556 2556 2553 2553 2553 2556 2556 2556 2557 2557 2557 2555 2555 2555 2552 2552 2552 2558 2558 2558 2555 2555 2555 2550 2550 2550 2549 2549 2549 2550 2550 2550 2555 2555 2555 2558 2558 2558 2550 2550 2550 2544 2544 2544 2543 2543 2543 2549 2549 2549 2559 2559 2559 2555 2555 2555 2549 2549 2549 2542 2542 2542 2548 2548 2548 2558 2558 2558 2552 2552 2552 2554 2554 2554 2558 2558 2558 2545 2545 2545 2550 2550 2550 2541 2541 2541 2557 2557 2557 2556 2556 2556 2541 2541 2541 2556 2556 2556 2539 2539 2539 2556 2556 2556 2553 2553 2553 2552 2552 2552 2556 2556 2556 2551 2551 2551 2539 2539 2539 2556 2556 2556 2555 2555 2555 2559 2559 2559 2539 2539 2539 2548 2548 2548 2540 2540 2540 2545 2545 2545 2558 2558 2558 2554 2554 2554 2545 2545 2545 2537 2537 2537 2544 2544 2544 2551 2551 2551 2556 2556 2556 2559 2559 2559 2559 2559 2559 2549 2549 2549 2551 2551 2551 2554 2554 2554 2546 2546 2546 2545 2545 2545 2560 2560 2560 2561 2561 2561 2562 2562 2562 2560 2560 2560 2563 2563 2563 2564 2564 2564 2561 2561 2561 2565 2565 2565 2566 2566 2566 2561 2561 2561 2567 2567 2567 2562 2562 2562 2561 2561 2561 2560 2560 2560 2568 2568 2568 2562 2562 2562 2567 2567 2567 2569 2569 2569 2567 2567 2567 2561 2561 2561 2570 2570 2570 2567 2567 2567 2571 2571 2571 2572 2572 2572 2567 2567 2567 2572 2572 2572 2569 2569 2569 2568 2568 2568 2573 2573 2573 2561 2561 2561 2570 2570 2570 2561 2561 2561 2566 2566 2566 2566 2566 2566 2571 2571 2571 2570 2570 2570 2569 2569 2569 2563 2563 2563 2562 2562 2562 2573 2573 2573 2574 2574 2574 2575 2575 2575 2574 2574 2574 2576 2576 2576 2577 2577 2577 2575 2575 2575 2578 2578 2578 2565 2565 2565 2575 2575 2575 2561 2561 2561 2573 2573 2573 2577 2577 2577 2576 2576 2576 2579 2579 2579 2577 2577 2577 2580 2580 2580 2578 2578 2578 2577 2577 2577 2579 2579 2579 2580 2580 2580 2577 2577 2577 2575 2575 2575 2574 2574 2574 2579 2579 2579 2576 2576 2576 2581 2581 2581 2579 2579 2579 2571 2571 2571 2580 2580 2580 2571 2571 2571 2566 2566 2566 2565 2565 2565 2571 2571 2571 2567 2567 2567 2570 2570 2570 2571 2571 2571 2579 2579 2579 2572 2572 2572 2580 2580 2580 2565 2565 2565 2578 2578 2578 2572 2572 2572 2581 2581 2581 2582 2582 2582 2564 2564 2564 2576 2576 2576 2583 2583 2583 2576 2576 2576 2582 2582 2582 2581 2581 2581 2576 2576 2576 2564 2564 2564 2563 2563 2563 2576 2576 2576 2574 2574 2574 2583 2583 2583 2563 2563 2563 2560 2560 2560 2562 2562 2562 2563 2563 2563 2569 2569 2569 2582 2582 2582 2565 2565 2565 2561 2561 2561 2575 2575 2575 2565 2565 2565 2580 2580 2580 2571 2571 2571 2582 2582 2582 2569 2569 2569 2572 2572 2572 2582 2582 2582 2576 2576 2576 2563 2563 2563 2581 2581 2581 2572 2572 2572 2579 2579 2579 2578 2578 2578 2575 2575 2575 2577 2577 2577 2584 2584 2584 2585 2585 2585 2586 2586 2586 2584 2584 2584 2587 2587 2587 2585 2585 2585 2584 2584 2584 2588 2588 2588 2589 2589 2589 2584 2584 2584 2590 2590 2590 2588 2588 2588 2586 2586 2586 2591 2591 2591 2584 2584 2584 2586 2586 2586 2592 2592 2592 2591 2591 2591 2591 2591 2591 2593 2593 2593 2590 2590 2590 2591 2591 2591 2594 2594 2594 2593 2593 2593 2587 2587 2587 2595 2595 2595 2596 2596 2596 2587 2587 2587 2596 2596 2596 2585 2585 2585 2587 2587 2587 2584 2584 2584 2589 2589 2589 2587 2587 2587 2597 2597 2597 2595 2595 2595 2589 2589 2589 2598 2598 2598 2587 2587 2587 2598 2598 2598 2599 2599 2599 2597 2597 2597 2598 2598 2598 2600 2600 2600 2601 2601 2601 2598 2598 2598 2589 2589 2589 2600 2600 2600 2600 2600 2600 2602 2602 2602 2603 2603 2603 2600 2600 2600 2588 2588 2588 2602 2602 2602 2601 2601 2601 2604 2604 2604 2605 2605 2605 2601 2601 2601 2605 2605 2605 2598 2598 2598 2604 2604 2604 2606 2606 2606 2607 2607 2607 2604 2604 2604 2601 2601 2601 2606 2606 2606 2604 2604 2604 2608 2608 2608 2599 2599 2599 2606 2606 2606 2603 2603 2603 2609 2609 2609 2607 2607 2607 2610 2610 2610 2604 2604 2604 2610 2610 2610 2611 2611 2611 2612 2612 2612 2610 2610 2610 2612 2612 2612 2608 2608 2608 2610 2610 2610 2607 2607 2607 2592 2592 2592 2592 2592 2592 2613 2613 2613 2594 2594 2594 2592 2592 2592 2586 2586 2586 2614 2614 2614 2592 2592 2592 2614 2614 2614 2610 2610 2610 2590 2590 2590 2584 2584 2584 2591 2591 2591 2593 2593 2593 2615 2615 2615 2616 2616 2616 2593 2593 2593 2617 2617 2617 2615 2615 2615 2588 2588 2588 2600 2600 2600 2589 2589 2589 2588 2588 2588 2618 2618 2618 2602 2602 2602 2588 2588 2588 2616 2616 2616 2619 2619 2619 2602 2602 2602 2618 2618 2618 2620 2620 2620 2603 2603 2603 2606 2606 2606 2601 2601 2601 2603 2603 2603 2601 2601 2601 2600 2600 2600 2609 2609 2609 2620 2620 2620 2621 2621 2621 2613 2613 2613 2621 2621 2621 2622 2622 2622 2613 2613 2613 2592 2592 2592 2607 2607 2607 2613 2613 2613 2606 2606 2606 2609 2609 2609 2613 2613 2613 2607 2607 2607 2606 2606 2606 2594 2594 2594 2591 2591 2591 2592 2592 2592 2616 2616 2616 2590 2590 2590 2593 2593 2593 2616 2616 2616 2588 2588 2588 2590 2590 2590 2616 2616 2616 2623 2623 2623 2624 2624 2624 2619 2619 2619 2625 2625 2625 2618 2618 2618 2619 2619 2619 2624 2624 2624 2626 2626 2626 2618 2618 2618 2588 2588 2588 2619 2619 2619 2620 2620 2620 2603 2603 2603 2602 2602 2602 2620 2620 2620 2609 2609 2609 2603 2603 2603 2620 2620 2620 2625 2625 2625 2627 2627 2627 2620 2620 2620 2627 2627 2627 2628 2628 2628 2620 2620 2620 2628 2628 2628 2621 2621 2621 2621 2621 2621 2613 2613 2613 2609 2609 2609 2622 2622 2622 2628 2628 2628 2629 2629 2629 2622 2622 2622 2630 2630 2630 2617 2617 2617 2617 2617 2617 2613 2613 2613 2622 2622 2622 2617 2617 2617 2594 2594 2594 2613 2613 2613 2617 2617 2617 2623 2623 2623 2615 2615 2615 2617 2617 2617 2630 2630 2630 2623 2623 2623 2617 2617 2617 2593 2593 2593 2594 2594 2594 2623 2623 2623 2616 2616 2616 2615 2615 2615 2624 2624 2624 2631 2631 2631 2632 2632 2632 2624 2624 2624 2633 2633 2633 2626 2626 2626 2624 2624 2624 2619 2619 2619 2616 2616 2616 2626 2626 2626 2634 2634 2634 2625 2625 2625 2625 2625 2625 2619 2619 2619 2626 2626 2626 2625 2625 2625 2620 2620 2620 2618 2618 2618 2627 2627 2627 2635 2635 2635 2636 2636 2636 2627 2627 2627 2634 2634 2634 2635 2635 2635 2627 2627 2627 2636 2636 2636 2628 2628 2628 2628 2628 2628 2622 2622 2622 2621 2621 2621 2629 2629 2629 2636 2636 2636 2637 2637 2637 2629 2629 2629 2638 2638 2638 2630 2630 2630 2630 2630 2630 2638 2638 2638 2631 2631 2631 2630 2630 2630 2631 2631 2631 2623 2623 2623 2630 2630 2630 2622 2622 2622 2629 2629 2629 2631 2631 2631 2639 2639 2639 2640 2640 2640 2631 2631 2631 2640 2640 2640 2632 2632 2632 2631 2631 2631 2624 2624 2624 2623 2623 2623 2633 2633 2633 2640 2640 2640 2641 2641 2641 2633 2633 2633 2624 2624 2624 2632 2632 2632 2634 2634 2634 2626 2626 2626 2633 2633 2633 2634 2634 2634 2627 2627 2627 2625 2625 2625 2635 2635 2635 2642 2642 2642 2643 2643 2643 2635 2635 2635 2643 2643 2643 2644 2644 2644 2635 2635 2635 2644 2644 2644 2636 2636 2636 2636 2636 2636 2629 2629 2629 2628 2628 2628 2637 2637 2637 2644 2644 2644 2645 2645 2645 2637 2637 2637 2646 2646 2646 2638 2638 2638 2637 2637 2637 2645 2645 2645 2646 2646 2646 2638 2638 2638 2646 2646 2646 2639 2639 2639 2638 2638 2638 2639 2639 2639 2631 2631 2631 2638 2638 2638 2629 2629 2629 2637 2637 2637 2639 2639 2639 2647 2647 2647 2648 2648 2648 2639 2639 2639 2649 2649 2649 2640 2640 2640 2639 2639 2639 2648 2648 2648 2649 2649 2649 2640 2640 2640 2633 2633 2633 2632 2632 2632 2641 2641 2641 2649 2649 2649 2650 2650 2650 2641 2641 2641 2650 2650 2650 2651 2651 2651 2642 2642 2642 2651 2651 2651 2652 2652 2652 2642 2642 2642 2652 2652 2652 2643 2643 2643 2642 2642 2642 2635 2635 2635 2634 2634 2634 2642 2642 2642 2633 2633 2633 2641 2641 2641 2642 2642 2642 2634 2634 2634 2633 2633 2633 2644 2644 2644 2637 2637 2637 2636 2636 2636 2644 2644 2644 2652 2652 2652 2653 2653 2653 2645 2645 2645 2653 2653 2653 2654 2654 2654 2645 2645 2645 2654 2654 2654 2647 2647 2647 2648 2648 2648 2655 2655 2655 2649 2649 2649 2648 2648 2648 2656 2656 2656 2655 2655 2655 2648 2648 2648 2657 2657 2657 2656 2656 2656 2649 2649 2649 2641 2641 2641 2640 2640 2640 2650 2650 2650 2655 2655 2655 2658 2658 2658 2650 2650 2650 2658 2658 2658 2659 2659 2659 2651 2651 2651 2642 2642 2642 2641 2641 2641 2651 2651 2651 2659 2659 2659 2660 2660 2660 2651 2651 2651 2660 2660 2660 2652 2652 2652 2652 2652 2652 2644 2644 2644 2643 2643 2643 2653 2653 2653 2660 2660 2660 2661 2661 2661 2653 2653 2653 2645 2645 2645 2644 2644 2644 2653 2653 2653 2661 2661 2661 2662 2662 2662 2647 2647 2647 2639 2639 2639 2646 2646 2646 2647 2647 2647 2646 2646 2646 2645 2645 2645 2647 2647 2647 2662 2662 2662 2657 2657 2657 2655 2655 2655 2663 2663 2663 2664 2664 2664 2655 2655 2655 2664 2664 2664 2665 2665 2665 2655 2655 2655 2650 2650 2650 2649 2649 2649 2658 2658 2658 2665 2665 2665 2666 2666 2666 2659 2659 2659 2651 2651 2651 2650 2650 2650 2660 2660 2660 2653 2653 2653 2652 2652 2652 2660 2660 2660 2666 2666 2666 2667 2667 2667 2660 2660 2660 2668 2668 2668 2661 2661 2661 2662 2662 2662 2647 2647 2647 2654 2654 2654 2662 2662 2662 2654 2654 2654 2653 2653 2653 2662 2662 2662 2668 2668 2668 2669 2669 2669 2657 2657 2657 2669 2669 2669 2670 2670 2670 2657 2657 2657 2648 2648 2648 2647 2647 2647 2663 2663 2663 2657 2657 2657 2670 2670 2670 2663 2663 2663 2656 2656 2656 2657 2657 2657 2663 2663 2663 2655 2655 2655 2656 2656 2656 2664 2664 2664 2671 2671 2671 2672 2672 2672 2665 2665 2665 2672 2672 2672 2673 2673 2673 2665 2665 2665 2674 2674 2674 2666 2666 2666 2665 2665 2665 2658 2658 2658 2655 2655 2655 2666 2666 2666 2660 2660 2660 2659 2659 2659 2666 2666 2666 2659 2659 2659 2658 2658 2658 2667 2667 2667 2674 2674 2674 2675 2675 2675 2667 2667 2667 2676 2676 2676 2668 2668 2668 2668 2668 2668 2662 2662 2662 2661 2661 2661 2668 2668 2668 2660 2660 2660 2667 2667 2667 2669 2669 2669 2657 2657 2657 2662 2662 2662 2669 2669 2669 2676 2676 2676 2677 2677 2677 2670 2670 2670 2671 2671 2671 2663 2663 2663 2671 2671 2671 2664 2664 2664 2663 2663 2663 2671 2671 2671 2670 2670 2670 2678 2678 2678 2672 2672 2672 2665 2665 2665 2664 2664 2664 2672 2672 2672 2679 2679 2679 2680 2680 2680 2673 2673 2673 2681 2681 2681 2674 2674 2674 2673 2673 2673 2680 2680 2680 2682 2682 2682 2674 2674 2674 2667 2667 2667 2666 2666 2666 2674 2674 2674 2665 2665 2665 2673 2673 2673 2675 2675 2675 2681 2681 2681 2683 2683 2683 2675 2675 2675 2684 2684 2684 2676 2676 2676 2676 2676 2676 2669 2669 2669 2668 2668 2668 2676 2676 2676 2667 2667 2667 2675 2675 2675 2677 2677 2677 2684 2684 2684 2685 2685 2685 2677 2677 2677 2686 2686 2686 2678 2678 2678 2678 2678 2678 2669 2669 2669 2677 2677 2677 2678 2678 2678 2679 2679 2679 2671 2671 2671 2678 2678 2678 2670 2670 2670 2669 2669 2669 2679 2679 2679 2678 2678 2678 2686 2686 2686 2679 2679 2679 2687 2687 2687 2680 2680 2680 2679 2679 2679 2672 2672 2672 2671 2671 2671 2679 2679 2679 2688 2688 2688 2689 2689 2689 2680 2680 2680 2673 2673 2673 2672 2672 2672 2682 2682 2682 2687 2687 2687 2690 2690 2690 2682 2682 2682 2691 2691 2691 2681 2681 2681 2681 2681 2681 2675 2675 2675 2674 2674 2674 2681 2681 2681 2673 2673 2673 2682 2682 2682 2681 2681 2681 2692 2692 2692 2683 2683 2683 2684 2684 2684 2692 2692 2692 2693 2693 2693 2684 2684 2684 2675 2675 2675 2683 2683 2683 2684 2684 2684 2677 2677 2677 2676 2676 2676 2685 2685 2685 2693 2693 2693 2694 2694 2694 2685 2685 2685 2688 2688 2688 2686 2686 2686 2686 2686 2686 2677 2677 2677 2685 2685 2685 2687 2687 2687 2679 2679 2679 2689 2689 2689 2687 2687 2687 2682 2682 2682 2680 2680 2680 2689 2689 2689 2695 2695 2695 2696 2696 2696 2689 2689 2689 2697 2697 2697 2687 2687 2687 2690 2690 2690 2697 2697 2697 2698 2698 2698 2691 2691 2691 2698 2698 2698 2699 2699 2699 2691 2691 2691 2700 2700 2700 2692 2692 2692 2691 2691 2691 2682 2682 2682 2690 2690 2690 2692 2692 2692 2684 2684 2684 2683 2683 2683 2692 2692 2692 2681 2681 2681 2691 2691 2691 2693 2693 2693 2700 2700 2700 2701 2701 2701 2693 2693 2693 2702 2702 2702 2694 2694 2694 2693 2693 2693 2685 2685 2685 2684 2684 2684 2694 2694 2694 2695 2695 2695 2688 2688 2688 2688 2688 2688 2685 2685 2685 2694 2694 2694 2688 2688 2688 2679 2679 2679 2686 2686 2686 2697 2697 2697 2690 2690 2690 2687 2687 2687 2697 2697 2697 2689 2689 2689 2696 2696 2696 2697 2697 2697 2703 2703 2703 2704 2704 2704 2696 2696 2696 2703 2703 2703 2697 2697 2697 2696 2696 2696 2705 2705 2705 2706 2706 2706 2698 2698 2698 2691 2691 2691 2690 2690 2690 2699 2699 2699 2704 2704 2704 2707 2707 2707 2699 2699 2699 2708 2708 2708 2700 2700 2700 2700 2700 2700 2691 2691 2691 2699 2699 2699 2700 2700 2700 2693 2693 2693 2692 2692 2692 2701 2701 2701 2709 2709 2709 2710 2710 2710 2701 2701 2701 2708 2708 2708 2709 2709 2709 2702 2702 2702 2693 2693 2693 2701 2701 2701 2695 2695 2695 2694 2694 2694 2702 2702 2702 2695 2695 2695 2710 2710 2710 2705 2705 2705 2695 2695 2695 2689 2689 2689 2688 2688 2688 2703 2703 2703 2711 2711 2711 2712 2712 2712 2703 2703 2703 2696 2696 2696 2706 2706 2706 2703 2703 2703 2712 2712 2712 2713 2713 2713 2704 2704 2704 2698 2698 2698 2697 2697 2697 2704 2704 2704 2699 2699 2699 2698 2698 2698 2707 2707 2707 2713 2713 2713 2714 2714 2714 2708 2708 2708 2714 2714 2714 2715 2715 2715 2708 2708 2708 2701 2701 2701 2700 2700 2700 2708 2708 2708 2699 2699 2699 2707 2707 2707 2709 2709 2709 2716 2716 2716 2717 2717 2717 2710 2710 2710 2695 2695 2695 2702 2702 2702 2710 2710 2710 2702 2702 2702 2701 2701 2701 2705 2705 2705 2696 2696 2696 2695 2695 2695 2705 2705 2705 2717 2717 2717 2718 2718 2718 2711 2711 2711 2703 2703 2703 2706 2706 2706 2711 2711 2711 2706 2706 2706 2705 2705 2705 2711 2711 2711 2705 2705 2705 2718 2718 2718 2712 2712 2712 2719 2719 2719 2720 2720 2720 2712 2712 2712 2720 2720 2720 2721 2721 2721 2713 2713 2713 2704 2704 2704 2703 2703 2703 2713 2713 2713 2707 2707 2707 2704 2704 2704 2714 2714 2714 2721 2721 2721 2722 2722 2722 2714 2714 2714 2708 2708 2708 2707 2707 2707 2715 2715 2715 2722 2722 2722 2723 2723 2723 2716 2716 2716 2709 2709 2709 2708 2708 2708 2716 2716 2716 2708 2708 2708 2715 2715 2715 2717 2717 2717 2710 2710 2710 2709 2709 2709 2717 2717 2717 2705 2705 2705 2710 2710 2710 2718 2718 2718 2724 2724 2724 2725 2725 2725 2719 2719 2719 2712 2712 2712 2711 2711 2711 2719 2719 2719 2711 2711 2711 2718 2718 2718 2719 2719 2719 2718 2718 2718 2725 2725 2725 2720 2720 2720 2726 2726 2726 2727 2727 2727 2720 2720 2720 2727 2727 2727 2728 2728 2728 2720 2720 2720 2728 2728 2728 2721 2721 2721 2721 2721 2721 2714 2714 2714 2713 2713 2713 2721 2721 2721 2713 2713 2713 2712 2712 2712 2722 2722 2722 2728 2728 2728 2729 2729 2729 2722 2722 2722 2715 2715 2715 2714 2714 2714 2730 2730 2730 2716 2716 2716 2715 2715 2715 2730 2730 2730 2731 2731 2731 2732 2732 2732 2730 2730 2730 2715 2715 2715 2723 2723 2723 2724 2724 2724 2718 2718 2718 2717 2717 2717 2724 2724 2724 2717 2717 2717 2716 2716 2716 2724 2724 2724 2716 2716 2716 2730 2730 2730 2725 2725 2725 2733 2733 2733 2734 2734 2734 2726 2726 2726 2719 2719 2719 2725 2725 2725 2726 2726 2726 2725 2725 2725 2734 2734 2734 2726 2726 2726 2720 2720 2720 2719 2719 2719 2726 2726 2726 2735 2735 2735 2736 2736 2736 2728 2728 2728 2722 2722 2722 2721 2721 2721 2728 2728 2728 2737 2737 2737 2738 2738 2738 2728 2728 2728 2739 2739 2739 2729 2729 2729 2731 2731 2731 2723 2723 2723 2722 2722 2722 2731 2731 2731 2730 2730 2730 2723 2723 2723 2731 2731 2731 2722 2722 2722 2729 2729 2729 2732 2732 2732 2740 2740 2740 2741 2741 2741 2733 2733 2733 2725 2725 2725 2724 2724 2724 2733 2733 2733 2741 2741 2741 2742 2742 2742 2733 2733 2733 2724 2724 2724 2730 2730 2730 2733 2733 2733 2730 2730 2730 2732 2732 2732 2737 2737 2737 2743 2743 2743 2738 2738 2738 2737 2737 2737 2727 2727 2727 2726 2726 2726 2737 2737 2737 2728 2728 2728 2727 2727 2727 2737 2737 2737 2726 2726 2726 2736 2736 2736 2736 2736 2736 2744 2744 2744 2745 2745 2745 2736 2736 2736 2746 2746 2746 2744 2744 2744 2738 2738 2738 2747 2747 2747 2739 2739 2739 2739 2739 2739 2728 2728 2728 2738 2738 2738 2739 2739 2739 2747 2747 2747 2748 2748 2748 2740 2740 2740 2732 2732 2732 2731 2731 2731 2740 2740 2740 2729 2729 2729 2739 2739 2739 2740 2740 2740 2731 2731 2731 2729 2729 2729 2741 2741 2741 2733 2733 2733 2732 2732 2732 2741 2741 2741 2748 2748 2748 2749 2749 2749 2742 2742 2742 2749 2749 2749 2750 2750 2750 2735 2735 2735 2733 2733 2733 2742 2742 2742 2735 2735 2735 2750 2750 2750 2746 2746 2746 2735 2735 2735 2734 2734 2734 2733 2733 2733 2735 2735 2735 2726 2726 2726 2734 2734 2734 2745 2745 2745 2751 2751 2751 2752 2752 2752 2745 2745 2745 2737 2737 2737 2736 2736 2736 2745 2745 2745 2753 2753 2753 2743 2743 2743 2743 2743 2743 2737 2737 2737 2745 2745 2745 2747 2747 2747 2753 2753 2753 2754 2754 2754 2747 2747 2747 2738 2738 2738 2743 2743 2743 2748 2748 2748 2754 2754 2754 2755 2755 2755 2748 2748 2748 2741 2741 2741 2740 2740 2740 2748 2748 2748 2740 2740 2740 2739 2739 2739 2748 2748 2748 2755 2755 2755 2756 2756 2756 2749 2749 2749 2742 2742 2742 2741 2741 2741 2749 2749 2749 2757 2757 2757 2750 2750 2750 2750 2750 2750 2735 2735 2735 2742 2742 2742 2746 2746 2746 2757 2757 2757 2758 2758 2758 2746 2746 2746 2758 2758 2758 2751 2751 2751 2746 2746 2746 2736 2736 2736 2735 2735 2735 2751 2751 2751 2744 2744 2744 2746 2746 2746 2751 2751 2751 2745 2745 2745 2744 2744 2744 2752 2752 2752 2759 2759 2759 2596 2596 2596 2752 2752 2752 2596 2596 2596 2595 2595 2595 2753 2753 2753 2747 2747 2747 2743 2743 2743 2753 2753 2753 2745 2745 2745 2752 2752 2752 2754 2754 2754 2595 2595 2595 2597 2597 2597 2754 2754 2754 2748 2748 2748 2747 2747 2747 2755 2755 2755 2597 2597 2597 2599 2599 2599 2755 2755 2755 2599 2599 2599 2608 2608 2608 2756 2756 2756 2608 2608 2608 2612 2612 2612 2756 2756 2756 2612 2612 2612 2757 2757 2757 2756 2756 2756 2749 2749 2749 2748 2748 2748 2757 2757 2757 2749 2749 2749 2756 2756 2756 2757 2757 2757 2746 2746 2746 2750 2750 2750 2758 2758 2758 2612 2612 2612 2611 2611 2611 2758 2758 2758 2611 2611 2611 2759 2759 2759 2759 2759 2759 2751 2751 2751 2758 2758 2758 2759 2759 2759 2752 2752 2752 2751 2751 2751 2595 2595 2595 2754 2754 2754 2753 2753 2753 2595 2595 2595 2753 2753 2753 2752 2752 2752 2597 2597 2597 2755 2755 2755 2754 2754 2754 2597 2597 2597 2587 2587 2587 2598 2598 2598 2599 2599 2599 2598 2598 2598 2605 2605 2605 2599 2599 2599 2605 2605 2605 2604 2604 2604 2608 2608 2608 2604 2604 2604 2610 2610 2610 2608 2608 2608 2756 2756 2756 2755 2755 2755 2612 2612 2612 2758 2758 2758 2757 2757 2757 2611 2611 2611 2610 2610 2610 2614 2614 2614 2760 2760 2760 2761 2761 2761 2762 2762 2762 2761 2761 2761 2760 2760 2760 2763 2763 2763 2762 2762 2762 2764 2764 2764 2765 2765 2765 2763 2763 2763 2760 2760 2760 2766 2766 2766 2767 2767 2767 2766 2766 2766 2760 2760 2760 2767 2767 2767 2768 2768 2768 2766 2766 2766 2769 2769 2769 2770 2770 2770 2771 2771 2771 2770 2770 2770 2772 2772 2772 2773 2773 2773 2770 2770 2770 2769 2769 2769 2772 2772 2772 2773 2773 2773 2774 2774 2774 2770 2770 2770 2764 2764 2764 2762 2762 2762 2761 2761 2761 2765 2765 2765 2764 2764 2764 2775 2775 2775 2775 2775 2775 2768 2768 2768 2776 2776 2776 2768 2768 2768 2775 2775 2775 2777 2777 2777 2768 2768 2768 2767 2767 2767 2776 2776 2776 2777 2777 2777 2775 2775 2775 2764 2764 2764 2778 2778 2778 2779 2779 2779 2780 2780 2780 2779 2779 2779 2781 2781 2781 2782 2782 2782 2779 2779 2779 2783 2783 2783 2784 2784 2784 2780 2780 2780 2779 2779 2779 2784 2784 2784 2780 2780 2780 2785 2785 2785 2786 2786 2786 2784 2784 2784 2783 2783 2783 2787 2787 2787 2784 2784 2784 2788 2788 2788 2785 2785 2785 2781 2781 2781 2779 2779 2779 2778 2778 2778 2781 2781 2781 2789 2789 2789 2790 2790 2790 2782 2782 2782 2791 2791 2791 2779 2779 2779 2782 2782 2782 2790 2790 2790 2792 2792 2792 2790 2790 2790 2793 2793 2793 2794 2794 2794 2790 2790 2790 2795 2795 2795 2792 2792 2792 2790 2790 2790 2782 2782 2782 2781 2781 2781 2792 2792 2792 2796 2796 2796 2797 2797 2797 2792 2792 2792 2791 2791 2791 2782 2782 2782 2794 2794 2794 2795 2795 2795 2790 2790 2790 2795 2795 2795 2796 2796 2796 2792 2792 2792 2795 2795 2795 2798 2798 2798 2799 2799 2799 2798 2798 2798 2795 2795 2795 2794 2794 2794 2798 2798 2798 2800 2800 2800 2799 2799 2799 2799 2799 2799 2796 2796 2796 2795 2795 2795 2799 2799 2799 2801 2801 2801 2802 2802 2802 2803 2803 2803 2800 2800 2800 2798 2798 2798 2803 2803 2803 2785 2785 2785 2800 2800 2800 2803 2803 2803 2804 2804 2804 2786 2786 2786 2786 2786 2786 2785 2785 2785 2803 2803 2803 2785 2785 2785 2780 2780 2780 2784 2784 2784 2785 2785 2785 2801 2801 2801 2800 2800 2800 2783 2783 2783 2805 2805 2805 2787 2787 2787 2783 2783 2783 2779 2779 2779 2791 2791 2791 2787 2787 2787 2806 2806 2806 2788 2788 2788 2791 2791 2791 2792 2792 2792 2797 2797 2797 2791 2791 2791 2805 2805 2805 2783 2783 2783 2797 2797 2797 2807 2807 2807 2791 2791 2791 2797 2797 2797 2808 2808 2808 2807 2807 2807 2796 2796 2796 2799 2799 2799 2802 2802 2802 2796 2796 2796 2808 2808 2808 2797 2797 2797 2802 2802 2802 2808 2808 2808 2796 2796 2796 2801 2801 2801 2785 2785 2785 2788 2788 2788 2801 2801 2801 2809 2809 2809 2802 2802 2802 2801 2801 2801 2799 2799 2799 2800 2800 2800 2788 2788 2788 2784 2784 2784 2787 2787 2787 2805 2805 2805 2791 2791 2791 2810 2810 2810 2805 2805 2805 2811 2811 2811 2812 2812 2812 2812 2812 2812 2787 2787 2787 2805 2805 2805 2812 2812 2812 2811 2811 2811 2806 2806 2806 2810 2810 2810 2807 2807 2807 2813 2813 2813 2810 2810 2810 2814 2814 2814 2805 2805 2805 2810 2810 2810 2791 2791 2791 2807 2807 2807 2808 2808 2808 2802 2802 2802 2809 2809 2809 2808 2808 2808 2813 2813 2813 2807 2807 2807 2809 2809 2809 2801 2801 2801 2815 2815 2815 2809 2809 2809 2816 2816 2816 2808 2808 2808 2815 2815 2815 2801 2801 2801 2806 2806 2806 2815 2815 2815 2816 2816 2816 2809 2809 2809 2806 2806 2806 2801 2801 2801 2788 2788 2788 2806 2806 2806 2787 2787 2787 2812 2812 2812 2811 2811 2811 2805 2805 2805 2814 2814 2814 2811 2811 2811 2817 2817 2817 2818 2818 2818 2814 2814 2814 2810 2810 2810 2819 2819 2819 2814 2814 2814 2817 2817 2817 2811 2811 2811 2819 2819 2819 2810 2810 2810 2813 2813 2813 2813 2813 2813 2808 2808 2808 2820 2820 2820 2820 2820 2820 2808 2808 2808 2816 2816 2816 2820 2820 2820 2821 2821 2821 2813 2813 2813 2816 2816 2816 2815 2815 2815 2822 2822 2822 2816 2816 2816 2823 2823 2823 2820 2820 2820 2822 2822 2822 2823 2823 2823 2816 2816 2816 2822 2822 2822 2815 2815 2815 2818 2818 2818 2818 2818 2818 2815 2815 2815 2806 2806 2806 2818 2818 2818 2806 2806 2806 2811 2811 2811 2818 2818 2818 2824 2824 2824 2822 2822 2822 2817 2817 2817 2825 2825 2825 2824 2824 2824 2817 2817 2817 2814 2814 2814 2826 2826 2826 2826 2826 2826 2814 2814 2814 2827 2827 2827 2826 2826 2826 2828 2828 2828 2817 2817 2817 2827 2827 2827 2819 2819 2819 2821 2821 2821 2827 2827 2827 2829 2829 2829 2830 2830 2830 2827 2827 2827 2828 2828 2828 2826 2826 2826 2827 2827 2827 2814 2814 2814 2819 2819 2819 2821 2821 2821 2820 2820 2820 2831 2831 2831 2821 2821 2821 2819 2819 2819 2813 2813 2813 2831 2831 2831 2820 2820 2820 2823 2823 2823 2831 2831 2831 2829 2829 2829 2821 2821 2821 2823 2823 2823 2822 2822 2822 2832 2832 2832 2823 2823 2823 2833 2833 2833 2831 2831 2831 2832 2832 2832 2822 2822 2822 2824 2824 2824 2832 2832 2832 2833 2833 2833 2823 2823 2823 2824 2824 2824 2818 2818 2818 2817 2817 2817 2824 2824 2824 2834 2834 2834 2832 2832 2832 2828 2828 2828 2835 2835 2835 2825 2825 2825 2828 2828 2828 2827 2827 2827 2830 2830 2830 2825 2825 2825 2836 2836 2836 2834 2834 2834 2825 2825 2825 2817 2817 2817 2828 2828 2828 2830 2830 2830 2835 2835 2835 2828 2828 2828 2830 2830 2830 2837 2837 2837 2838 2838 2838 2829 2829 2829 2831 2831 2831 2839 2839 2839 2829 2829 2829 2827 2827 2827 2821 2821 2821 2839 2839 2839 2831 2831 2831 2833 2833 2833 2839 2839 2839 2840 2840 2840 2829 2829 2829 2833 2833 2833 2832 2832 2832 2841 2841 2841 2833 2833 2833 2840 2840 2840 2839 2839 2839 2841 2841 2841 2842 2842 2842 2833 2833 2833 2841 2841 2841 2836 2836 2836 2843 2843 2843 2841 2841 2841 2832 2832 2832 2834 2834 2834 2834 2834 2834 2824 2824 2824 2825 2825 2825 2834 2834 2834 2836 2836 2836 2841 2841 2841 2835 2835 2835 2830 2830 2830 2838 2838 2838 2835 2835 2835 2844 2844 2844 2845 2845 2845 2845 2845 2845 2825 2825 2825 2835 2835 2835 2845 2845 2845 2846 2846 2846 2836 2836 2836 2838 2838 2838 2847 2847 2847 2848 2848 2848 2838 2838 2838 2844 2844 2844 2835 2835 2835 2837 2837 2837 2830 2830 2830 2829 2829 2829 2837 2837 2837 2829 2829 2829 2840 2840 2840 2840 2840 2840 2849 2849 2849 2837 2837 2837 2840 2840 2840 2833 2833 2833 2842 2842 2842 2842 2842 2842 2849 2849 2849 2840 2840 2840 2842 2842 2842 2850 2850 2850 2851 2851 2851 2842 2842 2842 2841 2841 2841 2843 2843 2843 2843 2843 2843 2850 2850 2850 2842 2842 2842 2836 2836 2836 2825 2825 2825 2845 2845 2845 2836 2836 2836 2850 2850 2850 2843 2843 2843 2844 2844 2844 2838 2838 2838 2848 2848 2848 2844 2844 2844 2852 2852 2852 2853 2853 2853 2853 2853 2853 2845 2845 2845 2844 2844 2844 2848 2848 2848 2854 2854 2854 2844 2844 2844 2847 2847 2847 2837 2837 2837 2849 2849 2849 2847 2847 2847 2838 2838 2838 2837 2837 2837 2847 2847 2847 2855 2855 2855 2848 2848 2848 2849 2849 2849 2842 2842 2842 2851 2851 2851 2849 2849 2849 2855 2855 2855 2847 2847 2847 2850 2850 2850 2856 2856 2856 2851 2851 2851 2850 2850 2850 2836 2836 2836 2846 2846 2846 2846 2846 2846 2857 2857 2857 2850 2850 2850 2846 2846 2846 2845 2845 2845 2853 2853 2853 2852 2852 2852 2844 2844 2844 2858 2858 2858 2852 2852 2852 2846 2846 2846 2853 2853 2853 2858 2858 2858 2844 2844 2844 2854 2854 2854 2858 2858 2858 2859 2859 2859 2852 2852 2852 2854 2854 2854 2860 2860 2860 2858 2858 2858 2854 2854 2854 2848 2848 2848 2855 2855 2855 2855 2855 2855 2861 2861 2861 2854 2854 2854 2855 2855 2855 2849 2849 2849 2862 2862 2862 2862 2862 2862 2861 2861 2861 2855 2855 2855 2862 2862 2862 2849 2849 2849 2856 2856 2856 2856 2856 2856 2849 2849 2849 2851 2851 2851 2856 2856 2856 2850 2850 2850 2857 2857 2857 2857 2857 2857 2846 2846 2846 2863 2863 2863 2857 2857 2857 2864 2864 2864 2865 2865 2865 2857 2857 2857 2866 2866 2866 2856 2856 2856 2863 2863 2863 2846 2846 2846 2852 2852 2852 2859 2859 2859 2858 2858 2858 2860 2860 2860 2859 2859 2859 2863 2863 2863 2852 2852 2852 2860 2860 2860 2867 2867 2867 2859 2859 2859 2860 2860 2860 2854 2854 2854 2868 2868 2868 2868 2868 2868 2854 2854 2854 2861 2861 2861 2868 2868 2868 2869 2869 2869 2860 2860 2860 2861 2861 2861 2870 2870 2870 2868 2868 2868 2861 2861 2861 2862 2862 2862 2871 2871 2871 2871 2871 2871 2870 2870 2870 2861 2861 2861 2871 2871 2871 2862 2862 2862 2866 2866 2866 2866 2866 2866 2857 2857 2857 2865 2865 2865 2866 2866 2866 2862 2862 2862 2856 2856 2856 2865 2865 2865 2872 2872 2872 2866 2866 2866 2864 2864 2864 2857 2857 2857 2863 2863 2863 2864 2864 2864 2863 2863 2863 2859 2859 2859 2867 2867 2867 2873 2873 2873 2874 2874 2874 2867 2867 2867 2860 2860 2860 2869 2869 2869 2867 2867 2867 2864 2864 2864 2859 2859 2859 2869 2869 2869 2868 2868 2868 2875 2875 2875 2875 2875 2875 2868 2868 2868 2870 2870 2870 2875 2875 2875 2876 2876 2876 2869 2869 2869 2870 2870 2870 2871 2871 2871 2877 2877 2877 2877 2877 2877 2871 2871 2871 2872 2872 2872 2872 2872 2872 2871 2871 2871 2866 2866 2866 2872 2872 2872 2865 2865 2865 2878 2878 2878 2872 2872 2872 2879 2879 2879 2877 2877 2877 2878 2878 2878 2865 2865 2865 2874 2874 2874 2878 2878 2878 2880 2880 2880 2872 2872 2872 2874 2874 2874 2864 2864 2864 2867 2867 2867 2874 2874 2874 2865 2865 2865 2864 2864 2864 2874 2874 2874 2873 2873 2873 2878 2878 2878 2881 2881 2881 2882 2882 2882 2873 2873 2873 2881 2881 2881 2867 2867 2867 2876 2876 2876 2876 2876 2876 2867 2867 2867 2869 2869 2869 2876 2876 2876 2875 2875 2875 2883 2883 2883 2883 2883 2883 2875 2875 2875 2884 2884 2884 2883 2883 2883 2885 2885 2885 2876 2876 2876 2884 2884 2884 2870 2870 2870 2879 2879 2879 2884 2884 2884 2875 2875 2875 2870 2870 2870 2884 2884 2884 2886 2886 2886 2883 2883 2883 2879 2879 2879 2872 2872 2872 2880 2880 2880 2879 2879 2879 2870 2870 2870 2877 2877 2877 2880 2880 2880 2887 2887 2887 2879 2879 2879 2880 2880 2880 2878 2878 2878 2888 2888 2888 2888 2888 2888 2889 2889 2889 2880 2880 2880 2888 2888 2888 2878 2878 2878 2873 2873 2873 2873 2873 2873 2882 2882 2882 2888 2888 2888 2873 2873 2873 2867 2867 2867 2881 2881 2881 2890 2890 2890 2881 2881 2881 2885 2885 2885 2890 2890 2890 2891 2891 2891 2882 2882 2882 2885 2885 2885 2883 2883 2883 2886 2886 2886 2885 2885 2885 2881 2881 2881 2876 2876 2876 2885 2885 2885 2892 2892 2892 2893 2893 2893 2886 2886 2886 2884 2884 2884 2894 2894 2894 2894 2894 2894 2884 2884 2884 2887 2887 2887 2894 2894 2894 2892 2892 2892 2886 2886 2886 2887 2887 2887 2880 2880 2880 2895 2895 2895 2887 2887 2887 2884 2884 2884 2879 2879 2879 2895 2895 2895 2896 2896 2896 2887 2887 2887 2895 2895 2895 2897 2897 2897 2898 2898 2898 2895 2895 2895 2880 2880 2880 2889 2889 2889 2889 2889 2889 2897 2897 2897 2895 2895 2895 2889 2889 2889 2888 2888 2888 2882 2882 2882 2882 2882 2882 2897 2897 2897 2889 2889 2889 2882 2882 2882 2881 2881 2881 2890 2890 2890 2899 2899 2899 2890 2890 2890 2893 2893 2893 2893 2893 2893 2900 2900 2900 2901 2901 2901 2893 2893 2893 2890 2890 2890 2885 2885 2885 2893 2893 2893 2902 2902 2902 2899 2899 2899 2892 2892 2892 2894 2894 2894 2903 2903 2903 2892 2892 2892 2885 2885 2885 2886 2886 2886 2903 2903 2903 2894 2894 2894 2896 2896 2896 2903 2903 2903 2900 2900 2900 2892 2892 2892 2896 2896 2896 2895 2895 2895 2898 2898 2898 2896 2896 2896 2894 2894 2894 2887 2887 2887 2896 2896 2896 2904 2904 2904 2903 2903 2903 2896 2896 2896 2905 2905 2905 2906 2906 2906 2898 2898 2898 2907 2907 2907 2905 2905 2905 2897 2897 2897 2882 2882 2882 2891 2891 2891 2897 2897 2897 2907 2907 2907 2898 2898 2898 2891 2891 2891 2907 2907 2907 2897 2897 2897 2891 2891 2891 2902 2902 2902 2908 2908 2908 2891 2891 2891 2890 2890 2890 2899 2899 2899 2902 2902 2902 2891 2891 2891 2899 2899 2899 2902 2902 2902 2893 2893 2893 2901 2901 2901 2901 2901 2901 2909 2909 2909 2902 2902 2902 2900 2900 2900 2910 2910 2910 2901 2901 2901 2900 2900 2900 2893 2893 2893 2892 2892 2892 2900 2900 2900 2903 2903 2903 2904 2904 2904 2904 2904 2904 2896 2896 2896 2906 2906 2906 2904 2904 2904 2910 2910 2910 2900 2900 2900 2906 2906 2906 2911 2911 2911 2904 2904 2904 2906 2906 2906 2912 2912 2912 2913 2913 2913 2905 2905 2905 2896 2896 2896 2898 2898 2898 2905 2905 2905 2914 2914 2914 2912 2912 2912 2907 2907 2907 2891 2891 2891 2908 2908 2908 2908 2908 2908 2914 2914 2914 2907 2907 2907 2908 2908 2908 2909 2909 2909 2915 2915 2915 2909 2909 2909 2908 2908 2908 2902 2902 2902 2909 2909 2909 2901 2901 2901 2916 2916 2916 2916 2916 2916 2917 2917 2917 2909 2909 2909 2916 2916 2916 2901 2901 2901 2910 2910 2910 2910 2910 2910 2918 2918 2918 2916 2916 2916 2910 2910 2910 2904 2904 2904 2911 2911 2911 2911 2911 2911 2918 2918 2918 2910 2910 2910 2911 2911 2911 2906 2906 2906 2913 2913 2913 2911 2911 2911 2919 2919 2919 2920 2920 2920 2912 2912 2912 2906 2906 2906 2905 2905 2905 2912 2912 2912 2921 2921 2921 2922 2922 2922 2912 2912 2912 2919 2919 2919 2913 2913 2913 2914 2914 2914 2905 2905 2905 2907 2907 2907 2914 2914 2914 2908 2908 2908 2915 2915 2915 2915 2915 2915 2921 2921 2921 2914 2914 2914 2915 2915 2915 2917 2917 2917 2923 2923 2923 2917 2917 2917 2915 2915 2915 2909 2909 2909 2917 2917 2917 2924 2924 2924 2925 2925 2925 2917 2917 2917 2926 2926 2926 2923 2923 2923 2917 2917 2917 2916 2916 2916 2927 2927 2927 2927 2927 2927 2916 2916 2916 2918 2918 2918 2918 2918 2918 2924 2924 2924 2927 2927 2927 2918 2918 2918 2911 2911 2911 2920 2920 2920 2920 2920 2920 2928 2928 2928 2918 2918 2918 2920 2920 2920 2929 2929 2929 2928 2928 2928 2919 2919 2919 2911 2911 2911 2913 2913 2913 2919 2919 2919 2912 2912 2912 2922 2922 2922 2922 2922 2922 2929 2929 2929 2919 2919 2919 2921 2921 2921 2912 2912 2912 2914 2914 2914 2921 2921 2921 2930 2930 2930 2922 2922 2922 2921 2921 2921 2915 2915 2915 2923 2923 2923 2924 2924 2924 2918 2918 2918 2931 2931 2931 2924 2924 2924 2917 2917 2917 2927 2927 2927 2925 2925 2925 2932 2932 2932 2926 2926 2926 2925 2925 2925 2933 2933 2933 2934 2934 2934 2931 2931 2931 2918 2918 2918 2928 2928 2928 2928 2928 2928 2935 2935 2935 2936 2936 2936 2929 2929 2929 2922 2922 2922 2930 2930 2930 2929 2929 2929 2920 2920 2920 2919 2919 2919 2930 2930 2930 2921 2921 2921 2937 2937 2937 2930 2930 2930 2935 2935 2935 2929 2929 2929 2937 2937 2937 2938 2938 2938 2930 2930 2930 2937 2937 2937 2921 2921 2921 2926 2926 2926 2926 2926 2926 2939 2939 2939 2937 2937 2937 2926 2926 2926 2917 2917 2917 2925 2925 2925 2926 2926 2926 2921 2921 2921 2923 2923 2923 2933 2933 2933 2940 2940 2940 2934 2934 2934 2933 2933 2933 2924 2924 2924 2941 2941 2941 2933 2933 2933 2925 2925 2925 2924 2924 2924 2934 2934 2934 2940 2940 2940 2932 2932 2932 2941 2941 2941 2931 2931 2931 2936 2936 2936 2941 2941 2941 2924 2924 2924 2931 2931 2931 2936 2936 2936 2931 2931 2931 2928 2928 2928 2936 2936 2936 2942 2942 2942 2941 2941 2941 2935 2935 2935 2930 2930 2930 2938 2938 2938 2935 2935 2935 2928 2928 2928 2929 2929 2929 2935 2935 2935 2943 2943 2943 2944 2944 2944 2935 2935 2935 2945 2945 2945 2936 2936 2936 2938 2938 2938 2937 2937 2937 2939 2939 2939 2938 2938 2938 2943 2943 2943 2935 2935 2935 2939 2939 2939 2946 2946 2946 2938 2938 2938 2939 2939 2939 2926 2926 2926 2932 2932 2932 2932 2932 2932 2946 2946 2946 2939 2939 2939 2932 2932 2932 2925 2925 2925 2934 2934 2934 2932 2932 2932 2940 2940 2940 2947 2947 2947 2940 2940 2940 2933 2933 2933 2948 2948 2948 2940 2940 2940 2949 2949 2949 2947 2947 2947 2948 2948 2948 2933 2933 2933 2942 2942 2942 2948 2948 2948 2949 2949 2949 2940 2940 2940 2942 2942 2942 2936 2936 2936 2945 2945 2945 2942 2942 2942 2933 2933 2933 2941 2941 2941 2945 2945 2945 2950 2950 2950 2942 2942 2942 2945 2945 2945 2935 2935 2935 2944 2944 2944 2944 2944 2944 2789 2789 2789 2945 2945 2945 2944 2944 2944 2951 2951 2951 2793 2793 2793 2943 2943 2943 2938 2938 2938 2946 2946 2946 2943 2943 2943 2951 2951 2951 2944 2944 2944 2943 2943 2943 2952 2952 2952 2951 2951 2951 2946 2946 2946 2932 2932 2932 2947 2947 2947 2946 2946 2946 2952 2952 2952 2943 2943 2943 2947 2947 2947 2952 2952 2952 2946 2946 2946 2947 2947 2947 2949 2949 2949 2804 2804 2804 2949 2949 2949 2948 2948 2948 2953 2953 2953 2953 2953 2953 2948 2948 2948 2950 2950 2950 2953 2953 2953 2781 2781 2781 2778 2778 2778 2950 2950 2950 2781 2781 2781 2953 2953 2953 2950 2950 2950 2948 2948 2948 2942 2942 2942 2950 2950 2950 2945 2945 2945 2789 2789 2789 2789 2789 2789 2781 2781 2781 2950 2950 2950 2789 2789 2789 2944 2944 2944 2793 2793 2793 2793 2793 2793 2790 2790 2790 2789 2789 2789 2793 2793 2793 2798 2798 2798 2794 2794 2794 2951 2951 2951 2798 2798 2798 2793 2793 2793 2951 2951 2951 2803 2803 2803 2798 2798 2798 2952 2952 2952 2947 2947 2947 2804 2804 2804 2952 2952 2952 2803 2803 2803 2951 2951 2951 2804 2804 2804 2803 2803 2803 2952 2952 2952 2954 2954 2954 2955 2955 2955 2956 2956 2956 2955 2955 2955 2954 2954 2954 2957 2957 2957 2955 2955 2955 2958 2958 2958 2959 2959 2959 2955 2955 2955 2957 2957 2957 2958 2958 2958 2956 2956 2956 2960 2960 2960 2954 2954 2954 2960 2960 2960 2956 2956 2956 2961 2961 2961 2962 2962 2962 2963 2963 2963 2964 2964 2964 2962 2962 2962 2964 2964 2964 2959 2959 2959 2962 2962 2962 2959 2959 2959 2958 2958 2958 2963 2963 2963 2962 2962 2962 2965 2965 2965 2963 2963 2963 2960 2960 2960 2961 2961 2961 2963 2963 2963 2965 2965 2965 2960 2960 2960 2966 2966 2966 2967 2967 2967 2968 2968 2968 2967 2967 2967 2966 2966 2966 2969 2969 2969 2970 2970 2970 2971 2971 2971 2972 2972 2972 2971 2971 2971 2970 2970 2970 2973 2973 2973 2974 2974 2974 2975 2975 2975 2976 2976 2976 2974 2974 2974 2977 2977 2977 2978 2978 2978 2975 2975 2975 2974 2974 2974 2978 2978 2978 2976 2976 2976 2975 2975 2975 2979 2979 2979 2979 2979 2979 2980 2980 2980 2981 2981 2981 2980 2980 2980 2979 2979 2979 2975 2975 2975 2980 2980 2980 2982 2982 2982 2981 2981 2981 2983 2983 2983 2984 2984 2984 2985 2985 2985 2985 2985 2985 2986 2986 2986 2983 2983 2983 2987 2987 2987 2988 2988 2988 2984 2984 2984 2987 2987 2987 2989 2989 2989 2990 2990 2990 2987 2987 2987 2991 2991 2991 2989 2989 2989 2987 2987 2987 2992 2992 2992 2988 2988 2988 2988 2988 2988 2993 2993 2993 2994 2994 2994 2988 2988 2988 2985 2985 2985 2984 2984 2984 2995 2995 2995 2996 2996 2996 2997 2997 2997 2995 2995 2995 2997 2997 2997 2991 2991 2991 2995 2995 2995 2991 2991 2991 2987 2987 2987 2995 2995 2995 2987 2987 2987 2984 2984 2984 2996 2996 2996 2995 2995 2995 2984 2984 2984 2996 2996 2996 2998 2998 2998 2999 2999 2999 2996 2996 2996 2984 2984 2984 2983 2983 2983 2996 2996 2996 3000 3000 3000 2997 2997 2997 3001 3001 3001 3002 3002 3002 3003 3003 3003 3001 3001 3001 3004 3004 3004 3005 3005 3005 3002 3002 3002 3006 3006 3006 3007 3007 3007 3002 3002 3002 3008 3008 3008 3009 3009 3009 3003 3003 3003 3010 3010 3010 3011 3011 3011 3003 3003 3003 3012 3012 3012 3010 3010 3010 3003 3003 3003 3004 3004 3004 3001 3001 3001 3003 3003 3003 3009 3009 3009 3012 3012 3012 3013 3013 3013 3002 3002 3002 3001 3001 3001 3013 3013 3013 3014 3014 3014 3002 3002 3002 3013 3013 3013 3001 3001 3001 3005 3005 3005 3013 3013 3013 3005 3005 3005 3014 3014 3014 3004 3004 3004 3003 3003 3003 3011 3011 3011 3005 3005 3005 3004 3004 3004 3015 3015 3015 3005 3005 3005 3016 3016 3016 3014 3014 3014 3015 3015 3015 3017 3017 3017 3005 3005 3005 3018 3018 3018 3019 3019 3019 3020 3020 3020 3018 3018 3018 3021 3021 3021 3022 3022 3022 3019 3019 3019 3023 3023 3023 3024 3024 3024 3019 3019 3019 3024 3024 3024 3025 3025 3025 3020 3020 3020 3026 3026 3026 3021 3021 3021 3020 3020 3020 3027 3027 3027 3026 3026 3026 3020 3020 3020 3019 3019 3019 3028 3028 3028 3028 3028 3028 3029 3029 3029 3030 3030 3030 3028 3028 3028 3031 3031 3031 3020 3020 3020 3028 3028 3028 3030 3030 3030 3032 3032 3032 3029 3029 3029 3028 3028 3028 3019 3019 3019 3030 3030 3030 3033 3033 3033 3032 3032 3032 3033 3033 3033 3030 3030 3030 3029 3029 3029 3033 3033 3033 3034 3034 3034 3035 3035 3035 3032 3032 3032 3031 3031 3031 3028 3028 3028 3032 3032 3032 3033 3033 3033 3035 3035 3035 3036 3036 3036 3033 3033 3033 3029 3029 3029 3036 3036 3036 3037 3037 3037 3034 3034 3034 3036 3036 3036 3029 3029 3029 3025 3025 3025 3035 3035 3035 3038 3038 3038 3032 3032 3032 3035 3035 3035 3034 3034 3034 3039 3039 3039 3034 3034 3034 3033 3033 3033 3036 3036 3036 3039 3039 3039 3040 3040 3040 3041 3041 3041 3021 3021 3021 3018 3018 3018 3020 3020 3020 3042 3042 3042 3043 3043 3043 3044 3044 3044 3042 3042 3042 3031 3031 3031 3043 3043 3043 3042 3042 3042 3045 3045 3045 3046 3046 3046 3042 3042 3042 3047 3047 3047 3045 3045 3045 3031 3031 3031 3048 3048 3048 3027 3027 3027 3031 3031 3031 3049 3049 3049 3050 3050 3050 3031 3031 3031 3032 3032 3032 3043 3043 3043 3031 3031 3031 3051 3051 3051 3052 3052 3052 3031 3031 3031 3052 3052 3052 3053 3053 3053 3043 3043 3043 3054 3054 3054 3044 3044 3044 3038 3038 3038 3043 3043 3043 3032 3032 3032 3055 3055 3055 3038 3038 3038 3035 3035 3035 3055 3055 3055 3056 3056 3056 3057 3057 3057 3055 3055 3055 3058 3058 3058 3059 3059 3059 3055 3055 3055 3035 3035 3035 3039 3039 3039 3055 3055 3055 3039 3039 3039 3058 3058 3058 3055 3055 3055 3057 3057 3057 3060 3060 3060 3055 3055 3055 3061 3061 3061 3054 3054 3054 3055 3055 3055 3060 3060 3060 3062 3062 3062 3054 3054 3054 3061 3061 3061 3063 3063 3063 3054 3054 3054 3064 3064 3064 3065 3065 3065 3054 3054 3054 3065 3065 3065 3044 3044 3044 3054 3054 3054 3043 3043 3043 3038 3038 3038 3054 3054 3054 3038 3038 3038 3055 3055 3055 3054 3054 3054 3066 3066 3066 3064 3064 3064 3023 3023 3023 3067 3067 3067 3024 3024 3024 3023 3023 3023 3068 3068 3068 3067 3067 3067 3023 3023 3023 3069 3069 3069 3068 3068 3068 3069 3069 3069 3023 3023 3023 3019 3019 3019 3069 3069 3069 3019 3019 3019 3070 3070 3070 3071 3071 3071 3024 3024 3024 3072 3072 3072 3071 3071 3071 3036 3036 3036 3025 3025 3025 3024 3024 3024 3071 3071 3071 3025 3025 3025 3072 3072 3072 3073 3073 3073 3074 3074 3074 3072 3072 3072 3075 3075 3075 3071 3071 3071 3076 3076 3076 3036 3036 3036 3071 3071 3071 3037 3037 3037 3077 3077 3077 3078 3078 3078 3037 3037 3037 3036 3036 3036 3076 3076 3076 3037 3037 3037 3079 3079 3079 3034 3034 3034 3080 3080 3080 3081 3081 3081 3082 3082 3082 3080 3080 3080 3083 3083 3083 3084 3084 3084 3080 3080 3080 3085 3085 3085 3086 3086 3086 3081 3081 3081 3075 3075 3075 3072 3072 3072 3081 3081 3081 3087 3087 3087 3082 3082 3082 3081 3081 3081 3080 3080 3080 3084 3084 3084 3081 3081 3081 3072 3072 3072 3088 3088 3088 3082 3082 3082 3085 3085 3085 3080 3080 3080 3089 3089 3089 3082 3082 3082 3087 3087 3087 3089 3089 3089 3090 3090 3090 3091 3091 3091 3089 3089 3089 3091 3091 3091 3092 3092 3092 3089 3089 3089 3093 3093 3093 3094 3094 3094 3089 3089 3089 3085 3085 3085 3082 3082 3082 3089 3089 3089 3095 3095 3095 3096 3096 3096 3085 3085 3085 3089 3089 3089 3096 3096 3096 3085 3085 3085 3096 3096 3096 3086 3086 3086 3084 3084 3084 3083 3083 3083 3097 3097 3097 3084 3084 3084 3077 3077 3077 3075 3075 3075 3084 3084 3084 3098 3098 3098 3077 3077 3077 2994 2994 2994 3099 3099 3099 2986 2986 2986 2994 2994 2994 2993 2993 2993 3100 3100 3100 2986 2986 2986 2985 2985 2985 2988 2988 2988 2986 2986 2986 2988 2988 2988 2994 2994 2994 3101 3101 3101 2986 2986 2986 3099 3099 3099 3101 3101 3101 3102 3102 3102 3103 3103 3103 3103 3103 3103 2986 2986 2986 3101 3101 3101 2998 2998 2998 3047 3047 3047 3104 3104 3104 2998 2998 2998 2983 2983 2983 2986 2986 2986 2998 2998 2998 2996 2996 2996 2983 2983 2983 2998 2998 2998 3105 3105 3105 3106 3106 3106 3105 3105 3105 3107 3107 3107 3106 3106 3106 3105 3105 3105 2986 2986 2986 3103 3103 3103 3105 3105 3105 2998 2998 2998 2986 2986 2986 3106 3106 3106 3108 3108 3108 3109 3109 3109 2999 2999 2999 3000 3000 3000 2996 2996 2996 2999 2999 2999 3110 3110 3110 3000 3000 3000 2999 2999 2999 3064 3064 3064 3111 3111 3111 2999 2999 2999 2998 2998 2998 3104 3104 3104 3112 3112 3112 3000 3000 3000 3110 3110 3110 3112 3112 3112 3110 3110 3110 3113 3113 3113 3112 3112 3112 3114 3114 3114 2997 2997 2997 3000 3000 3000 3112 3112 3112 2997 2997 2997 3110 3110 3110 2999 2999 2999 3111 3111 3111 3110 3110 3110 3115 3115 3115 3116 3116 3116 3047 3047 3047 3065 3065 3065 3104 3104 3104 3047 3047 3047 3042 3042 3042 3044 3044 3044 3047 3047 3047 3117 3117 3117 3045 3045 3045 3047 3047 3047 2998 2998 2998 3108 3108 3108 3047 3047 3047 3118 3118 3118 3119 3119 3119 3047 3047 3047 3120 3120 3120 3121 3121 3121 3065 3065 3065 2999 2999 2999 3104 3104 3104 3065 3065 3065 3064 3064 3064 2999 2999 2999 3044 3044 3044 3065 3065 3065 3047 3047 3047 3122 3122 3122 3064 3064 3064 3123 3123 3123 3111 3111 3111 3064 3064 3064 3122 3122 3122 3012 3012 3012 3124 3124 3124 3125 3125 3125 3012 3012 3012 3009 3009 3009 3124 3124 3124 3010 3010 3010 3126 3126 3126 3011 3011 3011 3010 3010 3010 3127 3127 3127 3128 3128 3128 3010 3010 3010 3129 3129 3129 3130 3130 3130 3010 3010 3010 3130 3130 3130 3127 3127 3127 3007 3007 3007 3131 3131 3131 3002 3002 3002 3006 3006 3006 3002 3002 3002 3014 3014 3014 3016 3016 3016 3096 3096 3096 3095 3095 3095 3016 3016 3016 3132 3132 3132 3014 3014 3014 3016 3016 3016 3005 3005 3005 3017 3017 3017 3132 3132 3132 3133 3133 3133 3134 3134 3134 3132 3132 3132 3016 3016 3016 3095 3095 3095 3132 3132 3132 3006 3006 3006 3014 3014 3014 3132 3132 3132 3135 3135 3135 3133 3133 3133 3132 3132 3132 3095 3095 3095 3135 3135 3135 3132 3132 3132 3136 3136 3136 3006 3006 3006 3096 3096 3096 3016 3016 3016 3017 3017 3017 3096 3096 3096 3137 3137 3137 3138 3138 3138 3096 3096 3096 3017 3017 3017 3137 3137 3137 3137 3137 3137 3139 3139 3139 3140 3140 3140 3137 3137 3137 3141 3141 3141 3138 3138 3138 3094 3094 3094 3142 3142 3142 3135 3135 3135 3142 3142 3142 3094 3094 3094 3143 3143 3143 3135 3135 3135 3144 3144 3144 3145 3145 3145 3135 3135 3135 3146 3146 3146 3147 3147 3147 3135 3135 3135 3142 3142 3142 3148 3148 3148 3143 3143 3143 3094 3094 3094 3093 3093 3093 3095 3095 3095 3089 3089 3089 3094 3094 3094 3095 3095 3095 3094 3094 3094 3135 3135 3135 2992 2992 2992 3149 3149 3149 3150 3150 3150 2992 2992 2992 3151 3151 3151 3149 3149 3149 2992 2992 2992 2987 2987 2987 2990 2990 2990 2990 2990 2990 3152 3152 3152 3153 3153 3153 2990 2990 2990 3151 3151 3151 2992 2992 2992 2990 2990 2990 3153 3153 3153 3151 3151 3151 3154 3154 3154 3155 3155 3155 3156 3156 3156 3154 3154 3154 3157 3157 3157 3152 3152 3152 3154 3154 3154 3156 3156 3156 3158 3158 3158 3154 3154 3154 3158 3158 3158 3157 3157 3157 3152 3152 3152 2990 2990 2990 3154 3154 3154 2989 2989 2989 3159 3159 3159 3160 3160 3160 2989 2989 2989 3154 3154 3154 2990 2990 2990 2989 2989 2989 3161 3161 3161 3162 3162 3162 2989 2989 2989 3162 3162 3162 3163 3163 3163 2989 2989 2989 3163 3163 3163 3155 3155 3155 2989 2989 2989 3160 3160 3160 3161 3161 3161 3025 3025 3025 3029 3029 3029 3019 3019 3019 3087 3087 3087 3164 3164 3164 3165 3165 3165 3087 3087 3087 3088 3088 3088 3166 3166 3166 3087 3087 3087 3081 3081 3081 3088 3088 3088 3087 3087 3087 3166 3166 3166 3164 3164 3164 3087 3087 3087 3167 3167 3167 3168 3168 3168 3087 3087 3087 3168 3168 3168 3090 3090 3090 3088 3088 3088 3074 3074 3074 3169 3169 3169 3088 3088 3088 3170 3170 3170 3171 3171 3171 3088 3088 3088 3169 3169 3169 3170 3170 3170 3172 3172 3172 3017 3017 3017 3015 3015 3015 3172 3172 3172 3173 3173 3173 3174 3174 3174 3172 3172 3172 3126 3126 3126 3175 3175 3175 3172 3172 3172 3175 3175 3175 3176 3176 3176 3172 3172 3172 3015 3015 3015 3126 3126 3126 3173 3173 3173 3172 3172 3172 3176 3176 3176 3126 3126 3126 3015 3015 3015 3004 3004 3004 3126 3126 3126 3010 3010 3010 3175 3175 3175 3126 3126 3126 3004 3004 3004 3011 3011 3011 3175 3175 3175 3010 3010 3010 3128 3128 3128 2997 2997 2997 3114 3114 3114 2991 2991 2991 3077 3077 3077 3177 3177 3177 3178 3178 3178 3077 3077 3077 3179 3179 3179 3180 3180 3180 3077 3077 3077 3098 3098 3098 3179 3179 3179 3077 3077 3077 3076 3076 3076 3075 3075 3075 3077 3077 3077 3037 3037 3037 3076 3076 3076 3075 3075 3075 3076 3076 3076 3071 3071 3071 3075 3075 3075 3081 3081 3081 3084 3084 3084 3078 3078 3078 3077 3077 3077 3181 3181 3181 3181 3181 3181 3077 3077 3077 3178 3178 3178 3070 3070 3070 3019 3019 3019 3018 3018 3018 3070 3070 3070 3018 3018 3018 3022 3022 3022 3058 3058 3058 3039 3039 3039 3182 3182 3182 3182 3182 3182 3039 3039 3039 3183 3183 3183 3056 3056 3056 3055 3055 3055 3059 3059 3059 3073 3073 3073 3024 3024 3024 3067 3067 3067 3073 3073 3073 3072 3072 3072 3024 3024 3024 3074 3074 3074 3088 3088 3088 3072 3072 3072 3090 3090 3090 3089 3089 3089 3087 3087 3087 3167 3167 3167 3087 3087 3087 3165 3165 3165 3166 3166 3166 3088 3088 3088 3171 3171 3171 3109 3109 3109 2998 2998 2998 3106 3106 3106 3184 3184 3184 3047 3047 3047 3108 3108 3108 3184 3184 3184 3106 3106 3106 3118 3118 3118 3108 3108 3108 2998 2998 2998 3109 3109 3109 3108 3108 3108 3106 3106 3106 3184 3184 3184 3107 3107 3107 3185 3185 3185 3186 3186 3186 3107 3107 3107 3186 3186 3186 3118 3118 3118 3118 3118 3118 3106 3106 3106 3107 3107 3107 3118 3118 3118 3047 3047 3047 3184 3184 3184 3119 3119 3119 3118 3118 3118 3186 3186 3186 3116 3116 3116 3113 3113 3113 3110 3110 3110 3008 3008 3008 3002 3002 3002 3131 3131 3131 3009 3009 3009 3008 3008 3008 3187 3187 3187 3009 3009 3009 3003 3003 3003 3002 3002 3002 3188 3188 3188 3012 3012 3012 3125 3125 3125 3129 3129 3129 3010 3010 3010 3012 3012 3012 3129 3129 3129 3012 3012 3012 3188 3188 3188 3128 3128 3128 3189 3189 3189 3175 3175 3175 3133 3133 3133 3135 3135 3135 3145 3145 3145 3136 3136 3136 3132 3132 3132 3134 3134 3134 3136 3136 3136 3190 3190 3190 3191 3191 3191 3136 3136 3136 3192 3192 3192 3190 3190 3190 3134 3134 3134 3145 3145 3145 3144 3144 3144 3145 3145 3145 3134 3134 3134 3133 3133 3133 3144 3144 3144 3136 3136 3136 3134 3134 3134 3144 3144 3144 3135 3135 3135 3147 3147 3147 3148 3148 3148 3192 3192 3192 3146 3146 3146 3086 3086 3086 3096 3096 3096 3138 3138 3138 3086 3086 3086 3193 3193 3193 3194 3194 3194 3086 3086 3086 3194 3194 3194 3195 3195 3195 3086 3086 3086 3138 3138 3138 3196 3196 3196 3196 3196 3196 3138 3138 3138 3197 3197 3197 3196 3196 3196 3198 3198 3198 3086 3086 3086 3159 3159 3159 2989 2989 2989 2991 2991 2991 3159 3159 3159 3199 3199 3199 3160 3160 3160 3159 3159 3159 2991 2991 2991 3114 3114 3114 3159 3159 3159 3114 3114 3114 3112 3112 3112 3155 3155 3155 3154 3154 3154 2989 2989 2989 3141 3141 3141 3137 3137 3137 3140 3140 3140 3066 3066 3066 3123 3123 3123 3064 3064 3064 3066 3066 3066 3054 3054 3054 3200 3200 3200 3200 3200 3200 3054 3054 3054 3201 3201 3201 3201 3201 3201 3054 3054 3054 3202 3202 3202 3202 3202 3202 3054 3054 3054 3063 3063 3063 3061 3061 3061 3055 3055 3055 3203 3203 3203 3203 3203 3203 3055 3055 3055 3062 3062 3062 3051 3051 3051 3042 3042 3042 3046 3046 3046 3051 3051 3051 3031 3031 3031 3042 3042 3042 3204 3204 3204 3086 3086 3086 3205 3205 3205 3204 3204 3204 3080 3080 3080 3086 3086 3086 3083 3083 3083 3080 3080 3080 3204 3204 3204 3098 3098 3098 3084 3084 3084 3097 3097 3097 3206 3206 3206 3172 3172 3172 3174 3174 3174 3206 3206 3206 3017 3017 3017 3172 3172 3172 3120 3120 3120 3047 3047 3047 3207 3207 3207 3207 3207 3207 3047 3047 3047 3119 3119 3119 3208 3208 3208 3175 3175 3175 3209 3209 3209 3209 3209 3209 3175 3175 3175 3189 3189 3189 3199 3199 3199 3112 3112 3112 3210 3210 3210 3199 3199 3199 3159 3159 3159 3112 3112 3112 3079 3079 3079 3037 3037 3037 3211 3211 3211 3211 3211 3211 3037 3037 3037 3078 3078 3078 3040 3040 3040 3034 3034 3034 3079 3079 3079 3040 3040 3040 3039 3039 3039 3034 3034 3034 3100 3100 3100 3099 3099 3099 2994 2994 2994 3100 3100 3100 3102 3102 3102 3099 3099 3099 3102 3102 3102 3101 3101 3101 3099 3099 3099 3102 3102 3102 3212 3212 3212 3103 3103 3103 3210 3210 3210 3112 3112 3112 3113 3113 3113 3197 3197 3197 3138 3138 3138 3141 3141 3141 3176 3176 3176 3175 3175 3175 3208 3208 3208 2993 2993 2993 2988 2988 2988 2992 2992 2992 3191 3191 3191 3006 3006 3006 3136 3136 3136 3191 3191 3191 3007 3007 3007 3006 3006 3006 3190 3190 3190 3007 3007 3007 3191 3191 3191 3213 3213 3213 3214 3214 3214 3215 3215 3215 3213 3213 3213 3216 3216 3216 3214 3214 3214 3213 3213 3213 3217 3217 3217 3216 3216 3216 3115 3115 3115 3110 3110 3110 3111 3111 3111 3115 3115 3115 3111 3111 3111 3218 3218 3218 3192 3192 3192 3147 3147 3147 3146 3146 3146 3192 3192 3192 3136 3136 3136 3144 3144 3144 3146 3146 3146 3135 3135 3135 3148 3148 3148 3185 3185 3185 3103 3103 3103 3212 3212 3212 3185 3185 3185 3107 3107 3107 3105 3105 3105 3185 3185 3185 3105 3105 3105 3103 3103 3103 3183 3183 3183 3039 3039 3039 3041 3041 3041 3219 3219 3219 2992 2992 2992 3220 3220 3220 3219 3219 3219 2993 2993 2993 2992 2992 2992 3139 3139 3139 3017 3017 3017 3206 3206 3206 3139 3139 3139 3137 3137 3137 3017 3017 3017 3218 3218 3218 3111 3111 3111 3122 3122 3122 3147 3147 3147 3192 3192 3192 3144 3144 3144 3177 3177 3177 3077 3077 3077 3180 3180 3180 3205 3205 3205 3086 3086 3086 3195 3195 3195 3193 3193 3193 3086 3086 3086 3198 3198 3198 3220 3220 3220 2992 2992 2992 3150 3150 3150 3093 3093 3093 3089 3089 3089 3092 3092 3092 3124 3124 3124 3009 3009 3009 3187 3187 3187 3027 3027 3027 3020 3020 3020 3031 3031 3031 3048 3048 3048 3031 3031 3031 3050 3050 3050 3049 3049 3049 3031 3031 3031 3053 3053 3053 3117 3117 3117 3047 3047 3047 3121 3121 3121 3221 3221 3221 3222 3222 3222 3223 3223 3223 3221 3221 3221 3224 3224 3224 3225 3225 3225 3222 3222 3222 3221 3221 3221 3226 3226 3226 3222 3222 3222 3227 3227 3227 3228 3228 3228 3223 3223 3223 3222 3222 3222 3228 3228 3228 3226 3226 3226 3225 3225 3225 3229 3229 3229 3230 3230 3230 3231 3231 3231 3232 3232 3232 3230 3230 3230 3233 3233 3233 3223 3223 3223 3230 3230 3230 3223 3223 3223 3234 3234 3234 3231 3231 3231 3235 3235 3235 3236 3236 3236 3231 3231 3231 3230 3230 3230 3237 3237 3237 3231 3231 3231 3238 3238 3238 3239 3239 3239 3232 3232 3232 3240 3240 3240 3241 3241 3241 3232 3232 3232 3231 3231 3231 3239 3239 3239 3232 3232 3232 3242 3242 3242 3233 3233 3233 3237 3237 3237 3230 3230 3230 3234 3234 3234 3237 3237 3237 3243 3243 3243 3235 3235 3235 3237 3237 3237 3222 3222 3222 3226 3226 3226 3242 3242 3242 3232 3232 3232 3241 3241 3241 3242 3242 3242 3244 3244 3244 3245 3245 3245 3242 3242 3242 3243 3243 3243 3233 3233 3233 3233 3233 3233 3230 3230 3230 3232 3232 3232 3233 3233 3233 3246 3246 3246 3224 3224 3224 3233 3233 3233 3221 3221 3221 3223 3223 3223 3247 3247 3247 3239 3239 3239 3248 3248 3248 3247 3247 3247 3249 3249 3249 3232 3232 3232 3249 3249 3249 3247 3247 3247 3250 3250 3250 3249 3249 3249 3238 3238 3238 3236 3236 3236 3245 3245 3245 3244 3244 3244 3251 3251 3251 3245 3245 3245 3252 3252 3252 3235 3235 3235 3244 3244 3244 3242 3242 3242 3241 3241 3241 3244 3244 3244 3253 3253 3253 3254 3254 3254 3251 3251 3251 3254 3254 3254 3252 3252 3252 3240 3240 3240 3255 3255 3255 3241 3241 3241 3240 3240 3240 3232 3232 3232 3249 3249 3249 3241 3241 3241 3255 3255 3255 3253 3253 3253 3250 3250 3250 3248 3248 3248 3238 3238 3238 3224 3224 3224 3221 3221 3221 3233 3233 3233 3224 3224 3224 3256 3256 3256 3257 3257 3257 3225 3225 3225 3224 3224 3224 3257 3257 3257 3225 3225 3225 3226 3226 3226 3221 3221 3221 3257 3257 3257 3229 3229 3229 3225 3225 3225 3258 3258 3258 3234 3234 3234 3223 3223 3223 3258 3258 3258 3228 3228 3228 3259 3259 3259 3234 3234 3234 3258 3258 3258 3260 3260 3260 3234 3234 3234 3227 3227 3227 3237 3237 3237 3260 3260 3260 3259 3259 3259 3227 3227 3227 3243 3243 3243 3226 3226 3226 3246 3246 3246 3243 3243 3243 3237 3237 3237 3226 3226 3226 3243 3243 3243 3242 3242 3242 3235 3235 3235 3235 3235 3235 3231 3231 3231 3237 3237 3237 3235 3235 3235 3255 3255 3255 3236 3236 3236 3235 3235 3235 3242 3242 3242 3245 3245 3245 3255 3255 3255 3240 3240 3240 3236 3236 3236 3255 3255 3255 3235 3235 3235 3253 3253 3253 3236 3236 3236 3240 3240 3240 3249 3249 3249 3229 3229 3229 3246 3246 3246 3226 3226 3226 3229 3229 3229 3257 3257 3257 3256 3256 3256 3256 3256 3256 3224 3224 3224 3246 3246 3246 3246 3246 3246 3229 3229 3229 3256 3256 3256 3246 3246 3246 3233 3233 3233 3243 3243 3243 3253 3253 3253 3252 3252 3252 3254 3254 3254 3253 3253 3253 3244 3244 3244 3241 3241 3241 3254 3254 3254 3251 3251 3251 3244 3244 3244 3252 3252 3252 3245 3245 3245 3251 3251 3251 3252 3252 3252 3253 3253 3253 3235 3235 3235 3239 3239 3239 3247 3247 3247 3232 3232 3232 3239 3239 3239 3238 3238 3238 3248 3248 3248 3248 3248 3248 3250 3250 3250 3247 3247 3247 3238 3238 3238 3249 3249 3249 3250 3250 3250 3238 3238 3238 3231 3231 3231 3236 3236 3236 3228 3228 3228 3258 3258 3258 3223 3223 3223 3228 3228 3228 3227 3227 3227 3259 3259 3259 3259 3259 3259 3260 3260 3260 3258 3258 3258 3227 3227 3227 3222 3222 3222 3237 3237 3237 3227 3227 3227 3234 3234 3234 3260 3260 3260 3261 3261 3261 3262 3262 3262 3263 3263 3263 3261 3261 3261 3263 3263 3263 3264 3264 3264 3265 3265 3265 3266 3266 3266 3267 3267 3267 3266 3266 3266 3265 3265 3265 3268 3268 3268 3267 3267 3267 3266 3266 3266 3269 3269 3269 3268 3268 3268 3265 3265 3265 3270 3270 3270 3271 3271 3271 3272 3272 3272 3273 3273 3273 3271 3271 3271 3273 3273 3273 3274 3274 3274 3275 3275 3275 3276 3276 3276 3277 3277 3277 3276 3276 3276 3275 3275 3275 3278 3278 3278 3279 3279 3279 3280 3280 3280 3281 3281 3281 3280 3280 3280 3279 3279 3279 3282 3282 3282 3283 3283 3283 3284 3284 3284 3285 3285 3285 3283 3283 3283 3285 3285 3285 3286 3286 3286 3284 3284 3284 3287 3287 3287 3288 3288 3288 3287 3287 3287 3284 3284 3284 3283 3283 3283 3289 3289 3289 3290 3290 3290 3291 3291 3291 3289 3289 3289 3292 3292 3292 3290 3290 3290 3292 3292 3292 3293 3293 3293 3294 3294 3294 3293 3293 3293 3292 3292 3292 3289 3289 3289 3295 3295 3295 3296 3296 3296 3297 3297 3297 3295 3295 3295 3298 3298 3298 3296 3296 3296 3298 3298 3298 3299 3299 3299 3300 3300 3300 3299 3299 3299 3298 3298 3298 3295 3295 3295 3301 3301 3301 3302 3302 3302 3303 3303 3303 3302 3302 3302 3301 3301 3301 3304 3304 3304 3305 3305 3305 3306 3306 3306 3307 3307 3307 3307 3307 3307 3308 3308 3308 3305 3305 3305 3309 3309 3309 3310 3310 3310 3311 3311 3311 3309 3309 3309 3312 3312 3312 3310 3310 3310 3313 3313 3313 3314 3314 3314 3315 3315 3315 3314 3314 3314 3313 3313 3313 3316 3316 3316 3317 3317 3317 3318 3318 3318 3319 3319 3319 3320 3320 3320 3267 3267 3267 3269 3269 3269 3321 3321 3321 3322 3322 3322 3323 3323 3323 3324 3324 3324 3295 3295 3295 3297 3297 3297 3325 3325 3325 3326 3326 3326 3327 3327 3327 3325 3325 3325 3328 3328 3328 3326 3326 3326 3329 3329 3329 3330 3330 3330 3331 3331 3331 3330 3330 3330 3329 3329 3329 3332 3332 3332 3333 3333 3333 3334 3334 3334 3335 3335 3335 3333 3333 3333 3335 3335 3335 3336 3336 3336 3337 3337 3337 3338 3338 3338 3339 3339 3339 3339 3339 3339 3340 3340 3340 3337 3337 3337 3341 3341 3341 3342 3342 3342 3343 3343 3343 3341 3341 3341 3343 3343 3343 3344 3344 3344 3345 3345 3345 3346 3346 3346 3347 3347 3347 3345 3345 3345 3348 3348 3348 3346 3346 3346 3345 3345 3345 3349 3349 3349 3350 3350 3350 3345 3345 3345 3347 3347 3347 3351 3351 3351 3351 3351 3351 3347 3347 3347 3352 3352 3352 3346 3346 3346 3353 3353 3353 3354 3354 3354 3346 3346 3346 3354 3354 3354 3347 3347 3347 3350 3350 3350 3355 3355 3355 3356 3356 3356 3350 3350 3350 3348 3348 3348 3345 3345 3345 3350 3350 3350 3357 3357 3357 3348 3348 3348 3348 3348 3348 3358 3358 3358 3346 3346 3346 3356 3356 3356 3357 3357 3357 3350 3350 3350 3356 3356 3356 3355 3355 3355 3359 3359 3359 3357 3357 3357 3358 3358 3358 3348 3348 3348 3357 3357 3357 3360 3360 3360 3358 3358 3358 3358 3358 3358 3353 3353 3353 3346 3346 3346 3360 3360 3360 3361 3361 3361 3362 3362 3362 3360 3360 3360 3363 3363 3363 3364 3364 3364 3360 3360 3360 3362 3362 3362 3358 3358 3358 3360 3360 3360 3364 3364 3364 3365 3365 3365 3362 3362 3362 3366 3366 3366 3353 3353 3353 3362 3362 3362 3361 3361 3361 3367 3367 3367 3368 3368 3368 3369 3369 3369 3370 3370 3370 3368 3368 3368 3370 3370 3370 3371 3371 3371 3368 3368 3368 3371 3371 3371 3372 3372 3372 3372 3372 3372 3364 3364 3364 3363 3363 3363 3372 3372 3372 3371 3371 3371 3364 3364 3364 3373 3373 3373 3372 3372 3372 3363 3363 3363 3373 3373 3373 3363 3363 3363 3359 3359 3359 3363 3363 3363 3360 3360 3360 3357 3357 3357 3359 3359 3359 3363 3363 3363 3357 3357 3357 3359 3359 3359 3357 3357 3357 3356 3356 3356 3374 3374 3374 3375 3375 3375 3376 3376 3376 3374 3374 3374 3377 3377 3377 3367 3367 3367 3374 3374 3374 3376 3376 3376 3378 3378 3378 3374 3374 3374 3379 3379 3379 3377 3377 3377 3376 3376 3376 3380 3380 3380 3381 3381 3381 3378 3378 3378 3381 3381 3381 3382 3382 3382 3378 3378 3378 3379 3379 3379 3374 3374 3374 3378 3378 3378 3376 3376 3376 3381 3381 3381 3367 3367 3367 3365 3365 3365 3375 3375 3375 3367 3367 3367 3366 3366 3366 3362 3362 3362 3367 3367 3367 3377 3377 3377 3366 3366 3366 3367 3367 3367 3361 3361 3361 3365 3365 3365 3367 3367 3367 3375 3375 3375 3374 3374 3374 3375 3375 3375 3380 3380 3380 3376 3376 3376 3375 3375 3375 3365 3365 3365 3380 3380 3380 3380 3380 3380 3383 3383 3383 3381 3381 3381 3365 3365 3365 3364 3364 3364 3371 3371 3371 3365 3365 3365 3384 3384 3384 3380 3380 3380 3361 3361 3361 3360 3360 3360 3365 3365 3365 3384 3384 3384 3383 3383 3383 3380 3380 3380 3384 3384 3384 3365 3365 3365 3370 3370 3370 3385 3385 3385 3386 3386 3386 3387 3387 3387 3385 3385 3385 3387 3387 3387 3388 3388 3388 3385 3385 3385 3389 3389 3389 3390 3390 3390 3385 3385 3385 3391 3391 3391 3386 3386 3386 3387 3387 3387 3386 3386 3386 3392 3392 3392 3387 3387 3387 3393 3393 3393 3388 3388 3388 3392 3392 3392 3394 3394 3394 3395 3395 3395 3392 3392 3392 3386 3386 3386 3394 3394 3394 3393 3393 3393 3387 3387 3387 3392 3392 3392 3393 3393 3393 3396 3396 3396 3388 3388 3388 3393 3393 3393 3392 3392 3392 3369 3369 3369 3369 3369 3369 3368 3368 3368 3393 3393 3393 3369 3369 3369 3392 3392 3392 3395 3395 3395 3397 3397 3397 3398 3398 3398 3399 3399 3399 3397 3397 3397 3400 3400 3400 3401 3401 3401 3397 3397 3397 3401 3401 3401 3402 3402 3402 3401 3401 3401 3403 3403 3403 3404 3404 3404 3402 3402 3402 3401 3401 3401 3404 3404 3404 3402 3402 3402 3405 3405 3405 3397 3397 3397 3399 3399 3399 3406 3406 3406 3407 3407 3407 3399 3399 3399 3407 3407 3407 3400 3400 3400 3399 3399 3399 3400 3400 3400 3397 3397 3397 3400 3400 3400 3403 3403 3403 3401 3401 3401 3400 3400 3400 3407 3407 3407 3403 3403 3403 3403 3403 3403 3408 3408 3408 3404 3404 3404 3404 3404 3404 3408 3408 3408 3409 3409 3409 3407 3407 3407 3391 3391 3391 3410 3410 3410 3407 3407 3407 3410 3410 3410 3403 3403 3403 3411 3411 3411 3406 3406 3406 3399 3399 3399 3406 3406 3406 3412 3412 3412 3407 3407 3407 3410 3410 3410 3408 3408 3408 3403 3403 3403 3412 3412 3412 3394 3394 3394 3386 3386 3386 3412 3412 3412 3386 3386 3386 3407 3407 3407 3413 3413 3413 3414 3414 3414 3415 3415 3415 3413 3413 3413 3415 3415 3415 3416 3416 3416 3413 3413 3413 3416 3416 3416 3381 3381 3381 3413 3413 3413 3381 3381 3381 3383 3383 3383 3413 3413 3413 3417 3417 3417 3414 3414 3414 3415 3415 3415 3418 3418 3418 3419 3419 3419 3416 3416 3416 3382 3382 3382 3381 3381 3381 3414 3414 3414 3420 3420 3420 3418 3418 3418 3383 3383 3383 3384 3384 3384 3421 3421 3421 3383 3383 3383 3417 3417 3417 3413 3413 3413 3383 3383 3383 3395 3395 3395 3417 3417 3417 3417 3417 3417 3422 3422 3422 3414 3414 3414 3417 3417 3417 3423 3423 3423 3422 3422 3422 3421 3421 3421 3395 3395 3395 3383 3383 3383 3421 3421 3421 3370 3370 3370 3369 3369 3369 3395 3395 3395 3421 3421 3421 3369 3369 3369 3395 3395 3395 3394 3394 3394 3423 3423 3423 3395 3395 3395 3423 3423 3423 3417 3417 3417 3422 3422 3422 3424 3424 3424 3420 3420 3420 3423 3423 3423 3411 3411 3411 3422 3422 3422 3423 3423 3423 3406 3406 3406 3411 3411 3411 3394 3394 3394 3406 3406 3406 3423 3423 3423 3394 3394 3394 3412 3412 3412 3406 3406 3406 3425 3425 3425 3426 3426 3426 3427 3427 3427 3425 3425 3425 3428 3428 3428 3429 3429 3429 3426 3426 3426 3430 3430 3430 3431 3431 3431 3426 3426 3426 3431 3431 3431 3349 3349 3349 3427 3427 3427 3426 3426 3426 3349 3349 3349 3427 3427 3427 3428 3428 3428 3425 3425 3425 3431 3431 3431 3350 3350 3350 3349 3349 3349 3349 3349 3349 3345 3345 3345 3351 3351 3351 3349 3349 3349 3351 3351 3351 3432 3432 3432 3429 3429 3429 3433 3433 3433 3430 3430 3430 3429 3429 3429 3430 3430 3430 3425 3425 3425 3429 3429 3429 3428 3428 3428 3434 3434 3434 3430 3430 3430 3355 3355 3355 3431 3431 3431 3430 3430 3430 3426 3426 3426 3425 3425 3425 3430 3430 3430 3435 3435 3435 3436 3436 3436 3437 3437 3437 3433 3433 3433 3429 3429 3429 3437 3437 3437 3434 3434 3434 3438 3438 3438 3437 3437 3437 3438 3438 3438 3439 3439 3439 3433 3433 3433 3440 3440 3440 3430 3430 3430 3355 3355 3355 3436 3436 3436 3441 3441 3441 3355 3355 3355 3350 3350 3350 3431 3431 3431 3440 3440 3440 3433 3433 3433 3437 3437 3437 3440 3440 3440 3437 3437 3437 3439 3439 3439 3440 3440 3440 3435 3435 3435 3430 3430 3430 3440 3440 3440 3442 3442 3442 3435 3435 3435 3443 3443 3443 3444 3444 3444 3445 3445 3445 3443 3443 3443 3446 3446 3446 3444 3444 3444 3443 3443 3443 3445 3445 3445 3447 3447 3447 3443 3443 3443 3447 3447 3447 3448 3448 3448 3444 3444 3444 3449 3449 3449 3445 3445 3445 3450 3450 3450 3451 3451 3451 3446 3446 3446 3450 3450 3450 3446 3446 3446 3443 3443 3443 3446 3446 3446 3439 3439 3439 3444 3444 3444 3452 3452 3452 3451 3451 3451 3450 3450 3450 3452 3452 3452 3453 3453 3453 3454 3454 3454 3451 3451 3451 3442 3442 3442 3440 3440 3440 3451 3451 3451 3440 3440 3440 3439 3439 3439 3451 3451 3451 3455 3455 3455 3442 3442 3442 3451 3451 3451 3439 3439 3439 3446 3446 3446 3439 3439 3439 3456 3456 3456 3444 3444 3444 3457 3457 3457 3373 3373 3373 3458 3458 3458 3457 3457 3457 3458 3458 3458 3459 3459 3459 3457 3457 3457 3396 3396 3396 3373 3373 3373 3458 3458 3458 3441 3441 3441 3436 3436 3436 3459 3459 3459 3442 3442 3442 3455 3455 3455 3459 3459 3459 3458 3458 3458 3442 3442 3442 3442 3442 3442 3436 3436 3436 3435 3435 3435 3455 3455 3455 3451 3451 3451 3452 3452 3452 3408 3408 3408 3460 3460 3460 3409 3409 3409 3408 3408 3408 3461 3461 3461 3460 3460 3460 3408 3408 3408 3410 3410 3410 3462 3462 3462 3408 3408 3408 3463 3463 3463 3461 3461 3461 3460 3460 3460 3461 3461 3461 3464 3464 3464 3409 3409 3409 3460 3460 3460 3465 3465 3465 3409 3409 3409 3466 3466 3466 3404 3404 3404 3461 3461 3461 3467 3467 3467 3464 3464 3464 3462 3462 3462 3463 3463 3463 3408 3408 3408 3462 3462 3462 3391 3391 3391 3468 3468 3468 3463 3463 3463 3467 3467 3467 3461 3461 3461 3463 3463 3463 3469 3469 3469 3467 3467 3467 3463 3463 3463 3468 3468 3468 3470 3470 3470 3463 3463 3463 3462 3462 3462 3468 3468 3468 3464 3464 3464 3467 3467 3467 3471 3471 3471 3464 3464 3464 3465 3465 3465 3460 3460 3460 3469 3469 3469 3472 3472 3472 3473 3473 3473 3469 3469 3469 3470 3470 3470 3472 3472 3472 3469 3469 3469 3463 3463 3463 3470 3470 3470 3469 3469 3469 3474 3474 3474 3475 3475 3475 3469 3469 3469 3475 3475 3475 3467 3467 3467 3475 3475 3475 3474 3474 3474 3476 3476 3476 3475 3475 3475 3477 3477 3477 3478 3478 3478 3479 3479 3479 3457 3457 3457 3459 3459 3459 3479 3479 3479 3480 3480 3480 3481 3481 3481 3479 3479 3479 3459 3459 3459 3480 3480 3480 3479 3479 3479 3481 3481 3481 3482 3482 3482 3481 3481 3481 3480 3480 3480 3473 3473 3473 3482 3482 3482 3389 3389 3389 3479 3479 3479 3390 3390 3390 3389 3389 3389 3482 3482 3482 3390 3390 3390 3470 3470 3470 3468 3468 3468 3390 3390 3390 3391 3391 3391 3385 3385 3385 3390 3390 3390 3482 3482 3482 3470 3470 3470 3470 3470 3470 3482 3482 3482 3472 3472 3472 3483 3483 3483 3484 3484 3484 3485 3485 3485 3483 3483 3483 3477 3477 3477 3476 3476 3476 3483 3483 3483 3486 3486 3486 3484 3484 3484 3484 3484 3484 3453 3453 3453 3448 3448 3448 3485 3485 3485 3448 3448 3448 3487 3487 3487 3485 3485 3485 3488 3488 3488 3483 3483 3483 3485 3485 3485 3484 3484 3484 3448 3448 3448 3476 3476 3476 3473 3473 3473 3486 3486 3486 3476 3476 3476 3474 3474 3474 3473 3473 3473 3476 3476 3476 3486 3486 3486 3483 3483 3483 3486 3486 3486 3453 3453 3453 3484 3484 3484 3486 3486 3486 3473 3473 3473 3453 3453 3453 3453 3453 3453 3450 3450 3450 3448 3448 3448 3453 3453 3453 3452 3452 3452 3450 3450 3450 3448 3448 3448 3450 3450 3450 3443 3443 3443 3448 3448 3448 3447 3447 3447 3487 3487 3487 3473 3473 3473 3472 3472 3472 3481 3481 3481 3473 3473 3473 3454 3454 3454 3453 3453 3453 3474 3474 3474 3469 3469 3469 3473 3473 3473 3454 3454 3454 3455 3455 3455 3452 3452 3452 3472 3472 3472 3482 3482 3482 3481 3481 3481 3466 3466 3466 3402 3402 3402 3404 3404 3404 3466 3466 3466 3409 3409 3409 3465 3465 3465 3419 3419 3419 3382 3382 3382 3416 3416 3416 3419 3419 3419 3416 3416 3416 3415 3415 3415 3432 3432 3432 3427 3427 3427 3349 3349 3349 3489 3489 3489 3445 3445 3445 3449 3449 3449 3489 3489 3489 3447 3447 3447 3445 3445 3445 3388 3388 3388 3396 3396 3396 3389 3389 3389 3396 3396 3396 3372 3372 3372 3373 3373 3373 3396 3396 3396 3368 3368 3368 3372 3372 3372 3396 3396 3396 3393 3393 3393 3368 3368 3368 3389 3389 3389 3385 3385 3385 3388 3388 3388 3389 3389 3389 3457 3457 3457 3479 3479 3479 3389 3389 3389 3396 3396 3396 3457 3457 3457 3441 3441 3441 3458 3458 3458 3373 3373 3373 3441 3441 3441 3359 3359 3359 3355 3355 3355 3441 3441 3441 3373 3373 3373 3359 3359 3359 3465 3465 3465 3464 3464 3464 3471 3471 3471 3487 3487 3487 3447 3447 3447 3489 3489 3489 3370 3370 3370 3365 3365 3365 3371 3371 3371 3370 3370 3370 3421 3421 3421 3384 3384 3384 3391 3391 3391 3462 3462 3462 3410 3410 3410 3391 3391 3391 3407 3407 3407 3386 3386 3386 3391 3391 3391 3390 3390 3390 3468 3468 3468 3436 3436 3436 3442 3442 3442 3458 3458 3458 3436 3436 3436 3355 3355 3355 3430 3430 3430 3480 3480 3480 3454 3454 3454 3473 3473 3473 3480 3480 3480 3455 3455 3455 3454 3454 3454 3480 3480 3480 3459 3459 3459 3455 3455 3455 3354 3354 3354 3352 3352 3352 3347 3347 3347 3352 3352 3352 3432 3432 3432 3351 3351 3351 3353 3353 3353 3358 3358 3358 3362 3362 3362 3379 3379 3379 3378 3378 3378 3382 3382 3382 3405 3405 3405 3402 3402 3402 3466 3466 3466 3398 3398 3398 3397 3397 3397 3405 3405 3405 3398 3398 3398 3411 3411 3411 3399 3399 3399 3424 3424 3424 3422 3422 3422 3411 3411 3411 3424 3424 3424 3411 3411 3411 3398 3398 3398 3420 3420 3420 3414 3414 3414 3422 3422 3422 3418 3418 3418 3415 3415 3415 3414 3414 3414 3428 3428 3428 3427 3427 3427 3432 3432 3432 3434 3434 3434 3437 3437 3437 3429 3429 3429 3456 3456 3456 3439 3439 3439 3438 3438 3438 3449 3449 3449 3444 3444 3444 3456 3456 3456 3471 3471 3471 3467 3467 3467 3478 3478 3478 3478 3478 3478 3467 3467 3467 3475 3475 3475 3477 3477 3477 3483 3483 3483 3488 3488 3488 3477 3477 3477 3475 3475 3475 3476 3476 3476 3488 3488 3488 3485 3485 3485 3487 3487 3487 3490 3490 3490 3491 3491 3491 3492 3492 3492 3490 3490 3490 3492 3492 3492 3493 3493 3493 3490 3490 3490 3493 3493 3493 3494 3494 3494 3491 3491 3491 3495 3495 3495 3492 3492 3492 3491 3491 3491 3496 3496 3496 3495 3495 3495 3491 3491 3491 3497 3497 3497 3496 3496 3496 3492 3492 3492 3498 3498 3498 3493 3493 3493 3493 3493 3493 3499 3499 3499 3500 3500 3500 3501 3501 3501 3494 3494 3494 3502 3502 3502 3501 3501 3501 3503 3503 3503 3497 3497 3497 3501 3501 3501 3497 3497 3497 3490 3490 3490 3501 3501 3501 3504 3504 3504 3503 3503 3503 3501 3501 3501 3490 3490 3490 3494 3494 3494 3494 3494 3494 3493 3493 3493 3500 3500 3500 3505 3505 3505 3501 3501 3501 3502 3502 3502 3502 3502 3502 3500 3500 3500 3506 3506 3506 3502 3502 3502 3507 3507 3507 3505 3505 3505 3502 3502 3502 3494 3494 3494 3500 3500 3500 3500 3500 3500 3499 3499 3499 3508 3508 3508 3506 3506 3506 3508 3508 3508 3509 3509 3509 3506 3506 3506 3510 3510 3510 3511 3511 3511 3506 3506 3506 3500 3500 3500 3508 3508 3508 3508 3508 3508 3512 3512 3512 3509 3509 3509 3508 3508 3508 3499 3499 3499 3513 3513 3513 3508 3508 3508 3513 3513 3513 3512 3512 3512 3514 3514 3514 3515 3515 3515 3516 3516 3516 3514 3514 3514 3517 3517 3517 3518 3518 3518 3514 3514 3514 3518 3518 3518 3515 3515 3515 3514 3514 3514 3519 3519 3519 3520 3520 3520 3518 3518 3518 3511 3511 3511 3515 3515 3515 3518 3518 3518 3517 3517 3517 3521 3521 3521 3521 3521 3521 3522 3522 3522 3518 3518 3518 3521 3521 3521 3507 3507 3507 3522 3522 3522 3507 3507 3507 3502 3502 3502 3522 3522 3522 3507 3507 3507 3504 3504 3504 3505 3505 3505 3507 3507 3507 3523 3523 3523 3504 3504 3504 3522 3522 3522 3502 3502 3502 3506 3506 3506 3522 3522 3522 3506 3506 3506 3511 3511 3511 3524 3524 3524 3525 3525 3525 3526 3526 3526 3524 3524 3524 3527 3527 3527 3525 3525 3525 3527 3527 3527 3528 3528 3528 3529 3529 3529 3527 3527 3527 3529 3529 3529 3530 3530 3530 3527 3527 3527 3530 3530 3530 3525 3525 3525 3525 3525 3525 3530 3530 3530 3531 3531 3531 3512 3512 3512 3532 3532 3532 3524 3524 3524 3512 3512 3512 3510 3510 3510 3509 3509 3509 3512 3512 3512 3524 3524 3524 3526 3526 3526 3512 3512 3512 3526 3526 3526 3510 3510 3510 3526 3526 3526 3531 3531 3531 3510 3510 3510 3526 3526 3526 3525 3525 3525 3531 3531 3531 3510 3510 3510 3531 3531 3531 3533 3533 3533 3510 3510 3510 3533 3533 3533 3516 3516 3516 3510 3510 3510 3515 3515 3515 3511 3511 3511 3509 3509 3509 3510 3510 3510 3506 3506 3506 3533 3533 3533 3534 3534 3534 3535 3535 3535 3511 3511 3511 3518 3518 3518 3522 3522 3522 3536 3536 3536 3537 3537 3537 3538 3538 3538 3536 3536 3536 3539 3539 3539 3540 3540 3540 3536 3536 3536 3540 3540 3540 3537 3537 3537 3536 3536 3536 3541 3541 3541 3542 3542 3542 3536 3536 3536 3538 3538 3538 3541 3541 3541 3538 3538 3538 3543 3543 3543 3541 3541 3541 3538 3538 3538 3537 3537 3537 3520 3520 3520 3543 3543 3543 3544 3544 3544 3545 3545 3545 3543 3543 3543 3545 3545 3545 3541 3541 3541 3520 3520 3520 3519 3519 3519 3543 3543 3543 3520 3520 3520 3543 3543 3543 3538 3538 3538 3520 3520 3520 3517 3517 3517 3514 3514 3514 3519 3519 3519 3514 3514 3514 3516 3516 3516 3519 3519 3519 3544 3544 3544 3543 3543 3543 3546 3546 3546 3547 3547 3547 3548 3548 3548 3546 3546 3546 3549 3549 3549 3550 3550 3550 3546 3546 3546 3551 3551 3551 3549 3549 3549 3551 3551 3551 3548 3548 3548 3552 3552 3552 3551 3551 3551 3553 3553 3553 3549 3549 3549 3549 3549 3549 3553 3553 3553 3554 3554 3554 3555 3555 3555 3556 3556 3556 3557 3557 3557 3555 3555 3555 3546 3546 3546 3550 3550 3550 3555 3555 3555 3550 3550 3550 3556 3556 3556 3550 3550 3550 3549 3549 3549 3554 3554 3554 3550 3550 3550 3554 3554 3554 3556 3556 3556 3556 3556 3556 3554 3554 3554 3558 3558 3558 3556 3556 3556 3558 3558 3558 3542 3542 3542 3559 3559 3559 3547 3547 3547 3555 3555 3555 3559 3559 3559 3555 3555 3555 3557 3557 3557 3557 3557 3557 3556 3556 3556 3560 3560 3560 3558 3558 3558 3561 3561 3561 3562 3562 3562 3560 3560 3560 3556 3556 3556 3541 3541 3541 3560 3560 3560 3541 3541 3541 3545 3545 3545 3563 3563 3563 3564 3564 3564 3565 3565 3565 3563 3563 3563 3566 3566 3566 3567 3567 3567 3563 3563 3563 3567 3567 3567 3564 3564 3564 3563 3563 3563 3530 3530 3530 3566 3566 3566 3566 3566 3566 3529 3529 3529 3568 3568 3568 3534 3534 3534 3531 3531 3531 3530 3530 3530 3534 3534 3534 3563 3563 3563 3565 3565 3565 3534 3534 3534 3530 3530 3530 3563 3563 3563 3534 3534 3534 3565 3565 3565 3544 3544 3544 3534 3534 3534 3533 3533 3533 3531 3531 3531 3565 3565 3565 3569 3569 3569 3570 3570 3570 3565 3565 3565 3564 3564 3564 3569 3569 3569 3535 3535 3535 3516 3516 3516 3533 3533 3533 3535 3535 3535 3534 3534 3534 3544 3544 3544 3544 3544 3544 3519 3519 3519 3535 3535 3535 3544 3544 3544 3570 3570 3570 3545 3545 3545 3544 3544 3544 3565 3565 3565 3570 3570 3570 3570 3570 3570 3559 3559 3559 3557 3557 3557 3570 3570 3570 3569 3569 3569 3559 3559 3559 3545 3545 3545 3557 3557 3557 3560 3560 3560 3545 3545 3545 3570 3570 3570 3557 3557 3557 3571 3571 3571 3572 3572 3572 3573 3573 3573 3571 3571 3571 3574 3574 3574 3572 3572 3572 3572 3572 3572 3497 3497 3497 3573 3573 3573 3573 3573 3573 3497 3497 3497 3503 3503 3503 3573 3573 3573 3575 3575 3575 3571 3571 3571 3497 3497 3497 3491 3491 3491 3490 3490 3490 3576 3576 3576 3571 3571 3571 3575 3575 3575 3576 3576 3576 3575 3575 3575 3577 3577 3577 3576 3576 3576 3578 3578 3578 3574 3574 3574 3575 3575 3575 3503 3503 3503 3504 3504 3504 3575 3575 3575 3579 3579 3579 3580 3580 3580 3575 3575 3575 3573 3573 3573 3503 3503 3503 3581 3581 3581 3576 3576 3576 3577 3577 3577 3581 3581 3581 3582 3582 3582 3578 3578 3578 3577 3577 3577 3575 3575 3575 3583 3583 3583 3504 3504 3504 3501 3501 3501 3505 3505 3505 3504 3504 3504 3579 3579 3579 3575 3575 3575 3583 3583 3583 3584 3584 3584 3581 3581 3581 3583 3583 3583 3581 3581 3581 3577 3577 3577 3583 3583 3583 3580 3580 3580 3585 3585 3585 3583 3583 3583 3575 3575 3575 3580 3580 3580 3586 3586 3586 3587 3587 3587 3588 3588 3588 3586 3586 3586 3589 3589 3589 3590 3590 3590 3586 3586 3586 3588 3588 3588 3589 3589 3589 3586 3586 3586 3590 3590 3590 3591 3591 3591 3588 3588 3588 3592 3592 3592 3593 3593 3593 3589 3589 3589 3593 3593 3593 3594 3594 3594 3589 3589 3589 3594 3594 3594 3590 3590 3590 3590 3590 3590 3594 3594 3594 3595 3595 3595 3590 3590 3590 3595 3595 3595 3584 3584 3584 3596 3596 3596 3586 3586 3586 3591 3591 3591 3596 3596 3596 3591 3591 3591 3597 3597 3597 3596 3596 3596 3598 3598 3598 3587 3587 3587 3591 3591 3591 3590 3590 3590 3584 3584 3584 3599 3599 3599 3597 3597 3597 3600 3600 3600 3599 3599 3599 3601 3601 3601 3598 3598 3598 3599 3599 3599 3596 3596 3596 3597 3597 3597 3597 3597 3597 3591 3591 3591 3584 3584 3584 3597 3597 3597 3585 3585 3585 3600 3600 3600 3597 3597 3597 3584 3584 3584 3583 3583 3583 3584 3584 3584 3595 3595 3595 3582 3582 3582 3584 3584 3584 3582 3582 3582 3581 3581 3581 3602 3602 3602 3603 3603 3603 3604 3604 3604 3602 3602 3602 3540 3540 3540 3605 3605 3605 3603 3603 3603 3585 3585 3585 3604 3604 3604 3603 3603 3603 3605 3605 3605 3606 3606 3606 3603 3603 3603 3600 3600 3600 3585 3585 3585 3604 3604 3604 3521 3521 3521 3602 3602 3602 3604 3604 3604 3579 3579 3579 3523 3523 3523 3600 3600 3600 3606 3606 3606 3601 3601 3601 3585 3585 3585 3597 3597 3597 3583 3583 3583 3585 3585 3585 3579 3579 3579 3604 3604 3604 3561 3561 3561 3558 3558 3558 3554 3554 3554 3561 3561 3561 3553 3553 3553 3607 3607 3607 3561 3561 3561 3554 3554 3554 3553 3553 3553 3561 3561 3561 3608 3608 3608 3609 3609 3609 3561 3561 3561 3607 3607 3607 3610 3610 3610 3561 3561 3561 3610 3610 3610 3608 3608 3608 3607 3607 3607 3611 3611 3611 3610 3610 3610 3610 3610 3610 3612 3612 3612 3608 3608 3608 3608 3608 3608 3612 3612 3612 3613 3613 3613 3562 3562 3562 3609 3609 3609 3614 3614 3614 3562 3562 3562 3542 3542 3542 3558 3558 3558 3562 3562 3562 3561 3561 3561 3609 3609 3609 3609 3609 3609 3613 3613 3613 3615 3615 3615 3609 3609 3609 3615 3615 3615 3616 3616 3616 3609 3609 3609 3608 3608 3608 3613 3613 3613 3612 3612 3612 3617 3617 3617 3613 3613 3613 3613 3613 3613 3617 3617 3617 3618 3618 3618 3615 3615 3615 3613 3613 3613 3619 3619 3619 3615 3615 3615 3619 3619 3619 3620 3620 3620 3615 3615 3615 3621 3621 3621 3622 3622 3622 3619 3619 3619 3623 3623 3623 3620 3620 3620 3619 3619 3619 3624 3624 3624 3623 3623 3623 3619 3619 3619 3618 3618 3618 3624 3624 3624 3605 3605 3605 3625 3625 3625 3626 3626 3626 3605 3605 3605 3626 3626 3626 3606 3606 3606 3605 3605 3605 3603 3603 3603 3602 3602 3602 3625 3625 3625 3605 3605 3605 3540 3540 3540 3539 3539 3539 3625 3625 3625 3540 3540 3540 3539 3539 3539 3616 3616 3616 3625 3625 3625 3539 3539 3539 3614 3614 3614 3616 3616 3616 3616 3616 3616 3614 3614 3614 3609 3609 3609 3616 3616 3616 3622 3622 3622 3625 3625 3625 3627 3627 3627 3624 3624 3624 3628 3628 3628 3627 3627 3627 3629 3629 3629 3630 3630 3630 3627 3627 3627 3631 3631 3631 3629 3629 3629 3631 3631 3631 3587 3587 3587 3629 3629 3629 3631 3631 3631 3628 3628 3628 3592 3592 3592 3631 3631 3631 3592 3592 3592 3587 3587 3587 3629 3629 3629 3587 3587 3587 3598 3598 3598 3623 3623 3623 3621 3621 3621 3620 3620 3620 3623 3623 3623 3630 3630 3630 3621 3621 3621 3623 3623 3623 3627 3627 3627 3630 3630 3630 3630 3630 3630 3629 3629 3629 3598 3598 3598 3630 3630 3630 3598 3598 3598 3621 3621 3621 3587 3587 3587 3586 3586 3586 3596 3596 3596 3598 3598 3598 3596 3596 3596 3599 3599 3599 3621 3621 3621 3606 3606 3606 3626 3626 3626 3621 3621 3621 3598 3598 3598 3601 3601 3601 3621 3621 3621 3626 3626 3626 3622 3622 3622 3620 3620 3620 3621 3621 3621 3615 3615 3615 3601 3601 3601 3599 3599 3599 3600 3600 3600 3622 3622 3622 3616 3616 3616 3615 3615 3615 3622 3622 3622 3626 3626 3626 3625 3625 3625 3552 3552 3552 3611 3611 3611 3607 3607 3607 3552 3552 3552 3607 3607 3607 3553 3553 3553 3552 3552 3552 3553 3553 3553 3551 3551 3551 3568 3568 3568 3567 3567 3567 3566 3566 3566 3496 3496 3496 3497 3497 3497 3572 3572 3572 3593 3593 3593 3589 3589 3589 3588 3588 3588 3540 3540 3540 3517 3517 3517 3537 3537 3537 3517 3517 3517 3602 3602 3602 3521 3521 3521 3517 3517 3517 3540 3540 3540 3602 3602 3602 3517 3517 3517 3520 3520 3520 3537 3537 3537 3523 3523 3523 3521 3521 3521 3604 3604 3604 3523 3523 3523 3507 3507 3507 3521 3521 3521 3611 3611 3611 3612 3612 3612 3610 3610 3610 3529 3529 3529 3566 3566 3566 3530 3530 3530 3592 3592 3592 3588 3588 3588 3587 3587 3587 3516 3516 3516 3535 3535 3535 3519 3519 3519 3516 3516 3516 3515 3515 3515 3510 3510 3510 3542 3542 3542 3541 3541 3541 3556 3556 3556 3542 3542 3542 3562 3562 3562 3614 3614 3614 3542 3542 3542 3614 3614 3614 3539 3539 3539 3542 3542 3542 3539 3539 3539 3536 3536 3536 3579 3579 3579 3504 3504 3504 3523 3523 3523 3579 3579 3579 3585 3585 3585 3580 3580 3580 3606 3606 3606 3600 3600 3600 3603 3603 3603 3606 3606 3606 3621 3621 3621 3601 3601 3601 3498 3498 3498 3492 3492 3492 3495 3495 3495 3499 3499 3499 3493 3493 3493 3498 3498 3498 3532 3532 3532 3512 3512 3512 3513 3513 3513 3528 3528 3528 3524 3524 3524 3532 3532 3532 3528 3528 3528 3527 3527 3527 3524 3524 3524 3548 3548 3548 3551 3551 3551 3546 3546 3546 3547 3547 3547 3559 3559 3559 3632 3632 3632 3547 3547 3547 3546 3546 3546 3555 3555 3555 3632 3632 3632 3559 3559 3559 3569 3569 3569 3632 3632 3632 3569 3569 3569 3633 3633 3633 3633 3633 3633 3564 3564 3564 3634 3634 3634 3633 3633 3633 3569 3569 3569 3564 3564 3564 3634 3634 3634 3567 3567 3567 3568 3568 3568 3634 3634 3634 3564 3564 3564 3567 3567 3567 3574 3574 3574 3571 3571 3571 3576 3576 3576 3574 3574 3574 3496 3496 3496 3572 3572 3572 3578 3578 3578 3576 3576 3576 3581 3581 3581 3617 3617 3617 3612 3612 3612 3611 3611 3611 3618 3618 3618 3619 3619 3619 3613 3613 3613 3624 3624 3624 3627 3627 3627 3623 3623 3623 3628 3628 3628 3631 3631 3631 3627 3627 3627</p>
        </triangles>
      </mesh>
    </geometry>
  </library_geometries>
  <library_materials>
    <material id="b06841e4161947eba41f4b9ee3354ffe" name="pbrmaterial">
      <instance_effect url="#c06b1c2c73b54332893866355ca8fcc1" />
    </material>
  </library_materials>
  <library_visual_scenes>
    <visual_scene id="scene">
      <node id="node0" name="node0">
        <instance_geometry url="#b6ac2eb4395b45c797830073ac4ef898">
          <bind_material>
            <technique_common>
              <instance_material symbol="material0" target="#b06841e4161947eba41f4b9ee3354ffe" />
            </technique_common>
          </bind_material>
        </instance_geometry>
      </node>
    </visual_scene>
  </library_visual_scenes>
  <scene>
    <instance_visual_scene url="#scene" />
  </scene>
</COLLADA>
