<COLLADA xmlns="http://www.collada.org/2005/11/COLLADASchema" version="1.4.1">
  <asset>
    <created>2026-01-11T12:32:06.934961</created>
    <modified>2026-01-11T12:32:06.934984</modified>
    <up_axis>Y_UP</up_axis>
  </asset>
  <library_effects>
    <effect id="2070d6bc4184401e9902ec58688613a8" name="2070d6bc4184401e9902ec58688613a8">
      <profile_COMMON>
        <technique sid="common">
          <phong>
            <ambient>
              <color>0.0 0.0 0.0 1.0</color>
            </ambient>
            <diffuse>
              <color>1.0 1.0 1.0 1.0</color>
            </diffuse>
            <specular>
              <color>1.0 1.0 1.0 1.0</color>
            </specular>
            <shininess>
              <float>1.6879532990759758</float>
            </shininess>
            <reflective>
              <color>0.0 0.0 0.0 1.0</color>
            </reflective>
            <reflectivity>
              <float>0.0</float>
            </reflectivity>
            <transparent>
              <color>0.0 0.0 0.0 1.0</color>
            </transparent>
            <transparency>
              <float>1.0</float>
            </transparency>
          </phong>
        </technique>
        <extra>
          <technique profile="GOOGLEEARTH">
            <double_sided>0</double_sided>
          </technique>
        </extra>
      </profile_COMMON>
    </effect>
  </library_effects>
  <library_geometries>
    <geometry id="179e9aed2e2b4b71b75c1abbe188fabb" name="5efd706a8d8b432ebd8440db3a77bad8">
      <mesh>
        <source id="verts-array">
          <float_array count="5403" id="verts-array-array">-0.119779 1.006819 0.3001603 0.1738692 0.6750332 0.2587313 0.1913871 0.9892038 0.2568117 -0.1372969 0.6926484 0.3020799 -0.1391346 0.6689851 0.2985049 0.1720316 0.6513699 0.2551563 0.1967945 0.6737122 0.2517458 -0.14374 1.008152 0.2997066 -0.1612579 0.6939817 0.3016262 0.2566603 0.9850355 0.1702757 0.1957544 0.6713799 -0.1394631 0.2132722 0.9855506 -0.1413827 0.2391424 0.6708649 0.1721953 0.2341089 0.6474056 0.1728573 0.1907208 0.6479207 -0.1388012 0.1887718 0.671629 -0.162426 0.2562154 0.985207 0.1942733 -0.1694732 1.084041 -0.08793539 -0.1260851 1.083526 0.223723 0.141693 1.066426 -0.131284 -0.1931254 1.081619 -0.08464662 -0.1497373 1.081104 0.2270118 0.185081 1.065911 0.1803744 0.2083151 1.060834 0.1771314 -0.1230254 1.079738 0.2472261 0.1881408 1.062123 0.2038775 -0.2495927 1.011753 -0.07690087 -0.2237225 0.6970678 0.2366771 -0.2062047 1.011238 0.2347575 -0.2671106 0.6975829 -0.07498127 -0.2647166 0.6737031 -0.07535403 -0.2213286 0.6731881 0.2363044 -0.2167399 0.6968188 0.25964 -0.1992221 1.010989 0.2577204 -0.2491478 1.011582 -0.1008985 0.1268466 0.98997 -0.2067855 -0.2018374 0.6934145 -0.1615173 -0.1843195 1.007585 -0.1634369 0.1085268 0.6521237 -0.2010017 -0.2026394 0.6697389 -0.157653 0.1093287 0.6757993 -0.2048659 -0.2247627 0.6947355 -0.1545318 0.1508076 0.9886367 -0.2063318 -0.1486654 0.619903 0.2500358 -0.1683224 0.6358906 0.2733263 -0.1723768 0.6257046 0.2541193 -0.1753773 0.6212689 0.2298214 -0.1521433 0.6161922 0.2265784 -0.1955313 0.6167072 -0.08507996 -0.1914441 0.6371278 0.2559148 -0.1959038 0.633336 0.232699 -0.1852431 0.644177 0.2722087 -0.1418256 0.6476663 0.2878515 -0.165647 0.6499919 0.2872416 -0.1451125 0.6307388 0.2711353 -0.1832499 0.6544418 0.2823453 -0.163983 0.6697349 0.2974751 -0.204652 0.6520257 0.2577168 -0.2117515 0.651242 0.2349348 -0.2187654 0.621784 -0.08183701 -0.1948531 0.6550351 0.2735645 -0.1847044 0.6716389 0.2899853 -0.1663739 1.009366 0.2918667 -0.1838918 0.6951958 0.2937863 -0.1855086 1.010345 0.2773865 -0.2030265 0.6961743 0.2793061 -0.2006291 0.6723923 0.2779238 -0.2136176 0.6721349 0.259799 -0.2551396 0.651757 -0.07672358 -0.2392918 0.633851 -0.07895944 -0.1189771 1.030495 0.2962961 0.1918775 1.034234 0.2420332 -0.1192887 1.051849 0.2853819 -0.143156 1.052136 0.2848299 -0.1436123 1.032629 0.2952388 -0.1646081 1.032883 0.2877297 -0.1612132 1.049654 0.2799306 -0.1206848 1.068832 0.2684586 -0.1443798 1.066269 0.2707438 -0.1620598 1.059953 0.2696683 -0.1473865 1.076666 0.251247 -0.1805457 1.033637 0.2756853 -0.1728164 1.050247 0.2711498 -0.2148641 1.071944 -0.08163622 -0.1714761 1.071429 0.2300222 -0.1674164 1.067501 0.2532196 -0.2326027 1.05594 -0.07919316 -0.1892146 1.055425 0.2324653 -0.1821665 1.05417 0.2553124 -0.2445592 1.035213 -0.07756287 -0.2011711 1.034698 0.2340955 -0.1933637 1.035036 0.2577175 -0.2412971 0.6376636 -0.102443 -0.2226303 0.6263072 -0.1058613 -0.1985911 0.6204956 -0.1085831 -0.2239175 0.6366074 -0.1255977 -0.2009316 0.6314014 -0.1298155 -0.2398233 0.6448249 -0.1198433 -0.2544892 0.6525757 -0.1006432 -0.2494333 0.655683 -0.1184875 -0.263728 0.6728668 -0.1002013 -0.225021 0.6507332 -0.1397004 -0.2023278 0.6483844 -0.1467388 -0.2406699 0.6551234 -0.1301056 -0.2666657 0.6974114 -0.09897887 -0.2413277 1.011008 -0.1235644 -0.2562174 0.6731153 -0.1210011 -0.2588456 0.6968369 -0.1216448 -0.2268761 1.010085 -0.1427236 -0.244394 0.695914 -0.140804 -0.2441828 0.6722859 -0.1369424 -0.2072448 1.008906 -0.1564514 -0.2261333 0.6703296 -0.1498909 0.1088384 0.6307692 -0.1900875 0.1102346 0.6137861 -0.1731642 -0.1729511 1.080331 -0.1113927 -0.1998546 1.066979 -0.1281969 -0.1973689 1.077254 -0.1087714 -0.2173469 1.068041 -0.1051275 -0.21664 1.0606 -0.1223837 -0.1765039 1.069495 -0.1324923 -0.1797909 1.052567 -0.1492084 -0.2026502 1.052884 -0.1420955 -0.2186333 1.050336 -0.1325203 0.1313753 1.034952 -0.1925571 0.1346623 1.05188 -0.1758409 0.1286843 1.013633 -0.2032105 -0.1824819 1.031249 -0.1598619 -0.2060338 1.033239 -0.1520894 -0.2321111 1.054726 -0.1030327 -0.2273966 1.050895 -0.1209022 -0.2240091 1.033525 -0.1392087 -0.2360266 1.034354 -0.1232546 -0.243474 1.035768 -0.1022829 0.1625008 0.6022878 0.2066871 0.1590229 0.598577 0.1832298 0.1826751 0.6009995 0.179941 0.1870352 0.6053573 0.2039111 0.139287 0.6015145 -0.1317174 0.1610258 0.6111889 -0.1347278 0.2068465 0.6145257 0.2003674 0.2061897 0.6220179 0.2176781 0.1156348 0.599092 -0.1284286 0.2216133 0.6278558 0.198395 0.2169463 0.6317231 0.2161967 0.2221524 0.6266785 0.1744876 0.2044138 0.6106739 0.1769306 0.1787643 0.6271936 -0.1371709 0.2330502 0.6469871 0.1977122 0.1894729 0.6156903 0.2235214 0.1660536 0.6131236 0.2277867 0.1921495 0.6297765 0.2374517 0.1693406 0.6300511 0.2445028 0.2081829 0.6322827 0.2278147 0.2386975 0.6710363 0.1961929 0.2483953 0.9857815 0.2169392 0.225628 0.6483224 0.2185024 0.2308774 0.6716109 0.2188588 0.2339437 0.9867044 0.2360984 0.2164258 0.6725337 0.238018 0.2135867 0.6490303 0.2344444 0.2143124 0.9878829 0.2498262 0.1954403 0.6492505 0.2474035 0.164927 1.061349 -0.134527 0.2120633 1.056319 0.2013104 0.2308909 1.044898 0.1977926 0.1904813 1.051217 0.2251099 0.2134047 1.046069 0.2208613 0.229373 1.037793 0.2151377 0.2146255 1.031921 0.2349325 0.1921891 1.012879 0.2529474 0.2302197 1.027495 0.2253999 0.215811 1.012144 0.2451672 0.2288415 1.048767 0.1742538 0.244082 1.030001 0.1958702 0.2446893 1.030861 0.172018 0.1854535 1.049282 -0.1374046 0.238983 1.026935 0.2137819 0.2336979 1.010274 0.2322963 0.2457222 1.009567 0.2163414 0.2532664 1.009889 0.1953591 0.2542663 1.008915 0.1706484 0.2013012 1.031376 -0.1396404 0.1125751 0.6028804 -0.1519318 0.1367817 0.6059599 -0.1560696 0.1569995 0.6151699 -0.1579912 0.1338717 0.6162987 -0.175402 0.1516095 0.6226658 -0.1743739 0.1327711 0.6304396 -0.1894898 0.1333052 0.650119 -0.1999642 0.1507629 0.6329643 -0.1846362 0.1717805 0.6284841 -0.1599655 0.1623661 0.6323709 -0.1758554 0.1332897 0.674466 -0.2044122 0.1734415 0.9874226 -0.1984919 0.154115 0.6497987 -0.1924841 0.1559236 0.6732519 -0.1965723 0.1925762 0.9864441 -0.1840117 0.1750583 0.6722734 -0.1820921 0.1700329 0.648924 -0.1804218 0.2062897 0.9857996 -0.1643456 0.1829247 0.6474451 -0.1622864 0.1382151 1.062715 -0.1547414 0.162081 1.056906 -0.158708 0.1809665 1.045547 -0.1605552 0.1747928 1.038441 -0.1769143 0.1941418 1.030635 -0.1624754 0.1844028 1.027583 -0.1782702 0.2108783 1.00943 -0.14101 0.2031408 1.010347 -0.1646396 0.1579238 1.04667 -0.1780787 0.1551269 1.032591 -0.1919924 0.1727996 1.028177 -0.1870509 0.1902345 1.010162 -0.1825977 0.1743037 1.011038 -0.1946429 0.1534047 1.013028 -0.2021626 -0.2267463 0.5241436 0.3771637 0.216296 0.08110129 0.3771637 0.216296 0.5241435 0.3771637 -0.2267463 0.08110129 0.3771637 0.2496747 0.5241436 0.371876 -0.2267463 0.04772259 0.3718761 0.216296 0.04772267 0.3718761 -0.2267463 0.5575222 0.371876 -0.260125 0.5241436 0.371876 -0.2601249 0.08110128 0.3718761 0.3242913 0.5241436 0.2691683 0.3127417 0.5586001 0.3034318 0.3190037 0.5241436 0.302547 0.3242914 0.08110126 -0.1738739 0.3242913 0.5241435 -0.1738739 0.3190037 0.5241435 -0.2072526 0.3242914 0.0811013 0.2691684 0.3190037 0.04772263 0.2691684 0.3190037 0.04772268 -0.1738739 0.3190037 0.5575222 0.2691683 -0.2267463 0.6321388 -0.1738739 -0.2267463 0.6321389 0.2691684 0.216296 0.6321388 -0.1738739 -0.260125 0.6268512 0.2691684 0.216296 0.6321389 0.2691684 0.2496747 0.6268512 0.2691684 -0.2267463 0.6268512 -0.2072526 -0.2267463 0.6268512 0.302547 -0.3347417 0.5241435 0.2691684 -0.3347416 0.08110122 -0.1738738 -0.3347416 0.08110134 0.2691684 -0.329454 0.08110127 0.3025471 -0.329454 0.5241436 0.302547 -0.329454 0.5575221 -0.1738739 -0.3347417 0.5241435 -0.1738739 -0.3231919 0.04683776 -0.2083304 -0.329454 0.04772256 -0.1738739 -0.329454 0.0477226 0.2691685 -0.329454 0.08110122 -0.2072525 -0.2267463 0.5241435 -0.2818692 0.216296 0.5575222 -0.2765816 0.216296 0.5241435 -0.2818692 -0.2267463 0.08110123 -0.2818692 -0.2601249 0.0811013 -0.2765815 0.216296 0.08110123 -0.2818692 0.2162961 0.04772261 -0.2765815 -0.2267463 0.04772261 -0.2765815 0.2496747 0.08110123 -0.2765815 -0.2267463 -0.02160637 0.3025471 -0.2601249 -0.02160634 0.2691684 -0.2267463 -0.02689401 0.2691684 -0.2888064 -0.0007958573 0.3024008 -0.2902138 -0.006276481 0.2691684 -0.2902138 -0.006276522 -0.1738739 -0.260125 -0.02160638 -0.1738739 -0.2610098 -0.01534433 0.3036249 -0.2267463 -0.02689405 -0.1738739 0.216296 -0.02689413 -0.1738738 0.216296 -0.02689401 0.2691684 -0.2267463 -0.006276492 0.3326359 -0.259893 -0.0008722906 0.3311733 -0.2838887 0.009459882 0.3263108 -0.2599787 0.0190412 0.3510656 -0.2838887 0.02395899 0.3408099 -0.2612028 0.04683784 0.365614 -0.2267463 0.01763375 0.3565462 -0.2983877 0.02395889 0.3263107 -0.3087199 0.01909635 0.3023152 -0.3141241 0.0176338 -0.1738739 -0.314124 0.01763384 0.2691684 -0.3086435 0.04786895 0.3312285 -0.2887513 0.04795455 0.351142 -0.2902138 0.5241436 0.3565461 -0.2902137 0.08110132 0.3565462 -0.3141241 0.08110131 0.3326359 -0.3141241 0.5241436 0.3326358 -0.3231919 0.04664478 0.3034319 0.216296 0.5575222 0.371876 -0.259893 0.5861485 0.351142 -0.2610098 0.5586001 0.365614 -0.2888064 0.5573759 0.3510656 -0.2838887 0.5812859 0.3408099 -0.2267463 0.6115213 0.3326358 -0.2599787 0.6060407 0.3312285 -0.2267463 0.587611 0.3565461 0.216296 0.587611 0.3565461 0.216296 0.6115214 0.3326358 0.216296 0.6268512 0.302547 -0.3087199 0.5572903 0.3311733 -0.2838887 0.595785 0.3263107 -0.2983878 0.5812859 0.3263107 -0.3086435 0.5862036 0.3024007 -0.260125 0.6268512 -0.1738739 -0.2887513 0.6061172 0.3023151 -0.2612028 0.6205892 0.3034318 -0.2902138 0.6115213 0.2691684 -0.2902138 0.6115213 -0.1738739 -0.3141241 0.587611 0.2691684 -0.3141241 0.587611 -0.173874 -0.3231919 0.558407 0.3036249 -0.329454 0.5575222 0.2691684 -0.2267463 -0.02160642 -0.2072525 -0.2887512 -0.0008723802 -0.2070206 -0.2612028 -0.01534439 -0.2081373 0.216296 -0.006276521 -0.2373413 0.2162961 -0.02160633 -0.2072525 -0.2599787 -0.0007959574 -0.235934 -0.2267463 -0.006276522 -0.2373413 -0.2838887 0.00945978 -0.2310162 -0.2983878 0.02395888 -0.2310162 -0.3086435 0.01904117 -0.2071062 -0.259893 0.01909635 -0.2558475 0.216296 0.0176338 -0.2612516 -0.2267463 0.0176338 -0.2612516 -0.2838886 0.02395888 -0.2455154 -0.2888064 0.04786892 -0.2557711 -0.3087199 0.04795455 -0.2358788 -0.329454 0.5241435 -0.2072525 -0.3141241 0.08110119 -0.2373413 -0.3141241 0.5241435 -0.2373414 -0.2902138 0.5241435 -0.2612517 -0.2902138 0.08110129 -0.2612516 -0.260125 0.5241435 -0.2765816 -0.2610098 0.04664471 -0.2703195 0.216296 0.6268512 -0.2072525 -0.259893 0.6061171 -0.2358789 -0.2610098 0.6205891 -0.2083304 -0.2888064 0.6060407 -0.2071063 -0.2838887 0.595785 -0.2310163 -0.2267463 0.6115213 -0.2373414 -0.2599787 0.5862036 -0.2557711 0.216296 0.6115213 -0.2373414 -0.2267463 0.587611 -0.2612517 -0.2612028 0.558407 -0.2703195 0.2162961 0.587611 -0.2612517 -0.3087199 0.5861484 -0.2070207 -0.2838887 0.5812859 -0.2455154 -0.2983878 0.5812858 -0.2310162 -0.2887513 0.5572902 -0.2558476 -0.2267463 0.5575222 -0.2765816 -0.3086435 0.5573758 -0.235934 -0.3231919 0.5586 -0.2081374 0.2162961 -0.02160628 0.302547 0.2496747 -0.02160632 0.2691684 0.2507526 -0.01534429 0.3034319 0.2495284 -0.0007959214 0.3312285 0.2496747 -0.02160636 -0.1738739 0.2797635 -0.006276532 -0.1738739 0.2797635 -0.006276492 0.2691684 0.278301 -0.0008723097 0.3023151 0.2734384 0.009459851 0.3263107 0.3036738 0.01763376 0.2691684 0.2981932 0.01904121 0.3024008 0.3127417 0.04683785 0.3036249 0.216296 -0.006276495 0.3326359 0.2494428 0.01909631 0.351142 0.216296 0.01763384 0.3565462 0.2879375 0.02395897 0.3263108 0.2734384 0.02395896 0.3408099 0.2783562 0.04786889 0.3510656 0.3190037 0.0811013 0.302547 0.3036738 0.5241436 0.3326358 0.2982696 0.04795458 0.3311734 0.3036738 0.08110132 0.3326359 0.2797635 0.08110131 0.3565462 0.2496747 0.0811013 0.3718761 0.2797635 0.5241436 0.3565461 0.2505595 0.04664485 0.365614 0.2505595 0.6205892 0.3036249 0.2783561 0.6060407 0.3024007 0.2496747 0.6268512 -0.1738739 0.2494428 0.6061172 0.3311733 0.2734383 0.595785 0.3263107 0.2495284 0.5862037 0.3510656 0.2507525 0.558407 0.365614 0.2797635 0.6115213 0.2691684 0.2797635 0.6115213 -0.1738739 0.2982696 0.5861485 0.3023151 0.3036738 0.587611 0.2691684 0.2879375 0.5812859 0.3263107 0.2734384 0.5812859 0.3408098 0.2783009 0.5572903 0.351142 0.2981932 0.5573759 0.3312285 0.3190037 0.5575222 -0.1738739 0.3036738 0.587611 -0.1738739 0.2505595 -0.01534435 -0.2083303 0.2783561 -0.0007959333 -0.2071062 0.2494428 -0.0008723122 -0.2358788 0.2734384 0.00945975 -0.2310162 0.2495283 0.01904108 -0.2557711 0.2734384 0.02395894 -0.2455154 0.2982697 0.01909631 -0.2070206 0.3036738 0.01763381 -0.1738739 0.2879375 0.02395887 -0.2310162 0.2981932 0.04786895 -0.235934 0.278301 0.0479545 -0.2558475 0.2507525 0.04683778 -0.2703195 0.2496746 0.5241435 -0.2765816 0.2797635 0.08110128 -0.2612517 0.2797635 0.5241435 -0.2612517 0.3036738 0.08110129 -0.2373413 0.3036738 0.5241435 -0.2373414 0.3127417 0.0466447 -0.2081373 0.3190037 0.08110125 -0.2072525 0.2507525 0.6205891 -0.2081374 0.2495284 0.6060407 -0.235934 0.278301 0.6061171 -0.2070207 0.2981932 0.5862036 -0.2071062 0.2879375 0.5812859 -0.2310163 0.3127417 0.558407 -0.2083304 0.2734384 0.5812859 -0.2455154 0.2494427 0.5861485 -0.2558476 0.2734384 0.595785 -0.2310163 0.2982696 0.5572903 -0.2358789 0.2783561 0.5573758 -0.2557711 0.2505595 0.5586 -0.2703195 -0.1383074 1.394312 0.2440048 0.1269015 1.128498 0.2462416 0.1272082 1.394009 0.2446491 -0.1386141 1.1288 0.2455973 -0.1386296 1.108778 0.2425485 0.126886 1.108475 0.2431927 0.1472197 1.393967 0.2415288 -0.1382767 1.414296 0.240716 -0.1583036 1.394316 0.2407874 -0.1586103 1.128804 0.2423799 0.1920865 1.393547 0.1800856 0.1851389 1.414327 0.2004787 0.1888692 1.393671 0.2000814 0.1924222 1.126442 -0.08383288 0.1927289 1.391954 -0.08542539 0.1896084 1.391837 -0.1054366 0.1917797 1.128035 0.181678 0.1885877 1.108035 0.1817904 0.1892302 1.106442 -0.08372061 0.1889407 1.413554 0.1799579 -0.1374336 1.457051 -0.08661489 -0.1580836 1.455498 0.1788665 -0.1380761 1.458644 0.1788961 0.128082 1.456748 -0.08597062 0.1274395 1.458341 0.1795403 0.1474397 1.45515 0.1796079 -0.1373889 1.453762 -0.1065994 -0.1381281 1.455595 0.1989186 -0.2028725 1.393997 0.1791272 -0.2025368 1.126893 -0.08479126 -0.2031792 1.128486 0.1807197 -0.2000587 1.128602 0.2007309 -0.199752 1.394114 0.1991384 -0.1990381 1.412404 -0.08649607 -0.2022301 1.392404 -0.08638374 -0.1955888 1.106227 -0.1053008 -0.199391 1.106885 -0.08466361 -0.2000334 1.108479 0.1808474 -0.1993195 1.126769 -0.1047871 -0.1373518 1.391942 -0.1509473 0.1281793 1.411662 -0.1472541 0.1281638 1.391639 -0.150303 -0.1376585 1.12643 -0.1493548 -0.15767 1.126472 -0.1462345 0.1278571 1.126128 -0.1487105 0.1278263 1.106143 -0.1454217 -0.1376893 1.106446 -0.1460659 0.1478533 1.126124 -0.1454931 -0.138577 1.06698 0.2012494 -0.1585325 1.066883 0.1811974 -0.1385323 1.063691 0.1812649 -0.1591084 1.07076 0.2018231 -0.1757551 1.079494 0.2009967 -0.1765541 1.076091 0.1810986 -0.1759117 1.074497 -0.08441242 -0.15789 1.06529 -0.08431359 0.1276258 1.061795 -0.08360174 0.1269833 1.063388 0.1819092 -0.1378899 1.062098 -0.08424602 -0.1386101 1.076275 0.2192263 -0.1584691 1.079532 0.2182822 -0.1728354 1.085722 0.215296 -0.1585354 1.091537 0.2301317 -0.1728465 1.094464 0.2239331 -0.1386282 1.090691 0.2334695 -0.1592709 1.108249 0.2387488 -0.1815147 1.094422 0.2152229 -0.1876754 1.091428 0.2008449 -0.1902246 1.088843 -0.08453316 -0.190867 1.090436 0.1809778 -0.1876516 1.108775 0.2180691 -0.1763136 1.394281 0.2315566 -0.1766203 1.12877 0.2331491 -0.175759 1.108885 0.2300317 -0.1909151 1.1287 0.2187851 -0.1906084 1.394212 0.2171926 -0.196331 1.107952 0.2013941 0.127239 1.413994 0.2413603 -0.1580917 1.4314 0.2281392 -0.158801 1.414943 0.2369095 -0.1754392 1.414176 0.2281548 -0.1724606 1.428465 0.2219298 -0.1382336 1.432273 0.2314208 -0.1381824 1.446517 0.2170056 -0.1581003 1.44325 0.2161336 0.127282 1.43197 0.2320651 0.1273332 1.446214 0.2176499 0.1273875 1.455293 0.1995629 -0.1873447 1.414067 0.2162049 -0.1724296 1.437102 0.2131885 -0.1811289 1.428423 0.2132196 -0.1872371 1.431291 0.1988579 -0.1574411 1.453905 -0.08664445 -0.1753018 1.443211 0.198764 -0.1587836 1.451869 0.1994212 -0.1761265 1.446332 0.1788779 -0.175484 1.444739 -0.08663308 -0.1904725 1.432019 0.1789291 -0.195977 1.414647 0.1996703 -0.18983 1.430426 -0.08658193 -0.1996805 1.413997 0.1790149 -0.1378378 1.065147 -0.1042685 -0.1749834 1.077616 -0.1042943 -0.158482 1.06892 -0.1048714 -0.157698 1.077538 -0.1215802 -0.1377836 1.074226 -0.1223556 0.1277321 1.073923 -0.1217113 0.1276778 1.064844 -0.1036243 -0.1720273 1.083718 -0.1187046 -0.1807066 1.092417 -0.1187779 -0.1868909 1.089563 -0.1044461 -0.157604 1.089388 -0.1335855 0.1277833 1.088166 -0.1361265 -0.1377323 1.088469 -0.1367708 -0.1719962 1.092355 -0.127446 -0.174912 1.106651 -0.1336852 -0.186875 1.106787 -0.1217932 -0.1990128 1.392281 -0.1063796 -0.1900886 1.12665 -0.1227968 -0.1897819 1.392162 -0.1243892 -0.1754178 1.39206 -0.1386837 -0.1757245 1.126548 -0.1370912 -0.1573633 1.391984 -0.147827 -0.1582332 1.105846 -0.1423591 -0.1572266 1.441256 -0.1237285 -0.1579258 1.450029 -0.1072727 0.1281267 1.453459 -0.1059551 -0.1745962 1.441334 -0.1065272 -0.1716214 1.435098 -0.1208122 -0.1373559 1.444467 -0.1245763 -0.1572628 1.429251 -0.1355783 -0.1373377 1.430052 -0.1388195 0.1281598 1.444164 -0.123932 -0.1579946 1.412541 -0.1441989 0.1281779 1.429749 -0.1381752 -0.1716104 1.426357 -0.1294493 -0.1803208 1.426419 -0.1207811 -0.1865443 1.429426 -0.1064333 -0.1745262 1.411942 -0.135562 -0.1373363 1.411965 -0.1478984 -0.1864764 1.412079 -0.1236573 -0.1952348 1.412923 -0.1070246 0.1269386 1.066677 0.2018937 0.1469908 1.066534 0.1819388 0.1475914 1.07041 0.2024516 0.1468275 1.079229 0.2190557 0.1650337 1.075701 0.1819274 0.1641129 1.07906 0.2017704 0.1476333 1.064941 -0.08357222 0.1656761 1.074108 -0.08358358 0.1611711 1.085341 0.2161065 0.1793797 1.090014 0.1818762 0.176048 1.090981 0.201779 0.1847843 1.107633 0.2024339 0.1269055 1.075973 0.2198706 0.1467611 1.091222 0.2309181 0.1268874 1.090388 0.2341138 0.1698704 1.094021 0.2160755 0.1611601 1.094083 0.2247436 0.164109 1.108445 0.2308109 0.1885625 1.128159 0.2016739 0.1796383 1.393789 0.2180911 0.1760721 1.108412 0.2189183 0.1649675 1.12838 0.233978 0.1793316 1.128278 0.2196835 0.146913 1.128456 0.2431213 0.1652742 1.393892 0.2323855 0.1474285 1.107783 0.2394937 0.1479157 1.45152 0.2002812 0.164566 1.442778 0.1996402 0.1480822 1.453557 -0.08590309 0.1471965 1.442947 0.216841 0.161577 1.436721 0.213999 0.1472052 1.431085 0.228834 0.1478985 1.414478 0.2376544 0.1654614 1.445942 0.1797068 0.1764865 1.430843 0.1996894 0.1797743 1.431597 0.1798275 0.1661038 1.444349 -0.08580424 0.1702563 1.428022 0.2140722 0.1615459 1.428084 0.2227403 0.1644285 1.413738 0.2290256 0.1763789 1.413704 0.2171202 0.1895831 1.411961 -0.08555307 0.1804167 1.430003 -0.08568351 0.1475986 1.077144 -0.120806 0.1482178 1.06857 -0.1042429 0.1648847 1.077274 -0.1035212 0.1619792 1.083337 -0.1178942 0.1476925 1.089007 -0.1327988 0.1620103 1.091974 -0.1266355 0.1768325 1.089182 -0.1035124 0.1800222 1.088421 -0.08363475 0.1706786 1.092017 -0.1179252 0.1768486 1.106321 -0.1209434 0.14816 1.391635 -0.1470856 0.1649561 1.106314 -0.1329066 0.1484665 1.105612 -0.1416156 0.1658633 1.126158 -0.1362623 0.16617 1.39167 -0.1378548 0.1801581 1.126228 -0.1218983 0.1804648 1.39174 -0.1234908 0.1855263 1.105677 -0.1042596 0.1893017 1.126326 -0.1038441 0.1480701 1.440862 -0.1230205 0.1487735 1.44968 -0.1064128 0.1652716 1.440992 -0.1056515 0.1771794 1.429044 -0.1056022 0.1710644 1.426018 -0.1199285 0.1858809 1.412371 -0.1062148 0.1623961 1.425976 -0.1286388 0.1480339 1.428869 -0.1348831 0.1623851 1.434717 -0.1200017 0.1772469 1.411613 -0.1227413 0.1653417 1.411606 -0.1346919 0.1487051 1.412307 -0.1434554 0.02062691 0.9960193 0.2935459 0.0165316 1.000119 0.2919503 0.01637883 0.9961614 0.2930389 0.01519121 0.9606585 0.2930389 0.01943929 0.9605164 0.2935459 0.05575001 0.9989819 0.2873989 0.02060791 1.000157 0.2924508 0.05458139 0.9593409 0.288494 0.05576901 0.9948438 0.288494 0.05428589 0.9552133 0.2873989 0.05805671 0.9552622 0.2857719 0.05851498 0.9592093 0.2868108 0.01507918 0.9566999 0.2919502 0.0191438 0.9563888 0.2924508 0.0577353 0.994778 0.2439575 0.06159676 0.9591062 0.2791192 0.05654767 0.9592751 0.2439575 0.06278439 0.9946091 0.2791193 0.06227766 0.9946261 0.2833697 0.05531495 0.9551788 0.2441148 0.05986963 0.9552016 0.2833493 0.06036404 0.9550099 0.2792766 0.05677907 0.9989475 0.2441148 0.06182815 0.9987786 0.2792766 0.06132204 0.9986204 0.2833493 0.01972672 1.004335 0.2853489 0.04981972 1.003329 0.2451352 0.01467763 1.004504 0.2501871 0.01629897 1.002268 0.289832 0.02027748 1.00321 0.289442 0.05486881 1.00316 0.280297 0.05892267 1.001917 0.2797089 0.01559889 1.003366 0.285937 0.05541958 1.002034 0.2843901 0.0592765 1.00083 0.2836537 0.006208333 0.9965017 0.2513648 0.0100698 0.9608298 0.2865266 0.01125743 0.9963328 0.2865266 0.005020715 0.9609987 0.2513648 0.01102604 0.9566604 0.2863693 0.01265791 0.9567809 0.2901363 0.01175204 0.9607735 0.2904624 0.01293966 0.9962765 0.2904624 0.01470346 0.9545712 0.289832 0.01798538 0.9522792 0.2853489 0.01861012 0.9533653 0.289442 0.01393152 0.9535218 0.2859369 0.008882434 0.9536907 0.2507752 0.01293629 0.9524481 0.2501871 0.04807838 0.9512726 0.2451352 0.05312747 0.9511037 0.280297 0.005976946 0.9568292 0.2512075 0.01411033 1.0002 0.2901363 0.01249015 1.000429 0.2863692 0.0105498 1.003535 0.2507752 0.007441059 1.000598 0.2512075 0.05768099 0.9531336 0.2836537 0.05375222 0.9521897 0.2843901 0.0572553 0.9520725 0.2797089 0.05220621 0.9522414 0.2445471 0.06109004 0.9591231 0.2833697 0.0597026 0.9947122 0.2868108 0.05387357 1.002086 0.2445471 0.05950912 0.9986811 0.285772 0.01876651 0.9063782 0.2935459 0.05272099 0.8696997 0.288494 0.05390861 0.9052027 0.288494 0.01333081 0.8710174 0.2930389 0.0175789 0.8708752 0.2935459 0.05388961 0.9093408 0.2873989 0.01874751 0.9105163 0.2924508 0.0146712 0.9104776 0.2919503 0.01451842 0.9065203 0.2930389 0.05242549 0.8655721 0.2873989 0.05619631 0.8656211 0.2857719 0.05665458 0.8695681 0.2868108 0.01321878 0.8670587 0.2919503 0.0172834 0.8667477 0.2924508 0.05587489 0.9051369 0.2439575 0.05973636 0.869465 0.2791192 0.05468728 0.8696339 0.2439575 0.06092398 0.904968 0.2791193 0.06041726 0.9049849 0.2833697 0.05345455 0.8655377 0.2441149 0.05800923 0.8655604 0.2833493 0.05850364 0.8653688 0.2792766 0.05946164 0.9089793 0.2833493 0.05491866 0.9093063 0.2441148 0.05996775 0.9091374 0.2792766 0.01786632 0.9146941 0.2853489 0.04795932 0.9136875 0.2451352 0.01281722 0.914863 0.2501871 0.01443857 0.9126266 0.289832 0.01841708 0.9135688 0.289442 0.05300841 0.9135186 0.280297 0.05706226 0.912276 0.2797089 0.01373849 0.9137253 0.285937 0.05355918 0.9123932 0.2843901 0.05741609 0.9111889 0.2836537 0.004347933 0.9068605 0.2513649 0.008209407 0.8711887 0.2865266 0.009397022 0.9066916 0.2865266 0.003160315 0.8713576 0.2513649 0.009165635 0.8670192 0.2863693 0.01079751 0.8671397 0.2901363 0.009891637 0.8711324 0.2904624 0.01107926 0.9066353 0.2904624 0.01284306 0.8649301 0.289832 0.01612498 0.8626381 0.2853489 0.01674972 0.8637241 0.289442 0.01207112 0.8638806 0.285937 0.04621798 0.8616314 0.2451352 0.05126707 0.8614625 0.280297 0.007022033 0.8640495 0.2507752 0.01107589 0.862807 0.2501872 0.004116545 0.8671881 0.2512075 0.01224992 0.9105586 0.2901363 0.01062975 0.9107879 0.2863693 0.008689396 0.9138941 0.2507752 0.005580659 0.9109568 0.2512075 0.05582058 0.8634924 0.2836537 0.05189182 0.8625486 0.2843901 0.0553949 0.8624314 0.2797089 0.05034581 0.8626003 0.2445471 0.05922964 0.869482 0.2833697 0.0578422 0.9050711 0.2868108 0.05201317 0.9124449 0.2445471 0.05764872 0.9090399 0.2857719 -0.008583292 1.213563 0.4333884 -0.001867014 1.206847 0.4333884 -0.001867012 1.213563 0.4333884 -0.01485867 1.219838 0.4312614 -0.01503991 1.213653 0.4323094 -0.008673771 1.20039 0.4323095 -0.00177653 1.20039 0.4323095 -0.008583298 1.206847 0.4333884 0.0045896 1.213653 0.4323094 -0.008673778 1.22002 0.4323095 -0.01485867 1.200571 0.4312614 -0.01503991 1.206756 0.4323094 0.0115876 1.214269 0.4253123 0.007885313 1.220021 0.4291743 0.009528252 1.213912 0.4293451 0.01268213 1.205046 0.4131423 0.01268213 1.215363 0.4131423 0.0115876 1.206141 0.4253123 0.009880596 1.199779 0.4253123 0.01097514 1.198684 0.4131423 0.01161183 1.204664 0.3926532 0.01161182 1.215745 0.3926532 0.009880602 1.220631 0.4253123 0.007885315 1.200389 0.4291744 -0.01038346 1.228112 0.4131423 -0.01565127 1.225311 0.4253123 -0.009288926 1.227018 0.4253123 -6.684789e-05 1.228112 0.4131423 -0.01504103 1.223315 0.4291743 -0.008932779 1.224958 0.4293451 -0.01076562 1.227042 0.3926532 -0.001161386 1.227018 0.4253123 0.005200957 1.225311 0.4253123 -0.001517518 1.224958 0.429345 0.004590714 1.223315 0.4291744 -0.0384559 1.230687 0.2427622 -0.03370015 1.193026 0.2632513 -0.03370015 1.227383 0.2632513 -0.03712194 1.189354 0.2387295 -0.03845591 1.189723 0.2427623 -0.03626683 1.228498 0.2671023 -0.03218761 1.187389 0.2632513 -0.03544831 1.183276 0.2389002 -0.0367489 1.183361 0.2427623 -0.01504103 1.197094 0.4291744 -0.009288923 1.193392 0.4253123 -0.008932792 1.195451 0.429345 -0.01833562 1.200389 0.4291744 -0.01038346 1.192298 0.4131423 -0.001161383 1.193392 0.4253123 -0.01565127 1.195099 0.4253123 -0.001517524 1.195451 0.4293451 -0.0203309 1.199779 0.4253123 -0.01997856 1.213912 0.429345 -0.01997855 1.206497 0.429345 -0.02203791 1.206141 0.4253123 -0.02203791 1.214269 0.4253123 -0.02313245 1.205047 0.4131423 -0.02142545 1.198684 0.4131423 -0.0167458 1.194005 0.4131423 -0.01833563 1.220021 0.4291744 -0.001776533 1.22002 0.4323094 -0.0203309 1.220631 0.4253123 -0.0167458 1.226405 0.4131423 -0.02142545 1.221725 0.4131423 -0.02313244 1.215363 0.4131423 -0.03206926 1.178681 0.2427622 -0.03215371 1.179982 0.2389002 -0.02607617 1.178308 0.2387295 -0.02570693 1.176974 0.2427622 -0.02804113 1.183242 0.2632513 0.01562586 1.178308 0.2387295 0.01525661 1.176974 0.2427622 0.01195332 1.18173 0.2632513 -0.03712194 1.231056 0.2387295 -0.02607617 1.242102 0.2387295 0.01525661 1.243436 0.2427622 0.01562586 1.242102 0.2387295 -0.03206926 1.241729 0.2427622 -0.02570692 1.243436 0.2427623 -0.03215371 1.240428 0.2389001 -0.02804112 1.237167 0.2632513 -0.02240363 1.23868 0.2632513 -0.0367489 1.237049 0.2427623 -0.03544831 1.237133 0.2389001 0.004590713 1.197094 0.4291744 0.004408361 1.200571 0.4312614 0.005200956 1.195099 0.4253123 -6.684955e-05 1.192298 0.4131423 0.006295496 1.194005 0.4131423 0.004589594 1.206756 0.4323094 0.009528245 1.206497 0.429345 0.006295498 1.226405 0.4131423 0.004408367 1.219838 0.4312614 0.01097513 1.221725 0.4131423 0.02161895 1.178681 0.2427623 0.0217034 1.179982 0.2389002 0.01759081 1.183242 0.2632513 0.02667162 1.189354 0.2387295 0.02629859 1.183361 0.2427622 0.024998 1.183276 0.2389002 0.02173731 1.187389 0.2632513 0.02800559 1.189723 0.2427622 0.02324984 1.227383 0.2632513 0.02324984 1.193026 0.2632513 0.02667163 1.231056 0.2387295 0.0280056 1.230687 0.2427622 0.02161895 1.241729 0.2427623 0.02170339 1.240428 0.2389002 0.02629859 1.237049 0.2427622 0.024998 1.237133 0.2389002 0.01759081 1.237167 0.2632513 0.02173731 1.233021 0.2632513 0.01195332 1.23868 0.2632513 0.0003153061 1.193368 0.3926532 -0.0205496 1.199027 0.3926532 -0.01640311 1.19488 0.3926532 -0.01076561 1.193368 0.3926532 -0.02206213 1.204664 0.3926532 -0.03218762 1.233021 0.2632513 -0.02351786 1.241246 0.2671022 0.01306754 1.241246 0.2671023 -0.03455984 1.23486 0.2671022 -0.0298802 1.23954 0.2671022 0.02410953 1.18555 0.2671023 0.01942989 1.18087 0.2671022 -0.02351786 1.179163 0.2671023 -0.02240364 1.18173 0.2632513 0.02581652 1.191912 0.2671023 0.005952802 1.225529 0.3926532 0.0003153126 1.227042 0.3926532 0.01009929 1.221383 0.3926532 0.005952796 1.19488 0.3926532 0.01306754 1.179163 0.2671022 0.01001366 1.183669 0.2848183 -0.02610145 1.185182 0.2848183 -0.02988019 1.18087 0.2671023 0.01565115 1.185182 0.2848183 -0.02046397 1.183669 0.2848183 -0.02132879 1.181352 0.2914423 0.01087848 1.181352 0.2914423 0.008073981 1.185609 0.3063852 -0.02416179 1.187122 0.3063852 -0.02769113 1.183059 0.2914422 0.01371148 1.187122 0.3063853 -0.0185243 1.185609 0.3063853 -0.01913973 1.183541 0.3157823 -0.02222212 1.189061 0.3279522 -0.02550206 1.185248 0.3157823 0.008689417 1.183541 0.3157823 0.006134319 1.187549 0.3279522 0.01177181 1.189061 0.3279523 -0.01695066 1.18573 0.3401223 -0.01658463 1.187549 0.3279522 -0.02028245 1.191001 0.3495192 -0.02331299 1.187437 0.3401223 0.006500349 1.18573 0.3401223 0.004194646 1.189488 0.3495192 0.00983214 1.191001 0.3495193 -0.01464496 1.189488 0.3495192 -0.01476159 1.187919 0.3644623 0.004311288 1.187919 0.3644623 0.002254976 1.191428 0.3710862 -0.01834278 1.192941 0.3710862 -0.02112393 1.189626 0.3644623 0.007892469 1.192941 0.3710862 -0.01270529 1.191428 0.3710862 -0.01257252 1.190108 0.3888023 -0.01893487 1.191815 0.3888023 0.002122215 1.190108 0.3888023 0.02410953 1.23486 0.2671022 0.02581653 1.228498 0.2671022 0.01979764 1.231081 0.2848183 0.02131017 1.225444 0.2848183 0.02362746 1.226308 0.2914422 0.01724082 1.23735 0.2914423 0.02192045 1.232671 0.2914423 0.01942989 1.239539 0.2671022 0.02362747 1.194101 0.2914423 0.02131017 1.194966 0.2848183 0.01785797 1.229141 0.3063852 0.0193705 1.223504 0.3063852 0.01973139 1.230482 0.3157823 0.02143839 1.224119 0.3157823 0.01505175 1.235161 0.3157822 0.0214384 1.19629 0.3157823 0.0193705 1.196906 0.3063853 0.0159183 1.227202 0.3279522 0.01743083 1.221564 0.3279522 0.01754232 1.228293 0.3401222 0.01924933 1.22193 0.3401223 0.01286268 1.232972 0.3401222 0.01924933 1.198479 0.3401222 0.01743083 1.198845 0.3279522 0.01397864 1.225262 0.3495192 0.01549116 1.219625 0.3495192 0.01067362 1.230783 0.3644622 0.01535326 1.226104 0.3644623 0.01706027 1.219741 0.3644623 0.01203897 1.223322 0.3710862 0.01355149 1.217685 0.3710862 0.01549116 1.200785 0.3495192 0.008484559 1.228594 0.3888023 0.0131642 1.223915 0.3888023 0.01706027 1.200668 0.3644623 0.0148712 1.217552 0.3888023 0.0148712 1.202857 0.3888023 0.0135515 1.202725 0.3710862 0.01565114 1.235228 0.2848182 0.01087848 1.239057 0.2914422 0.01371147 1.233288 0.3063852 0.008689412 1.236868 0.3157822 0.01177181 1.231348 0.3279522 0.006500349 1.234679 0.3401223 0.009832141 1.229409 0.3495192 0.004311285 1.23249 0.3644623 0.00789247 1.227469 0.3710862 0.002122213 1.230301 0.3888023 -0.02046397 1.23674 0.2848182 0.01001366 1.23674 0.2848183 0.008073986 1.2348 0.3063852 -0.02132879 1.239057 0.2914423 -0.0185243 1.2348 0.3063853 -0.01658463 1.232861 0.3279522 0.006134317 1.232861 0.3279523 -0.01913973 1.236868 0.3157823 -0.01464496 1.230921 0.3495192 0.004194652 1.230921 0.3495192 -0.01695066 1.234679 0.3401223 -0.01476159 1.23249 0.3644623 0.002254975 1.228981 0.3710862 -0.01270529 1.228981 0.3710862 -0.01257253 1.230301 0.3888022 0.0100993 1.199027 0.3926532 0.008484561 1.191815 0.3888023 0.0131642 1.196495 0.3888023 0.01203897 1.197087 0.3710862 0.01067363 1.189626 0.3644623 0.01535326 1.194306 0.3644623 0.01397864 1.195147 0.3495192 0.0159183 1.193208 0.3279523 0.01754233 1.192117 0.3401223 0.01286269 1.187437 0.3401223 0.0197314 1.189928 0.3157823 0.01785798 1.191268 0.3063853 0.01505175 1.185248 0.3157823 0.01979765 1.189328 0.2848183 0.02192047 1.187739 0.2914423 0.01724082 1.183059 0.2914423 -0.01640311 1.225529 0.3926532 -0.02054961 1.221383 0.3926532 -0.02206213 1.215745 0.3926532 -0.02361451 1.223915 0.3888023 -0.02532152 1.217552 0.3888023 -0.01834278 1.227469 0.3710862 -0.02248928 1.223322 0.3710862 -0.0253215 1.202857 0.3888023 -0.0240018 1.202725 0.3710862 -0.0240018 1.217685 0.3710862 -0.02580357 1.226104 0.3644623 -0.02751058 1.219741 0.3644623 -0.02028245 1.229409 0.3495192 -0.02442894 1.225262 0.3495192 -0.02594147 1.200785 0.3495192 -0.02751057 1.200668 0.3644623 -0.02594147 1.219625 0.3495192 -0.02799264 1.228293 0.3401223 -0.02969964 1.22193 0.3401223 -0.02222212 1.231348 0.3279522 -0.02636861 1.227202 0.3279522 -0.02788114 1.198845 0.3279522 -0.02969964 1.198479 0.3401223 -0.02788115 1.221564 0.3279522 -0.03018171 1.230482 0.3157823 -0.03188871 1.224119 0.3157823 -0.02416179 1.233288 0.3063853 -0.02830829 1.229141 0.3063853 -0.02982081 1.196906 0.3063853 -0.0318887 1.19629 0.3157823 -0.02982081 1.223504 0.3063853 -0.03237078 1.232671 0.2914422 -0.03407777 1.226308 0.2914423 -0.02610146 1.235228 0.2848183 -0.03024795 1.231081 0.2848183 -0.03176047 1.194966 0.2848183 -0.03407777 1.194101 0.2914423 -0.03176048 1.225444 0.2848183 -0.03626683 1.191912 0.2671023 -0.01893486 1.228594 0.3888023 -0.02112393 1.230783 0.3644623 -0.023313 1.232972 0.3401223 -0.02550207 1.235161 0.3157822 -0.02769113 1.23735 0.2914422 -0.03455983 1.18555 0.2671022 -0.03024795 1.189328 0.2848183 -0.03237077 1.187739 0.2914422 -0.02830828 1.191268 0.3063853 -0.0301817 1.189928 0.3157823 -0.02636862 1.193208 0.3279522 -0.02799264 1.192117 0.3401223 -0.02442895 1.195148 0.3495192 -0.02580357 1.194306 0.3644623 -0.02248927 1.197087 0.3710862 -0.02361451 1.196495 0.3888023 0.1028778 1.30629 0.263204 0.05614998 1.254662 0.2614667 0.1011279 1.253172 0.2628954 0.05813403 1.313968 0.2608568 0.05789986 1.30778 0.2617752 0.1063942 1.253003 0.2621074 0.05100072 1.248915 0.2593917 0.05597675 1.248483 0.2604765 0.1009547 1.246993 0.2619052 0.1060072 1.247093 0.261139 0.05094463 1.25484 0.2603461 0.05314076 1.313877 0.259769 0.0526945 1.307958 0.2606546 0.1135912 1.305977 0.2563937 0.1128196 1.253004 0.2254434 0.1145694 1.306122 0.2257519 0.1109158 1.311974 0.2597564 0.1120766 1.306006 0.2599162 0.1118414 1.252858 0.2560852 0.1102369 1.246721 0.2560048 0.111215 1.246867 0.225363 0.1123941 1.312207 0.2563852 0.1087757 1.247012 0.2593791 0.104492 1.318853 0.2254908 0.059514 1.320343 0.2240621 0.05853583 1.320197 0.2547039 0.1035138 1.318707 0.2561326 0.1086951 1.316879 0.2562893 0.05324552 1.318716 0.2545279 0.05330511 1.317086 0.2579417 0.05836747 1.318526 0.2582612 0.1033454 1.317036 0.2596899 0.1083116 1.315264 0.2596889 0.04764249 1.308161 0.2542989 0.04717956 1.25498 0.2576018 0.04892944 1.308098 0.2579103 0.04687079 1.255189 0.2233486 0.04589262 1.255043 0.2539903 0.05022518 1.314444 0.2237375 0.04862067 1.308307 0.2236571 0.04806789 1.248959 0.2233571 0.04708973 1.248813 0.2539989 0.04835001 1.249014 0.2574597 0.05597008 1.242313 0.2542515 0.05095423 1.245724 0.2575272 0.05078876 1.24414 0.2540948 0.05176692 1.244286 0.223453 0.05694825 1.242458 0.2236097 0.1019262 1.240968 0.2250384 0.100948 1.240823 0.2556802 0.05591071 1.24395 0.2578281 0.05049005 1.313976 0.257837 0.103112 1.312478 0.2622856 0.04924701 1.314298 0.2543793 0.05422368 1.318862 0.2238862 0.1059607 1.243902 0.2592744 0.1008887 1.24246 0.2592568 0.1072165 1.242449 0.2252143 0.1062384 1.242303 0.2558561 0.1103267 1.252888 0.2596077 0.1081441 1.306121 0.262416 0.1096733 1.317025 0.2256475 0.1133723 1.312352 0.2257434 0.1081472 1.312055 0.2615163 -0.06477215 1.262199 0.2629454 -0.1171151 1.286011 0.261725 -0.1084153 1.251276 0.2615171 -0.05888156 1.259569 0.2612002 -0.05966367 1.263483 0.2621574 -0.06836345 1.298218 0.2623653 -0.07347193 1.296934 0.2631533 -0.1073745 1.247246 0.2605386 -0.1228951 1.288691 0.2597077 -0.1221675 1.284753 0.2606044 -0.1122556 1.246211 0.2594534 -0.1180998 1.290067 0.2607949 -0.06952108 1.302049 0.2614544 -0.06308779 1.299575 0.256343 -0.05348754 1.265249 0.2254935 -0.06218732 1.299984 0.2257014 -0.0668376 1.302731 0.2596945 -0.06455185 1.299187 0.2598655 -0.05473451 1.260457 0.2560664 -0.05383405 1.260866 0.2254249 -0.054388 1.26484 0.2561351 -0.06545976 1.303278 0.2563227 -0.07438967 1.305535 0.2254169 -0.1189333 1.294204 0.2546302 -0.07529014 1.305126 0.2560585 -0.1180328 1.294613 0.2239886 -0.1237428 1.291851 0.2544575 -0.123365 1.290808 0.2578742 -0.1187672 1.293075 0.2581907 -0.06903829 1.305725 0.2255767 -0.1270794 1.28356 0.2542488 -0.1174792 1.249234 0.2233993 -0.1183796 1.248825 0.2540409 -0.1171252 1.249118 0.2576523 -0.125825 1.283853 0.2578602 -0.1258324 1.288353 0.2236759 -0.1261789 1.283969 0.2236072 -0.1151072 1.245531 0.2234196 -0.1160076 1.245122 0.2540612 -0.1148306 1.245578 0.2575214 -0.1115287 1.243084 0.2541656 -0.1106282 1.243493 0.223524 -0.106553 1.244308 0.2578988 -0.1116772 1.244143 0.2575949 -0.1052768 1.243683 0.2236838 -0.1061773 1.243274 0.2543254 -0.06290988 1.255231 0.2593271 -0.06373137 1.258168 0.2619669 -0.06163364 1.254605 0.2251121 -0.0625341 1.254196 0.2557537 -0.1134677 1.250018 0.2603965 -0.1254701 1.288058 0.2577756 -0.07445662 1.30099 0.2622232 -0.07512401 1.303997 0.259619 -0.1267329 1.287944 0.2543174 -0.1228423 1.29226 0.2238159 -0.05830321 1.257501 0.2593417 -0.05619808 1.260252 0.2594403 -0.05772462 1.25655 0.2559264 -0.05682415 1.256959 0.2252849 -0.05585207 1.264452 0.2596576 -0.06993874 1.305316 0.2562183 -0.06999093 1.304166 0.2596209 -0.06455929 1.303687 0.2256811 -0.6266019 0.7311445 0.03630452 -0.3800988 0.8733984 0.03630451 -0.6152278 0.714338 0.03630451 -0.3820111 0.8762241 0.04009775 -0.6221522 0.7141113 0.03395039 -0.2252247 0.9631854 0.02348765 -0.3687254 0.856593 0.03630452 -0.2271375 0.9660108 0.02726627 -0.6212022 0.7091399 0.03674793 -0.3667944 0.8537396 0.03971223 -0.613305 0.7114813 0.03971207 -0.1994849 0.9251519 0.02348765 -0.6157284 0.7064173 0.05754301 -0.6204727 0.7112564 0.06556819 -0.6181095 0.7055185 0.06385743 -0.6103898 0.6560344 0.03478507 -0.6081486 0.6578302 0.02899763 -0.6157284 0.7064173 0.03855942 -0.6105644 0.6527532 0.02930968 -0.6105644 0.6527532 0.0203841 -0.6081487 0.6578301 0.01773673 -0.6102661 0.656306 0.01623836 -0.6179286 0.7054244 0.0372887 -0.6314698 0.7322646 0.05969116 -0.3820111 0.8762241 0.05972849 -0.6314697 0.7322646 0.04014309 -0.6411101 0.7247498 0.05153425 -0.626602 0.7311444 0.06345413 -0.2252247 0.9631854 0.07627099 -0.2271375 0.9660108 0.07255738 -0.6323988 0.7292519 0.03395036 -0.6416455 0.7266525 0.0430105 -0.6361562 0.7309316 0.03657225 -0.6152278 0.714338 0.06345412 -0.3800988 0.8733984 0.06345412 -0.3687254 0.856593 0.06345412 -0.613305 0.7114813 0.06004657 -0.6417995 0.7219115 0.04498227 -0.7047273 0.7288525 -0.01366461 -0.6324488 0.7080948 0.04498229 -0.7063276 0.731217 -0.01366457 -0.6411732 0.7203897 0.04992512 -0.70532 0.7303246 -0.01860743 -0.1994849 0.9251519 0.076271 -0.3667943 0.8537396 0.0600464 -0.1974905 0.9223229 0.07286787 -0.1974905 0.922323 0.02689077 -0.7006136 0.6740553 0.1196391 -0.6959938 0.667229 0.1196391 -0.630884 0.7051863 0.04992515 -0.7018121 0.6774319 0.1227553 -0.6297532 0.7019099 0.05539578 -0.6933046 0.6648611 0.1234411 -0.7025889 0.6725208 0.1253566 -0.6260626 0.7003042 0.04971349 -0.7025889 0.6725208 0.1332718 -0.6981525 0.6659656 0.1253566 -0.6981525 0.6659656 0.1332718 -0.6958456 0.667316 0.1345612 -0.6933046 0.6648611 0.1296447 -0.7004777 0.6741604 0.1345612 -0.6391999 0.7219272 0.07312021 -0.6287231 0.7064467 0.07312021 -0.7018121 0.677432 0.13014 -0.6316679 0.7277984 0.0655682 -0.6297532 0.7019099 0.07147253 -0.6411101 0.7247498 0.06929622 -0.6238484 0.7021728 0.06911063 -0.6260627 0.7003042 0.0668394 -0.6130695 0.6544722 0.03723798 -0.611824 0.6520188 0.0304627 -0.6155145 0.6536245 0.03564895 -0.7006296 0.7268785 -0.01672875 -0.7001551 0.7315318 -0.01856726 -0.70532 0.7303246 -0.0186074 -0.702153 0.7344838 -0.01856727 -0.7075403 0.7336054 -0.01860744 -0.7067334 0.7362252 -0.0165652 -0.7069352 0.7360679 -0.01632852 -0.7075403 0.7336054 -0.01860742 -0.611824 0.6520188 0.0217328 -0.6155145 0.6536245 0.02575488 -0.6239674 0.701904 0.04375445 -0.6132682 0.6545558 0.01945272 -0.6272339 0.7056235 0.04320626 -0.7008325 0.7267603 -0.01651161 0.6784579 0.7958155 0.03701468 0.6812859 0.7889478 0.04060757 0.6776441 0.7933453 0.04110178 0.6856524 0.7925394 0.0376594 0.4091194 0.8854965 0.03702713 0.6847125 0.8145879 0.03250843 0.2349554 0.9277349 0.02729366 0.4104373 0.8894519 0.03996802 0.4028653 0.8667253 0.04153309 0.6849919 0.7968832 0.03389923 0.6893377 0.8177026 0.03543937 0.2208011 0.8852527 0.03749139 0.4020426 0.8642562 0.04562077 0.6867841 0.7391577 0.0411629 0.6826183 0.7929471 0.05911725 0.6905251 0.7350546 0.04210014 0.6898349 0.7392584 0.04685717 0.6898986 0.7331743 0.0333974 0.6855922 0.7940407 0.06514297 0.6859937 0.7367854 0.03018315 0.6835802 0.7883083 0.03927735 0.6883394 0.7355756 0.02873893 0.7008437 0.815625 0.03800079 0.6939474 0.8168959 0.03161956 0.6906266 0.8137948 0.02983964 0.4118152 0.8935875 0.05910867 0.6907098 0.8218208 0.0544994 0.2394518 0.9412285 0.0743807 0.4110251 0.8912161 0.06349893 0.6866182 0.8203074 0.05898023 0.6803635 0.8015351 0.06348648 0.4047709 0.8724449 0.0680049 0.4034699 0.8685399 0.0654473 0.6790714 0.7976292 0.06092864 0.6863909 0.80042 0.06546172 0.6925472 0.818897 0.06102637 0.2386603 0.9388547 0.07875924 0.224506 0.8963725 0.08895697 0.2199107 0.8827893 0.04157802 0.7024405 0.8116079 0.04077604 0.7575981 0.8245937 -0.02614886 0.7567179 0.8219525 -0.02551488 0.6972986 0.7961751 0.04448066 0.7533637 0.8183796 -0.02742134 0.7565321 0.8224521 -0.03067879 0.7577531 0.8261166 -0.03155845 0.7026079 0.811053 0.0459533 0.6969499 0.7940712 0.05002974 0.2362727 0.9316872 0.03022031 0.2231378 0.8924751 0.08640728 0.777283 0.7972917 0.1150499 0.7014549 0.8154885 0.04672828 0.7777168 0.8014409 0.1173182 0.6928591 0.7921313 0.04385247 0.6907951 0.7878999 0.04547751 0.7747426 0.7896668 0.1168802 0.697156 0.791843 0.05610706 0.7800018 0.7975557 0.120661 0.7775623 0.7902339 0.1224186 0.7781178 0.7919014 0.1301362 0.7805573 0.7992232 0.1283786 0.7756239 0.7928545 0.1314322 0.7735222 0.788851 0.1274062 0.7730867 0.787544 0.1213574 0.7019196 0.8168832 0.06853216 0.7782352 0.8029965 0.1245186 0.7027017 0.8192304 0.06404679 0.7781711 0.8004996 0.1295971 0.6961585 0.7995919 0.07268288 0.6923866 0.7934647 0.07016602 0.6930074 0.7389894 0.04920262 0.6948661 0.7917919 0.06801955 0.6920163 0.7349282 0.04320267 0.6954736 0.7384827 0.04750486 0.7512509 0.8222734 -0.03021881 0.7565321 0.8224521 -0.03067877 0.7531214 0.8183933 -0.02762956 0.7523496 0.8255707 -0.03101035 0.7563987 0.8288108 -0.02994855 0.7577531 0.8261166 -0.03155847 0.7566523 0.8287641 -0.02971399 0.6914036 0.7330892 0.03469072 0.6919262 0.7353725 0.0318213 0.6947791 0.7363984 0.03785779 0.6982845 0.7952299 0.07178244 0.693664 0.7881841 0.0513212 0.7565321 0.8224521 -0.03067879 -0.1225331 1.472421 0.1814786 0.1011535 1.463166 0.1603146 0.1011535 1.472421 0.1603146 -0.1294559 1.47903 0.1784774 -0.1295777 1.472421 0.1802905 0.1078502 1.472421 0.1578263 -0.1225331 1.463166 0.1814786 -0.122707 1.456265 0.1796404 0.1009795 1.456265 0.1584764 0.1073905 1.456557 0.1560682 -0.122707 1.479322 0.1796404 -0.1295777 1.463166 0.1802905 -0.1294559 1.456557 0.1784774 0.1136111 1.472421 0.1452532 0.09244702 1.463166 -0.07843326 0.09244702 1.472421 -0.07843326 0.112423 1.472421 0.1522979 0.1136111 1.463166 0.1452532 0.1106098 1.47903 0.1521761 0.09060881 1.456265 -0.07825934 0.08820066 1.456557 -0.08467035 0.1117729 1.456265 0.1454272 0.08995873 1.472421 -0.08513006 0.1117729 1.479322 0.1454272 0.1106098 1.456557 0.1521761 -0.1375944 1.472421 0.169021 -0.1587585 1.463166 -0.0546655 -0.1375944 1.463166 0.169021 -0.1569203 1.479322 -0.05483943 -0.1587585 1.472421 -0.0546655 -0.1351061 1.463166 0.1757178 -0.1351061 1.472421 0.1757178 -0.1557572 1.456557 -0.06158831 -0.1569203 1.456265 -0.05483942 -0.1357562 1.456265 0.1688471 -0.1333481 1.456557 0.1752581 -0.1575704 1.463166 -0.06171013 -0.1557572 1.47903 -0.06158832 -0.1575703 1.472421 -0.06171014 -0.1463009 1.472421 -0.06972683 -0.1463009 1.463166 -0.06972683 -0.1529976 1.463166 -0.06723854 0.07755962 1.479322 -0.08905268 0.0773857 1.472421 -0.09089088 0.07738569 1.463166 -0.09089088 0.0843085 1.456557 -0.08788965 0.07755962 1.456265 -0.08905267 -0.1461269 1.456265 -0.06788861 -0.1525379 1.456557 -0.06548046 0.0843085 1.47903 -0.08788967 0.08443032 1.472421 -0.08970275 0.08443033 1.463166 -0.08970275 -0.1297923 1.452985 0.1749217 -0.1238349 1.449345 0.1677192 -0.1231849 1.451192 0.1745899 -0.1307056 1.451192 0.1683692 -0.1518697 1.451192 -0.05531728 -0.144999 1.449345 -0.05596734 -0.1297923 1.482602 0.1749217 -0.133348 1.47903 0.1752581 0.1009795 1.479322 0.1584764 0.1005017 1.484395 0.1534258 -0.1231849 1.484395 0.1745899 -0.1357562 1.479322 0.1688471 -0.1306576 1.484408 0.1683647 -0.1307057 1.484395 0.1683692 -0.1231894 1.484408 0.1745418 0.06410648 1.486242 0.1499371 -0.08808982 1.486242 0.1643371 -0.141617 1.486242 -0.02022224 -0.1518697 1.484395 -0.05531728 -0.1092681 1.486242 0.006251848 -0.1078536 1.486242 -0.00756514 -0.1272169 1.486242 0.131974 -0.1518216 1.484408 -0.05532184 -0.1232018 1.486242 0.1453957 -0.09642658 1.486242 0.1132092 -0.1004073 1.486242 0.09990269 -0.114356 1.486242 0.1562591 -0.1522015 1.482602 -0.06192475 -0.1335389 1.486242 -0.04648843 -0.1456445 1.484408 -0.06279 -0.1401903 1.486242 -0.03415874 -0.1522015 1.452985 -0.06192473 0.07803747 1.451192 -0.08400212 0.07868754 1.449345 -0.07713141 -0.1456491 1.451192 -0.06283807 -0.1529976 1.472421 -0.06723854 -0.1092539 1.486242 -0.05934937 -0.1456491 1.484395 -0.06283807 -0.1226755 1.486242 -0.05533419 -0.09048904 1.486242 -0.02855899 -0.07718251 1.486242 -0.03253973 0.04294242 1.486242 -0.0737494 0.07803747 1.484395 -0.08400213 0.01646833 1.486242 -0.04140049 0.07804202 1.484408 -0.08395405 -0.1461269 1.479322 -0.06788863 0.06920861 1.486242 -0.06567134 0.08551018 1.484408 -0.07777694 0.05687892 1.486242 -0.0723227 -0.1525379 1.47903 -0.06548048 0.1070541 1.452985 0.1525125 0.1005017 1.451192 0.1534258 0.0998516 1.449345 0.1465551 0.1067223 1.451192 0.145905 0.08555826 1.451192 -0.07778149 0.112423 1.463166 0.1522979 0.1078502 1.463166 0.1578263 -0.05864643 1.69832 0.1285131 0.03215805 1.682333 0.1231158 0.02846676 1.69832 0.1202709 -0.06402558 1.711873 0.1171565 -0.0725036 1.69832 0.1270946 -0.06173866 1.682333 0.1319998 0.04536515 1.546301 0.1191474 0.04541841 1.682333 0.1191489 0.04181196 1.69832 0.1162786 -0.04996678 1.711873 0.1185958 0.0316205 1.711873 0.108107 0.01808111 1.711873 0.1121574 -0.07550772 1.682333 0.1305903 0.03207277 1.546301 0.1231239 -0.07545569 1.546301 0.1305788 -0.06165338 1.546301 0.1319918 0.1073905 1.47903 0.1560682 0.1070541 1.482602 0.1525125 0.1067223 1.484395 0.145905 0.1066742 1.484408 0.1459096 0.1004971 1.484408 0.1533777 0.09060881 1.479322 -0.07825936 0.08555825 1.484395 -0.07778149 0.08206956 1.486242 -0.04138631 0.09646958 1.486242 0.11081 0.08464493 1.452985 -0.08433392 0.08995873 1.463166 -0.08513006 0.08464493 1.482602 -0.08433393 0.05127918 1.486242 -0.02262146 0.05525991 1.486242 -0.00931494 0.06412067 1.486242 0.0843359 0.07805437 1.486242 -0.05480792 0.08820066 1.47903 -0.08467035 0.06270621 1.486242 0.09815288 0.09504288 1.486242 0.1247465 0.08839152 1.486242 0.1370762 0.0775281 1.486242 0.1459219 0.0641323 1.682333 0.08445881 0.05525635 1.546301 -0.009352601 0.05524828 1.682333 -0.009437892 0.05128133 1.682333 -0.02269825 0.06412424 1.546301 0.08437354 0.06064559 1.69832 0.08136658 0.04841107 1.69832 -0.0190918 0.05240339 1.69832 -0.0057466 0.06272274 1.682333 0.09822786 0.06271128 1.546301 0.09817585 0.04534165 1.486242 0.1191467 0.03203512 1.486242 0.1231275 -0.06161573 1.486242 0.1319882 -0.07543273 1.486242 0.1305738 -0.1020263 1.486242 0.1629104 -0.07730545 1.682333 -0.03252811 0.01349903 1.69832 -0.03792543 0.01659126 1.682333 -0.04141213 0.01650598 1.546301 -0.04140405 -0.08695936 1.69832 -0.02569091 -0.07361416 1.69832 -0.02968323 -0.07722016 1.546301 -0.03253617 -0.09051256 1.546301 -0.02855965 0.02735619 1.69832 -0.03650686 0.03030829 1.546301 -0.0399911 -0.05146621 1.720928 0.1023117 -0.03718791 1.720928 0.1037733 0.01649984 1.720928 0.09588109 0.002749052 1.720928 0.09999472 -0.06288805 1.724108 0.05295011 0.0184612 1.724108 0.04525327 0.01774064 1.724108 0.03763759 -0.02253312 1.724108 0.08632875 -0.01491744 1.724108 0.08560819 0.01698978 1.724108 0.05962712 -0.06360861 1.724108 0.04533443 -0.04962348 1.724108 0.07799715 -0.03690698 1.724108 0.08485732 0.0135995 1.724108 0.02379476 0.03212717 1.720928 0.0199711 0.02801354 1.720928 0.006220314 -0.02261429 1.724108 0.004258949 0.004476068 1.724108 0.01259055 -0.008240424 1.724108 0.005730373 -0.04789646 1.720928 -0.009407019 -0.03022996 1.724108 0.004979505 -0.06213719 1.724108 0.03096057 -0.07727456 1.720928 0.07061659 0.01895084 1.720928 -0.004909511 0.0063188 1.720928 -0.01172399 -0.007959495 1.720928 -0.01318564 -0.05527701 1.724108 0.01824408 -0.06164724 1.720928 -0.005293394 -0.07277707 1.720928 0.003769315 -0.04407279 1.724108 0.009120649 -0.07959154 1.720928 0.01640135 -0.08105321 1.720928 0.03067964 -0.05874691 1.724108 0.06679293 -0.07316094 1.720928 0.08436738 -0.06409824 1.720928 0.09549721 0.0101296 1.724108 0.07234362 -0.001074616 1.724108 0.08146704 0.02762966 1.720928 0.08681839 0.03444414 1.720928 0.07418635 0.0359058 1.720928 0.05990805 -0.06322851 1.711873 -0.02156972 0.004819372 1.711873 -0.02800805 0.01887817 1.711873 -0.02656883 -0.07676791 1.711873 -0.01751929 0.05922702 1.69832 0.09522373 0.05072821 1.711873 0.07268692 0.04928898 1.711873 0.08674572 0.04023945 1.711873 -0.008900357 0.04428987 1.711873 0.004639042 -0.08943729 1.711873 0.08594866 -0.09587561 1.711873 0.01790078 -0.0975508 1.69832 0.0963343 -0.08538685 1.711873 0.09948805 -0.105793 1.69832 0.009221121 -0.1043744 1.69832 -0.004636034 -0.1092797 1.682333 0.006128896 -0.1003957 1.682333 0.1000256 -0.0944364 1.711873 0.003841977 -0.09355848 1.69832 0.1096795 -0.09642722 1.546301 0.1132327 -0.09642874 1.682333 0.113286 -0.1092716 1.546301 0.006214185 -0.1004037 1.546301 0.09994033 -0.1078587 1.546301 -0.007588114 -0.08765666 1.486242 0.1239795 -0.1012593 1.486242 -0.01978909 0.04250926 1.486242 -0.03339172 0.0561119 1.486242 0.1103768 0.03028533 1.486242 -0.03998604 -0.07646348 1.711873 0.1104468 -0.08772669 1.711873 -0.008595899 -0.08476307 1.69832 0.1204811 -0.09776093 1.69832 -0.01689551 -0.08768926 1.682333 0.1240188 -0.09056582 1.682333 -0.02856116 -0.1012987 1.682333 -0.0198217 -0.1078701 1.682333 -0.007640158 -0.08766664 1.546301 0.1239915 -0.1012713 1.546301 -0.01979906 0.03131606 1.711873 -0.01985912 0.03961567 1.69832 -0.02989337 0.04254185 1.682333 -0.03343114 0.03036032 1.682333 -0.04000258 0.05127984 1.546301 -0.02264498 0.04251925 1.546301 -0.03340379 0.04257927 1.711873 0.09918361 0.05261353 1.69832 0.1074832 0.0561513 1.682333 0.1104094 0.05612397 1.546301 0.1103868 -0.09048904 1.486242 -0.02855899 -0.0905008 1.516271 -0.02855932 -0.07720135 1.516271 -0.03253795 -0.1012593 1.486242 -0.01978909 0.01646833 1.486242 -0.04140049 -0.07718251 1.486242 -0.03253973 0.01648716 1.516271 -0.04140226 -0.1078561 1.516271 -0.007576626 -0.1012653 1.516271 -0.01979407 -0.1078536 1.486242 -0.00756514 -0.1092699 1.516271 0.006233018 -0.1092681 1.486242 0.006251848 0.0512795 1.516271 -0.02263322 0.05525991 1.486242 -0.00931494 0.05127918 1.486242 -0.02262146 0.06412245 1.516271 0.08435472 0.06412067 1.486242 0.0843359 0.05525813 1.516271 -0.009333771 0.04251426 1.516271 -0.03339776 0.04250926 1.486242 -0.03339172 0.03029681 1.516271 -0.03998858 0.03028533 1.486242 -0.03998604 -0.07792365 1.543702 -0.03614443 0.01650598 1.546301 -0.04140405 0.01652025 1.543702 -0.04508022 -0.09051256 1.546301 -0.02855965 -0.07722016 1.546301 -0.03253617 -0.09223318 1.543701 -0.03180834 0.03030829 1.546301 -0.0399911 0.03138909 1.543701 -0.04350483 -0.1040981 1.518869 -0.02213713 -0.1078561 1.516271 -0.007576626 -0.11137 1.518869 -0.008657134 -0.1012653 1.516271 -0.01979407 -0.09222114 1.518869 -0.03180815 -0.0905008 1.516271 -0.02855932 0.05127984 1.546301 -0.02264498 0.05525635 1.546301 -0.009352601 0.05886462 1.543702 -0.01005608 0.0448623 1.543701 -0.03623656 0.04251925 1.546301 -0.03340379 0.05452851 1.543701 -0.02436561 -0.06164853 1.518869 0.1356662 -0.07652471 1.518869 0.1340901 -0.07544421 1.516271 0.1305763 -0.06163456 1.516271 0.13199 -0.0900047 1.518869 0.1268183 -0.08766166 1.516271 0.1239855 -0.1041041 1.543701 -0.02214212 -0.1012713 1.546301 -0.01979906 -0.112946 1.518869 0.006219045 -0.1092699 1.516271 0.006233018 -0.1004055 1.516271 0.09992151 -0.1040138 1.518869 0.1006247 -0.07720135 1.516271 -0.03253795 0.01650114 1.518869 -0.04507845 0.01648716 1.516271 -0.04140226 0.03029681 1.516271 -0.03998858 -0.07790454 1.518869 -0.03614627 -0.1113724 1.543701 -0.00866891 -0.1078587 1.546301 -0.007588114 0.05886646 1.518869 -0.01003697 0.0512795 1.516271 -0.02263322 0.05452834 1.518869 -0.02435357 0.06779862 1.518869 0.0843687 0.06412245 1.516271 0.08435472 0.05525813 1.516271 -0.009333771 0.04251426 1.516271 -0.03339776 0.04485731 1.518869 -0.03623053 0.06622257 1.518869 0.09924487 0.06270875 1.516271 0.09816436 -0.06163456 1.516271 0.13199 -0.07543273 1.486242 0.1305738 -0.06161573 1.486242 0.1319882 0.03203512 1.486242 0.1231275 0.03205395 1.516271 0.1231257 0.04534165 1.486242 0.1191467 0.0453534 1.516271 0.1191471 0.06270875 1.516271 0.09816436 0.06270621 1.486242 0.09815288 -0.07544421 1.516271 0.1305763 -0.08766166 1.516271 0.1239855 -0.08765666 1.486242 0.1239795 -0.0964269 1.516271 0.113221 -0.09642658 1.486242 0.1132092 -0.1004055 1.516271 0.09992151 -0.1004073 1.486242 0.09990269 0.05611794 1.516271 0.1103818 0.0561119 1.486242 0.1103768 -0.1129478 1.543702 0.006199927 -0.1092716 1.546301 0.006214185 0.03137731 1.518869 -0.0435024 -0.104012 1.543702 0.1006438 -0.1004037 1.546301 0.09994033 -0.09967591 1.543701 0.1149533 -0.09642722 1.546301 0.1132327 0.03275714 1.518869 0.126734 0.0453534 1.516271 0.1191471 0.04707375 1.518869 0.1223959 0.03205395 1.516271 0.1231257 -0.07545569 1.546301 0.1305788 -0.08766664 1.546301 0.1239915 -0.0900097 1.543701 0.1268243 -0.06166764 1.543702 0.135668 -0.06165338 1.546301 0.1319918 -0.07653649 1.543701 0.1340926 0.03277625 1.543702 0.1267322 0.03207277 1.546301 0.1231239 -0.104012 1.543702 0.1006438 -0.09967573 1.518869 0.1149413 -0.09967591 1.543701 0.1149533 -0.1129478 1.543702 0.006199927 -0.112946 1.518869 0.006219045 -0.1040138 1.518869 0.1006247 -0.11137 1.518869 -0.008657134 0.03277625 1.543702 0.1267322 0.04707375 1.518869 0.1223959 0.04708577 1.543701 0.1223961 0.03275714 1.518869 0.126734 0.05895673 1.543701 0.1127299 -0.06166764 1.543702 0.135668 -0.06164853 1.518869 0.1356662 0.05895071 1.518869 0.1127249 0.06622257 1.518869 0.09924487 0.06622501 1.543701 0.09925665 0.06779862 1.518869 0.0843687 0.0678004 1.543702 0.08438781 0.05886646 1.518869 -0.01003697 0.05886462 1.543702 -0.01005608 -0.0900047 1.518869 0.1268183 -0.0900097 1.543701 0.1268243 -0.07652471 1.518869 0.1340901 -0.07653649 1.543701 0.1340926 -0.07792365 1.543702 -0.03614443 0.01652025 1.543702 -0.04508022 0.01650114 1.518869 -0.04507845 -0.07790454 1.518869 -0.03614627 -0.09222114 1.518869 -0.03180815 0.03137731 1.518869 -0.0435024 0.05452851 1.543701 -0.02436561 0.03138909 1.543701 -0.04350483 0.04485731 1.518869 -0.03623053 0.0448623 1.543701 -0.03623656 0.05452834 1.518869 -0.02435357 -0.1113724 1.543701 -0.00866891 -0.1040981 1.518869 -0.02213713 -0.1041041 1.543701 -0.02214212 -0.09223318 1.543701 -0.03180834 0.06412424 1.546301 0.08437354 0.0678004 1.543702 0.08438781 0.06271128 1.546301 0.09817585 0.06622501 1.543701 0.09925665 -0.0964269 1.516271 0.113221 -0.09967573 1.518869 0.1149413 0.04536515 1.546301 0.1191474 0.04708577 1.543701 0.1223961 0.05612397 1.546301 0.1103868 0.05895673 1.543701 0.1127299 0.05611794 1.516271 0.1103818 0.05895071 1.518869 0.1127249</float_array>
          <technique_common>
            <accessor count="1801" source="#verts-array-array" stride="3">
              <param type="float" name="X" />
              <param type="float" name="Y" />
              <param type="float" name="Z" />
            </accessor>
          </technique_common>
        </source>
        <source id="normals-array">
          <float_array count="5403" id="normals-array-array">0.06431513 0.08055072 0.9946734 0.2097782 -0.0838043 0.9741509 0.2184559 0.0718248 0.9732 0.05563742 -0.07507838 0.9956243 0.03394927 -0.3049255 0.9517709 0.1928432 -0.3137715 0.9297091 0.4311517 -0.09916309 0.8968137 -0.1697574 0.09606026 0.980793 -0.178545 -0.0643579 0.9818247 0.9979425 0.02204713 -0.06020523 0.9677718 -0.1333268 -0.213639 0.9764496 0.02230229 -0.2145899 0.9892648 -0.133582 -0.05925436 0.9312498 -0.3610729 -0.04899049 0.9091769 -0.360666 -0.2081285 0.890321 -0.1329065 -0.4355047 0.9843198 0.02678252 0.174348 -0.03248444 0.9968379 -0.07251889 -0.01099148 0.9965828 0.08186573 0.1216563 0.9881119 -0.09399232 -0.2632625 0.9637651 -0.04300854 -0.2409586 0.9635664 0.1160976 0.1431493 0.9878568 0.0603923 0.3688001 0.9289767 0.03144379 0.0157072 0.9503713 0.3107213 0.1745664 0.9414501 0.2884409 -0.9892648 0.133582 0.05925433 -0.9764496 -0.02230226 0.2145899 -0.9677718 0.1333269 0.213639 -0.9979425 -0.02204717 0.06020526 -0.965584 -0.2546855 0.05275281 -0.9434945 -0.2547963 0.211889 -0.8992814 -0.02779195 0.4364866 -0.8904295 0.1326221 0.4353696 -0.9753594 0.1339159 -0.1753298 -0.05563739 0.07507834 -0.9956243 -0.2184559 -0.07182477 -0.9732 -0.2097781 0.08380433 -0.9741509 -0.06828341 -0.3108328 -0.9480086 -0.2271608 -0.3016906 -0.9259485 -0.06431517 -0.08055075 -0.9946734 -0.4401121 -0.06153535 -0.8958319 0.1787178 0.06463819 -0.9817748 -0.08956896 -0.9424591 0.3220998 -0.2457979 -0.7543589 0.6087085 -0.3126774 -0.8809813 0.3551123 -0.3466071 -0.9292402 0.1279696 -0.1216563 -0.9881119 0.09399229 -0.1431492 -0.9878568 -0.06039234 -0.5676324 -0.7375728 0.3657593 -0.6113362 -0.7744923 0.1625723 -0.4767411 -0.6553279 0.5858867 0.001840848 -0.5796199 0.8148849 -0.2075816 -0.5548187 0.8056588 -0.04140558 -0.8035762 0.59376 -0.4442184 -0.4869136 0.752054 -0.1998082 -0.2924341 0.9351786 -0.7544958 -0.5266695 0.3916062 -0.8210298 -0.5376586 0.1919202 -0.3686176 -0.9290581 -0.03117737 -0.6344347 -0.4773462 0.6079747 -0.4734935 -0.2535842 0.843504 -0.4612945 0.1092156 0.8804995 -0.470087 -0.04628272 0.8814057 -0.7144438 0.1219263 0.6889876 -0.72319 -0.03357497 0.6898325 -0.6989083 -0.2425702 0.6728201 -0.8638562 -0.25973 0.4316164 -0.8425587 -0.5372858 0.0376664 -0.6329219 -0.7741708 0.008326405 0.06857114 0.3106685 0.9480417 0.2210676 0.5769739 0.7862762 0.06704801 0.5858075 0.8076721 -0.1435292 0.5840169 0.7989516 -0.1641257 0.3253764 0.9312319 -0.4419926 0.3154275 0.8397309 -0.3866593 0.5425527 0.745742 0.0483427 0.8104448 0.583817 -0.1604982 0.7840708 0.5995609 -0.4007145 0.7113618 0.5774013 -0.2139622 0.9146123 0.3430809 -0.6675279 0.3264493 0.6692065 -0.5770103 0.5521288 0.6018413 -0.5428452 0.8398309 -0.001782979 -0.5214862 0.8395222 0.1524945 -0.4817416 0.8008192 0.355828 -0.7774829 0.6281509 0.03076911 -0.7560731 0.6277849 0.1850395 -0.690602 0.6121763 0.3851092 -0.9312902 0.3609284 0.04928782 -0.9090568 0.3608095 0.2084039 -0.8292323 0.3581482 0.4290731 -0.6460502 -0.7369746 -0.198715 -0.3992389 -0.8798988 -0.2576557 -0.1748688 -0.9413611 -0.2885484 -0.4035665 -0.7521389 -0.5209809 -0.2025919 -0.8017127 -0.5623285 -0.6190718 -0.6536314 -0.4353346 -0.8327658 -0.525938 -0.1728884 -0.7766 -0.4755005 -0.4132694 -0.9491184 -0.2574752 -0.1813306 -0.4195245 -0.5521422 -0.7205124 -0.2208341 -0.5771016 -0.7862481 -0.6328141 -0.48484 -0.6037189 -0.9843552 -0.02648998 -0.1741928 -0.8754418 0.124074 -0.4671267 -0.8564823 -0.2401746 -0.4568962 -0.8840688 -0.03143401 -0.4662984 -0.6843211 0.1116341 -0.7205848 -0.6928868 -0.04387702 -0.7197101 -0.6861619 -0.2515624 -0.6825674 -0.4310312 0.09886619 -0.8969045 -0.4466153 -0.2908022 -0.8461494 -0.06681839 -0.585706 -0.8077647 -0.0485867 -0.8103713 -0.5838986 -0.06902074 0.9514369 -0.3000066 -0.3172559 0.7862335 -0.5302694 -0.2980636 0.9155556 -0.2700298 -0.5605221 0.8014379 -0.2085957 -0.5427322 0.7130406 -0.4438636 -0.1123805 0.8122821 -0.572336 -0.15609 0.588352 -0.7933964 -0.3564832 0.5867505 -0.7270788 -0.5755679 0.544644 -0.6099872 -0.002057706 0.5797474 -0.8147937 0.04165629 0.803623 -0.593679 -0.03425351 0.3047937 -0.9518022 -0.1931109 0.3139357 -0.9295981 -0.4133929 0.3271476 -0.8497533 -0.7695144 0.6129441 -0.1792959 -0.7191756 0.5539745 -0.4194029 -0.6542984 0.3174288 -0.686391 -0.8244594 0.3288085 -0.4605993 -0.9144944 0.360403 -0.1838739 0.06933119 -0.9513807 0.3001132 0.03248441 -0.9968379 0.07251893 0.2630719 -0.9638289 0.04274301 0.2991222 -0.9156232 0.2686264 0.2410695 -0.9635016 -0.1164049 0.5213372 -0.8395756 -0.1527103 0.5602522 -0.8017512 0.2081167 0.5428669 -0.7130492 0.4436851 0.01099152 -0.9965828 -0.0818657 0.7692535 -0.6131099 0.1798481 0.7192062 -0.5538167 0.4195586 0.7775812 -0.6280402 -0.0305462 0.5429297 -0.8397768 0.001534902 0.7560395 -0.6278964 -0.1847986 0.9147352 -0.3591631 0.1850983 0.3178047 -0.7859381 0.5303786 0.1125929 -0.8123551 0.5721905 0.3560327 -0.5865394 0.7274698 0.1558438 -0.5884533 0.7933697 0.5754026 -0.5447932 0.61001 0.975427 -0.1336311 0.1751712 0.8841256 0.03166461 0.4661751 0.8247838 -0.328316 0.4603698 0.8754111 -0.123837 0.4672471 0.6929789 0.04363692 0.7196361 0.684203 -0.1118616 0.7206617 0.6544065 -0.317949 0.6860471 0.4399594 0.06125482 0.8959261 0.4120936 -0.3283199 0.8499323 0.3465043 0.9293206 -0.1276633 0.3981803 0.8799664 0.259059 0.6462839 0.7366391 0.199198 0.2023728 0.8016655 0.5624747 0.4030538 0.7524922 0.5208677 0.6189371 0.65364 0.4355131 0.4199955 0.5522972 0.7201191 0.227445 0.3018227 0.9258358 0.6329618 0.4846732 0.603698 0.4477761 0.2894907 0.8459857 0.6328442 0.774237 -0.008079062 0.8330063 0.5257375 0.1723385 0.8424732 0.5374041 -0.03789072 0.6114785 0.7744254 -0.1623558 0.776587 0.4756588 0.4131117 0.6859969 0.2510617 0.6829175 0.8562148 0.2407029 0.4571195 0.9490161 0.2587191 0.180091 0.9656078 0.2545338 -0.05304833 0.8210507 0.5375411 -0.1921597 -0.01597675 -0.950428 -0.3105341 0.2125607 -0.9145406 -0.3441416 0.4818706 -0.8005043 -0.3563616 0.1599999 -0.7843668 -0.5993069 0.4005362 -0.7113527 -0.5775362 0.1440693 -0.5842291 -0.7986992 0.165425 -0.3242042 -0.9314109 0.3868246 -0.5424036 -0.7457648 0.6910039 -0.6120122 -0.3846488 0.5770233 -0.5522871 -0.6016836 0.1696168 -0.09576312 -0.9808463 0.4699784 0.04652302 -0.881451 0.4417949 -0.3149064 -0.8400305 0.4614293 -0.1089883 -0.880457 0.7231016 0.03334474 -0.6899364 0.7145062 -0.1221636 -0.6888809 0.6671529 -0.3269412 -0.6693403 0.8993577 0.02749892 -0.436348 0.8293345 -0.3593921 -0.4278336 0.08983041 0.9423705 -0.322286 0.314079 0.8809097 -0.3540517 0.5675396 0.7379065 -0.3652297 0.4769194 0.6553187 -0.5857518 0.7541143 0.5268716 -0.3920689 0.6344041 0.4771884 -0.6081305 0.943391 0.2549489 -0.2121663 0.8636155 0.2584902 -0.4328408 0.2462601 0.7540062 -0.6089586 0.2070211 0.5546647 -0.805909 0.4440707 0.4870805 -0.7520331 0.6992264 0.2420413 -0.6726801 0.4737481 0.2540838 -0.8432106 0.1986474 0.2937457 -0.9350148 -0.07793674 0.07793656 0.9939073 0.07793678 -0.07793701 0.9939073 0.07793641 0.07793667 0.9939073 -0.07793663 -0.07793655 0.9939073 0.3082146 0.08018678 0.9479313 -0.08047606 -0.3083629 0.9478586 0.07835304 -0.3064314 0.9486625 -0.08018651 0.3082148 0.9479313 -0.3083633 0.08047554 0.9478585 -0.3082148 -0.0801863 0.9479313 0.9935493 0.08018787 0.08018522 0.900447 0.3081821 0.306951 0.9483772 0.08302233 0.3060849 0.9939073 -0.07793684 -0.07793633 0.9939074 0.07793652 -0.0779363 0.9479313 0.08018647 -0.3082149 0.9939073 -0.07793695 0.07793668 0.9478586 -0.3083631 0.08047564 0.9486628 -0.3064309 -0.07835218 0.9484532 0.30592 0.08276199 -0.0779366 0.9939073 -0.07793701 -0.07793663 0.9939073 0.07793688 0.07793672 0.9939073 -0.07793671 -0.3082149 0.9479313 0.08018666 0.07793667 0.9939073 0.07793648 0.3083631 0.9478586 0.08047545 -0.08018648 0.9479312 -0.3082151 -0.08047576 0.9478586 0.308363 -0.9939073 0.07793702 0.07793635 -0.9935493 -0.08018492 -0.08018871 -0.9939074 -0.07793599 0.07793653 -0.9478585 -0.0804757 0.3083633 -0.9486624 0.07835345 0.3064316 -0.9479312 0.3082151 -0.08018659 -0.9939073 0.07793702 -0.07793676 -0.9004469 -0.3069503 -0.3081833 -0.9483771 -0.3060849 -0.08302337 -0.9486623 -0.3064321 0.07835335 -0.948453 -0.08276213 -0.3059206 -0.07793678 0.07793686 -0.9939073 0.08018668 0.3082141 -0.9479315 0.07793674 0.07793649 -0.9939073 -0.07793687 -0.07793713 -0.9939073 -0.3083631 -0.08047561 -0.9478586 0.07793647 -0.07793653 -0.9939073 0.08047567 -0.3083632 -0.9478585 -0.07835257 -0.3064318 -0.9486624 0.3082148 -0.08018664 -0.9479313 -0.0783528 -0.9486627 0.3064309 -0.3083627 -0.9478587 0.08047561 -0.07793672 -0.9939073 0.07793639 -0.5703743 -0.7703059 0.285135 -0.5835785 -0.8083027 0.07799251 -0.5837004 -0.8082365 -0.0777668 -0.3082145 -0.9479315 -0.08018598 -0.3112037 -0.8991913 0.307583 -0.07793666 -0.9939073 -0.07793627 0.07793804 -0.9939071 -0.07793841 0.07793691 -0.9939072 0.07793766 -0.07539965 -0.807137 0.5855294 -0.2867036 -0.7686481 0.5718227 -0.5153392 -0.6844367 0.5157247 -0.2851927 -0.570431 0.7702426 -0.5154973 -0.5155673 0.6844362 -0.3100477 -0.3088038 0.8991722 -0.07800158 -0.5835861 0.8082963 -0.6844583 -0.5155972 0.515438 -0.7687103 -0.5717675 0.2866469 -0.8082963 -0.5835863 -0.07800091 -0.8071424 -0.5855232 0.07538989 -0.7703059 -0.2851349 0.5703744 -0.5701916 -0.2846241 0.7706301 -0.5835856 0.07800097 0.8082968 -0.5836933 -0.07775681 0.8082426 -0.8083022 -0.07799142 0.5835793 -0.8071363 0.07539936 0.5855305 -0.8991911 -0.307584 0.3112033 0.07872422 0.3066676 0.9485555 -0.2846239 0.5701921 0.7706297 -0.3088044 0.3100476 0.899172 -0.570431 0.2851911 0.7702432 -0.5155672 0.515497 0.6844365 -0.07799198 0.8083027 0.5835787 -0.2851347 0.7703062 0.5703741 -0.07775727 0.5836936 0.8082423 0.07574731 0.5853238 0.8072536 0.075399 0.8071368 0.5855299 0.07835269 0.9486627 0.3064309 -0.7686482 0.2867033 0.5718227 -0.5155963 0.6844584 0.5154388 -0.684437 0.5153393 0.5157241 -0.7684851 0.5718785 0.2870291 -0.3083631 0.9478585 -0.08047613 -0.5702041 0.7706252 0.2846122 -0.3100472 0.8991722 0.3088045 -0.583701 0.8082361 0.07776651 -0.5835859 0.8082965 -0.07800131 -0.8072532 0.5853243 0.0757479 -0.8082363 0.5837006 -0.07776714 -0.8992156 0.3089029 0.3098231 -0.9485554 0.3066679 0.07872423 -0.0804755 -0.9478588 -0.3083625 -0.5702475 -0.7705679 -0.2846803 -0.3100476 -0.8991723 -0.3088037 0.07776715 -0.808237 -0.5836996 0.08018685 -0.9479311 -0.3082153 -0.2852033 -0.7702469 -0.5704198 -0.07799176 -0.8083023 -0.5835793 -0.515625 -0.6844148 -0.515468 -0.6844365 -0.5155668 -0.5154973 -0.7702432 -0.5704308 -0.2851912 -0.2867139 -0.5718114 -0.7686526 0.07800024 -0.5835859 -0.8082966 -0.0753898 -0.5855229 -0.8071427 -0.5153385 -0.5157251 -0.6844368 -0.570375 -0.2851338 -0.7703059 -0.77063 -0.2846234 -0.570192 -0.9478586 0.08047604 -0.3083631 -0.8082423 -0.07775785 -0.5836936 -0.8082966 0.07800106 -0.5835858 -0.5837005 0.07776677 -0.8082364 -0.5835788 -0.07799191 -0.8083025 -0.3082147 0.08018644 -0.9479313 -0.3112027 -0.3075835 -0.8991915 0.08047574 0.9478586 -0.3083631 -0.2846122 0.7706257 -0.5702035 -0.3088044 0.8991719 -0.3100478 -0.5704307 0.7702431 -0.2851918 -0.5155672 0.6844365 -0.5154969 -0.07776654 0.8082365 -0.5837003 -0.2870294 0.5718785 -0.7684849 0.07799193 0.8083027 -0.5835786 -0.07574798 0.5853243 -0.8072532 -0.3122838 0.3064996 -0.8991868 0.07775796 0.5836934 -0.8082423 -0.7705678 0.5702474 -0.2846809 -0.5157252 0.5153394 -0.6844361 -0.6844148 0.5156255 -0.5154675 -0.5702473 0.2846805 -0.770568 -0.07872446 0.3066672 -0.9485556 -0.7702431 0.2851919 -0.5704307 -0.8991719 0.3100483 -0.308804 0.08047546 -0.9478587 0.3083626 0.3082144 -0.9479314 0.08018689 0.3100473 -0.8991725 0.3088033 0.285204 -0.7702478 0.5704182 0.3083637 -0.9478583 -0.08047606 0.5835784 -0.8083029 -0.07799184 0.5836926 -0.8082429 0.07775789 0.5701914 -0.7706301 0.2846243 0.5154977 -0.6844366 0.5155664 0.8083024 -0.583579 0.07799249 0.7703057 -0.5703748 0.2851346 0.8991722 -0.3088039 0.3100475 0.07799165 -0.8083032 0.5835779 0.2867149 -0.5718103 0.7686531 0.07538979 -0.5855223 0.8071431 0.6844587 -0.5154391 0.5155956 0.515339 -0.515725 0.6844366 0.5703742 -0.2851352 0.7703059 0.9479313 -0.08018639 0.3082147 0.8082969 0.07800108 0.5835854 0.7706303 -0.2846233 0.5701917 0.8082425 -0.07775747 0.5836933 0.5835791 -0.07799153 0.8083024 0.3083629 -0.08047577 0.9478586 0.5837009 0.07776714 0.8082361 0.3112025 -0.307583 0.8991917 0.3112031 0.8991914 0.3075831 0.5703748 0.7703058 0.2851342 0.308215 0.9479313 -0.08018648 0.286635 0.7687062 0.571779 0.515438 0.6844594 0.5155957 0.2870287 0.5718789 0.7684849 0.3122838 0.3064997 0.8991867 0.5835786 0.8083027 0.07799199 0.5837003 0.8082365 -0.07776699 0.7706297 0.5701922 0.2846238 0.8082422 0.5836936 0.07775778 0.6844366 0.5154973 0.5155668 0.5157248 0.5153395 0.6844364 0.5702476 0.2846802 0.7705679 0.7702432 0.2851906 0.5704312 0.9485557 0.306667 -0.0787242 0.8072531 0.5853244 -0.07574805 0.308803 -0.8991725 -0.3100477 0.5704187 -0.770248 -0.2852026 0.2846799 -0.7705687 -0.5702467 0.5154667 -0.6844149 -0.5156261 0.2851916 -0.5704318 -0.7702424 0.5154973 -0.5155664 -0.6844368 0.7686524 -0.5718114 -0.2867144 0.8071429 -0.5855227 -0.07538942 0.6844368 -0.5157241 -0.5153396 0.7684888 -0.2870406 -0.5718676 0.570192 -0.2846241 -0.7706298 0.3100482 -0.3088039 -0.899172 0.3083629 0.08047551 -0.9478587 0.5836937 -0.07775795 -0.8082422 0.5835857 0.07800058 -0.8082967 0.8072592 -0.07573879 -0.5853172 0.8082361 0.07776663 -0.5837009 0.8992158 -0.3098233 -0.308902 0.9485557 -0.07872434 -0.306667 0.3100481 0.899172 -0.3088041 0.2851349 0.7703059 -0.5703744 0.5702474 0.7705679 -0.2846807 0.7684257 0.5719235 -0.2870984 0.6844144 0.5154681 -0.5156254 0.8991865 0.3064999 -0.3122842 0.5155672 0.5154976 -0.6844361 0.2846241 0.5701916 -0.7706301 0.5157246 0.6844368 -0.5153391 0.7705679 0.2846804 -0.5702475 0.5704308 0.2851913 -0.7702433 0.3088041 0.3100474 -0.8991722 -0.08025118 0.08398784 0.99323 0.07544144 -0.07205964 0.9945431 0.07562139 0.08380967 0.9936082 -0.08043139 -0.07188194 0.9941649 -0.0831249 -0.3025775 0.9494931 0.07570299 -0.3008224 0.9506708 0.3060127 0.08552148 0.9481784 -0.0821238 0.3139885 0.9458683 -0.3105624 0.08651322 0.9466079 -0.3106 -0.07414478 0.9476445 0.9934443 0.07953517 0.08211332 0.9000573 0.3089917 0.3072799 0.9477291 0.08377632 0.3078815 0.9940024 -0.07953584 -0.07505534 0.9941823 0.07633413 -0.07599124 0.9487662 0.07725413 -0.3063895 0.9936252 -0.07860097 0.08081372 0.9473042 -0.3089558 0.08462334 0.9484948 -0.3079777 -0.07421146 0.9486027 0.3053296 0.08322659 -0.07659897 0.9935101 -0.08408507 -0.3073119 0.9487466 0.0737513 -0.07697521 0.9944455 0.07178356 0.07927224 0.9933322 -0.08370784 0.07889625 0.9942675 0.07216379 0.3092616 0.9479722 0.07553744 -0.07834524 0.9461556 -0.3140884 -0.08012591 0.9497831 0.3024762 -0.9940023 0.07953645 0.07505586 -0.9934443 -0.07953159 -0.0821167 -0.9941822 -0.07633466 0.07599177 -0.9486941 -0.07754248 0.3065397 -0.94931 0.08127212 0.3036533 -0.9473779 0.3088091 -0.08433349 -0.9936252 0.07860088 -0.08081366 -0.9000527 -0.3077668 -0.3085202 -0.9485266 -0.3054952 -0.08348639 -0.9492026 -0.3048738 0.07788708 -0.947805 -0.08351419 -0.307719 -0.07544153 0.0720604 -0.994543 0.08283629 0.3024299 -0.9495653 0.08043131 0.07188211 -0.9941649 -0.07562151 -0.08381087 -0.9936081 -0.3061614 -0.08581056 -0.9481043 0.08025113 -0.08398841 -0.9932299 0.08241267 -0.314137 -0.9457939 -0.07641117 -0.312029 -0.9469948 0.3104146 -0.08622499 -0.9466826 -0.08019004 -0.9467167 0.3119246 -0.3096517 -0.9470062 0.08541065 -0.07927335 -0.9933322 0.08370682 -0.3129852 -0.896974 0.3122147 -0.5719522 -0.7679301 0.2883644 -0.5846991 -0.8071539 0.0814224 -0.5844435 -0.8080224 -0.0743338 -0.3091146 -0.9480432 -0.07524734 0.07697669 -0.9944453 -0.07178502 0.07659942 -0.9935101 0.08408502 -0.07889615 -0.9942675 -0.07216325 -0.07774777 -0.8035219 0.5901761 -0.2889732 -0.7648757 0.5757253 -0.5173752 -0.6807426 0.5185676 -0.2877123 -0.5654733 0.7729564 -0.5177468 -0.5108625 0.6862636 -0.08063058 -0.5786357 0.8115907 -0.3125789 -0.3030488 0.9002532 -0.6862984 -0.5117139 0.5168592 -0.7700617 -0.5691604 0.2882037 -0.8087792 -0.5831209 -0.07646079 -0.8079987 -0.5841387 0.07694137 -0.7720126 -0.280827 0.5702042 -0.5854492 0.08351546 0.8063959 -0.5857368 -0.07224033 0.8072755 -0.5723833 -0.2793429 0.7709376 -0.8098018 -0.07356633 0.582073 -0.8084633 0.07983201 0.5831071 -0.9002968 -0.3046841 0.3108589 0.07678332 0.3122638 0.9468873 -0.2858289 0.5751303 0.7665031 -0.3106203 0.3157898 0.8965444 -0.5719633 0.2904588 0.7671321 -0.516626 0.5201829 0.680079 -0.07903875 0.5886217 0.8045355 -0.07846979 0.8118779 0.5785298 -0.2856238 0.7740391 0.5650509 0.07446959 0.5900706 0.8039098 0.0749137 0.8105493 0.5808595 0.0787065 0.9503942 0.3009256 -0.7696978 0.2910055 0.5682262 -0.5160511 0.6881265 0.5100717 -0.6850867 0.5192045 0.5109627 -0.7685158 0.5744667 0.2817295 -0.3070717 0.9477099 -0.08690774 -0.5700001 0.7729691 0.2786011 -0.3097555 0.9013616 0.3026529 -0.5829532 0.8093535 0.07150133 -0.5824615 0.8084789 -0.08426411 -0.8067574 0.5866888 0.07027712 -0.8996052 0.3117811 0.3057826 -0.807371 0.5841449 -0.08322738 -0.9483884 0.3082158 0.07458197 -0.08082417 -0.9495993 -0.3028672 -0.5704465 -0.7716114 -0.2814368 -0.3103381 -0.9006547 -0.3041569 -0.2847123 -0.7733302 -0.5664797 -0.07751316 -0.8117003 -0.5789079 0.07824504 -0.8118128 -0.5786517 0.0798368 -0.9498544 -0.3023287 -0.5151667 -0.686907 -0.5126032 -0.683782 -0.5178703 -0.5140551 -0.7702092 -0.571253 -0.2836332 -0.2855145 -0.5760857 -0.7659025 0.07928204 -0.5885147 -0.8045899 -0.07411345 -0.5902693 -0.8037968 -0.5142765 -0.5192351 -0.6825794 -0.5688379 -0.2891009 -0.7699637 -0.7695763 -0.2871616 -0.5703424 -0.9470162 0.07970554 -0.3111388 -0.8069168 -0.08033704 -0.5851762 -0.8067914 0.07542084 -0.5860028 -0.5834876 0.07122292 -0.8089929 -0.581711 -0.082175 -0.8092339 -0.3040445 0.07300885 -0.9498561 -0.3093807 -0.3126189 -0.8980829 -0.2823409 0.7675145 -0.5755042 -0.3070138 0.8976469 -0.3161844 0.08231556 0.9458985 -0.3138473 -0.5688491 0.7691681 -0.2911893 -0.5135272 0.6819186 -0.5208424 -0.07542092 0.8048079 -0.588724 -0.2845084 0.567584 -0.7725952 -0.07311889 0.5805562 -0.8109304 0.08033659 0.8046967 -0.5882256 -0.3072897 0.3038538 -0.9018015 0.08038746 0.5787449 -0.811537 -0.5134719 0.5118106 -0.6887645 -0.6825699 0.5133026 -0.5202102 -0.7692176 0.5694073 -0.2899648 -0.56963 0.2827374 -0.7717391 -0.07607522 0.3010597 -0.950566 -0.7685307 0.2826423 -0.5739982 -0.8980632 0.309215 -0.3128394 0.0786345 -0.9460823 0.314237 0.3069244 -0.9477841 0.08661816 0.3082607 -0.8976559 0.3149432 0.2829322 -0.7671358 0.5757187 0.5825699 -0.8084262 0.08402006 0.5686108 -0.7695581 0.2906236 0.3074618 -0.9486755 -0.07404109 0.5828317 -0.8094211 -0.07172641 0.5134571 -0.6819182 0.5209121 0.8074367 -0.5840221 0.08345134 0.7689544 -0.5695317 0.2904182 0.8980619 -0.3079635 0.3140754 0.07564581 -0.8048743 0.5886043 0.284193 -0.5675152 0.7727618 0.07276008 -0.5807549 0.8108204 0.6826132 -0.5131155 0.520338 0.5130856 -0.5121956 0.6887661 0.5681793 -0.2811571 0.7733841 0.9470898 -0.07941665 0.3109887 0.8069715 0.08057901 0.5850675 0.7689185 -0.2820763 0.5737572 0.5815306 -0.07380581 0.8101697 0.8067372 -0.07517576 0.586109 0.3059756 -0.07513791 0.9490697 0.5818323 0.08194927 0.8091696 0.3086708 -0.3025364 0.9017727 0.3114957 0.9006656 0.3029388 0.5705716 0.7713524 0.2818929 0.3095021 0.947081 -0.08512312 0.2861388 0.7717963 0.5678512 0.5149786 0.6869528 0.5127308 0.2858289 0.5761522 0.7657353 0.3104613 0.3115334 0.8980873 0.5843211 0.8080903 0.0745585 0.7705973 0.5710101 0.2830675 0.8087258 0.5832269 0.07621606 0.5848208 0.8070884 -0.08119698 0.683781 0.5178021 0.514125 0.5146617 0.5188493 0.6825824 0.5687091 0.2886486 0.7702285 0.7691894 0.2877306 0.5705775 0.9490968 0.3051074 -0.07826032 0.8081103 0.5839373 -0.07729773 0.2851689 -0.7743005 -0.5649224 0.3085142 -0.901368 -0.3038992 0.5702171 -0.7725951 -0.2791939 0.515923 -0.6880838 -0.5102589 0.2863954 -0.5753674 -0.7661136 0.5165565 -0.520252 -0.6800788 0.768683 -0.5743974 -0.2814146 0.8066454 -0.5868856 -0.06991836 0.6850857 -0.5195878 -0.5105743 0.7695384 -0.2913441 -0.5682687 0.3107482 0.07443471 -0.9475732 0.5717257 -0.2898932 -0.767523 0.3118662 -0.3145471 -0.8965487 0.585557 -0.08327251 -0.8063428 0.5856295 0.07248323 -0.8073316 0.8085848 -0.08017062 -0.5828921 0.8097356 0.07334074 -0.5821937 0.8996019 -0.3126969 -0.3048559 0.9492033 -0.08164493 -0.3038869 0.2874031 0.7665436 -0.5742912 0.3118324 0.8969484 -0.3134392 0.5718238 0.7681948 -0.2879137 0.7697786 0.5693136 -0.2886571 0.6862543 0.5115845 -0.5170457 0.900293 0.3035943 -0.3119342 0.5178161 0.5107934 -0.6862628 0.2871454 0.5652323 -0.7733433 0.5177598 0.6807441 -0.5181816 0.772274 0.2803741 -0.5700731 0.5726218 0.2799135 -0.7705535 0.3113366 0.3042945 -0.9002635 0.01585743 0.1291365 0.9915 -0.3175213 0.4582222 0.8301883 -0.3578927 0.1356753 0.9238534 -0.3661575 -0.1114558 0.9238541 0.007193335 -0.1299058 0.9915002 0.2613429 0.4814641 0.8365956 0.01672784 0.4896481 0.8717597 0.2636018 -0.1384834 0.9546394 0.2722667 0.1205586 0.9546395 0.2285852 -0.4978537 0.8365946 0.5376743 -0.4655823 0.7029505 0.6032054 -0.1438797 0.784501 -0.3474346 -0.4359771 0.8301886 -0.01603231 -0.4896677 0.8717617 0.9852008 0.09745525 -0.1410029 0.9866134 -0.1626687 -0.01153181 0.9764857 -0.1630762 -0.1410029 0.9952786 0.09637231 -0.01153082 0.9274702 0.09267743 0.362229 0.8401262 -0.5282193 -0.1231761 0.8147687 -0.4748526 0.3326665 0.8548935 -0.5188035 -0.0003481706 0.8735478 0.4708947 -0.1231762 0.8876526 0.4605136 -0.0003481016 0.8446821 0.4193435 0.3326608 -0.07691792 0.9861849 0.1467074 0.1620884 0.9866021 -0.01853634 -0.09579504 0.9952285 0.01853616 -0.3530782 0.7866848 0.5064215 -0.0238201 0.8642271 0.5025377 0.1794896 0.9776081 0.1098448 0.5311044 0.8456659 0.05270099 -0.4382594 0.8780911 0.1920538 0.2207959 0.8560454 0.4673708 0.5320312 0.757076 0.3791818 -0.9764857 0.1630762 0.1410029 -0.9584388 -0.09760464 0.2680829 -0.9497733 0.1614369 0.2680834 -0.9852008 -0.09745518 0.1410029 -0.8525063 -0.4616901 0.2451024 -0.7175127 -0.4235969 0.5529387 -0.7881969 -0.0973367 0.6076769 -0.7799298 0.149792 0.6076774 -0.404863 -0.7613303 0.5064209 -0.1426508 -0.9788402 0.146706 -0.08152137 -0.8607039 0.5025367 -0.4959599 -0.8468411 0.192052 -0.5234353 -0.8490951 0.07108484 -0.1620895 -0.9866019 0.0185365 0.09579504 -0.9952285 -0.01853616 0.1137572 -0.9874174 0.1098462 -0.8735475 -0.4708952 0.1231762 -0.6875998 0.4706005 0.5529391 -0.8197478 0.5176283 0.245101 -0.4655238 0.882176 0.07108476 -0.8401266 0.5282186 0.1231761 0.4802464 -0.7909384 0.3791832 0.1630941 -0.8688876 0.46737 0.4734038 -0.8792676 0.05270133 0.4655228 -0.8821766 -0.07108463 0.9192037 -0.1544502 0.3622287 0.6114723 0.1032465 0.784501 0.5234347 0.8490954 -0.07108476 0.567587 0.4286113 0.7029491 0.01585732 0.1291345 0.9915003 0.2636018 -0.1384854 0.9546391 0.2722674 0.1205574 0.9546394 -0.3661595 -0.1114554 0.9238533 0.007191732 -0.1299068 0.9915001 0.2613451 0.481463 0.8365956 0.01672826 0.4896471 0.8717602 -0.3175223 0.458218 0.8301903 -0.3578905 0.1356741 0.9238544 0.2285852 -0.4978546 0.836594 0.5376733 -0.4655849 0.7029496 0.6032052 -0.1438812 0.7845009 -0.3474346 -0.4359774 0.8301885 -0.01603291 -0.4896708 0.87176 0.9852008 0.09745537 -0.1410029 0.9866133 -0.1626688 -0.01153163 0.9764857 -0.1630763 -0.1410029 0.9952786 0.09637231 -0.01153055 0.9274701 0.09267722 0.3622295 0.8401263 -0.5282191 -0.1231762 0.8147681 -0.4748542 0.3326656 0.8548931 -0.5188041 -0.0003486695 0.8446809 0.4193431 0.3326643 0.8735479 0.4708945 -0.1231762 0.8876526 0.4605136 -0.0003479211 -0.07691818 0.9861849 0.1467068 0.1620887 0.9866021 -0.01853638 -0.09579497 0.9952285 0.01853615 -0.3530777 0.7866845 0.5064223 -0.02381878 0.8642289 0.5025347 0.1794903 0.9776079 0.1098457 0.5311052 0.8456654 0.05270043 -0.4382596 0.8780915 0.1920517 0.2207968 0.8560451 0.467371 0.5320313 0.7570767 0.3791801 -0.9764857 0.163076 0.1410029 -0.9584386 -0.09760484 0.2680836 -0.9497736 0.1614368 0.2680824 -0.9852008 -0.09745531 0.1410029 -0.8525066 -0.4616898 0.2451019 -0.7175119 -0.4235976 0.5529392 -0.7881964 -0.09733646 0.6076775 -0.7799282 0.1497927 0.6076793 -0.4048614 -0.7613301 0.5064226 -0.1426505 -0.9788402 0.1467061 -0.08152176 -0.8607045 0.5025356 -0.4959596 -0.8468411 0.1920525 0.09579429 -0.9952285 -0.01853613 0.1137577 -0.9874174 0.1098452 -0.5234356 -0.8490949 0.07108481 -0.1620891 -0.986602 0.01853637 -0.8735478 -0.4708947 0.1231762 -0.6876002 0.4705997 0.5529393 -0.8197478 0.5176283 0.2451011 -0.4655227 0.8821766 0.0710846 -0.8401263 0.5282192 0.1231761 0.4802465 -0.7909388 0.3791822 0.1630953 -0.8688868 0.467371 0.4734038 -0.8792676 0.05270063 0.4655222 -0.8821769 -0.07108463 0.9192034 -0.1544509 0.3622291 0.6114722 0.1032465 0.784501 0.5234352 0.8490951 -0.07108478 0.567587 0.4286115 0.702949 -0.08225463 0.08225342 0.9932112 0.08118834 -0.08118658 0.9933867 0.08118961 0.08118873 0.9933864 -0.3188634 0.3188664 0.8925527 -0.340897 0.08221964 0.9364984 -0.08221929 -0.3408972 0.9364983 0.08099535 -0.3420179 0.9361963 -0.08225387 -0.08225375 0.9932113 0.3420171 0.08099793 0.9361964 -0.08221984 0.340896 0.9364987 -0.3188658 -0.318863 0.8925531 -0.3408967 -0.08221831 0.9364986 0.9511528 0.1245425 0.2824846 0.6585077 0.3838125 0.647345 0.7313287 0.103118 0.6741847 0.9908205 -0.1327217 0.0256854 0.9908205 0.1327215 0.02568545 0.9511526 -0.1245431 0.2824851 0.8332393 -0.4700215 0.2911907 0.8643076 -0.5015261 0.03800034 0.9322011 -0.114262 0.3434317 0.9322008 0.1142622 0.3434323 0.8332391 0.4700212 0.2911919 0.6585078 -0.383809 0.647347 -0.1327199 0.9908207 0.02568553 -0.4700206 0.8332394 0.2911918 -0.124544 0.9511528 0.2824837 0.1327191 0.9908208 0.02568572 -0.383812 0.6585077 0.6473454 -0.1031188 0.7313304 0.6741828 -0.1142617 0.9322007 0.3434327 0.1245429 0.951153 0.2824837 0.4700219 0.8332394 0.2911899 0.1031168 0.731329 0.6741845 0.383812 0.6585069 0.6473461 -0.9909899 0.1306886 -0.0293173 -0.9754744 -0.1162173 -0.1869308 -0.9754744 0.116215 -0.1869323 -0.9436278 -0.1416527 -0.2991672 -0.9906774 -0.132685 -0.03086996 -0.9763648 0.140181 -0.1645022 -0.8544851 -0.4790009 -0.2010307 -0.820395 -0.5087157 -0.2610753 -0.8706314 -0.4919292 0.002570744 -0.3838128 -0.6585067 0.6473458 -0.1245415 -0.9511519 0.2824881 -0.1031152 -0.7313285 0.6741853 -0.658508 -0.3838097 0.6473464 -0.1327219 -0.9908204 0.02568534 0.124542 -0.9511523 0.2824865 -0.4700233 -0.833239 0.2911888 0.1031138 -0.7313297 0.6741842 -0.833239 -0.4700211 0.2911923 -0.7313304 0.1031156 0.6741832 -0.7313295 -0.1031164 0.6741841 -0.9511526 -0.1245427 0.2824852 -0.9511526 0.1245422 0.2824853 -0.9908205 -0.1327212 0.02568545 -0.8643073 -0.5015267 0.0379997 -0.5015257 -0.8643078 0.03799952 -0.6585059 0.3838135 0.6473463 0.08099795 0.342018 0.936196 -0.8332392 0.470022 0.2911904 -0.5015244 0.8643085 0.03799976 -0.8643085 0.5015245 0.0379995 -0.9908205 0.1327214 0.02568542 -0.4940488 -0.869419 0.005142532 -0.5120913 -0.8173378 -0.264048 -0.1365535 -0.9428853 -0.3038429 -0.1306894 -0.9909897 -0.0293201 -0.4790004 -0.8544853 -0.2010311 0.136554 -0.9428884 -0.3038329 0.1306885 -0.99099 -0.02931446 0.1162148 -0.9754741 -0.1869343 -0.9428868 0.1365532 -0.3038383 -0.1365529 0.9428868 -0.3038384 0.1306875 0.9909902 -0.02931274 0.136554 0.9428883 -0.3038333 -0.4940493 0.8694187 0.005142336 -0.1306883 0.99099 -0.02931631 -0.5120923 0.817337 -0.2640486 -0.478999 0.8544856 -0.2010332 -0.1162145 0.9754736 -0.1869368 -0.8694186 0.4940493 0.005144587 -0.8173366 0.512095 -0.2640449 0.3838107 -0.6585062 0.6473477 0.3199792 -0.3199747 0.8917564 0.470021 -0.8332393 0.2911915 0.1327216 -0.9908205 0.02568583 0.5015269 -0.8643071 0.03799974 0.3420179 -0.08099553 0.9361963 0.7313289 -0.103116 0.6741847 0.5015259 0.8643077 0.03800025 0.3199784 0.3199773 0.8917558 0.8643083 0.5015248 0.03799919 0.4940498 -0.8694184 0.005145588 0.5120932 -0.8173378 -0.2640444 0.4789996 -0.8544863 -0.2010289 0.9428861 -0.136554 -0.3038403 0.8694189 -0.494049 0.005143244 0.8173372 -0.5120931 -0.2640466 0.8544855 -0.4790011 -0.2010284 0.9909899 -0.1306887 -0.02931826 0.975474 0.1162167 -0.1869338 0.975474 -0.1162151 -0.1869348 0.9428857 0.1365539 -0.3038414 0.9909898 0.1306892 -0.02931814 0.494049 0.8694188 0.005142385 0.5120939 0.8173341 -0.2640546 0.8694178 0.4940508 0.005141333 0.8173353 0.5120929 -0.2640529 0.4789993 0.8544862 -0.2010297 0.8544849 0.4790004 -0.2010325 0.1162157 0.9754741 -0.1869334 0.1142617 -0.9322006 0.3434331 -0.8019687 -0.4526798 0.3897785 -0.4526792 -0.8019673 0.3897819 -0.1142601 -0.9321991 0.3434376 -0.9322 -0.1142606 0.3434351 -0.8544862 0.4789998 -0.2010288 -0.1401794 0.9763644 -0.1645065 0.1401796 0.9763648 -0.1645037 -0.8492485 0.5023673 -0.1624934 -0.5023692 0.8492471 -0.1624949 0.8492476 -0.5023687 -0.1624933 0.5023689 -0.8492476 -0.1624929 -0.1401811 -0.9763645 -0.164504 -0.116216 -0.975474 -0.186934 0.9763646 -0.1401801 -0.1645043 0.452683 0.8019667 0.3897788 0.1142596 0.9322011 0.3434324 0.8019684 0.4526781 0.389781 0.4526791 -0.801968 0.3897808 0.1401802 -0.9763646 -0.1645046 0.1215511 -0.9916969 -0.041983 -0.4916913 -0.8699496 -0.03777963 -0.5023683 -0.8492476 -0.1624951 0.4916911 -0.8699497 -0.03778058 -0.1215518 -0.9916969 -0.04198213 -0.1394044 -0.9899348 -0.02440248 0.1394027 -0.989935 -0.02440355 0.123089 -0.9916886 0.03745393 -0.4927137 -0.8686092 0.05245146 -0.5072042 -0.8616359 -0.01809382 0.4927132 -0.8686096 0.05245005 -0.1230883 -0.9916888 0.03745195 -0.1378845 -0.9887438 0.05808269 -0.4903781 -0.8634844 0.1179998 -0.5049762 -0.8602888 0.07001576 0.1378825 -0.9887441 0.05808271 0.1231525 -0.9877888 0.0954294 0.4903774 -0.8634849 0.1179992 -0.1365569 -0.9827236 0.1249262 -0.123152 -0.9877888 0.0954297 -0.4855117 -0.8553151 0.1808715 -0.5006687 -0.8540412 0.141225 0.1365557 -0.9827238 0.124926 0.1221882 -0.9808841 0.1514477 0.4855098 -0.8553161 0.1808717 -0.1221874 -0.9808841 0.1514482 -0.1349421 -0.9704408 0.200088 0.1349432 -0.9704404 0.2000892 0.1198007 -0.9674473 0.2229203 -0.475912 -0.8401522 0.2601 -0.4933523 -0.8417804 0.2191102 0.4759109 -0.8401529 0.2600999 -0.1197999 -0.9674481 0.2229174 -0.1309263 -0.9395759 0.3163154 -0.4766684 -0.8135087 0.333153 0.1309284 -0.9395768 0.316312 0.8492468 0.5023695 -0.1624952 0.9763643 0.1401812 -0.1645052 0.8699491 0.4916921 -0.03778074 0.991697 0.1215507 -0.04198312 0.9899349 0.1394033 -0.02440372 0.5072049 0.8616356 -0.01809322 0.861636 0.5072042 -0.0180928 0.5023668 0.8492485 -0.1624952 0.9899351 -0.1394025 -0.02440324 0.9916971 -0.1215491 -0.04198324 0.8686095 0.4927135 0.05244986 0.9916888 0.123088 0.03745235 0.8602892 0.5049758 0.07001407 0.9887439 0.1378836 0.05808215 0.504976 0.860289 0.07001404 0.988744 -0.1378834 0.05808231 0.9916888 -0.1230877 0.03745264 0.8634842 0.4903784 0.1180005 0.9877889 0.1231524 0.09542851 0.8540404 0.5006703 0.1412243 0.9827235 0.1365575 0.124926 0.5006725 0.8540392 0.1412238 0.9827238 -0.1365559 0.1249256 0.987789 -0.1231514 0.09542915 0.8553163 0.4855095 0.1808716 0.9808845 0.122185 0.1514476 0.4933544 0.8417794 0.2191094 0.8417811 0.4933515 0.2191093 0.9704405 0.1349433 0.2000888 0.8401527 0.4759114 0.2600995 0.9674475 0.1197992 0.2229203 0.9808844 -0.1221853 0.1514481 0.4766683 0.8135088 0.3331529 0.8135085 0.4766672 0.3331551 0.9704408 -0.1349424 0.2000881 0.9395766 0.1309277 0.3163127 0.9395771 -0.130927 0.3163115 0.9674476 -0.1197999 0.2229194 0.4916916 0.8699494 -0.03778008 0.1394037 0.9899349 -0.02440473 0.4927138 0.8686093 0.05245014 0.1378842 0.9887439 0.05808109 0.4903781 0.8634845 0.1179989 0.1365601 0.9827231 0.1249266 0.4855105 0.8553158 0.1808713 0.1349427 0.9704405 0.2000891 0.4759117 0.8401524 0.2601 0.1309273 0.9395769 0.3163121 -0.1215494 0.9916971 -0.04198349 0.12155 0.9916969 -0.04198604 0.1230879 0.9916888 0.0374519 -0.1394025 0.989935 -0.02440399 -0.1230876 0.9916889 0.03745185 -0.1231512 0.9877891 0.09542771 0.1231521 0.9877891 0.09542689 -0.1378809 0.9887444 0.05808044 -0.1221856 0.9808843 0.1514488 0.1221859 0.9808843 0.1514484 -0.1365563 0.9827236 0.1249266 -0.1349403 0.9704411 0.2000879 0.1197996 0.9674474 0.2229206 -0.1198002 0.9674478 0.2229187 -0.130927 0.9395769 0.3163122 0.8019673 -0.4526794 0.3897816 0.4766663 -0.8135091 0.3331548 0.8135087 -0.4766667 0.3331553 0.8401525 -0.4759122 0.2600988 0.4933521 -0.8417803 0.2191108 0.8417802 -0.493353 0.2191093 0.8553159 -0.4855103 0.1808717 0.8634849 -0.4903773 0.1179997 0.8540418 -0.5006675 0.1412254 0.5006675 -0.8540418 0.1412257 0.8602899 -0.5049746 0.07001428 0.8686093 -0.4927138 0.05245036 0.5049743 -0.8602901 0.07001377 0.8699489 -0.4916925 -0.03778036 0.8616362 -0.5072038 -0.01809263 0.507203 -0.8616367 -0.01809297 -0.4526779 0.801968 0.389782 -0.8019673 0.4526792 0.389782 -0.9322003 0.11426 0.3434344 -0.8135087 0.4766672 0.3331546 -0.9395764 0.130927 0.3163135 -0.4759098 0.8401537 0.2600993 -0.8401526 0.4759118 0.2600992 -0.9395762 -0.1309273 0.316314 -0.9674477 -0.1198003 0.2229191 -0.9674478 0.1197993 0.222919 -0.8417806 0.4933514 0.2191113 -0.9704408 0.1349426 0.2000876 -0.4855086 0.8553166 0.1808726 -0.855316 0.4855097 0.1808725 -0.9808843 -0.1221874 0.1514474 -0.9704409 -0.1349424 0.2000876 -0.9808844 0.1221858 0.1514477 -0.8540412 0.5006687 0.1412253 -0.9827236 0.1365566 0.1249266 -0.4903765 0.8634853 0.118 -0.8634845 0.4903778 0.118 -0.9877888 -0.1231522 0.09542922 -0.9827236 -0.1365563 0.1249265 -0.9877889 0.1231519 0.09542906 -0.86029 0.5049742 0.07001468 -0.9887439 0.1378837 0.05808175 -0.4927128 0.8686099 0.05244926 -0.8686093 0.4927139 0.05244972 -0.9916888 -0.1230883 0.03745208 -0.9887441 -0.1378828 0.05808198 -0.9916888 0.1230884 0.03745192 -0.8616364 0.5072035 -0.01809452 -0.9899351 0.1394022 -0.02440329 -0.491691 0.8699497 -0.03778183 -0.8699493 0.4916918 -0.0377803 -0.991697 -0.12155 -0.0419836 -0.989935 -0.1394031 -0.02440304 -0.9916969 0.1215508 -0.04198302 -0.9763648 -0.1401808 -0.1645026 -0.4766653 0.8135094 0.3331555 -0.4933502 0.8417816 0.2191104 -0.5006683 0.8540413 0.1412256 -0.504974 0.8602905 0.07001107 -0.5072027 0.8616368 -0.01809465 -0.8492471 -0.5023687 -0.1624961 -0.8699488 -0.4916927 -0.03778002 -0.861636 -0.5072042 -0.01809396 -0.868609 -0.4927143 0.05245025 -0.8602894 -0.5049753 0.07001496 -0.8634851 -0.4903769 0.1179997 -0.8540409 -0.5006692 0.1412249 -0.8553161 -0.4855094 0.1808726 -0.8417809 -0.4933515 0.2191101 -0.8401534 -0.4759107 0.2600987 -0.8135104 -0.4766663 0.3331518 0.06119918 0.06925559 0.99572 -0.1245581 -0.0786965 0.9890865 0.05612759 -0.08468274 0.9948259 -0.1125217 0.3281251 0.9379087 -0.1194879 0.07524098 0.9899805 0.3442666 -0.09481921 0.9340716 -0.3987323 -0.3006512 0.8663841 -0.1342322 -0.3308708 0.9340804 0.05257296 -0.3370614 0.9400137 0.3222522 -0.3245361 0.8892861 -0.4083048 -0.0698903 0.9101662 -0.3784099 0.3161681 0.8699677 -0.4031684 0.08604183 0.9110719 0.9734282 0.07654626 0.2158197 0.9890897 -0.1440397 0.03088917 0.9964131 0.07826408 0.03218065 0.7194416 0.3374189 0.6070851 0.767147 0.06701702 0.637961 0.9661973 -0.1429442 0.2145453 0.8619517 -0.4631069 0.206328 0.8791338 -0.4758762 0.02580014 0.8904837 0.4029474 0.2113578 0.6954427 -0.3910593 0.6028533 0.1847355 0.9827314 0.01057246 -0.1196533 0.9928153 0.0009041641 -0.1230988 0.9695275 0.211809 0.1732519 0.9597105 0.221223 0.5519223 0.804906 0.2179637 -0.5102052 0.8400897 0.1842277 -0.44438 0.6677896 0.5971462 -0.121642 0.7432571 0.6578542 0.1285619 0.73497 0.665801 0.4488067 0.638201 0.6255175 -0.9779568 0.1411916 0.1538354 -0.8062524 -0.07284449 0.5870696 -0.7999339 0.1189304 0.5881847 -0.9964131 -0.07826429 -0.03218062 -0.9851874 -0.07830004 0.1525609 -0.8791333 0.4758771 -0.02579993 -0.9890899 0.1440382 -0.03088931 -0.9085366 -0.4166547 -0.03098504 -0.9020276 -0.4046699 0.1502945 -0.7565932 -0.3429584 0.5567282 -0.1867202 -0.9617155 0.2005964 -0.4875941 -0.6439776 0.5895294 -0.5644581 -0.8067711 0.1746635 -0.5806347 -0.8138558 -0.02240703 -0.1847325 -0.982732 -0.01057219 0.1196537 -0.9928153 -0.000903384 0.109635 -0.9715326 0.2100108 -0.1705424 -0.7412207 0.6492358 -0.7325944 0.385529 0.5609571 0.07428342 0.3219391 0.9438417 -0.8734977 0.4613855 0.1553232 -0.5258058 0.8505093 -0.0127386 0.405593 -0.6735678 0.6179003 0.07966003 -0.7495088 0.6571841 0.5258076 -0.8505082 0.01273906 0.497673 -0.8419566 0.2084 0.7608286 -0.1247589 0.6368478 0.3494035 0.06111184 0.9349773 0.5806358 0.8138551 0.02240584 0.9085358 0.4166566 0.03098446 0.3425716 0.2922819 0.8928695 0.08577926 -0.1004195 0.9912406 -0.1439074 0.07402047 0.9868189 -0.0892473 -0.1442223 0.9855125 0.4102092 -0.3378867 0.8470897 0.3641276 -0.03189224 0.9308029 0.3087362 0.1892703 0.9321259 0.0311177 0.1178265 0.9925465 -0.003758713 -0.4648487 0.8853822 -0.4594996 0.3155038 0.8302515 -0.4181746 0.007348043 0.908337 -0.2542055 -0.5041695 0.825344 -0.219919 0.3981994 0.8905464 0.2049124 0.4817785 0.8519979 0.8971064 0.3864404 0.2141587 0.9961022 0.08281116 0.03037761 0.9176276 0.3961305 0.03225283 0.5254376 0.6281602 0.5738729 0.7072708 0.3172691 0.6317501 0.9196834 -0.3451996 0.1871353 0.9333325 -0.3582982 0.02264625 0.9741748 0.08171106 0.2104918 0.6502216 0.7339341 0.1963483 -0.1401344 0.9900907 0.009094777 -0.3442641 0.9264148 0.15244 -0.1439041 0.9769707 0.1575429 -0.3431012 0.9392952 0.002451287 -0.6271292 0.7661063 0.1406777 -0.5586582 0.6577467 0.5052428 -0.3119474 0.7795567 0.5431208 0.1940229 0.980817 0.01879099 -0.9847883 -0.08653096 0.1506797 -0.9176277 -0.3961302 -0.03225284 -0.9078287 -0.3913122 0.1507374 -0.7428919 -0.3334467 0.5804524 -0.8091174 -0.06519682 0.5840191 -0.9333324 0.3582985 -0.02264625 -0.9961022 -0.08281078 -0.03037756 -0.6543333 -0.7556379 -0.02931301 -0.6600509 -0.7384001 0.1381958 -0.5577316 -0.6428288 0.5250777 -0.1932863 -0.9726954 0.1284681 -0.1940192 -0.9808178 -0.01879098 0.09559035 -0.8394944 0.5348941 -0.1832304 -0.8479049 0.4974776 0.1401381 -0.9900902 -0.00909492 0.1351719 -0.9809366 0.1396133 0.2801335 -0.7940089 0.5395137 0.1675645 -0.4219717 0.8909893 0.3431009 -0.9392953 -0.00245152 0.3354457 -0.9304209 0.1476253 -0.3627826 -0.2138129 0.9070131 -0.791538 0.3002599 0.5322702 -0.04859453 0.4410773 0.8961526 -0.12749 0.8250086 0.5505517 -0.9293554 0.3408053 0.1419514 -0.6334679 0.7737246 -0.008290809 0.5285488 -0.6714229 0.5194491 0.7591563 -0.3149636 0.5696311 0.6183854 -0.7700786 0.1567752 0.6334674 -0.773725 0.008290637 0.7733803 0.04896833 0.6320483 0.1846486 0.9687727 0.1654819 0.1530436 0.8341939 0.5298095 0.6543333 0.7556379 0.02931319 -0.06730063 0.4819172 -0.8736283 -0.2328243 0.3378081 -0.9119641 0.2890412 -0.3101733 -0.9056753 -0.4791815 0.8045184 -0.3509063 0.4236366 -0.08908459 -0.901441 -0.2479533 0.2960206 -0.9224375 0.1349126 -0.3506954 -0.9267207 -0.4874809 0.7868275 -0.3785035 0.1337046 -0.5368209 -0.8330345 0.391251 -0.8381187 -0.3801049 0.6296236 -0.6264092 -0.4595493 0.1047149 -0.4264569 -0.898426 0.9446247 -0.2012312 0.2592106 0.5753292 0.07834913 0.8141608 0.8336756 0.009082703 0.5521797 0.8388491 -0.349141 0.4176515 0.9810203 -0.1538537 0.1180182 0.8027947 0.08571621 -0.5900622 0.7458813 -0.6555621 0.1178955 0.4295395 -0.8099285 -0.3993892 0.8416222 -0.002927459 -0.5400588 0.01671513 -0.2373034 -0.9712918 -0.09758109 0.1303036 -0.9866605 -0.4693805 0.8417237 0.2668017 -0.4785089 0.8031043 0.3550391 -0.3820417 0.9066669 -0.1788835 -0.8088796 0.5832613 -0.07429667 -0.1221564 0.4531933 0.8830026 -0.2461861 0.2927078 0.9239668 -0.4868804 0.7851315 0.3827741 0.3187696 0.68283 -0.6573652 -0.582977 0.6877161 0.4326481 -0.08262881 0.9965141 -0.01149629 0.3289939 -0.2510531 0.910349 -0.230793 0.3341785 0.9138158 0.1349116 -0.3506951 0.926721 0.5959308 -0.6723132 0.4391599 -0.90026 -0.1900609 0.3916744 -0.6705966 -0.7026444 0.2378889 -0.6355918 -0.7702899 0.05173544 -0.8728887 -0.191036 0.448966 -0.915197 -0.2183622 -0.3387218 -0.7436655 -0.6585002 -0.1154953 0.1047147 -0.4264568 0.8984261 0.3912499 -0.8381189 0.3801057 0.3243938 -0.8701453 0.3709659 0.3243938 -0.8701453 -0.3709662 -0.807772 -0.1842 -0.5599775 -0.445783 -0.7025895 -0.554658 -0.6037138 -0.6677322 -0.4355035 -0.8841817 0.4168131 -0.2109256 -0.235619 -0.9425942 -0.236643 0.07912908 -0.9789761 -0.188001 -0.9538339 -0.2518357 -0.1636448 -0.8611371 -0.4562259 -0.2242783 -0.8603536 -0.1258033 0.4939284 -0.5843641 -0.7938521 -0.168278 -0.4263698 -0.7573009 0.4946758 0.2876005 -0.2998281 0.9096093 0.3604245 -0.8759048 0.3207569 -0.1611068 0.3632198 0.9176688 0.2645876 0.6154559 0.7424335 0.5978242 0.04828509 0.8001717 -0.6622736 0.6622914 0.3503766 0.1526359 0.5923206 0.7911122 0.4934316 -0.7482906 0.4433807 -0.3508313 0.8758558 0.3313517 0.4917462 -0.3747762 0.785957 -0.3909485 -0.8285365 0.4008574 0.3009004 -0.6646282 0.6839067 0.1997912 -0.9624527 0.1837613 -0.5826829 -0.740015 0.3359441 0.1242541 -0.6599406 -0.7409719 0.3692869 -0.01345014 -0.9292181 0.03523073 -0.1177407 -0.9924192 0.2242145 0.5778903 -0.7847106 -0.7795924 0.03729092 -0.625176 -0.321425 0.9113448 -0.2571703 -0.7723308 0.576719 0.2662712 -0.9776167 -0.1743971 0.1176914 -0.09817053 -0.9605299 -0.2602783 -0.8160041 -0.5539569 -0.1651332 -0.7763604 -0.2883604 -0.5604577 -0.7031055 -0.3760702 -0.6035013 -0.4169036 -0.8047063 -0.4226572 -0.2810658 -0.9167251 -0.2839314 -0.2851874 -0.4951233 -0.8206833 -0.82286 -0.3416125 -0.454095 -0.5529859 -0.8160431 -0.1681671 0.008599967 -0.7088016 -0.7053554 0.06572215 0.1862854 -0.980295 -0.1300638 0.2877987 -0.9488178 0.091085 0.1485421 -0.9847024 0.2121812 0.8079346 -0.5497461 -0.09738878 -0.5606594 -0.8222995 -0.4446743 -0.3826759 -0.8098296 0.1029241 0.9155965 -0.3887026 -0.04551252 -0.6184084 -0.7845378 -0.1699384 -0.9710651 -0.1677899 -0.8894335 -0.3720725 0.265462 -0.8326053 -0.4466966 0.3274607 -0.5253518 -0.7849845 0.3283365 -0.6781446 -0.4566562 0.5758342 -0.2157708 -0.958368 -0.1870125 -0.6618411 -0.1928722 0.7244078 -0.8437531 -0.3325631 -0.4212866 -0.01174462 -0.05990285 -0.9981351 -0.01859015 -0.4327559 -0.9013194 0.3989733 0.8894777 0.2228221 -0.197143 0.9587541 -0.2047567 -0.5404633 0.4237744 -0.7268526 0.2615035 0.955151 0.1389332 0.2358712 0.9706503 0.04693332 0.276408 0.9462025 0.1682244 0.192956 0.5669525 0.8008326 0.05375199 0.644854 0.7624133 -0.182011 -0.1294793 0.9747344 0.03270493 -0.1701974 0.9848671 -0.1165797 -0.8109144 0.5734343 -0.4467835 -0.6617262 0.6020821 -0.4782791 0.143983 0.8663244 -0.2545391 0.6861932 0.6814314 0.2198545 0.5339376 0.8164402 0.08061057 -0.2398641 0.967454 -0.09636352 -0.9821875 -0.1613128 0.9428967 0.1343167 0.3048029 0.9209557 0.1384223 0.3642525 0.8536983 -0.440545 0.2777037 0.8257936 -0.5525355 0.1130021 0.50295 -0.8523702 -0.1432002 0.8913669 -0.4469791 -0.07533052 0.9624299 0.2663436 -0.05281905 0.9137502 -0.04244152 -0.4040536 0.7324756 -0.5668195 -0.3770878 0.2231321 0.7875471 -0.5744403 -0.04428605 -0.8258846 0.5620973 0.7858518 -0.08441682 -0.6126261 0.6087587 0.7421558 -0.2803885 0.7174076 0.5756854 -0.392317 0.5924276 -0.7413296 -0.3153728 0.7848432 -0.1903499 -0.5897357 0.5825916 -0.6651442 -0.467087 0.4698445 -0.8784795 -0.08671769 0.9723465 -0.02718547 -0.2319552 0.7677778 -0.6342475 -0.09081506 0.6527716 -0.5006698 0.5685235 0.8940601 0.2062267 0.3976519 -0.1288937 -0.1650153 0.9778325 -0.08074534 -0.8511432 0.5186863 0.1816474 -0.9833417 0.00657707 -0.3716495 0.669027 0.6436455 0.4762318 0.8685162 0.1374148 0.1173444 0.9860145 0.1183453 0.1184027 0.5772846 0.8079129 -0.5301698 0.06065869 0.8457189 -0.3125227 -0.3141595 0.896456 -0.05662845 -0.5600731 0.8265055 0.6319303 -0.5967169 0.4945635 0.08751541 -0.92041 0.3810333 0.7866603 -0.47769 0.3911238 -0.4154452 -0.3032353 -0.8575859 -0.5042687 -0.1652104 -0.8475958 0.01141307 -0.8104953 -0.585634 -0.4297611 0.3222318 -0.843488 0.03794647 0.8879515 -0.458369 0.2845758 0.3452632 -0.8943209 0.5994421 0.7983596 0.0573673 0.341429 -0.9356496 -0.08936449 0.7355136 -0.3013885 -0.6067822 0.9236727 -0.3478574 -0.1606981 -0.2349092 -0.7390837 0.6313263 0.9357304 -0.2562187 -0.242406 -0.9308638 0.341397 0.130156 -0.03641714 0.1295929 0.9908983 0.2216155 -0.1295923 0.9664846 0.2216158 0.1295927 0.9664844 -0.3724109 0.4473488 0.8131354 -0.406468 0.1236352 0.9052613 0.5690383 0.1236331 0.8129638 -0.0364175 -0.1295917 0.9908985 -0.04179911 -0.4899315 0.8707583 0.2043684 -0.4899307 0.8474677 0.5183076 -0.4473469 0.7288607 -0.04179882 0.489932 0.870758 -0.4064688 -0.1236313 0.9052615 -0.3724113 -0.4473463 0.8131366 0.9908984 0.1295923 0.03641677 0.9664845 -0.1295924 -0.2216157 0.9664844 0.1295929 -0.221616 0.9052611 0.1236344 0.4064688 0.9908984 -0.1295922 0.03641706 0.8131355 0.447348 0.3724117 0.8474657 -0.4899341 -0.2043684 0.7288605 -0.4473465 -0.5183083 0.8707584 -0.4899312 0.04179891 0.812963 0.123632 -0.5690398 0.8707584 0.4899313 0.04179818 0.8131358 -0.4473469 0.3724122 -0.9664845 0.1295921 0.2216157 -0.9908983 -0.129593 -0.03641636 -0.9664847 -0.1295937 0.2216143 -0.8707575 0.4899328 -0.04179946 -0.9908983 0.1295929 -0.03641817 -0.8129636 -0.1236321 0.5690389 -0.812963 0.1236343 0.5690393 -0.8131338 -0.4473507 -0.3724121 -0.8707573 -0.4899334 -0.0417975 -0.8474674 -0.4899324 0.2043657 -0.72886 -0.4473504 0.5183057 -0.9052614 -0.1236329 -0.4064685 -0.8131358 0.447346 -0.3724134 -0.9052606 0.1236331 -0.4064703 -0.2216158 0.1295925 -0.9664845 -0.2216159 -0.1295929 -0.9664844 -0.5690384 -0.1236337 -0.8129637 0.04179908 0.4899327 -0.8707576 0.03641757 0.1295926 -0.9908983 0.03641741 -0.1295935 -0.9908982 0.3724107 -0.44735 -0.8131348 0.0417977 -0.4899329 -0.8707575 -0.2043699 -0.4899342 -0.8474653 -0.5183062 -0.4473485 -0.7288608 0.3724109 0.4473455 -0.8131372 0.4064691 0.1236328 -0.9052612 0.4064691 -0.1236329 -0.9052612 -0.4032216 -0.7744421 0.4874953 -0.1560028 -0.9695836 0.1886023 -0.0769358 -0.8629501 0.4993977 -0.4761101 -0.8629488 0.1692293 -0.4993992 -0.8629494 -0.07693358 -0.1886065 -0.9695829 -0.1560016 -0.4045398 0.7727466 0.4890913 -0.7288591 0.447349 0.5183081 0.2043686 0.4899321 0.8474668 0.169231 0.8629331 0.4761379 -0.07692074 0.8629268 0.4994402 -0.847467 0.4899313 0.2043697 -0.1827678 0.9735873 0.1368345 -0.4757703 0.8631316 0.1692524 -0.1000326 0.9735 0.2056483 0.01387771 0.9914683 0.1296069 0.01067493 0.9914683 0.12991 -0.1299103 0.9914683 0.01067478 -0.4993887 0.8629561 -0.0769274 -4.78872e-08 1 -1.222862e-07 -1.015227e-07 1 -4.528744e-07 -0.1296066 0.9914684 0.01387927 -0.2055857 0.9735117 -0.1000477 -0.06237879 0.9977544 0.02439392 6.719137e-07 1 1.863299e-07 7.145224e-07 1 -3.563559e-07 -0.03189022 0.9987475 0.03855486 -0.4890899 0.7727477 -0.4045394 -0.03855502 0.9987475 -0.03189069 -0.1368159 0.9735121 -0.183182 -0.0658473 0.9977544 -0.01226083 -0.4874949 -0.7744419 -0.4032226 0.07693356 -0.8629482 -0.4994012 0.1560042 -0.9695825 -0.1886068 -0.1692321 -0.8629489 -0.4761089 -0.5690393 0.1236323 -0.8129633 -0.01387932 0.9914685 -0.1296051 -0.1692347 0.8629524 -0.4761017 -0.02439216 0.9977544 -0.06237871 -8.693626e-07 1 6.929751e-07 -1.018671e-06 1 3.380653e-07 -0.01067559 0.9914682 -0.1299109 0.07692972 0.8629479 -0.4994023 6.760088e-07 1 5.579361e-07 0.100037 0.9735094 -0.2056015 -0.2043676 0.4899322 -0.847467 0.03189136 0.9987475 -0.03855442 0.1828093 0.9735797 -0.1368332 0.01226014 0.9977543 -0.06584902 -0.5183081 0.4473464 -0.7288606 0.4874984 -0.7744397 0.4032225 0.1692335 -0.8629493 0.4761077 0.1886043 -0.9695839 0.1559986 0.4993984 -0.8629497 0.0769354 0.4761099 -0.8629488 -0.16923 0.9052612 -0.1236338 0.4064688 0.5690385 -0.123633 0.8129638 -0.008656307 0.4110415 0.9115755 0.1956736 0.1077962 0.9747265 0.1794697 0.4110413 0.8937761 -0.1760693 0.7791932 0.601546 -0.2641114 0.4622255 0.846518 -0.009390486 0.1077965 0.9941286 0.4679686 -0.0001929257 0.8837451 0.4697895 0.1273948 0.8735378 0.4181902 0.462226 0.7819617 0.00185815 0.7307567 0.6826354 0.2857672 0.7791937 0.5578479 0.1262042 0.7307579 0.6708692 -0.2976203 0.1273945 0.9461463 0.1912834 -6.157162e-05 0.9815349 -0.293917 -0.0001929182 0.9558309 -0.003801351 -6.159726e-05 0.9999928 0.5183069 0.4473477 0.7288608 0.4890907 0.7727474 0.404539 0.4994346 0.8629295 0.07692665 0.2056423 0.9735023 0.1000229 0.1368167 0.9735037 0.1832258 0.8474666 0.4899321 -0.2043693 0.4758054 0.8631133 -0.1692473 0.1296049 0.9914686 -0.01387933 0.129911 0.9914682 -0.01067578 0.4032214 -0.7744416 -0.4874964 0.8129633 -0.1236323 -0.5690393 0.4045374 0.7727472 -0.4890923 -1.062587e-06 1 -1.908974e-06 7.209328e-07 1 -3.50441e-07 -5.142957e-08 1 -1.195017e-07 0.06237894 0.9977544 -0.02439264 0.7288598 0.4473466 -0.5183092 -1.162248e-07 1 -4.407464e-07 0.06584829 0.9977543 0.01226087 0.03855583 0.9987475 0.03188981 0.02439249 0.9977542 0.06238296 0.9941287 0.1077962 0.009390401 0.9815348 -6.162831e-05 -0.1912835 0.9747265 0.1077962 -0.1956737 0.8735376 0.1273951 -0.4697899 0.9999928 -6.162323e-05 0.003801862 0.9115754 0.4110419 0.008657021 0.7819623 0.4622246 -0.4181906 0.893776 0.4110414 -0.1794701 0.9461461 0.1273954 0.2976204 0.9558307 -0.0001929681 0.2939178 -5.972942e-07 1 -3.505483e-07 7.632666e-07 1 -2.933619e-07 -1.726426e-07 1 -1.610329e-07 -1.21991e-06 1 -9.507888e-07 -0.0122614 0.9977545 0.06584583 -0.1956736 0.1077964 -0.9747265 0.008656755 0.4110407 -0.9115759 0.009390328 0.1077962 -0.9941287 0.003801223 -6.179577e-05 -0.9999928 -0.4181899 0.4622249 -0.7819625 -0.1794697 0.411041 -0.8937762 -0.1912833 -6.180645e-05 -0.9815349 -0.4679689 -0.0001930841 -0.8837449 0.2641116 0.4622248 -0.8465183 0.293917 -0.0001930807 -0.9558309 -0.08514276 0.94518 0.3152546 0.007523411 0.9286116 0.370977 0.1427571 0.9451805 0.2936907 0.0621879 0.9286128 0.3658018 -0.09814191 0.9950683 0.014394 0.09909482 0.9950689 -0.004260796 0.0981361 0.9950688 -0.01439834 0.004264914 0.9950686 0.09909708 0.01440138 0.9950686 0.09813768 0.08433153 0.9962257 0.02055391 -0.09909668 0.9950687 0.004260611 -0.04980201 0.9969424 0.0602125 -0.02055276 0.9962264 0.08432363 0.07898133 0.9962256 -0.03600832 0.3658041 0.9286118 -0.06218868 0.2936911 0.9451801 -0.1427586 -0.004260705 0.9950687 -0.09909682 0.04980211 0.9969425 -0.060212 0.02055689 0.9962253 -0.08433558 -0.06218712 0.9286109 -0.3658068 -0.01439587 0.9950687 -0.0981376 -0.08433236 0.9962257 -0.02055225 -0.3658064 0.9286112 0.06218497 0.1917163 0.9536873 -0.2317875 0.08514197 0.9451803 -0.3152539 -0.007522352 0.9286121 -0.3709758 -0.06021275 0.9969424 -0.04980259 -0.1427582 0.9451798 -0.2936923 -0.2317872 0.953687 -0.1917182 -0.03600526 0.9962262 -0.078974 -0.3152539 0.9451802 -0.0851428 -0.370976 0.928612 0.007524755 -0.07898134 0.9962256 0.03600564 -0.2936927 0.9451802 0.1427553 -0.1917157 0.9536873 0.2317879 0.06020953 0.9969425 0.0498042 0.03600697 0.9962255 0.07898209 0.2317861 0.9536872 0.1917185 0.3152547 0.94518 0.08514195 0.3709768 0.9286117 -0.007523405 -0.1262028 0.7307563 -0.6708711 -0.001858153 0.7307574 -0.6826347 0.1760703 0.7791933 -0.6015455 -0.2857664 0.7791929 -0.5578494 0.8465179 0.4622256 0.2641118 0.6826351 0.7307571 -0.001858756 0.6015452 0.7791933 0.1760714 0.5578489 0.7791934 -0.285766 0.6708705 0.7307569 -0.126203 -0.670872 0.7307558 0.1262009 -0.6826358 0.7307564 0.001858139 -0.8937764 0.411041 0.1794687 -0.5578495 0.7791934 0.285765 -0.9115758 0.4110408 -0.008655901 -0.8465179 0.4622257 -0.2641116 -0.9941286 0.1077964 -0.009390649 -0.9747265 0.1077964 0.1956734 -0.6015458 0.779193 -0.1760708 -0.7819624 0.4622251 0.4181898 -0.8837452 -0.0001930073 0.4679684 -0.8735378 0.1273946 0.4697896 -0.9999928 -6.174251e-05 -0.003801818 -0.9815347 -6.167037e-05 0.191284 -0.9558306 -0.0001930654 -0.293918 4.106117e-08 1 1.976431e-07 8.974203e-07 1 -1.359389e-06 -7.138894e-07 1 -1.782918e-07 -1.156463e-06 1 9.859281e-08 1.023095e-06 1 1.553288e-06 -0.3802539 0.80253 0.459731 -0.4597302 0.8025297 -0.3802554 -0.5568219 0.4865704 0.6732003 -0.6731995 0.4865703 -0.5568229 -0.6313554 0.1369143 0.7633117 -0.4697897 0.127395 -0.8735377 -0.7633116 0.1369136 -0.6313557 -0.946146 0.127395 -0.297621 -0.6373578 -0.0002607661 0.770568 -0.7705684 -0.0002608453 -0.6373573 0.3802551 0.8025297 -0.4597306 0.5568222 0.4865698 -0.6732005 0.6313558 0.1369132 -0.7633116 0.2976205 0.1273953 -0.9461461 0.8837453 -0.0001929679 -0.4679682 0.6373577 -0.0002608306 -0.770568 0.4597306 0.8025295 0.3802553 0.6732 0.4865714 0.5568213 0.7633113 0.1369137 0.631356 0.7705682 -0.000260785 0.6373575 -0.4679681 -0.0001930926 -0.8837453 -0.468043 -0.0001929843 -0.8837057 -0.1913602 -6.184206e-05 -0.9815199 -0.7705681 -0.0002608318 -0.6373577 0.003801443 -6.163654e-05 -0.9999928 -0.1912832 -6.194688e-05 -0.9815349 0.003879404 -6.176935e-05 -0.9999925 -0.955806 -0.0001931469 -0.2939981 -0.7705684 -0.0002608572 -0.6373573 -0.9558309 -0.0001931197 -0.2939172 -0.9999925 -6.185001e-05 -0.003880058 -0.9999928 -6.183543e-05 -0.003801672 0.8837057 -0.0001929054 -0.468043 0.9815349 -6.159046e-05 -0.1912834 0.8837452 -0.0001929129 -0.4679684 0.9999925 -6.181584e-05 0.003879858 0.9999928 -6.175489e-05 0.003801615 0.9815198 -6.172944e-05 -0.1913604 0.6373577 -0.0002608331 -0.770568 0.6373573 -0.0002610087 -0.7705683 0.2939976 -0.0001932466 -0.9558061 0.2939171 -0.0001931373 -0.9558309 -0.110756 0.8161693 -0.5670985 0.002214545 0.8165518 -0.5772679 0.002430028 0.8161727 -0.5778029 -0.2708231 0.8168588 -0.5093098 -0.1104441 0.8165481 -0.5666139 -0.2710372 0.8165081 -0.5097582 0.17049 0.8168612 -0.5510634 0.1706197 0.816506 -0.5515496 -0.4446824 -0.8166827 -0.3678137 -0.5508589 -0.8170172 -0.1704034 -0.5513356 -0.8166727 -0.1705134 -0.4446825 -0.8166824 -0.3678144 -0.2708976 -0.8166688 -0.5095748 -0.2707022 -0.8170118 -0.5091287 0.5093063 0.8168613 -0.2708224 0.5666014 0.8165571 -0.1104418 0.5670868 0.8161777 -0.1107541 0.3679887 0.8164899 -0.4448916 0.3679904 0.8164894 -0.4448911 0.5097548 0.8165101 -0.2710373 -0.002421111 -0.816261 0.5776783 -0.1705181 -0.8166724 0.5513345 -0.1704103 -0.8170149 0.5508603 -0.002217084 -0.8166313 0.5771554 -0.3678002 -0.81669 0.4446802 -0.3677982 -0.8166907 0.4446804 -0.4448924 0.8164896 -0.3679886 -0.4448911 0.8164898 -0.3679895 -0.5776931 -0.8162505 -0.002422183 -0.5771725 -0.8166193 -0.002219108 -0.5665005 -0.8166296 0.1104236 -0.566976 -0.816259 0.1107225 -0.1104259 -0.8166277 -0.5665026 0.002422398 -0.8162554 -0.5776861 0.002218369 -0.8166255 -0.5771636 0.1704045 -0.8170135 -0.5508641 -0.1107244 -0.8162575 -0.5669778 -0.5515427 0.8165111 -0.1706173 -0.5510569 0.8168662 -0.1704874 0.5669847 -0.8162525 -0.1107259 0.5091279 -0.8170127 -0.2707011 0.5095728 -0.8166709 -0.2708951 0.5776839 -0.816257 0.002421742 0.5771617 -0.8166269 0.002217842 0.5665105 -0.816622 -0.1104281 0.3678095 -0.8166891 -0.4446741 0.3678084 -0.8166887 -0.4446758 0.5513346 -0.8166723 0.1705185 0.5508607 -0.8170145 0.1704108 -0.003879412 -6.175789e-05 0.9999925 -0.2939171 -0.0001930684 0.9558309 -0.00380123 -6.169738e-05 0.9999928 0.1912831 -6.177566e-05 0.9815349 0.1913599 -6.172821e-05 0.9815199 0.467968 -0.0001928906 0.8837454 0.4680431 -0.0001928167 0.8837056 0.9558059 -0.0001930573 0.2939983 0.9558309 -0.0001929577 0.293917 -0.2939977 -0.0001930452 0.9558061 -0.6373574 -0.0002608608 0.7705683 -0.6373574 -0.0002607554 0.7705683 -0.8837056 -0.0001928475 0.4680432 -0.8837452 -0.0001928219 0.4679683 -0.9815199 -6.167007e-05 0.1913599 -0.9815349 -6.177561e-05 0.1912829 0.7705683 -0.0002606517 0.6373574 0.7705682 -0.000260599 0.6373575 -0.5778043 0.8161717 -0.002432189 -0.5772703 0.8165501 -0.002217314 0.1705152 -0.8166667 -0.5513438 -0.5670921 0.816174 0.1107548 -0.5666066 0.8165533 0.1104427 -0.5097623 0.816506 0.2710357 -0.5093091 0.8168612 0.2708174 0.1107231 -0.816258 0.5669773 0.2706971 -0.8170131 0.5091294 0.2708964 -0.8166657 0.5095804 0.1104244 -0.8166285 0.5665018 -0.1704936 0.816863 0.5510597 -0.3679786 0.8164915 0.444897 -0.367979 0.8164922 0.4448954 -0.002431674 0.8161708 0.5778056 -0.002216698 0.8165491 0.5772717 -0.1706197 0.8165129 0.5515394 0.1107553 0.8161737 0.5670923 0.1104433 0.8165527 0.5666073 -0.9811778 -7.471132e-05 0.1931066 -0.8829198 -0.0002356144 0.4695238 -0.8828711 -0.0002331084 0.4696153 -0.999984 -7.413209e-05 -0.00565931 -0.9999845 -7.583597e-05 -0.005560497 -0.9811969 -7.653418e-05 0.1930094 -0.9553118 -0.000235146 -0.2955998 0.1931063 -7.457738e-05 0.9811778 0.4695241 -0.0002348884 0.8829196 0.4696155 -0.0002342659 0.882871 0.1930096 -7.602136e-05 0.9811969 0.7705683 -0.0003169331 0.6373574 -0.005659063 -7.445886e-05 0.999984 -0.005560403 -7.596209e-05 0.9999845 0.7705682 -0.0003151794 0.6373574 0.9553121 -0.0002332404 0.2955988 0.9552815 -0.0002357118 0.2956977 0.9999845 -7.444261e-05 0.005561804 0.999984 -7.603319e-05 0.005660367 0.9811966 -7.421715e-05 -0.1930109 0.9811776 -7.591601e-05 -0.1931078 -0.6373569 -0.0003160048 0.7705687 -0.637357 -0.000316064 0.7705686 -0.2956003 -0.0002347768 0.9553117 -0.295699 -0.0002339664 0.9552811 -0.1931062 -7.44256e-05 -0.9811779 0.005659095 -7.423211e-05 -0.999984 0.005560387 -7.573093e-05 -0.9999845 -0.1930095 -7.580014e-05 -0.9811969 -0.4695233 -0.0002357329 -0.88292 0.2955995 -0.0002353393 -0.9553119 0.8828716 -0.0002355338 -0.4696144 0.2956981 -0.0002329591 -0.9552814 0.637358 -0.0003157406 -0.7705678 0.6373578 -0.0003158021 -0.770568 0.8829202 -0.0002329364 -0.4695231 -0.9552813 -0.0002327701 -0.2956983 -0.7705684 -0.0003167024 -0.6373573 -0.7705685 -0.0003150986 -0.6373571 -0.4696147 -0.0002333871 -0.8828714 0.5772701 0.8165503 0.002216984 0.5778035 0.8161723 0.002431771 0.5510543 0.8168669 0.1704926 0.5515334 0.8165172 0.1706184 -0.5091299 -0.8170127 0.2706972 -0.5095814 -0.816665 0.2708966 0.2708164 0.8168627 0.5093072 0.2710345 0.8165078 0.5097601 0.4448942 0.8164939 0.3679768 0.4448919 0.8164948 0.3679775 0.4446812 -0.8166894 0.3678002 0.4446808 -0.8166888 0.3678022</float_array>
          <technique_common>
            <accessor count="1801" source="#normals-array-array" stride="3">
              <param type="float" name="X" />
              <param type="float" name="Y" />
              <param type="float" name="Z" />
            </accessor>
          </technique_common>
        </source>
        <source id="texcoords-array">
          <float_array count="3602" id="texcoords-array-array">0.5497707 0.9092823 0.5920714 0.8614876 0.594595 0.9067448 0.5472472 0.8640252 0.5469825 0.8606164 0.5918068 0.8580789 0.5953739 0.8612974 0.546319 0.9094744 0.5437955 0.8642172 0.6039977 0.9061443 0.5952241 0.8609614 0.5977476 0.9062185 0.6014742 0.8608872 0.6007491 0.8575078 0.5944989 0.857582 0.5942182 0.8609973 0.6039336 0.906169 0.5426121 0.9204064 0.5488623 0.9203323 0.5874364 0.9178689 0.5392049 0.9200574 0.545455 0.9199832 0.5936865 0.9177946 0.5970334 0.9170634 0.549303 0.9197865 0.5941274 0.9172489 0.5310707 0.9099931 0.5347973 0.8646618 0.5373209 0.909919 0.5285472 0.864736 0.528892 0.8612961 0.5351421 0.8612218 0.5358031 0.8646259 0.5383267 0.909883 0.5311347 0.9099684 0.5852978 0.9068552 0.5379499 0.8641355 0.5404734 0.9093927 0.5826588 0.8581875 0.5378344 0.860725 0.5827743 0.861598 0.5346475 0.8643259 0.5887493 0.9066631 0.5456095 0.853546 0.5427778 0.855849 0.5421938 0.8543818 0.5417615 0.8537428 0.5451085 0.8530115 0.5388584 0.8530856 0.5394471 0.8560273 0.5388047 0.8554811 0.5403404 0.8570428 0.5465948 0.8575454 0.5431632 0.8578804 0.5461213 0.8551069 0.5406275 0.8585214 0.543403 0.8607244 0.5375445 0.8581734 0.5365218 0.8580604 0.5355114 0.853817 0.538956 0.8586069 0.540418 0.8609987 0.5430585 0.9096493 0.540535 0.8643922 0.5403021 0.9097902 0.5377786 0.8645331 0.538124 0.8611072 0.5362529 0.8610701 0.5302716 0.8581347 0.5325545 0.8555552 0.5498862 0.9126928 0.5946656 0.9132315 0.5498413 0.915769 0.5464031 0.9158104 0.5463374 0.9130002 0.5433129 0.9130369 0.543802 0.9154528 0.5496401 0.9182155 0.5462269 0.9178462 0.54368 0.9169363 0.5457937 0.919344 0.5410171 0.9131455 0.5421305 0.9155383 0.5360733 0.9186638 0.5423236 0.9185897 0.5429084 0.9180236 0.5335181 0.9163584 0.5397682 0.9162841 0.5407835 0.9161034 0.5317957 0.9133725 0.5380459 0.9132983 0.5391706 0.913347 0.5322656 0.8561045 0.5349547 0.8544685 0.5384176 0.8536314 0.5347692 0.8559524 0.5380804 0.8552024 0.532478 0.8571361 0.5303653 0.8582526 0.5310936 0.8587003 0.5290344 0.8611756 0.5346103 0.8579872 0.5378793 0.8576488 0.532356 0.8586196 0.5286112 0.8647113 0.5322613 0.9098856 0.5301163 0.8612114 0.5297377 0.8646286 0.534343 0.9097527 0.5318195 0.8644956 0.5318499 0.8610919 0.5371709 0.909583 0.53445 0.8608102 0.5827036 0.8551113 0.5829048 0.8526649 0.5421111 0.9198719 0.5382355 0.9179485 0.5385936 0.9194286 0.5357157 0.9181014 0.5358176 0.9170296 0.5415993 0.9183109 0.5411258 0.9158725 0.5378328 0.9159181 0.5355304 0.915551 0.5859501 0.9133349 0.5864236 0.9157734 0.5855624 0.9102639 0.5407382 0.9128014 0.5373454 0.9130881 0.5335889 0.9161835 0.5342681 0.9156315 0.5347561 0.9131294 0.5330249 0.9132487 0.531952 0.9134525 0.5904338 0.8510085 0.5899328 0.8504739 0.5933399 0.8508229 0.5939681 0.8514507 0.5870898 0.8508971 0.5902213 0.8522907 0.596822 0.8527714 0.5967273 0.8538507 0.5836827 0.8505481 0.5989491 0.8546916 0.5982769 0.8552487 0.5990267 0.854522 0.5964715 0.8522165 0.5927766 0.8545962 0.6005966 0.8574476 0.5943192 0.8529392 0.5909456 0.8525694 0.5947048 0.8549683 0.5914192 0.8550078 0.5970144 0.8553293 0.6014102 0.8609119 0.6028072 0.9062518 0.5995274 0.8576399 0.6002837 0.8609947 0.6007254 0.9063847 0.5982019 0.8611276 0.5977929 0.8577419 0.5978974 0.9065545 0.5951788 0.8577736 0.5907833 0.9171376 0.5975734 0.9164128 0.6002855 0.9147677 0.5944645 0.915678 0.5977666 0.9149363 0.6000669 0.9137442 0.5979425 0.9128983 0.5947105 0.9101554 0.6001889 0.9122607 0.5981132 0.9100494 0.5999904 0.915325 0.6021858 0.9126217 0.6022733 0.9127456 0.5937402 0.9153993 0.6014513 0.9121801 0.6006899 0.90978 0.6024221 0.9096781 0.6035088 0.9097245 0.6036529 0.9095842 0.5960231 0.9128198 0.5832419 0.8510939 0.5867289 0.8515375 0.5896413 0.8528642 0.5863097 0.8530268 0.5888649 0.853944 0.5861512 0.8550639 0.5862281 0.8578987 0.588743 0.8554275 0.5917706 0.8547821 0.5904143 0.855342 0.5862259 0.861406 0.5920099 0.9064882 0.5892258 0.8578526 0.5894864 0.8612311 0.5947663 0.9063472 0.5922428 0.8610902 0.5915189 0.8577266 0.5967417 0.9062544 0.5933759 0.8575136 0.5869353 0.9173343 0.5903733 0.9164974 0.5930939 0.9148611 0.5922045 0.9138376 0.5949918 0.9127131 0.5935888 0.9122735 0.5974027 0.9096584 0.5962881 0.9097905 0.5897745 0.915023 0.5893716 0.9129948 0.5919173 0.9123589 0.5944289 0.9097639 0.5921341 0.9098901 0.5891235 0.9101767 0.5890492 0.1971735 0.6528707 0.1333522 0.6528707 0.1971735 0.5890492 0.1333522 0.6576789 0.1971735 0.5890492 0.1285439 0.6528707 0.1285439 0.5890492 0.2019818 0.584241 0.1971735 0.584241 0.1333522 0.6684276 0.1971735 0.666764 0.2021371 0.667666 0.1971735 0.6684276 0.1333522 0.6684276 0.1971735 0.667666 0.1971735 0.6684276 0.1333522 0.667666 0.1285439 0.667666 0.1285439 0.667666 0.2019818 0.5890492 0.2127305 0.5890492 0.2127305 0.6528707 0.2127305 0.5842409 0.2119688 0.6528707 0.2127305 0.6576789 0.2119688 0.5890492 0.2119688 0.5890492 0.2119688 0.5734922 0.1971735 0.5734922 0.1333522 0.5734922 0.1333522 0.5742539 0.1333522 0.5742539 0.1971735 0.5742539 0.2019818 0.5734922 0.1971735 0.575156 0.1284164 0.5742539 0.1285439 0.5742539 0.1285439 0.5742539 0.1333522 0.5890492 0.1971735 0.6528707 0.2019818 0.6528707 0.1971735 0.5890492 0.1333522 0.584241 0.1333522 0.6528707 0.1333522 0.6528707 0.1285439 0.5890492 0.1285439 0.6576789 0.1333522 0.5890492 0.1185568 0.584241 0.1185568 0.5890492 0.1177952 0.5801094 0.1215546 0.5799066 0.1207651 0.5799066 0.1207651 0.584241 0.1185568 0.5841135 0.1194589 0.5890492 0.1177951 0.6528707 0.1177951 0.6528707 0.1177952 0.5890492 0.1207651 0.5842744 0.1215436 0.5808178 0.123032 0.584262 0.1244122 0.5808177 0.1251206 0.5840857 0.1284164 0.5890492 0.1242095 0.5787291 0.1251206 0.5772407 0.1244201 0.5764623 0.1242095 0.5764623 0.1242095 0.5772517 0.1285649 0.5801173 0.1285773 0.5799066 0.1971735 0.5799066 0.1333522 0.5764623 0.1333522 0.5764623 0.1971735 0.575156 0.1283886 0.6528707 0.2019818 0.5842744 0.2061055 0.5841135 0.2021371 0.5801094 0.2019608 0.5808178 0.2054051 0.5890492 0.2097605 0.584262 0.2089711 0.5890492 0.2063162 0.6528707 0.2063162 0.6528707 0.2097605 0.6528707 0.2119688 0.5772407 0.2019484 0.5808177 0.2074937 0.5787291 0.2054051 0.5772517 0.2061135 0.584241 0.2119688 0.5801173 0.2089821 0.5840857 0.2110668 0.5799066 0.2097605 0.5799066 0.2097605 0.5764623 0.2063162 0.5764623 0.2063162 0.575156 0.2021093 0.5742539 0.2019818 0.5890492 0.1185568 0.5801173 0.1215436 0.5840857 0.1194589 0.6528707 0.1207651 0.6528707 0.1185568 0.584262 0.1215546 0.5890492 0.1207651 0.5808178 0.123032 0.5787291 0.1251206 0.5772517 0.1244122 0.5842744 0.1244201 0.6528707 0.1242095 0.5890492 0.1242095 0.5808178 0.1251206 0.5801094 0.1285649 0.5772407 0.1285772 0.5742539 0.1971735 0.5764623 0.1333522 0.5764623 0.1971735 0.5799066 0.1971735 0.5799066 0.1333522 0.584241 0.1971735 0.5841135 0.1283886 0.6528707 0.2119688 0.5842744 0.2089821 0.5841135 0.2110668 0.5801094 0.2089711 0.5808178 0.2074937 0.5890492 0.2097605 0.584262 0.2061135 0.6528707 0.2097605 0.5890492 0.2063162 0.5840857 0.2021093 0.6528707 0.2063162 0.5772407 0.2061055 0.5808177 0.2054051 0.5787291 0.2054051 0.5801173 0.2019484 0.5890492 0.2019818 0.5772517 0.2019608 0.575156 0.2021371 0.6528707 0.1185568 0.6576789 0.1185568 0.6578342 0.1194589 0.6576579 0.1215546 0.6576789 0.1185568 0.6620133 0.1207651 0.6620133 0.1207651 0.6618026 0.1215436 0.6611021 0.123032 0.6654577 0.1242095 0.6646681 0.1244122 0.666764 0.1284164 0.6528707 0.1207651 0.6576455 0.1244201 0.6528707 0.1242095 0.6631908 0.1251206 0.6611021 0.1251206 0.6618106 0.1285649 0.667666 0.1333522 0.6654577 0.1971735 0.6646791 0.1285773 0.6654577 0.1333522 0.6620133 0.1333522 0.6576789 0.1333522 0.6620133 0.1971735 0.6578064 0.1283886 0.6578064 0.2110668 0.6618106 0.2089711 0.6576789 0.2119688 0.6576455 0.2089821 0.6611021 0.2074937 0.6576579 0.2061135 0.6578342 0.2021093 0.6620133 0.2097605 0.6620133 0.2097605 0.6646792 0.2061055 0.6654577 0.2063162 0.6631908 0.2054051 0.6611021 0.2054051 0.6618026 0.2019484 0.6646681 0.2019608 0.667666 0.2019818 0.6654577 0.2063162 0.6578064 0.1194589 0.6618106 0.1215546 0.6576455 0.1215436 0.6611021 0.123032 0.6576579 0.1244122 0.6611021 0.1251206 0.6646792 0.1244201 0.6654577 0.1242095 0.6631908 0.1251206 0.6646681 0.1285649 0.6618026 0.1285772 0.6578342 0.1284164 0.6576789 0.1971735 0.6620133 0.1333522 0.6620133 0.1971735 0.6654577 0.1333522 0.6654577 0.1971735 0.666764 0.1283885 0.667666 0.1333522 0.6578342 0.2110668 0.6576579 0.2089711 0.6618026 0.2089821 0.6646682 0.2061135 0.6631908 0.2054051 0.666764 0.2021093 0.6611021 0.2054051 0.6576455 0.2061055 0.6611021 0.2074937 0.6646791 0.2019484 0.6618106 0.2019608 0.6578064 0.2021371 0.5471016 0.9651017 0.5853056 0.9268104 0.5853499 0.965058 0.5470574 0.926854 0.5470552 0.9239697 0.5853034 0.9239261 0.5882325 0.965052 0.547106 0.9679805 0.5442211 0.9651022 0.5441769 0.9268546 0.5946957 0.9649915 0.5936949 0.967985 0.5942323 0.9650093 0.5947441 0.9265143 0.5947883 0.964762 0.5943388 0.9647452 0.5946515 0.9267438 0.5941917 0.9238628 0.5942842 0.9236332 0.5942426 0.9678736 0.5472275 0.9741395 0.5442528 0.9739157 0.5471349 0.9743689 0.5854757 0.9740958 0.5853832 0.9743252 0.5882643 0.9738655 0.5472339 0.9736657 0.5471274 0.9739298 0.5378008 0.9650564 0.5378492 0.9265792 0.5377566 0.9268087 0.5382062 0.9268255 0.5382503 0.9650731 0.5383531 0.9677079 0.5378934 0.9648268 0.5388501 0.9236023 0.5383024 0.9236971 0.5382097 0.9239267 0.5383127 0.9265614 0.5472393 0.9647602 0.5854897 0.9676009 0.5854875 0.9647167 0.547195 0.9265127 0.5443124 0.9265186 0.5854433 0.926469 0.5854388 0.9235902 0.5471907 0.9236338 0.5883238 0.9264685 0.5470628 0.9179487 0.5441881 0.9179347 0.5470691 0.9174749 0.5441052 0.9184932 0.5417071 0.9197512 0.5415921 0.919261 0.5416846 0.9190316 0.5442806 0.9177051 0.5854099 0.9172017 0.5853174 0.9174313 0.5471618 0.9172454 0.547058 0.9192877 0.5441973 0.9197568 0.5421277 0.9206486 0.5441877 0.9214862 0.5421261 0.9219077 0.5470554 0.9213642 0.5440817 0.9238935 0.5408775 0.9219017 0.53999 0.9214705 0.5396227 0.9210981 0.5395302 0.9213276 0.5399934 0.9239693 0.5416267 0.9650972 0.5415825 0.9268496 0.5417066 0.9239851 0.5395233 0.9268396 0.5395675 0.9650872 0.5387431 0.9238507 0.5853543 0.9679369 0.5442516 0.9704443 0.5441494 0.9680737 0.5417526 0.9679632 0.5421817 0.9700215 0.5471122 0.9705701 0.5471196 0.9726219 0.5442504 0.9721513 0.5853605 0.9705265 0.5853679 0.9725783 0.5853757 0.9738861 0.5400377 0.9679475 0.5421861 0.9712657 0.5409331 0.9700155 0.5400531 0.9704286 0.5443453 0.9736862 0.5417725 0.9721458 0.5441519 0.973393 0.5416536 0.9725953 0.5417462 0.9723658 0.5395871 0.9705335 0.5387942 0.968031 0.5396796 0.970304 0.5382606 0.9679374 0.5471693 0.9176846 0.5418183 0.9194808 0.5441954 0.9182281 0.5443083 0.9194695 0.547177 0.9189924 0.5854253 0.9189488 0.5854175 0.917641 0.5422442 0.9203598 0.5409939 0.921613 0.540103 0.9212018 0.5443218 0.9211765 0.5854326 0.9210006 0.5471845 0.9210442 0.5422487 0.921604 0.5418286 0.9236634 0.5401053 0.923683 0.5383568 0.9648091 0.5396423 0.9265442 0.5396865 0.964792 0.5417557 0.9647772 0.5417116 0.9265296 0.5443565 0.9647663 0.5442312 0.9235473 0.5443763 0.9718641 0.5442755 0.9731278 0.5854822 0.973622 0.5418741 0.9718753 0.5423026 0.9709771 0.5472386 0.9723266 0.544371 0.9701347 0.5472412 0.9702501 0.5854869 0.972283 0.5442656 0.9677277 0.5854895 0.9702064 0.5423042 0.9697179 0.5410494 0.9697267 0.540153 0.97016 0.5418842 0.9676414 0.5472414 0.9676446 0.5401627 0.9676611 0.5389011 0.9677826 0.585311 0.917905 0.5881996 0.9178845 0.5882861 0.9184427 0.588176 0.9197132 0.5907987 0.919205 0.5906661 0.9196888 0.5882921 0.917655 0.5908912 0.9189754 0.5902423 0.9205937 0.5928653 0.9212667 0.5923853 0.921406 0.5936438 0.9238049 0.5853062 0.9192441 0.5881665 0.9214408 0.5853037 0.9213206 0.5914955 0.9218439 0.5902407 0.9218528 0.5906655 0.9239218 0.5941881 0.9267617 0.5929025 0.9650264 0.5923887 0.923917 0.5907891 0.9267935 0.5928584 0.9267787 0.5881883 0.9268044 0.5908333 0.9650412 0.5882626 0.9238265 0.5883328 0.9733427 0.5907313 0.9720834 0.5883568 0.973636 0.5882292 0.9721077 0.5903007 0.9712109 0.5882305 0.9703988 0.5883303 0.9680067 0.5908603 0.9725391 0.5924485 0.970364 0.5929221 0.9704726 0.5909529 0.9723096 0.591551 0.9699577 0.5902963 0.9699667 0.5907115 0.9679 0.592433 0.9678951 0.5943351 0.967644 0.5930147 0.9702432 0.5882871 0.9194129 0.5883763 0.9181777 0.5907772 0.9194315 0.5903587 0.9203049 0.5883006 0.9211217 0.5903631 0.9215491 0.5924984 0.9211469 0.5929578 0.9210373 0.5916118 0.9215552 0.5925006 0.9236158 0.5883679 0.9647161 0.5907875 0.9236148 0.5884122 0.9235137 0.5909182 0.9264734 0.5909624 0.9647211 0.5929774 0.9264835 0.5930216 0.9647311 0.5937507 0.9235231 0.5942945 0.9264976 0.5883551 0.9718073 0.5884564 0.9730775 0.5908329 0.9718261 0.5925483 0.9701049 0.5916674 0.969669 0.5938018 0.9677032 0.5904188 0.9696629 0.5883498 0.9700797 0.5904171 0.9709222 0.592558 0.967594 0.590843 0.967593 0.5884465 0.9676939 0.07856356 0.8471291 0.07760472 0.848089 0.07756894 0.8471624 0.07729086 0.8388498 0.07828551 0.8388165 0.08678726 0.8478227 0.07855912 0.848098 0.08651361 0.8385413 0.08679169 0.8468539 0.08644445 0.8375748 0.08732732 0.8375863 0.08743462 0.8385105 0.07726463 0.8379229 0.07821632 0.8378501 0.08725209 0.8468385 0.08815621 0.8384863 0.08697402 0.8385258 0.08843425 0.8467989 0.0883156 0.8468029 0.08668537 0.8375667 0.08775182 0.8375721 0.08786756 0.8375272 0.08702817 0.8478147 0.08821036 0.8477752 0.08809185 0.8477381 0.0783528 0.8490762 0.08539875 0.8488404 0.07717061 0.8491157 0.07755022 0.8485921 0.07848176 0.8488127 0.08658091 0.848801 0.08753009 0.84851 0.07738632 0.8488494 0.08670989 0.8485374 0.08761293 0.8482555 0.07518762 0.8472421 0.07609174 0.8388899 0.07636982 0.8472025 0.07490957 0.8389294 0.07631565 0.8379136 0.07669772 0.8379419 0.07648561 0.8388767 0.07676369 0.8471893 0.07717666 0.8374245 0.07794508 0.8368879 0.07809137 0.8371422 0.07699593 0.8371788 0.07581374 0.8372183 0.07676291 0.8369274 0.08499102 0.8366522 0.08617321 0.8366126 0.07513346 0.8379532 0.07703779 0.8481079 0.07665845 0.8481616 0.07620413 0.8488889 0.07547626 0.8482011 0.08723935 0.8370879 0.08631945 0.8368669 0.08713969 0.8368394 0.0859575 0.836879 0.08803753 0.8384902 0.0877127 0.846823 0.0863479 0.8485495 0.08766739 0.8477523 0.07812797 0.8261406 0.08607804 0.8175528 0.08635611 0.8258654 0.07685527 0.8178613 0.07784992 0.8178281 0.08635165 0.8268343 0.07812353 0.8271096 0.07716911 0.8271005 0.07713335 0.826174 0.08600885 0.8165864 0.08689172 0.8165979 0.08699905 0.817522 0.07682904 0.8169345 0.07778073 0.8168616 0.08681648 0.82585 0.0877206 0.8174978 0.0865384 0.8175374 0.08799867 0.8258105 0.08788003 0.8258145 0.08624979 0.8165783 0.08731621 0.8165837 0.08743199 0.8165388 0.08765627 0.8267497 0.0865926 0.8268262 0.08777479 0.8267867 0.07791722 0.8280877 0.08496314 0.8278521 0.07673502 0.8281273 0.07711463 0.8276037 0.07804617 0.8278242 0.08614533 0.8278126 0.08709449 0.8275216 0.07695073 0.8278609 0.08627429 0.827549 0.08717733 0.827267 0.07475204 0.8262536 0.07565615 0.8179014 0.07593423 0.8262141 0.07447398 0.817941 0.07588006 0.8169252 0.07626213 0.8169534 0.07605002 0.8178883 0.0763281 0.8262008 0.07674107 0.8164361 0.07750949 0.8158994 0.07765578 0.8161537 0.07656034 0.8161904 0.08455541 0.8156637 0.0857376 0.8156242 0.07537815 0.8162299 0.07632732 0.8159389 0.07469787 0.8169647 0.0766022 0.8271195 0.07622286 0.8271731 0.07576854 0.8279004 0.07504067 0.8272127 0.08680375 0.8160995 0.08588389 0.8158785 0.08670408 0.815851 0.08552189 0.8158906 0.08760195 0.8175018 0.08727709 0.8258346 0.08591229 0.8275611 0.08723179 0.8267639 0.5721418 0.366931 0.5648681 0.3669807 0.5721418 0.366931 0.5789059 0.3657586 0.5722235 0.3663592 0.5578593 0.3664574 0.5578593 0.3664575 0.5648681 0.3669808 0.5722235 0.3663592 0.579118 0.366312 0.5580397 0.3659013 0.5647537 0.3664103 0.5727835 0.3626506 0.5790717 0.3646524 0.5724592 0.364788 0.5626116 0.3562765 0.5737846 0.3562001 0.5639814 0.3627108 0.5570911 0.3627579 0.5557212 0.3563236 0.5618873 0.3454331 0.5738879 0.3453511 0.579674 0.3626034 0.5578104 0.3647978 0.5875918 0.3561056 0.5847422 0.3625687 0.5865909 0.3625561 0.5875918 0.3561056 0.5826398 0.364628 0.5844216 0.3647062 0.586122 0.3452674 0.5865909 0.3625561 0.5847422 0.3625687 0.5844216 0.3647062 0.5826398 0.364628 0.5877978 0.2658933 0.5473223 0.2770184 0.5845309 0.2767639 0.542973 0.2640647 0.5434341 0.2661968 0.585796 0.2787943 0.5412166 0.2770602 0.5363936 0.2642001 0.5365437 0.2662439 0.5542424 0.3648223 0.5501743 0.3628052 0.5524657 0.3649248 0.5578104 0.3647978 0.5488043 0.3563709 0.5501743 0.3628052 0.5520228 0.3627925 0.5524657 0.3649248 0.5570911 0.3627579 0.5724592 0.364788 0.5644283 0.3648429 0.5639814 0.3627108 0.5727835 0.3626506 0.5626118 0.3562765 0.5557212 0.3563236 0.5506532 0.3563583 0.5790717 0.3646524 0.579118 0.366312 0.579674 0.3626034 0.5857432 0.3561183 0.5806752 0.356153 0.5737846 0.3562001 0.5314757 0.2662786 0.5328257 0.2642245 0.5310104 0.2641465 0.529627 0.2662912 0.5367261 0.2770909 0.5310104 0.2641465 0.529627 0.2662912 0.5350879 0.2771021 0.5881368 0.2637558 0.6000993 0.2636739 0.6016051 0.2657989 0.6000993 0.263674 0.5997564 0.2658116 0.6016052 0.2657989 0.5982893 0.2637767 0.595127 0.2766914 0.596765 0.2766802 0.5946882 0.2658462 0.5947212 0.2638011 0.5542424 0.3648223 0.5580397 0.3659013 0.5520228 0.3627926 0.5488043 0.3563709 0.5506532 0.3563583 0.5647537 0.3664103 0.5644283 0.3648429 0.5857432 0.3561183 0.5789059 0.3657586 0.5806752 0.356153 0.5314756 0.2662786 0.5328256 0.2642245 0.5367261 0.2770909 0.542973 0.2640647 0.5365437 0.2662439 0.5363936 0.2642001 0.5412166 0.2770602 0.5434341 0.2661968 0.5845309 0.2767639 0.5473223 0.2770184 0.5881366 0.2637558 0.5877978 0.2658933 0.5997564 0.2658116 0.5982893 0.2637767 0.5946882 0.2658462 0.5947212 0.2638011 0.595127 0.2766914 0.5906364 0.2767222 0.596765 0.2766802 0.549653 0.3455168 0.5557818 0.3454749 0.551291 0.3455056 0.549653 0.3455168 0.5618873 0.3454331 0.5906364 0.2767221 0.5996033 0.2786998 0.5996033 0.2786999 0.5926865 0.2787472 0.5977546 0.2787125 0.5392834 0.2791125 0.5342151 0.279147 0.5323665 0.2791598 0.5350879 0.2771021 0.5461738 0.2790654 0.584484 0.3452786 0.586122 0.3452674 0.5799934 0.3453093 0.551291 0.3455056 0.5323665 0.2791598 0.5375155 0.2885046 0.5391535 0.2884934 0.5342151 0.279147 0.5391535 0.2884934 0.5375155 0.2885046 0.5351062 0.2920283 0.5351062 0.2920283 0.5399429 0.2999071 0.5415811 0.2998959 0.5369551 0.2920156 0.5415811 0.2998959 0.5399429 0.2999071 0.537846 0.3048968 0.5440086 0.3112983 0.5396945 0.3048842 0.537846 0.3048967 0.5423704 0.3113095 0.5440086 0.3112983 0.5405855 0.3177654 0.5423704 0.3113095 0.546436 0.3227007 0.5424343 0.3177527 0.5405855 0.3177652 0.5447981 0.3227119 0.546436 0.3227007 0.5447981 0.3227119 0.5433251 0.3306338 0.5433251 0.3306338 0.5472257 0.3341144 0.5488636 0.3341031 0.5451739 0.3306212 0.5488636 0.3341031 0.5472257 0.3341144 0.5460649 0.3435024 0.5479135 0.3434898 0.5460649 0.3435023 0.5926865 0.2787472 0.585796 0.2787943 0.5888624 0.2881534 0.5827571 0.2881951 0.583794 0.2916953 0.5957525 0.2916135 0.5906845 0.2916481 0.5977544 0.2787125 0.5489133 0.2919339 0.5497496 0.2884209 0.5870886 0.2995846 0.5809832 0.2996264 0.5886828 0.3045491 0.5817923 0.3045962 0.5937507 0.3045144 0.5516531 0.3048023 0.5521772 0.2998234 0.5853148 0.3110157 0.5792095 0.3110576 0.5866807 0.31745 0.5797902 0.3174971 0.5917488 0.3174154 0.5543928 0.3176708 0.5546048 0.3112259 0.583541 0.3224469 0.5774355 0.3224887 0.5897469 0.3303163 0.5846789 0.330351 0.5777885 0.3303981 0.5817671 0.333878 0.5756618 0.3339199 0.5570322 0.3226283 0.5877451 0.3432173 0.5826769 0.3432519 0.5571324 0.3305394 0.5757865 0.3432991 0.559872 0.3434079 0.5594599 0.3340307 0.5933532 0.2881227 0.5976014 0.2916008 0.5915793 0.2995539 0.5955995 0.3045018 0.5898056 0.310985 0.5935975 0.3174027 0.5880317 0.3224162 0.5915956 0.3303037 0.5862578 0.3338474 0.5895936 0.3432046 0.5949912 0.2881114 0.5949912 0.2881114 0.5932174 0.2995427 0.5976014 0.2916008 0.5932172 0.2995427 0.5914437 0.3109738 0.5914437 0.3109738 0.5955995 0.3045018 0.5896696 0.322405 0.5896696 0.322405 0.5935975 0.3174027 0.5915956 0.3303037 0.587896 0.3338362 0.587896 0.3338362 0.5895936 0.3432046 0.5557818 0.3454748 0.5479135 0.3434898 0.5529815 0.3434551 0.5533544 0.3340724 0.5451737 0.3306212 0.550242 0.3305866 0.5509267 0.32267 0.5484992 0.3112676 0.5475023 0.317718 0.5424343 0.3177527 0.5447626 0.3048495 0.5460718 0.2998651 0.5396945 0.3048842 0.5436441 0.2884626 0.542023 0.291981 0.5369551 0.2920157 0.584484 0.3452786 0.5799934 0.3453093 0.5738879 0.345351 0.5826769 0.3432519 0.5757865 0.3432992 0.5862578 0.3338474 0.5817671 0.333878 0.5598721 0.3434079 0.5594599 0.3340307 0.5756618 0.3339199 0.5846789 0.330351 0.5777885 0.3303981 0.5880317 0.3224162 0.583541 0.3224469 0.5570321 0.3226283 0.5571324 0.3305394 0.5774355 0.3224887 0.5866808 0.31745 0.5797902 0.3174971 0.5898056 0.310985 0.5853148 0.3110157 0.5546046 0.3112258 0.5543928 0.3176709 0.5792095 0.3110574 0.5886827 0.3045492 0.5817923 0.3045962 0.5915793 0.2995539 0.5870888 0.2995846 0.5521772 0.2998234 0.5516531 0.3048024 0.5809832 0.2996264 0.5906845 0.2916481 0.583794 0.2916953 0.5933532 0.2881227 0.5888625 0.2881534 0.5497496 0.2884209 0.5489133 0.2919339 0.5827571 0.2881951 0.5461739 0.2790653 0.5877451 0.3432174 0.5897469 0.3303163 0.5917488 0.3174154 0.5937507 0.3045144 0.5957527 0.2916135 0.5392834 0.2791125 0.5436441 0.2884626 0.542023 0.2919809 0.5460718 0.2998651 0.5447626 0.3048495 0.5484993 0.3112675 0.5475023 0.317718 0.5509267 0.32267 0.550242 0.3305866 0.5533544 0.3340724 0.5529815 0.3434551 0.1077796 0.9321675 0.08839369 0.8481221 0.1070536 0.8456964 0.08921684 0.9446667 0.08911967 0.9345936 0.1092385 0.8454212 0.08625748 0.8387675 0.08832184 0.8380637 0.1069817 0.8356382 0.1090779 0.8358007 0.08623419 0.8484121 0.08714528 0.9445184 0.08696012 0.9348831 0.1122243 0.9316579 0.1119041 0.8454238 0.1126301 0.9318953 0.1111143 0.9414201 0.1115958 0.9317058 0.1114983 0.8451866 0.1108327 0.8351957 0.1112385 0.8354335 0.1117277 0.9417993 0.1102265 0.8356688 0.1084492 0.9526194 0.08978934 0.9550445 0.08938354 0.9548073 0.1080434 0.9523815 0.1101931 0.9494063 0.08718874 0.9523967 0.08721346 0.9497421 0.08931369 0.9520868 0.1079736 0.9496607 0.1100339 0.9467756 0.08486421 0.9352143 0.08467218 0.8486397 0.08539817 0.9351107 0.08454408 0.8489807 0.08413827 0.8487428 0.08593573 0.945442 0.08527001 0.9354515 0.08504068 0.8388386 0.08463488 0.8386012 0.0851577 0.8389274 0.08831909 0.8280192 0.08623814 0.8335723 0.08616947 0.8309942 0.08657528 0.8312316 0.08872489 0.8282561 0.1073849 0.8258305 0.106979 0.8255931 0.08829444 0.8306843 0.08604556 0.9446788 0.1078767 0.9422415 0.08552987 0.9452046 0.08759454 0.9526339 0.1090586 0.8306054 0.1069544 0.8282592 0.1095796 0.8282412 0.1091738 0.8280042 0.1108699 0.8452343 0.1099644 0.9318928 0.1105989 0.9496434 0.1121335 0.9420364 0.1099657 0.9415516 0.03822697 0.8603915 0.01651151 0.8991563 0.02012081 0.8426111 0.04067076 0.856111 0.04034629 0.8624817 0.03673705 0.9190269 0.0346177 0.9169362 0.02055259 0.8360493 0.0141136 0.9035184 0.01441545 0.897107 0.01852758 0.8343658 0.01610303 0.905759 0.03625676 0.9252631 0.03892576 0.9212366 0.04290858 0.8653575 0.03929932 0.9219025 0.03737006 0.9263745 0.03831834 0.9206054 0.04239126 0.8575557 0.04276482 0.8582213 0.04253501 0.8646919 0.0379417 0.9272652 0.03423696 0.9309392 0.01575721 0.9124929 0.03386337 0.9302738 0.0161308 0.9131588 0.01376191 0.908662 0.01391866 0.9069649 0.01582613 0.9106546 0.03645708 0.9312479 0.01237766 0.8951663 0.01636048 0.8392867 0.01598692 0.8386211 0.01650735 0.8390973 0.01289809 0.8956425 0.01289498 0.9029679 0.01275122 0.8958314 0.01734455 0.8332582 0.01697095 0.8325925 0.0174593 0.8333349 0.01882916 0.8292751 0.01920272 0.8299413 0.02089338 0.8312681 0.0187675 0.8309996 0.02142287 0.83025 0.02104928 0.8295844 0.03899954 0.8490485 0.03865874 0.8538302 0.039529 0.8480309 0.03915544 0.8473647 0.01802471 0.8405618 0.01304531 0.9024872 0.03420918 0.9235394 0.03393229 0.9284353 0.01252141 0.902302 0.01413548 0.9093276 0.04091072 0.8527443 0.04178406 0.8572224 0.04115076 0.851196 0.04152433 0.8518611 0.04192761 0.8640604 0.03608349 0.9305825 0.03606182 0.92871 0.03831526 0.927931 0.9264021 0.9532437 0.9329092 0.8358562 0.9180864 0.9521824 0.9343073 0.8360347 0.9192932 0.9547775 0.937149 0.7620269 0.9245941 0.834795 0.9385472 0.7622056 0.9172834 0.9553536 0.9231823 0.8346149 0.916675 0.952006 0.9183307 0.7596252 0.9152596 0.953843 0.9179278 0.9546903 0.915372 0.9548883 0.8956903 0.961264 0.8959346 0.9601032 0.9152596 0.953843 0.8945131 0.9619399 0.8945131 0.9619399 0.8959345 0.9601032 0.8957673 0.9611678 0.9153035 0.9548393 0.9277222 0.9548296 0.9343073 0.8360347 0.9277222 0.9548296 0.9267482 0.9597842 0.926402 0.9532437 0.937149 0.7620269 0.9385472 0.7622056 0.9267846 0.9557335 0.9275495 0.9596269 0.9281041 0.9568057 0.9180865 0.9521824 0.9329092 0.8358562 0.9245941 0.834795 0.9166749 0.9520059 0.9258304 0.9605672 0.9401162 0.9824731 0.9189939 0.9596947 0.9412861 0.9826225 0.9251526 0.9606199 0.9407693 0.9824173 0.9183307 0.7596252 0.9231823 0.8346149 0.916916 0.7594172 0.916916 0.7594172 0.9191476 0.9911684 0.9157701 0.9907373 0.9176301 0.9596598 0.9206158 0.990981 0.9162115 0.9598535 0.9143959 0.9901872 0.91895 0.9921826 0.9149318 0.9587921 0.91895 0.9921825 0.9157066 0.9917686 0.9157066 0.9917686 0.9157745 0.9906664 0.914396 0.9901872 0.9191611 0.9910986 0.9253516 0.9596059 0.9176921 0.9586283 0.9206158 0.990981 0.9261126 0.955735 0.9162115 0.9598535 0.9267482 0.9597842 0.915208 0.9576277 0.9149318 0.9587921 0.8956137 0.9625431 0.8944771 0.9625411 0.8957568 0.9636024 0.9386248 0.9813303 0.9402519 0.9802881 0.9407693 0.9824173 0.9417126 0.9804747 0.9423926 0.9826245 0.9432081 0.9818387 0.9431877 0.9819425 0.9423926 0.9826245 0.8944771 0.9625411 0.8957568 0.9636024 0.915131 0.9577215 0.8956815 0.9626007 0.9171112 0.9582326 0.938619 0.9814272 0.9536064 0.9509249 0.9561564 0.9525558 0.9546561 0.9507772 0.9544001 0.9540475 0.937114 0.8364129 0.9456249 0.9520761 0.9327675 0.7635044 0.9354323 0.8366555 0.945095 0.8352619 0.9527057 0.9534685 0.9440411 0.953706 0.9508298 0.7608995 0.9461448 0.8351106 0.9757287 0.9583616 0.954456 0.952801 0.9771039 0.9601587 0.9754677 0.959578 0.9779033 0.9600435 0.9538023 0.9539148 0.9767374 0.9582161 0.956247 0.9535222 0.977053 0.9592444 0.9440424 0.9584709 0.9440313 0.955613 0.9455153 0.9545054 0.933674 0.836909 0.9422902 0.9539584 0.9270303 0.7643321 0.9346821 0.8367636 0.9431931 0.9524268 0.9511746 0.9512756 0.9426632 0.8356127 0.9443235 0.8353732 0.9528346 0.9510399 0.9511859 0.9537738 0.94333 0.9549068 0.9280396 0.7641863 0.946102 0.7615814 0.9518823 0.7607205 0.9455381 0.9594019 0.936341 0.9805856 0.937464 0.9804236 0.9520997 0.9584556 0.9391396 0.9793366 0.9372771 0.9803128 0.935719 0.9805376 0.9457485 0.9595092 0.9529688 0.9584678 0.931087 0.763747 0.9477641 0.7613144 0.9458679 0.9904552 0.9440529 0.958726 0.9441723 0.9903291 0.9540426 0.9569675 0.955889 0.9564456 0.9491098 0.9899876 0.9538476 0.9587117 0.9455654 0.9915265 0.9486784 0.9910775 0.9479694 0.9911798 0.9448564 0.9916288 0.9477676 0.9901106 0.9495252 0.9895571 0.9500809 0.989477 0.9434599 0.9588115 0.9435109 0.9904245 0.942462 0.9589555 0.944517 0.9905793 0.9508118 0.9577513 0.953542 0.9566815 0.9753462 0.9608698 0.9540337 0.957797 0.9770467 0.960766 0.9753711 0.9618956 0.9377307 0.9782076 0.9372771 0.9803128 0.9391516 0.9792385 0.9363287 0.9784098 0.9347363 0.9797996 0.935719 0.9805376 0.9347367 0.9799047 0.9778287 0.9606533 0.976875 0.9606978 0.9762573 0.9617678 0.9524076 0.9589194 0.9555677 0.9575757 0.9372771 0.9803128 0.1468554 0.7879553 0.2392583 0.7810947 0.2392583 0.7879551 0.1439957 0.792855 0.1439454 0.7879553 0.2420247 0.7879553 0.1468554 0.7810947 0.1467836 0.7759783 0.2391865 0.7759783 0.2418348 0.7761948 0.1467836 0.7930713 0.1439454 0.7810947 0.1439957 0.7761948 0.2444045 0.7879551 0.2356617 0.7810947 0.2356617 0.7879553 0.2439137 0.7879553 0.2444045 0.7810947 0.2431647 0.792855 0.2349024 0.7759783 0.2339076 0.7761948 0.2436451 0.7759783 0.2346339 0.7879553 0.2436451 0.7930713 0.2431647 0.7761948 0.1406337 0.7879553 0.1318911 0.7810947 0.1406338 0.7810947 0.1326504 0.7930715 0.1318911 0.7879553 0.1416616 0.7810947 0.1416616 0.7879553 0.1331308 0.7761948 0.1326504 0.7759783 0.1413931 0.7759783 0.1423879 0.7761948 0.1323819 0.7810947 0.1331308 0.792855 0.1323819 0.7879553 0.1370372 0.7879553 0.1370372 0.7810947 0.1342708 0.7810947 0.229512 0.7930713 0.2294401 0.7879553 0.2294401 0.7810947 0.2322999 0.7761948 0.229512 0.7759783 0.1371091 0.7759783 0.1344607 0.7761948 0.2322999 0.792855 0.2323502 0.7879551 0.2323502 0.7810947 0.1438567 0.7735472 0.1463177 0.7708489 0.1465862 0.7722174 0.1434795 0.7722174 0.1347368 0.7722174 0.137575 0.7708489 0.1438567 0.7955026 0.1423879 0.792855 0.2391865 0.7930713 0.2389891 0.7968322 0.1465862 0.7968322 0.1413931 0.7930713 0.1434993 0.7968418 0.1434794 0.7968324 0.1465844 0.796842 0.2239546 0.7982009 0.1610837 0.7982009 0.1389721 0.7982009 0.1347368 0.7968322 0.1523351 0.7982009 0.1529194 0.7982009 0.1449206 0.7982009 0.1347566 0.796842 0.1465792 0.7982009 0.1576398 0.7982009 0.1559954 0.7982009 0.1502333 0.7982009 0.1345997 0.7955026 0.1423091 0.7982009 0.1373083 0.7968418 0.1395614 0.7982009 0.1345997 0.7735472 0.2297093 0.7722174 0.2299778 0.7708489 0.1373065 0.7722174 0.1342708 0.7879553 0.152341 0.7982009 0.1373065 0.7968322 0.1467966 0.7982009 0.1600926 0.7982009 0.1655894 0.7982009 0.2152119 0.7982009 0.2297093 0.7968322 0.2042757 0.7982009 0.2297112 0.7968418 0.1371091 0.7930713 0.2260622 0.7982009 0.2327963 0.796842 0.2209689 0.7982009 0.1344607 0.792855 0.2416959 0.7735472 0.2389891 0.7722174 0.2387206 0.7708489 0.2415588 0.7722174 0.2328161 0.7722174 0.2439137 0.7810947 0.2420247 0.7810947 0.1732464 0.9554206 0.210757 0.9435692 0.2092322 0.9554206 0.1710244 0.9654677 0.1675222 0.9554206 0.1719691 0.9435692 0.2162127 0.8427244 0.2162347 0.9435692 0.2147449 0.9554206 0.1768319 0.9654679 0.2105349 0.9654679 0.2049419 0.9654679 0.1662812 0.9435692 0.2107217 0.8427244 0.1663027 0.8427244 0.1720043 0.8427244 0.2418348 0.792855 0.2416959 0.7955026 0.2415588 0.7968322 0.2415389 0.796842 0.2389872 0.7968418 0.2349024 0.7930713 0.2328161 0.7968324 0.2313749 0.7982009 0.2373235 0.7982009 0.2324388 0.7735472 0.2346339 0.7810947 0.2324388 0.7955026 0.2186557 0.7982009 0.2203001 0.7982009 0.2239605 0.7982009 0.2297163 0.7982009 0.2339076 0.792855 0.2233762 0.7982009 0.2367342 0.7982009 0.2339865 0.7982009 0.2294989 0.7982009 0.2239652 0.9435692 0.2202986 0.8427244 0.2202953 0.9435692 0.2186566 0.9435692 0.2239619 0.8427244 0.2225249 0.9554206 0.2174709 0.9554206 0.2191201 0.9554206 0.2233829 0.9435692 0.2233782 0.8427244 0.216203 0.7982009 0.2107062 0.7982009 0.1720199 0.7982009 0.1663122 0.7982009 0.1553266 0.7982009 0.1655386 0.9435692 0.2030491 0.9554206 0.2043265 0.9435692 0.2042912 0.8427244 0.1615507 0.9554206 0.1670634 0.9554206 0.1655738 0.8427244 0.1600828 0.8427244 0.2087734 0.9554206 0.2099929 0.8427244 0.1762125 0.9721809 0.1821108 0.9721809 0.2042887 0.9721809 0.1986084 0.9721809 0.1714943 0.9745382 0.2050989 0.9745384 0.2048013 0.9745382 0.1881645 0.9745382 0.1913105 0.9745384 0.2044911 0.9745384 0.1711966 0.9745382 0.1769738 0.9745384 0.1822268 0.9745384 0.2030906 0.9745384 0.2107442 0.9721809 0.2090449 0.9721809 0.188131 0.9745384 0.1993218 0.9745384 0.1940687 0.9745384 0.1776872 0.9721809 0.184985 0.9745384 0.1718045 0.9745382 0.1655514 0.9721809 0.2053012 0.9721809 0.200083 0.9721809 0.1941848 0.9721809 0.1746384 0.9745382 0.1720068 0.9721809 0.1674092 0.9721809 0.1792667 0.9745384 0.1645942 0.9721809 0.1639904 0.9721809 0.1732049 0.9745384 0.1672506 0.9721809 0.1709943 0.9721809 0.2016572 0.9745384 0.1970288 0.9745382 0.2088863 0.9721809 0.2117013 0.9721809 0.2123051 0.9721809 0.1713536 0.9654677 0.1994636 0.9654679 0.2052712 0.9654679 0.1657606 0.9654679 0.2219389 0.9554206 0.2184281 0.9654679 0.2178336 0.9654677 0.2140953 0.9654677 0.2157685 0.9654679 0.1605271 0.9654677 0.1578674 0.9654677 0.1571754 0.9554206 0.1622002 0.9654679 0.1537706 0.9554206 0.1543566 0.9554206 0.1523303 0.9435692 0.1560002 0.9435692 0.158462 0.9654679 0.1588246 0.9554206 0.1576396 0.8427244 0.1576389 0.9435692 0.1523336 0.8427244 0.1559969 0.8427244 0.1529173 0.8427244 0.1612626 0.7982009 0.1556435 0.7982009 0.2150329 0.7982009 0.2206521 0.7982009 0.2099833 0.7982009 0.1658864 0.9654679 0.1612337 0.9654679 0.1624579 0.9554206 0.1570886 0.9554206 0.1612491 0.9435692 0.1600609 0.9435692 0.1556272 0.9435692 0.1529126 0.9435692 0.1612585 0.8427244 0.1556385 0.8427244 0.2104092 0.9654679 0.2138376 0.9554206 0.2150464 0.9435692 0.2100143 0.9435692 0.218656 0.8427244 0.2150371 0.8427244 0.2150618 0.9654679 0.2192069 0.9554206 0.2206684 0.9435692 0.2206571 0.8427244 0.1600926 0.7982009 0.1600877 0.8204629 0.1655816 0.8204629 0.1556435 0.7982009 0.2042757 0.7982009 0.1655894 0.7982009 0.2042834 0.8204629 0.1529184 0.8204629 0.155641 0.8204629 0.1529194 0.7982009 0.1523344 0.8204629 0.1523351 0.7982009 0.2186558 0.8204629 0.2203001 0.7982009 0.2186557 0.7982009 0.2239612 0.8204626 0.2239605 0.7982009 0.2202994 0.8204629 0.215035 0.8204629 0.2150329 0.7982009 0.2099881 0.8204629 0.2099833 0.7982009 0.1606326 0.8069217 0.1996406 0.8109503 0.1996465 0.8069217 0.1554323 0.8109503 0.1609232 0.8109503 0.1547215 0.8069212 0.2053423 0.8109503 0.2057887 0.8069212 0.1498202 0.7684284 0.1482678 0.764402 0.1468163 0.7684289 0.1509904 0.764402 0.1547264 0.7684289 0.1554371 0.764402 0.2140054 0.8109503 0.2156481 0.8109503 0.2171386 0.8069217 0.2113544 0.8069208 0.2103865 0.8109503 0.2153474 0.8069212 0.1673557 0.7684293 0.1612105 0.7684289 0.1616569 0.764402 0.1673615 0.764402 0.155642 0.7684284 0.15661 0.764402 0.1498177 0.8069208 0.1509879 0.8109503 0.1461652 0.7684293 0.1476838 0.764402 0.1513456 0.764402 0.149855 0.7684293 0.160931 0.764402 0.1996386 0.7684293 0.1996329 0.764402 0.2053375 0.764402 0.1606405 0.7684293 0.1468152 0.8069212 0.1482667 0.8109503 0.2171394 0.7684293 0.2140052 0.764402 0.2153473 0.7684289 0.2208292 0.7684293 0.2193106 0.7644016 0.2156488 0.764402 0.2103844 0.764402 0.2113523 0.7684279 0.2201781 0.7684289 0.2187266 0.764402 0.1720121 0.8204629 0.1663122 0.7982009 0.1720199 0.7982009 0.2107062 0.7982009 0.2107139 0.8204629 0.216203 0.7982009 0.2162079 0.8204629 0.2233772 0.8204629 0.2233762 0.7982009 0.1663074 0.8204629 0.1612605 0.8204629 0.1612626 0.7982009 0.1576397 0.8204629 0.1576398 0.7982009 0.1559961 0.8204629 0.1559954 0.7982009 0.2206546 0.8204629 0.2206521 0.7982009 0.1461645 0.8069217 0.1476831 0.8109503 0.2057838 0.7684289 0.1498558 0.8069217 0.1513463 0.8109503 0.1516469 0.8069212 0.152989 0.8109503 0.2063538 0.7684293 0.2115573 0.764402 0.2122679 0.7684289 0.2060633 0.764402 0.1616521 0.8109503 0.1566079 0.8109503 0.15564 0.8069208 0.1673478 0.8069217 0.1673537 0.8109503 0.1612056 0.8069208 0.2063618 0.8069217 0.2060711 0.8109503 0.1498558 0.8069217 0.151647 0.7684289 0.1516469 0.8069212 0.1461645 0.8069217 0.1461652 0.7684293 0.149855 0.7684293 0.1468163 0.7684289 0.2063618 0.8069217 0.2122679 0.7684289 0.2122729 0.8069208 0.2063538 0.7684293 0.2171767 0.8069208 0.1673478 0.8069217 0.1673557 0.7684293 0.2171742 0.7684284 0.2201781 0.7684289 0.2201791 0.8069212 0.2208292 0.7684293 0.2208299 0.8069217 0.2171394 0.7684293 0.2171386 0.8069217 0.155642 0.7684284 0.15564 0.8069208 0.1612105 0.7684289 0.1612056 0.8069208 0.1606326 0.8069217 0.1996465 0.8069217 0.1996386 0.7684293 0.1606405 0.7684293 0.1547264 0.7684289 0.2057838 0.7684289 0.2153474 0.8069212 0.2057887 0.8069212 0.2113523 0.7684279 0.2113544 0.8069208 0.2153473 0.7684289 0.1468152 0.8069212 0.1498202 0.7684284 0.1498177 0.8069208 0.1547215 0.8069212 0.2193113 0.8109503 0.2208299 0.8069217 0.2187276 0.8109503 0.2201791 0.8069212 0.1529891 0.764402 0.151647 0.7684289 0.2115621 0.8109503 0.2122729 0.8069208 0.2160065 0.8109503 0.2171767 0.8069208 0.216004 0.764402 0.2171742 0.7684284</float_array>
          <technique_common>
            <accessor count="1801" source="#texcoords-array-array" stride="2">
              <param type="float" name="S" />
              <param type="float" name="T" />
            </accessor>
          </technique_common>
        </source>
        <vertices id="verts-array-vertices">
          <input semantic="POSITION" source="#verts-array" />
        </vertices>
        <triangles count="3268" material="material0">
          <input offset="0" semantic="VERTEX" source="#verts-array-vertices" />
          <input offset="1" semantic="NORMAL" source="#normals-array" />
          <input offset="2" semantic="TEXCOORD" source="#texcoords-array" />
          <p>0 0 0 1 1 1 2 2 2 1 1 1 0 0 0 3 3 3 1 1 1 4 4 4 5 5 5 1 1 1 3 3 3 4 4 4 2 2 2 1 1 1 6 6 6 3 3 3 7 7 7 8 8 8 9 9 9 10 10 10 11 11 11 10 10 10 12 12 12 13 13 13 10 10 10 13 13 13 14 14 14 10 10 10 9 9 9 12 12 12 11 11 11 10 10 10 15 15 15 12 12 12 9 9 9 16 16 16 17 17 17 18 18 18 19 19 19 18 18 18 20 20 20 21 21 21 19 19 19 22 22 22 23 23 23 19 19 19 18 18 18 22 22 22 22 22 22 18 18 18 24 24 24 22 22 22 24 24 24 25 25 25 26 26 26 27 27 27 28 28 28 27 27 27 29 29 29 30 30 30 27 27 27 30 30 30 31 31 31 27 27 27 26 26 26 29 29 29 28 28 28 32 32 32 33 33 33 29 29 29 26 26 26 34 34 34 35 35 35 36 36 36 37 37 37 36 36 36 38 38 38 39 39 39 36 36 36 40 40 40 38 38 38 36 36 36 35 35 35 40 40 40 37 37 37 36 36 36 41 41 41 40 40 40 35 35 35 42 42 42 43 43 43 44 44 44 45 45 45 43 43 43 46 46 46 47 47 47 46 46 46 48 48 48 47 47 47 46 46 46 49 49 49 50 50 50 46 46 46 43 43 43 45 45 45 45 45 45 51 51 51 49 49 49 44 44 44 52 52 52 53 53 53 44 44 44 43 43 43 54 54 54 44 44 44 55 55 55 51 51 51 52 52 52 44 44 44 54 54 54 53 53 53 4 4 4 56 56 56 49 49 49 46 46 46 45 45 45 49 49 49 51 51 51 57 57 57 50 50 50 57 57 57 58 58 58 50 50 50 59 59 59 46 46 46 51 51 51 55 55 55 60 60 60 51 51 51 45 45 45 44 44 44 55 55 55 44 44 44 53 53 53 8 8 8 4 4 4 3 3 3 8 8 8 61 61 61 56 56 56 8 8 8 62 62 62 63 63 63 4 4 4 8 8 8 56 56 56 4 4 4 53 53 53 52 52 52 56 56 56 55 55 55 53 53 53 63 63 63 61 61 61 8 8 8 63 63 63 64 64 64 65 65 65 61 61 61 60 60 60 55 55 55 61 61 61 55 55 55 56 56 56 61 61 61 65 65 65 66 66 66 65 65 65 61 61 61 63 63 63 65 65 65 33 33 33 32 32 32 65 65 65 32 32 32 66 66 66 66 66 66 67 67 67 60 60 60 66 66 66 60 60 60 61 61 61 60 60 60 57 57 57 51 51 51 32 32 32 28 28 28 27 27 27 32 32 32 67 67 67 66 66 66 32 32 32 31 31 31 67 67 67 31 31 31 30 30 30 68 68 68 31 31 31 68 68 68 58 58 58 31 31 31 58 58 58 57 57 57 31 31 31 32 32 32 27 27 27 67 67 67 57 57 57 60 60 60 67 67 67 31 31 31 57 57 57 57 57 57 50 50 50 49 49 49 58 58 58 69 69 69 50 50 50 70 70 70 71 71 71 72 72 72 70 70 70 73 73 73 74 74 74 70 70 70 7 7 7 0 0 0 7 7 7 70 70 70 74 74 74 7 7 7 3 3 3 0 0 0 7 7 7 75 75 75 62 62 62 74 74 74 76 76 76 75 75 75 73 73 73 70 70 70 72 72 72 73 73 73 77 77 77 78 78 78 73 73 73 79 79 79 76 76 76 77 77 77 73 73 73 72 72 72 78 78 78 24 24 24 80 80 80 75 75 75 7 7 7 74 74 74 62 62 62 81 81 81 64 64 64 62 62 62 8 8 8 7 7 7 76 76 76 74 74 74 73 73 73 76 76 76 79 79 79 82 82 82 79 79 79 73 73 73 78 78 78 21 21 21 24 24 24 18 18 18 21 21 21 83 83 83 84 84 84 21 21 21 85 85 85 80 80 80 24 24 24 21 21 21 80 80 80 24 24 24 78 78 78 77 77 77 80 80 80 79 79 79 78 78 78 84 84 84 86 86 86 87 87 87 84 84 84 85 85 85 21 21 21 85 85 85 82 82 82 79 79 79 85 85 85 87 87 87 88 88 88 85 85 85 79 79 79 80 80 80 87 87 87 89 89 89 90 90 90 87 87 87 85 85 85 84 84 84 88 88 88 82 82 82 85 85 85 88 88 88 90 90 90 91 91 91 88 88 88 87 87 87 90 90 90 82 82 82 81 81 81 76 76 76 82 82 82 88 88 88 91 91 91 90 90 90 33 33 33 91 91 91 90 90 90 89 89 89 26 26 26 90 90 90 26 26 26 28 28 28 33 33 33 65 65 65 64 64 64 33 33 33 90 90 90 28 28 28 91 91 91 81 81 81 82 82 82 81 81 81 62 62 62 75 75 75 81 81 81 33 33 33 64 64 64 81 81 81 91 91 91 33 33 33 81 81 81 75 75 75 76 76 76 64 64 64 63 63 63 62 62 62 59 59 59 92 92 92 93 93 93 59 59 59 50 50 50 69 69 69 59 59 59 94 94 94 48 48 48 94 94 94 59 59 59 93 93 93 94 94 94 95 95 95 96 96 96 48 48 48 46 46 46 59 59 59 93 93 93 97 97 97 95 95 95 69 69 69 58 58 58 68 68 68 69 69 69 92 92 92 59 59 59 92 92 92 97 97 97 93 93 93 92 92 92 68 68 68 98 98 98 92 92 92 99 99 99 97 97 97 68 68 68 92 92 92 69 69 69 98 98 98 99 99 99 92 92 92 98 98 98 30 30 30 100 100 100 95 95 95 94 94 94 93 93 93 95 95 95 97 97 97 101 101 101 96 96 96 101 101 101 102 102 102 97 97 97 99 99 99 103 103 103 104 104 104 34 34 34 105 105 105 104 104 104 30 30 30 29 29 29 104 104 104 106 106 106 100 100 100 30 30 30 104 104 104 100 100 100 30 30 30 98 98 98 68 68 68 100 100 100 99 99 99 98 98 98 107 107 107 105 105 105 108 108 108 107 107 107 106 106 106 104 104 104 106 106 106 103 103 103 99 99 99 106 106 106 109 109 109 110 110 110 106 106 106 99 99 99 100 100 100 109 109 109 41 41 41 110 110 110 109 109 109 108 108 108 111 111 111 109 109 109 106 106 106 107 107 107 110 110 110 103 103 103 106 106 106 110 110 110 112 112 112 103 103 103 103 103 103 101 101 101 97 97 97 41 41 41 112 112 112 110 110 110 41 41 41 39 39 39 112 112 112 41 41 41 111 111 111 37 37 37 39 39 39 38 38 38 113 113 113 39 39 39 113 113 113 102 102 102 39 39 39 41 41 41 36 36 36 39 39 39 102 102 102 101 101 101 112 112 112 39 39 39 101 101 101 112 112 112 101 101 101 103 103 103 101 101 101 96 96 96 95 95 95 102 102 102 114 114 114 96 96 96 102 102 102 113 113 113 114 114 114 115 115 115 20 20 20 17 17 17 115 115 115 116 116 116 117 117 117 20 20 20 115 115 115 117 117 117 20 20 20 118 118 118 83 83 83 20 20 20 18 18 18 17 17 17 117 117 117 119 119 119 118 118 118 116 116 116 115 115 115 120 120 120 116 116 116 121 121 121 122 122 122 116 116 116 123 123 123 119 119 119 120 120 120 124 124 124 121 121 121 120 120 120 125 125 125 124 124 124 121 121 121 116 116 116 120 120 120 121 121 121 126 126 126 127 127 127 122 122 122 127 127 127 128 128 128 122 122 122 121 121 121 127 127 127 118 118 118 20 20 20 117 117 117 83 83 83 21 21 21 20 20 20 83 83 83 129 129 129 86 86 86 119 119 119 117 117 117 116 116 116 119 119 119 123 123 123 130 130 130 119 119 119 129 129 129 118 118 118 123 123 123 131 131 131 130 130 130 123 123 123 116 116 116 122 122 122 123 123 123 122 122 122 128 128 128 127 127 127 126 126 126 35 35 35 127 127 127 35 35 35 37 37 37 127 127 127 111 111 111 128 128 128 111 111 111 127 127 127 37 37 37 111 111 111 41 41 41 109 109 109 128 128 128 131 131 131 123 123 123 131 131 131 132 132 132 130 130 130 131 131 131 111 111 111 108 108 108 131 131 131 105 105 105 132 132 132 131 131 131 128 128 128 111 111 111 108 108 108 109 109 109 107 107 107 105 105 105 107 107 107 104 104 104 105 105 105 131 131 131 108 108 108 132 132 132 34 34 34 133 133 133 130 130 130 133 133 133 129 129 129 89 89 89 129 129 129 133 133 133 89 89 89 34 34 34 26 26 26 89 89 89 87 87 87 86 86 86 34 34 34 104 104 104 29 29 29 34 34 34 89 89 89 133 133 133 34 34 34 132 132 132 105 105 105 133 133 133 130 130 130 132 132 132 129 129 129 89 89 89 86 86 86 129 129 129 119 119 119 130 130 130 129 129 129 83 83 83 118 118 118 86 86 86 84 84 84 83 83 83 134 134 134 43 43 43 47 47 47 134 134 134 47 47 47 135 135 135 134 134 134 136 136 136 137 137 137 136 136 136 134 134 134 135 135 135 136 136 136 138 138 138 139 139 139 137 137 137 140 140 140 141 141 141 135 135 135 47 47 47 48 48 48 135 135 135 48 48 48 142 142 142 135 135 135 142 142 142 138 138 138 140 140 140 137 137 137 136 136 136 140 140 140 143 143 143 144 144 144 140 140 140 145 145 145 143 143 143 140 140 140 136 136 136 146 146 146 146 146 146 139 139 139 147 147 147 145 145 145 140 140 140 146 146 146 143 143 143 13 13 13 148 148 148 149 149 149 150 150 150 134 134 134 149 149 149 134 134 134 137 137 137 149 149 149 141 141 141 151 151 151 150 150 150 151 151 151 152 152 152 150 150 150 43 43 43 134 134 134 150 150 150 54 54 54 43 43 43 141 141 141 144 144 144 153 153 153 141 141 141 140 140 140 144 144 144 141 141 141 149 149 149 137 137 137 154 154 154 16 16 16 155 155 155 154 154 154 13 13 13 12 12 12 154 154 154 156 156 156 148 148 148 13 13 13 154 154 154 148 148 148 13 13 13 143 143 143 145 145 145 148 148 148 144 144 144 143 143 143 157 157 157 155 155 155 158 158 158 157 157 157 156 156 156 154 154 154 156 156 156 153 153 153 144 144 144 156 156 156 159 159 159 160 160 160 156 156 156 144 144 144 148 148 148 159 159 159 158 158 158 161 161 161 159 159 159 156 156 156 157 157 157 159 159 159 6 6 6 160 160 160 160 160 160 162 162 162 153 153 153 160 160 160 153 153 153 156 156 156 153 153 153 151 151 151 141 141 141 6 6 6 161 161 161 2 2 2 6 6 6 162 162 162 160 160 160 6 6 6 5 5 5 162 162 162 5 5 5 4 4 4 52 52 52 5 5 5 52 52 52 152 152 152 5 5 5 152 152 152 151 151 151 5 5 5 6 6 6 1 1 1 162 162 162 151 151 151 153 153 153 162 162 162 5 5 5 151 151 151 151 151 151 150 150 150 149 149 149 152 152 152 52 52 52 54 54 54 152 152 152 54 54 54 150 150 150 23 23 23 163 163 163 19 19 19 23 23 23 25 25 25 164 164 164 23 23 23 164 164 164 165 165 165 25 25 25 23 23 23 22 22 22 25 25 25 24 24 24 77 77 77 25 25 25 166 166 166 167 167 167 25 25 25 77 77 77 166 166 166 164 164 164 167 167 167 168 168 168 164 164 164 25 25 25 167 167 167 167 167 167 71 71 71 169 169 169 166 166 166 77 77 77 72 72 72 166 166 166 72 72 72 71 71 71 71 71 71 167 167 167 166 166 166 71 71 71 70 70 70 170 170 170 169 169 169 171 171 171 167 167 167 169 169 169 71 71 71 170 170 170 169 169 169 170 170 170 172 172 172 173 173 173 174 174 174 175 175 175 173 173 173 23 23 23 165 165 165 173 173 173 176 176 176 163 163 163 165 165 165 164 164 164 168 168 168 168 168 168 171 171 171 177 177 177 168 168 168 174 174 174 165 165 165 168 168 168 167 167 167 171 171 171 171 171 171 178 178 178 177 177 177 171 171 171 169 169 169 172 172 172 170 170 170 161 161 161 172 172 172 170 170 170 70 70 70 0 0 0 170 170 170 0 0 0 2 2 2 161 161 161 6 6 6 159 159 159 161 161 161 170 170 170 2 2 2 172 172 172 178 178 178 171 171 171 178 178 178 161 161 161 158 158 158 178 178 178 155 155 155 179 179 179 178 178 178 172 172 172 161 161 161 178 178 178 179 179 179 177 177 177 158 158 158 159 159 159 157 157 157 155 155 155 178 178 178 158 158 158 155 155 155 157 157 157 154 154 154 179 179 179 16 16 16 180 180 180 177 177 177 180 180 180 174 174 174 181 181 181 174 174 174 180 180 180 181 181 181 16 16 16 9 9 9 181 181 181 182 182 182 175 175 175 16 16 16 179 179 179 155 155 155 16 16 16 154 154 154 12 12 12 16 16 16 181 181 181 180 180 180 180 180 180 177 177 177 179 179 179 174 174 174 173 173 173 165 165 165 174 174 174 168 168 168 177 177 177 174 174 174 181 181 181 175 175 175 175 175 175 182 182 182 176 176 176 138 138 138 136 136 136 135 135 135 138 138 138 183 183 183 184 184 184 138 138 138 184 184 184 185 185 185 183 183 183 96 96 96 114 114 114 183 183 183 138 138 138 142 142 142 183 183 183 114 114 114 186 186 186 183 183 183 94 94 94 96 96 96 184 184 184 183 183 183 186 186 186 184 184 184 186 186 186 187 187 187 142 142 142 94 94 94 183 183 183 142 142 142 48 48 48 94 94 94 186 186 186 113 113 113 188 188 188 113 113 113 186 186 186 114 114 114 188 188 188 38 38 38 189 189 189 188 188 188 190 190 190 186 186 186 139 139 139 191 191 191 147 147 147 139 139 139 146 146 146 136 136 136 139 139 139 138 138 138 185 185 185 185 185 185 187 187 187 191 191 191 185 185 185 184 184 184 187 187 187 187 187 187 186 186 186 190 190 190 187 187 187 190 190 190 192 192 192 193 193 193 38 38 38 40 40 40 193 193 193 42 42 42 194 194 194 193 193 193 195 195 195 189 189 189 38 38 38 188 188 188 113 113 113 38 38 38 193 193 193 189 189 189 189 189 189 190 190 190 188 188 188 196 196 196 194 194 194 197 197 197 196 196 196 195 195 195 193 193 193 195 195 195 190 190 190 189 189 189 195 195 195 198 198 198 199 199 199 195 195 195 192 192 192 190 190 190 198 198 198 15 15 15 199 199 199 198 198 198 195 195 195 196 196 196 198 198 198 197 197 197 200 200 200 199 199 199 201 201 201 192 192 192 199 199 199 192 192 192 195 195 195 192 192 192 191 191 191 187 187 187 15 15 15 200 200 200 11 11 11 15 15 15 201 201 201 199 199 199 15 15 15 14 14 14 201 201 201 14 14 14 147 147 147 191 191 191 14 14 14 15 15 15 10 10 10 14 14 14 145 145 145 147 147 147 14 14 14 13 13 13 145 145 145 201 201 201 14 14 14 191 191 191 201 201 201 191 191 191 192 192 192 191 191 191 139 139 139 185 185 185 147 147 147 145 145 145 146 146 146 202 202 202 17 17 17 19 19 19 202 202 202 115 115 115 17 17 17 202 202 202 163 163 163 203 203 203 163 163 163 202 202 202 19 19 19 163 163 163 23 23 23 173 173 173 203 203 203 204 204 204 205 205 205 204 204 204 182 182 182 206 206 206 204 204 204 203 203 203 163 163 163 204 204 204 206 206 206 207 207 207 204 204 204 163 163 163 176 176 176 176 176 176 173 173 173 175 175 175 182 182 182 204 204 204 176 176 176 182 182 182 181 181 181 208 208 208 206 206 206 182 182 182 208 208 208 206 206 206 208 208 208 209 209 209 210 210 210 202 202 202 203 203 203 210 210 210 125 125 125 202 202 202 125 125 125 115 115 115 202 202 202 125 125 125 211 211 211 124 124 124 125 125 125 120 120 120 115 115 115 205 205 205 210 210 210 203 203 203 205 205 205 204 204 204 207 207 207 205 205 205 211 211 211 210 210 210 205 205 205 207 207 207 212 212 212 207 207 207 206 206 206 209 209 209 207 207 207 213 213 213 212 212 212 208 208 208 181 181 181 9 9 9 208 208 208 200 200 200 209 209 209 208 208 208 9 9 9 11 11 11 200 200 200 208 208 208 11 11 11 200 200 200 15 15 15 198 198 198 209 209 209 213 213 213 207 207 207 213 213 213 209 209 209 200 200 200 213 213 213 200 200 200 197 197 197 213 213 213 194 194 194 214 214 214 213 213 213 214 214 214 212 212 212 197 197 197 198 198 198 196 196 196 194 194 194 213 213 213 197 197 197 194 194 194 196 196 196 193 193 193 214 214 214 42 42 42 215 215 215 212 212 212 215 215 215 211 211 211 126 126 126 121 121 121 124 124 124 126 126 126 42 42 42 35 35 35 126 126 126 211 211 211 215 215 215 42 42 42 126 126 126 215 215 215 42 42 42 214 214 214 194 194 194 42 42 42 193 193 193 40 40 40 215 215 215 212 212 212 214 214 214 211 211 211 126 126 126 124 124 124 211 211 211 125 125 125 210 210 210 211 211 211 205 205 205 212 212 212 216 216 216 217 217 217 218 218 218 217 217 217 216 216 216 219 219 219 217 217 217 220 220 220 218 218 218 217 217 217 219 219 219 221 221 221 217 217 217 221 221 221 222 222 222 218 218 218 223 223 223 216 216 216 219 219 219 224 224 224 225 225 225 226 226 226 227 227 227 228 228 228 226 226 226 229 229 229 230 230 230 229 229 229 231 231 231 230 230 230 229 229 229 226 226 226 232 232 232 229 229 229 232 232 232 233 233 233 229 229 229 233 233 233 234 234 234 230 230 230 235 235 235 226 226 226 232 232 232 226 226 226 228 228 228 236 236 236 237 237 237 238 238 238 236 236 236 239 239 239 237 237 237 238 238 238 240 240 240 241 241 241 238 238 238 242 242 242 236 236 236 238 238 238 237 237 237 240 240 240 240 240 240 237 237 237 243 243 243 244 244 244 245 245 245 246 246 246 244 244 244 247 247 247 248 248 248 244 244 244 249 249 249 250 250 250 245 245 245 251 251 251 252 252 252 245 245 245 244 244 244 250 250 250 246 246 246 252 252 252 253 253 253 246 246 246 245 245 245 252 252 252 250 250 250 254 254 254 245 245 245 255 255 255 256 256 256 257 257 257 255 255 255 258 258 258 259 259 259 255 255 255 260 260 260 258 258 258 260 260 260 255 255 255 257 257 257 258 258 258 261 261 261 262 262 262 258 258 258 260 260 260 261 261 261 257 257 257 263 263 263 260 260 260 264 264 264 265 265 265 266 266 266 265 265 265 267 267 267 268 268 268 265 265 265 269 269 269 270 270 270 265 265 265 264 264 264 271 271 271 266 266 266 270 270 270 272 272 272 266 266 266 273 273 273 274 274 274 271 271 271 275 275 275 276 276 276 271 271 271 277 277 277 267 267 267 275 275 275 271 271 271 264 264 264 275 275 275 278 278 278 276 276 276 276 276 276 279 279 279 277 277 277 278 278 278 221 221 221 280 280 280 278 278 278 275 275 275 281 281 281 267 267 267 282 282 282 283 283 283 267 267 267 265 265 265 271 271 271 268 268 268 284 284 284 269 269 269 268 268 268 283 283 283 285 285 285 277 277 277 279 279 279 282 282 282 277 277 277 271 271 271 276 276 276 279 279 279 286 286 286 282 282 282 279 279 279 276 276 276 278 278 278 225 225 225 221 221 221 219 219 219 225 225 225 287 287 287 280 280 280 225 225 225 288 288 288 289 289 289 221 221 221 278 278 278 281 281 281 221 221 221 225 225 225 280 280 280 280 280 280 279 279 279 278 278 278 287 287 287 279 279 279 280 280 280 287 287 287 290 290 290 286 286 286 287 287 287 225 225 225 289 289 289 289 289 289 291 291 291 290 290 290 290 290 290 248 248 248 247 247 247 290 290 290 247 247 247 286 286 286 290 290 290 287 287 287 289 289 289 286 286 286 292 292 292 282 282 282 286 286 286 279 279 279 287 287 287 282 282 282 267 267 267 277 277 277 247 247 247 244 244 244 246 246 246 247 247 247 292 292 292 286 286 286 247 247 247 253 253 253 292 292 292 253 253 253 284 284 284 285 285 285 253 253 253 252 252 252 284 284 284 253 253 253 247 247 247 246 246 246 292 292 292 283 283 283 282 282 282 292 292 292 285 285 285 283 283 283 285 285 285 292 292 292 253 253 253 283 283 283 268 268 268 267 267 267 223 223 223 218 218 218 293 293 293 223 223 223 224 224 224 216 216 216 223 223 223 294 294 294 295 295 295 224 224 224 296 296 296 288 288 288 224 224 224 223 223 223 295 295 295 224 224 224 219 219 219 216 216 216 295 295 295 297 297 297 296 296 296 294 294 294 298 298 298 299 299 299 294 294 294 223 223 223 300 300 300 300 300 300 293 293 293 301 301 301 300 300 300 301 301 301 302 302 302 298 298 298 294 294 294 300 300 300 298 298 298 302 302 302 303 303 303 299 299 299 297 297 297 294 294 294 296 296 296 224 224 224 295 295 295 296 296 296 304 304 304 291 291 291 288 288 288 225 225 225 224 224 224 297 297 297 295 295 295 294 294 294 297 297 297 305 305 305 306 306 306 297 297 297 299 299 299 305 305 305 305 305 305 307 307 307 306 306 306 239 239 239 236 236 236 308 308 308 239 239 239 309 309 309 310 310 310 239 239 239 243 243 243 237 237 237 243 243 243 299 299 299 298 298 298 243 243 243 239 239 239 310 310 310 243 243 243 303 303 303 240 240 240 310 310 310 299 299 299 243 243 243 310 310 310 305 305 305 299 299 299 311 311 311 309 309 309 239 239 239 311 311 311 308 308 308 312 312 312 311 311 311 313 313 313 307 307 307 309 309 309 311 311 311 307 307 307 309 309 309 305 305 305 310 310 310 307 307 307 305 305 305 309 309 309 313 313 313 312 312 312 314 314 314 313 313 313 315 315 315 307 307 307 306 306 306 307 307 307 315 315 315 306 306 306 315 315 315 304 304 304 306 306 306 304 304 304 297 297 297 316 316 316 314 314 314 249 249 249 316 316 316 248 248 248 315 315 315 248 248 248 316 316 316 244 244 244 248 248 248 290 290 290 291 291 291 315 315 315 291 291 291 304 304 304 315 315 315 313 313 313 316 316 316 291 291 291 315 315 315 248 248 248 291 291 291 289 289 289 288 288 288 291 291 291 288 288 288 296 296 296 304 304 304 296 296 296 297 297 297 270 270 270 266 266 266 265 265 265 270 270 270 317 317 317 272 272 272 270 270 270 318 318 318 319 319 319 317 317 317 320 320 320 321 321 321 317 317 317 322 322 322 323 323 323 317 317 317 270 270 270 319 319 319 272 272 272 321 321 321 273 273 273 319 319 319 324 324 324 322 322 322 318 318 318 270 270 270 269 269 269 318 318 318 325 325 325 324 324 324 269 269 269 326 326 326 318 318 318 269 269 269 265 265 265 268 268 268 326 326 326 269 269 269 284 284 284 284 284 284 268 268 268 285 285 285 322 322 322 324 324 324 327 327 327 322 322 322 317 317 317 319 319 319 323 323 323 328 328 328 320 320 320 323 323 323 327 327 327 329 329 329 324 324 324 325 325 325 330 330 330 324 324 324 319 319 319 318 318 318 325 325 325 331 331 331 330 330 330 325 325 325 318 318 318 326 326 326 254 254 254 332 332 332 251 251 251 254 254 254 251 251 251 245 245 245 254 254 254 250 250 250 333 333 333 251 251 251 326 326 326 252 252 252 251 251 251 325 325 325 326 326 326 252 252 252 326 326 326 284 284 284 334 334 334 332 332 332 254 254 254 334 334 334 333 333 333 335 335 335 334 334 334 335 335 335 336 336 336 332 332 332 337 337 337 331 331 331 332 332 332 325 325 325 251 251 251 337 337 337 336 336 336 338 338 338 337 337 337 259 259 259 331 331 331 337 337 337 332 332 332 334 334 334 331 331 331 339 339 339 330 330 330 331 331 331 325 325 325 332 332 332 330 330 330 327 327 327 324 324 324 259 259 259 262 262 262 339 339 339 259 259 259 338 338 338 255 255 255 259 259 259 339 339 339 331 331 331 262 262 262 261 261 261 328 328 328 262 262 262 328 328 328 329 329 329 262 262 262 259 259 259 258 258 258 339 339 339 329 329 329 327 327 327 339 339 339 327 327 327 330 330 330 329 329 329 339 339 339 262 262 262 327 327 327 323 323 323 322 322 322 242 242 242 308 308 308 236 236 236 242 242 242 238 238 238 340 340 340 242 242 242 341 341 341 342 342 342 308 308 308 242 242 242 342 342 342 308 308 308 311 311 311 239 239 239 308 308 308 343 343 343 312 312 312 342 342 342 344 344 344 343 343 343 341 341 341 242 242 242 345 345 345 341 341 341 345 345 345 346 346 346 345 345 345 340 340 340 347 347 347 345 345 345 348 348 348 346 346 346 346 346 346 344 344 344 341 341 341 348 348 348 349 349 349 346 346 346 348 348 348 347 347 347 350 350 350 343 343 343 308 308 308 342 342 342 343 343 343 314 314 314 312 312 312 312 312 312 313 313 313 311 311 311 344 344 344 351 351 351 343 343 343 344 344 344 352 352 352 353 353 353 344 344 344 346 346 346 352 352 352 344 344 344 342 342 342 341 341 341 352 352 352 349 349 349 354 354 354 352 352 352 346 346 346 349 349 349 355 355 355 350 350 350 256 256 256 355 355 355 338 338 338 349 349 349 338 338 338 259 259 259 337 337 337 338 338 338 355 355 355 255 255 255 349 349 349 348 348 348 355 355 355 354 354 354 349 349 349 338 338 338 354 354 354 338 338 338 336 336 336 354 354 354 356 356 356 353 353 353 336 336 336 337 337 337 334 334 334 356 356 356 354 354 354 336 336 336 356 356 356 336 336 336 335 335 335 356 356 356 333 333 333 357 357 357 353 353 353 352 352 352 354 354 354 353 353 353 357 357 357 351 351 351 249 249 249 244 244 244 316 316 316 249 249 249 333 333 333 250 250 250 249 249 249 351 351 351 357 357 357 333 333 333 334 334 334 254 254 254 333 333 333 356 356 356 335 335 335 333 333 333 249 249 249 357 357 357 357 357 357 353 353 353 356 356 356 351 351 351 344 344 344 353 353 353 351 351 351 249 249 249 314 314 314 314 314 314 343 343 343 351 351 351 314 314 314 316 316 316 313 313 313 358 358 358 266 266 266 274 274 274 358 358 358 359 359 359 360 360 360 358 358 358 264 264 264 266 266 266 358 358 358 360 360 360 361 361 361 359 359 359 362 362 362 363 363 363 359 359 359 358 358 358 274 274 274 359 359 359 364 364 364 365 365 365 360 360 360 365 365 365 366 366 366 274 274 274 273 273 273 362 362 362 365 365 365 360 360 360 359 359 359 365 365 365 367 367 367 368 368 368 367 367 367 365 365 365 364 364 364 368 368 368 233 233 233 369 369 369 368 368 368 366 366 366 365 365 365 361 361 361 370 370 370 358 358 358 361 361 361 366 366 366 371 371 371 370 370 370 275 275 275 264 264 264 370 370 370 371 371 371 372 372 372 370 370 370 264 264 264 358 358 358 366 366 366 361 361 361 360 360 360 366 366 366 368 368 368 373 373 373 366 366 366 373 373 373 374 374 374 373 373 373 375 375 375 374 374 374 376 376 376 228 228 228 377 377 377 376 376 376 378 378 378 369 369 369 376 376 376 233 233 233 232 232 232 233 233 233 376 376 376 369 369 369 233 233 233 368 368 368 367 367 367 369 369 369 373 373 373 368 368 368 378 378 378 376 376 376 379 379 379 378 378 378 373 373 373 369 369 369 378 378 378 380 380 380 375 375 375 380 380 380 381 381 381 375 375 375 380 380 380 377 377 377 382 382 382 380 380 380 378 378 378 379 379 379 375 375 375 373 373 373 378 378 378 375 375 375 383 383 383 374 374 374 381 381 381 222 222 222 383 383 383 381 381 381 383 383 383 375 375 375 381 381 381 382 382 382 220 220 220 222 222 222 281 281 281 372 372 372 222 222 222 381 381 381 217 217 217 222 222 222 221 221 221 281 281 281 383 383 383 371 371 371 374 374 374 383 383 383 372 372 372 371 371 371 372 372 372 281 281 281 275 275 275 372 372 372 275 275 275 370 370 370 372 372 372 383 383 383 222 222 222 371 371 371 366 366 366 374 374 374 371 371 371 370 370 370 361 361 361 241 241 241 384 384 384 385 385 385 241 241 241 386 386 386 238 238 238 241 241 241 303 303 303 384 384 384 303 303 303 243 243 243 298 298 298 303 303 303 241 241 241 240 240 240 384 384 384 387 387 387 388 388 388 384 384 384 302 302 302 387 387 387 302 302 302 384 384 384 303 303 303 302 302 302 301 301 301 389 389 389 302 302 302 298 298 298 300 300 300 387 387 387 302 302 302 389 389 389 389 389 389 388 388 388 387 387 387 301 301 301 390 390 390 389 389 389 391 391 391 392 392 392 386 386 386 391 391 391 241 241 241 385 385 385 391 391 391 393 393 393 394 394 394 385 385 385 384 384 384 388 388 388 385 385 385 395 395 395 393 393 393 388 388 388 396 396 396 395 395 395 388 388 388 389 389 389 396 396 396 396 396 396 397 397 397 395 395 395 396 396 396 389 389 389 390 390 390 293 293 293 300 300 300 223 223 223 293 293 293 220 220 220 390 390 390 220 220 220 217 217 217 381 381 381 220 220 220 293 293 293 218 218 218 390 390 390 397 397 397 396 396 396 390 390 390 301 301 301 293 293 293 397 397 397 398 398 398 395 395 395 397 397 397 390 390 390 220 220 220 397 397 397 220 220 220 382 382 382 397 397 397 382 382 382 398 398 398 382 382 382 381 381 381 380 380 380 382 382 382 377 377 377 398 398 398 398 398 398 228 228 228 227 227 227 377 377 377 380 380 380 379 379 379 377 377 377 379 379 379 376 376 376 395 395 395 385 385 385 388 388 388 395 395 395 227 227 227 393 393 393 227 227 227 395 395 395 398 398 398 227 227 227 226 226 226 235 235 235 235 235 235 393 393 393 227 227 227 235 235 235 230 230 230 399 399 399 228 228 228 376 376 376 232 232 232 228 228 228 398 398 398 377 377 377 393 393 393 235 235 235 394 394 394 393 393 393 391 391 391 385 385 385 394 394 394 400 400 400 392 392 392 394 394 394 399 399 399 400 400 400 362 362 362 401 401 401 402 402 402 362 362 362 359 359 359 274 274 274 362 362 362 321 321 321 401 401 401 321 321 321 362 362 362 273 273 273 321 321 321 320 320 320 403 403 403 321 321 321 272 272 272 317 317 317 401 401 401 321 321 321 403 403 403 401 401 401 403 403 403 404 404 404 273 273 273 266 266 266 272 272 272 403 403 403 320 320 320 405 405 405 320 320 320 317 317 317 323 323 323 328 328 328 405 405 405 320 320 320 328 328 328 323 323 323 329 329 329 405 405 405 406 406 406 403 403 403 363 363 363 362 362 362 402 402 402 363 363 363 407 407 407 408 408 408 363 363 363 364 364 364 359 359 359 402 402 402 401 401 401 404 404 404 402 402 402 404 404 404 407 407 407 404 404 404 403 403 403 406 406 406 404 404 404 406 406 406 409 409 409 406 406 406 410 410 410 409 409 409 263 263 263 261 261 261 260 260 260 263 263 263 411 411 411 412 412 412 263 263 263 257 257 257 413 413 413 261 261 261 405 405 405 328 328 328 261 261 261 263 263 263 412 412 412 412 412 412 405 405 405 261 261 261 412 412 412 406 406 406 405 405 405 414 414 414 411 411 411 263 263 263 414 414 414 413 413 413 415 415 415 411 411 411 406 406 406 412 412 412 411 411 411 416 416 416 410 410 410 416 416 416 411 411 411 414 414 414 416 416 416 415 415 415 417 417 417 416 416 416 418 418 418 410 410 410 410 410 410 418 418 418 409 409 409 410 410 410 406 406 406 411 411 411 409 409 409 407 407 407 404 404 404 419 419 419 417 417 417 231 231 231 419 419 419 234 234 234 418 418 418 234 234 234 367 367 367 408 408 408 234 234 234 233 233 233 367 367 367 234 234 234 419 419 419 229 229 229 418 418 418 416 416 416 419 419 419 418 418 418 408 408 408 407 407 407 418 418 418 407 407 407 409 409 409 408 408 408 418 418 418 234 234 234 408 408 408 364 364 364 363 363 363 408 408 408 367 367 367 364 364 364 407 407 407 363 363 363 402 402 402 340 340 340 386 386 386 420 420 420 340 340 340 345 345 345 242 242 242 340 340 340 421 421 421 347 347 347 386 386 386 340 340 340 238 238 238 386 386 386 422 422 422 420 420 420 386 386 386 241 241 241 391 391 391 422 422 422 386 386 386 392 392 392 422 422 422 423 423 423 424 424 424 392 392 392 391 391 391 394 394 394 423 423 423 422 422 422 392 392 392 423 423 423 392 392 392 400 400 400 400 400 400 425 425 425 423 423 423 421 421 421 426 426 426 427 427 427 421 421 421 340 340 340 420 420 420 347 347 347 427 427 427 350 350 350 347 347 347 348 348 348 345 345 345 428 428 428 421 421 421 420 420 420 428 428 428 420 420 420 422 422 422 428 428 428 424 424 424 426 426 426 424 424 424 428 428 428 422 422 422 424 424 424 429 429 429 426 426 426 424 424 424 425 425 425 429 429 429 424 424 424 423 423 423 425 425 425 399 399 399 394 394 394 235 235 235 399 399 399 231 231 231 425 425 425 231 231 231 399 399 399 230 230 230 231 231 231 229 229 229 419 419 419 425 425 425 400 400 400 399 399 399 429 429 429 425 425 425 231 231 231 429 429 429 430 430 430 426 426 426 429 429 429 231 231 231 417 417 417 417 417 417 415 415 415 430 430 430 417 417 417 419 419 419 416 416 416 430 430 430 429 429 429 417 417 417 430 430 430 413 413 413 431 431 431 415 415 415 416 416 416 414 414 414 426 426 426 421 421 421 428 428 428 426 426 426 431 431 431 427 427 427 256 256 256 255 255 255 355 355 355 256 256 256 413 413 413 257 257 257 256 256 256 427 427 427 431 431 431 413 413 413 256 256 256 431 431 431 413 413 413 414 414 414 263 263 263 413 413 413 430 430 430 415 415 415 431 431 431 426 426 426 430 430 430 427 427 427 347 347 347 421 421 421 427 427 427 256 256 256 350 350 350 350 350 350 355 355 355 348 348 348 432 432 432 433 433 433 434 434 434 433 433 433 432 432 432 435 435 435 433 433 433 436 436 436 437 437 437 433 433 433 435 435 435 436 436 436 433 433 433 438 438 438 434 434 434 434 434 434 439 439 439 432 432 432 435 435 435 440 440 440 441 441 441 442 442 442 443 443 443 444 444 444 442 442 442 445 445 445 446 446 446 445 445 445 447 447 447 446 446 446 445 445 445 442 442 442 448 448 448 445 445 445 448 448 448 449 449 449 445 445 445 449 449 449 450 450 450 446 446 446 451 451 451 442 442 442 448 448 448 442 442 442 444 444 444 452 452 452 453 453 453 454 454 454 452 452 452 454 454 454 455 455 455 455 455 455 454 454 454 456 456 456 455 455 455 456 456 456 457 457 457 455 455 455 458 458 458 452 452 452 456 456 456 454 454 454 459 459 459 460 460 460 461 461 461 462 462 462 460 460 460 463 463 463 464 464 464 460 460 460 465 465 465 466 466 466 461 461 461 460 460 460 466 466 466 461 461 461 467 467 467 468 468 468 462 462 462 468 468 468 469 469 469 462 462 462 461 461 461 468 468 468 466 466 466 470 470 470 461 461 461 471 471 471 472 472 472 473 473 473 471 471 471 474 474 474 475 475 475 471 471 471 476 476 476 474 474 474 476 476 476 471 471 471 473 473 473 474 474 474 477 477 477 478 478 478 474 474 474 476 476 476 477 477 477 473 473 473 479 479 479 476 476 476 480 480 480 481 481 481 482 482 482 481 481 481 480 480 480 483 483 483 481 481 481 484 484 484 485 485 485 481 481 481 486 486 486 487 487 487 482 482 482 488 488 488 489 489 489 482 482 482 487 487 487 490 490 490 483 483 483 491 491 491 492 492 492 483 483 483 493 493 493 484 484 484 491 491 491 483 483 483 480 480 480 491 491 491 494 494 494 492 492 492 492 492 492 495 495 495 493 493 493 494 494 494 491 491 491 496 496 496 494 494 494 436 436 436 497 497 497 484 484 484 481 481 481 483 483 483 484 484 484 498 498 498 499 499 499 485 485 485 500 500 500 486 486 486 485 485 485 499 499 499 501 501 501 493 493 493 495 495 495 498 498 498 493 493 493 483 483 483 492 492 492 495 495 495 502 502 502 498 498 498 495 495 495 492 492 492 494 494 494 441 441 441 503 503 503 504 504 504 441 441 441 436 436 436 435 435 435 441 441 441 505 505 505 497 497 497 436 436 436 494 494 494 496 496 496 436 436 436 441 441 441 497 497 497 497 497 497 495 495 495 494 494 494 505 505 505 506 506 506 502 502 502 505 505 505 495 495 495 497 497 497 505 505 505 441 441 441 504 504 504 504 504 504 507 507 507 506 506 506 506 506 506 505 505 505 504 504 504 506 506 506 464 464 464 463 463 463 506 506 506 463 463 463 502 502 502 502 502 502 508 508 508 498 498 498 502 502 502 495 495 495 505 505 505 498 498 498 484 484 484 493 493 493 463 463 463 460 460 460 462 462 462 463 463 463 469 469 469 508 508 508 463 463 463 508 508 508 502 502 502 469 469 469 463 463 463 462 462 462 469 469 469 500 500 500 501 501 501 469 469 469 468 468 468 500 500 500 508 508 508 501 501 501 499 499 499 508 508 508 499 499 499 498 498 498 501 501 501 508 508 508 469 469 469 499 499 499 485 485 485 484 484 484 439 439 439 434 434 434 509 509 509 439 439 439 510 510 510 511 511 511 439 439 439 440 440 440 432 432 432 440 440 440 435 435 435 432 432 432 440 440 440 512 512 512 503 503 503 440 440 440 439 439 439 511 511 511 511 511 511 513 513 513 512 512 512 510 510 510 439 439 439 514 514 514 510 510 510 515 515 515 516 516 516 514 514 514 517 517 517 518 518 518 514 514 514 509 509 509 517 517 517 515 515 515 518 518 518 519 519 519 515 515 515 510 510 510 514 514 514 516 516 516 513 513 513 510 510 510 512 512 512 520 520 520 507 507 507 512 512 512 440 440 440 511 511 511 503 503 503 441 441 441 440 440 440 513 513 513 516 516 516 521 521 521 513 513 513 511 511 511 510 510 510 513 513 513 521 521 521 522 522 522 521 521 521 523 523 523 522 522 522 453 453 453 452 452 452 524 524 524 453 453 453 459 459 459 454 454 454 453 453 453 525 525 525 526 526 526 459 459 459 519 519 519 456 456 456 459 459 459 453 453 453 526 526 526 459 459 459 516 516 516 515 515 515 526 526 526 516 516 516 459 459 459 526 526 526 521 521 521 516 516 516 527 527 527 524 524 524 528 528 528 527 527 527 525 525 525 453 453 453 527 527 527 529 529 529 523 523 523 525 525 525 527 527 527 523 523 523 525 525 525 521 521 521 526 526 526 523 523 523 521 521 521 525 525 525 529 529 529 530 530 530 523 523 523 529 529 529 528 528 528 531 531 531 522 522 522 523 523 523 530 530 530 522 522 522 530 530 530 520 520 520 522 522 522 520 520 520 513 513 513 532 532 532 464 464 464 530 530 530 532 532 532 531 531 531 465 465 465 464 464 464 532 532 532 460 460 460 464 464 464 506 506 506 507 507 507 530 530 530 529 529 529 532 532 532 530 530 530 507 507 507 520 520 520 507 507 507 503 503 503 512 512 512 507 507 507 530 530 530 464 464 464 507 507 507 504 504 504 503 503 503 520 520 520 512 512 512 513 513 513 487 487 487 533 533 533 490 490 490 487 487 487 482 482 482 481 481 481 487 487 487 534 534 534 535 535 535 533 533 533 536 536 536 537 537 537 533 533 533 538 538 538 539 539 539 533 533 533 487 487 487 535 535 535 490 490 490 539 539 539 488 488 488 535 535 535 540 540 540 536 536 536 534 534 534 487 487 487 486 486 486 534 534 534 541 541 541 540 540 540 486 486 486 481 481 481 485 485 485 486 486 486 542 542 542 534 534 534 542 542 542 468 468 468 467 467 467 542 542 542 486 486 486 500 500 500 500 500 500 485 485 485 501 501 501 536 536 536 533 533 533 535 535 535 536 536 536 540 540 540 543 543 543 537 537 537 544 544 544 538 538 538 537 537 537 543 543 543 545 545 545 540 540 540 541 541 541 546 546 546 540 540 540 535 535 535 534 534 534 541 541 541 534 534 534 542 542 542 541 541 541 547 547 547 546 546 546 470 470 470 467 467 467 461 461 461 470 470 470 548 548 548 467 467 467 470 470 470 466 466 466 549 549 549 467 467 467 541 541 541 542 542 542 468 468 468 542 542 542 500 500 500 550 550 550 548 548 548 470 470 470 550 550 550 549 549 549 551 551 551 550 550 550 551 551 551 552 552 552 548 548 548 553 553 553 547 547 547 548 548 548 541 541 541 467 467 467 553 553 553 552 552 552 554 554 554 553 553 553 475 475 475 547 547 547 553 553 553 548 548 548 550 550 550 547 547 547 541 541 541 548 548 548 547 547 547 555 555 555 546 546 546 546 546 546 543 543 543 540 540 540 475 475 475 554 554 554 471 471 471 475 475 475 478 478 478 555 555 555 475 475 475 555 555 555 547 547 547 478 478 478 475 475 475 474 474 474 478 478 478 544 544 544 545 545 545 478 478 478 477 477 477 544 544 544 555 555 555 545 545 545 543 543 543 555 555 555 543 543 543 546 546 546 545 545 545 555 555 555 478 478 478 543 543 543 537 537 537 536 536 536 458 458 458 556 556 556 557 557 557 458 458 458 455 455 455 558 558 558 458 458 458 524 524 524 452 452 452 524 524 524 559 559 559 528 528 528 524 524 524 458 458 458 557 557 557 524 524 524 527 527 527 453 453 453 557 557 557 560 560 560 559 559 559 556 556 556 458 458 458 561 561 561 556 556 556 561 561 561 562 562 562 561 561 561 563 563 563 562 562 562 561 561 561 558 558 558 564 564 564 562 562 562 560 560 560 556 556 556 563 563 563 565 565 565 562 562 562 563 563 563 564 564 564 566 566 566 559 559 559 524 524 524 557 557 557 559 559 559 531 531 531 528 528 528 528 528 528 529 529 529 527 527 527 560 560 560 567 567 567 568 568 568 560 560 560 569 569 569 559 559 559 560 560 560 557 557 557 556 556 556 560 560 560 562 562 562 567 567 567 567 567 567 562 562 562 565 565 565 567 567 567 565 565 565 570 570 570 571 571 571 566 566 566 472 472 472 571 571 571 554 554 554 565 565 565 554 554 554 571 571 571 471 471 471 554 554 554 475 475 475 553 553 553 565 565 565 552 552 552 570 570 570 565 565 565 563 563 563 571 571 571 552 552 552 553 553 553 550 550 550 552 552 552 565 565 565 554 554 554 570 570 570 572 572 572 568 568 568 572 572 572 549 549 549 573 573 573 572 572 572 570 570 570 552 552 552 572 572 572 552 552 552 551 551 551 568 568 568 573 573 573 569 569 569 568 568 568 567 567 567 570 570 570 465 465 465 549 549 549 466 466 466 465 465 465 569 569 569 573 573 573 465 465 465 460 460 460 532 532 532 549 549 549 465 465 465 573 573 573 549 549 549 572 572 572 551 551 551 549 549 549 550 550 550 470 470 470 573 573 573 568 568 568 572 572 572 569 569 569 560 560 560 568 568 568 569 569 569 465 465 465 531 531 531 531 531 531 559 559 559 569 569 569 531 531 531 532 532 532 529 529 529 574 574 574 480 480 480 482 482 482 574 574 574 575 575 575 576 576 576 574 574 574 576 576 576 577 577 577 574 574 574 482 482 482 489 489 489 575 575 575 578 578 578 579 579 579 575 575 575 574 574 574 489 489 489 575 575 575 580 580 580 581 581 581 576 576 576 579 579 579 582 582 582 489 489 489 488 488 488 580 580 580 579 579 579 583 583 583 584 584 584 579 579 579 576 576 576 575 575 575 583 583 583 579 579 579 578 578 578 584 584 584 449 449 449 585 585 585 584 584 584 582 582 582 579 579 579 577 577 577 586 586 586 574 574 574 577 577 577 582 582 582 587 587 587 586 586 586 491 491 491 480 480 480 586 586 586 587 587 587 588 588 588 586 586 586 480 480 480 574 574 574 582 582 582 584 584 584 589 589 589 582 582 582 577 577 577 576 576 576 582 582 582 589 589 589 590 590 590 589 589 589 591 591 591 590 590 590 592 592 592 444 444 444 593 593 593 592 592 592 449 449 449 448 448 448 592 592 592 594 594 594 585 585 585 449 449 449 592 592 592 585 585 585 449 449 449 584 584 584 583 583 583 585 585 585 589 589 589 584 584 584 594 594 594 595 595 595 591 591 591 594 594 594 592 592 592 596 596 596 594 594 594 589 589 589 585 585 585 595 595 595 597 597 597 591 591 591 595 595 595 593 593 593 598 598 598 595 595 595 594 594 594 596 596 596 591 591 591 599 599 599 590 590 590 591 591 591 589 589 589 594 594 594 597 597 597 437 437 437 599 599 599 597 597 597 599 599 599 591 591 591 597 597 597 598 598 598 438 438 438 437 437 437 496 496 496 588 588 588 437 437 437 436 436 436 496 496 496 437 437 437 597 597 597 433 433 433 599 599 599 587 587 587 590 590 590 599 599 599 588 588 588 587 587 587 588 588 588 599 599 599 437 437 437 588 588 588 496 496 496 491 491 491 588 588 588 491 491 491 586 586 586 587 587 587 586 586 586 577 577 577 587 587 587 582 582 582 590 590 590 457 457 457 600 600 600 601 601 601 457 457 457 602 602 602 455 455 455 457 457 457 519 519 519 600 600 600 519 519 519 459 459 459 515 515 515 519 519 519 457 457 457 456 456 456 600 600 600 603 603 603 604 604 604 600 600 600 518 518 518 603 603 603 518 518 518 517 517 517 605 605 605 518 518 518 515 515 515 514 514 514 518 518 518 600 600 600 519 519 519 603 603 603 518 518 518 605 605 605 605 605 605 604 604 604 603 603 603 517 517 517 606 606 606 605 605 605 607 607 607 457 457 457 601 601 601 607 607 607 608 608 608 609 609 609 607 607 607 610 610 610 602 602 602 601 601 601 600 600 600 604 604 604 601 601 601 611 611 611 608 608 608 604 604 604 605 605 605 612 612 612 604 604 604 612 612 612 611 611 611 612 612 612 605 605 605 606 606 606 612 612 612 613 613 613 611 611 611 509 509 509 514 514 514 439 439 439 509 509 509 438 438 438 606 606 606 438 438 438 509 509 509 434 434 434 438 438 438 433 433 433 597 597 597 606 606 606 517 517 517 509 509 509 606 606 606 613 613 613 612 612 612 613 613 613 606 606 606 438 438 438 613 613 613 438 438 438 598 598 598 613 613 613 598 598 598 614 614 614 613 613 613 614 614 614 611 611 611 598 598 598 597 597 597 595 595 595 598 598 598 593 593 593 614 614 614 614 614 614 444 444 444 443 443 443 593 593 593 596 596 596 592 592 592 593 593 593 595 595 595 596 596 596 611 611 611 443 443 443 608 608 608 611 611 611 601 601 601 604 604 604 443 443 443 611 611 611 614 614 614 443 443 443 442 442 442 451 451 451 451 451 451 608 608 608 443 443 443 451 451 451 446 446 446 615 615 615 444 444 444 592 592 592 448 448 448 444 444 444 614 614 614 593 593 593 608 608 608 451 451 451 609 609 609 608 608 608 607 607 607 601 601 601 609 609 609 616 616 616 610 610 610 609 609 609 615 615 615 616 616 616 539 539 539 490 490 490 533 533 533 539 539 539 538 538 538 617 617 617 539 539 539 580 580 580 488 488 488 580 580 580 618 618 618 619 619 619 580 580 580 539 539 539 618 618 618 580 580 580 575 575 575 489 489 489 488 488 488 482 482 482 490 490 490 618 618 618 539 539 539 617 617 617 618 618 618 617 617 617 620 620 620 617 617 617 538 538 538 621 621 621 538 538 538 533 533 533 537 537 537 544 544 544 621 621 621 538 538 538 544 544 544 537 537 537 545 545 545 621 621 621 622 622 622 617 617 617 581 581 581 578 578 578 575 575 575 581 581 581 580 580 580 619 619 619 581 581 581 623 623 623 624 624 624 619 619 619 620 620 620 623 623 623 619 619 619 618 618 618 620 620 620 620 620 620 622 622 622 625 625 625 620 620 620 617 617 617 622 622 622 622 622 622 626 626 626 625 625 625 479 479 479 477 477 477 476 476 476 479 479 479 473 473 473 627 627 627 479 479 479 628 628 628 629 629 629 477 477 477 479 479 479 629 629 629 477 477 477 621 621 621 544 544 544 629 629 629 622 622 622 621 621 621 629 629 629 621 621 621 477 477 477 630 630 630 627 627 627 631 631 631 630 630 630 628 628 628 479 479 479 628 628 628 632 632 632 626 626 626 628 628 628 622 622 622 629 629 629 632 632 632 628 628 628 630 630 630 632 632 632 631 631 631 633 633 633 632 632 632 634 634 634 626 626 626 626 626 626 634 634 634 625 625 625 626 626 626 622 622 622 628 628 628 625 625 625 623 623 623 620 620 620 635 635 635 633 633 633 447 447 447 635 635 635 450 450 450 634 634 634 450 450 450 583 583 583 624 624 624 450 450 450 635 635 635 445 445 445 450 450 450 449 449 449 583 583 583 634 634 634 623 623 623 625 625 625 634 634 634 624 624 624 623 623 623 634 634 634 632 632 632 635 635 635 624 624 624 634 634 634 450 450 450 624 624 624 583 583 583 578 578 578 624 624 624 578 578 578 581 581 581 623 623 623 581 581 581 619 619 619 558 558 558 636 636 636 564 564 564 558 558 558 561 561 561 458 458 458 558 558 558 602 602 602 637 637 637 602 602 602 558 558 558 455 455 455 602 602 602 638 638 638 637 637 637 602 602 602 457 457 457 607 607 607 638 638 638 602 602 602 610 610 610 638 638 638 639 639 639 640 640 640 610 610 610 607 607 607 609 609 609 639 639 639 638 638 638 610 610 610 639 639 639 610 610 610 616 616 616 616 616 616 641 641 641 639 639 639 636 636 636 642 642 642 643 643 643 636 636 636 558 558 558 637 637 637 564 564 564 563 563 563 561 561 561 564 564 564 643 643 643 566 566 566 644 644 644 636 636 636 637 637 637 644 644 644 637 637 637 638 638 638 644 644 644 640 640 640 642 642 642 640 640 640 644 644 644 638 638 638 640 640 640 639 639 639 641 641 641 640 640 640 641 641 641 645 645 645 640 640 640 645 645 645 642 642 642 615 615 615 447 447 447 641 641 641 615 615 615 609 609 609 451 451 451 447 447 447 615 615 615 446 446 446 447 447 447 445 445 445 635 635 635 641 641 641 616 616 616 615 615 615 645 645 645 641 641 641 447 447 447 645 645 645 447 447 447 633 633 633 645 645 645 646 646 646 642 642 642 633 633 633 635 635 635 632 632 632 633 633 633 631 631 631 646 646 646 646 646 646 645 645 645 633 633 633 646 646 646 627 627 627 647 647 647 631 631 631 632 632 632 630 630 630 642 642 642 647 647 647 643 643 643 642 642 642 636 636 636 644 644 644 472 472 472 643 643 643 647 647 647 472 472 472 627 627 627 473 473 473 472 472 472 471 471 471 571 571 571 627 627 627 472 472 472 647 647 647 627 627 627 646 646 646 631 631 631 627 627 627 630 630 630 479 479 479 647 647 647 642 642 642 646 646 646 643 643 643 564 564 564 636 636 636 643 643 643 472 472 472 566 566 566 566 566 566 571 571 571 563 563 563 648 648 648 649 649 649 650 650 650 648 648 648 651 651 651 652 652 652 648 648 648 653 653 653 654 654 654 648 648 648 655 655 655 656 656 656 655 655 655 648 648 648 652 652 652 655 655 655 657 657 657 658 658 658 656 656 656 655 655 655 659 659 659 652 652 652 657 657 657 655 655 655 652 652 652 660 660 660 661 661 661 662 662 662 663 663 663 664 664 664 663 663 663 662 662 662 665 665 665 663 663 663 665 665 665 666 666 666 663 663 663 667 667 667 664 664 664 663 663 663 668 668 668 669 669 669 665 665 665 670 670 670 671 671 671 665 665 665 672 672 672 666 666 666 673 673 673 674 674 674 675 675 675 673 673 673 676 676 676 677 677 677 674 674 674 678 678 678 679 679 679 674 674 674 673 673 673 678 678 678 675 675 675 680 680 680 673 673 673 678 678 678 677 677 677 681 681 681 678 678 678 681 681 681 682 682 682 683 683 683 684 684 684 685 685 685 684 684 684 683 683 683 686 686 686 684 684 684 687 687 687 688 688 688 685 685 685 689 689 689 690 690 690 686 686 686 687 687 687 684 684 684 691 691 691 660 660 660 688 688 688 691 691 691 692 692 692 693 693 693 692 692 692 691 691 691 694 694 694 692 692 692 695 695 695 696 696 696 692 692 692 697 697 697 698 698 698 693 693 693 660 660 660 691 691 691 694 694 694 699 699 699 695 695 695 694 694 694 688 688 688 687 687 687 660 660 660 693 693 693 661 661 661 660 660 660 652 652 652 651 651 651 651 651 651 688 688 688 660 660 660 651 651 651 648 648 648 650 650 650 688 688 688 651 651 651 689 689 689 688 688 688 694 694 694 691 691 691 689 689 689 684 684 684 688 688 688 689 689 689 685 685 685 684 684 684 689 689 689 650 650 650 690 690 690 687 687 687 686 686 686 699 699 699 649 649 649 676 676 676 700 700 700 649 649 649 648 648 648 654 654 654 654 654 654 676 676 676 649 649 649 654 654 654 681 681 681 677 677 677 650 650 650 700 700 700 690 690 690 650 650 650 689 689 689 651 651 651 676 676 676 701 701 701 700 700 700 676 676 676 673 673 673 680 680 680 676 676 676 654 654 654 677 677 677 677 677 677 678 678 678 673 673 673 680 680 680 675 675 675 702 702 702 680 680 680 702 702 702 703 703 703 680 680 680 703 703 703 701 701 701 701 701 701 703 703 703 683 683 683 701 701 701 676 676 676 680 680 680 701 701 701 683 683 683 685 685 685 700 700 700 650 650 650 649 649 649 700 700 700 685 685 685 690 690 690 700 700 700 701 701 701 685 685 685 704 704 704 705 705 705 698 698 698 704 704 704 698 698 698 706 706 706 704 704 704 669 669 669 668 668 668 704 704 704 668 668 668 658 658 658 705 705 705 692 692 692 698 698 698 705 705 705 704 704 704 657 657 657 705 705 705 693 693 693 692 692 692 698 698 698 697 697 697 707 707 707 669 669 669 704 704 704 706 706 706 669 669 669 707 707 707 667 667 667 668 668 668 663 663 663 708 708 708 708 708 708 658 658 658 668 668 668 708 708 708 666 666 666 709 709 709 658 658 658 657 657 657 704 704 704 658 658 658 708 708 708 659 659 659 659 659 659 709 709 709 656 656 656 659 659 659 655 655 655 658 658 658 657 657 657 661 661 661 693 693 693 657 657 657 693 693 693 705 705 705 657 657 657 652 652 652 661 661 661 679 679 679 710 710 710 674 674 674 679 679 679 678 678 678 682 682 682 679 679 679 672 672 672 671 671 671 682 682 682 681 681 681 711 711 711 682 682 682 711 711 711 672 672 672 681 681 681 654 654 654 653 653 653 653 653 653 711 711 711 681 681 681 653 653 653 648 648 648 656 656 656 711 711 711 653 653 653 656 656 656 711 711 711 656 656 656 709 709 709 711 711 711 666 666 666 672 672 672 709 709 709 659 659 659 708 708 708 666 666 666 711 711 711 709 709 709 666 666 666 708 708 708 663 663 663 672 672 672 679 679 679 682 682 682 672 672 672 665 665 665 671 671 671 671 671 671 670 670 670 710 710 710 695 695 695 692 692 692 694 694 694 699 699 699 694 694 694 687 687 687 707 707 707 669 669 669 706 706 706 707 707 707 706 706 706 698 698 698 697 697 697 692 692 692 696 696 696 667 667 667 663 663 663 669 669 669 710 710 710 679 679 679 671 671 671 670 670 670 665 665 665 662 662 662 712 712 712 713 713 713 714 714 714 712 712 712 715 715 715 716 716 716 712 712 712 717 717 717 718 718 718 712 712 712 719 719 719 720 720 720 713 713 713 712 712 712 716 716 716 713 713 713 721 721 721 722 722 722 714 714 714 713 713 713 723 723 723 716 716 716 721 721 721 713 713 713 716 716 716 724 724 724 725 725 725 726 726 726 727 727 727 728 728 728 727 727 727 729 729 729 730 730 730 727 727 727 731 731 731 728 728 728 727 727 727 732 732 732 733 733 733 727 727 727 726 726 726 729 729 729 729 729 729 734 734 734 730 730 730 729 729 729 735 735 735 736 736 736 737 737 737 738 738 738 739 739 739 737 737 737 740 740 740 741 741 741 738 738 738 737 737 737 742 742 742 738 738 738 742 742 742 743 743 743 739 739 739 744 744 744 737 737 737 742 742 742 745 745 745 746 746 746 742 742 742 741 741 741 745 745 745 747 747 747 748 748 748 749 749 749 748 748 748 747 747 747 750 750 750 748 748 748 751 751 751 752 752 752 749 749 749 753 753 753 754 754 754 750 750 750 751 751 751 748 748 748 755 755 755 724 724 724 752 752 752 755 755 755 756 756 756 757 757 757 756 756 756 755 755 755 758 758 758 756 756 756 759 759 759 760 760 760 756 756 756 761 761 761 762 762 762 757 757 757 724 724 724 755 755 755 758 758 758 763 763 763 761 761 761 758 758 758 752 752 752 751 751 751 724 724 724 716 716 716 715 715 715 724 724 724 757 757 757 725 725 725 715 715 715 712 712 712 720 720 720 715 715 715 752 752 752 724 724 724 752 752 752 715 715 715 753 753 753 752 752 752 758 758 758 755 755 755 753 753 753 748 748 748 752 752 752 753 753 753 749 749 749 748 748 748 753 753 753 720 720 720 754 754 754 751 751 751 750 750 750 763 763 763 719 719 719 712 712 712 718 718 718 719 719 719 740 740 740 764 764 764 718 718 718 745 745 745 741 741 741 718 718 718 740 740 740 719 719 719 720 720 720 764 764 764 754 754 754 720 720 720 753 753 753 715 715 715 740 740 740 765 765 765 764 764 764 740 740 740 737 737 737 744 744 744 740 740 740 718 718 718 741 741 741 741 741 741 742 742 742 737 737 737 744 744 744 739 739 739 766 766 766 744 744 744 766 766 766 767 767 767 744 744 744 767 767 767 765 765 765 765 765 765 747 747 747 749 749 749 765 765 765 740 740 740 744 744 744 765 765 765 767 767 767 747 747 747 764 764 764 749 749 749 754 754 754 764 764 764 765 765 765 749 749 749 764 764 764 720 720 720 719 719 719 768 768 768 769 769 769 760 760 760 768 768 768 760 760 760 770 770 770 768 768 768 733 733 733 732 732 732 768 768 768 732 732 732 722 722 722 769 769 769 757 757 757 756 756 756 769 769 769 756 756 756 760 760 760 769 769 769 768 768 768 721 721 721 760 760 760 759 759 759 771 771 771 733 733 733 768 768 768 770 770 770 733 733 733 771 771 771 731 731 731 732 732 732 727 727 727 772 772 772 772 772 772 722 722 722 732 732 732 772 772 772 730 730 730 773 773 773 722 722 722 721 721 721 768 768 768 722 722 722 772 772 772 723 723 723 723 723 723 713 713 713 722 722 722 723 723 723 773 773 773 714 714 714 721 721 721 716 716 716 725 725 725 721 721 721 757 757 757 769 769 769 721 721 721 725 725 725 757 757 757 743 743 743 774 774 774 738 738 738 743 743 743 742 742 742 746 746 746 743 743 743 734 734 734 736 736 736 746 746 746 745 745 745 775 775 775 746 746 746 775 775 775 734 734 734 745 745 745 718 718 718 717 717 717 717 717 717 712 712 712 714 714 714 717 717 717 775 775 775 745 745 745 775 775 775 717 717 717 714 714 714 775 775 775 714 714 714 773 773 773 775 775 775 730 730 730 734 734 734 773 773 773 723 723 723 772 772 772 730 730 730 772 772 772 727 727 727 730 730 730 775 775 775 773 773 773 734 734 734 729 729 729 736 736 736 734 734 734 743 743 743 746 746 746 736 736 736 735 735 735 774 774 774 761 761 761 756 756 756 758 758 758 763 763 763 758 758 758 751 751 751 771 771 771 770 770 770 760 760 760 771 771 771 733 733 733 770 770 770 759 759 759 756 756 756 762 762 762 731 731 731 727 727 727 733 733 733 774 774 774 743 743 743 736 736 736 735 735 735 729 729 729 726 726 726 776 776 776 777 777 777 778 778 778 776 776 776 779 779 779 780 780 780 777 777 777 781 781 781 782 782 782 777 777 777 783 783 783 781 781 781 777 777 777 784 784 784 778 778 778 777 777 777 776 776 776 783 783 783 778 778 778 785 785 785 776 776 776 783 783 783 786 786 786 781 781 781 783 783 783 780 780 780 787 787 787 788 788 788 789 789 789 790 790 790 788 788 788 791 791 791 792 792 792 791 791 791 788 788 788 793 793 793 791 791 791 794 794 794 795 795 795 791 791 791 793 793 793 794 794 794 792 792 792 796 796 796 797 797 797 792 792 792 798 798 798 788 788 788 793 793 793 799 799 799 794 794 794 793 793 793 788 788 788 790 790 790 800 800 800 801 801 801 802 802 802 800 800 800 802 802 802 803 803 803 802 802 802 801 801 801 804 804 804 802 802 802 804 804 804 805 805 805 803 803 803 806 806 806 800 800 800 803 803 803 807 807 807 808 808 808 803 803 803 802 802 802 807 807 807 807 807 807 809 809 809 810 810 810 807 807 807 805 805 805 809 809 809 807 807 807 802 802 802 805 805 805 811 811 811 812 812 812 813 813 813 811 811 811 814 814 814 815 815 815 812 812 812 816 816 816 813 813 813 812 812 812 811 811 811 815 815 815 815 815 815 817 817 817 812 812 812 815 815 815 818 818 818 819 819 819 820 820 820 821 821 821 822 822 822 820 820 820 781 781 781 786 786 786 820 820 820 786 786 786 823 823 823 821 821 821 824 824 824 825 825 825 821 821 821 820 820 820 826 826 826 821 821 821 825 825 825 827 827 827 822 822 822 827 827 827 782 782 782 826 826 826 823 823 823 828 828 828 826 826 826 824 824 824 821 821 821 781 781 781 820 820 820 822 822 822 786 786 786 783 783 783 787 787 787 787 787 787 823 823 823 786 786 786 787 787 787 829 829 829 830 830 830 823 823 823 787 787 787 830 830 830 823 823 823 826 826 826 820 820 820 830 830 830 831 831 831 823 823 823 830 830 830 832 832 832 831 831 831 831 831 831 828 828 828 823 823 823 828 828 828 833 833 833 834 834 834 828 828 828 835 835 835 826 826 826 779 779 779 776 776 776 785 785 785 779 779 779 804 804 804 836 836 836 785 785 785 804 804 804 779 779 779 785 785 785 778 778 778 837 837 837 780 780 780 783 783 783 776 776 776 780 780 780 836 836 836 829 829 829 804 804 804 838 838 838 836 836 836 804 804 804 785 785 785 805 805 805 805 805 805 837 837 837 809 809 809 801 801 801 800 800 800 839 839 839 838 838 838 804 804 804 801 801 801 838 838 838 840 840 840 841 841 841 838 838 838 841 841 841 832 832 832 838 838 838 839 839 839 840 840 840 836 836 836 838 838 838 832 832 832 836 836 836 780 780 780 779 779 779 836 836 836 832 832 832 829 829 829 832 832 832 833 833 833 831 831 831 832 832 832 830 830 830 829 829 829 829 829 829 787 787 787 780 780 780 842 842 842 817 817 817 819 819 819 842 842 842 818 818 818 843 843 843 842 842 842 844 844 844 845 845 845 844 844 844 842 842 842 843 843 843 845 845 845 846 846 846 842 842 842 845 845 845 847 847 847 848 848 848 845 845 845 848 848 848 849 849 849 818 818 818 842 842 842 819 819 819 818 818 818 815 815 815 814 814 814 814 814 814 811 811 811 850 850 850 851 851 851 852 852 852 853 853 853 851 851 851 854 854 854 855 855 855 854 854 854 851 851 851 856 856 856 855 855 855 857 857 857 858 858 858 856 856 856 859 859 859 854 854 854 859 859 859 850 850 850 811 811 811 859 859 859 856 856 856 860 860 860 850 850 850 859 859 859 860 860 860 861 861 861 827 827 827 825 825 825 861 861 861 794 794 794 799 799 799 861 861 861 799 799 799 862 862 862 827 827 827 822 822 822 821 821 821 827 827 827 861 861 861 782 782 782 825 825 825 863 863 863 861 861 861 863 863 863 864 864 864 865 865 865 794 794 794 861 861 861 863 863 863 799 799 799 866 866 866 862 862 862 867 867 867 799 799 799 793 793 793 866 866 866 790 790 790 784 784 784 866 866 866 799 799 799 867 867 867 866 866 866 782 782 782 862 862 862 782 782 782 781 781 781 822 822 822 782 782 782 866 866 866 777 777 777 782 782 782 861 861 861 862 862 862 808 808 808 789 789 789 798 798 798 808 808 808 807 807 807 810 810 810 808 808 808 868 868 868 803 803 803 810 810 810 869 869 869 789 789 789 810 810 810 837 837 837 869 869 869 837 837 837 810 810 810 809 809 809 837 837 837 805 805 805 785 785 785 837 837 837 784 784 784 869 869 869 869 869 869 784 784 784 789 789 789 784 784 784 837 837 837 778 778 778 784 784 784 790 790 790 789 789 789 784 784 784 777 777 777 866 866 866 789 789 789 788 788 788 798 798 798 789 789 789 808 808 808 810 810 810 790 790 790 866 866 866 867 867 867 790 790 790 867 867 867 793 793 793 798 798 798 792 792 792 870 870 870 798 798 798 870 870 870 868 868 868 847 847 847 845 845 845 844 844 844 847 847 847 871 871 871 848 848 848 871 871 871 847 847 847 872 872 872 848 848 848 873 873 873 849 849 849 874 874 874 875 875 875 876 876 876 875 875 875 877 877 877 873 873 873 875 875 875 871 871 871 872 872 872 875 875 875 874 874 874 878 878 878 875 875 875 873 873 873 871 871 871 876 876 876 875 875 875 872 872 872 878 878 878 879 879 879 880 880 880 878 878 878 881 881 881 882 882 882 878 878 878 880 880 880 877 877 877 878 878 878 877 877 877 875 875 875 853 853 853 883 883 883 884 884 884 883 883 883 853 853 853 852 852 852 883 883 883 885 885 885 886 886 886 883 883 883 886 886 886 884 884 884 883 883 883 887 887 887 888 888 888 852 852 852 851 851 851 855 855 855 852 852 852 858 858 858 889 889 889 852 852 852 855 855 855 858 858 858 852 852 852 889 889 889 887 887 887 885 885 885 881 881 881 886 886 886 881 881 881 885 885 885 882 882 882 881 881 881 878 878 878 874 874 874 882 882 882 888 888 888 879 879 879 824 824 824 864 864 864 825 825 825 824 824 824 826 826 826 835 835 835 824 824 824 890 890 890 864 864 864 835 835 835 891 891 891 892 892 892 835 835 835 893 893 893 824 824 824 835 835 835 828 828 828 834 834 834 833 833 833 894 894 894 891 891 891 833 833 833 891 891 891 834 834 834 833 833 833 832 832 832 841 841 841 833 833 833 828 828 828 831 831 831 857 857 857 859 859 859 895 895 895 857 857 857 854 854 854 859 859 859 857 857 857 855 855 855 854 854 854 858 858 858 857 857 857 896 896 896 858 858 858 897 897 897 889 889 889 895 895 895 859 859 859 811 811 811 895 895 895 811 811 811 813 813 813 895 895 895 816 816 816 898 898 898 895 895 895 899 899 899 857 857 857 873 873 873 900 900 900 901 901 901 873 873 873 848 848 848 871 871 871 849 849 849 902 902 902 903 903 903 849 849 849 903 903 903 845 845 845 877 877 877 904 904 904 900 900 900 868 868 868 905 905 905 906 906 906 868 868 868 808 808 808 798 798 798 868 868 868 907 907 907 905 905 905 870 870 870 797 797 797 907 907 907 864 864 864 890 890 890 908 908 908 864 864 864 863 863 863 825 825 825 902 902 902 909 909 909 910 910 910 902 902 902 846 846 846 903 903 903 902 902 902 911 911 911 912 912 912 902 902 902 849 849 849 909 909 909 909 909 909 913 913 913 910 910 910 909 909 909 849 849 849 873 873 873 910 910 910 914 914 914 902 902 902 910 910 910 915 915 915 914 914 914 915 915 915 916 916 916 917 917 917 915 915 915 911 911 911 914 914 914 915 915 915 918 918 918 919 919 919 915 915 915 910 910 910 916 916 916 916 916 916 920 920 920 917 917 917 916 916 916 910 910 910 913 913 913 917 917 917 921 921 921 915 915 915 917 917 917 922 922 922 921 921 921 922 922 922 918 918 918 921 921 921 922 922 922 923 923 923 924 924 924 922 922 922 925 925 925 926 926 926 922 922 922 917 917 917 925 925 925 925 925 925 927 927 927 926 926 926 925 925 925 917 917 917 920 920 920 926 926 926 928 928 928 929 929 929 926 926 926 929 929 929 922 922 922 928 928 928 923 923 923 929 929 929 928 928 928 930 930 930 931 931 931 928 928 928 932 932 932 933 933 933 928 928 928 926 926 926 932 932 932 932 932 932 926 926 926 927 927 927 932 932 932 934 934 934 933 933 933 933 933 933 935 935 935 928 928 928 933 933 933 936 936 936 935 935 935 936 936 936 937 937 937 938 938 938 936 936 936 933 933 933 937 937 937 936 936 936 930 930 930 935 935 935 936 936 936 939 939 939 940 940 940 937 937 937 941 941 941 938 938 938 937 937 937 933 933 933 934 934 934 938 938 938 942 942 942 936 936 936 938 938 938 943 943 943 942 942 942 943 943 943 939 939 939 942 942 942 943 943 943 892 892 892 944 944 944 943 943 943 945 945 945 890 890 890 943 943 943 938 938 938 945 945 945 943 943 943 890 890 890 893 893 893 945 945 945 938 938 938 941 941 941 945 945 945 908 908 908 890 890 890 890 890 890 824 824 824 893 893 893 893 893 893 835 835 835 892 892 892 888 888 888 887 887 887 946 946 946 888 888 888 882 882 882 885 885 885 888 888 888 947 947 947 879 879 879 888 888 888 885 885 885 883 883 883 879 879 879 878 878 878 882 882 882 879 879 879 904 904 904 880 880 880 946 946 946 947 947 947 888 888 888 947 947 947 948 948 948 949 949 949 948 948 948 950 950 950 949 949 949 948 948 948 951 951 951 952 952 952 948 948 948 947 947 947 946 946 946 948 948 948 946 946 946 953 953 953 949 949 949 954 954 954 955 955 955 949 949 949 904 904 904 947 947 947 952 952 952 950 950 950 948 948 948 950 950 950 956 956 956 957 957 957 956 956 956 950 950 950 952 952 952 956 956 956 952 952 952 951 951 951 956 956 956 958 958 958 959 959 959 956 956 956 960 960 960 958 958 958 956 956 956 959 959 959 957 957 957 957 957 957 954 954 954 950 950 950 957 957 957 961 961 961 962 962 962 959 959 959 963 963 963 964 964 964 963 963 963 958 958 958 960 960 960 963 963 963 959 959 959 958 958 958 963 963 963 965 965 965 966 966 966 963 963 963 966 966 966 964 964 964 963 963 963 967 967 967 965 965 965 964 964 964 968 968 968 969 969 969 964 964 964 961 961 961 959 959 959 966 966 966 970 970 970 971 971 971 970 970 970 966 966 966 965 965 965 970 970 970 965 965 965 967 967 967 970 970 970 972 972 972 973 973 973 971 971 971 973 973 973 974 974 974 971 971 971 968 968 968 966 966 966 973 973 973 971 971 971 970 970 970 974 974 974 975 975 975 976 976 976 974 974 974 977 977 977 971 971 971 975 975 975 978 978 978 979 979 979 975 975 975 973 973 973 972 972 972 975 975 975 974 974 974 973 973 973 976 976 976 980 980 980 974 974 974 976 976 976 979 979 979 981 981 981 979 979 979 976 976 976 975 975 975 981 981 981 796 796 796 982 982 982 981 981 981 907 907 907 797 797 797 981 981 981 983 983 983 976 976 976 907 907 907 981 981 981 979 979 979 907 907 907 978 978 978 905 905 905 907 907 907 868 868 868 870 870 870 797 797 797 870 870 870 792 792 792 887 887 887 883 883 883 852 852 852 887 887 887 897 897 897 953 953 953 887 887 887 953 953 953 946 946 946 953 953 953 984 984 984 948 948 948 984 984 984 953 953 953 897 897 897 984 984 984 985 985 985 951 951 951 951 951 951 948 948 948 984 984 984 951 951 951 986 986 986 956 956 956 986 986 986 951 951 951 985 985 985 986 986 986 987 987 987 960 960 960 960 960 960 988 988 988 963 963 963 960 960 960 956 956 956 986 986 986 988 988 988 989 989 989 967 967 967 988 988 988 960 960 960 987 987 987 967 967 967 963 963 963 988 988 988 967 967 967 990 990 990 970 970 970 990 990 990 991 991 991 972 972 972 990 990 990 967 967 967 989 989 989 972 972 972 970 970 970 990 990 990 972 972 972 992 992 992 975 975 975 992 992 992 972 972 972 991 991 991 992 992 992 993 993 993 978 978 978 978 978 978 993 993 993 905 905 905 978 978 978 907 907 907 979 979 979 978 978 978 975 975 975 992 992 992 897 897 897 858 858 858 896 896 896 897 897 897 896 896 896 994 994 994 897 897 897 995 995 995 984 984 984 897 897 897 994 994 994 995 995 995 897 897 897 887 887 887 889 889 889 985 985 985 984 984 984 995 995 995 985 985 985 996 996 996 986 986 986 985 985 985 994 994 994 997 997 997 985 985 985 997 997 997 998 998 998 985 985 985 998 998 998 996 996 996 987 987 987 986 986 986 996 996 996 987 987 987 999 999 999 1000 1000 1000 987 987 987 1001 1001 1001 999 999 999 987 987 987 998 998 998 1001 1001 1001 987 987 987 1000 1000 1000 988 988 988 989 989 989 1002 1002 1002 1003 1003 1003 989 989 989 988 988 988 1000 1000 1000 989 989 989 1003 1003 1003 990 990 990 989 989 989 999 999 999 1004 1004 1004 989 989 989 1004 1004 1004 1002 1002 1002 991 991 991 1002 1002 1002 1005 1005 1005 991 991 991 990 990 990 1003 1003 1003 991 991 991 1006 1006 1006 992 992 992 991 991 991 1005 1005 1005 1007 1007 1007 991 991 991 1007 1007 1007 1006 1006 1006 993 993 993 1007 1007 1007 1008 1008 1008 993 993 993 992 992 992 1006 1006 1006 993 993 993 906 906 906 905 905 905 993 993 993 806 806 806 906 906 906 993 993 993 1008 1008 1008 806 806 806 906 906 906 803 803 803 868 868 868 795 795 795 863 863 863 865 865 865 795 795 795 794 794 794 863 863 863 796 796 796 795 795 795 1009 1009 1009 796 796 796 981 981 981 797 797 797 796 796 796 792 792 792 791 791 791 796 796 796 791 791 791 795 795 795 1009 1009 1009 1010 1010 1010 1011 1011 1011 1009 1009 1009 982 982 982 796 796 796 1009 1009 1009 795 795 795 865 865 865 1009 1009 1009 865 865 865 908 908 908 982 982 982 1009 1009 1009 1011 1011 1011 983 983 983 981 981 981 982 982 982 983 983 983 1011 1011 1011 1012 1012 1012 983 983 983 982 982 982 1011 1011 1011 1012 1012 1012 1013 1013 1013 1014 1014 1014 1012 1012 1012 1010 1010 1010 941 941 941 1012 1012 1012 1011 1011 1011 1010 1010 1010 980 980 980 1012 1012 1012 1014 1014 1014 980 980 980 976 976 976 983 983 983 980 980 980 983 983 983 1012 1012 1012 977 977 977 980 980 980 1014 1014 1014 977 977 977 974 974 974 980 980 980 977 977 977 1014 1014 1014 1015 1015 1015 1015 1015 1015 1014 1014 1014 1013 1013 1013 1015 1015 1015 1013 1013 1013 934 934 934 968 968 968 964 964 964 966 966 966 968 968 968 971 971 971 977 977 977 968 968 968 1016 1016 1016 969 969 969 968 968 968 1015 1015 1015 1017 1017 1017 968 968 968 977 977 977 1015 1015 1015 1017 1017 1017 1015 1015 1015 934 934 934 1017 1017 1017 934 934 934 1018 1018 1018 1016 1016 1016 1018 1018 1018 927 927 927 1016 1016 1016 1017 1017 1017 1018 1018 1018 1016 1016 1016 968 968 968 1017 1017 1017 961 961 961 969 969 969 1016 1016 1016 961 961 961 1016 1016 1016 1019 1019 1019 961 961 961 1020 1020 1020 962 962 962 961 961 961 964 964 964 969 969 969 961 961 961 957 957 957 959 959 959 1019 1019 1019 1016 1016 1016 927 927 927 1019 1019 1019 927 927 927 1021 1021 1021 1019 1019 1019 920 920 920 1020 1020 1020 1020 1020 1020 961 961 961 1019 1019 1019 954 954 954 957 957 957 962 962 962 954 954 954 949 949 949 950 950 950 954 954 954 1022 1022 1022 955 955 955 954 954 954 1020 1020 1020 1023 1023 1023 954 954 954 962 962 962 1020 1020 1020 1023 1023 1023 913 913 913 1022 1022 1022 1023 1023 1023 920 920 920 1024 1024 1024 1023 1023 1023 1020 1020 1020 920 920 920 1022 1022 1022 954 954 954 1023 1023 1023 904 904 904 1022 1022 1022 900 900 900 904 904 904 877 877 877 880 880 880 904 904 904 955 955 955 1022 1022 1022 904 904 904 949 949 949 955 955 955 904 904 904 879 879 879 947 947 947 900 900 900 873 873 873 877 877 877 900 900 900 913 913 913 901 901 901 900 900 900 1022 1022 1022 913 913 913 908 908 908 945 945 945 1010 1010 1010 908 908 908 865 865 865 864 864 864 1010 1010 1010 1009 1009 1009 908 908 908 941 941 941 1010 1010 1010 945 945 945 941 941 941 937 937 937 1013 1013 1013 1013 1013 1013 1012 1012 1012 941 941 941 934 934 934 1013 1013 1013 937 937 937 934 934 934 932 932 932 1018 1018 1018 1018 1018 1018 932 932 932 927 927 927 927 927 927 925 925 925 1021 1021 1021 1021 1021 1021 925 925 925 920 920 920 920 920 920 1019 1019 1019 1021 1021 1021 920 920 920 916 916 916 1024 1024 1024 1024 1024 1024 916 916 916 913 913 913 913 913 913 909 909 909 901 901 901 913 913 913 1023 1023 1023 1024 1024 1024 901 901 901 909 909 909 873 873 873 840 840 840 1025 1025 1025 1026 1026 1026 841 841 841 894 894 894 833 833 833 841 841 841 1026 1026 1026 1027 1027 1027 1026 1026 1026 841 841 841 840 840 840 1026 1026 1026 1025 1025 1025 1028 1028 1028 1027 1027 1027 1026 1026 1026 1029 1029 1029 1028 1028 1028 1029 1029 1029 1026 1026 1026 1028 1028 1028 1030 1030 1030 1031 1031 1031 1029 1029 1029 1032 1032 1032 894 894 894 1029 1029 1029 1033 1033 1033 1032 1032 1032 1029 1029 1029 894 894 894 1027 1027 1027 1029 1029 1029 1031 1031 1031 1034 1034 1034 1031 1031 1031 1029 1029 1029 1028 1028 1028 1031 1031 1031 1035 1035 1035 1036 1036 1036 1031 1031 1031 1036 1036 1036 1034 1034 1034 1035 1035 1035 1037 1037 1037 1038 1038 1038 1036 1036 1036 1033 1033 1033 1034 1034 1034 1036 1036 1036 1039 1039 1039 1040 1040 1040 1036 1036 1036 1038 1038 1038 1041 1041 1041 1038 1038 1038 1036 1036 1036 1035 1035 1035 1038 1038 1038 1042 1042 1042 1043 1043 1043 1038 1038 1038 1043 1043 1043 1041 1041 1041 1042 1042 1042 1044 1044 1044 1045 1045 1045 1043 1043 1043 1039 1039 1039 1041 1041 1041 1043 1043 1043 1046 1046 1046 1047 1047 1047 1043 1043 1043 1045 1045 1045 1048 1048 1048 1045 1045 1045 1043 1043 1043 1042 1042 1042 1045 1045 1045 1049 1049 1049 1050 1050 1050 1045 1045 1045 1050 1050 1050 1048 1048 1048 1049 1049 1049 1051 1051 1051 1052 1052 1052 1050 1050 1050 1046 1046 1046 1048 1048 1048 1050 1050 1050 1053 1053 1053 1054 1054 1054 1050 1050 1050 1052 1052 1052 1055 1055 1055 1052 1052 1052 1050 1050 1050 1049 1049 1049 1052 1052 1052 1056 1056 1056 1057 1057 1057 1052 1052 1052 1057 1057 1057 1055 1055 1055 1056 1056 1056 1058 1058 1058 1059 1059 1059 1057 1057 1057 1060 1060 1060 1061 1061 1061 1057 1057 1057 1053 1053 1053 1055 1055 1055 1057 1057 1057 1059 1059 1059 1062 1062 1062 1059 1059 1059 1057 1057 1057 1056 1056 1056 1059 1059 1059 898 898 898 816 816 816 1059 1059 1059 816 816 816 1062 1062 1062 816 816 816 1060 1060 1060 1062 1062 1062 816 816 816 812 812 812 1063 1063 1063 816 816 816 895 895 895 813 813 813 839 839 839 838 838 838 801 801 801 839 839 839 806 806 806 1025 1025 1025 1025 1025 1025 1064 1064 1064 1028 1028 1028 1025 1025 1025 1008 1008 1008 1064 1064 1064 1025 1025 1025 840 840 840 839 839 839 1030 1030 1030 1008 1008 1008 1007 1007 1007 1030 1030 1030 1028 1028 1028 1064 1064 1064 1030 1030 1030 1065 1065 1065 1035 1035 1035 1030 1030 1030 1005 1005 1005 1065 1065 1065 1030 1030 1030 1035 1035 1035 1031 1031 1031 1037 1037 1037 1005 1005 1005 1002 1002 1002 1037 1037 1037 1004 1004 1004 1066 1066 1066 1037 1037 1037 1042 1042 1042 1038 1038 1038 1037 1037 1037 1035 1035 1035 1065 1065 1065 1037 1037 1037 1066 1066 1066 1042 1042 1042 1044 1044 1044 1001 1001 1001 1067 1067 1067 1044 1044 1044 1004 1004 1004 999 999 999 1044 1044 1044 1049 1049 1049 1045 1045 1045 1044 1044 1044 1067 1067 1067 1049 1049 1049 1044 1044 1044 1042 1042 1042 1066 1066 1066 1051 1051 1051 1068 1068 1068 1056 1056 1056 1051 1051 1051 1056 1056 1056 1052 1052 1052 1051 1051 1051 1049 1049 1049 1067 1067 1067 1051 1051 1051 1001 1001 1001 998 998 998 1051 1051 1051 997 997 997 1068 1068 1068 1058 1058 1058 1056 1056 1056 1068 1068 1068 1058 1058 1058 899 899 899 898 898 898 1058 1058 1058 896 896 896 899 899 899 1058 1058 1058 997 997 997 994 994 994 1058 1058 1058 898 898 898 1059 1059 1059 899 899 899 895 895 895 898 898 898 806 806 806 803 803 803 906 906 906 806 806 806 839 839 839 800 800 800 1008 1008 1008 1030 1030 1030 1064 1064 1064 1008 1008 1008 1025 1025 1025 806 806 806 1007 1007 1007 993 993 993 1006 1006 1006 1005 1005 1005 1037 1037 1037 1065 1065 1065 1005 1005 1005 1030 1030 1030 1007 1007 1007 1002 1002 1002 991 991 991 1003 1003 1003 1004 1004 1004 1044 1044 1044 1066 1066 1066 1004 1004 1004 1037 1037 1037 1002 1002 1002 999 999 999 989 989 989 1000 1000 1000 1001 1001 1001 1044 1044 1044 999 999 999 1001 1001 1001 1051 1051 1051 1067 1067 1067 998 998 998 987 987 987 996 996 996 997 997 997 1051 1051 1051 998 998 998 997 997 997 1058 1058 1058 1068 1068 1068 994 994 994 985 985 985 995 995 995 896 896 896 857 857 857 899 899 899 896 896 896 1058 1058 1058 994 994 994 817 817 817 815 815 815 819 819 819 817 817 817 1063 1063 1063 812 812 812 817 817 817 912 912 912 1069 1069 1069 817 817 817 842 842 842 846 846 846 1063 1063 1063 817 817 817 1069 1069 1069 1063 1063 1063 1070 1070 1070 1060 1060 1060 1070 1070 1070 912 912 912 911 911 911 1070 1070 1070 919 919 919 1071 1071 1071 1070 1070 1070 1063 1063 1063 1069 1069 1069 1060 1060 1060 816 816 816 1063 1063 1063 1060 1060 1060 1057 1057 1057 1062 1062 1062 1061 1061 1061 1072 1072 1072 1053 1053 1053 1061 1061 1061 1070 1070 1070 1071 1071 1071 1061 1061 1061 1060 1060 1060 1070 1070 1070 1072 1072 1072 919 919 919 918 918 918 1072 1072 1072 1061 1061 1061 1071 1071 1071 1072 1072 1072 924 924 924 1073 1073 1073 1053 1053 1053 1050 1050 1050 1055 1055 1055 1053 1053 1053 1057 1057 1057 1061 1061 1061 1054 1054 1054 1074 1074 1074 1046 1046 1046 1054 1054 1054 1072 1072 1072 1073 1073 1073 1054 1054 1054 1053 1053 1053 1072 1072 1072 1074 1074 1074 931 931 931 1075 1075 1075 1074 1074 1074 1054 1054 1054 1073 1073 1073 1074 1074 1074 924 924 924 923 923 923 1046 1046 1046 1043 1043 1043 1048 1048 1048 1046 1046 1046 1050 1050 1050 1054 1054 1054 1047 1047 1047 1046 1046 1046 1074 1074 1074 1047 1047 1047 1074 1074 1074 1075 1075 1075 1047 1047 1047 1076 1076 1076 1039 1039 1039 1076 1076 1076 940 940 940 1077 1077 1077 1076 1076 1076 931 931 931 930 930 930 1076 1076 1076 1047 1047 1047 1075 1075 1075 1039 1039 1039 1036 1036 1036 1041 1041 1041 1039 1039 1039 1043 1043 1043 1047 1047 1047 1040 1040 1040 1076 1076 1076 1077 1077 1077 1040 1040 1040 1078 1078 1078 1033 1033 1033 1040 1040 1040 1039 1039 1039 1076 1076 1076 1078 1078 1078 1040 1040 1040 1077 1077 1077 1078 1078 1078 940 940 940 939 939 939 1078 1078 1078 944 944 944 1079 1079 1079 1033 1033 1033 1029 1029 1029 1034 1034 1034 1033 1033 1033 1036 1036 1036 1040 1040 1040 1032 1032 1032 891 891 891 894 894 894 1032 1032 1032 1078 1078 1078 1079 1079 1079 1032 1032 1032 1033 1033 1033 1078 1078 1078 1079 1079 1079 892 892 892 891 891 891 891 891 891 835 835 835 834 834 834 891 891 891 1032 1032 1032 1079 1079 1079 894 894 894 841 841 841 1027 1027 1027 846 846 846 902 902 902 912 912 912 846 846 846 845 845 845 903 903 903 912 912 912 817 817 817 846 846 846 912 912 912 1070 1070 1070 1069 1069 1069 911 911 911 915 915 915 919 919 919 911 911 911 902 902 902 914 914 914 919 919 919 1072 1072 1072 1071 1071 1071 919 919 919 1070 1070 1070 911 911 911 918 918 918 915 915 915 921 921 921 918 918 918 922 922 922 924 924 924 924 924 924 1072 1072 1072 918 918 918 924 924 924 1074 1074 1074 1073 1073 1073 923 923 923 928 928 928 931 931 931 923 923 923 922 922 922 929 929 929 931 931 931 1076 1076 1076 1075 1075 1075 931 931 931 1074 1074 1074 923 923 923 930 930 930 928 928 928 935 935 935 930 930 930 936 936 936 940 940 940 940 940 940 1078 1078 1078 1077 1077 1077 940 940 940 1076 1076 1076 930 930 930 939 939 939 936 936 936 942 942 942 939 939 939 943 943 943 944 944 944 944 944 944 1078 1078 1078 939 939 939 892 892 892 943 943 943 893 893 893 892 892 892 1079 1079 1079 944 944 944 1080 1080 1080 1081 1081 1081 1082 1082 1082 1080 1080 1080 1083 1083 1083 1084 1084 1084 1080 1080 1080 1082 1082 1082 1085 1085 1085 1081 1081 1081 1080 1080 1080 1084 1084 1084 1081 1081 1081 1086 1086 1086 1087 1087 1087 1082 1082 1082 1081 1081 1081 1087 1087 1087 1082 1082 1082 1087 1087 1087 1088 1088 1088 1082 1082 1082 1088 1088 1088 1089 1089 1089 1084 1084 1084 1090 1090 1090 1081 1081 1081 1084 1084 1084 1091 1091 1091 1092 1092 1092 1093 1093 1093 1094 1094 1094 1095 1095 1095 1093 1093 1093 1096 1096 1096 1097 1097 1097 1094 1094 1094 1093 1093 1093 1098 1098 1098 1094 1094 1094 1099 1099 1099 1100 1100 1100 1094 1094 1094 1098 1098 1098 1099 1099 1099 1095 1095 1095 1101 1101 1101 1093 1093 1093 1098 1098 1098 1093 1093 1093 1097 1097 1097 1098 1098 1098 1102 1102 1102 1099 1099 1099 1103 1103 1103 1104 1104 1104 1105 1105 1105 1103 1103 1103 1105 1105 1105 1106 1106 1106 1103 1103 1103 1106 1106 1106 1107 1107 1107 1104 1104 1104 1108 1108 1108 1105 1105 1105 1105 1105 1105 1108 1108 1108 1109 1109 1109 1105 1105 1105 1109 1109 1109 1110 1110 1110 1106 1106 1106 1111 1111 1111 1112 1112 1112 1106 1106 1106 1105 1105 1105 1110 1110 1110 1113 1113 1113 1114 1114 1114 1115 1115 1115 1113 1113 1113 1116 1116 1116 1117 1117 1117 1113 1113 1113 1118 1118 1118 1119 1119 1119 1116 1116 1116 1113 1113 1113 1119 1119 1119 1117 1117 1117 1120 1120 1120 1121 1121 1121 1117 1117 1117 1116 1116 1116 1120 1120 1120 1117 1117 1117 1121 1121 1121 1122 1122 1122 1123 1123 1123 1124 1124 1124 1125 1125 1125 1123 1123 1123 1126 1126 1126 1127 1127 1127 1123 1123 1123 1128 1128 1128 1129 1129 1129 1124 1124 1124 1087 1087 1087 1086 1086 1086 1124 1124 1124 1123 1123 1123 1130 1130 1130 1124 1124 1124 1086 1086 1086 1122 1122 1122 1087 1087 1087 1124 1124 1124 1130 1130 1130 1086 1086 1086 1081 1081 1081 1090 1090 1090 1090 1090 1090 1084 1084 1084 1092 1092 1092 1090 1090 1090 1122 1122 1122 1086 1086 1086 1114 1114 1114 1122 1122 1122 1090 1090 1090 1114 1114 1114 1117 1117 1117 1122 1122 1122 1114 1114 1114 1092 1092 1092 1115 1115 1115 1114 1114 1114 1113 1113 1113 1117 1117 1117 1122 1122 1122 1121 1121 1121 1124 1124 1124 1121 1121 1121 1120 1120 1120 1126 1126 1126 1121 1121 1121 1126 1126 1126 1125 1125 1125 1121 1121 1121 1125 1125 1125 1124 1124 1124 1091 1091 1091 1109 1109 1109 1131 1131 1131 1091 1091 1091 1084 1084 1084 1083 1083 1083 1083 1083 1083 1109 1109 1109 1091 1091 1091 1083 1083 1083 1080 1080 1080 1132 1132 1132 1092 1092 1092 1114 1114 1114 1090 1090 1090 1092 1092 1092 1131 1131 1131 1115 1115 1115 1109 1109 1109 1133 1133 1133 1131 1131 1131 1109 1109 1109 1083 1083 1083 1110 1110 1110 1110 1110 1110 1132 1132 1132 1111 1111 1111 1110 1110 1110 1111 1111 1111 1106 1106 1106 1108 1108 1108 1104 1104 1104 1134 1134 1134 1133 1133 1133 1109 1109 1109 1108 1108 1108 1133 1133 1133 1134 1134 1134 1118 1118 1118 1131 1131 1131 1133 1133 1133 1113 1113 1113 1131 1131 1131 1092 1092 1092 1091 1091 1091 1131 1131 1131 1113 1113 1113 1115 1115 1115 1135 1135 1135 1099 1099 1099 1102 1102 1102 1135 1135 1135 1102 1102 1102 1089 1089 1089 1135 1135 1135 1136 1136 1136 1129 1129 1129 1136 1136 1136 1130 1130 1130 1123 1123 1123 1136 1136 1136 1123 1123 1123 1129 1129 1129 1136 1136 1136 1135 1135 1135 1088 1088 1088 1129 1129 1129 1128 1128 1128 1137 1137 1137 1129 1129 1129 1138 1138 1138 1135 1135 1135 1099 1099 1099 1135 1135 1135 1138 1138 1138 1102 1102 1102 1098 1098 1098 1139 1139 1139 1102 1102 1102 1085 1085 1085 1089 1089 1089 1139 1139 1139 1097 1097 1097 1140 1140 1140 1085 1085 1085 1102 1102 1102 1139 1139 1139 1085 1085 1085 1082 1082 1082 1089 1089 1089 1085 1085 1085 1140 1140 1140 1080 1080 1080 1089 1089 1089 1088 1088 1088 1135 1135 1135 1088 1088 1088 1130 1130 1130 1136 1136 1136 1088 1088 1088 1087 1087 1087 1130 1130 1130 1107 1107 1107 1141 1141 1141 1103 1103 1103 1107 1107 1107 1106 1106 1106 1112 1112 1112 1107 1107 1107 1142 1142 1142 1141 1141 1141 1112 1112 1112 1132 1132 1132 1143 1143 1143 1112 1112 1112 1143 1143 1143 1096 1096 1096 1112 1112 1112 1101 1101 1101 1107 1107 1107 1132 1132 1132 1110 1110 1110 1083 1083 1083 1132 1132 1132 1112 1112 1112 1111 1111 1111 1143 1143 1143 1132 1132 1132 1080 1080 1080 1143 1143 1143 1080 1080 1080 1140 1140 1140 1143 1143 1143 1140 1140 1140 1096 1096 1096 1140 1140 1140 1085 1085 1085 1139 1139 1139 1140 1140 1140 1097 1097 1097 1096 1096 1096 1096 1096 1096 1093 1093 1093 1101 1101 1101 1097 1097 1097 1139 1139 1139 1098 1098 1098 1101 1101 1101 1112 1112 1112 1096 1096 1096 1101 1101 1101 1095 1095 1095 1142 1142 1142 1126 1126 1126 1123 1123 1123 1125 1125 1125 1134 1134 1134 1133 1133 1133 1108 1108 1108 1118 1118 1118 1113 1113 1113 1133 1133 1133 1137 1137 1137 1138 1138 1138 1129 1129 1129 1128 1128 1128 1123 1123 1123 1127 1127 1127 1100 1100 1100 1099 1099 1099 1138 1138 1138 1100 1100 1100 1138 1138 1138 1137 1137 1137 1142 1142 1142 1107 1107 1107 1101 1101 1101 1144 1144 1144 1145 1145 1145 1146 1146 1146 1144 1144 1144 1147 1147 1147 1148 1148 1148 1144 1144 1144 1149 1149 1149 1150 1150 1150 1144 1144 1144 1146 1146 1146 1151 1151 1151 1145 1145 1145 1144 1144 1144 1150 1150 1150 1145 1145 1145 1152 1152 1152 1153 1153 1153 1146 1146 1146 1154 1154 1154 1151 1151 1151 1150 1150 1150 1155 1155 1155 1145 1145 1145 1150 1150 1150 1149 1149 1149 1156 1156 1156 1157 1157 1157 1158 1158 1158 1159 1159 1159 1157 1157 1157 1160 1160 1160 1161 1161 1161 1158 1158 1158 1162 1162 1162 1163 1163 1163 1158 1158 1158 1157 1157 1157 1164 1164 1164 1158 1158 1158 1164 1164 1164 1162 1162 1162 1159 1159 1159 1165 1165 1165 1157 1157 1157 1164 1164 1164 1157 1157 1157 1161 1161 1161 1166 1166 1166 1167 1167 1167 1168 1168 1168 1166 1166 1166 1169 1169 1169 1167 1167 1167 1169 1169 1169 1170 1170 1170 1167 1167 1167 1167 1167 1167 1170 1170 1170 1171 1171 1171 1167 1167 1167 1171 1171 1171 1172 1172 1172 1168 1168 1168 1167 1167 1167 1172 1172 1172 1168 1168 1168 1173 1173 1173 1166 1166 1166 1174 1174 1174 1175 1175 1175 1176 1176 1176 1174 1174 1174 1177 1177 1177 1178 1178 1178 1174 1174 1174 1179 1179 1179 1180 1180 1180 1175 1175 1175 1174 1174 1174 1180 1180 1180 1176 1176 1176 1181 1181 1181 1182 1182 1182 1176 1176 1176 1175 1175 1175 1181 1181 1181 1176 1176 1176 1182 1182 1182 1183 1183 1183 1184 1184 1184 1181 1181 1181 1185 1185 1185 1184 1184 1184 1186 1186 1186 1187 1187 1187 1184 1184 1184 1188 1188 1188 1189 1189 1189 1184 1184 1184 1183 1183 1183 1182 1182 1182 1186 1186 1186 1190 1190 1190 1191 1191 1191 1186 1186 1186 1184 1184 1184 1189 1189 1189 1187 1187 1187 1154 1154 1154 1183 1183 1183 1187 1187 1187 1151 1151 1151 1154 1154 1154 1189 1189 1189 1192 1192 1192 1193 1193 1193 1189 1189 1189 1193 1193 1193 1190 1190 1190 1151 1151 1151 1187 1187 1187 1186 1186 1186 1151 1151 1151 1191 1191 1191 1144 1144 1144 1154 1154 1154 1146 1146 1146 1194 1194 1194 1194 1194 1194 1183 1183 1183 1154 1154 1154 1183 1183 1183 1194 1194 1194 1177 1177 1177 1183 1183 1183 1184 1184 1184 1187 1187 1187 1177 1177 1177 1174 1174 1174 1176 1176 1176 1177 1177 1177 1176 1176 1176 1183 1183 1183 1152 1152 1152 1171 1171 1171 1195 1195 1195 1152 1152 1152 1145 1145 1145 1155 1155 1155 1153 1153 1153 1195 1195 1195 1178 1178 1178 1153 1153 1153 1146 1146 1146 1145 1145 1145 1153 1153 1153 1194 1194 1194 1146 1146 1146 1155 1155 1155 1150 1150 1150 1196 1196 1196 1155 1155 1155 1171 1171 1171 1152 1152 1152 1171 1171 1171 1155 1155 1155 1172 1172 1172 1171 1171 1171 1170 1170 1170 1195 1195 1195 1172 1172 1172 1196 1196 1196 1197 1197 1197 1172 1172 1172 1197 1197 1197 1168 1168 1168 1170 1170 1170 1198 1198 1198 1195 1195 1195 1170 1170 1170 1169 1169 1169 1199 1199 1199 1195 1195 1195 1153 1153 1153 1152 1152 1152 1198 1198 1198 1178 1178 1178 1195 1195 1195 1198 1198 1198 1199 1199 1199 1179 1179 1179 1178 1178 1178 1198 1198 1198 1174 1174 1174 1178 1178 1178 1177 1177 1177 1194 1194 1194 1178 1178 1178 1194 1194 1194 1153 1153 1153 1200 1200 1200 1162 1162 1162 1201 1201 1201 1200 1200 1200 1190 1190 1190 1193 1193 1193 1200 1200 1200 1201 1201 1201 1147 1147 1147 1190 1190 1190 1147 1147 1147 1191 1191 1191 1190 1190 1190 1186 1186 1186 1189 1189 1189 1193 1193 1193 1202 1202 1202 1200 1200 1200 1193 1193 1193 1192 1192 1192 1203 1203 1203 1162 1162 1162 1200 1200 1200 1202 1202 1202 1162 1162 1162 1204 1204 1204 1201 1201 1201 1201 1201 1201 1148 1148 1148 1147 1147 1147 1204 1204 1204 1162 1162 1162 1164 1164 1164 1148 1148 1148 1161 1161 1161 1149 1149 1149 1148 1148 1148 1201 1201 1201 1204 1204 1204 1147 1147 1147 1190 1190 1190 1200 1200 1200 1191 1191 1191 1151 1151 1151 1186 1186 1186 1191 1191 1191 1147 1147 1147 1144 1144 1144 1205 1205 1205 1160 1160 1160 1165 1165 1165 1205 1205 1205 1197 1197 1197 1206 1206 1206 1197 1197 1197 1205 1205 1205 1168 1168 1168 1206 1206 1206 1156 1156 1156 1160 1160 1160 1206 1206 1206 1197 1197 1197 1156 1156 1156 1196 1196 1196 1172 1172 1172 1155 1155 1155 1196 1196 1196 1156 1156 1156 1197 1197 1197 1156 1156 1156 1149 1149 1149 1160 1160 1160 1156 1156 1156 1196 1196 1196 1150 1150 1150 1149 1149 1149 1144 1144 1144 1148 1148 1148 1149 1149 1149 1161 1161 1161 1160 1160 1160 1160 1160 1160 1157 1157 1157 1165 1165 1165 1160 1160 1160 1205 1205 1205 1206 1206 1206 1161 1161 1161 1148 1148 1148 1204 1204 1204 1161 1161 1161 1204 1204 1204 1164 1164 1164 1165 1165 1165 1207 1207 1207 1173 1173 1173 1165 1165 1165 1159 1159 1159 1207 1207 1207 1188 1188 1188 1184 1184 1184 1185 1185 1185 1181 1181 1181 1184 1184 1184 1182 1182 1182 1199 1199 1199 1198 1198 1198 1170 1170 1170 1179 1179 1179 1174 1174 1174 1198 1198 1198 1203 1203 1203 1202 1202 1202 1193 1193 1193 1192 1192 1192 1189 1189 1189 1188 1188 1188 1163 1163 1163 1202 1202 1202 1203 1203 1203 1163 1163 1163 1162 1162 1162 1202 1202 1202 1173 1173 1173 1205 1205 1205 1165 1165 1165 1173 1173 1173 1168 1168 1168 1205 1205 1205 1208 1208 1208 1209 1209 1209 1210 1210 1210 1208 1208 1208 1211 1211 1211 1209 1209 1209 1208 1208 1208 1210 1210 1210 1212 1212 1212 1209 1209 1209 1213 1213 1213 1214 1214 1214 1209 1209 1209 1215 1215 1215 1213 1213 1213 1210 1210 1210 1216 1216 1216 1212 1212 1212 1210 1210 1210 1217 1217 1217 1218 1218 1218 1210 1210 1210 1209 1209 1209 1214 1214 1214 1214 1214 1214 1213 1213 1213 1219 1219 1219 1220 1220 1220 1221 1221 1221 1222 1222 1222 1220 1220 1220 1223 1223 1223 1224 1224 1224 1220 1220 1220 1224 1224 1224 1225 1225 1225 1224 1224 1224 1223 1223 1223 1226 1226 1226 1224 1224 1224 1227 1227 1227 1228 1228 1228 1225 1225 1225 1216 1216 1216 1218 1218 1218 1225 1225 1225 1224 1224 1224 1228 1228 1228 1228 1228 1228 1227 1227 1227 1229 1229 1229 1228 1228 1228 1230 1230 1230 1225 1225 1225 1211 1211 1211 1231 1231 1231 1232 1232 1232 1211 1211 1211 1208 1208 1208 1233 1233 1233 1231 1231 1231 1211 1211 1211 1233 1233 1233 1231 1231 1231 1233 1233 1233 1234 1234 1234 1232 1232 1232 1231 1231 1231 1235 1235 1235 1232 1232 1232 1236 1236 1236 1237 1237 1237 1233 1233 1233 1208 1208 1208 1238 1238 1238 1233 1233 1233 1239 1239 1239 1234 1234 1234 1233 1233 1233 1238 1238 1238 1240 1240 1240 1241 1241 1241 1242 1242 1242 1235 1235 1235 1242 1242 1242 1241 1241 1241 1243 1243 1243 1235 1235 1235 1242 1242 1242 1232 1232 1232 1235 1235 1235 1221 1221 1221 1241 1241 1241 1243 1243 1243 1236 1236 1236 1242 1242 1242 1243 1243 1243 1241 1241 1241 1244 1244 1244 1219 1219 1219 1217 1217 1217 1214 1214 1214 1245 1245 1245 1246 1246 1246 1247 1247 1247 1246 1246 1246 1245 1245 1245 1248 1248 1248 1247 1247 1247 1249 1249 1249 1245 1245 1245 1248 1248 1248 1245 1245 1245 1239 1239 1239 1248 1248 1248 1250 1250 1250 1246 1246 1246 1236 1236 1236 1232 1232 1232 1242 1242 1242 1236 1236 1236 1243 1243 1243 1251 1251 1251 1251 1251 1251 1243 1243 1243 1252 1252 1252 1215 1215 1215 1209 1209 1209 1211 1211 1211 1215 1215 1215 1211 1211 1211 1232 1232 1232 1215 1215 1215 1232 1232 1232 1237 1237 1237 1252 1252 1252 1253 1253 1253 1251 1251 1251 1252 1252 1252 1254 1254 1254 1253 1253 1253 1254 1254 1254 1252 1252 1252 1217 1217 1217 1217 1217 1217 1219 1219 1219 1254 1254 1254 1217 1217 1217 1210 1210 1210 1214 1214 1214 1255 1255 1255 1249 1249 1249 1256 1256 1256 1249 1249 1249 1247 1247 1247 1257 1257 1257 1249 1249 1249 1258 1258 1258 1234 1234 1234 1256 1256 1256 1249 1249 1249 1257 1257 1257 1256 1256 1256 1259 1259 1259 1260 1260 1260 1256 1256 1256 1261 1261 1261 1255 1255 1255 1257 1257 1257 1262 1262 1262 1259 1259 1259 1263 1263 1263 1264 1264 1264 1265 1265 1265 1263 1263 1263 1265 1265 1265 1266 1266 1266 1264 1264 1264 1267 1267 1267 1265 1265 1265 1264 1264 1264 1263 1263 1263 1261 1261 1261 1261 1261 1261 1256 1256 1256 1264 1264 1264 1266 1266 1266 1268 1268 1268 1263 1263 1263 1266 1266 1266 1269 1269 1269 1268 1268 1268 1269 1269 1269 1266 1266 1266 1270 1270 1270 1269 1269 1269 1271 1271 1271 1268 1268 1268 1268 1268 1268 1271 1271 1271 1263 1263 1263 1270 1270 1270 1272 1272 1272 1269 1269 1269 1270 1270 1270 1267 1267 1267 1273 1273 1273 1234 1234 1234 1258 1258 1258 1274 1274 1274 1234 1234 1234 1274 1274 1274 1231 1231 1231 1234 1234 1234 1239 1239 1239 1245 1245 1245 1234 1234 1234 1245 1245 1245 1249 1249 1249 1258 1258 1258 1249 1249 1249 1255 1255 1255 1258 1258 1258 1255 1255 1255 1261 1261 1261 1258 1258 1258 1261 1261 1261 1271 1271 1271 1274 1274 1274 1272 1272 1272 1231 1231 1231 1271 1271 1271 1274 1274 1274 1258 1258 1258 1271 1271 1271 1269 1269 1269 1274 1274 1274 1271 1271 1271 1261 1261 1261 1263 1263 1263 1275 1275 1275 1270 1270 1270 1273 1273 1273 1275 1275 1275 1223 1223 1223 1222 1222 1222 1275 1275 1275 1273 1273 1273 1276 1276 1276 1275 1275 1275 1221 1221 1221 1270 1270 1270 1223 1223 1223 1275 1275 1275 1277 1277 1277 1223 1223 1223 1277 1277 1277 1278 1278 1278 1223 1223 1223 1220 1220 1220 1222 1222 1222 1277 1277 1277 1279 1279 1279 1278 1278 1278 1277 1277 1277 1275 1275 1275 1276 1276 1276 1212 1212 1212 1280 1280 1280 1281 1281 1281 1212 1212 1212 1281 1281 1281 1238 1238 1238 1212 1212 1212 1238 1238 1238 1208 1208 1208 1281 1281 1281 1280 1280 1280 1282 1282 1282 1283 1283 1283 1238 1238 1238 1281 1281 1281 1283 1283 1283 1240 1240 1240 1238 1238 1238 1283 1283 1283 1281 1281 1281 1282 1282 1282 1283 1283 1283 1284 1284 1284 1285 1285 1285 1272 1272 1272 1274 1274 1274 1269 1269 1269 1272 1272 1272 1235 1235 1235 1231 1231 1231 1272 1272 1272 1270 1270 1270 1221 1221 1221 1221 1221 1221 1275 1275 1275 1222 1222 1222 1221 1221 1221 1235 1235 1235 1272 1272 1272 1221 1221 1221 1244 1244 1244 1241 1241 1241 1240 1240 1240 1283 1283 1283 1285 1285 1285 1240 1240 1240 1286 1286 1286 1239 1239 1239 1286 1286 1286 1240 1240 1240 1285 1285 1285 1286 1286 1286 1287 1287 1287 1248 1248 1248 1239 1239 1239 1233 1233 1233 1240 1240 1240 1239 1239 1239 1286 1286 1286 1248 1248 1248 1285 1285 1285 1287 1287 1287 1286 1286 1286 1288 1288 1288 1226 1226 1226 1278 1278 1278 1226 1226 1226 1223 1223 1223 1278 1278 1278 1226 1226 1226 1288 1288 1288 1227 1227 1227 1278 1278 1278 1289 1289 1289 1288 1288 1288 1227 1227 1227 1224 1224 1224 1226 1226 1226 1273 1273 1273 1260 1260 1260 1259 1259 1259 1260 1260 1260 1264 1264 1264 1256 1256 1256 1260 1260 1260 1273 1273 1273 1267 1267 1267 1259 1259 1259 1276 1276 1276 1273 1273 1273 1259 1259 1259 1256 1256 1256 1257 1257 1257 1267 1267 1267 1264 1264 1264 1260 1260 1260 1267 1267 1267 1270 1270 1270 1266 1266 1266 1267 1267 1267 1266 1266 1266 1265 1265 1265 1230 1230 1230 1228 1228 1228 1229 1229 1229 1230 1230 1230 1229 1229 1229 1290 1290 1290 1290 1290 1290 1289 1289 1289 1262 1262 1262 1290 1290 1290 1216 1216 1216 1230 1230 1230 1291 1291 1291 1288 1288 1288 1289 1289 1289 1291 1291 1291 1290 1290 1290 1229 1229 1229 1291 1291 1291 1229 1229 1229 1227 1227 1227 1291 1291 1291 1227 1227 1227 1288 1288 1288 1262 1262 1262 1257 1257 1257 1292 1292 1292 1262 1262 1262 1279 1279 1279 1276 1276 1276 1279 1279 1279 1262 1262 1262 1289 1289 1289 1276 1276 1276 1259 1259 1259 1262 1262 1262 1276 1276 1276 1279 1279 1279 1277 1277 1277 1289 1289 1289 1290 1290 1290 1291 1291 1291 1289 1289 1289 1278 1278 1278 1279 1279 1279 1292 1292 1292 1280 1280 1280 1216 1216 1216 1292 1292 1292 1290 1290 1290 1262 1262 1262 1292 1292 1292 1257 1257 1257 1247 1247 1247 1280 1280 1280 1212 1212 1212 1216 1216 1216 1280 1280 1280 1292 1292 1292 1293 1293 1293 1216 1216 1216 1290 1290 1290 1292 1292 1292 1216 1216 1216 1210 1210 1210 1218 1218 1218 1216 1216 1216 1225 1225 1225 1230 1230 1230 1293 1293 1293 1246 1246 1246 1250 1250 1250 1293 1293 1293 1250 1250 1250 1280 1280 1280 1293 1293 1293 1247 1247 1247 1246 1246 1246 1293 1293 1293 1292 1292 1292 1247 1247 1247 1284 1284 1284 1283 1283 1283 1282 1282 1282 1284 1284 1284 1282 1282 1282 1287 1287 1287 1287 1287 1287 1285 1285 1285 1284 1284 1284 1218 1218 1218 1217 1217 1217 1244 1244 1244 1218 1218 1218 1220 1220 1220 1225 1225 1225 1218 1218 1218 1244 1244 1244 1220 1220 1220 1244 1244 1244 1217 1217 1217 1252 1252 1252 1244 1244 1244 1221 1221 1221 1220 1220 1220 1244 1244 1244 1252 1252 1252 1243 1243 1243 1250 1250 1250 1248 1248 1248 1287 1287 1287 1294 1294 1294 1295 1295 1295 1296 1296 1296 1294 1294 1294 1297 1297 1297 1295 1295 1295 1294 1294 1294 1298 1298 1298 1299 1299 1299 1298 1298 1298 1300 1300 1300 1301 1301 1301 1298 1298 1298 1294 1294 1294 1302 1302 1302 1299 1299 1299 1303 1303 1303 1294 1294 1294 1299 1299 1299 1301 1301 1301 1304 1304 1304 1302 1302 1302 1305 1305 1305 1300 1300 1300 1302 1302 1302 1296 1296 1296 1306 1306 1306 1307 1307 1307 1308 1308 1308 1295 1295 1295 1307 1307 1307 1309 1309 1309 1310 1310 1310 1307 1307 1307 1311 1311 1311 1309 1309 1309 1308 1308 1308 1310 1310 1310 1312 1312 1312 1295 1295 1295 1313 1313 1313 1307 1307 1307 1295 1295 1295 1297 1297 1297 1314 1314 1314 1295 1295 1295 1308 1308 1308 1296 1296 1296 1313 1313 1313 1315 1315 1315 1311 1311 1311 1313 1313 1313 1314 1314 1314 1315 1315 1315 1304 1304 1304 1316 1316 1316 1317 1317 1317 1304 1304 1304 1317 1317 1317 1318 1318 1318 1304 1304 1304 1318 1318 1318 1299 1299 1299 1304 1304 1304 1319 1319 1319 1320 1320 1320 1304 1304 1304 1301 1301 1301 1319 1319 1319 1301 1301 1301 1299 1299 1299 1298 1298 1298 1301 1301 1301 1321 1321 1321 1319 1319 1319 1319 1319 1319 1321 1321 1321 1322 1322 1322 1320 1320 1320 1319 1319 1319 1323 1323 1323 1322 1322 1322 1324 1324 1324 1323 1323 1323 1322 1322 1322 1323 1323 1323 1319 1319 1319 1324 1324 1324 1322 1322 1322 1325 1325 1325 1324 1324 1324 1326 1326 1326 1327 1327 1327 1323 1323 1323 1328 1328 1328 1329 1329 1329 1325 1325 1325 1330 1330 1330 1331 1331 1331 1300 1300 1300 1298 1298 1298 1302 1302 1302 1305 1305 1305 1306 1306 1306 1332 1332 1332 1333 1333 1333 1334 1334 1334 1316 1316 1316 1333 1333 1333 1335 1335 1335 1334 1334 1334 1335 1335 1335 1336 1336 1336 1337 1337 1337 1335 1335 1335 1333 1333 1333 1336 1336 1336 1334 1334 1334 1338 1338 1338 1339 1339 1339 1336 1336 1336 1340 1340 1340 1341 1341 1341 1330 1330 1330 1322 1322 1322 1321 1321 1321 1330 1330 1330 1325 1325 1325 1322 1322 1322 1331 1331 1331 1326 1326 1326 1325 1325 1325 1321 1321 1321 1301 1301 1301 1342 1342 1342 1342 1342 1342 1301 1301 1301 1300 1300 1300 1343 1343 1343 1306 1306 1306 1326 1326 1326 1306 1306 1306 1343 1343 1343 1332 1332 1332 1306 1306 1306 1305 1305 1305 1302 1302 1302 1326 1326 1326 1296 1296 1296 1327 1327 1327 1326 1326 1326 1331 1331 1331 1343 1343 1343 1326 1326 1326 1324 1324 1324 1325 1325 1325 1344 1344 1344 1345 1345 1345 1346 1346 1346 1344 1344 1344 1341 1341 1341 1340 1340 1340 1341 1341 1341 1347 1347 1347 1336 1336 1336 1341 1341 1341 1348 1348 1348 1347 1347 1347 1341 1341 1341 1349 1349 1349 1350 1350 1350 1341 1341 1341 1344 1344 1344 1349 1349 1349 1340 1340 1340 1336 1336 1336 1333 1333 1333 1349 1349 1349 1351 1351 1351 1352 1352 1352 1353 1353 1353 1351 1351 1351 1354 1354 1354 1351 1351 1351 1349 1349 1349 1344 1344 1344 1351 1351 1351 1353 1353 1353 1352 1352 1352 1354 1354 1354 1355 1355 1355 1353 1353 1353 1352 1352 1352 1356 1356 1356 1357 1357 1357 1358 1358 1358 1359 1359 1359 1360 1360 1360 1358 1358 1358 1355 1355 1355 1361 1361 1361 1355 1355 1355 1358 1358 1358 1362 1362 1362 1355 1355 1355 1362 1362 1362 1356 1356 1356 1355 1355 1355 1354 1354 1354 1361 1361 1361 1361 1361 1361 1354 1354 1354 1359 1359 1359 1362 1362 1362 1329 1329 1329 1328 1328 1328 1362 1362 1362 1328 1328 1328 1363 1363 1363 1346 1346 1346 1345 1345 1345 1360 1360 1360 1346 1346 1346 1359 1359 1359 1351 1351 1351 1346 1346 1346 1360 1360 1360 1359 1359 1359 1346 1346 1346 1351 1351 1351 1344 1344 1344 1360 1360 1360 1329 1329 1329 1358 1358 1358 1359 1359 1359 1354 1354 1354 1351 1351 1351 1359 1359 1359 1358 1358 1358 1361 1361 1361 1345 1345 1345 1340 1340 1340 1333 1333 1333 1345 1345 1345 1320 1320 1320 1360 1360 1360 1345 1345 1345 1344 1344 1344 1340 1340 1340 1345 1345 1345 1304 1304 1304 1320 1320 1320 1363 1363 1363 1364 1364 1364 1365 1365 1365 1363 1363 1363 1310 1310 1310 1364 1364 1364 1310 1310 1310 1308 1308 1308 1307 1307 1307 1310 1310 1310 1309 1309 1309 1366 1366 1366 1310 1310 1310 1363 1363 1363 1312 1312 1312 1364 1364 1364 1366 1366 1366 1367 1367 1367 1364 1364 1364 1310 1310 1310 1366 1366 1366 1312 1312 1312 1327 1327 1327 1308 1308 1308 1368 1368 1368 1369 1369 1369 1370 1370 1370 1368 1368 1368 1303 1303 1303 1318 1318 1318 1303 1303 1303 1370 1370 1370 1297 1297 1297 1318 1318 1318 1303 1303 1303 1299 1299 1299 1318 1318 1318 1371 1371 1371 1368 1368 1368 1371 1371 1371 1369 1369 1369 1368 1368 1368 1371 1371 1371 1372 1372 1372 1373 1373 1373 1371 1371 1371 1317 1317 1317 1372 1372 1372 1329 1329 1329 1360 1360 1360 1320 1320 1320 1329 1329 1329 1320 1320 1320 1323 1323 1323 1329 1329 1329 1362 1362 1362 1358 1358 1358 1328 1328 1328 1312 1312 1312 1363 1363 1363 1328 1328 1328 1327 1327 1327 1312 1312 1312 1328 1328 1328 1323 1323 1323 1324 1324 1324 1317 1317 1317 1371 1371 1371 1318 1318 1318 1317 1317 1317 1374 1374 1374 1372 1372 1372 1374 1374 1374 1334 1334 1334 1339 1339 1339 1374 1374 1374 1317 1317 1317 1316 1316 1316 1372 1372 1372 1339 1339 1339 1373 1373 1373 1316 1316 1316 1334 1334 1334 1374 1374 1374 1316 1316 1316 1304 1304 1304 1345 1345 1345 1316 1316 1316 1345 1345 1345 1333 1333 1333 1375 1375 1375 1309 1309 1309 1311 1311 1311 1309 1309 1309 1375 1375 1375 1366 1366 1366 1311 1311 1311 1315 1315 1315 1376 1376 1376 1311 1311 1311 1307 1307 1307 1313 1313 1313 1366 1366 1366 1377 1377 1377 1367 1367 1367 1378 1378 1378 1362 1362 1362 1363 1363 1363 1378 1378 1378 1357 1357 1357 1356 1356 1356 1378 1378 1378 1356 1356 1356 1362 1362 1362 1357 1357 1357 1378 1378 1378 1350 1350 1350 1357 1357 1357 1350 1350 1350 1349 1349 1349 1357 1357 1357 1349 1349 1349 1352 1352 1352 1356 1356 1356 1352 1352 1352 1353 1353 1353 1356 1356 1356 1353 1353 1353 1355 1355 1355 1350 1350 1350 1379 1379 1379 1341 1341 1341 1350 1350 1350 1365 1365 1365 1379 1379 1379 1314 1314 1314 1313 1313 1313 1295 1295 1295 1314 1314 1314 1376 1376 1376 1315 1315 1315 1376 1376 1376 1377 1377 1377 1375 1375 1375 1376 1376 1376 1348 1348 1348 1377 1377 1377 1376 1376 1376 1375 1375 1375 1311 1311 1311 1376 1376 1376 1314 1314 1314 1348 1348 1348 1348 1348 1348 1341 1341 1341 1379 1379 1379 1379 1379 1379 1367 1367 1367 1377 1377 1377 1379 1379 1379 1377 1377 1377 1348 1348 1348 1367 1367 1367 1379 1379 1379 1365 1365 1365 1367 1367 1367 1365 1365 1365 1364 1364 1364 1377 1377 1377 1366 1366 1366 1375 1375 1375 1365 1365 1365 1378 1378 1378 1363 1363 1363 1365 1365 1365 1350 1350 1350 1378 1378 1378 1370 1370 1370 1369 1369 1369 1337 1337 1337 1370 1370 1370 1347 1347 1347 1297 1297 1297 1370 1370 1370 1303 1303 1303 1368 1368 1368 1347 1347 1347 1370 1370 1370 1337 1337 1337 1347 1347 1347 1348 1348 1348 1314 1314 1314 1297 1297 1297 1294 1294 1294 1303 1303 1303 1297 1297 1297 1347 1347 1347 1314 1314 1314 1337 1337 1337 1336 1336 1336 1347 1347 1347 1337 1337 1337 1338 1338 1338 1335 1335 1335 1369 1369 1369 1373 1373 1373 1380 1380 1380 1373 1373 1373 1369 1369 1369 1371 1371 1371 1296 1296 1296 1302 1302 1302 1294 1294 1294 1296 1296 1296 1326 1326 1326 1306 1306 1306 1327 1327 1327 1296 1296 1296 1308 1308 1308 1327 1327 1327 1328 1328 1328 1324 1324 1324 1338 1338 1338 1334 1334 1334 1335 1335 1335 1339 1339 1339 1372 1372 1372 1374 1374 1374 1381 1381 1381 1382 1382 1382 1383 1383 1383 1381 1381 1381 1384 1384 1384 1385 1385 1385 1382 1382 1382 1386 1386 1386 1383 1383 1383 1382 1382 1382 1387 1387 1387 1388 1388 1388 1382 1382 1382 1388 1388 1388 1389 1389 1389 1382 1382 1382 1389 1389 1389 1390 1390 1390 1383 1383 1383 1391 1391 1391 1381 1381 1381 1387 1387 1387 1382 1382 1382 1381 1381 1381 1387 1387 1387 1385 1385 1385 1392 1392 1392 1387 1387 1387 1393 1393 1393 1388 1388 1388 1394 1394 1394 1395 1395 1395 1396 1396 1396 1394 1394 1394 1397 1397 1397 1398 1398 1398 1394 1394 1394 1399 1399 1399 1397 1397 1397 1395 1395 1395 1394 1394 1394 1398 1398 1398 1395 1395 1395 1400 1400 1400 1401 1401 1401 1395 1395 1395 1402 1402 1402 1400 1400 1400 1395 1395 1395 1398 1398 1398 1402 1402 1402 1395 1395 1395 1403 1403 1403 1396 1396 1396 1396 1396 1396 1404 1404 1404 1394 1394 1394 1398 1398 1398 1405 1405 1405 1402 1402 1402 1406 1406 1406 1407 1407 1407 1408 1408 1408 1406 1406 1406 1409 1409 1409 1410 1410 1410 1406 1406 1406 1411 1411 1411 1412 1412 1412 1407 1407 1407 1406 1406 1406 1410 1410 1410 1407 1407 1407 1413 1413 1413 1414 1414 1414 1408 1408 1408 1407 1407 1407 1414 1414 1414 1408 1408 1408 1415 1415 1415 1416 1416 1416 1408 1408 1408 1414 1414 1414 1415 1415 1415 1410 1410 1410 1417 1417 1417 1407 1407 1407 1410 1410 1410 1418 1418 1418 1419 1419 1419 1420 1420 1420 1421 1421 1421 1422 1422 1422 1420 1420 1420 1423 1423 1423 1424 1424 1424 1420 1420 1420 1425 1425 1425 1421 1421 1421 1425 1425 1425 1420 1420 1420 1424 1424 1424 1425 1425 1425 1426 1426 1426 1427 1427 1427 1421 1421 1421 1427 1427 1427 1428 1428 1428 1421 1421 1421 1425 1425 1425 1427 1427 1427 1421 1421 1421 1428 1428 1428 1429 1429 1429 1424 1424 1424 1430 1430 1430 1431 1431 1431 1424 1424 1424 1432 1432 1432 1425 1425 1425 1433 1433 1433 1434 1434 1434 1435 1435 1435 1433 1433 1433 1393 1393 1393 1416 1416 1416 1434 1434 1434 1433 1433 1433 1436 1436 1436 1434 1434 1434 1437 1437 1437 1438 1438 1438 1435 1435 1435 1393 1393 1393 1433 1433 1433 1436 1436 1436 1414 1414 1414 1437 1437 1437 1436 1436 1436 1416 1416 1416 1415 1415 1415 1393 1393 1393 1387 1387 1387 1392 1392 1392 1393 1393 1393 1411 1411 1411 1416 1416 1416 1393 1393 1393 1435 1435 1435 1388 1388 1388 1392 1392 1392 1412 1412 1412 1411 1411 1411 1411 1411 1411 1393 1393 1393 1392 1392 1392 1411 1411 1411 1406 1406 1406 1408 1408 1408 1411 1411 1411 1408 1408 1408 1416 1416 1416 1416 1416 1416 1436 1436 1436 1433 1433 1433 1384 1384 1384 1381 1381 1381 1391 1391 1391 1384 1384 1384 1439 1439 1439 1440 1440 1440 1391 1391 1391 1383 1383 1383 1441 1441 1441 1391 1391 1391 1439 1439 1439 1384 1384 1384 1391 1391 1391 1441 1441 1441 1442 1442 1442 1385 1385 1385 1387 1387 1387 1381 1381 1381 1439 1439 1439 1391 1391 1391 1443 1443 1443 1439 1439 1439 1444 1444 1444 1440 1440 1440 1439 1439 1439 1445 1445 1445 1446 1446 1446 1439 1439 1439 1443 1443 1443 1447 1447 1447 1443 1443 1443 1448 1448 1448 1449 1449 1449 1446 1446 1446 1450 1450 1450 1451 1451 1451 1450 1450 1450 1452 1452 1452 1453 1453 1453 1450 1450 1450 1446 1446 1446 1454 1454 1454 1451 1451 1451 1444 1444 1444 1446 1446 1446 1451 1451 1451 1450 1450 1450 1455 1455 1455 1454 1454 1454 1445 1445 1445 1456 1456 1456 1454 1454 1454 1452 1452 1452 1450 1450 1450 1454 1454 1454 1457 1457 1457 1458 1458 1458 1454 1454 1454 1446 1446 1446 1445 1445 1445 1445 1445 1445 1439 1439 1439 1447 1447 1447 1445 1445 1445 1459 1459 1459 1456 1456 1456 1455 1455 1455 1460 1460 1460 1451 1451 1451 1455 1455 1455 1461 1461 1461 1462 1462 1462 1455 1455 1455 1450 1450 1450 1463 1463 1463 1444 1444 1444 1451 1451 1451 1409 1409 1409 1444 1444 1444 1439 1439 1439 1446 1446 1446 1440 1440 1440 1412 1412 1412 1384 1384 1384 1440 1440 1440 1406 1406 1406 1412 1412 1412 1440 1440 1440 1444 1444 1444 1406 1406 1406 1412 1412 1412 1385 1385 1385 1384 1384 1384 1412 1412 1412 1392 1392 1392 1385 1385 1385 1464 1464 1464 1413 1413 1413 1429 1429 1429 1464 1464 1464 1438 1438 1438 1437 1437 1437 1438 1438 1438 1465 1465 1465 1466 1466 1466 1438 1438 1438 1464 1464 1464 1467 1467 1467 1437 1437 1437 1413 1413 1413 1464 1464 1464 1437 1437 1437 1434 1434 1434 1436 1436 1436 1467 1467 1467 1429 1429 1429 1428 1428 1428 1467 1467 1467 1427 1427 1427 1465 1465 1465 1413 1413 1413 1437 1437 1437 1414 1414 1414 1413 1413 1413 1422 1422 1422 1429 1429 1429 1414 1414 1414 1436 1436 1436 1415 1415 1415 1417 1417 1417 1419 1419 1419 1468 1468 1468 1417 1417 1417 1413 1413 1413 1407 1407 1407 1417 1417 1417 1410 1410 1410 1419 1419 1419 1422 1422 1422 1413 1413 1413 1417 1417 1417 1422 1422 1422 1421 1421 1421 1429 1429 1429 1429 1429 1429 1467 1467 1467 1464 1464 1464 1462 1462 1462 1469 1469 1469 1470 1470 1470 1462 1462 1462 1460 1460 1460 1455 1455 1455 1469 1469 1469 1462 1462 1462 1471 1471 1471 1469 1469 1469 1472 1472 1472 1473 1473 1473 1470 1470 1470 1474 1474 1474 1475 1475 1475 1474 1474 1474 1473 1473 1473 1476 1476 1476 1474 1474 1474 1470 1470 1470 1469 1469 1469 1474 1474 1474 1469 1469 1469 1473 1473 1473 1475 1475 1475 1474 1474 1474 1477 1477 1477 1475 1475 1475 1478 1478 1478 1470 1470 1470 1475 1475 1475 1430 1430 1430 1423 1423 1423 1477 1477 1477 1479 1479 1479 1480 1480 1480 1477 1477 1477 1474 1474 1474 1481 1481 1481 1460 1460 1460 1409 1409 1409 1451 1451 1451 1460 1460 1460 1482 1482 1482 1418 1418 1418 1460 1460 1460 1462 1462 1462 1470 1470 1470 1460 1460 1460 1478 1478 1478 1482 1482 1482 1478 1478 1478 1475 1475 1475 1423 1423 1423 1478 1478 1478 1460 1460 1460 1470 1470 1470 1482 1482 1482 1420 1420 1420 1468 1468 1468 1482 1482 1482 1478 1478 1478 1420 1420 1420 1468 1468 1468 1420 1420 1420 1422 1422 1422 1468 1468 1468 1419 1419 1419 1418 1418 1418 1468 1468 1468 1422 1422 1422 1417 1417 1417 1418 1418 1418 1410 1410 1410 1409 1409 1409 1418 1418 1418 1482 1482 1482 1468 1468 1468 1409 1409 1409 1460 1460 1460 1418 1418 1418 1409 1409 1409 1406 1406 1406 1444 1444 1444 1483 1483 1483 1484 1484 1484 1485 1485 1485 1483 1483 1483 1485 1485 1485 1486 1486 1486 1483 1483 1483 1402 1402 1402 1405 1405 1405 1483 1483 1483 1405 1405 1405 1390 1390 1390 1484 1484 1484 1483 1483 1483 1389 1389 1389 1484 1484 1484 1435 1435 1435 1434 1434 1434 1484 1484 1484 1434 1434 1434 1485 1485 1485 1485 1485 1485 1466 1466 1466 1487 1487 1487 1402 1402 1402 1483 1483 1483 1486 1486 1486 1405 1405 1405 1398 1398 1398 1488 1488 1488 1405 1405 1405 1489 1489 1489 1390 1390 1390 1489 1489 1489 1397 1397 1397 1386 1386 1386 1489 1489 1489 1405 1405 1405 1488 1488 1488 1489 1489 1489 1382 1382 1382 1390 1390 1390 1390 1390 1390 1389 1389 1389 1483 1483 1483 1389 1389 1389 1435 1435 1435 1484 1484 1484 1389 1389 1389 1388 1388 1388 1435 1435 1435 1490 1490 1490 1491 1491 1491 1492 1492 1492 1490 1490 1490 1493 1493 1493 1494 1494 1494 1491 1491 1491 1490 1490 1490 1495 1495 1495 1491 1491 1491 1496 1496 1496 1497 1497 1497 1491 1491 1491 1498 1498 1498 1492 1492 1492 1492 1492 1492 1499 1499 1499 1490 1490 1490 1492 1492 1492 1500 1500 1500 1501 1501 1501 1495 1495 1495 1494 1494 1494 1502 1502 1502 1495 1495 1495 1503 1503 1503 1491 1491 1491 1495 1495 1495 1504 1504 1504 1505 1505 1505 1441 1441 1441 1506 1506 1506 1442 1442 1442 1506 1506 1506 1441 1441 1441 1383 1383 1383 1506 1506 1506 1383 1383 1383 1386 1386 1386 1506 1506 1506 1386 1386 1386 1399 1399 1399 1442 1442 1442 1443 1443 1443 1391 1391 1391 1507 1507 1507 1506 1506 1506 1399 1399 1399 1507 1507 1507 1508 1508 1508 1509 1509 1509 1507 1507 1507 1510 1510 1510 1442 1442 1442 1507 1507 1507 1442 1442 1442 1506 1506 1506 1386 1386 1386 1397 1397 1397 1399 1399 1399 1386 1386 1386 1382 1382 1382 1489 1489 1489 1399 1399 1399 1508 1508 1508 1507 1507 1507 1399 1399 1399 1394 1394 1394 1404 1404 1404 1397 1397 1397 1488 1488 1488 1398 1398 1398 1397 1397 1397 1489 1489 1489 1488 1488 1488 1404 1404 1404 1511 1511 1511 1512 1512 1512 1404 1404 1404 1396 1396 1396 1511 1511 1511 1508 1508 1508 1513 1513 1513 1514 1514 1514 1508 1508 1508 1399 1399 1399 1404 1404 1404 1487 1487 1487 1466 1466 1466 1515 1515 1515 1487 1487 1487 1515 1515 1515 1400 1400 1400 1487 1487 1487 1486 1486 1486 1485 1485 1485 1466 1466 1466 1465 1465 1465 1515 1515 1515 1515 1515 1515 1427 1427 1427 1426 1426 1426 1515 1515 1515 1426 1426 1426 1401 1401 1401 1465 1465 1465 1438 1438 1438 1467 1467 1467 1427 1427 1427 1467 1467 1467 1428 1428 1428 1427 1427 1427 1515 1515 1515 1465 1465 1465 1426 1426 1426 1516 1516 1516 1401 1401 1401 1432 1432 1432 1426 1426 1426 1425 1425 1425 1432 1432 1432 1424 1424 1424 1431 1431 1431 1516 1516 1516 1431 1431 1431 1403 1403 1403 1516 1516 1516 1395 1395 1395 1401 1401 1401 1516 1516 1516 1426 1426 1426 1432 1432 1432 1401 1401 1401 1400 1400 1400 1515 1515 1515 1400 1400 1400 1486 1486 1486 1487 1487 1487 1400 1400 1400 1402 1402 1402 1486 1486 1486 1480 1480 1480 1513 1513 1513 1512 1512 1512 1480 1480 1480 1517 1517 1517 1477 1477 1477 1513 1513 1513 1518 1518 1518 1519 1519 1519 1513 1513 1513 1508 1508 1508 1512 1512 1512 1513 1513 1513 1520 1520 1520 1514 1514 1514 1513 1513 1513 1480 1480 1480 1521 1521 1521 1512 1512 1512 1508 1508 1508 1404 1404 1404 1512 1512 1512 1511 1511 1511 1522 1522 1522 1514 1514 1514 1509 1509 1509 1508 1508 1508 1514 1514 1514 1523 1523 1523 1524 1524 1524 1509 1509 1509 1525 1525 1525 1510 1510 1510 1509 1509 1509 1514 1514 1514 1524 1524 1524 1517 1517 1517 1522 1522 1522 1430 1430 1430 1517 1517 1517 1480 1480 1480 1512 1512 1512 1517 1517 1517 1475 1475 1475 1477 1477 1477 1517 1517 1517 1512 1512 1512 1522 1522 1522 1522 1522 1522 1511 1511 1511 1396 1396 1396 1522 1522 1522 1403 1403 1403 1430 1430 1430 1522 1522 1522 1396 1396 1396 1403 1403 1403 1403 1403 1403 1431 1431 1431 1430 1430 1430 1403 1403 1403 1395 1395 1395 1516 1516 1516 1430 1430 1430 1424 1424 1424 1423 1423 1423 1430 1430 1430 1475 1475 1475 1517 1517 1517 1431 1431 1431 1516 1516 1516 1432 1432 1432 1423 1423 1423 1420 1420 1420 1478 1478 1478 1510 1510 1510 1525 1525 1525 1526 1526 1526 1510 1510 1510 1507 1507 1507 1509 1509 1509 1447 1447 1447 1459 1459 1459 1445 1445 1445 1503 1503 1503 1495 1495 1495 1505 1505 1505 1527 1527 1527 1528 1528 1528 1529 1529 1529 1528 1528 1528 1530 1530 1530 1529 1529 1529 1528 1528 1528 1527 1527 1527 1531 1531 1531 1529 1529 1529 1532 1532 1532 1527 1527 1527 1529 1529 1529 1533 1533 1533 1534 1534 1534 1531 1531 1531 1535 1535 1535 1536 1536 1536 1448 1448 1448 1510 1510 1510 1526 1526 1526 1448 1448 1448 1443 1443 1443 1442 1442 1442 1448 1448 1448 1442 1442 1442 1510 1510 1510 1448 1448 1448 1537 1537 1537 1538 1538 1538 1449 1449 1449 1447 1447 1447 1443 1443 1443 1449 1449 1449 1539 1539 1539 1540 1540 1540 1449 1449 1449 1540 1540 1540 1541 1541 1541 1542 1542 1542 1543 1543 1543 1544 1544 1544 1542 1542 1542 1544 1544 1544 1545 1545 1545 1542 1542 1542 1546 1546 1546 1547 1547 1547 1542 1542 1542 1545 1545 1545 1548 1548 1548 1542 1542 1542 1548 1548 1548 1549 1549 1549 1544 1544 1544 1543 1543 1543 1550 1550 1550 1544 1544 1544 1551 1551 1551 1545 1545 1545 1538 1538 1538 1539 1539 1539 1449 1449 1449 1538 1538 1538 1449 1449 1449 1448 1448 1448 1499 1499 1499 1493 1493 1493 1490 1490 1490 1499 1499 1499 1492 1492 1492 1501 1501 1501 1499 1499 1499 1552 1552 1552 1493 1493 1493 1499 1499 1499 1553 1553 1553 1552 1552 1552 1501 1501 1501 1554 1554 1554 1555 1555 1555 1520 1520 1520 1513 1513 1513 1519 1519 1519 1556 1556 1556 1557 1557 1557 1558 1558 1558 1557 1557 1557 1559 1559 1559 1560 1560 1560 1557 1557 1557 1560 1560 1560 1561 1561 1561 1558 1558 1558 1562 1562 1562 1556 1556 1556 1559 1559 1559 1557 1557 1557 1556 1556 1556 1559 1559 1559 1563 1563 1563 1564 1564 1564 1560 1560 1560 1553 1553 1553 1555 1555 1555 1560 1560 1560 1559 1559 1559 1553 1553 1553 1565 1565 1565 1566 1566 1566 1567 1567 1567 1565 1565 1565 1568 1568 1568 1558 1558 1558 1568 1568 1568 1562 1562 1562 1558 1558 1558 1568 1568 1568 1569 1569 1569 1570 1570 1570 1568 1568 1568 1571 1571 1571 1572 1572 1572 1562 1562 1562 1568 1568 1568 1572 1572 1572 1562 1562 1562 1572 1572 1572 1573 1573 1573 1562 1562 1562 1574 1574 1574 1556 1556 1556 1569 1569 1569 1568 1568 1568 1565 1565 1565 1569 1569 1569 1567 1567 1567 1575 1575 1575 1569 1569 1569 1575 1575 1575 1576 1576 1576 1569 1569 1569 1576 1576 1576 1570 1570 1570 1570 1570 1570 1576 1576 1576 1577 1577 1577 1570 1570 1570 1577 1577 1577 1568 1568 1568 1578 1578 1578 1579 1579 1579 1580 1580 1580 1578 1578 1578 1572 1572 1572 1581 1581 1581 1578 1578 1578 1580 1580 1580 1582 1582 1582 1581 1581 1581 1571 1571 1571 1579 1579 1579 1573 1573 1573 1582 1582 1582 1583 1583 1583 1573 1573 1573 1572 1572 1572 1578 1578 1578 1584 1584 1584 1559 1559 1559 1556 1556 1556 1584 1584 1584 1574 1574 1574 1585 1585 1585 1563 1563 1563 1585 1585 1585 1586 1586 1586 1563 1563 1563 1559 1559 1559 1584 1584 1584 1587 1587 1587 1560 1560 1560 1588 1588 1588 1587 1587 1587 1554 1554 1554 1589 1589 1589 1587 1587 1587 1590 1590 1590 1561 1561 1561 1588 1588 1588 1555 1555 1555 1554 1554 1554 1561 1561 1561 1560 1560 1560 1587 1587 1587 1561 1561 1561 1591 1591 1591 1557 1557 1557 1571 1571 1571 1581 1581 1581 1572 1572 1572 1571 1571 1571 1568 1568 1568 1577 1577 1577 1577 1577 1577 1592 1592 1592 1571 1571 1571 1555 1555 1555 1499 1499 1499 1501 1501 1501 1555 1555 1555 1553 1553 1553 1499 1499 1499 1555 1555 1555 1588 1588 1588 1560 1560 1560 1553 1553 1553 1564 1564 1564 1552 1552 1552 1553 1553 1553 1559 1559 1559 1564 1564 1564 1543 1543 1543 1542 1542 1542 1547 1547 1547 1543 1543 1543 1593 1593 1593 1594 1594 1594 1547 1547 1547 1593 1593 1593 1543 1543 1543 1547 1547 1547 1595 1595 1595 1592 1592 1592 1593 1593 1593 1547 1547 1547 1592 1592 1592 1592 1592 1592 1579 1579 1579 1571 1571 1571 1592 1592 1592 1577 1577 1577 1593 1593 1593 1591 1591 1591 1558 1558 1558 1557 1557 1557 1591 1591 1591 1561 1561 1561 1590 1590 1590 1591 1591 1591 1566 1566 1566 1558 1558 1558 1566 1566 1566 1565 1565 1565 1558 1558 1558 1532 1532 1532 1529 1529 1529 1534 1534 1534 1532 1532 1532 1596 1596 1596 1527 1527 1527 1532 1532 1532 1597 1597 1597 1598 1598 1598 1534 1534 1534 1599 1599 1599 1600 1600 1600 1534 1534 1534 1597 1597 1597 1532 1532 1532 1597 1597 1597 1566 1566 1566 1591 1591 1591 1597 1597 1597 1600 1600 1600 1566 1566 1566 1597 1597 1597 1534 1534 1534 1600 1600 1600 1597 1597 1597 1590 1590 1590 1598 1598 1598 1600 1600 1600 1567 1567 1567 1566 1566 1566 1574 1574 1574 1584 1584 1584 1556 1556 1556 1574 1574 1574 1562 1562 1562 1583 1583 1583 1583 1583 1583 1601 1601 1601 1574 1574 1574 1583 1583 1583 1562 1562 1562 1573 1573 1573 1601 1601 1601 1583 1583 1583 1602 1602 1602 1601 1601 1601 1585 1585 1585 1574 1574 1574 1602 1602 1602 1603 1603 1603 1601 1601 1601 1602 1602 1602 1583 1583 1583 1582 1582 1582 1603 1603 1603 1604 1604 1604 1601 1601 1601 1603 1603 1603 1602 1602 1602 1605 1605 1605 1605 1605 1605 1606 1606 1606 1607 1607 1607 1605 1605 1605 1608 1608 1608 1603 1603 1603 1605 1605 1605 1602 1602 1602 1609 1609 1609 1608 1608 1608 1610 1610 1610 1603 1603 1603 1608 1608 1608 1611 1611 1611 1612 1612 1612 1608 1608 1608 1605 1605 1605 1607 1607 1607 1608 1608 1608 1607 1607 1607 1613 1613 1613 1608 1608 1608 1613 1613 1613 1614 1614 1614 1607 1607 1607 1615 1615 1615 1613 1613 1613 1452 1452 1452 1454 1454 1454 1458 1458 1458 1456 1456 1456 1616 1616 1616 1457 1457 1457 1541 1541 1541 1540 1540 1540 1616 1616 1616 1541 1541 1541 1616 1616 1616 1459 1459 1459 1541 1541 1541 1447 1447 1447 1449 1449 1449 1459 1459 1459 1447 1447 1447 1541 1541 1541 1463 1463 1463 1453 1453 1453 1617 1617 1617 1471 1471 1471 1617 1617 1617 1472 1472 1472 1471 1471 1471 1462 1462 1462 1461 1461 1461 1461 1461 1461 1455 1455 1455 1463 1463 1463 1479 1479 1479 1477 1477 1477 1481 1481 1481 1521 1521 1521 1480 1480 1480 1479 1479 1479 1521 1521 1521 1618 1618 1618 1518 1518 1518 1524 1524 1524 1619 1619 1619 1525 1525 1525 1525 1525 1525 1509 1509 1509 1524 1524 1524 1526 1526 1526 1619 1619 1619 1537 1537 1537 1616 1616 1616 1456 1456 1456 1459 1459 1459 1457 1457 1457 1454 1454 1454 1456 1456 1456 1472 1472 1472 1469 1469 1469 1471 1471 1471 1617 1617 1617 1461 1461 1461 1463 1463 1463 1617 1617 1617 1471 1471 1471 1461 1461 1461 1453 1453 1453 1463 1463 1463 1450 1450 1450 1518 1518 1518 1513 1513 1513 1521 1521 1521 1618 1618 1618 1481 1481 1481 1620 1620 1620 1618 1618 1618 1479 1479 1479 1481 1481 1481 1618 1618 1618 1521 1521 1521 1479 1479 1479 1620 1620 1620 1481 1481 1481 1474 1474 1474 1620 1620 1620 1474 1474 1474 1476 1476 1476 1537 1537 1537 1448 1448 1448 1526 1526 1526 1619 1619 1619 1526 1526 1526 1525 1525 1525 1619 1619 1619 1524 1524 1524 1523 1523 1523 1523 1523 1523 1514 1514 1514 1520 1520 1520 1552 1552 1552 1564 1564 1564 1563 1563 1563 1552 1552 1552 1563 1563 1563 1586 1586 1586 1586 1586 1586 1604 1604 1604 1621 1621 1621 1585 1585 1585 1601 1601 1601 1604 1604 1604 1585 1585 1585 1563 1563 1563 1584 1584 1584 1579 1579 1579 1578 1578 1578 1581 1581 1581 1579 1579 1579 1592 1592 1592 1595 1595 1595 1580 1580 1580 1622 1622 1622 1609 1609 1609 1580 1580 1580 1595 1595 1595 1622 1622 1622 1582 1582 1582 1573 1573 1573 1578 1578 1578 1582 1582 1582 1609 1609 1609 1602 1602 1602 1493 1493 1493 1552 1552 1552 1586 1586 1586 1493 1493 1493 1621 1621 1621 1494 1494 1494 1493 1493 1493 1586 1586 1586 1621 1621 1621 1621 1621 1621 1610 1610 1610 1623 1623 1623 1604 1604 1604 1586 1586 1586 1585 1585 1585 1604 1604 1604 1603 1603 1603 1610 1610 1610 1595 1595 1595 1580 1580 1580 1579 1579 1579 1595 1595 1595 1547 1547 1547 1546 1546 1546 1622 1622 1622 1624 1624 1624 1606 1606 1606 1622 1622 1622 1546 1546 1546 1624 1624 1624 1609 1609 1609 1582 1582 1582 1580 1580 1580 1609 1609 1609 1606 1606 1606 1605 1605 1605 1609 1609 1609 1622 1622 1622 1606 1606 1606 1494 1494 1494 1495 1495 1495 1490 1490 1490 1494 1494 1494 1621 1621 1621 1623 1623 1623 1623 1623 1623 1612 1612 1612 1625 1625 1625 1623 1623 1623 1502 1502 1502 1494 1494 1494 1610 1610 1610 1621 1621 1621 1604 1604 1604 1610 1610 1610 1608 1608 1608 1612 1612 1612 1546 1546 1546 1622 1622 1622 1595 1595 1595 1546 1546 1546 1542 1542 1542 1626 1626 1626 1624 1624 1624 1627 1627 1627 1628 1628 1628 1624 1624 1624 1626 1626 1626 1627 1627 1627 1606 1606 1606 1628 1628 1628 1607 1607 1607 1502 1502 1502 1623 1623 1623 1625 1625 1625 1625 1625 1625 1504 1504 1504 1502 1502 1502 1612 1612 1612 1623 1623 1623 1610 1610 1610 1612 1612 1612 1629 1629 1629 1625 1625 1625 1626 1626 1626 1549 1549 1549 1630 1630 1630 1626 1626 1626 1624 1624 1624 1546 1546 1546 1628 1628 1628 1606 1606 1606 1624 1624 1624 1628 1628 1628 1630 1630 1630 1615 1615 1615 1567 1567 1567 1569 1569 1569 1565 1565 1565 1567 1567 1567 1600 1600 1600 1599 1599 1599 1575 1575 1575 1631 1631 1631 1594 1594 1594 1575 1575 1575 1594 1594 1594 1576 1576 1576 1575 1575 1575 1599 1599 1599 1631 1631 1631 1576 1576 1576 1594 1594 1594 1593 1593 1593 1576 1576 1576 1593 1593 1593 1577 1577 1577 1599 1599 1599 1575 1575 1575 1567 1567 1567 1599 1599 1599 1534 1534 1534 1533 1533 1533 1631 1631 1631 1533 1533 1533 1632 1632 1632 1631 1631 1631 1550 1550 1550 1594 1594 1594 1594 1594 1594 1550 1550 1550 1543 1543 1543 1533 1533 1533 1529 1529 1529 1530 1530 1530 1533 1533 1533 1631 1631 1631 1599 1599 1599 1632 1632 1632 1530 1530 1530 1633 1633 1633 1632 1632 1632 1633 1633 1633 1634 1634 1634 1632 1632 1632 1550 1550 1550 1631 1631 1631 1550 1550 1550 1634 1634 1634 1544 1544 1544 1530 1530 1530 1632 1632 1632 1533 1533 1533 1530 1530 1530 1528 1528 1528 1635 1635 1635 1633 1633 1633 1635 1635 1635 1636 1636 1636 1634 1634 1634 1550 1550 1550 1632 1632 1632 1634 1634 1634 1636 1636 1636 1551 1551 1551 1554 1554 1554 1587 1587 1587 1588 1588 1588 1554 1554 1554 1501 1501 1501 1500 1500 1500 1589 1589 1589 1598 1598 1598 1590 1590 1590 1589 1589 1589 1500 1500 1500 1637 1637 1637 1590 1590 1590 1587 1587 1587 1589 1589 1589 1590 1590 1590 1597 1597 1597 1591 1591 1591 1500 1500 1500 1589 1589 1589 1554 1554 1554 1500 1500 1500 1492 1492 1492 1498 1498 1498 1637 1637 1637 1596 1596 1596 1598 1598 1598 1637 1637 1637 1498 1498 1498 1638 1638 1638 1598 1598 1598 1596 1596 1596 1532 1532 1532 1598 1598 1598 1589 1589 1589 1637 1637 1637 1498 1498 1498 1637 1637 1637 1500 1500 1500 1498 1498 1498 1491 1491 1491 1497 1497 1497 1638 1638 1638 1497 1497 1497 1639 1639 1639 1638 1638 1638 1639 1639 1639 1535 1535 1535 1596 1596 1596 1637 1637 1637 1638 1638 1638 1596 1596 1596 1535 1535 1535 1527 1527 1527 1497 1497 1497 1638 1638 1638 1498 1498 1498 1639 1639 1639 1496 1496 1496 1640 1640 1640 1639 1639 1639 1536 1536 1536 1535 1535 1535 1535 1535 1535 1531 1531 1531 1527 1527 1527 1535 1535 1535 1596 1596 1596 1638 1638 1638 1641 1641 1641 1642 1642 1642 1643 1643 1643 1642 1642 1642 1641 1641 1641 1644 1644 1644 1643 1643 1643 1645 1645 1645 1646 1646 1646 1643 1643 1643 1647 1647 1647 1645 1645 1645 1643 1643 1643 1646 1646 1646 1641 1641 1641 1644 1644 1644 1648 1648 1648 1649 1649 1649 1644 1644 1644 1649 1649 1649 1642 1642 1642 1648 1648 1648 1644 1644 1644 1650 1650 1650 1650 1650 1650 1651 1651 1651 1648 1648 1648 1651 1651 1651 1650 1650 1650 1652 1652 1652 1504 1504 1504 1625 1625 1625 1629 1629 1629 1504 1504 1504 1495 1495 1495 1502 1502 1502 1629 1629 1629 1612 1612 1612 1611 1611 1611 1611 1611 1611 1608 1608 1608 1614 1614 1614 1536 1536 1536 1639 1639 1639 1640 1640 1640 1496 1496 1496 1639 1639 1639 1497 1497 1497 1496 1496 1496 1491 1491 1491 1503 1503 1503 1653 1653 1653 1654 1654 1654 1655 1655 1655 1654 1654 1654 1656 1656 1656 1657 1657 1657 1654 1654 1654 1653 1653 1653 1658 1658 1658 1655 1655 1655 1659 1659 1659 1653 1653 1653 1659 1659 1659 1655 1655 1655 1660 1660 1660 1660 1660 1660 1661 1661 1661 1659 1659 1659 1661 1661 1661 1660 1660 1660 1662 1662 1662 1662 1662 1662 1647 1647 1647 1661 1661 1661 1647 1647 1647 1662 1662 1662 1645 1645 1645 1663 1663 1663 1664 1664 1664 1665 1665 1665 1663 1663 1663 1666 1666 1666 1667 1667 1667 1663 1663 1663 1668 1668 1668 1666 1666 1666 1664 1664 1664 1663 1663 1663 1667 1667 1667 1665 1665 1665 1669 1669 1669 1670 1670 1670 1551 1551 1551 1544 1544 1544 1634 1634 1634 1636 1636 1636 1634 1634 1634 1633 1633 1633 1635 1635 1635 1633 1633 1633 1530 1530 1530 1671 1671 1671 1672 1672 1672 1673 1673 1673 1672 1672 1672 1671 1671 1671 1674 1674 1674 1674 1674 1674 1675 1675 1675 1676 1676 1676 1677 1677 1677 1678 1678 1678 1679 1679 1679 1677 1677 1677 1680 1680 1680 1681 1681 1681 1680 1680 1680 1677 1677 1677 1682 1682 1682 1681 1681 1681 1670 1670 1670 1669 1669 1669 1683 1683 1683 1684 1684 1684 1685 1685 1685 1683 1683 1683 1685 1685 1685 1686 1686 1686 1684 1684 1684 1687 1687 1687 1688 1688 1688 1666 1666 1666 1689 1689 1689 1690 1690 1690 1691 1691 1691 1673 1673 1673 1672 1672 1672 1691 1691 1691 1672 1672 1672 1692 1692 1692 1691 1691 1691 1693 1693 1693 1694 1694 1694 1670 1670 1670 1681 1681 1681 1680 1680 1680 1669 1669 1669 1665 1665 1665 1664 1664 1664 1695 1695 1695 1696 1696 1696 1697 1697 1697 1696 1696 1696 1698 1698 1698 1697 1697 1697 1696 1696 1696 1695 1695 1695 1699 1699 1699 1699 1699 1699 1676 1676 1676 1675 1675 1675 1689 1689 1689 1666 1666 1666 1668 1668 1668 1690 1690 1690 1700 1700 1700 1701 1701 1701 1615 1615 1615 1607 1607 1607 1628 1628 1628 1630 1630 1630 1628 1628 1628 1627 1627 1627 1630 1630 1630 1627 1627 1627 1626 1626 1626 1549 1549 1549 1626 1626 1626 1542 1542 1542 1702 1702 1702 1703 1703 1703 1704 1704 1704 1702 1702 1702 1705 1705 1705 1706 1706 1706 1703 1703 1703 1702 1702 1702 1707 1707 1707 1704 1704 1704 1708 1708 1708 1709 1709 1709 1705 1705 1705 1710 1710 1710 1711 1711 1711 1706 1706 1706 1707 1707 1707 1702 1702 1702 1712 1712 1712 1713 1713 1713 1714 1714 1714 1712 1712 1712 1715 1715 1715 1716 1716 1716 1715 1715 1715 1712 1712 1712 1714 1714 1714 1716 1716 1716 1717 1717 1717 1718 1718 1718 1656 1656 1656 1654 1654 1654 1658 1658 1658 1657 1657 1657 1719 1719 1719 1720 1720 1720 1713 1713 1713 1712 1712 1712 1721 1721 1721 1713 1713 1713 1722 1722 1722 1723 1723 1723 1722 1722 1722 1713 1713 1713 1721 1721 1721 1723 1723 1723 1724 1724 1724 1725 1725 1725 1724 1724 1724 1723 1723 1723 1722 1722 1722 1725 1725 1725 1726 1726 1726 1727 1727 1727 1726 1726 1726 1651 1651 1651 1652 1652 1652 1726 1726 1726 1652 1652 1652 1727 1727 1727 1726 1726 1726 1725 1725 1725 1724 1724 1724 1719 1719 1719 1657 1657 1657 1656 1656 1656 1720 1720 1720 1728 1728 1728 1729 1729 1729 1728 1728 1728 1717 1717 1717 1729 1729 1729 1728 1728 1728 1720 1720 1720 1719 1719 1719 1717 1717 1717 1716 1716 1716 1715 1715 1715 1717 1717 1717 1728 1728 1728 1718 1718 1718 1700 1700 1700 1690 1690 1690 1689 1689 1689 1701 1701 1701 1730 1730 1730 1731 1731 1731 1708 1708 1708 1704 1704 1704 1703 1703 1703 1709 1709 1709 1698 1698 1698 1732 1732 1732 1731 1731 1731 1733 1733 1733 1734 1734 1734 1733 1733 1733 1731 1731 1731 1730 1730 1730 1733 1733 1733 1735 1735 1735 1736 1736 1736 1733 1733 1733 1736 1736 1736 1734 1734 1734 1730 1730 1730 1701 1701 1701 1700 1700 1700 1737 1737 1737 1738 1738 1738 1739 1739 1739 1737 1737 1737 1686 1686 1686 1740 1740 1740 1737 1737 1737 1683 1683 1683 1686 1686 1686 1698 1698 1698 1696 1696 1696 1732 1732 1732 1698 1698 1698 1709 1709 1709 1708 1708 1708 1741 1741 1741 1742 1742 1742 1743 1743 1743 1741 1741 1741 1744 1744 1744 1745 1745 1745 1744 1744 1744 1741 1741 1741 1746 1746 1746 1744 1744 1744 1747 1747 1747 1748 1748 1748 1749 1749 1749 1750 1750 1750 1751 1751 1751 1749 1749 1749 1752 1752 1752 1753 1753 1753 1749 1749 1749 1753 1753 1753 1754 1754 1754 1752 1752 1752 1755 1755 1755 1753 1753 1753 1756 1756 1756 1757 1757 1757 1758 1758 1758 1757 1757 1757 1756 1756 1756 1759 1759 1759 1757 1757 1757 1760 1760 1760 1758 1758 1758 1759 1759 1759 1761 1761 1761 1762 1762 1762 1760 1760 1760 1757 1757 1757 1763 1763 1763 1760 1760 1760 1764 1764 1764 1765 1765 1765 1764 1764 1764 1760 1760 1760 1763 1763 1763 1765 1765 1765 1766 1766 1766 1767 1767 1767 1766 1766 1766 1765 1765 1765 1764 1764 1764 1767 1767 1767 1768 1768 1768 1769 1769 1769 1750 1750 1750 1749 1749 1749 1754 1754 1754 1751 1751 1751 1770 1770 1770 1771 1771 1771 1770 1770 1770 1751 1751 1751 1750 1750 1750 1771 1771 1771 1772 1772 1772 1773 1773 1773 1772 1772 1772 1771 1771 1771 1770 1770 1770 1772 1772 1772 1761 1761 1761 1773 1773 1773 1761 1761 1761 1759 1759 1759 1756 1756 1756 1761 1761 1761 1772 1772 1772 1762 1762 1762 1774 1774 1774 1775 1775 1775 1776 1776 1776 1774 1774 1774 1776 1776 1776 1777 1777 1777 1774 1774 1774 1777 1777 1777 1778 1778 1778 1775 1775 1775 1779 1779 1779 1776 1776 1776 1768 1768 1768 1780 1780 1780 1769 1769 1769 1768 1768 1768 1767 1767 1767 1766 1766 1766 1779 1779 1779 1775 1775 1775 1781 1781 1781 1781 1781 1781 1782 1782 1782 1779 1779 1779 1782 1782 1782 1781 1781 1781 1783 1783 1783 1783 1783 1783 1784 1784 1784 1782 1782 1782 1784 1784 1784 1783 1783 1783 1780 1780 1780 1780 1780 1780 1768 1768 1768 1784 1784 1784 1755 1755 1755 1752 1752 1752 1785 1785 1785 1785 1785 1785 1786 1786 1786 1755 1755 1755 1786 1786 1786 1787 1787 1787 1788 1788 1788 1786 1786 1786 1785 1785 1785 1787 1787 1787 1788 1788 1788 1778 1778 1778 1786 1786 1786 1778 1778 1778 1788 1788 1788 1774 1774 1774 1688 1688 1688 1685 1685 1685 1684 1684 1684 1679 1679 1679 1682 1682 1682 1677 1677 1677 1678 1678 1678 1789 1789 1789 1790 1790 1790 1675 1675 1675 1674 1674 1674 1671 1671 1671 1676 1676 1676 1699 1699 1699 1695 1695 1695 1790 1790 1790 1679 1679 1679 1678 1678 1678 1790 1790 1790 1791 1791 1791 1792 1792 1792 1793 1793 1793 1694 1694 1694 1693 1693 1693 1793 1793 1793 1688 1688 1688 1687 1687 1687 1793 1793 1793 1687 1687 1687 1794 1794 1794 1747 1747 1747 1795 1795 1795 1748 1748 1748 1795 1795 1795 1747 1747 1747 1796 1796 1796 1748 1748 1748 1745 1745 1745 1744 1744 1744 1796 1796 1796 1797 1797 1797 1795 1795 1795 1694 1694 1694 1793 1793 1793 1794 1794 1794 1693 1693 1693 1691 1691 1691 1692 1692 1692 1797 1797 1797 1796 1796 1796 1798 1798 1798 1798 1798 1798 1791 1791 1791 1797 1797 1797 1798 1798 1798 1792 1792 1792 1791 1791 1791 1710 1710 1710 1799 1799 1799 1711 1711 1711 1711 1711 1711 1706 1706 1706 1705 1705 1705 1791 1791 1791 1790 1790 1790 1789 1789 1789 1799 1799 1799 1710 1710 1710 1800 1800 1800 1800 1800 1800 1738 1738 1738 1799 1799 1799 1738 1738 1738 1800 1800 1800 1739 1739 1739 1738 1738 1738 1737 1737 1737 1740 1740 1740 1735 1735 1735 1743 1743 1743 1742 1742 1742 1735 1735 1735 1742 1742 1742 1736 1736 1736 1743 1743 1743 1746 1746 1746 1741 1741 1741</p>
        </triangles>
      </mesh>
    </geometry>
  </library_geometries>
  <library_materials>
    <material id="ef06d90ec9174d7cbfbbd627e916f8fd" name="pbrmaterial">
      <instance_effect url="#2070d6bc4184401e9902ec58688613a8" />
    </material>
  </library_materials>
  <library_visual_scenes>
    <visual_scene id="scene">
      <node id="node0" name="node0">
        <instance_geometry url="#179e9aed2e2b4b71b75c1abbe188fabb">
          <bind_material>
            <technique_common>
              <instance_material symbol="material0" target="#ef06d90ec9174d7cbfbbd627e916f8fd" />
            </technique_common>
          </bind_material>
        </instance_geometry>
      </node>
    </visual_scene>
  </library_visual_scenes>
  <scene>
    <instance_visual_scene url="#scene" />
  </scene>
</COLLADA>
