<COLLADA xmlns="http://www.collada.org/2005/11/COLLADASchema" version="1.4.1">
  <asset>
    <created>2026-01-11T12:32:07.383690</created>
    <modified>2026-01-11T12:32:07.383695</modified>
    <up_axis>Y_UP</up_axis>
  </asset>
  <library_effects>
    <effect id="8df37f5d3bad4c40948bb75ffa8667b8" name="8df37f5d3bad4c40948bb75ffa8667b8">
      <profile_COMMON>
        <technique sid="common">
          <phong>
            <ambient>
              <color>0.0 0.0 0.0 1.0</color>
            </ambient>
            <diffuse>
              <color>1.0 1.0 1.0 1.0</color>
            </diffuse>
            <specular>
              <color>1.0 1.0 1.0 1.0</color>
            </specular>
            <shininess>
              <float>6.646728686608332</float>
            </shininess>
            <reflective>
              <color>0.0 0.0 0.0 1.0</color>
            </reflective>
            <reflectivity>
              <float>0.0</float>
            </reflectivity>
            <transparent>
              <color>0.0 0.0 0.0 1.0</color>
            </transparent>
            <transparency>
              <float>1.0</float>
            </transparency>
          </phong>
        </technique>
        <extra>
          <technique profile="GOOGLEEARTH">
            <double_sided>0</double_sided>
          </technique>
        </extra>
      </profile_COMMON>
    </effect>
  </library_effects>
  <library_geometries>
    <geometry id="adb8b2977c8f4ef68a18e906854add05" name="ff4e716b79aa4c239858cadfa9dc02af">
      <mesh>
        <source id="verts-array">
          <float_array count="9447" id="verts-array-array">-0.3510608 0.2089934 -0.1834338 -0.425146 0.2222731 -0.1834505 -0.3967773 0.2069399 -0.1834619 -0.360955 0.1941857 -0.1834672 -0.3346554 0.1647946 -0.1834627 -0.3104361 0.1456303 -0.1834514 -0.3275255 0.2051885 -0.1859719 -0.3257441 0.1345144 -0.1834614 -0.3001393 0.09474086 -0.1861188 -0.2956501 0.1265986 -0.1861875 -0.3237135 0.07153954 -0.1834353 -0.3391508 0.08185441 -0.1834585 -0.3609551 0.05901151 -0.1834672 -0.3283161 0.1044806 -0.1834619 -0.393731 0.02910714 -0.1834442 -0.3359557 0.04110893 -0.1860761 -0.4950222 0.0871533 -0.183453 -0.4727333 0.07964785 -0.1834722 -0.486457 0.1172604 -0.1834614 -0.5019533 0.1431952 -0.183453 -0.5126462 0.09602292 -0.186118 -0.372461 0.2322454 -0.1861455 -0.4154519 0.2370824 -0.1861455 -0.4508594 0.193563 -0.1834585 -0.4282333 0.2043977 -0.1834619 -0.3207844 0.1753483 -0.2925628 -0.3263908 0.1424567 -0.2925398 -0.3427024 0.1768055 -0.2925451 -0.3113059 0.1007318 -0.2925628 -0.2956501 0.1265986 -0.2898194 -0.3271253 0.1108865 -0.2925484 -0.3354632 0.08722596 -0.2925451 -0.4522764 0.04023699 -0.2925588 -0.4154534 0.04625732 -0.2925451 -0.3983396 0.03037825 -0.29255 -0.4441855 0.05537421 -0.292546 -0.495022 0.08715344 -0.292554 -0.4727333 0.07964787 -0.2925348 -0.4851052 0.1108865 -0.2925484 -0.4762747 0.04110883 -0.2899309 -0.4979636 0.06522748 -0.2898194 -0.5023562 0.1360774 -0.2925504 -0.4818082 0.1887182 -0.2925598 -0.4856312 0.1444822 -0.2925364 -0.5119463 0.09449507 -0.2899309 -0.5165803 0.1265986 -0.2898194 -0.4622948 0.185645 -0.2925364 -0.3904032 0.04760871 -0.2925484 -0.4154534 0.04625732 -0.2925451 -0.3999489 0.06399 -0.2760406 -0.4244384 0.06619577 -0.2760405 -0.4441855 0.05537421 -0.292546 -0.3354632 0.08722596 -0.2925451 -0.3609551 0.05901142 -0.2925398 -0.3567177 0.08748845 -0.2760393 -0.3459114 0.1083359 -0.2760418 -0.3763609 0.07093199 -0.2760394 -0.3271253 0.1108865 -0.2925484 -0.3433023 0.132785 -0.2760369 -0.3263908 0.1424567 -0.2925398 -0.3967772 0.04625735 -0.1834619 -0.4254595 0.06663591 -0.1999676 -0.4354222 0.05054794 -0.1834706 -0.3609551 0.05901151 -0.1834672 -0.3952816 0.06403955 -0.1999731 -0.3623508 0.08060071 -0.1999721 -0.3427024 0.1768055 -0.2925451 -0.3506314 0.1562552 -0.2760414 -0.3707343 0.1795498 -0.2760334 -0.3667427 0.1972507 -0.2925451 -0.4010403 0.1893996 -0.2760394 -0.3967773 0.2069399 -0.2925451 -0.4727333 0.07964785 -0.1834722 -0.4521115 0.08283581 -0.1999743 -0.4667215 0.1093685 -0.1999656 -0.486457 0.1172604 -0.1834614 -0.4687005 0.1338729 -0.1999668 -0.4856312 0.1444822 -0.2925364 -0.4663192 0.1448613 -0.276042 -0.468673 0.1157653 -0.2760327 -0.4622948 0.185645 -0.2925364 -0.4521064 0.1703567 -0.2760263 -0.4851052 0.1108865 -0.2925484 -0.4727333 0.07964787 -0.2925348 -0.4839137 0.1487163 -0.1834626 -0.4611527 0.1572696 -0.1999668 -0.4521087 0.08283844 -0.2760291 -0.4695286 0.1768057 -0.1834614 -0.4460255 0.1752293 -0.199967 -0.4508594 0.193563 -0.1834585 -0.4254603 0.1865637 -0.1999652 -0.4282333 0.2043977 -0.1834619 -0.360955 0.1941857 -0.1834672 -0.3952826 0.1891526 -0.1999778 -0.3660725 0.1753907 -0.1999675 -0.3346554 0.1647946 -0.1834627 -0.3967786 0.2370824 -0.2898615 -0.4397695 0.2322453 -0.2898615 -0.4300374 0.2468631 -0.2820479 -0.3949217 0.2491524 -0.2821827 -0.3689908 0.2162245 -0.2925525 -0.4251459 0.2222728 -0.2925565 -0.3552087 0.2250992 -0.2898615 -0.3967773 0.2069399 -0.2925451 -0.3667427 0.1972507 -0.2925451 -0.3213892 0.1981203 -0.2898615 -0.4674864 0.2184469 -0.2898194 -0.4282333 0.2043978 -0.2925451 -0.3800522 0.2576265 -0.2193097 -0.3791911 0.256141 -0.2673543 -0.4049252 0.2590033 -0.266521 -0.3543467 0.2484692 -0.266521 -0.3806086 0.2548292 -0.20559 -0.3565457 0.24938 -0.2094859 -0.4073053 0.2590033 -0.2094859 -0.3821931 0.2468631 -0.1939591 -0.3494937 0.2360647 -0.1941014 -0.3194093 0.2133045 -0.2820479 -0.3488741 0.2355398 -0.2821827 -0.3335532 0.2372372 -0.2086527 -0.3316668 0.2359767 -0.2673543 -0.3107976 0.2048239 -0.1938907 -0.3004684 0.1602526 -0.1861455 -0.2844931 0.1788003 -0.2090102 -0.2970141 0.2015246 -0.2090102 -0.3133325 0.2210644 -0.2094859 -0.3116495 0.2193814 -0.266521 -0.2950352 0.20082 -0.2566973 -0.2832032 0.1756862 -0.2669967 -0.2974066 0.1992354 -0.2704169 -0.2982592 0.1851656 -0.2823561 -0.2750873 0.1526617 -0.2193097 -0.2764869 0.1519217 -0.2675959 -0.2833009 0.1391983 -0.2819034 -0.3004684 0.1602525 -0.2898614 -0.2778846 0.1521053 -0.20559 -0.2884364 0.1614511 -0.1936509 -0.2834945 0.1265986 -0.1939591 -0.2739737 0.1265986 -0.2088691 -0.2725203 0.1265986 -0.2566973 -0.2753724 0.1265986 -0.2704169 -0.2764494 0.1000947 -0.2670781 -0.2759884 0.1024331 -0.2090102 -0.2888233 0.0910185 -0.2825807 -0.2853246 0.07656548 -0.20559 -0.2888234 0.09101844 -0.1934262 -0.3142669 0.06522748 -0.1861875 -0.3041599 0.05847418 -0.1939591 -0.296686 0.05204894 -0.2094859 -0.3283579 0.03185091 -0.1934262 -0.3127499 0.03323329 -0.2081287 -0.2826896 0.07547402 -0.2193096 -0.3116494 0.03213274 -0.2566973 -0.2953636 0.05402798 -0.2665211 -0.2841276 0.07606962 -0.2678782 -0.3002842 0.09449514 -0.2899309 -0.3202673 0.05595268 -0.2897932 -0.3041599 0.05847418 -0.2820479 -0.3638772 0.02365845 -0.2899566 -0.3519203 0.04548985 -0.2925565 -0.3591903 0.01331181 -0.1939591 -0.3638421 0.02454214 -0.1861875 -0.3136661 0.03414949 -0.2704169 -0.3335532 0.01596 -0.2673542 -0.3320079 0.01694555 -0.2089289 -0.328882 0.03121499 -0.2823561 -0.3695576 0.009089984 -0.2821826 -0.3565457 0.003817152 -0.266521 -0.4308143 0.2565836 -0.2673543 -0.4330395 0.256141 -0.2086527 -0.4556849 0.24938 -0.2665211 -0.4173089 0.2491524 -0.1938243 -0.4154522 0.01611481 -0.2898614 -0.3904032 0.04760871 -0.2925484 -0.3609551 0.05901142 -0.2925398 -0.4173091 0.004044834 -0.2821826 -0.3967784 0.0161148 -0.1861455 -0.4397695 0.02095182 -0.1861455 -0.4426729 0.009090018 -0.1938243 -0.3949215 0.004044855 -0.1938243 -0.3967772 0.04625735 -0.1834619 -0.4354222 0.05054794 -0.1834706 -0.458124 0.04440693 -0.183453 -0.4483884 0.02454213 -0.2898194 -0.4762748 0.04110889 -0.1860761 -0.4838726 0.03185094 -0.1934262 -0.4556848 0.003817156 -0.2094859 -0.4782386 0.01562477 -0.2090102 -0.4321783 -0.004429315 -0.2193096 -0.4316219 -0.001632013 -0.20559 -0.4330394 -0.002943805 -0.2673543 -0.4073053 -0.005806097 -0.2665211 -0.4578838 0.004727981 -0.266521 -0.4979636 0.06522748 -0.1861875 -0.5080707 0.05847418 -0.1939591 -0.4985644 0.0341495 -0.20559 -0.4802226 0.01694556 -0.2670781 -0.5155446 0.05204896 -0.2094859 -0.5005811 0.03213274 -0.2193096 -0.5168669 0.05402803 -0.266521 -0.5004718 0.03384633 -0.2673543 -0.51637 0.1392662 -0.1862133 -0.5343459 0.1010919 -0.20559 -0.5277374 0.07439681 -0.2090102 -0.5233246 0.0901985 -0.1936509 -0.5290278 0.1382007 -0.1941035 -0.53852 0.1254085 -0.2094859 -0.5287841 0.07701533 -0.2673543 -0.5371432 0.1005355 -0.2193096 -0.5080707 0.05847419 -0.2820479 -0.5362421 0.1024331 -0.2669968 -0.5234071 0.09101845 -0.2825807 -0.528669 0.1377925 -0.2821827 -0.53852 0.1277887 -0.266521 -0.5362421 0.1507641 -0.2090102 -0.5356577 0.1535228 -0.2673543 -0.5147335 0.1837395 -0.1936509 -0.5290273 0.1756862 -0.2090102 -0.5119463 0.1587021 -0.2899309 -0.519402 0.1735235 -0.2820479 -0.4930345 0.1956031 -0.2897937 -0.4988372 0.1881076 -0.1860503 -0.4765811 0.1936429 -0.183453 -0.4586555 0.2245794 -0.1862137 -0.4928212 0.2133045 -0.1939591 -0.4839137 0.1487163 -0.1834626 -0.5148239 0.1992354 -0.2704169 -0.4998793 0.2063412 -0.2821133 -0.5148239 0.1992354 -0.20559 -0.5279858 0.1783672 -0.2665211 -0.5171954 0.20082 -0.2193097 -0.4695286 0.1768057 -0.1834614 -0.5171954 0.20082 -0.2566973 -0.498898 0.2210644 -0.266521 -0.500581 0.2193814 -0.2094859 -0.4805637 0.2359767 -0.2086527 -0.4627367 0.2360647 -0.2819056 -0.4786773 0.2372372 -0.2673543 -0.4627367 0.2360647 -0.1941014 -0.4578838 0.2484692 -0.2094859 -0.4838725 0.03185081 -0.2825807 -0.4530402 0.01331181 -0.2820479 -0.4049252 -0.005806092 -0.2094859 -0.3814163 -0.003386427 -0.2673543 -0.3791911 -0.002943787 -0.2086527 -0.3543467 0.004727999 -0.2094859 -0.3506314 0.1562552 -0.2760414 -0.3999489 0.06399 -0.2760406 -0.4663192 0.1448613 -0.276042 -0.4010403 0.1893996 -0.2760394 -0.3707343 0.1795498 -0.2760334 -0.3567177 0.08748845 -0.2760393 -0.3763609 0.07093199 -0.2760394 -0.3459114 0.1083359 -0.2760418 -0.4244384 0.06619577 -0.2760405 -0.4521087 0.08283844 -0.2760291 -0.468673 0.1157653 -0.2760327 -0.4254599 0.1865626 -0.2760407 -0.4521064 0.1703567 -0.2760263 -0.3433023 0.132785 -0.2760369 -0.3506328 0.1562545 -0.199967 -0.343298 0.1327855 -0.1999661 -0.3257441 0.1345144 -0.1834614 -0.3461525 0.1072544 -0.1999676 -0.3283161 0.1044806 -0.1834619 -0.4254595 0.06663591 -0.1999676 -0.4460255 0.1752293 -0.199967 -0.4667215 0.1093685 -0.1999656 -0.4521115 0.08283581 -0.1999743 -0.3506328 0.1562545 -0.199967 -0.4254603 0.1865637 -0.1999652 -0.4687005 0.1338729 -0.1999668 -0.3461525 0.1072544 -0.1999676 -0.343298 0.1327855 -0.1999661 -0.3660725 0.1753907 -0.1999675 -0.3952826 0.1891526 -0.1999778 -0.3623508 0.08060071 -0.1999721 -0.4611527 0.1572696 -0.1999668 -0.3952816 0.06403955 -0.1999731 -0.3391508 0.08185441 -0.1834585 -0.4254599 0.1865626 -0.2760407 -0.4282333 0.2043978 -0.2925451 -0.3967773 0.2069399 -0.1834619 -0.3510608 0.2089934 0.1833767 -0.3346554 0.1647946 0.1834056 -0.360955 0.1941857 0.1834101 -0.425146 0.2222731 0.1833934 -0.372461 0.2322454 0.1860884 -0.3967773 0.2069399 0.1834048 -0.3104361 0.1456304 0.1833943 -0.3283161 0.1044807 0.1834048 -0.3257441 0.1345144 0.1834043 -0.3275255 0.2051885 0.1859148 -0.3004684 0.1602526 0.1860884 -0.3237135 0.07153959 0.1833782 -0.3609551 0.05901156 0.1834101 -0.3391508 0.08185447 0.1834014 -0.3001393 0.09474091 0.1860617 -0.393731 0.02910719 0.1833871 -0.4950222 0.08715335 0.1833959 -0.486457 0.1172604 0.1834043 -0.4727333 0.0796479 0.1834151 -0.5019533 0.1431953 0.1833959 -0.4282333 0.2043978 0.1834048 -0.4508594 0.1935631 0.1834014 -0.4765811 0.193643 0.1833959 -0.3207844 0.1753484 0.2925057 -0.3427024 0.1768056 0.292488 -0.3263908 0.1424567 0.2924827 -0.2956501 0.1265987 0.2897623 -0.3004684 0.1602526 0.2898043 -0.3689908 0.2162245 0.2924953 -0.3113059 0.1007319 0.2925057 -0.3271253 0.1108866 0.2924913 -0.3354632 0.08722602 0.292488 -0.4522764 0.04023706 0.2925017 -0.3983396 0.03037832 0.2924929 -0.4154534 0.04625738 0.292488 -0.4441855 0.05537428 0.2924889 -0.4727333 0.07964794 0.2924777 -0.495022 0.08715351 0.2924969 -0.4851052 0.1108866 0.2924913 -0.4762747 0.0411089 0.2898738 -0.5023562 0.1360775 0.2924933 -0.5119463 0.09449514 0.2898738 -0.4856312 0.1444823 0.2924793 -0.4818082 0.1887183 0.2925026 -0.4622948 0.185645 0.2924793 -0.4251459 0.2222729 0.2924994 -0.4674864 0.218447 0.2897623 -0.3904032 0.04760877 0.2924913 -0.3999489 0.06399006 0.2759835 -0.4154534 0.04625738 0.292488 -0.3763609 0.07093205 0.2759823 -0.4244384 0.06619583 0.2759834 -0.4441855 0.05537428 0.2924889 -0.3354632 0.08722602 0.292488 -0.3567177 0.08748852 0.2759822 -0.3609551 0.05901149 0.2924827 -0.3459114 0.108336 0.2759847 -0.3271253 0.1108866 0.2924913 -0.3967772 0.0462574 0.1834048 -0.4254595 0.06663597 0.1999105 -0.3952816 0.0640396 0.199916 -0.3609551 0.05901156 0.1834101 -0.3623508 0.08060077 0.1999151 -0.3427024 0.1768056 0.292488 -0.3707343 0.1795499 0.2759762 -0.3506314 0.1562553 0.2759843 -0.3263908 0.1424567 0.2924827 -0.3433023 0.1327851 0.2759798 -0.3667427 0.1972508 0.292488 -0.4010403 0.1893997 0.2759822 -0.4727333 0.0796479 0.1834151 -0.4667215 0.1093686 0.1999085 -0.4521115 0.08283586 0.1999172 -0.4354222 0.05054799 0.1834136 -0.486457 0.1172604 0.1834043 -0.4687005 0.133873 0.1999097 -0.4856312 0.1444823 0.2924793 -0.468673 0.1157653 0.2759756 -0.4663192 0.1448614 0.2759849 -0.4622948 0.185645 0.2924793 -0.4851052 0.1108866 0.2924913 -0.4727333 0.07964794 0.2924777 -0.4839137 0.1487163 0.1834055 -0.4611527 0.1572697 0.1999097 -0.4521087 0.08283851 0.275972 -0.4695286 0.1768057 0.1834043 -0.4460255 0.1752293 0.1999099 -0.4508594 0.1935631 0.1834014 -0.360955 0.1941857 0.1834101 -0.3346554 0.1647946 0.1834056 -0.3660725 0.1753908 0.1999104 -0.3952826 0.1891527 0.1999207 -0.3506328 0.1562546 0.1999099 -0.3967786 0.2370825 0.2898043 -0.4300374 0.2468632 0.2819908 -0.4397695 0.2322454 0.2898043 -0.3552087 0.2250993 0.2898043 -0.4282333 0.2043978 0.292488 -0.3967773 0.20694 0.292488 -0.3213892 0.1981203 0.2898043 -0.3667427 0.1972508 0.292488 -0.3800522 0.2576266 0.2192525 -0.3565457 0.2493801 0.2094288 -0.3806086 0.2548292 0.2055329 -0.4073053 0.2590034 0.2094288 -0.3543467 0.2484692 0.2664639 -0.3821931 0.2468632 0.1939019 -0.3194093 0.2133046 0.2819908 -0.3488741 0.2355399 0.2821255 -0.3949217 0.2491525 0.2821255 -0.3335532 0.2372372 0.2085956 -0.3494937 0.2360648 0.1940443 -0.3133325 0.2210645 0.2094288 -0.3107976 0.204824 0.1938336 -0.4154519 0.2370825 0.1860884 -0.2884364 0.1614512 0.1935938 -0.2844931 0.1788004 0.2089531 -0.2970141 0.2015247 0.2089531 -0.2950352 0.20082 0.2566402 -0.2974066 0.1992355 0.2703598 -0.2832032 0.1756863 0.2669396 -0.3116495 0.2193814 0.2664639 -0.3316668 0.2359768 0.2672972 -0.2982592 0.1851656 0.282299 -0.2764869 0.1519218 0.2675388 -0.2750873 0.1526617 0.2192525 -0.2778846 0.1521053 0.2055329 -0.2739737 0.1265986 0.208812 -0.2834945 0.1265986 0.193902 -0.2956501 0.1265986 0.1861304 -0.2833009 0.1391984 0.2818463 -0.2725203 0.1265987 0.2566402 -0.2753724 0.1265987 0.2703598 -0.2888233 0.09101857 0.2825236 -0.2764494 0.1000948 0.267021 -0.2759884 0.1024332 0.2089531 -0.2853246 0.07656553 0.2055329 -0.2888234 0.09101849 0.1933691 -0.296686 0.05204899 0.2094288 -0.3041599 0.05847423 0.193902 -0.2953636 0.05402805 0.266464 -0.3116494 0.0321328 0.2566402 -0.2826896 0.07547408 0.2192526 -0.3283579 0.03185097 0.1933691 -0.2841276 0.07606968 0.2678211 -0.3142669 0.06522754 0.1861304 -0.3002842 0.09449521 0.2898738 -0.3202673 0.05595275 0.2897361 -0.3041599 0.05847425 0.2819908 -0.3519203 0.04548991 0.2924994 -0.3638772 0.02365852 0.2898995 -0.3359557 0.04110898 0.186019 -0.3591903 0.01331187 0.193902 -0.3638421 0.02454219 0.1861304 -0.3136661 0.03414956 0.2703598 -0.3335532 0.01596006 0.2672972 -0.3127499 0.03323334 0.2080717 -0.3320079 0.0169456 0.2088718 -0.328882 0.03121506 0.282299 -0.3695576 0.009090051 0.2821256 -0.3565457 0.003817216 0.266464 -0.4049252 0.2590034 0.2664639 -0.4308143 0.2565836 0.2672972 -0.4173089 0.2491524 0.1937672 -0.4330395 0.256141 0.2085956 -0.4556849 0.2493801 0.2664639 -0.4627367 0.2360648 0.1940443 -0.4578838 0.2484692 0.2094288 -0.4154522 0.01611487 0.2898044 -0.3609551 0.05901149 0.2924827 -0.3904032 0.04760877 0.2924913 -0.4173091 0.004044901 0.2821256 -0.3814163 -0.003386363 0.2672972 -0.3967784 0.01611485 0.1860884 -0.4426729 0.009090071 0.1937672 -0.4397695 0.02095187 0.1860884 -0.3967772 0.0462574 0.1834048 -0.4354222 0.05054799 0.1834136 -0.458124 0.04440698 0.1833959 -0.3949215 0.004044908 0.1937672 -0.4483884 0.0245422 0.2897623 -0.4556848 0.003817212 0.2094288 -0.4838726 0.03185099 0.1933691 -0.4316219 -0.001631958 0.2055329 -0.4321783 -0.004429258 0.2192526 -0.4049252 -0.005806037 0.2094288 -0.4578838 0.004728045 0.266464 -0.4979636 0.06522754 0.1861304 -0.4530402 0.01331187 0.2819908 -0.4762748 0.04110895 0.186019 -0.5080707 0.05847423 0.193902 -0.4985644 0.03414955 0.2055329 -0.4782386 0.01562483 0.2089531 -0.5155446 0.05204902 0.2094288 -0.5005811 0.0321328 0.2192526 -0.5168669 0.0540281 0.266464 -0.5126462 0.09602297 0.1860609 -0.5290278 0.1382008 0.1940464 -0.51637 0.1392663 0.1861562 -0.5233246 0.09019855 0.1935938 -0.5343459 0.101092 0.2055329 -0.5277374 0.07439687 0.2089531 -0.5371432 0.1005356 0.2192526 -0.5287841 0.0770154 0.2672972 -0.5234071 0.09101852 0.2825236 -0.5362421 0.1024332 0.2669397 -0.528669 0.1377926 0.2821256 -0.5080707 0.05847426 0.2819908 -0.53852 0.1277888 0.2664639 -0.53852 0.1254086 0.2094288 -0.5362421 0.1507641 0.2089531 -0.5147335 0.1837395 0.1935938 -0.5119463 0.1587022 0.2898738 -0.519402 0.1735236 0.2819908 -0.5356577 0.1535228 0.2672972 -0.5165803 0.1265987 0.2897623 -0.4930345 0.1956031 0.2897365 -0.4988372 0.1881077 0.1859932 -0.4839137 0.1487163 0.1834055 -0.5279858 0.1783673 0.2664639 -0.4998793 0.2063413 0.2820562 -0.5148239 0.1992355 0.2703598 -0.5148239 0.1992355 0.2055329 -0.500581 0.2193814 0.2094288 -0.4928212 0.2133046 0.193902 -0.5290273 0.1756863 0.2089531 -0.5171954 0.20082 0.2192525 -0.4695286 0.1768057 0.1834043 -0.5171954 0.20082 0.2566402 -0.498898 0.2210645 0.2664639 -0.4805637 0.2359768 0.2085956 -0.4586555 0.2245795 0.1861566 -0.4786773 0.2372373 0.2672972 -0.4627367 0.2360648 0.2818484 -0.3791911 0.256141 0.2672972 -0.5004718 0.03384639 0.2672972 -0.4838725 0.03185088 0.2825236 -0.4802226 0.01694563 0.267021 -0.4330394 -0.002943741 0.2672972 -0.4073053 -0.005806033 0.266464 -0.3791911 -0.002943732 0.2085956 -0.3543467 0.004728054 0.2094288 -0.3506314 0.1562553 0.2759843 -0.3999489 0.06399006 0.2759835 -0.3459114 0.108336 0.2759847 -0.3433023 0.1327851 0.2759798 -0.4663192 0.1448614 0.2759849 -0.4244384 0.06619583 0.2759834 -0.3567177 0.08748852 0.2759822 -0.4010403 0.1893997 0.2759822 -0.4254599 0.1865627 0.2759836 -0.4521064 0.1703567 0.2759692 -0.4521087 0.08283851 0.275972 -0.3707343 0.1795499 0.2759762 -0.3763609 0.07093205 0.2759823 -0.468673 0.1157653 0.2759756 -0.343298 0.1327855 0.199909 -0.3257441 0.1345144 0.1834043 -0.4254595 0.06663597 0.1999105 -0.4460255 0.1752293 0.1999099 -0.3506328 0.1562546 0.1999099 -0.3461525 0.1072545 0.1999105 -0.3623508 0.08060077 0.1999151 -0.3952816 0.0640396 0.199916 -0.4687005 0.133873 0.1999097 -0.4611527 0.1572697 0.1999097 -0.4667215 0.1093686 0.1999085 -0.4254603 0.1865638 0.1999081 -0.3660725 0.1753908 0.1999104 -0.343298 0.1327855 0.199909 -0.3952826 0.1891527 0.1999207 -0.4521115 0.08283586 0.1999172 -0.3461525 0.1072545 0.1999105 -0.3283161 0.1044807 0.1834048 -0.3391508 0.08185447 0.1834014 -0.3967773 0.20694 0.292488 -0.4282333 0.2043978 0.292488 -0.4254599 0.1865627 0.2759836 -0.4521064 0.1703567 0.2759692 -0.4254603 0.1865638 0.1999081 -0.3967773 0.2069399 0.1834048 -0.4282333 0.2043978 0.1834048 -0.4979636 0.06522754 0.2897623 -0.5956877 0.3431673 0.2656565 -0.6267617 0.2966617 -0.2656736 -0.6267617 0.2966618 0.2656565 -0.5956877 0.3431672 -0.2656736 -0.5491823 0.3742412 0.2656565 -0.5491823 0.3742411 -0.2656736 -0.5927927 0.3402721 -0.2858614 -0.622979 0.2950949 -0.2858613 -0.6376734 0.2418048 -0.2656736 -0.6376734 0.2418049 0.2656566 -0.5927927 0.3402722 0.2858443 -0.5262945 0.1614856 0.3184096 -0.5849203 0.2366093 0.3184096 -0.5378195 0.1499605 0.3184096 -0.6051081 0.1418142 0.3143941 -0.5849203 0.1418142 0.3184096 -0.4956738 0.1714348 0.3184096 -0.5770694 0.2760786 0.3184096 -0.5419703 0.1418142 0.3184096 -0.511772 0.1688851 0.3184096 -0.6051081 0.2385976 0.314394 -0.5576549 0.3051344 0.3184096 -0.2239221 0.385153 0.3184096 -0.3165993 0.1714348 0.3184096 -0.3005011 0.1688851 0.3184096 -0.2859786 0.1614856 0.3184096 -0.2103919 0.1418142 0.3184096 -0.2103919 0.385153 0.3184096 -0.2744536 0.1499605 0.3184096 0.1637086 0.1418142 0.3184096 0.1637086 0.385153 0.3184096 -0.528599 0.324549 0.3184096 -0.5960858 0.2839555 0.314394 -0.5722094 0.319689 0.314394 -0.327401 0.385153 0.314394 -0.2703028 0.1418142 0.3184096 0.1062702 0.187618 0.2240642 0.216735 0.1714348 0.2241968 0.2006368 0.1688851 0.2255641 0.1861143 0.1614856 0.229532 0.1745893 0.1499605 0.2357122 -0.2103919 0.12182 0.2508023 -0.1983646 0.187618 0.2240642 0.410905 0.187618 0.2240642 0.1328325 0.12182 0.2508022 -0.267054 0.1354381 0.2434997 -0.2744536 0.1499605 0.2357122 -0.2859786 0.1614856 0.229532 0.1671898 0.1354381 0.2434997 0.1650328 0.12182 0.2508022 -0.5227966 0.187618 0.2240642 -0.511772 0.1688851 0.2255641 -0.5262945 0.1614856 0.229532 -0.4956738 0.1714348 0.2241968 -0.5378195 0.1499605 0.2357122 -0.5759213 0.12182 0.2508022 -0.3165993 0.1714348 0.2241968 -0.5452191 0.1354381 0.2434997 -0.3005011 0.1688851 0.2255641 -0.2648971 0.12182 0.2508023 -0.5473759 0.12182 0.2508022 -0.2648971 0.12182 0.2967947 -0.2103919 0.12182 0.2508023 -0.2103919 0.12182 0.2968326 -0.2648971 0.12182 0.2508023 0.1328325 0.12182 0.2508022 0.1539187 0.12182 0.2969733 -0.5473759 0.12182 0.2965981 -0.5759213 0.12182 0.2508022 -0.5473759 0.12182 0.2508022 -0.594553 0.12182 0.2965653 -0.6020962 0.12182 0.279459 -0.6033876 0.12182 0.2944374 0.1889982 0.8772664 0.2208201 0.4161612 0.8859685 0.2190945 0.1637086 0.8859656 0.2190951 0.5057861 0.4099596 0.3134903 0.5378091 0.385153 0.3184096 0.3922774 0.8772664 0.2208202 0.138419 0.4099596 0.3134903 -0.0845781 0.8940207 0.2152877 -0.08874402 0.8859685 0.2190945 0.1889982 0.4099596 0.3134903 0.4939078 0.4192617 0.3084656 0.1982374 0.8667508 0.2197256 0.3852128 0.8667508 0.2197256 0.3957536 0.902073 -0.1994223 0.1637086 0.899915 -0.2080981 0.1637086 0.902073 -0.1994223 0.1637086 0.9020731 0.199405 0.3957536 0.9020731 0.199405 -0.06833641 0.902073 -0.1994223 -0.06833641 0.9020731 0.199405 0.1637086 0.8999151 0.2080809 0.4045256 0.8999153 0.2080808 0.4045256 0.8999153 -0.2080981 0.4796998 0.4309921 0.2832662 0.3812648 0.8576439 0.2138544 0.3788236 0.8462918 0.2009095 0.4862473 0.425439 0.2995635 0.1650328 0.12182 0.2508022 0.5378091 0.1418141 -0.3184266 0.5378091 0.1418142 -8.502121e-06 0.5182525 0.1218199 -0.2970156 0.5378091 0.1418142 0.3184096 0.5182525 0.12182 0.2969986 -0.2356505 0.3851529 -0.2931681 -0.2103919 0.3851528 -0.3184267 -0.2239221 0.3851528 -0.3184267 -0.327401 0.3851528 -0.3144111 -0.3252744 0.3851529 -0.289216 -0.3252744 0.385153 0.2891989 -0.2356505 0.385153 0.293151 -0.409923 0.3851529 -0.2781816 -0.2239221 0.385153 0.3184096 -0.2103919 0.385153 0.3184096 -0.327401 0.385153 0.314394 -0.4690668 0.3851529 -0.2550674 -0.4605799 0.3851529 -0.2633912 -0.4737422 0.3851529 -0.2858614 -0.4943254 0.3851529 -0.2656736 -0.409923 0.3851529 0.2781645 -0.4151261 0.3851529 -0.3029757 -0.4690668 0.3851529 0.2550503 -0.4605799 0.3851529 0.2633741 -0.4737422 0.385153 0.2858443 -0.4151261 0.385153 0.3029586 -0.5759213 0.12182 0.2508022 -0.5227966 0.1876179 -0.2240812 -0.5227966 0.187618 0.2240642 -0.5759213 0.1218199 -0.2508192 0.5182525 0.1218199 -0.2970156 0.5182525 0.12182 0.2969986 0.476057 0.12182 0.2508022 0.476057 0.1218199 -0.2508192 0.4475116 0.12182 0.2969937 0.4475116 0.12182 0.2508022 0.4475116 0.1218199 -0.2970107 -0.6376734 0.1418141 -0.2656736 -0.6168669 0.12182 0.2737286 -0.6376734 0.1418142 0.2656566 -0.6336579 0.1418142 0.2858443 -0.6168669 0.1218199 -0.2737456 -0.6336579 0.1418141 -0.2858613 -0.6151763 0.1218199 -0.2821223 0.1861143 0.1614856 0.3184096 0.3958095 0.1714348 0.3184096 -0.1783689 0.4099596 0.3134903 0.2006368 0.1688851 0.3184096 0.216735 0.1714348 0.3184096 0.1233387 0.4257086 0.2996111 -0.1517074 0.4317346 0.283119 -0.158636 0.4257087 0.2996107 0.1185826 0.4317346 0.283119 0.1291408 0.4193407 0.3084795 0.1650328 0.12182 0.2969741 0.3958095 0.1714348 0.2241968 0.4198419 0.1648424 0.2277319 0.4119077 0.1688851 0.2255641 0.433611 0.1543047 0.2333827 0.476057 0.12182 0.2508022 0.4379552 0.1499605 0.2357122 0.4475116 0.12182 0.2508022 0.4453548 0.1354381 0.2434997 -0.6376734 0.1418142 0.2656566 -0.6336578 0.2414093 -0.2858613 -0.622979 0.295095 0.2858443 -0.5476155 0.3704586 0.2858443 -0.4943254 0.3851529 0.2656565 -0.5476155 0.3704585 -0.2858614 -0.5759213 0.1218199 -0.2508192 -0.6168669 0.1218199 -0.2737456 -0.6020962 0.1218199 -0.279476 -0.594553 0.1218199 -0.2965823 -0.5473759 0.1218199 -0.2966151 -0.6168669 0.12182 0.2737286 -0.6151763 0.1218199 -0.2821223 0.4238409 0.831273 -0.1550544 0.4238409 0.831273 0.1550372 0.4181657 0.8175765 -0.1422849 0.425938 0.8389587 0.162066 0.4933227 0.5452318 0.2117654 0.4238409 0.831273 0.1550372 0.4992516 0.5371349 0.2217793 0.425938 0.8389587 -0.1620833 0.4260027 0.8454518 0.1677896 0.4933227 0.5452317 -0.2117825 0.4992516 0.5371348 -0.2217964 0.2084397 0.8462918 0.2009095 0.2039453 0.4254388 0.2995639 0.2084397 0.4309921 0.2832662 0.2039453 0.8576442 0.2138547 0.1982374 0.4192617 0.3084657 0.1291408 0.8666831 0.2197686 -0.1664337 0.4193408 0.3084794 0.138419 0.8772664 0.2208202 -0.06486019 0.8772664 0.2208201 0.3812648 0.8576439 0.2138544 0.2039453 0.8576442 0.2138547 0.2084397 0.8462918 0.2009095 0.3788236 0.8462918 0.2009095 0.4264302 0.1614856 0.3184096 0.5378091 0.1418142 0.3184096 0.4119077 0.1688851 0.3184096 -0.158636 0.4257087 0.2996107 -0.05119195 0.8455494 0.2010567 -0.05377528 0.8574126 0.2140009 -0.1517074 0.4317346 0.283119 -0.05377528 0.8574126 0.2140009 0.1185826 0.8455494 0.2010568 0.1233387 0.8574129 0.2140013 -0.05119195 0.8455494 0.2010567 -0.05777441 0.866683 0.2197684 0.2084397 0.430992 -0.2832833 0.4796998 0.430992 -0.2832833 0.2039453 0.4254387 -0.299581 0.4862473 0.4254389 -0.2995806 0.1982374 0.4192616 -0.3084828 0.2084397 0.8462918 0.2009095 0.2084397 0.4309921 0.2832662 0.3788236 0.8462918 0.2009095 0.4796998 0.4309921 0.2832662 -0.05119195 0.8455494 0.2010567 0.1185826 0.4317346 0.283119 0.1185826 0.8455494 0.2010568 -0.1517074 0.4317346 0.283119 0.138419 0.8772664 -0.2208374 -0.08874402 0.8859684 -0.2191117 0.1637086 0.8859655 -0.2191123 -0.06486019 0.8772664 -0.2208374 0.4119953 0.8940207 -0.2153049 0.4161612 0.8859684 -0.2191117 -0.0845781 0.8940207 -0.2153049 0.138419 0.4099594 -0.3135074 -0.1664337 0.4193407 -0.3084965 -0.1783689 0.4099595 -0.3135074 0.1291408 0.866683 -0.2197858 -0.05777441 0.8666829 -0.2197857 0.1637086 0.3851528 -0.3184267 -0.2103919 0.3851528 -0.3184267 0.1637086 0.1418141 -0.3184266 -0.2103919 0.1418141 -0.3184266 0.4161612 0.8859684 -0.2191117 0.4260027 0.8454518 -0.1678068 0.5035323 0.526268 -0.2306192 0.5378091 0.3851528 -0.3184267 0.4161612 0.8859685 0.2190945 0.5378091 0.3851529 -8.543145e-06 0.5378091 0.3002605 -0.2876263 0.5378091 0.1418141 -0.3184266 0.5378091 0.3543525 -0.1584549 0.5378091 0.3543525 -0.2876263 0.4119953 0.8940207 0.2152877 0.5378091 0.385153 0.3184096 0.5035323 0.5262681 0.2306021 -0.08874402 0.8859685 0.2190945 -0.200992 0.423852 0.2701783 -0.2103919 0.385153 0.3184096 -0.08874402 0.8859684 -0.2191117 -0.09423222 0.863374 0.1830181 -0.0845781 0.8940207 -0.2153049 -0.2103919 0.3851528 -0.3184267 -0.200992 0.4238519 -0.2701954 -0.09423222 0.8633739 -0.1830354 -0.09408135 0.8555205 0.1767722 -0.1972552 0.4307613 0.2610048 -0.1972552 0.4307612 -0.2610219 -0.09408135 0.8555204 -0.1767894 0.1233387 0.4257086 0.2996111 0.1233387 0.8574129 0.2140013 0.1185826 0.8455494 0.2010568 0.1185826 0.4317346 0.283119 0.1291408 0.8666831 0.2197686 0.5378091 0.3851528 -0.3184267 0.3958095 0.1714347 -0.3184266 0.5057861 0.4099594 -0.3135074 0.4119077 0.168885 -0.3184266 0.1889982 0.4099594 -0.3135074 0.2006368 0.168885 -0.3184266 0.1861143 0.1614855 -0.3184266 0.216735 0.1714347 -0.3184266 0.5378091 0.1418141 -0.3184266 0.4264302 0.1614855 -0.3184266 0.4379552 0.1499604 -0.3184266 0.442106 0.1418141 -0.3184266 0.1745893 0.1499604 -0.3184266 0.1704385 0.1418141 -0.3184266 -0.2103919 0.1218199 -0.2508193 0.1062702 0.1876179 -0.2240813 -0.1983646 0.1876179 -0.2240813 0.1328325 0.1218199 -0.2508192 0.1745893 0.1499604 -0.2357292 0.1861143 0.1614855 -0.229549 -0.2859786 0.1614855 -0.229549 -0.2744536 0.1499604 -0.2357292 -0.267054 0.135438 -0.2435167 -0.3165993 0.1714347 -0.2242138 -0.3005011 0.168885 -0.2255811 -0.5227966 0.1876179 -0.2240812 0.1650328 0.1218199 -0.2508192 0.1671898 0.135438 -0.2435167 -0.2648971 0.1218199 -0.2508193 -0.4956738 0.1714347 -0.2242138 -0.5262945 0.1614855 -0.229549 -0.511772 0.168885 -0.2255811 -0.5378195 0.1499604 -0.2357292 -0.5759213 0.1218199 -0.2508192 -0.5473759 0.1218199 -0.2508192 -0.5452191 0.135438 -0.2435167 -0.5473759 0.1218199 -0.2508192 -0.2103919 0.1218199 -0.2508193 -0.2648971 0.1218199 -0.2968117 -0.2103919 0.1218199 -0.2968496 -0.2648971 0.1218199 -0.2508193 0.1328325 0.1218199 -0.2508192 0.1889982 0.8772664 -0.2208374 0.3922774 0.8772664 -0.2208374 0.4939078 0.4192616 -0.3084827 0.1982374 0.8667508 -0.2197429 0.3852128 0.8667507 -0.2197428 0.4119953 0.8940207 -0.2153049 -0.0845781 0.8940207 0.2152877 -0.0771084 0.8999153 -0.2080981 -0.2703028 0.1418141 -0.3184266 -0.2744536 0.1499604 -0.3184266 -0.2239221 0.3851528 -0.3184267 -0.4956738 0.1714347 -0.3184266 -0.5770694 0.2760785 -0.3184266 -0.5576549 0.3051343 -0.3184266 -0.5849203 0.2366091 -0.3184266 -0.528599 0.3245489 -0.3184266 -0.5960858 0.2839554 -0.3144111 -0.3165993 0.1714347 -0.3184266 -0.5722094 0.3196889 -0.3144111 -0.5378195 0.1499604 -0.3184266 -0.5849203 0.1418141 -0.3184266 -0.511772 0.168885 -0.3184266 -0.6051081 0.1418141 -0.3144111 -0.6051081 0.2385974 -0.3144111 -0.2859786 0.1614855 -0.3184266 -0.327401 0.3851528 -0.3144111 -0.3005011 0.168885 -0.3184266 -0.5262945 0.1614855 -0.3184266 -0.5419703 0.1418141 -0.3184266 -0.6105218 0.12182 0.2892968 -0.1517074 0.4317345 -0.2831361 0.1233387 0.4257085 -0.2996282 -0.158636 0.4257086 -0.2996278 0.1185826 0.4317345 -0.2831361 0.1291408 0.4193406 -0.3084966 0.4475116 0.1218199 -0.2508192 0.1650328 0.1218199 -0.2508192 0.1539187 0.1218199 -0.2969903 0.1650328 0.1218199 -0.2969911 0.2006368 0.168885 -0.2255811 0.410905 0.1876179 -0.2240812 0.4119077 0.168885 -0.2255811 0.4198419 0.1648423 -0.2277489 0.216735 0.1714347 -0.2242138 0.3958095 0.1714347 -0.2242138 0.476057 0.1218199 -0.2508192 0.433611 0.1543046 -0.2333997 0.4379552 0.1499604 -0.2357292 0.4453548 0.135438 -0.2435167 0.4475116 0.1218199 -0.2508192 0.53352 0.3033542 0.2802216 0.53352 0.3512589 0.2802216 0.5378091 0.3543526 0.2876092 0.5311076 0.3067947 0.2743658 0.5311076 0.3478184 0.2743658 0.5378091 0.3002606 0.2876092 0.5378091 0.1418142 0.3184096 0.5378091 0.3002606 0.2876092 0.5378091 0.3543526 0.2876092 0.2084397 0.8462918 -0.2009267 0.2039453 0.4254387 -0.299581 0.2039453 0.8576441 -0.2138719 0.2084397 0.430992 -0.2832833 0.2084397 0.8462918 -0.2009267 0.3812648 0.8576438 -0.2138716 0.3788236 0.8462918 -0.2009267 0.2039453 0.8576441 -0.2138719 0.3812648 0.8576438 -0.2138716 0.4939078 0.4192616 -0.3084827 0.4862473 0.4254389 -0.2995806 0.4796998 0.430992 -0.2832833 0.3788236 0.8462918 -0.2009267 -0.05119195 0.8455493 -0.201074 -0.158636 0.4257086 -0.2996278 -0.05377528 0.8574125 -0.2140182 -0.1517074 0.4317345 -0.2831361 -0.05777441 0.8666829 -0.2197857 -0.05377528 0.8574125 -0.2140182 0.1185826 0.8455493 -0.201074 -0.05119195 0.8455493 -0.201074 0.1233387 0.8574128 -0.2140185 0.1233387 0.8574128 -0.2140185 0.1233387 0.4257085 -0.2996282 0.1185826 0.8455493 -0.201074 0.1185826 0.4317345 -0.2831361 0.3788236 0.8462918 -0.2009267 0.2084397 0.430992 -0.2832833 0.2084397 0.8462918 -0.2009267 0.4796998 0.430992 -0.2832833 0.1185826 0.4317345 -0.2831361 -0.05119195 0.8455493 -0.201074 0.1185826 0.8455493 -0.201074 -0.1517074 0.4317345 -0.2831361 -0.0908532 0.8483506 0.1717114 -0.173511 0.4433891 0.2396173 -0.1910977 0.4356513 0.2535524 -0.07877573 0.8334074 0.162274 -0.1910977 0.4356512 -0.2535695 -0.173511 0.4433891 0.2396173 -0.07877573 0.8334074 -0.1622913 -0.173511 0.443389 -0.2396344 -0.07877573 0.8334074 0.162274 -0.0908532 0.8483506 -0.1717286 -0.173511 0.443389 -0.2396344 -0.07877573 0.8334074 -0.1622913 -0.1910977 0.4356512 -0.2535695 -0.0771084 0.8999153 0.2080808 0.481922 0.555096 0.1943194 0.4181657 0.8175766 0.1422677 0.4933227 0.5452318 0.2117654 0.4933227 0.5452317 -0.2117825 0.481922 0.555096 -0.1943365 0.481922 0.555096 0.1943194 0.4238409 0.831273 -0.1550544 0.481922 0.555096 -0.1943365 0.4181657 0.8175765 -0.1422849 0.4181657 0.8175766 0.1422677 0.5378091 0.1418142 -8.502121e-06 0.5378091 0.3002605 -0.1584549 0.5378091 0.3002606 0.1584379 0.5378091 0.3543526 0.1584378 0.4862473 0.425439 0.2995635 0.2039453 0.4254388 0.2995639 0.1982374 0.4192617 0.3084657 0.4796998 0.4309921 0.2832662 0.2084397 0.4309921 0.2832662 0.1982374 0.8667508 0.2197256 0.4939078 0.4192617 0.3084656 0.3852128 0.8667508 0.2197256 -0.05777441 0.866683 0.2197684 -0.1664337 0.4193408 0.3084794 0.1291408 0.4193407 0.3084795 0.1982374 0.4192616 -0.3084828 0.1982374 0.8667508 -0.2197429 0.3852128 0.8667507 -0.2197428 -0.1664337 0.4193407 -0.3084965 0.1291408 0.866683 -0.2197858 0.1291408 0.4193406 -0.3084966 -0.1910977 0.4356513 0.2535524 -0.173511 0.4433891 0.2396173 -0.173511 0.443389 -0.2396344 -0.0908532 0.8483506 0.1717114 -0.07877573 0.8334074 -0.1622913 -0.07877573 0.8334074 0.162274 -0.0908532 0.8483506 -0.1717286 -0.6222224 0.1418142 0.3029586 -0.6222224 0.2402831 0.3029586 -0.6122072 0.2906332 0.3029586 -0.6336579 0.1418142 0.2858443 -0.6336578 0.2414094 0.2858443 -0.6105218 0.1218199 -0.2893138 -0.6376734 0.1418141 -0.2656736 -0.6336579 0.1418141 -0.2858613 -0.6122071 0.290633 -0.3029756 -0.6222224 0.240283 -0.3029756 -0.6222224 0.1418141 -0.3029756 -0.5364759 0.3435654 0.314394 -0.4151261 0.385153 0.3029586 -0.5431536 0.3596867 0.3029586 -0.5845482 0.3320277 0.3029586 -0.6151763 0.12182 0.2821053 -0.5431536 0.3596866 -0.3029757 -0.5845482 0.3320276 -0.3029757 -0.4151261 0.3851529 -0.3029757 -0.5364759 0.3435653 -0.3144111 -0.6033876 0.1218199 -0.2944544 0.5378091 0.1418142 0.3184096 0.442106 0.1418142 0.3184096 0.5182525 0.12182 0.2969986 0.4453548 0.1354381 0.3115757 0.4475116 0.12182 0.2969937 0.1671898 0.1354381 0.3115736 0.1539187 0.12182 0.2969733 0.1650328 0.12182 0.2969741 -0.2103919 0.1418142 0.3184096 -0.2103919 0.12182 0.2968326 0.1637086 0.1418142 0.3184096 0.1704385 0.1418142 0.3184096 -0.2648971 0.12182 0.2967947 0.3566755 0.1293718 0.1711495 0.3784304 0.187618 -0.1916066 0.3784304 0.187618 0.1915896 0.3566755 0.1293718 -0.1711665 0.442106 0.1418141 -0.3184266 0.5182525 0.1218199 -0.2970156 0.4453548 0.135438 -0.3115987 0.4475116 0.1218199 -0.2970107 0.5378091 0.1418141 -0.3184266 0.1539187 0.1218199 -0.2969903 -0.2103919 0.1218199 -0.2968496 -0.2103919 0.1418141 -0.3184266 0.1671898 0.135438 -0.3115911 0.1650328 0.1218199 -0.2969911 0.1637086 0.1418141 -0.3184266 0.1704385 0.1418141 -0.3184266 -0.2648971 0.1218199 -0.2968117 -0.267054 0.135438 -0.3115458 -0.6051081 0.1418142 0.3143941 -0.594553 0.12182 0.2965653 -0.5849203 0.1418142 0.3184096 -0.6033876 0.12182 0.2944374 -0.5473759 0.12182 0.2965981 -0.5452191 0.1354381 0.3114435 -0.6222224 0.1418142 0.3029586 -0.6105218 0.12182 0.2892968 -0.6151763 0.12182 0.2821053 -0.6222224 0.1418141 -0.3029756 -0.6105218 0.1218199 -0.2893138 -0.6033876 0.1218199 -0.2944544 -0.6051081 0.1418141 -0.3144111 -0.594553 0.1218199 -0.2965823 -0.5849203 0.1418141 -0.3184266 -0.5419703 0.1418141 -0.3184266 -0.5452191 0.135438 -0.3114903 -0.267054 0.1354381 0.3114894 -0.2703028 0.1418142 0.3184096 -0.5419703 0.1418142 0.3184096 -0.2703028 0.1418141 -0.3184266 -0.5473759 0.1218199 -0.2966151 0.4379552 0.1499605 0.3184096 0.1745893 0.1499605 0.3184096 0.1704385 0.1418142 0.3184096 0.442106 0.1418142 0.3184096 -0.1983646 0.187618 0.1915896 0.09830299 0.1293718 0.1711495 0.1062702 0.187618 0.1915896 -0.490322 0.187618 0.1915896 -0.4680656 0.1293718 0.1711495 -0.190899 0.1293718 0.1711495 0.3566755 0.1293718 0.1711495 0.3784304 0.187618 0.1915896 0.53352 0.3512589 0.1658254 0.5378091 0.3002606 0.1584379 0.5378091 0.3543526 0.1584378 0.53352 0.3033542 0.1658254 0.5311076 0.3478184 0.1716812 0.5311076 0.3067947 0.1716812 0.5336488 0.3515144 -0.2808489 0.5378091 0.3002605 -0.2876263 0.5378091 0.3543525 -0.2876263 0.5336488 0.3030986 -0.2808488 0.5311453 0.3481061 -0.2750701 0.5311453 0.3065069 -0.2750701 0.5378091 0.3543526 0.1584378 0.53352 0.3512589 0.2802216 0.53352 0.3512589 0.1658254 0.5378091 0.3543526 0.2876092 0.5311076 0.3478184 0.2743658 0.5311076 0.3478184 0.1716812 0.5378091 0.3543525 -0.2876263 0.5378091 0.3543525 -0.1584549 0.5336488 0.3515144 -0.1652324 0.5336488 0.3515144 -0.2808489 0.5311453 0.3481061 -0.1710111 0.5311453 0.3481061 -0.2750701 0.5378091 0.3002605 -0.1584549 0.5378091 0.3002605 -0.2876263 0.5336488 0.3030986 -0.2808488 0.5336488 0.3030986 -0.1652323 0.5311453 0.3065069 -0.2750701 0.5311453 0.3065069 -0.1710111 0.5301083 0.3429926 0.2685396 0.5301083 0.3116206 0.1775075 0.5301083 0.3429926 0.1775075 0.5301083 0.3116206 0.2685396 0.5336488 0.3030986 -0.1652323 0.5336488 0.3515144 -0.1652324 0.5378091 0.3543525 -0.1584549 0.5311453 0.3065069 -0.1710111 0.5311453 0.3481061 -0.1710111 0.5378091 0.3002605 -0.1584549 0.5301083 0.3432936 -0.2692756 0.5301083 0.3113194 -0.1768056 0.5301083 0.3113194 -0.2692756 0.5301083 0.3432936 -0.1768056 0.481922 0.555096 0.1943194 0.481922 0.555096 -0.1943365 0.4181657 0.8175765 -0.1422849 0.4181657 0.8175766 0.1422677 0.1637086 0.8940193 -0.2153052 0.1637086 0.8940194 0.2152879 0.4119953 0.8940207 0.2152877 -0.4680656 0.1293718 -0.1711665 -0.490322 0.187618 0.1915896 -0.490322 0.187618 -0.1916066 -0.4680656 0.1293718 0.1711495 0.433611 0.1543046 -0.1785031 0.4198419 0.1648424 0.1784861 0.4198419 0.1648423 -0.1785031 0.433611 0.1543046 -0.2333997 0.476057 0.1218199 -0.2508192 0.476057 0.12182 0.2508022 0.433611 0.1543047 0.1784861 0.4198419 0.1648423 -0.2277489 0.4264302 0.1614855 -0.1785031 0.410905 0.1876179 -0.2240812 0.410905 0.187618 0.2240642 0.4198419 0.1648424 0.2277319 0.4119077 0.168885 -0.3184266 0.4264302 0.1614855 -0.3184266 0.4264302 0.1614856 0.1784861 0.4119077 0.1688851 0.3184096 0.4119077 0.1688851 0.2255641 0.433611 0.1543047 0.2333827 -0.4956738 0.1714348 0.2241968 -0.3165993 0.1714348 0.3184096 -0.4956738 0.1714348 0.3184096 -0.3165993 0.1714348 0.2241968 -0.3005011 0.1688851 0.2255641 -0.3005011 0.1688851 0.3184096 -0.511772 0.1688851 0.2255641 -0.511772 0.1688851 0.3184096 -0.5262945 0.1614856 0.229532 -0.5262945 0.1614856 0.3184096 -0.5378195 0.1499605 0.2357122 -0.5378195 0.1499605 0.3184096 -0.5452191 0.1354381 0.2434997 -0.5452191 0.1354381 0.3114435 -0.5473759 0.12182 0.2965981 -0.5473759 0.12182 0.2508022 -0.5419703 0.1418142 0.3184096 -0.2859786 0.1614856 0.229532 -0.2859786 0.1614856 0.3184096 -0.2744536 0.1499605 0.2357122 -0.2744536 0.1499605 0.3184096 -0.267054 0.1354381 0.2434997 -0.267054 0.1354381 0.3114894 -0.2703028 0.1418142 0.3184096 -0.2648971 0.12182 0.2967947 -0.2648971 0.12182 0.2508023 0.3958095 0.1714348 0.3184096 0.216735 0.1714348 0.3184096 0.216735 0.1714348 0.2241968 0.3958095 0.1714348 0.2241968 0.2006368 0.1688851 0.2255641 0.433611 0.1543047 0.1784861 0.4264302 0.1614856 0.1784861 0.4198419 0.1648424 0.1784861 0.4264302 0.1614856 0.3184096 0.4379552 0.1499605 0.2357122 0.4379552 0.1499605 0.3184096 0.4453548 0.1354381 0.2434997 0.4453548 0.1354381 0.3115757 0.442106 0.1418142 0.3184096 0.4475116 0.12182 0.2969937 0.4475116 0.12182 0.2508022 0.2006368 0.1688851 0.3184096 0.1861143 0.1614856 0.229532 0.1861143 0.1614856 0.3184096 0.1745893 0.1499605 0.2357122 0.1745893 0.1499605 0.3184096 0.1671898 0.1354381 0.2434997 0.1671898 0.1354381 0.3115736 0.1650328 0.12182 0.2969741 0.1650328 0.12182 0.2508022 0.1704385 0.1418142 0.3184096 -0.4956738 0.1714347 -0.3184266 -0.511772 0.168885 -0.2255811 -0.511772 0.168885 -0.3184266 -0.3165993 0.1714347 -0.2242138 -0.4956738 0.1714347 -0.2242138 -0.3165993 0.1714347 -0.3184266 -0.3005011 0.168885 -0.2255811 -0.5262945 0.1614855 -0.229549 -0.5262945 0.1614855 -0.3184266 -0.5378195 0.1499604 -0.2357292 -0.5378195 0.1499604 -0.3184266 -0.5452191 0.135438 -0.3114903 -0.5419703 0.1418141 -0.3184266 -0.5452191 0.135438 -0.2435167 -0.5473759 0.1218199 -0.2966151 -0.5473759 0.1218199 -0.2508192 -0.3005011 0.168885 -0.3184266 -0.2859786 0.1614855 -0.229549 -0.2859786 0.1614855 -0.3184266 -0.2744536 0.1499604 -0.2357292 -0.2744536 0.1499604 -0.3184266 -0.267054 0.135438 -0.2435167 -0.267054 0.135438 -0.3115458 -0.2648971 0.1218199 -0.2968117 -0.2648971 0.1218199 -0.2508193 -0.2703028 0.1418141 -0.3184266 0.3958095 0.1714347 -0.2242138 0.3958095 0.1714347 -0.3184266 0.4119077 0.168885 -0.2255811 0.216735 0.1714347 -0.2242138 0.216735 0.1714347 -0.3184266 0.2006368 0.168885 -0.2255811 0.2006368 0.168885 -0.3184266 0.433611 0.1543046 -0.1785031 0.4198419 0.1648423 -0.1785031 0.4264302 0.1614855 -0.1785031 0.4379552 0.1499604 -0.2357292 0.4379552 0.1499604 -0.3184266 0.4453548 0.135438 -0.2435167 0.4453548 0.135438 -0.3115987 0.4475116 0.1218199 -0.2970107 0.4475116 0.1218199 -0.2508192 0.442106 0.1418141 -0.3184266 0.1861143 0.1614855 -0.229549 0.1861143 0.1614855 -0.3184266 0.1745893 0.1499604 -0.2357292 0.1745893 0.1499604 -0.3184266 0.1671898 0.135438 -0.3115911 0.1704385 0.1418141 -0.3184266 0.1671898 0.135438 -0.2435167 0.1650328 0.1218199 -0.2969911 0.1650328 0.1218199 -0.2508192 0.00940664 0.3687793 0.3327075 0.08274757 0.3569735 0.3327075 0.08274757 0.3687793 0.3327075 0.00940664 0.3569735 0.3327075 0.006667846 0.3715181 0.3319737 0.08822518 0.3742569 0.3133044 0.003929038 0.3742569 0.32723 0.08822518 0.3742569 0.32723 0.003929038 0.3742569 0.3133044 0.004662897 0.3735231 0.3299687 0.08749132 0.3735231 0.3299687 0.003929038 0.3742569 0.3133044 0.003929038 0.3514959 0.32723 0.003929038 0.3742569 0.32723 0.003929038 0.3514959 0.3133044 0.004662897 0.3522298 0.3299687 0.004662897 0.3735231 0.3299687 0.08822518 0.3742569 0.32723 0.08822518 0.3514959 0.3133044 0.08822518 0.3742569 0.3133044 0.08822518 0.3514959 0.32723 0.08749132 0.3735231 0.3299687 0.08548637 0.3715181 0.3319737 0.08749132 0.3735231 0.3299687 0.004662897 0.3735231 0.3299687 0.006667846 0.3542347 0.3319737 0.08548637 0.3542347 0.3319737 0.08749132 0.3522298 0.3299687 0.004662897 0.3735231 0.3299687 0.004662897 0.3522298 0.3299687 0.08749132 0.3522298 0.3299687 0.08749132 0.3735231 0.3299687 0.08749132 0.3522298 0.3299687 0.003929038 0.3514959 0.32723 0.08822518 0.3514959 0.32723 0.08749132 0.3522298 0.3299687 0.004662897 0.3522298 0.3299687 0.003929038 0.3514959 0.3133044 0.08822518 0.3514959 0.3133044 0.004662897 0.3522298 0.3299687 0.00940664 0.3687792 -0.3327246 0.08274757 0.3687792 -0.3327246 0.08274757 0.3569734 -0.3327246 0.00940664 0.3569734 -0.3327246 0.08548637 0.3542346 -0.3319908 0.006667846 0.371518 -0.3319908 0.08548637 0.371518 -0.3319908 0.006667846 0.3542346 -0.3319908 0.003929038 0.3742568 -0.327247 0.08822518 0.3742568 -0.3133215 0.08822518 0.3742568 -0.327247 0.003929038 0.3742568 -0.3133215 0.004662897 0.373523 -0.3299858 0.003929038 0.3742568 -0.3133215 0.003929038 0.3514958 -0.327247 0.003929038 0.3514958 -0.3133215 0.003929038 0.3742568 -0.327247 0.004662897 0.3522297 -0.3299858 0.08822518 0.3742568 -0.327247 0.08822518 0.3742568 -0.3133215 0.08822518 0.3514958 -0.3133215 0.08822518 0.3514958 -0.327247 0.08749132 0.373523 -0.3299858 0.08749132 0.373523 -0.3299858 0.08749132 0.3522297 -0.3299858 0.004662897 0.3522297 -0.3299858 0.004662897 0.373523 -0.3299858 0.004662897 0.3522297 -0.3299858 0.004662897 0.373523 -0.3299858 0.08749132 0.3522297 -0.3299858 0.08749132 0.373523 -0.3299858 0.08749132 0.3522297 -0.3299858 0.004662897 0.3522297 -0.3299858 0.08749132 0.3522297 -0.3299858 0.003929038 0.3514958 -0.327247 0.08822518 0.3514958 -0.327247 0.003929038 0.3514958 -0.3133215 0.08749132 0.373523 -0.3299858 0.004662897 0.373523 -0.3299858 0.08822518 0.3514958 -0.3133215 -0.6490319 0.422582 0.09985967 -0.6490319 0.422582 0.2522445 -0.6607821 0.4280072 0.2599816 -0.6607821 0.4280072 0.0921226 -0.6605589 0.4260741 0.2701515 -0.6616443 0.4354747 0.2666951 -0.6610176 0.4300465 0.261807 -0.649946 0.3341606 0.2599816 -0.6486341 0.3227993 0.2701515 -0.6607821 0.4280072 0.2599816 -0.649946 0.3341606 0.09212261 -0.6486341 0.3227993 0.08195269 -0.6620939 0.4393685 0.2583506 -0.6607821 0.4280072 0.0921226 -0.5702937 0.4339158 0.09375357 -0.5863412 0.4354746 0.08540907 -0.5865656 0.4393685 0.09375357 -0.5702937 0.4339159 0.2583506 -0.4940859 0.3806159 0.09375358 -0.5863412 0.4354747 0.2666951 -0.569924 0.4301301 0.2666951 -0.4940859 0.3806159 0.2583506 -0.569924 0.4301301 0.08540907 -0.4940859 0.3790894 0.2666951 -0.4940859 0.3754038 0.2701515 -0.563608 0.3240147 0.2701515 -0.4940859 0.3349143 0.2701515 -0.5692686 0.4211714 0.2701515 -0.5798364 0.3227993 0.2701515 -0.4940859 0.3754038 0.2701515 -0.4940859 0.3790894 0.2666951 -0.6486341 0.3227993 0.2701515 -0.6486341 0.3227993 0.08195269 -0.5798364 0.3227993 0.2701515 -0.5798364 0.3227993 0.08195269 -0.6620939 0.4393685 0.09375357 -0.6610176 0.4300465 0.09029717 -0.6605589 0.4260741 0.08195268 -0.6616443 0.4354746 0.08540907 -0.6490319 0.422582 0.09985967 -0.6391947 0.3428832 0.2522445 -0.6490319 0.422582 0.2522445 -0.6391947 0.3428832 0.09985968 -0.6391947 0.3428832 0.2522445 -0.6391947 0.3428832 0.09985968 -0.649946 0.3341606 0.09212261 -0.649946 0.3341606 0.2599816 -0.6391947 0.3428832 0.09985968 -0.6490319 0.422582 0.09985967 -0.6607821 0.4280072 0.0921226 -0.649946 0.3341606 0.09212261 -0.6607821 0.4280072 0.2599816 -0.6391947 0.3428832 0.2522445 -0.649946 0.3341606 0.2599816 -0.6490319 0.422582 0.2522445 -0.6620939 0.4393685 0.09375357 -0.6620939 0.4393685 0.2583506 -0.5865656 0.4393685 0.2583506 -0.6616443 0.4354746 0.08540907 -0.6616443 0.4354747 0.2666951 -0.5863412 0.4354746 0.08540907 -0.569924 0.4301301 0.08540907 -0.5857989 0.4260741 0.08195268 -0.6605589 0.4260741 0.08195268 -0.6616443 0.4354746 0.08540907 -0.6486341 0.3227993 0.08195269 -0.5863412 0.4354747 0.2666951 -0.6605589 0.4260741 0.2701515 -0.5857989 0.4260741 0.2701515 -0.6616443 0.4354747 0.2666951 -0.6486341 0.3227993 0.2701515 -0.569924 0.4301301 0.2666951 -0.5692686 0.4211714 0.08195268 -0.563608 0.3240147 0.08195269 -0.5798364 0.3227993 0.08195269 -0.4940859 0.3790893 0.08540908 -0.4940859 0.3754038 0.08195268 -0.4940859 0.3790893 0.08540908 -0.4940859 0.3754038 0.08195268 -0.4940859 0.3349143 0.08195269 -0.6607821 0.4280072 -0.0921397 -0.6607821 0.4280071 -0.2599987 -0.6490319 0.4225819 -0.09987677 -0.6490319 0.4225819 -0.2522616 -0.6605589 0.426074 -0.2701686 -0.649946 0.3341605 -0.2599986 -0.6607821 0.4280071 -0.2599987 -0.6610176 0.4300464 -0.2618241 -0.6616443 0.4354746 -0.2667122 -0.6486341 0.3227992 -0.2701686 -0.6620939 0.4393684 -0.2583677 -0.649946 0.3341605 -0.09213968 -0.5702937 0.4339158 -0.2583677 -0.4940859 0.3806159 -0.09377067 -0.4940859 0.3806159 -0.2583677 -0.5863412 0.4354746 -0.2667122 -0.5865656 0.4393684 -0.2583677 -0.5865656 0.4393684 -0.09377068 -0.5702937 0.4339158 -0.09377068 -0.569924 0.4301301 -0.08542617 -0.4940859 0.3790893 -0.08542616 -0.569924 0.43013 -0.2667122 -0.5863412 0.4354746 -0.08542617 -0.4940859 0.3754037 -0.2701686 -0.563608 0.3240146 -0.2701686 -0.5692686 0.4211713 -0.2701686 -0.4940859 0.3349143 -0.2701686 -0.5798364 0.3227992 -0.2701686 -0.5857989 0.426074 -0.2701686 -0.5798364 0.3227992 -0.2701686 -0.5798364 0.3227993 -0.08196976 -0.6486341 0.3227993 -0.08196976 -0.6486341 0.3227992 -0.2701686 -0.6486341 0.3227993 -0.08196976 -0.6605589 0.4260741 -0.08196978 -0.6620939 0.4393684 -0.09377068 -0.6610176 0.4300464 -0.09031427 -0.6616443 0.4354746 -0.08542617 -0.6607821 0.4280072 -0.0921397 -0.6490319 0.4225819 -0.09987677 -0.6490319 0.4225819 -0.2522616 -0.6391947 0.3428831 -0.2522616 -0.6391947 0.3428831 -0.09987676 -0.649946 0.3341605 -0.2599986 -0.649946 0.3341605 -0.09213968 -0.6391947 0.3428831 -0.2522616 -0.6391947 0.3428831 -0.09987676 -0.6391947 0.3428831 -0.09987676 -0.6607821 0.4280072 -0.0921397 -0.6490319 0.4225819 -0.09987677 -0.649946 0.3341605 -0.09213968 -0.6607821 0.4280071 -0.2599987 -0.6391947 0.3428831 -0.2522616 -0.6490319 0.4225819 -0.2522616 -0.649946 0.3341605 -0.2599986 -0.6620939 0.4393684 -0.2583677 -0.6616443 0.4354746 -0.08542617 -0.6620939 0.4393684 -0.09377068 -0.6616443 0.4354746 -0.2667122 -0.4940859 0.3790893 -0.2667121 -0.6605589 0.4260741 -0.08196978 -0.5863412 0.4354746 -0.08542617 -0.6616443 0.4354746 -0.08542617 -0.5857989 0.4260741 -0.08196978 -0.6486341 0.3227993 -0.08196976 -0.5798364 0.3227993 -0.08196976 -0.5692686 0.4211713 -0.08196978 -0.569924 0.43013 -0.2667122 -0.6486341 0.3227992 -0.2701686 -0.6605589 0.426074 -0.2701686 -0.5863412 0.4354746 -0.2667122 -0.6616443 0.4354746 -0.2667122 -0.4940859 0.3754037 -0.2701686 -0.4940859 0.3790893 -0.2667121 -0.4940859 0.3790893 -0.08542616 -0.4940859 0.3754038 -0.08196977 -0.563608 0.3240146 -0.08196976 -0.569924 0.4301301 -0.08542617 -0.4940859 0.3754038 -0.08196977 -0.4940859 0.3349143 -0.08196976 0.5684239 0.1821145 -0.2939548 0.5797862 0.2005254 -0.2917595 0.5864306 0.1877924 -0.2942985 0.5753151 0.1693147 -0.2898701 0.5119046 0.1678655 -0.2897823 0.5119046 0.1821145 -0.2939549 0.5615509 0.1953717 -0.2914475 0.5119046 0.1568379 -0.2798406 0.5931077 0.175391 -0.2902379 0.5808249 0.1594809 -0.2800006 0.5793188 0.2141465 -0.28331 0.5745065 0.2110628 -0.2831233 0.5716065 0.2173648 -0.2701033 0.573509 0.2185229 -0.2701734 0.5561088 0.2064548 -0.2828443 0.5898096 0.2074027 -0.2921758 0.5531363 0.213126 -0.2698467 0.5716065 0.218262 -0.2552831 0.573509 0.2194201 -0.2553532 0.5745065 0.2135767 -0.2415979 0.5793188 0.2166604 -0.2417846 0.5561088 0.2089687 -0.241319 0.5615509 0.1990043 -0.2314416 0.5797862 0.204158 -0.2317536 0.5898096 0.2110354 -0.2321699 0.5684239 0.1861464 -0.2273533 0.5864306 0.1918243 -0.227697 0.6028439 0.2037684 -0.2284201 0.5753151 0.1729473 -0.2298642 0.5931077 0.1790236 -0.230232 0.6157858 0.1962282 -0.2312735 0.5808249 0.1619948 -0.2384752 0.5984711 0.168322 -0.2388583 0.6261003 0.1898247 -0.24016 0.5838734 0.1554281 -0.2514792 0.6014484 0.1618732 -0.2518694 0.6318039 0.1857827 -0.2533168 0.5838734 0.1545309 -0.2662994 0.6014484 0.160976 -0.2666896 0.6318039 0.1848855 -0.268137 0.5984711 0.1658081 -0.2803837 0.6261003 0.1873109 -0.2816854 0.6157858 0.1925956 -0.2912794 0.6386813 0.2801137 -0.2308276 0.6193794 0.2345352 -0.2240889 0.6348593 0.2262174 -0.2275639 0.6524001 0.2791498 -0.2418166 0.6028682 0.2041289 -0.2222449 0.6181208 0.1953119 -0.2256191 0.647191 0.2190462 -0.2381193 0.6599548 0.2780151 -0.2575803 0.6303313 0.1877826 -0.2361359 0.602844 0.1997365 -0.2950216 0.5793188 0.2166604 -0.2417846 0.5682241 0.2223739 -0.2540846 0.573509 0.2194201 -0.2553532 0.5751479 0.2191517 -0.2379557 0.573509 0.2185229 -0.2701734 0.5898096 0.2110354 -0.2321699 0.5875382 0.2125947 -0.2266315 0.604182 0.2762919 -0.301895 0.5904176 0.2769874 -0.2908824 0.5953284 0.2772312 -0.287129 0.5888865 0.2780905 -0.2737795 0.6069361 0.2765801 -0.2963637 0.6214458 0.2758733 -0.3058278 0.6358854 0.2763512 -0.2963499 0.6386814 0.2758147 -0.3018416 0.6214108 0.276266 -0.2996546 0.6303313 0.1877826 -0.2361359 0.6157858 0.1962282 -0.2312735 0.6261003 0.1898247 -0.24016 0.6181208 0.1953119 -0.2256191 0.6318039 0.1857827 -0.2533168 0.6371063 0.1830087 -0.2517505 0.6028439 0.2037684 -0.2284201 0.6028682 0.2041289 -0.2222449 0.6474932 0.2768188 -0.287104 0.6524001 0.2761835 -0.2908165 0.653935 0.2775762 -0.2737483 0.6599548 0.2769587 -0.2750311 0.6303313 0.1847982 -0.2854337 0.6157858 0.1925956 -0.2912794 0.6181208 0.1910038 -0.296782 0.6261003 0.1873109 -0.2816854 0.602844 0.1997365 -0.2950216 0.6028683 0.1993494 -0.3011953 0.6371063 0.1819428 -0.2693572 0.6318039 0.1848855 -0.268137 0.5119046 0.1967628 -0.2915317 0.5682241 0.2213021 -0.2717891 0.5751479 0.2161577 -0.2874115 0.5793188 0.2141465 -0.28331 0.653935 0.2784734 -0.2589281 0.6599548 0.2780151 -0.2575803 0.5119046 0.151216 -0.2660988 0.6524001 0.2791498 -0.2418166 0.6474932 0.2793327 -0.2455786 0.5770657 0.3422897 -0.2605664 0.5953283 0.2797451 -0.2456036 0.5854306 0.3436114 -0.2432353 0.5888865 0.2780905 -0.2737795 0.5888865 0.2789877 -0.2589593 0.6069361 0.2802127 -0.2363578 0.6005038 0.3448275 -0.2312601 0.5531363 0.2140232 -0.2550265 0.5119046 0.211423 -0.2414676 0.5119046 0.2170449 -0.2552094 0.5119046 0.2003955 -0.2315258 0.5119046 0.1861464 -0.2273533 0.5119046 0.1714981 -0.2297764 0.5119046 0.1593518 -0.2383152 0.5119046 0.1521132 -0.2512785 0.5119046 0.2089091 -0.2829929 0.5119046 0.2161477 -0.2700296 0.6351567 0.3416018 -0.303192 0.6330531 0.2756397 -0.2754363 0.647873 0.3426277 -0.2930893 0.6279074 0.2752246 -0.2795244 0.6549298 0.3437427 -0.2784683 0.6192998 0.3408683 -0.3067754 0.6214908 0.2749277 -0.2809744 0.6531688 0.3425442 -0.2973176 0.6474932 0.2768188 -0.287104 0.6380957 0.3413282 -0.3092928 0.6615338 0.3438659 -0.2799866 0.653935 0.2775762 -0.2737483 0.6358854 0.2763512 -0.2963499 0.6192998 0.3404587 -0.3135403 0.6192998 0.3456969 -0.2270126 0.6069361 0.2765801 -0.2963637 0.6005038 0.340108 -0.3092189 0.6214108 0.276266 -0.2996546 0.6214108 0.2802979 -0.233053 0.6380957 0.3460477 -0.231334 0.6358854 0.2799838 -0.2363439 0.6474932 0.2793327 -0.2455786 0.6531688 0.3458102 -0.2433684 0.5953284 0.2772312 -0.287129 0.5854307 0.3403455 -0.2971845 0.6615338 0.3450315 -0.2607323 0.5770657 0.3411241 -0.2798206 0.653935 0.2784734 -0.2589281 0.5875383 0.2082825 -0.2978619 0.5898096 0.2074027 -0.2921758 0.6386813 0.2801137 -0.2308276 0.6358854 0.2799838 -0.2363439 0.6214458 0.2806528 -0.2268775 0.6214108 0.2802979 -0.233053 0.6069361 0.2802127 -0.2363578 0.6041819 0.2805938 -0.2308321 0.5953283 0.2797451 -0.2456036 0.5904174 0.2799558 -0.2418482 0.5888865 0.2789877 -0.2589593 0.5828442 0.2789631 -0.2576348 0.5828442 0.2779063 -0.2750913 0.6599548 0.2769587 -0.2750311 0.6471911 0.2160728 -0.2872362 0.6524001 0.2761835 -0.2908165 0.6303313 0.1847982 -0.2854337 0.6348594 0.2219183 -0.2985796 0.6540148 0.2134107 -0.2712225 0.6386814 0.2758147 -0.3018416 0.6371063 0.1830087 -0.2517505 0.6371063 0.1819428 -0.2693572 0.6540148 0.2144718 -0.2536949 0.6193795 0.2297562 -0.3030327 0.6214458 0.2758733 -0.3058278 0.5875383 0.2082825 -0.2978619 0.6037089 0.2379601 -0.2997134 0.604182 0.2762919 -0.301895 0.6181208 0.1910038 -0.296782 0.6041819 0.2805938 -0.2308321 0.6037089 0.2422789 -0.2283736 0.6214458 0.2806528 -0.2268775 0.5909181 0.2478612 -0.2396336 0.5828442 0.2789631 -0.2576348 0.5836898 0.2492019 -0.2735032 0.5836897 0.2502767 -0.2557487 0.5904174 0.2799558 -0.2418482 0.5682241 0.2223739 -0.2540846 0.5751479 0.2191517 -0.2379557 0.5875382 0.2125947 -0.2266315 0.5904176 0.2769874 -0.2908824 0.5828442 0.2779063 -0.2750913 0.5909182 0.24486 -0.2892091 0.5682241 0.2213021 -0.2717891 0.5751479 0.2161577 -0.2874115 0.6028683 0.1993494 -0.3011953 0.6005038 0.340108 -0.3092189 0.6192998 0.3408683 -0.3067754 0.6192998 0.3404587 -0.3135403 0.5907266 0.3407727 -0.2929771 0.6034428 0.3405724 -0.3031297 0.6351567 0.3416018 -0.303192 0.6380957 0.3413282 -0.3092928 0.5854307 0.3403455 -0.2971845 0.5770657 0.3411241 -0.2798206 0.5836696 0.3414296 -0.2783283 0.5770657 0.3422897 -0.2605664 0.5836696 0.342413 -0.2620847 0.5854306 0.3436114 -0.2432353 0.5907266 0.343528 -0.2474636 0.6005038 0.3448275 -0.2312601 0.6034428 0.3445539 -0.2373609 0.6192998 0.3456969 -0.2270126 0.6192998 0.3452874 -0.2337775 0.6380957 0.3460477 -0.231334 0.6351567 0.3455833 -0.2374232 0.6531688 0.3458102 -0.2433684 0.647873 0.345383 -0.2475759 0.6549298 0.3447261 -0.2622247 0.6615338 0.3450315 -0.2607323 0.6549298 0.3437427 -0.2784683 0.6615338 0.3438659 -0.2799866 0.647873 0.3426277 -0.2930893 0.6531688 0.3425442 -0.2973176 0.6359087 0.2764888 -0.2629468 0.6279074 0.2752246 -0.2795244 0.6214908 0.2749277 -0.2809744 0.6359087 0.2760909 -0.2695198 0.6330531 0.2756397 -0.2754363 0.6330531 0.2767546 -0.2570191 0.6070729 0.2751549 -0.2694631 0.6214908 0.2767159 -0.2514355 0.6099286 0.2748891 -0.2753908 0.6150743 0.2764191 -0.2528855 0.6279074 0.2768357 -0.2529107 0.6150743 0.274808 -0.2794992 0.6070729 0.2755528 -0.2628901 0.6099286 0.276004 -0.2569736 0.6034428 0.3445539 -0.2373609 0.6099286 0.276004 -0.2569736 0.5907266 0.343528 -0.2474636 0.6150743 0.2764191 -0.2528855 0.5836696 0.342413 -0.2620847 0.6192998 0.3452874 -0.2337775 0.6214908 0.2767159 -0.2514355 0.6279074 0.2768357 -0.2529107 0.6150743 0.274808 -0.2794992 0.6034428 0.3405724 -0.3031297 0.6099286 0.2748891 -0.2753908 0.6351567 0.3455833 -0.2374232 0.6330531 0.2767546 -0.2570191 0.647873 0.345383 -0.2475759 0.6549298 0.3447261 -0.2622247 0.6359087 0.2764888 -0.2629468 0.5907266 0.3407727 -0.2929771 0.5836696 0.3414296 -0.2783283 0.6070729 0.2751549 -0.2694631 0.6359087 0.2760909 -0.2695198 0.6070729 0.2755528 -0.2628901 -0.4831936 0.2448785 0.3612539 -0.5382596 0.231787 0.3604565 -0.5383723 0.2265629 0.3612539 -0.331877 0.1493854 0.3612539 -0.331877 0.2448785 0.3612539 -0.331877 0.2500634 0.3604565 -0.4831936 0.2500634 0.3604565 -0.4831936 0.1493854 0.3612539 -0.4831936 0.1493854 0.3612539 -0.2780354 0.2437912 0.3449621 -0.2671788 0.2401888 0.3347404 -0.2671788 0.2401888 0.3118858 -0.331877 0.261657 0.3118858 -0.331877 0.261657 0.3449621 -0.331877 0.2608358 0.3499965 -0.2776694 0.2428483 0.3499965 -0.4831936 0.261657 0.3449621 -0.273723 0.2423603 0.3442791 -0.2677792 0.240388 0.3385308 -0.2624006 0.2377926 0.3118858 -0.4831936 0.2608358 0.3499965 -0.2682379 0.2397221 0.3470765 -0.2709878 0.2414527 0.3428854 -0.2722956 0.2410662 0.349144 -0.2651232 0.2386913 0.3439618 -0.2689697 0.2407831 0.3408673 -0.2624006 0.237792 0.3351575 -0.2631961 0.2380544 0.3401795 -0.5633543 0.2184826 0.3360903 -0.5621227 0.1557397 0.3438662 -0.5621227 0.2188585 0.3438662 -0.5633543 0.1556429 0.3118858 -0.5633543 0.1556429 0.3360903 -0.5633543 0.2184935 0.3118858 -0.5606471 0.1464135 0.3438662 -0.561828 0.1459961 0.3118858 -0.561828 0.1459961 0.3360903 -0.5564634 0.1391504 0.3438663 -0.5573986 0.1383065 0.3118858 -0.5573986 0.1383065 0.3360903 -0.5572201 0.1476249 0.350881 -0.5585486 0.1560207 0.350881 -0.5625975 0.2238558 0.3360242 -0.5585486 0.2199937 0.350881 -0.2766982 0.2265629 0.3612539 -0.331877 0.1493854 0.3612539 -0.2759413 0.1563433 0.3612539 -0.2699139 0.151889 0.3600222 -0.2691037 0.1570099 0.3600222 -0.2717202 0.1496103 0.3600222 -0.2708752 0.1502203 0.3600222 -0.3167425 0.1443635 0.3600222 -0.2691038 0.2240648 0.3600222 -0.2736067 0.1492236 0.3600222 -0.331877 0.1493854 0.3612539 -0.4831936 0.1493854 0.3118858 -0.331877 0.1493854 0.3118858 -0.4831936 0.1493854 0.3612539 -0.4983281 0.1443635 0.3600222 -0.5119811 0.1398331 0.356448 -0.5321697 0.1331341 0.3360903 -0.5321697 0.1331341 0.3118858 -0.2922544 0.1362378 0.350881 -0.3030895 0.1398331 0.356448 -0.2517162 0.2184826 0.3360903 -0.2529478 0.1557397 0.3438662 -0.2517162 0.1556429 0.3360903 -0.2517162 0.1556429 0.3118858 -0.2517162 0.2184935 0.3118858 -0.2532425 0.1459961 0.3360903 -0.2532425 0.1459961 0.3118858 -0.252473 0.2238558 0.3360242 -0.2544233 0.1464135 0.3438662 -0.4831936 0.261657 0.3118858 -0.5370351 0.2437912 0.3449621 -0.2586071 0.1391504 0.3438663 -0.2576719 0.1383065 0.3360903 -0.2576719 0.1383065 0.3118858 -0.5504996 0.1333268 0.3118858 -0.5504996 0.1333269 0.3360903 -0.2732642 0.1315445 0.3118858 -0.2732642 0.1315445 0.3360903 -0.2829007 0.133134 0.3360903 -0.2645709 0.1333268 0.3118858 -0.2829007 0.133134 0.3118858 -0.5418063 0.1315445 0.3118858 -0.5418063 0.1315445 0.3360903 -0.5499931 0.1344802 0.3438663 -0.5228161 0.1362378 0.350881 -0.5416019 0.1420912 0.356448 -0.5417116 0.1364309 0.350881 -0.5297727 0.1339295 0.3438663 -0.541782 0.1327968 0.3438663 -0.3167425 0.1443635 0.3600222 -0.2852978 0.1339294 0.3438663 -0.2733589 0.1364309 0.350881 -0.2732884 0.1327968 0.3438663 -0.331877 0.1493854 0.3612539 -0.2645709 0.1333269 0.3360903 -0.5391292 0.1563433 0.3612539 -0.5451564 0.151889 0.3600222 -0.5441952 0.1502202 0.3600222 -0.4983281 0.1443635 0.3600222 -0.5459668 0.2240647 0.3600222 -0.5459668 0.1570099 0.3600222 -0.5433503 0.1496104 0.3600222 -0.5414638 0.1492236 0.3600222 -0.5119811 0.1398331 0.356448 -0.5462346 0.143041 0.356448 -0.5485235 0.1378275 0.350881 -0.549522 0.1454138 0.356448 -0.5537493 0.1415994 0.350881 -0.5518824 0.1495116 0.356448 -0.5529815 0.1564584 0.356448 -0.5529815 0.2217841 0.356448 -0.3030895 0.1398331 0.356448 -0.2734685 0.1420912 0.356448 -0.2665469 0.1378275 0.350881 -0.2688359 0.143041 0.356448 -0.2650773 0.1344802 0.3438663 -0.2655485 0.1454138 0.356448 -0.2613212 0.1415994 0.350881 -0.2631881 0.1495116 0.356448 -0.2578503 0.1476249 0.350881 -0.262089 0.1564584 0.356448 -0.256522 0.1560207 0.350881 -0.262089 0.2217841 0.356448 -0.256522 0.2199937 0.350881 -0.2529478 0.2188585 0.3438662 -0.5613968 0.2242315 0.3436051 -0.5579392 0.2253438 0.3503909 -0.552546 0.2270941 0.3557842 -0.5457407 0.2293198 0.3592517 -0.5374011 0.2428483 0.3499965 -0.4831936 0.2584526 0.3545382 -0.331877 0.2584526 0.3545382 -0.331877 0.2547407 0.3581424 -0.537749 0.2403488 0.3545382 -0.4831936 0.2547407 0.3581424 -0.5380449 0.2365373 0.3581424 -0.5413475 0.2423603 0.3442791 -0.5472913 0.240388 0.3385309 -0.5440827 0.2414527 0.3428854 -0.5468326 0.2397221 0.3470765 -0.5427749 0.2410662 0.349144 -0.5478916 0.2401888 0.3347404 -0.5493133 0.2365246 0.3508573 -0.5440626 0.238258 0.3535327 -0.551282 0.2321733 0.3538577 -0.5450845 0.2342104 0.3570155 -0.5499474 0.2386913 0.3439617 -0.5534174 0.2351737 0.3467532 -0.5461008 0.2407831 0.3408673 -0.5561712 0.2305744 0.3489685 -0.5592902 0.2295604 0.3428473 -0.5518745 0.2380544 0.3401796 -0.5569804 0.2340074 0.3355338 -0.556009 0.2343234 0.3416669 -0.5526699 0.237792 0.3351575 -0.5604012 0.2292053 0.3358325 -0.5569804 0.2340094 0.3118858 -0.5526699 0.2377926 0.3118858 -0.5478916 0.2401888 0.3118858 -0.5604012 0.2292098 0.3118858 -0.5625975 0.2238633 0.3118858 -0.2773214 0.2403488 0.3545382 -0.2657572 0.2365246 0.3508573 -0.2710079 0.238258 0.3535326 -0.2770256 0.2365373 0.3581424 -0.269986 0.2342104 0.3570155 -0.2637885 0.2321733 0.3538578 -0.2768108 0.231787 0.3604565 -0.2693299 0.2293198 0.3592517 -0.2616531 0.2351737 0.3467533 -0.2588993 0.2305744 0.3489685 -0.2625245 0.2270941 0.3557842 -0.2571312 0.2253438 0.3503909 -0.2590615 0.2343234 0.3416669 -0.2557803 0.2295604 0.3428473 -0.2536737 0.2242316 0.3436051 -0.2580901 0.2340074 0.3355338 -0.2546693 0.2292053 0.3358325 -0.2580901 0.2340094 0.3118858 -0.2546693 0.2292097 0.3118858 -0.252473 0.2238633 0.3118858 0.3833293 0.2448785 0.3612539 0.4383953 0.231787 0.3604565 0.3833293 0.2500634 0.3604565 0.3833293 0.1493854 0.3612539 0.438508 0.2265629 0.3612539 0.2320127 0.1493854 0.3612539 0.2320127 0.2448785 0.3612539 0.2320127 0.2500634 0.3604565 0.1768339 0.2265629 0.3612539 0.176077 0.1563433 0.3612539 0.1781711 0.2437912 0.3449621 0.2320127 0.261657 0.3118858 0.1673145 0.2401888 0.3118858 0.1738587 0.2423603 0.3442791 0.1778051 0.2428483 0.3499965 0.2320127 0.2608358 0.3499965 0.2320127 0.261657 0.3449621 0.1673145 0.2401888 0.3347404 0.1625363 0.2377926 0.3118858 0.1625363 0.237792 0.3351575 0.1679149 0.240388 0.3385308 0.1724313 0.2410662 0.349144 0.1683736 0.2397221 0.3470765 0.1711235 0.2414527 0.3428854 0.1633318 0.2380544 0.3401795 0.1691054 0.2407831 0.3408673 0.1652589 0.2386913 0.3439618 0.3833293 0.261657 0.3449621 0.46349 0.2184826 0.3360903 0.46349 0.1556429 0.3118858 0.46349 0.2184935 0.3118858 0.4627332 0.2238558 0.3360242 0.4622584 0.1557397 0.3438662 0.46349 0.1556429 0.3360903 0.4607828 0.1464135 0.3438662 0.4619637 0.1459961 0.3360903 0.4619637 0.1459961 0.3118858 0.4575343 0.1383065 0.3118858 0.4565991 0.1391504 0.3438663 0.4575343 0.1383065 0.3360903 0.4622584 0.2188585 0.3438662 0.4615326 0.2242315 0.3436051 0.4586843 0.1560207 0.350881 0.4573558 0.1476249 0.350881 0.1769465 0.231787 0.3604565 0.2320127 0.1493854 0.3612539 0.2168782 0.1443635 0.3600222 0.1692394 0.1570099 0.3600222 0.1700497 0.151889 0.3600222 0.1692395 0.2240648 0.3600222 0.1710109 0.1502203 0.3600222 0.1718559 0.1496103 0.3600222 0.1737424 0.1492236 0.3600222 0.2320127 0.1493854 0.3612539 0.3833293 0.1493854 0.3118858 0.3833293 0.1493854 0.3612539 0.2320127 0.1493854 0.3118858 0.4121168 0.1398331 0.356448 0.3984638 0.1443635 0.3600222 0.3833293 0.1493854 0.3612539 0.4229518 0.1362378 0.350881 0.2032252 0.1398331 0.356448 0.1923901 0.1362378 0.350881 0.1830364 0.133134 0.3360903 0.1830364 0.133134 0.3118858 0.1518519 0.2184935 0.3118858 0.1518519 0.1556429 0.3118858 0.1518519 0.2184826 0.3360903 0.1526087 0.2238558 0.3360242 0.1526087 0.2238633 0.3118858 0.1533782 0.1459961 0.3360903 0.1518519 0.1556429 0.3360903 0.1530835 0.1557397 0.3438662 0.1530835 0.2188585 0.3438662 0.154559 0.1464135 0.3438662 0.3833293 0.2608358 0.3499965 0.3833293 0.261657 0.3118858 0.1587428 0.1391504 0.3438663 0.1533782 0.1459961 0.3118858 0.1578076 0.1383065 0.3360903 0.4506353 0.1333268 0.3118858 0.1733999 0.1315445 0.3360903 0.1733999 0.1315445 0.3118858 0.1647066 0.1333268 0.3118858 0.1854335 0.1339294 0.3438663 0.441942 0.1315445 0.3360903 0.441942 0.1315445 0.3118858 0.4506353 0.1333269 0.3360903 0.4501288 0.1344802 0.3438663 0.4419177 0.1327968 0.3438663 0.4323054 0.1331341 0.3118858 0.4323054 0.1331341 0.3360903 0.4299084 0.1339295 0.3438663 0.4418473 0.1364309 0.350881 0.2168782 0.1443635 0.3600222 0.1734946 0.1364309 0.350881 0.1734241 0.1327968 0.3438663 0.1578076 0.1383065 0.3118858 0.1647066 0.1333269 0.3360903 0.4392649 0.1563433 0.3612539 0.4452921 0.151889 0.3600222 0.4461025 0.1570099 0.3600222 0.4443309 0.1502202 0.3600222 0.443486 0.1496104 0.3600222 0.3833293 0.1493854 0.3612539 0.3984638 0.1443635 0.3600222 0.4415995 0.1492236 0.3600222 0.4121168 0.1398331 0.356448 0.4417376 0.1420912 0.356448 0.4463703 0.143041 0.356448 0.4486592 0.1378275 0.350881 0.4496577 0.1454138 0.356448 0.453885 0.1415994 0.350881 0.4520181 0.1495116 0.356448 0.4531172 0.1564584 0.356448 0.2032252 0.1398331 0.356448 0.1736042 0.1420912 0.356448 0.1689716 0.143041 0.356448 0.1666826 0.1378275 0.350881 0.165213 0.1344802 0.3438663 0.1656842 0.1454138 0.356448 0.1614569 0.1415994 0.350881 0.1633238 0.1495116 0.356448 0.157986 0.1476249 0.350881 0.1622247 0.1564584 0.356448 0.1566577 0.1560207 0.350881 0.1622247 0.2217841 0.356448 0.1566577 0.2199937 0.350881 0.4586843 0.2199937 0.350881 0.4580749 0.2253438 0.3503909 0.1694656 0.2293198 0.3592517 0.4461025 0.2240647 0.3600222 0.4526817 0.2270941 0.3557842 0.4458764 0.2293198 0.3592517 0.4531172 0.2217841 0.356448 0.1626602 0.2270941 0.3557842 0.4371708 0.2437912 0.3449621 0.3833293 0.2584526 0.3545382 0.2320127 0.2584526 0.3545382 0.1774571 0.2403488 0.3545382 0.2320127 0.2547407 0.3581424 0.3833293 0.2547407 0.3581424 0.4375368 0.2428483 0.3499965 0.4378848 0.2403488 0.3545382 0.4381806 0.2365373 0.3581424 0.4414832 0.2423603 0.3442791 0.4480273 0.2401888 0.3347404 0.4469683 0.2397221 0.3470765 0.4442184 0.2414527 0.3428854 0.4429106 0.2410662 0.349144 0.4480273 0.2401888 0.3118858 0.4441983 0.238258 0.3535327 0.449449 0.2365246 0.3508573 0.4452202 0.2342104 0.3570155 0.4514177 0.2321733 0.3538577 0.4535531 0.2351737 0.3467532 0.4500831 0.2386913 0.3439617 0.447427 0.240388 0.3385309 0.4462365 0.2407831 0.3408673 0.4563069 0.2305744 0.3489685 0.4561447 0.2343234 0.3416669 0.4520102 0.2380544 0.3401796 0.4594259 0.2295604 0.3428473 0.4571161 0.2340074 0.3355338 0.4528056 0.237792 0.3351575 0.4605369 0.2292053 0.3358325 0.4605369 0.2292098 0.3118858 0.4627332 0.2238633 0.3118858 0.1711436 0.238258 0.3535326 0.1658929 0.2365246 0.3508573 0.1771613 0.2365373 0.3581424 0.1639242 0.2321733 0.3538578 0.1701217 0.2342104 0.3570155 0.1617888 0.2351737 0.3467533 0.159035 0.2305744 0.3489685 0.1572669 0.2253438 0.3503909 0.1591972 0.2343234 0.3416669 0.155916 0.2295604 0.3428473 0.1538094 0.2242316 0.3436051 0.1582258 0.2340074 0.3355338 0.154805 0.2292053 0.3358325 0.1582258 0.2340094 0.3118858 0.154805 0.2292097 0.3118858 0.4528056 0.2377926 0.3118858 0.4571161 0.2340094 0.3118858 -0.4831936 0.2448784 -0.3612709 -0.5382596 0.2317869 -0.3604735 -0.4831936 0.2500633 -0.3604735 -0.4831936 0.1493853 -0.3612709 -0.5383723 0.2265628 -0.3612709 -0.331877 0.1493853 -0.3612709 -0.331877 0.2448784 -0.3612709 -0.331877 0.2500633 -0.3604735 -0.2766982 0.2265627 -0.3612709 -0.2759413 0.1563431 -0.3612709 -0.2677792 0.2403879 -0.3385478 -0.2624006 0.2377919 -0.3351746 -0.2631961 0.2380543 -0.3401965 -0.273723 0.2423602 -0.3442961 -0.2671788 0.2401887 -0.3347574 -0.2709878 0.2414526 -0.3429025 -0.2689697 0.2407829 -0.3408844 -0.2651232 0.2386912 -0.3439788 -0.2682379 0.239722 -0.3470936 -0.2776694 0.2428482 -0.3500136 -0.2780354 0.2437911 -0.3449792 -0.2722956 0.2410661 -0.349161 -0.331877 0.2616569 -0.3119028 -0.4831936 0.2616569 -0.3449792 -0.4831936 0.2616569 -0.3119028 -0.331877 0.2616569 -0.3449792 -0.2671788 0.2401887 -0.3119028 -0.4831936 0.2608357 -0.3500136 -0.331877 0.2608357 -0.3500136 -0.2624006 0.2377925 -0.3119028 -0.5633543 0.2184825 -0.3361073 -0.5633543 0.1556428 -0.3119028 -0.5633543 0.2184934 -0.3119028 -0.5625975 0.2238557 -0.3360413 -0.5621227 0.1557396 -0.3438833 -0.5633543 0.1556428 -0.3361073 -0.561828 0.145996 -0.3119028 -0.5606471 0.1464134 -0.3438833 -0.561828 0.145996 -0.3361073 -0.5573986 0.1383064 -0.3119028 -0.5564634 0.1391503 -0.3438833 -0.5573986 0.1383064 -0.3361073 -0.5621227 0.2188584 -0.3438833 -0.5613968 0.2242314 -0.3436221 -0.5585486 0.1560206 -0.350898 -0.5572201 0.1476247 -0.350898 -0.2768108 0.2317869 -0.3604735 -0.331877 0.1493853 -0.3612709 -0.3167425 0.1443633 -0.3600392 -0.2699139 0.1518889 -0.3600392 -0.2708752 0.1502202 -0.3600392 -0.2717202 0.1496102 -0.3600392 -0.2736067 0.1492235 -0.3600392 -0.2691038 0.2240646 -0.3600392 -0.2691037 0.1570097 -0.3600392 -0.4831936 0.1493853 -0.3612709 -0.331877 0.1493853 -0.3612709 -0.4831936 0.1493853 -0.3119028 -0.331877 0.1493853 -0.3119028 -0.3030895 0.139833 -0.356465 -0.2922544 0.1362377 -0.350898 -0.2517162 0.2184934 -0.3119028 -0.2517162 0.1556428 -0.3119028 -0.2517162 0.2184825 -0.3361073 -0.252473 0.2238557 -0.3360413 -0.252473 0.2238632 -0.3119028 -0.2532425 0.145996 -0.3361073 -0.2517162 0.1556428 -0.3361073 -0.2529478 0.1557396 -0.3438833 -0.2529478 0.2188584 -0.3438833 -0.2544233 0.1464134 -0.3438833 -0.2532425 0.145996 -0.3119028 -0.2586071 0.1391503 -0.3438833 -0.2576719 0.1383064 -0.3361073 -0.5504996 0.1333267 -0.3119028 -0.2829007 0.1331339 -0.3119028 -0.2829007 0.1331339 -0.3361073 -0.2732642 0.1315444 -0.3119028 -0.2732884 0.1327966 -0.3438833 -0.2732642 0.1315444 -0.3361073 -0.2852978 0.1339293 -0.3438833 -0.2645709 0.1333267 -0.3119028 -0.2650773 0.1344801 -0.3438833 -0.2645709 0.1333267 -0.3361073 -0.5504996 0.1333267 -0.3361073 -0.5418063 0.1315444 -0.3119028 -0.5499931 0.1344801 -0.3438833 -0.5418063 0.1315444 -0.3361073 -0.5321697 0.1331339 -0.3119028 -0.541782 0.1327967 -0.3438833 -0.4983281 0.1443633 -0.3600392 -0.5119811 0.139833 -0.356465 -0.5321697 0.1331339 -0.3361073 -0.5228161 0.1362377 -0.350898 -0.4831936 0.1493853 -0.3612709 -0.5297727 0.1339293 -0.3438833 -0.5416019 0.1420911 -0.356465 -0.5119811 0.139833 -0.356465 -0.5417116 0.1364308 -0.350898 -0.2734685 0.1420911 -0.356465 -0.2733589 0.1364308 -0.350898 -0.3167425 0.1443633 -0.3600392 -0.2576719 0.1383064 -0.3119028 -0.5391292 0.1563431 -0.3612709 -0.4831936 0.1493853 -0.3612709 -0.4983281 0.1443633 -0.3600392 -0.5433503 0.1496102 -0.3600392 -0.5441952 0.1502201 -0.3600392 -0.5451564 0.1518889 -0.3600392 -0.5414638 0.1492235 -0.3600392 -0.5459668 0.1570098 -0.3600392 -0.5462346 0.1430409 -0.356465 -0.5485235 0.1378274 -0.350898 -0.549522 0.1454137 -0.356465 -0.5537493 0.1415993 -0.350898 -0.5518824 0.1495115 -0.356465 -0.5529815 0.1564583 -0.356465 -0.3030895 0.139833 -0.356465 -0.2688359 0.1430409 -0.356465 -0.2665469 0.1378274 -0.350898 -0.2655485 0.1454137 -0.356465 -0.2613212 0.1415993 -0.350898 -0.2631881 0.1495115 -0.356465 -0.2578503 0.1476247 -0.350898 -0.262089 0.1564583 -0.356465 -0.256522 0.1560206 -0.350898 -0.262089 0.2217839 -0.356465 -0.256522 0.2199936 -0.350898 -0.5585486 0.2199936 -0.350898 -0.5579392 0.2253437 -0.3504079 -0.2693299 0.2293196 -0.3592687 -0.5459668 0.2240646 -0.3600392 -0.552546 0.2270939 -0.3558012 -0.5457407 0.2293196 -0.3592687 -0.5529815 0.2217839 -0.356465 -0.2625245 0.2270939 -0.3558012 -0.5370351 0.2437911 -0.3449792 -0.331877 0.2584525 -0.3545552 -0.4831936 0.2584525 -0.3545552 -0.331877 0.2547406 -0.3581594 -0.4831936 0.2547406 -0.3581594 -0.5374011 0.2428482 -0.3500136 -0.537749 0.2403486 -0.3545552 -0.5380449 0.2365372 -0.3581594 -0.5413475 0.2423602 -0.3442961 -0.5478916 0.2401887 -0.3347574 -0.5427749 0.2410661 -0.349161 -0.5478916 0.2401887 -0.3119028 -0.5440626 0.2382578 -0.3535497 -0.5450845 0.2342103 -0.3570325 -0.551282 0.2321732 -0.3538748 -0.5468326 0.239722 -0.3470935 -0.5440827 0.2414526 -0.3429025 -0.5493133 0.2365245 -0.3508743 -0.5534174 0.2351736 -0.3467702 -0.5472913 0.2403879 -0.3385479 -0.5499474 0.2386912 -0.3439788 -0.5561712 0.2305743 -0.3489856 -0.5461008 0.2407829 -0.3408844 -0.556009 0.2343233 -0.3416839 -0.5518745 0.2380542 -0.3401966 -0.5592902 0.2295603 -0.3428643 -0.5569804 0.2340072 -0.3355508 -0.5526699 0.2377919 -0.3351746 -0.5604012 0.2292051 -0.3358495 -0.5526699 0.2377925 -0.3119028 -0.5569804 0.2340093 -0.3119028 -0.5604012 0.2292096 -0.3119028 -0.5625975 0.2238632 -0.3119028 -0.2773214 0.2403486 -0.3545552 -0.2657572 0.2365245 -0.3508743 -0.2710079 0.2382578 -0.3535496 -0.2770256 0.2365372 -0.3581594 -0.2637885 0.2321732 -0.3538748 -0.269986 0.2342103 -0.3570326 -0.2616531 0.2351736 -0.3467703 -0.2588993 0.2305743 -0.3489856 -0.2571312 0.2253437 -0.3504079 -0.2590615 0.2343233 -0.3416839 -0.2557803 0.2295603 -0.3428643 -0.2536737 0.2242314 -0.3436221 -0.2580901 0.2340072 -0.3355508 -0.2546693 0.2292051 -0.3358495 -0.2580901 0.2340093 -0.3119028 -0.2546693 0.2292096 -0.3119028 0.3833293 0.2448784 -0.3612709 0.4383953 0.2317869 -0.3604735 0.438508 0.2265628 -0.3612709 0.2320127 0.2500633 -0.3604735 0.3833293 0.2500633 -0.3604735 0.2320127 0.1493853 -0.3612709 0.2320127 0.2448784 -0.3612709 0.3833293 0.1493853 -0.3612709 0.3833293 0.1493853 -0.3612709 0.1781711 0.2437911 -0.3449792 0.1673145 0.2401887 -0.3119028 0.2320127 0.2616569 -0.3119028 0.2320127 0.2616569 -0.3449792 0.1673145 0.2401887 -0.3347574 0.1625363 0.2377925 -0.3119028 0.1738587 0.2423602 -0.3442961 0.1679149 0.2403879 -0.3385478 0.1683736 0.239722 -0.3470936 0.1711235 0.2414526 -0.3429025 0.1652589 0.2386912 -0.3439788 0.1691054 0.2407829 -0.3408844 0.1625363 0.2377919 -0.3351746 0.1633318 0.2380543 -0.3401965 0.46349 0.2184825 -0.3361073 0.4622584 0.1557396 -0.3438833 0.4622584 0.2188584 -0.3438833 0.46349 0.1556428 -0.3119028 0.46349 0.1556428 -0.3361073 0.46349 0.2184934 -0.3119028 0.4607828 0.1464134 -0.3438833 0.4619637 0.145996 -0.3119028 0.4619637 0.145996 -0.3361073 0.4565991 0.1391503 -0.3438833 0.4575343 0.1383064 -0.3119028 0.4575343 0.1383064 -0.3361073 0.4573558 0.1476247 -0.350898 0.4586843 0.1560206 -0.350898 0.4627332 0.2238557 -0.3360413 0.4586843 0.2199936 -0.350898 0.1768339 0.2265627 -0.3612709 0.2320127 0.1493853 -0.3612709 0.176077 0.1563431 -0.3612709 0.1737424 0.1492235 -0.3600392 0.1718559 0.1496102 -0.3600392 0.1692395 0.2240646 -0.3600392 0.1700497 0.1518889 -0.3600392 0.1692394 0.1570097 -0.3600392 0.1710109 0.1502202 -0.3600392 0.2168782 0.1443633 -0.3600392 0.2320127 0.1493853 -0.3612709 0.3833293 0.1493853 -0.3119028 0.2320127 0.1493853 -0.3119028 0.3833293 0.1493853 -0.3612709 0.4323054 0.1331339 -0.3361073 0.4323054 0.1331339 -0.3119028 0.3833293 0.1493853 -0.3612709 0.1923901 0.1362377 -0.350898 0.2032252 0.139833 -0.356465 0.2320127 0.1493853 -0.3612709 0.2168782 0.1443633 -0.3600392 0.1518519 0.2184825 -0.3361073 0.1530835 0.1557396 -0.3438833 0.1518519 0.1556428 -0.3361073 0.1518519 0.1556428 -0.3119028 0.1518519 0.2184934 -0.3119028 0.1533782 0.145996 -0.3361073 0.1533782 0.145996 -0.3119028 0.1526087 0.2238557 -0.3360413 0.154559 0.1464134 -0.3438833 0.3833293 0.2616569 -0.3449792 0.3833293 0.2616569 -0.3119028 0.1587428 0.1391503 -0.3438833 0.1578076 0.1383064 -0.3361073 0.1578076 0.1383064 -0.3119028 0.4506353 0.1333267 -0.3119028 0.1733999 0.1315444 -0.3119028 0.1830364 0.1331339 -0.3361073 0.1830364 0.1331339 -0.3119028 0.1733999 0.1315444 -0.3361073 0.1734241 0.1327966 -0.3438833 0.1647066 0.1333267 -0.3361073 0.165213 0.1344801 -0.3438833 0.1647066 0.1333267 -0.3119028 0.4506353 0.1333267 -0.3361073 0.441942 0.1315444 -0.3119028 0.441942 0.1315444 -0.3361073 0.4501288 0.1344801 -0.3438833 0.4121168 0.139833 -0.356465 0.4419177 0.1327967 -0.3438833 0.4229518 0.1362377 -0.350898 0.4299084 0.1339293 -0.3438833 0.4417376 0.1420911 -0.356465 0.4418473 0.1364308 -0.350898 0.1854335 0.1339293 -0.3438833 0.1734946 0.1364308 -0.350898 0.1736042 0.1420911 -0.356465 0.4392649 0.1563431 -0.3612709 0.4461025 0.2240646 -0.3600392 0.4461025 0.1570098 -0.3600392 0.443486 0.1496102 -0.3600392 0.4415995 0.1492235 -0.3600392 0.4452921 0.1518889 -0.3600392 0.4443309 0.1502201 -0.3600392 0.3984638 0.1443633 -0.3600392 0.4121168 0.139833 -0.356465 0.4463703 0.1430409 -0.356465 0.4486592 0.1378274 -0.350898 0.4496577 0.1454137 -0.356465 0.453885 0.1415993 -0.350898 0.4520181 0.1495115 -0.356465 0.4531172 0.1564583 -0.356465 0.4531172 0.2217839 -0.356465 0.2032252 0.139833 -0.356465 0.1689716 0.1430409 -0.356465 0.1666826 0.1378274 -0.350898 0.1656842 0.1454137 -0.356465 0.1633238 0.1495115 -0.356465 0.157986 0.1476247 -0.350898 0.1614569 0.1415993 -0.350898 0.1622247 0.1564583 -0.356465 0.1566577 0.1560206 -0.350898 0.1622247 0.2217839 -0.356465 0.1566577 0.2199936 -0.350898 0.1530835 0.2188584 -0.3438833 0.4615326 0.2242314 -0.3436221 0.4580749 0.2253437 -0.3504079 0.4526817 0.2270939 -0.3558012 0.4458764 0.2293196 -0.3592687 0.3833293 0.2608357 -0.3500136 0.2320127 0.2608357 -0.3500136 0.4371708 0.2437911 -0.3449792 0.4375368 0.2428482 -0.3500136 0.1778051 0.2428482 -0.3500136 0.3833293 0.2584525 -0.3545552 0.4378848 0.2403486 -0.3545552 0.2320127 0.2584525 -0.3545552 0.2320127 0.2547406 -0.3581594 0.1774571 0.2403486 -0.3545552 0.3833293 0.2547406 -0.3581594 0.4381806 0.2365372 -0.3581594 0.4414832 0.2423602 -0.3442961 0.4429106 0.2410661 -0.349161 0.447427 0.2403879 -0.3385479 0.4442184 0.2414526 -0.3429025 0.4469683 0.239722 -0.3470935 0.449449 0.2365245 -0.3508743 0.4441983 0.2382578 -0.3535497 0.4480273 0.2401887 -0.3347574 0.4514177 0.2321732 -0.3538748 0.4452202 0.2342103 -0.3570325 0.4535531 0.2351736 -0.3467702 0.4462365 0.2407829 -0.3408844 0.4500831 0.2386912 -0.3439788 0.4563069 0.2305743 -0.3489856 0.4561447 0.2343233 -0.3416839 0.4520102 0.2380542 -0.3401966 0.4594259 0.2295603 -0.3428643 0.4528056 0.2377919 -0.3351746 0.4571161 0.2340072 -0.3355508 0.4605369 0.2292051 -0.3358495 0.4480273 0.2401887 -0.3119028 0.4528056 0.2377925 -0.3119028 0.4571161 0.2340093 -0.3119028 0.4605369 0.2292096 -0.3119028 0.4627332 0.2238632 -0.3119028 0.1724313 0.2410661 -0.349161 0.1658929 0.2365245 -0.3508743 0.1771613 0.2365372 -0.3581594 0.1711436 0.2382578 -0.3535496 0.1701217 0.2342103 -0.3570326 0.1639242 0.2321732 -0.3538748 0.1769465 0.2317869 -0.3604735 0.1694656 0.2293196 -0.3592687 0.1617888 0.2351736 -0.3467703 0.159035 0.2305743 -0.3489856 0.1626602 0.2270939 -0.3558012 0.1572669 0.2253437 -0.3504079 0.1591972 0.2343233 -0.3416839 0.155916 0.2295603 -0.3428643 0.1538094 0.2242314 -0.3436221 0.1582258 0.2340072 -0.3355508 0.154805 0.2292051 -0.3358495 0.1582258 0.2340093 -0.3119028 0.154805 0.2292096 -0.3119028 0.1526087 0.2238632 -0.3119028 0.1062702 0.187618 0.2240642 -0.1983646 0.187618 0.2240642 -0.1983646 0.187618 0.1915896 0.1062702 0.187618 0.1915896 0.3784304 0.187618 0.1915896 0.410905 0.187618 0.2240642 -0.5227966 0.187618 0.2240642 -0.490322 0.187618 0.1915896 -0.490322 0.187618 -0.1916066 -0.5227966 0.1876179 -0.2240812 -0.1983646 0.1876179 -0.2240813 -0.1983646 0.187618 -0.1916067 0.1062702 0.187618 -0.1916067 0.1062702 0.1876179 -0.2240813 0.3784304 0.187618 -0.1916066 0.410905 0.1876179 -0.2240812 -0.190899 0.1293718 0.1711495 -0.190899 0.1293718 -0.1711665 0.09830299 0.1293718 0.1711495 -0.4680656 0.1293718 -0.1711665 0.09830299 0.1293718 -0.1711665 0.3566755 0.1293718 0.1711495 0.3566755 0.1293718 -0.1711665 -0.4680656 0.1293718 0.1711495 -0.1983646 0.187618 -0.1916067 0.09830299 0.1293718 -0.1711665 -0.190899 0.1293718 -0.1711665 -0.4680656 0.1293718 -0.1711665 -0.490322 0.187618 -0.1916066 0.1062702 0.187618 -0.1916067 0.3566755 0.1293718 -0.1711665 0.3784304 0.187618 -0.1916066 0.5311453 0.3481061 -0.2750701 0.5311453 0.3481061 -0.1710111 0.5301083 0.3432936 -0.1768056 0.5301083 0.3432936 -0.2692756 0.5301083 0.3429926 0.2685396 0.5311076 0.3478184 0.1716812 0.5311076 0.3478184 0.2743658 0.5301083 0.3429926 0.1775075 0.5311076 0.3067947 0.1716812 0.5311076 0.3478184 0.1716812 0.5311076 0.3067947 0.2743658 0.5301083 0.3116206 0.1775075 0.5301083 0.3116206 0.2685396 0.5311076 0.3067947 0.1716812 0.53352 0.3033542 0.2802216 0.5311076 0.3067947 0.1716812 0.5311076 0.3067947 0.2743658 0.53352 0.3033542 0.1658254 0.5311076 0.3478184 0.2743658 0.5311076 0.3067947 0.2743658 0.5311453 0.3481061 -0.1710111 0.5311453 0.3065069 -0.1710111 0.5301083 0.3113194 -0.1768056 0.5301083 0.3113194 -0.2692756 0.5311453 0.3065069 -0.1710111 0.5311453 0.3065069 -0.2750701 0.5311453 0.3065069 -0.2750701 0.5311453 0.3481061 -0.2750701 0.5378091 0.3002606 0.2876092 0.5378091 0.3002606 0.1584379 0.3613358 0.2054087 0.1958146 0.3519852 0.1914145 0.1958503 0.3181308 0.203468 0.1958447 0.2913206 0.2179588 0.1958325 0.3411113 0.2273833 0.1987102 0.3768399 0.163638 0.1958455 0.3997288 0.1455266 0.1958334 0.3835782 0.2018128 0.1985249 0.4091489 0.1593455 0.1987102 0.3828311 0.1066375 0.1958447 0.3852617 0.1350213 0.1958441 0.3871808 0.07550608 0.1958163 0.4094599 0.09743281 0.1986817 0.3725915 0.0852543 0.195841 0.3210098 0.03540478 0.1958258 0.3519851 0.06366631 0.1958503 0.2252832 0.09026208 0.1958351 0.2333778 0.1187152 0.1958442 0.2463476 0.08316896 0.1958556 0.2187329 0.1432252 0.1958351 0.2670198 0.190826 0.195841 0.2427112 0.1909015 0.1958351 0.2884029 0.2010655 0.1958447 0.389949 0.173612 0.3123444 0.4137024 0.1275404 0.309415 0.4091489 0.1593455 0.3094599 0.3443908 0.2122425 0.3123334 0.3692351 0.1749891 0.3123255 0.3846505 0.1425273 0.3123198 0.3989067 0.1030946 0.3123445 0.3839564 0.1126915 0.3123291 0.3760766 0.09033076 0.3123255 0.2656807 0.04592321 0.3123402 0.3004808 0.0516128 0.3123255 0.2733271 0.06022884 0.3123265 0.3166544 0.03660608 0.3123308 0.2463476 0.08316899 0.3123146 0.2252834 0.09026224 0.312335 0.2430008 0.04674716 0.309534 0.2183521 0.1364985 0.3123312 0.2092889 0.09720053 0.309534 0.2346554 0.1126915 0.3123291 0.2341583 0.1444416 0.3123162 0.2377712 0.1862474 0.3123412 0.2913207 0.2179586 0.3123377 0.2513063 0.2143429 0.309415 0.2562127 0.1833429 0.3123162 0.3241548 0.05288995 0.3123291 0.3151335 0.0683713 0.2947018 0.3004808 0.0516128 0.3123255 0.3374256 0.07493193 0.2947005 0.2919893 0.0704559 0.2947017 0.2733271 0.06022884 0.3123265 0.3760766 0.09033076 0.3123255 0.3559897 0.09057884 0.2947004 0.3519851 0.06366624 0.3123199 0.3662023 0.110281 0.294703 0.3839564 0.1126915 0.3123291 0.318131 0.05161282 0.1958447 0.3195444 0.06841813 0.2134756 0.3519851 0.06366631 0.1958503 0.2910244 0.07087185 0.2134698 0.3506661 0.08406947 0.2134746 0.3692351 0.1749891 0.3123255 0.3617416 0.1555678 0.2947026 0.3846505 0.1425273 0.3123198 0.3427431 0.1775827 0.294694 0.3686681 0.1333869 0.2946977 0.3465155 0.1943112 0.3123255 0.314102 0.1868913 0.2947004 0.2463476 0.08316896 0.1958556 0.2520292 0.1112569 0.2134676 0.2658365 0.08618178 0.2134769 0.2816089 0.0556677 0.195854 0.2333778 0.1187152 0.1958442 0.2501589 0.1344151 0.2134689 0.2341583 0.1444416 0.3123162 0.2501848 0.1173022 0.2946933 0.2524093 0.1447998 0.2947032 0.2562127 0.1833429 0.3123162 0.2346554 0.1126915 0.3123291 0.2463476 0.08316899 0.3123146 0.2357814 0.148443 0.1958454 0.257292 0.1565265 0.2134689 0.2658392 0.08618428 0.2946895 0.2493762 0.1749892 0.1958442 0.2715882 0.1734995 0.2134691 0.2670198 0.190826 0.195841 0.3519852 0.1914145 0.1958503 0.3768399 0.163638 0.1958455 0.3471488 0.1736521 0.2134696 0.3195434 0.1866579 0.2134806 0.3617403 0.1555671 0.2134691 0.3181296 0.2319546 0.3094599 0.286698 0.241198 0.3011164 0.2775005 0.2273833 0.3094599 0.3574158 0.2206297 0.3094599 0.2884029 0.2010656 0.3123255 0.3181309 0.203468 0.3123255 0.3465155 0.1943112 0.3123255 0.3893774 0.1951329 0.3094599 0.3339371 0.2513701 0.2341235 0.3334113 0.2487264 0.2194734 0.3081812 0.2526712 0.2236335 0.3561523 0.2435766 0.2236335 0.3582305 0.2427158 0.2845366 0.3319138 0.241198 0.2070537 0.3912485 0.209483 0.3011164 0.3634024 0.2304968 0.3012603 0.3198845 0.2433615 0.3012603 0.3778816 0.2321009 0.2227438 0.3969915 0.2168166 0.2236335 0.3993871 0.2014683 0.2069807 0.3628168 0.2309928 0.2072057 0.3004822 0.2319546 0.1987102 0.4205198 0.1604782 0.2067246 0.4242465 0.1768743 0.2231256 0.4124134 0.1983502 0.2231256 0.4142836 0.1976843 0.2740466 0.398582 0.215226 0.2845366 0.4120425 0.1961868 0.2886967 0.4254656 0.1739313 0.2850446 0.3796644 0.2309097 0.2854264 0.4112367 0.1828899 0.3014455 0.4318129 0.1514723 0.2856844 0.4331356 0.1521717 0.2341235 0.430492 0.1516458 0.2194734 0.4341881 0.1275404 0.2229749 0.4251903 0.1275404 0.2070537 0.4137024 0.1275404 0.1987551 0.4355616 0.1275404 0.2740466 0.4253732 0.1394479 0.3009622 0.4328662 0.1275404 0.2886967 0.4201542 0.09391495 0.3016854 0.4318484 0.1024926 0.2851314 0.432284 0.1047025 0.2231256 0.4234607 0.08025592 0.2194734 0.4201542 0.09391488 0.2064847 0.4127235 0.05708623 0.2236335 0.4056602 0.0631585 0.2070537 0.4139732 0.05895657 0.2845366 0.3985821 0.03826418 0.2740466 0.4259509 0.07922443 0.2341235 0.3827915 0.03799782 0.2064847 0.424592 0.07978732 0.2859858 0.3961084 0.06954079 0.1987551 0.4093229 0.0972006 0.309534 0.3904376 0.06077554 0.309387 0.4056602 0.06315851 0.3011165 0.3605236 0.05088749 0.3123377 0.3492235 0.03025544 0.3095615 0.3756111 0.04674723 0.1986361 0.3536529 0.0204772 0.2070537 0.3492567 0.03109056 0.1987551 0.3966762 0.04017014 0.2886967 0.3793421 0.02391131 0.2230388 0.3975421 0.03930425 0.2221843 0.3778816 0.02297991 0.2854263 0.3822963 0.03739685 0.3014455 0.3438552 0.01648732 0.3012603 0.3561523 0.01150415 0.2845366 0.3104306 0.2526713 0.2845366 0.2859638 0.2503844 0.2854263 0.2987272 0.2433615 0.2069098 0.2838608 0.2499661 0.2227438 0.2624595 0.2435766 0.2845366 0.255795 0.2309928 0.2072057 0.2603813 0.2427158 0.2236335 0.3004819 0.02312622 0.3094599 0.3519851 0.06366624 0.3123199 0.3241548 0.05288995 0.3123291 0.298727 0.01171933 0.3012603 0.332648 0.004696319 0.2854264 0.3181298 0.02312619 0.1987102 0.2747566 0.01648733 0.2069098 0.2775005 0.02769749 0.1987102 0.2816089 0.0556677 0.195854 0.318131 0.05161282 0.1958447 0.2601543 0.04986405 0.1958351 0.3198847 0.01171934 0.2069098 0.2693551 0.03109057 0.309415 0.2624595 0.01150414 0.2236335 0.2852005 0.006354343 0.2194734 0.2846746 0.003710717 0.2341235 0.2358203 0.03799785 0.2064847 0.3104306 0.002409561 0.2236335 0.2603813 0.01236495 0.2845366 0.2225033 0.06954079 0.1987551 0.2649589 0.02047721 0.3011165 0.2430007 0.0467472 0.1986361 0.2129516 0.0631585 0.2070537 0.2219356 0.04017013 0.2194734 0.2411448 0.0226631 0.2231256 0.2058883 0.05708626 0.2236335 0.2200297 0.03826417 0.2341235 0.2046385 0.05895662 0.2845366 0.2086274 0.09864444 0.1986808 0.1985356 0.09313999 0.2067246 0.1931457 0.1385052 0.207208 0.2051082 0.1395121 0.1987827 0.1881198 0.103435 0.2194734 0.1943653 0.07820639 0.2231256 0.1854762 0.1029091 0.2341235 0.1933761 0.08068107 0.2854263 0.1984576 0.09391491 0.3016854 0.1863278 0.1047025 0.2850446 0.2129516 0.06315852 0.3011165 0.1934848 0.1381194 0.3012603 0.1841751 0.1286651 0.2845366 0.1841751 0.1264157 0.2236336 0.1863278 0.1503783 0.2231256 0.2066547 0.1815421 0.2067246 0.2049094 0.1275404 0.309415 0.2022427 0.1718874 0.3011164 0.1868801 0.1529855 0.2854263 0.2092889 0.1578803 0.309534 0.2271617 0.192754 0.3093875 0.2216778 0.1856703 0.1986086 0.2357814 0.148443 0.1958454 0.1941305 0.176465 0.2845366 0.2206929 0.2029022 0.3011863 0.2065693 0.1961868 0.2886967 0.2065693 0.1961868 0.2194734 0.1931462 0.1739313 0.2231256 0.2200298 0.215226 0.2236336 0.2273633 0.209483 0.2070537 0.2043281 0.1976843 0.2341235 0.2493762 0.1749892 0.1958442 0.2043281 0.1976843 0.2740466 0.2216203 0.2168166 0.2845366 0.2389474 0.2309097 0.2227438 0.2596521 0.2201385 0.1987831 0.2407302 0.2321009 0.2854264 0.255795 0.2309928 0.3009644 0.334751 0.2499661 0.2854263 0.2358204 0.03799774 0.3016854 0.220133 0.03988363 0.2854263 0.2392697 0.02391132 0.2851314 0.2838608 0.005114612 0.2854264 0.3081812 0.002409565 0.2845366 0.334751 0.005114633 0.2227438 0.3582304 0.01236494 0.2236335 0.3617416 0.1555678 0.2947026 0.3662023 0.110281 0.294703 0.3686681 0.1333869 0.2946977 0.3151335 0.0683713 0.2947018 0.2524093 0.1447998 0.2947032 0.2919893 0.0704559 0.2947017 0.3559897 0.09057884 0.2947004 0.2658392 0.08618428 0.2946895 0.291024 0.1842102 0.2947018 0.2658413 0.1688946 0.2946865 0.314102 0.1868913 0.2947004 0.3427431 0.1775827 0.294694 0.3374256 0.07493193 0.2947005 0.2501848 0.1173022 0.2946933 0.3686722 0.1333874 0.2134681 0.3852617 0.1350213 0.1958441 0.2910244 0.07087185 0.2134698 0.3617403 0.1555671 0.2134691 0.3659745 0.1092589 0.2134698 0.2715882 0.1734995 0.2134691 0.3506661 0.08406947 0.2134746 0.3195444 0.06841813 0.2134756 0.2520292 0.1112569 0.2134676 0.2501589 0.1344151 0.2134689 0.257292 0.1565265 0.2134689 0.2910236 0.1842112 0.2134672 0.3471488 0.1736521 0.2134696 0.3686722 0.1333874 0.2134681 0.3195434 0.1866579 0.2134806 0.2658365 0.08618178 0.2134769 0.3659745 0.1092589 0.2134698 0.3828311 0.1066375 0.1958447 0.3725915 0.0852543 0.195841 0.2884029 0.2010656 0.3123255 0.291024 0.1842102 0.2947018 0.3181309 0.203468 0.3123255 0.2658413 0.1688946 0.2946865 0.2910236 0.1842112 0.2134672 0.3181308 0.203468 0.1958447 0.2884029 0.2010655 0.1958447 0.2225033 0.0695408 0.309415 0.3613358 0.2054086 -0.1958717 0.3519852 0.1914144 -0.1959074 0.3768399 0.163638 -0.1959026 0.3997288 0.1455265 -0.1958905 0.3835782 0.2018128 -0.1985819 0.2913206 0.2179588 -0.1958895 0.3181308 0.2034679 -0.1959018 0.3852617 0.1350213 -0.1959012 0.3871808 0.07550605 -0.1958734 0.4094599 0.09743278 -0.1987388 0.4137024 0.1275404 -0.1988122 0.3828311 0.1066375 -0.1959018 0.3725915 0.08525427 -0.1958981 0.3519851 0.06366628 -0.1959074 0.3210098 0.03540475 -0.1958828 0.3756111 0.0467472 -0.1986932 0.2252832 0.09026205 -0.1958922 0.2187329 0.1432252 -0.1958922 0.2086274 0.09864441 -0.1987379 0.2463476 0.08316893 -0.1959127 0.2333778 0.1187152 -0.1959012 0.3411113 0.2273832 -0.1987673 0.3004822 0.2319546 -0.1987673 0.2670198 0.190826 -0.1958981 0.2884029 0.2010655 -0.1959018 0.389949 0.1736119 -0.3124015 0.3846505 0.1425272 -0.3123769 0.3692351 0.1749891 -0.3123826 0.3989067 0.1030946 -0.3124015 0.4137024 0.1275404 -0.3094721 0.3839564 0.1126915 -0.3123861 0.3760766 0.09033071 -0.3123826 0.2656807 0.04592317 -0.3123973 0.2463476 0.08316894 -0.3123716 0.2733271 0.0602288 -0.3123835 0.2252834 0.09026219 -0.3123921 0.3004808 0.05161275 -0.3123826 0.3166544 0.03660603 -0.3123879 0.2430008 0.04674711 -0.3095911 0.2225033 0.06954076 -0.3094721 0.2183521 0.1364985 -0.3123882 0.2346554 0.1126915 -0.3123861 0.2377712 0.1862473 -0.3123982 0.2341583 0.1444415 -0.3123733 0.2092889 0.09720049 -0.3095911 0.2049094 0.1275404 -0.3094721 0.2562127 0.1833429 -0.3123733 0.3241548 0.0528899 -0.3123861 0.3004808 0.05161275 -0.3123826 0.3151335 0.06837126 -0.2947588 0.2733271 0.0602288 -0.3123835 0.2919893 0.07045585 -0.2947587 0.3760766 0.09033071 -0.3123826 0.3519851 0.06366619 -0.3123769 0.3559897 0.09057879 -0.2947575 0.3662023 0.110281 -0.2947601 0.3374256 0.07493188 -0.2947576 0.3839564 0.1126915 -0.3123861 0.3686681 0.1333869 -0.2947548 0.3846505 0.1425272 -0.3123769 0.318131 0.05161279 -0.1959018 0.2910244 0.07087182 -0.2135268 0.2816089 0.05566767 -0.1959111 0.3519851 0.06366628 -0.1959074 0.3195444 0.0684181 -0.2135327 0.3506661 0.08406944 -0.2135317 0.3692351 0.1749891 -0.3123826 0.3617416 0.1555678 -0.2947597 0.3427431 0.1775826 -0.2947511 0.3465155 0.1943111 -0.3123826 0.314102 0.1868913 -0.2947575 0.3181309 0.203468 -0.3123826 0.2463476 0.08316893 -0.1959127 0.2658365 0.08618175 -0.2135339 0.2520292 0.1112568 -0.2135247 0.2333778 0.1187152 -0.1959012 0.2501589 0.1344151 -0.213526 0.2341583 0.1444415 -0.3123733 0.2524093 0.1447998 -0.2947603 0.2501848 0.1173022 -0.2947503 0.2562127 0.1833429 -0.3123733 0.2658413 0.1688945 -0.2947436 0.2346554 0.1126915 -0.3123861 0.2463476 0.08316894 -0.3123716 0.2357814 0.148443 -0.1959025 0.257292 0.1565264 -0.213526 0.2658392 0.08618424 -0.2947466 0.2493762 0.1749892 -0.1959012 0.2715882 0.1734994 -0.2135262 0.2670198 0.190826 -0.1958981 0.2910236 0.1842112 -0.2135243 0.2884029 0.2010655 -0.1959018 0.3519852 0.1914144 -0.1959074 0.3195434 0.1866579 -0.2135377 0.3471488 0.173652 -0.2135267 0.3768399 0.163638 -0.1959026 0.3181296 0.2319546 -0.3095169 0.2775005 0.2273832 -0.3095169 0.286698 0.241198 -0.3011735 0.3198845 0.2433615 -0.3013174 0.3574158 0.2206297 -0.3095169 0.3443908 0.2122425 -0.3123904 0.2913207 0.2179585 -0.3123948 0.3893774 0.1951329 -0.3095169 0.3465155 0.1943111 -0.3123826 0.3181309 0.203468 -0.3123826 0.2884029 0.2010655 -0.3123826 0.2513063 0.2143429 -0.3094721 0.3339371 0.25137 -0.2341806 0.3334113 0.2487264 -0.2195305 0.3561523 0.2435766 -0.2236906 0.334751 0.2499661 -0.2854834 0.3104306 0.2526712 -0.2845937 0.3081812 0.2526712 -0.2236906 0.3582305 0.2427158 -0.2845937 0.3319138 0.241198 -0.2071108 0.3628168 0.2309928 -0.2072628 0.3634024 0.2304967 -0.3013174 0.3912485 0.209483 -0.3011735 0.3778816 0.2321008 -0.2228009 0.3796644 0.2309096 -0.2854834 0.3993871 0.2014683 -0.2070378 0.4091489 0.1593455 -0.1987673 0.3969915 0.2168165 -0.2236906 0.4242465 0.1768743 -0.2231827 0.4124134 0.1983502 -0.2231826 0.398582 0.215226 -0.2845937 0.4142836 0.1976842 -0.2741037 0.4254656 0.1739312 -0.2851016 0.4120425 0.1961867 -0.2887538 0.4112367 0.1828898 -0.3015026 0.4331356 0.1521716 -0.2341806 0.4091489 0.1593455 -0.3095169 0.4318129 0.1514723 -0.2857414 0.4253732 0.1394479 -0.3010193 0.430492 0.1516458 -0.2195305 0.4205198 0.1604782 -0.2067817 0.4251903 0.1275404 -0.2071108 0.4341881 0.1275403 -0.2230319 0.4355616 0.1275404 -0.2741037 0.4328662 0.1275404 -0.2887538 0.432284 0.1047025 -0.2231826 0.4318484 0.1024925 -0.2851885 0.4201542 0.09391491 -0.3017424 0.4234607 0.08025589 -0.2195305 0.4201542 0.09391485 -0.2065418 0.3961084 0.06954076 -0.1988122 0.4056602 0.06315847 -0.2071108 0.4127235 0.0570862 -0.2236906 0.4259509 0.07922439 -0.2341806 0.3827915 0.03799779 -0.2065418 0.3975421 0.03930422 -0.2222414 0.3985821 0.03826413 -0.2741037 0.4139732 0.05895653 -0.2845937 0.424592 0.07978727 -0.2860429 0.4093229 0.09720055 -0.3095911 0.4056602 0.06315847 -0.3011735 0.3904376 0.06077549 -0.3094441 0.3605236 0.05088744 -0.3123948 0.3492235 0.03025539 -0.3096185 0.3536529 0.02047717 -0.2071108 0.3492567 0.03109053 -0.1988122 0.3966762 0.04017009 -0.2887538 0.3793421 0.02391127 -0.2230958 0.3778816 0.02297987 -0.2854834 0.3822963 0.0373968 -0.3015026 0.3438552 0.01648728 -0.3013174 0.3561523 0.0115041 -0.2845937 0.2859638 0.2503844 -0.2854834 0.2838608 0.2499661 -0.2228009 0.2987272 0.2433614 -0.2069669 0.2624595 0.2435766 -0.2845937 0.3004819 0.02312618 -0.3095169 0.3241548 0.0528899 -0.3123861 0.3519851 0.06366619 -0.3123769 0.298727 0.01171929 -0.3013174 0.3181298 0.02312616 -0.1987673 0.2747566 0.0164873 -0.2069669 0.3198847 0.01171931 -0.2069669 0.2775005 0.02769746 -0.1987673 0.318131 0.05161279 -0.1959018 0.2816089 0.05566767 -0.1959111 0.2601543 0.04986402 -0.1958922 0.2693551 0.03109052 -0.3094721 0.2430007 0.04674717 -0.1986932 0.2358203 0.03799782 -0.2065418 0.2624595 0.01150411 -0.2236906 0.2846746 0.003710682 -0.2341806 0.2852005 0.00635431 -0.2195305 0.2411448 0.02266307 -0.2231827 0.2838608 0.005114569 -0.2854834 0.3081812 0.002409522 -0.2845937 0.2603813 0.01236491 -0.2845937 0.2225033 0.06954076 -0.1988122 0.2129516 0.06315847 -0.2071108 0.2219356 0.0401701 -0.2195305 0.2392697 0.02391128 -0.2851885 0.2058883 0.05708623 -0.2236906 0.2200297 0.03826414 -0.2341806 0.2046385 0.05895657 -0.2845937 0.220133 0.03988359 -0.2854834 0.2051082 0.1395121 -0.1988397 0.1881198 0.1034349 -0.2195305 0.1931457 0.1385051 -0.207265 0.1841751 0.1264156 -0.2236906 0.1943653 0.07820636 -0.2231826 0.1985356 0.09313996 -0.2067817 0.1854762 0.1029091 -0.2341806 0.1933761 0.08068103 -0.2854834 0.1863278 0.1047024 -0.2851017 0.1984576 0.09391486 -0.3017425 0.2129516 0.06315847 -0.3011735 0.1934848 0.1381193 -0.3013174 0.1841751 0.1286651 -0.2845936 0.1863278 0.1503782 -0.2231826 0.1868801 0.1529854 -0.2854834 0.2066547 0.1815421 -0.2067817 0.1931462 0.1739313 -0.2231826 0.2022427 0.1718874 -0.3011735 0.2092889 0.1578802 -0.3095911 0.2271617 0.192754 -0.3094445 0.2216778 0.1856703 -0.1986657 0.2596521 0.2201384 -0.1988402 0.2273633 0.209483 -0.2071108 0.2427112 0.1909015 -0.1958922 0.2357814 0.148443 -0.1959025 0.2065693 0.1961867 -0.2887538 0.2206929 0.2029022 -0.3012434 0.2065693 0.1961867 -0.2195305 0.1941305 0.176465 -0.2845937 0.2043281 0.1976842 -0.2341806 0.2493762 0.1749892 -0.1959012 0.2043281 0.1976842 -0.2741037 0.2216203 0.2168165 -0.2845937 0.2200298 0.215226 -0.2236906 0.2389474 0.2309096 -0.2228009 0.2407302 0.2321008 -0.2854834 0.255795 0.2309928 -0.3010215 0.255795 0.2309928 -0.2072628 0.2603813 0.2427158 -0.2236906 0.2358204 0.03799769 -0.3017425 0.2649589 0.02047717 -0.3011735 0.3104306 0.002409527 -0.2236906 0.332648 0.004696276 -0.2854834 0.334751 0.005114599 -0.2228008 0.3582304 0.01236491 -0.2236906 0.3617416 0.1555678 -0.2947597 0.3151335 0.06837126 -0.2947588 0.2524093 0.1447998 -0.2947603 0.314102 0.1868913 -0.2947575 0.3427431 0.1775826 -0.2947511 0.3662023 0.110281 -0.2947601 0.3559897 0.09057879 -0.2947575 0.3374256 0.07493188 -0.2947576 0.2658392 0.08618424 -0.2947466 0.2501848 0.1173022 -0.2947503 0.2919893 0.07045585 -0.2947587 0.291024 0.1842102 -0.2947589 0.2658413 0.1688945 -0.2947436 0.3686681 0.1333869 -0.2947548 0.3617403 0.1555671 -0.2135262 0.3686722 0.1333874 -0.2135252 0.3659745 0.1092589 -0.2135268 0.3828311 0.1066375 -0.1959018 0.3852617 0.1350213 -0.1959012 0.2910244 0.07087182 -0.2135268 0.2520292 0.1112568 -0.2135247 0.2658365 0.08618175 -0.2135339 0.2715882 0.1734994 -0.2135262 0.3617403 0.1555671 -0.2135262 0.2910236 0.1842112 -0.2135243 0.2501589 0.1344151 -0.213526 0.3659745 0.1092589 -0.2135268 0.3686722 0.1333874 -0.2135252 0.3471488 0.173652 -0.2135267 0.3195434 0.1866579 -0.2135377 0.3506661 0.08406944 -0.2135317 0.257292 0.1565264 -0.213526 0.3195444 0.0684181 -0.2135327 0.3725915 0.08525427 -0.1958981 0.291024 0.1842102 -0.2947589 0.2884029 0.2010655 -0.3123826 0.3181308 0.2034679 -0.1959018</float_array>
          <technique_common>
            <accessor count="3149" source="#verts-array-array" stride="3">
              <param type="float" name="X" />
              <param type="float" name="Y" />
              <param type="float" name="Z" />
            </accessor>
          </technique_common>
        </source>
        <source id="normals-array">
          <float_array count="9447" id="normals-array-array">0.07466312 0.1201771 0.9899409 -0.0243631 0.114134 0.9931666 -0.000441207 -0.001581928 0.9999987 -0.001036961 -0.001563567 0.9999982 -0.001265385 -0.0009962598 0.9999987 0.1109887 0.02127402 0.9935939 0.2756894 0.280211 0.9194983 -0.0006429056 -1.664435e-05 0.9999998 0.348586 -0.09781719 0.9321586 0.3751474 -0.006093962 0.9269452 0.1054363 -0.07050798 0.9919233 -0.001066036 0.0006506571 0.9999992 -0.001501087 0.002240222 0.9999964 -0.001612016 0.0005202512 0.9999986 0.01619144 -0.1157291 0.9931488 0.2239947 -0.2820412 0.9328875 -0.1005948 -0.04631735 0.9938488 0.001041414 0.0007650428 0.9999992 0.0006947881 6.031762e-05 0.9999998 -0.111486 0.02215917 0.9935189 -0.3695774 -0.09155329 0.9246786 0.1108049 0.3612928 0.9258454 -0.03092461 0.3793921 0.924719 0.000246199 -0.000487476 0.9999999 0.0003315658 -0.0006977193 0.9999997 0.1097738 0.06138137 -0.9920595 -0.001930983 -0.0002822267 -0.9999981 -0.0008176013 -0.0006739713 -0.9999994 0.1121402 -0.02999483 -0.9932396 0.3752829 -0.006097519 -0.9268903 -0.0007594275 0.0002344736 -0.9999997 -0.001049513 0.000596218 -0.9999993 -0.05513438 -0.1027017 -0.993183 0.0001766588 0.000518678 -0.9999998 0.01075087 -0.1120966 -0.9936392 0.0002424887 0.0007195808 -0.9999997 -0.0994458 -0.04664391 -0.9939491 0.001066268 0.0008882925 -0.999999 0.0004641325 0.0001092616 -0.9999999 -0.2378623 -0.2810811 -0.9297392 -0.311831 -0.2140703 -0.925708 -0.1054694 0.01002126 -0.9943721 -0.08823816 0.07310769 -0.993413 0.0009931679 -0.0003232308 -0.9999995 -0.3573601 -0.105451 -0.9279945 -0.3845782 -0.01514162 -0.9229682 0.0009410077 -0.00116301 -0.9999989 -0.1446163 0.6723428 -0.7259761 0.08185612 0.6809296 -0.7277599 -0.06928517 0.6643555 -0.7441985 0.2034575 0.6336774 -0.7463632 0.3311921 0.6004406 -0.7278619 -0.595483 0.3454907 -0.7252835 -0.3864565 0.5661986 -0.7280594 -0.5261394 0.4259393 -0.7360388 -0.6410322 0.1894579 -0.743763 -0.3081767 0.5931389 -0.7437832 -0.6765065 0.1236853 -0.7259758 -0.666371 -0.05640136 -0.7434841 -0.6714318 -0.1403686 -0.727651 -0.0716549 0.6855439 0.7244965 0.1940454 0.6370065 0.7460356 0.2490469 0.6335817 0.7324956 -0.3633019 0.5732142 0.7344639 -0.118603 0.6616863 0.7403408 -0.455164 0.4801527 0.7498527 -0.5428633 -0.4204067 -0.7270197 -0.592343 -0.320743 -0.7390897 -0.3669265 -0.562697 -0.7407679 -0.3204433 -0.6068267 -0.7273771 -0.06395587 -0.6702126 -0.7394083 -0.08484231 -0.6718195 -0.7358399 0.5619055 0.398727 0.7247613 0.4780748 0.4830395 0.7335648 0.6462837 0.1956411 0.737592 0.6856597 0.0878877 0.7225971 0.6657299 -0.07550504 0.7423629 0.657263 -0.1649614 -0.7353863 0.6369764 -0.2223372 -0.7381241 0.6585403 0.1229905 -0.7424271 0.4739931 -0.4878066 -0.7330588 0.5044409 -0.4557868 -0.7333469 0.6808753 0.1402274 -0.7188499 0.5567309 0.3823891 -0.7374479 0.6617999 -0.18911 0.7254366 0.5871172 -0.3237208 0.7419556 0.4793097 0.4593751 -0.7478213 0.5408094 -0.4221802 0.7275225 0.4215248 -0.519155 0.7435018 0.3769051 -0.5718407 0.7286568 0.1925446 -0.6429648 0.7412981 0.1709462 -0.6547462 0.7362641 -0.3771674 -0.5680076 0.7315136 -0.1157891 -0.6657495 0.7371367 -0.4297836 -0.5174736 0.7399372 -0.5989154 -0.3264284 0.7312626 0.03552684 0.3732988 -0.9270307 -0.1189285 0.3711382 -0.9209302 -0.1296385 0.6926578 -0.7095203 0.07012221 0.7084354 -0.7022836 0.04085848 0.1018164 -0.9939638 -0.02071413 0.1137973 -0.993288 0.1754494 0.3389642 -0.9242947 -2.109329e-05 -0.0006809762 -0.9999998 -0.0002905573 -0.0004225573 -0.9999999 0.2888933 0.2533605 -0.9232276 -0.2195445 0.3118337 -0.9244241 8.6979e-05 -0.0006556391 -0.9999998 0.1923952 0.978521 0.07403137 0.2066398 0.9282316 -0.3093316 -0.005028822 0.9613811 -0.2751747 0.3694617 0.8876222 -0.2749998 0.1741958 0.8951097 0.4104076 0.3609769 0.890297 0.2776095 -0.005455558 0.9611006 0.2761447 0.1279334 0.686855 0.7154462 0.3313494 0.6203809 0.7108693 0.4909764 0.5083028 -0.7075101 0.3236593 0.6330543 -0.7031976 0.5354589 0.7902635 0.2979385 0.5446356 0.7873121 -0.2889839 0.5550037 0.443401 0.7038227 0.3586007 0.131421 0.9241937 0.870417 0.3874184 0.3037783 0.795232 0.5309619 0.2927209 0.661258 0.6958709 0.2801813 0.6788767 0.6814067 -0.2735165 0.8310221 0.5512897 -0.07404006 0.8895188 0.3385026 -0.3068751 0.7566532 0.5117432 -0.4069334 0.6174701 0.3209113 -0.718155 0.9765697 0.1999724 0.0795153 0.9277802 0.2043866 -0.3121699 0.7049073 0.07829582 -0.7049648 0.3786911 0.114394 -0.9184264 0.8980176 0.1711132 0.4053204 0.6710475 0.2112996 0.7106671 0.7071254 -0.004621674 0.7070731 0.9558518 -0.005146442 0.293804 0.9968971 -0.004617811 -0.07858054 0.9100587 -0.01967227 -0.4140122 0.937314 -0.1866124 -0.2943097 0.9413764 -0.1673876 0.2929023 0.6720549 -0.199343 -0.7131652 0.8408891 -0.3570595 0.4067112 0.6712087 -0.196716 0.71469 0.3352064 -0.2255119 0.9147574 0.5860901 -0.4052691 0.7016091 0.7860298 -0.5491871 0.2838145 0.4449281 -0.5439076 0.7114798 0.6821602 -0.6545884 0.3258396 0.9217777 -0.3804023 0.07496627 0.7045483 -0.7057428 -0.07442288 0.8056351 -0.5237542 -0.2768275 0.8759151 -0.3704736 -0.3090665 0.3658093 -0.1174037 -0.9232551 0.2974651 -0.2444282 -0.9229135 0.5934609 -0.3835712 -0.7075855 0.1548024 -0.3638301 -0.9185117 0.07382839 -0.1006367 -0.9921802 0.2802929 -0.655736 0.7010322 0.1467996 -0.3399859 0.9289023 0.6525159 -0.6381458 -0.4086477 0.4997772 -0.8084167 -0.3109424 0.5180757 -0.8012054 0.2994452 0.4206267 -0.5439859 -0.7260527 0.2041212 -0.6794851 -0.704723 0.3745818 -0.8840899 -0.2794164 -0.1766984 0.9407439 -0.2894453 -0.2061834 0.9322384 0.2973549 -0.3527721 0.8956057 -0.2710024 -0.07061285 0.7078006 0.7028742 -0.02663388 -0.3764308 -0.9260618 -0.0001756292 0.0002940582 -0.9999999 -0.0005302737 0.000883604 -0.9999995 -0.05618808 -0.7091839 -0.702781 0.02312007 -0.3916947 0.9198047 -0.1116505 -0.3573156 0.9272862 -0.2185995 -0.673435 0.7061866 0.05793598 -0.708601 0.7032268 -0.0001589047 0.001006439 0.9999995 0.0003207824 0.001467267 0.9999989 -0.05842081 -0.09597752 0.9936676 -0.1449109 -0.3607787 -0.9213249 -0.2380321 -0.2871906 0.9278266 -0.432246 -0.549348 0.7151085 -0.3823868 -0.8782551 0.287138 -0.4994234 -0.8100532 0.3072298 -0.1923945 -0.9785212 0.07403111 -0.1589499 -0.8950317 0.4167172 -0.2018924 -0.9322606 -0.3002158 0.005740909 -0.9611037 -0.2761282 -0.3853904 -0.8795348 -0.2790928 -0.31044 -0.2144872 0.926079 -0.5906965 -0.3912223 0.7057072 -0.6489869 -0.6419358 0.4083313 -0.5178639 -0.8009694 -0.3004414 -0.8005024 -0.5327421 0.2745573 -0.7027013 -0.7076598 0.07367832 -0.8006176 -0.5299534 -0.2795726 -0.6896197 -0.6496578 -0.3199522 -0.3856719 0.04666215 0.9214553 -0.8925198 -0.1664411 0.4191726 -0.8756017 -0.387694 0.2881233 -0.6720452 -0.2091025 0.7103741 -0.7128224 0.06781964 0.6980578 -0.9613623 -0.007443159 0.2751857 -0.882469 -0.3679541 -0.2930158 -0.9774041 -0.1980973 0.07374797 -0.5893053 -0.4058287 -0.698586 -0.938611 -0.1622737 -0.3044285 -0.6740638 -0.199101 -0.7113345 -0.7075183 0.05679885 -0.7044087 -0.9609114 0.0006138838 -0.2768553 -0.9384028 0.1922677 0.287112 -0.9356711 0.2021428 -0.2892366 -0.6302987 0.3036732 0.7144972 -0.893006 0.3343758 0.3012194 -0.362423 0.1144305 -0.9249623 -0.6499204 0.2736988 -0.7090081 -0.3125102 0.2381128 -0.9195867 -0.3241462 0.2170221 0.9207772 -0.08313215 0.0865988 0.9927687 -0.1805366 0.3380723 0.9236415 -0.4842464 0.4981764 0.7192535 0.0005874876 -0.0002104601 0.9999998 -0.7614311 0.5018622 -0.4103134 -0.5334207 0.4714518 -0.7022788 -0.7555434 0.5109765 0.4099478 -0.8893996 0.3662332 -0.273572 -0.830634 0.5512827 0.07832335 0.0003959862 -0.0003369879 0.9999999 -0.8270446 0.5566512 -0.07833731 -0.6610066 0.6962439 -0.2798477 -0.6788759 0.6814076 0.2735164 -0.5442878 0.7869975 0.2904922 -0.3330182 0.6326024 -0.6992232 -0.5349419 0.7910832 -0.2966894 -0.3189298 0.6414695 0.697711 -0.3674482 0.8900556 0.2697829 -0.4464577 -0.5441202 -0.7103581 -0.2802923 -0.6557356 -0.7010329 0.006842694 -0.9616792 0.2740917 0.1656698 -0.9400374 -0.2981328 0.2018859 -0.9358045 0.2889844 0.3830325 -0.8816684 0.2755848 0.0001106074 9.243624e-05 -1 1.192535e-05 -2.944888e-05 -1 -0.00023144 7.278333e-05 -1 5.198867e-05 0.0001098079 -1 0.0004306022 0.0007163752 -0.9999997 0.0001267148 -0.000179075 -1 7.528873e-05 -8.446405e-05 -1 6.75737e-05 -1.485794e-05 -1 -0.0001292471 -8.721413e-05 -1 -0.0005981864 -0.0003441908 -0.9999998 -0.0003640194 -0.000290539 -0.9999999 -7.525397e-05 0.0001050198 -1 -0.001381064 0.001384465 -0.9999981 0.0009462676 0.0001022059 -0.9999995 -0.5939277 -0.3174636 0.7392339 -0.6741948 -0.06658337 0.7355461 -0.6798155 -0.06835409 0.7301908 -0.6327651 0.2078703 0.7459211 -0.6569802 0.1774997 0.7327147 -2.338163e-05 -0.0001333518 1 -3.910452e-07 -2.857134e-05 1 -3.492196e-05 -5.821456e-05 1 -0.0006741511 -0.0006979294 0.9999995 -9.193807e-06 -3.659775e-06 1 1.43131e-05 4.597152e-05 1 -6.426186e-05 4.013162e-05 1 1.209304e-05 -6.113287e-05 1 -0.0002398113 -3.419541e-05 1 7.51139e-05 0.0001924439 1 0.0002991167 0.001383083 0.999999 0.0001284232 -0.0002567284 1 2.136827e-05 -6.817949e-06 1 0.000150632 -0.0003570928 0.9999999 -0.5681744 0.3792013 0.7303316 0.2208971 -0.6370409 -0.7385008 0.1939952 -0.6547431 -0.7305323 -0.07579264 -0.6810838 0.7282721 0.07466312 0.1201769 -0.9899409 -0.001265385 -0.0009964108 -0.9999987 -0.001036961 -0.001563718 -0.9999982 -0.0243631 0.1141338 -0.9931666 0.1108049 0.3612927 -0.9258455 -0.000441207 -0.001582079 -0.9999987 0.1109887 0.02127387 -0.993594 -0.001612016 0.0005201003 -0.9999986 -0.0006429056 -1.679534e-05 -0.9999998 0.2756894 0.2802109 -0.9194984 0.3586007 0.1314209 -0.9241938 0.1054363 -0.07050813 -0.9919233 -0.001501087 0.002240071 -0.9999964 -0.001066036 0.0006505062 -0.9999992 0.348586 -0.09781733 -0.9321585 0.01619144 -0.1157293 -0.9931488 -0.1005948 -0.04631751 -0.9938488 0.0006947881 6.016663e-05 -0.9999998 0.001041414 0.0007648918 -0.9999992 -0.111486 0.02215902 -0.9935189 0.0003315658 -0.0006978703 -0.9999997 0.000246199 -0.000487627 -0.9999999 -0.08313215 0.08659865 -0.9927687 0.1097738 0.06138152 0.9920595 -0.0008176013 -0.0006738203 0.9999994 -0.001930983 -0.0002820757 0.9999981 0.3752829 -0.006097379 0.9268903 0.3786911 0.1143942 0.9184264 0.04085848 0.1018165 0.9939638 0.1121402 -0.02999468 0.9932396 -0.0007594275 0.0002346246 0.9999997 -0.001049513 0.000596369 0.9999993 -0.05513438 -0.1027015 0.9931831 0.01075087 -0.1120964 0.9936392 0.0001766588 0.000518829 0.9999998 0.0002424887 0.0007197318 0.9999997 0.001066268 0.0008884435 0.999999 -0.0994458 -0.04664376 0.9939491 0.0004641325 0.0001094126 0.9999999 -0.2378623 -0.2810809 0.9297392 -0.1054694 0.01002141 0.994372 -0.3573601 -0.1054509 0.9279945 0.0009931679 -0.0003230798 0.9999995 -0.08823816 0.07310784 0.9934129 0.0009410077 -0.001162859 0.9999989 -0.02071413 0.1137974 0.993288 -0.2195445 0.3118339 0.9244241 -0.1446163 0.6723429 0.725976 -0.06928517 0.6643556 0.7441984 0.08185612 0.6809297 0.7277598 -0.3081767 0.593139 0.7437831 0.2034575 0.6336775 0.7463631 0.3311921 0.6004407 0.7278618 -0.595483 0.3454908 0.7252834 -0.5261394 0.4259394 0.7360387 -0.3864565 0.5661987 0.7280593 -0.6410322 0.189458 0.743763 -0.6765065 0.1236854 0.7259758 -0.0716549 0.6855438 -0.7244966 0.1940454 0.6370064 -0.7460357 -0.118603 0.6616862 -0.7403409 -0.3633019 0.5732141 -0.734464 -0.455164 0.4801526 -0.7498528 -0.5428633 -0.4204066 0.7270198 -0.3669265 -0.5626969 0.7407679 -0.592343 -0.3207429 0.7390898 -0.6714318 -0.1403685 0.727651 -0.666371 -0.05640125 0.7434841 -0.3204433 -0.6068266 0.7273772 -0.06395587 -0.6702125 0.7394084 0.5619055 0.3987269 -0.7247614 0.6462837 0.195641 -0.737592 0.4780748 0.4830394 -0.7335649 0.2490469 0.6335816 -0.7324957 0.6856597 0.08788759 -0.7225971 0.6657299 -0.07550515 -0.7423629 0.657263 -0.1649613 0.7353864 0.6585403 0.1229907 0.7424271 0.6369764 -0.2223371 0.7381242 0.4739931 -0.4878065 0.7330589 0.6808753 0.1402275 0.7188498 0.5567309 0.3823892 0.7374478 0.6617999 -0.1891101 -0.7254366 0.5871172 -0.323721 -0.7419556 0.4793097 0.4593752 0.7478212 0.5408094 -0.4221803 -0.7275225 0.4215248 -0.5191551 -0.7435017 0.3769051 -0.5718409 -0.7286567 -0.3771674 -0.5680077 -0.7315135 -0.5989154 -0.3264285 -0.7312625 -0.4297836 -0.5174737 -0.7399372 -0.1157891 -0.6657496 -0.7371366 -0.5939277 -0.3174638 -0.7392338 0.03552684 0.3732989 0.9270306 -0.1296385 0.6926579 0.7095202 -0.1189285 0.3711383 0.9209302 0.1754494 0.3389644 0.9242947 8.6979e-05 -0.0006554881 0.9999998 -2.109329e-05 -0.0006808252 0.9999998 0.2888933 0.2533607 0.9232275 -0.0002905573 -0.0004224063 0.9999999 0.1923952 0.978521 -0.07403152 0.3609769 0.8902969 -0.2776096 0.1741958 0.8951097 -0.4104077 -0.005455558 0.9611005 -0.2761449 0.3694617 0.8876222 0.2749997 0.1279334 0.6868549 -0.7154463 0.4909764 0.5083029 0.70751 0.3236593 0.6330544 0.7031975 0.07012221 0.7084355 0.7022835 0.5354589 0.7902635 -0.2979386 0.3313494 0.6203808 -0.7108694 0.661258 0.6958708 -0.2801814 0.5550037 0.4434009 -0.7038228 -0.03092461 0.379392 -0.9247191 0.6710475 0.2112995 -0.7106671 0.870417 0.3874183 -0.3037784 0.795232 0.5309618 -0.292721 0.8310221 0.5512897 0.07403997 0.7566532 0.5117433 0.4069333 0.8895188 0.3385026 0.306875 0.6788767 0.6814068 0.2735164 0.5446356 0.7873121 0.2889838 0.6174701 0.3209114 0.7181549 0.9277802 0.2043866 0.3121698 0.9765697 0.1999724 -0.07951533 0.8980176 0.1711132 -0.4053205 0.9558518 -0.005146486 -0.293804 0.7071254 -0.004621781 -0.7070731 0.3751474 -0.006094102 -0.9269452 0.7049073 0.07829593 0.7049648 0.9968971 -0.004617799 0.07858054 0.9100587 -0.01967221 0.4140122 0.6720549 -0.1993429 0.7131652 0.937314 -0.1866123 0.2943097 0.9413764 -0.1673877 -0.2929023 0.8408891 -0.3570596 -0.4067111 0.6712087 -0.1967161 -0.7146899 0.7860298 -0.5491872 -0.2838144 0.5860901 -0.4052692 -0.7016091 0.8056351 -0.5237542 0.2768276 0.7045483 -0.7057428 0.07442299 0.9217777 -0.3804023 -0.07496621 0.4449281 -0.5439078 -0.7114797 0.8759151 -0.3704735 0.3090665 0.3352064 -0.225512 -0.9147573 0.3658093 -0.1174036 0.9232551 0.2974651 -0.2444281 0.9229136 0.5934609 -0.3835711 0.7075856 0.07382839 -0.1006365 0.9921803 0.1548024 -0.36383 0.9185118 0.2239947 -0.2820413 -0.9328875 0.2802929 -0.6557362 -0.7010321 0.1467996 -0.339986 -0.9289022 0.6525159 -0.6381458 0.4086477 0.4997772 -0.8084167 0.3109425 0.6821602 -0.6545884 -0.3258395 0.5180757 -0.8012055 -0.2994451 0.4206267 -0.5439858 0.7260528 0.2041212 -0.679485 0.7047231 0.3745818 -0.8840898 0.2794166 -0.005028822 0.9613811 0.2751746 -0.1766984 0.940744 0.2894452 -0.07061285 0.7078005 -0.7028743 -0.2061834 0.9322384 -0.2973551 -0.3527721 0.8956057 0.2710022 -0.3189298 0.6414694 -0.6977111 -0.3674482 0.8900556 -0.269783 -0.02663388 -0.3764307 0.9260619 -0.0005302737 0.000883755 0.9999995 -0.0001756292 0.0002942091 0.9999999 -0.05618808 -0.7091837 0.7027811 0.1656698 -0.9400374 0.2981329 0.02312007 -0.3916949 -0.9198046 -0.2185995 -0.6734351 -0.7061865 -0.1116505 -0.3573157 -0.9272862 -0.0001589047 0.001006288 -0.9999995 0.0003207824 0.001467116 -0.9999989 -0.05842081 -0.09597767 -0.9936676 0.05793598 -0.7086011 -0.7032267 -0.1449109 -0.3607785 0.921325 -0.3823868 -0.8782552 -0.2871379 -0.432246 -0.5493481 -0.7151084 -0.1589499 -0.8950318 -0.416717 -0.1923945 -0.9785212 -0.07403096 0.006842694 -0.9616793 -0.2740915 -0.3853904 -0.8795348 0.2790929 -0.31044 -0.2144873 -0.9260789 -0.2802923 -0.6557355 0.701033 -0.2380321 -0.2871908 -0.9278266 -0.5906965 -0.3912225 -0.7057072 -0.6489869 -0.6419358 -0.4083312 -0.4994234 -0.8100532 -0.3072297 -0.8005024 -0.5327422 -0.2745572 -0.7027013 -0.7076598 -0.07367821 -0.8006176 -0.5299533 0.2795727 -0.3695774 -0.09155343 -0.9246786 -0.7128224 0.06781954 -0.6980578 -0.3856719 0.04666201 -0.9214553 -0.6720452 -0.2091026 -0.7103741 -0.8925198 -0.1664412 -0.4191726 -0.8756017 -0.387694 -0.2881233 -0.9774041 -0.1980974 -0.07374794 -0.882469 -0.3679541 0.2930159 -0.6740638 -0.1991009 0.7113345 -0.938611 -0.1622736 0.3044285 -0.7075183 0.05679895 0.7044087 -0.5893053 -0.4058286 0.698586 -0.9609114 0.0006139256 0.2768553 -0.9613623 -0.007443201 -0.2751857 -0.9384028 0.1922677 -0.2871121 -0.6302987 0.3036731 -0.7144972 -0.362423 0.1144306 0.9249623 -0.6499204 0.2736989 0.7090081 -0.9356711 0.2021428 0.2892366 -0.3845782 -0.01514148 0.9229682 -0.3125102 0.238113 0.9195866 -0.3241462 0.2170219 -0.9207772 0.0005874876 -0.0002106111 -0.9999998 -0.8893996 0.3662333 0.2735719 -0.5334207 0.4714519 0.7022788 -0.7614311 0.5018623 0.4103133 -0.7555434 0.5109764 -0.4099479 -0.6788759 0.6814075 -0.2735165 -0.4842464 0.4981763 -0.7192536 -0.893006 0.3343757 -0.3012195 -0.830634 0.5512827 -0.07832344 0.0003959862 -0.0003371389 -0.9999999 -0.8270446 0.5566512 0.07833722 -0.6610066 0.6962439 0.2798476 -0.5442878 0.7869974 -0.2904924 -0.1805366 0.3380722 -0.9236416 -0.5349419 0.7910832 0.2966892 -0.3330182 0.6326025 0.6992231 0.2066398 0.9282317 0.3093315 -0.6896197 -0.6496577 0.3199523 -0.4464577 -0.5441201 0.7103582 -0.5178639 -0.8009694 0.3004415 -0.2018924 -0.9322606 0.300216 0.005740909 -0.9611036 0.2761284 0.2018859 -0.9358046 -0.2889843 0.3830325 -0.8816684 -0.2755846 0.0001106074 9.258723e-05 1 1.192535e-05 -2.929789e-05 1 6.75737e-05 -1.470694e-05 1 0.0009462676 0.0001023569 0.9999995 -0.00023144 7.293432e-05 1 -0.0001292471 -8.706313e-05 1 0.0001267148 -0.000178924 1 5.198867e-05 0.0001099589 1 -7.525397e-05 0.0001051708 1 -0.001381064 0.001384616 0.9999981 -0.0005981864 -0.0003440398 0.9999998 0.0004306022 0.0007165262 0.9999997 7.528873e-05 -8.431305e-05 1 -0.0003640194 -0.000290388 0.9999999 -0.6741948 -0.06658348 -0.7355461 -0.6798155 -0.0683542 -0.7301908 -2.338163e-05 -0.0001335028 -1 -3.910452e-07 -2.872234e-05 -1 -9.193807e-06 -3.810771e-06 -1 1.209304e-05 -6.128387e-05 -1 0.0001284232 -0.0002568793 -1 0.000150632 -0.0003572438 -0.9999999 -6.426186e-05 3.998062e-05 -1 2.136827e-05 -6.968944e-06 -1 -3.492196e-05 -5.836556e-05 -1 1.43131e-05 4.582052e-05 -1 7.51139e-05 0.0001922929 -1 -0.0002398113 -3.434641e-05 -1 0.0002991167 0.001382932 -0.999999 -0.0006741511 -0.0006980804 -0.9999995 -0.6327651 0.2078702 -0.7459211 -0.6569802 0.1774996 -0.7327147 -0.5681744 0.3792012 -0.7303317 -0.08484231 -0.6718194 0.73584 0.1939952 -0.654743 0.7305323 0.2208971 -0.6370407 0.7385009 0.5044409 -0.4557867 0.733347 0.1925446 -0.6429649 -0.741298 -0.07579264 -0.6810839 -0.728272 0.1709462 -0.6547463 -0.736264 -0.311831 -0.2140702 0.9257081 -0.7036564 0.7036561 0.09866959 -0.9193712 0.3808159 -0.09867029 -0.9193712 0.3808159 0.09867005 -0.7036564 0.7036561 -0.09866983 -0.3808161 0.9193712 0.09866979 -0.3808161 0.9193711 -0.0986701 -0.6540555 0.654055 -0.3800308 -0.8545644 0.3539721 -0.3800309 -0.990406 0.09754662 -0.09788055 -0.990406 0.09754665 0.0978805 -0.6540555 0.6540552 0.3800305 7.493836e-16 1.685874e-07 1 -0.1030904 0.01015367 0.9946202 7.809154e-16 1.685874e-07 1 -0.3826826 1.557545e-07 0.9238799 -0.09801587 1.677756e-07 0.9951849 1.539955e-16 1.685874e-07 1 -0.09984154 0.04135595 0.9941435 0 1.685874e-07 1 -1.855115e-16 1.685874e-07 1 -0.3896317 0.03837572 0.9201709 -0.07641547 0.07641562 0.9941435 -0.002424007 0.01218648 0.9999228 -1.521435e-16 1.685874e-07 1 6.552723e-16 1.685874e-07 1 7.6808e-16 1.685874e-07 1 -3.078971e-17 1.685874e-07 1 -8.203227e-08 0.05830053 0.9982991 8.908967e-16 1.685874e-07 1 -4.458561e-16 1.685874e-07 1 1.038379e-09 0.09772717 0.9952132 -0.04135575 0.0998418 0.9941435 -0.3668784 0.1519665 0.9177725 -0.2807968 0.280797 0.9177724 -0.04348614 0.2186198 0.9748407 0 1.685874e-07 1 -0.02177765 -0.3661872 -0.9302863 -0.003676207 -0.03328142 -0.9994393 -0.04307765 -0.2934642 -0.954999 -0.06457642 -0.3895359 -0.9187446 -0.05921574 -0.4168192 -0.9070586 0.01296563 -0.3867728 -0.9220839 0.01830533 -0.3681763 -0.9295758 0.06888183 -0.04579681 -0.9965731 -0.02565297 -0.4054617 -0.913752 0.03851085 -0.4349314 -0.8996397 0.07381263 -0.4277895 -0.9008595 0.06044688 -0.3945057 -0.9169032 -3.871965e-07 -0.4725802 -0.8812877 0 -0.4725809 -0.8812873 -0.1353055 -0.125428 -0.9828328 -0.1131944 -0.1453112 -0.9828895 -0.3021559 -0.1563089 -0.940356 -0.01389164 -0.03147083 -0.9994081 -0.2126497 -0.234896 -0.9484746 -0.05927368 -0.4082327 -0.9109515 0.003435958 -0.03329117 -0.9994398 2.872803e-07 -0.4725814 -0.881287 0.04112911 -0.300538 -0.9528826 0 -0.4725809 -0.8812873 0 -0.4725809 -0.8812873 2.184448e-17 -1 1.685874e-07 1.430598e-17 -1 1.685874e-07 2.455393e-17 -1 1.685874e-07 0 -1 1.685874e-07 -8.247389e-18 -1 1.685874e-07 8.634694e-18 -1 1.685874e-07 -7.605034e-17 -1 1.685874e-07 9.383504e-17 -1 1.685874e-07 0 -1 1.685874e-07 3.109556e-16 -1 1.685874e-07 3.120378e-16 -1 1.685874e-07 5.789648e-16 -1 1.685874e-07 0.03920188 0.1548251 0.9871638 -8.728849e-07 0.2864026 0.9581094 2.22468e-07 0.313307 0.9496519 -0.03274508 0.2202615 0.9748911 1.007605e-07 0.08986309 0.9959541 -0.0434202 0.1384731 0.9894139 -0.03861094 0.2330474 0.9716986 3.113223e-06 0.5456199 0.8380328 1.388126e-06 0.2864019 0.9581096 0.03920188 0.2335988 0.9715425 -0.1400394 0.3993042 0.9060602 0.1390009 -0.07100766 0.9877432 -0.1311291 -0.1171215 0.9844225 0.09046269 0.9916573 -0.09182794 6.95742e-15 0.8939485 -0.4481697 0 0.9925803 -0.121591 0 0.9925803 0.1215907 0.09046269 0.9916573 0.09182761 -0.09046285 0.9916573 -0.09182792 -0.09046289 0.9916573 0.09182758 8.080894e-15 0.8939486 0.4481694 0.2841578 0.912991 0.2927486 0.2841578 0.9129909 -0.2927489 -0.9334469 -0.1634077 0.319335 -0.8423617 -0.09957972 0.5296325 -0.9334468 -0.1634076 0.3193352 -0.835862 -0.09584432 0.5405077 4.857011e-18 -1 1.685874e-07 0.7148864 -0.6992406 1.178832e-07 0.7148864 -0.6992406 1.178832e-07 0.7148864 -0.6992406 1.178832e-07 0.7148864 -0.6992406 1.178832e-07 0.7148864 -0.6992406 1.178832e-07 -4.272485e-16 1 -1.685874e-07 -6.485097e-16 1 -1.685874e-07 5.597852e-17 1 -1.685874e-07 3.137956e-16 1 -1.685874e-07 2.88974e-16 1 -1.685874e-07 1.368889e-16 1 -1.685874e-07 5.121297e-16 1 -1.685874e-07 9.311296e-18 1 -1.685874e-07 1.372167e-16 1 -1.685874e-07 6.641028e-16 1 -1.685874e-07 2.371571e-16 1 -1.685874e-07 5.224712e-16 1 -1.685874e-07 -6.098641e-16 1 -1.685874e-07 -0.1013639 0.9528667 -0.2859553 -0.121697 0.9898239 -0.07374662 2.402243e-16 1 -1.685874e-07 -6.422412e-17 1 -1.685874e-07 -2.574016e-17 1 -1.685874e-07 -4.014616e-16 1 -1.685874e-07 -0.1013639 0.9528668 0.285955 1.321014e-16 1 -1.685874e-07 0.7780561 -0.6281948 1.059057e-07 0.7780561 -0.6281948 1.059057e-07 0.7780561 -0.6281948 1.059057e-07 0.7780561 -0.6281948 1.059057e-07 2.429504e-17 -1 1.685874e-07 -2.43631e-17 -1 1.685874e-07 -1.342476e-17 -1 1.685874e-07 1.386279e-17 -1 1.685874e-07 -2.788644e-17 -1 1.685874e-07 0 -1 1.685874e-07 2.788644e-17 -1 1.685874e-07 -0.7028506 -0.7092097 -0.05497826 -0.707184 -0.7016793 0.08681553 -0.7028506 -0.7092097 0.0549785 -0.6813257 -0.6800385 0.2708189 -0.707184 -0.7016793 -0.0868153 -0.6813257 -0.6800386 -0.2708187 -0.6763729 -0.6761333 -0.2921704 -6.844772e-16 1.685874e-07 1 -1.156056e-16 1.685874e-07 1 0.03225393 0.2198973 0.9749897 -8.300466e-16 1.685874e-07 1 1.599102e-16 1.685874e-07 1 -1.932699e-07 0.8692175 0.49443 8.639434e-08 0.9392642 0.3431951 4.536931e-08 0.8644138 0.502781 5.163866e-08 0.939264 0.3431956 -0.1372441 0.4378962 0.888488 3.229741e-17 -1 1.685874e-07 0.02153681 -0.02827753 -0.9993681 0.2319096 -0.06529216 -0.9705436 0.1698958 -0.06960914 -0.9830005 6.929665e-06 -0.4725739 -0.881291 4.089615e-08 -0.472581 -0.8812872 5.968751e-06 -0.4725749 -0.8812905 0 -0.4725809 -0.8812873 -2.872803e-07 -0.4725814 -0.881287 -0.9951849 2.724576e-07 0.09801549 -0.9205837 0.09067012 -0.3798744 -0.8545646 0.3539727 0.3800299 -0.3539723 0.8545644 0.3800306 -0.121697 0.9898239 0.07374629 -0.3539723 0.8545643 -0.3800309 -8.560895e-17 -1 1.685874e-07 -4.82485e-17 -1 1.685874e-07 -1.670901e-16 -1 1.685874e-07 -3.154482e-16 -1 1.685874e-07 6.894358e-17 -1 1.685874e-07 4.512608e-17 -1 1.685874e-07 -1.231388e-16 -1 1.685874e-07 0.9550952 -0.2962991 4.995229e-08 0.9550952 -0.2962991 4.995229e-08 0.9238321 -0.3827978 6.453489e-08 0.9877421 0.04935331 -0.1480873 0.8876992 0.1280659 -0.4422547 0.8864867 0.1270896 -0.4449601 0.9425192 0.3000725 -0.1470174 0.9877421 0.04935336 0.1480873 0.9798014 0.1971273 -0.03361679 0.8876992 0.1280661 0.4422546 0.9425192 0.3000725 0.1470173 0.9574253 0.0561539 0.2831669 0.8601486 0.09921308 0.5003011 0.9574253 0.05615395 0.2831671 0.8601478 0.09921337 0.5003024 0.796931 0.1175031 0.5925319 -0.1372423 -0.06570472 0.9883559 0.1382634 0.3951074 0.9081703 -0.03861048 0.1553959 0.9870974 0.0427611 0.1392705 0.9893307 2.849789e-07 -0.6375098 0.7704422 8.444298e-08 -0.6295791 0.7769364 -1.466247e-07 -0.7518481 0.6593364 0 -0.7518491 0.6593353 7.771513e-16 1.685874e-07 1 -7.555272e-17 1.685874e-07 1 4.855175e-16 1.685874e-07 1 0.8285002 -0.0916916 0.552431 0.9295847 -0.1599376 0.3321027 0.8352058 -0.09547082 0.5415871 0.9295847 -0.1599375 0.3321028 -4.850871e-07 -0.622854 0.7823381 -6.960839e-08 -0.7372182 0.6756547 -2.626622e-07 -0.6147631 0.7887118 -1.182767e-07 -0.7372186 0.6756543 0.1294936 -0.1112801 0.9853163 0 0.9465593 -0.3225297 -6.788937e-09 0.9465594 -0.3225296 2.405246e-07 0.8784195 -0.4778904 9.552255e-08 0.8737794 -0.4863224 0.1390017 0.4425641 -0.8858982 0 0.1945189 0.9808988 0 0.1945189 0.9808988 0 0.1945189 0.9808988 0 0.1945189 0.9808988 -1.094001e-07 0.1945188 0.9808988 -3.373442e-08 0.1945189 0.9808988 -1.717113e-07 0.1945188 0.9808988 1.069421e-08 0.1945189 0.9808988 -0.03861048 0.1553956 -0.9870975 1.388126e-06 0.2864016 -0.9581097 2.22468e-07 0.3133067 -0.949652 0.0427611 0.1392702 -0.9893307 -3.113224e-06 0.5456197 -0.8380329 -8.728849e-07 0.2864023 -0.9581095 3.113223e-06 0.5456196 -0.838033 -0.03861094 0.2330471 -0.9716986 0.1382634 0.3951071 -0.9081705 0.03225393 0.219897 -0.9749897 -0.1372423 -0.06570505 -0.9883559 0.1294936 -0.1112804 -0.9853162 1.038379e-09 0.09772683 -0.9952133 -8.203227e-08 0.0583002 -0.9982991 4.45856e-16 -1.685874e-07 -1 3.078971e-17 -1.685874e-07 -1 0.9448065 0.327629 -3.770927e-07 0.9798014 0.1971273 0.03361672 0.9675132 0.2522002 0.01769955 0.9937991 0.1111903 -5.971406e-08 0.9448065 0.327629 2.666245e-07 0.9929109 0.1188607 -2.003842e-08 1 0 0 1 0 0 1 0 0 1 0 0 0.8184242 0.5746146 -9.687277e-08 0.9937991 0.1111903 2.222351e-08 0.9675132 0.2522002 -0.01769964 -0.9448059 0.3276306 3.104363e-08 -0.9655919 0.2585279 -0.02820582 -0.9717443 0.2360362 7.148395e-08 -0.9448059 0.3276305 -1.384823e-07 -0.9804553 0.1934523 -0.03582811 -0.8184226 0.5746168 -9.50771e-08 -0.9717443 0.2360362 -1.510694e-07 -0.9655919 0.2585279 0.02820574 -0.9804553 0.1934523 0.03582804 -0.9821139 0.004064779 -0.1882441 -0.9104939 0.3728426 -0.1788553 -0.9104939 0.3728426 0.1788552 -0.9821139 0.004064842 0.1882441 -0.8525279 0.1016713 0.5126978 -0.8525291 0.101671 0.512696 -0.9532601 0.05877393 0.2963794 -0.9532597 0.05877426 0.2963808 -0.7893719 0.119418 0.6021888 1.007605e-07 0.08986275 -0.9959542 1.156056e-16 -1.685874e-07 -1 -0.03274508 0.2202611 -0.9748912 -4.855176e-16 -1.685874e-07 -1 0.03920188 0.2335985 -0.9715426 8.300466e-16 -1.685874e-07 -1 6.844772e-16 -1.685874e-07 -1 -1.599102e-16 -1.685874e-07 -1 7.555273e-17 -1.685874e-07 -1 -7.771513e-16 -1.685874e-07 -1 -5.333282e-16 -1.685874e-07 -1 0 -1.685874e-07 -1 2.200559e-14 -1.685874e-07 -1 0 -1.685874e-07 -1 0.01296563 -0.3867725 0.922084 -0.02177765 -0.3661869 0.9302864 0.01830533 -0.368176 0.9295759 -0.02565297 -0.4054614 0.9137521 -0.05921574 -0.4168189 0.9070587 -0.06457642 -0.3895356 0.9187447 0.06044688 -0.3945054 0.9169033 0.07381263 -0.4277891 0.9008597 0.03851085 -0.4349311 0.8996399 0.003435958 -0.03329083 0.9994398 0.04112911 -0.3005377 0.9528827 -0.1353055 -0.1254276 0.9828328 0 -0.4725806 0.8812874 -3.871965e-07 -0.4725799 0.8812878 0 -0.4725806 0.8812874 -0.01389164 -0.03147049 0.9994081 -0.3021559 -0.1563086 0.940356 -0.1131944 -0.1453108 0.9828895 -0.2126497 -0.2348956 0.9484746 -0.05927368 -0.4082324 0.9109517 0 -0.4725806 0.8812874 2.872803e-07 -0.4725811 0.8812872 0 -1 1.685874e-07 -1.430598e-17 -1 1.685874e-07 -2.184448e-17 -1 1.685874e-07 -2.455394e-17 -1 1.685874e-07 0 -1 1.685874e-07 8.247389e-18 -1 1.685874e-07 0.03920188 0.1548247 -0.9871639 -0.0434202 0.1384728 -0.989414 -0.1400394 0.3993039 -0.9060604 0.1390009 -0.07100799 -0.9877432 -0.1311291 -0.1171218 -0.9844225 0.8184242 0.5746146 -9.687277e-08 -0.8184224 0.574617 -9.063139e-08 -0.2841582 0.9129908 -0.2927489 0 -1.685874e-07 -1 -8.908966e-16 -1.685874e-07 -1 -0.002424007 0.01218614 -0.9999228 -8.786824e-17 -1.685874e-07 -1 -0.09984154 0.0413556 -0.9941435 -0.07641548 0.07641531 -0.9941435 -0.1030904 0.01015334 -0.9946202 -0.04135576 0.09984146 -0.9941435 -0.366879 0.1519664 -0.9177723 1.521435e-16 -1.685874e-07 -1 -0.2807967 0.2807967 -0.9177725 -6.587075e-16 -1.685874e-07 -1 -0.09801587 -1.677756e-07 -0.9951849 2.924265e-16 -1.685874e-07 -1 -0.3826826 -1.557545e-07 -0.9238799 -0.3896317 0.03837541 -0.9201709 -7.6808e-16 -1.685874e-07 -1 -0.04348614 0.2186195 -0.9748407 -6.552723e-16 -1.685874e-07 -1 -5.308813e-16 -1.685874e-07 -1 0 -1.685874e-07 -1 3.091926e-16 -1 1.685874e-07 8.639434e-08 0.939264 -0.3431954 -1.932699e-07 0.8692173 -0.4944303 4.536931e-08 0.8644136 -0.5027813 5.163866e-08 0.9392639 -0.3431959 -0.1372441 0.4378959 -0.8884882 0 -1 1.685874e-07 -4.857011e-18 -1 1.685874e-07 -8.634694e-18 -1 1.685874e-07 -3.229741e-17 -1 1.685874e-07 -0.04307765 -0.2934638 0.9549991 0.06888183 -0.04579647 0.9965731 0.1698958 -0.06960881 0.9830005 0.2319096 -0.06529183 0.9705436 -0.003676207 -0.03328108 0.9994393 0.02153681 -0.02827719 0.9993681 4.089614e-08 -0.4725807 0.8812874 6.929665e-06 -0.4725736 0.8812912 5.968751e-06 -0.4725746 0.8812906 -2.872803e-07 -0.4725811 0.8812872 0 -0.4725806 0.8812874 0.8881321 -7.74808e-08 -0.4595883 0.8881321 -7.748079e-08 -0.4595883 0.8648151 -8.464613e-08 -0.5020905 0.9246067 -6.421882e-08 -0.380923 0.9246067 -6.421882e-08 -0.380923 0.8648151 -8.464614e-08 -0.5020905 1 0 0 1 0 0 1 0 0 0.9574253 0.0561538 -0.2831669 0.8601486 0.09921291 -0.5003011 0.8601478 0.09921321 -0.5003024 0.9574253 0.05615385 -0.2831671 -1.466247e-07 -0.7518483 -0.6593361 2.849789e-07 -0.6375101 -0.770442 0 -0.7518493 -0.659335 8.444298e-08 -0.6295794 -0.7769362 -0.8423617 -0.0995799 -0.5296325 -0.7782975 -0.06520571 -0.6245008 -0.835862 -0.09584451 -0.5405076 -0.9334469 -0.1634078 -0.3193349 -0.9334468 -0.1634077 -0.3193352 0.9295847 -0.1599377 -0.3321026 0.8285002 -0.09169178 -0.552431 0.8352058 -0.095471 -0.5415871 0.9295847 -0.1599377 -0.3321028 0.7710981 -0.06162736 -0.6337269 -4.850871e-07 -0.6228543 -0.7823379 -6.960839e-08 -0.7372185 -0.6756544 -1.182767e-07 -0.7372188 -0.6756541 -2.626622e-07 -0.6147634 -0.7887116 -0.8525291 0.1016708 -0.5126961 -0.8525279 0.1016711 -0.5126979 -0.9532601 0.05877383 -0.2963794 -0.9532597 0.05877416 -0.2963808 0 0.1945185 -0.9808988 0 0.1945185 -0.9808988 0 0.1945185 -0.9808988 0 0.1945185 -0.9808988 -3.373442e-08 0.1945185 -0.9808988 -1.094001e-07 0.1945185 -0.9808988 -1.717113e-07 0.1945185 -0.9808989 1.069421e-08 0.1945186 -0.9808988 -0.7389338 0.04618635 -0.6721931 -0.6196447 -0.00513264 -0.7848656 -0.7475729 0.05025135 -0.6622761 -0.6196446 -0.005132689 -0.7848657 -0.5625229 0.8267817 -1.39385e-07 -0.9717442 0.2360363 -3.979274e-08 -0.9717442 0.2360363 -3.979274e-08 -0.9717442 0.2360363 -3.979274e-08 -0.9717442 0.2360363 -3.979274e-08 -0.7389338 0.04618657 0.6721931 -0.6196447 -0.005132375 0.7848656 -0.6196446 -0.005132424 0.7848657 -0.7475729 0.05025158 0.6622761 -0.2841582 0.9129909 0.2927486 0.8593184 0.1096649 -0.4995453 0.8593202 0.1096657 -0.4995421 0.7749019 0.6320816 -1.06561e-07 0.7749019 0.6320816 -1.06561e-07 0.6543114 0.7562253 -1.2749e-07 0.6543114 0.7562253 -1.2749e-07 0.8864867 0.1270898 0.44496 0.8593184 0.109665 0.4995453 0.8593202 0.1096659 0.4995421 0.9238321 -0.3827978 6.453489e-08 1 0 0 1 0 0 1 0 0 1 0 0 9.552255e-08 0.8737796 0.4863221 2.405246e-07 0.8784196 0.4778901 0.1390017 0.4425644 0.885898 -6.788937e-09 0.9465595 0.3225293 0 0.9465595 0.3225294 0.7969296 0.1175035 0.5925337 -0.7782975 -0.0652055 0.6245008 -0.7782979 -0.06520572 0.6245003 0.7710981 -0.06162715 0.6337269 0.7710992 -0.06162766 0.6337255 -0.7893704 0.1194183 0.6021907 0.796931 0.1175029 -0.5925319 0.7969296 0.1175033 -0.5925337 -0.7782979 -0.06520593 -0.6245003 0.7710992 -0.06162788 -0.6337255 -0.7893719 0.1194178 -0.6021888 -0.7893704 0.1194181 -0.6021907 -0.5625229 0.8267817 -1.39385e-07 -0.402724 0.9153215 -1.543117e-07 -0.402724 0.9153215 -1.543117e-07 -0.8724196 -0.4887577 8.239839e-08 -0.7777393 -0.628587 1.059718e-07 -0.7777393 -0.628587 1.059718e-07 -0.8724196 -0.4887577 8.239839e-08 -0.7071065 1.192093e-07 0.7071071 -0.708119 0.06974405 0.7026402 -0.6584546 0.2727413 0.7014625 -0.92388 3.961096e-07 0.3826823 -0.9205838 0.09067006 0.3798743 5.142291e-16 -1 1.685874e-07 -0.9951849 2.394092e-07 -0.09801549 -0.92388 2.670788e-07 -0.3826823 -0.6584544 0.2727409 -0.7014629 -0.7081191 0.06974412 -0.7026401 -0.7071065 -1.192093e-07 -0.7071071 -0.1519661 0.366879 0.9177723 -0.1149099 0.5776911 0.8081267 -0.2727408 0.6584542 0.7014632 -0.503959 0.503959 0.7014632 -2.610808e-17 -1 1.685874e-07 -0.2727408 0.6584539 -0.7014634 -0.503959 0.5039587 -0.7014634 -0.1149099 0.5776908 -0.8081269 -0.1519662 0.3668787 -0.9177725 1.07719e-16 -1 1.685874e-07 0 -0.7308739 0.6825125 -0.0001365978 -0.7311162 0.682253 -1.490151e-05 -0.7308873 0.6824982 -0.0001422307 -0.7310887 0.6822825 -4.760037e-05 -0.7308527 0.6825352 -6.902336e-06 -0.731273 0.6820849 -2.160653e-05 -0.7313265 0.6820275 -4.742371e-05 -0.7312547 0.6821045 -0.0003362046 -0.7335421 0.679644 -0.0003677242 -0.7334973 0.6796922 -5.241193e-08 -0.7312761 0.6820816 0 -0.731276 0.6820816 -0.0004728198 -0.7334974 0.6796921 0.9367907 -0.3498903 5.898709e-08 0.9367907 -0.3498903 5.898709e-08 0.9367907 -0.3498903 5.898709e-08 0.9367907 -0.3498903 5.898709e-08 2.569908e-07 -0.7308737 -0.6825128 -5.871947e-06 -0.7308888 -0.6824966 -1.666019e-05 -0.7309159 -0.6824675 -4.75899e-05 -0.730993 -0.6823849 0 -0.7308741 -0.6825123 -2.548038e-05 -0.7313291 -0.6820248 -0.0003677242 -0.7334976 -0.679692 -0.0002643595 -0.7335314 -0.6796556 -3.695737e-05 -0.7312633 -0.6820952 -4.742294e-05 -0.7312653 -0.6820931 -1.000278e-05 -0.7312655 -0.682093 0 -0.7312541 -0.6821052 8.101273e-06 -0.7341025 -0.6790387 0.0001011834 -0.7339118 -0.6792448 -0.2635234 -0.6897337 0.6744055 -0.09808996 -0.7178314 0.6892724 -0.05212773 -0.7249807 0.6867937 -0.3188656 -0.687896 0.6520152 -3.34053e-05 -0.7371761 0.6757007 0.0001287947 -0.7372881 0.6755785 -0.5267548 -0.6660772 0.5280819 -0.54479 -0.6665206 0.5088754 -0.6763729 -0.6761332 0.2921706 -0.5267548 -0.6660774 -0.5280817 -0.54479 -0.6665207 -0.5088752 -0.3188656 -0.6878962 -0.652015 -0.2635234 -0.689734 -0.6744053 -0.09808978 -0.7178317 -0.6892721 -0.05223256 -0.7249546 -0.6868133 0 -0.7362114 -0.6767516 -0.0002370842 -0.7368871 -0.6760157 -0.0002286303 -0.734496 0.678613 0 -0.7354296 0.6776011 0 -0.7376538 0.6751792 0 -0.7334965 -0.6796932 -0.0004700663 -0.737551 -0.6752913 5.333283e-16 1.685874e-07 1 -2.200559e-14 1.685874e-07 1 0 1.685874e-07 1 0 1.685874e-07 1 -5.409837e-08 -0.3311286 0.9435856 4.983445e-08 -0.3311286 0.9435856 5.828067e-08 -0.3311286 0.9435856 -9.605263e-08 -0.3311287 0.9435856 -9.66543e-08 -0.3311287 0.9435856 -4.671289e-08 -0.3311286 0.9435856 1.037355e-07 -0.3311287 0.9435856 1.030396e-07 -0.3311287 0.9435856 0.8881321 7.748079e-08 0.4595883 0.8648151 8.464613e-08 0.5020905 0.8648151 8.464614e-08 0.5020905 0.8881321 7.74808e-08 0.4595883 0.9246067 6.421882e-08 0.380923 0.9246067 6.421882e-08 0.380923 0.8777747 8.076577e-08 0.4790736 0.8522419 8.819615e-08 0.5231479 0.8522419 8.819615e-08 0.5231479 0.8777747 8.076577e-08 0.4790736 0.9175938 6.701673e-08 0.3975192 0.9175938 6.701673e-08 0.3975192 0.5849929 -0.8110384 1.367309e-07 0.636921 -0.7709291 1.299689e-07 0.636921 -0.7709291 1.299689e-07 0.5849929 -0.8110384 1.367309e-07 0.818768 -0.5741246 9.679017e-08 0.818768 -0.5741246 9.679017e-08 0.5635457 -0.8260849 1.392675e-07 0.5635457 -0.8260849 1.392675e-07 0.6180779 -0.7861169 1.325294e-07 0.6180778 -0.7861169 1.325294e-07 0.8059445 -0.5919911 9.980224e-08 0.8059445 -0.5919911 9.980224e-08 0.5635467 0.8260842 -1.392674e-07 0.5635467 0.8260842 -1.392674e-07 0.6180784 0.7861165 -1.325293e-07 0.6180784 0.7861164 -1.325293e-07 0.8059439 0.5919919 -9.980238e-08 0.8059439 0.5919919 -9.980238e-08 1 0 0 1 0 0 1 0 0 1 0 0 0.8777749 -8.076573e-08 -0.4790733 0.8777749 -8.076573e-08 -0.4790734 0.8522424 -8.819601e-08 -0.5231471 0.9175935 -6.701688e-08 -0.3975201 0.9175935 -6.701688e-08 -0.3975201 0.8522424 -8.819601e-08 -0.5231471 1 0 0 1 0 0 1 0 0 1 0 0 0.9717443 0.2360361 -3.979271e-08 0.9717443 0.2360361 -3.979271e-08 0.9717443 0.2360361 -3.979271e-08 0.9717443 0.2360361 -3.979271e-08 3.993943e-14 0.6157711 -0.7879251 4.659652e-14 0.6157713 0.7879249 -3.113224e-06 0.54562 0.8380327 -0.9341279 -0.3569385 6.017533e-08 -0.9341279 -0.3569385 6.017533e-08 -0.9341279 -0.3569385 6.017533e-08 -0.9341279 -0.3569385 6.017533e-08 -0.6336319 -0.7736347 1.304251e-07 -0.7708861 -0.636973 1.073856e-07 -0.7708861 -0.636973 1.073856e-07 -0.6783112 -0.7347747 1.277307e-07 -0.6077572 -0.7941229 1.338791e-07 -0.6077572 -0.7941229 1.338791e-07 -0.6336319 -0.7736347 1.304251e-07 -0.5865986 -0.8098778 1.349051e-07 -0.5877854 -0.8090169 1.3639e-07 -0.9308986 -0.3652778 6.158123e-08 -0.9308986 -0.3652778 6.158123e-08 -0.5865986 -0.8098778 1.381652e-07 -0.3090169 -0.9510566 1.340542e-07 -0.5877857 -0.8090167 1.102546e-07 -0.5877854 -0.8090169 1.3639e-07 -0.3090169 -0.9510566 1.866181e-07 -0.2927085 -0.9562017 1.612036e-07 -0.6783112 -0.7347747 1.200169e-07 0.0763117 -0.997084 1.680958e-07 -0.07845919 -0.9969173 1.680677e-07 0.07845919 -0.9969173 1.680677e-07 -0.07631167 -0.997084 1.680958e-07 -0.2927083 -0.9562018 1.612036e-07 -0.309017 -0.9510565 1.603361e-07 0.2927082 -0.9562018 1.612036e-07 0.3090169 -0.9510566 1.603361e-07 0.5619791 -0.8271515 1.394473e-07 0.5877857 -0.8090167 1.3639e-07 0.7837304 -0.6211011 1.047098e-07 0.8090166 -0.5877858 9.129126e-07 0.9352689 -0.353938 5.966949e-08 0.9227407 -0.3854213 8.161442e-07 0.9876888 -0.1564317 2.637241e-08 0.9876888 -0.1564317 2.637241e-08 0.8910043 -0.4539948 6.328639e-06 -0.5619788 -0.8271516 1.394473e-07 -0.5877854 -0.8090169 1.363901e-07 -0.7837303 -0.6211013 1.047099e-07 -0.8090169 -0.5877853 8.456315e-08 -0.9352689 -0.3539381 5.96695e-08 -0.9229235 -0.3849834 5.145341e-08 -0.8910063 -0.4539909 -3.575033e-08 -0.9876883 -0.1564348 2.637294e-08 -0.9876883 -0.1564348 2.637294e-08 -0.07845919 -0.9969173 1.680677e-07 0.07845919 -0.9969173 1.680677e-07 0.07631167 -0.997084 1.680958e-07 -0.0763117 -0.997084 1.680958e-07 0.2927083 -0.9562018 1.612036e-07 -5.088989e-16 1.685874e-07 1 -5.088989e-16 1.685874e-07 1 -5.088989e-16 1.685874e-07 1 -0.5877857 -0.8090167 1.625254e-07 -0.7837305 -0.6211011 9.430802e-08 -0.8090166 -0.5877858 9.145285e-07 -0.9352689 -0.353938 5.966949e-08 -0.9230969 -0.3845675 8.25139e-07 -0.8910043 -0.4539948 6.449579e-06 -0.9876888 -0.1564317 2.637241e-08 -0.9876888 -0.1564317 2.637241e-08 0.309017 -0.9510565 1.603361e-07 0.5619788 -0.8271516 1.394473e-07 0.5877854 -0.8090169 1.363901e-07 0.7837304 -0.6211012 1.047098e-07 0.8090169 -0.5877853 8.45448e-08 0.9352689 -0.353938 5.966949e-08 0.923078 -0.3846128 5.127628e-08 0.9876883 -0.1564348 2.637294e-08 0.9876883 -0.1564348 2.637294e-08 0.8910063 -0.4539909 -3.71348e-08 0.07845919 -0.9969173 1.680677e-07 0.2927082 -0.9562018 1.612036e-07 0.3090169 -0.9510566 1.603361e-07 -0.07631167 -0.997084 1.680958e-07 0.0763117 -0.997084 1.680958e-07 -0.07845919 -0.9969173 1.680677e-07 -0.2927083 -0.9562018 1.612036e-07 0.5619791 -0.8271515 1.394473e-07 0.5877857 -0.8090167 1.3639e-07 0.7837304 -0.6211011 1.047098e-07 0.8090166 -0.5877858 -7.150918e-07 0.9227313 -0.3854439 -6.889556e-07 0.8910043 -0.4539948 -6.202405e-06 0.9352689 -0.353938 5.966949e-08 0.9876888 -0.1564317 2.637241e-08 0.9876888 -0.1564317 2.637241e-08 -0.309017 -0.9510565 1.603361e-07 -0.5619788 -0.8271516 1.394473e-07 -0.5877854 -0.8090169 1.363901e-07 -0.7837303 -0.6211013 1.047099e-07 -0.8090169 -0.5877853 1.136319e-07 -0.9352689 -0.3539381 5.96695e-08 -0.9229111 -0.3850131 7.842406e-08 -0.9876883 -0.1564348 2.637294e-08 -0.9876883 -0.1564348 2.637294e-08 -0.8910063 -0.4539909 1.894682e-07 -0.0763117 -0.997084 1.680958e-07 -0.07845919 -0.9969173 1.680677e-07 -0.2927085 -0.9562017 1.612036e-07 0.07631167 -0.997084 1.680958e-07 0.07845919 -0.9969173 1.680677e-07 0.2927083 -0.9562018 1.612036e-07 0.309017 -0.9510565 1.603361e-07 5.088989e-16 -1.685874e-07 -1 5.088989e-16 -1.685874e-07 -1 5.088989e-16 -1.685874e-07 -1 -0.7837305 -0.6211011 1.151116e-07 -0.8090166 -0.5877858 -7.164149e-07 -0.9352689 -0.353938 5.966949e-08 -0.923095 -0.384572 -6.960369e-07 -0.9876888 -0.1564317 2.637241e-08 -0.9876888 -0.1564317 2.637241e-08 -0.8910043 -0.4539948 -6.302107e-06 0.5619788 -0.8271516 1.394473e-07 0.5877854 -0.8090169 1.363901e-07 0.7837304 -0.6211012 1.047098e-07 0.8090169 -0.5877853 1.136417e-07 0.9230779 -0.3846131 7.840627e-08 0.8910063 -0.4539909 1.902165e-07 0.9352689 -0.353938 5.966949e-08 0.9876883 -0.1564348 2.637294e-08 0.9876883 -0.1564348 2.637294e-08 -0.09844756 0.09844701 0.9902607 0.09844684 -0.0984474 0.9902607 0.09844695 0.09844711 0.9902608 -0.09844746 -0.09844729 0.9902607 -0.333177 0.3331789 0.8820345 0 1 -1.685874e-07 0 0.9928854 0.1190737 -7.767342e-08 0.9928857 0.1190714 0 1 -1.685874e-07 -3.222397e-09 0.9659254 0.2588205 -1.732935e-07 0.9659267 0.2588157 -1 0 0 -0.9928854 2.007436e-08 0.1190739 -0.9928854 2.007436e-08 0.1190739 -1 0 0 -0.9659254 4.363392e-08 0.2588208 -0.9659254 4.363392e-08 0.2588208 0.9928854 2.00744e-08 0.1190741 1 0 0 1 0 0 0.9928854 2.007436e-08 0.1190739 0.9659254 4.363392e-08 0.2588208 0.3331771 0.3331772 0.8820351 -4.656677e-09 0.7071044 0.7071092 -1.268595e-07 0.7071068 0.7071067 -0.3331773 -0.3331771 0.8820351 0.3331772 -0.333177 0.8820352 0 -0.707104 0.7071095 -0.7071042 1.192097e-07 0.7071094 -0.7071042 1.192097e-07 0.7071094 0.7071042 1.192097e-07 0.7071094 0.7071042 1.192097e-07 0.7071094 0.9659254 4.363392e-08 0.2588208 0 -0.9928854 0.1190741 0 -0.9928854 0.1190741 0 -0.9659253 0.2588209 0 -0.9659253 0.2588209 0 -1 1.685874e-07 0 -1 1.685874e-07 0 -0.707104 0.7071095 -0.09844756 0.09844668 -0.9902607 0.09844695 0.09844678 -0.9902608 0.09844684 -0.09844773 -0.9902607 -0.09844746 -0.09844763 -0.9902607 0.3331772 -0.3331773 -0.8820351 -0.333177 0.3331786 -0.8820346 0.3331771 0.3331769 -0.8820352 -0.3331773 -0.3331774 -0.882035 0 0.9928854 -0.1190741 0 1 -1.685874e-07 -7.767342e-08 0.9928856 -0.1190718 0 1 -1.685874e-07 -3.222397e-09 0.9659253 -0.2588209 -1 0 0 -0.9928854 -2.007436e-08 -0.1190739 -1 0 0 -0.9928854 -2.007436e-08 -0.1190739 -0.9659254 -4.363392e-08 -0.2588208 0.9928854 -2.00744e-08 -0.1190741 1 0 0 1 0 0 0.9928854 -2.007436e-08 -0.1190739 0.9659254 -4.363392e-08 -0.2588208 -4.656677e-09 0.7071041 -0.7071094 0 -0.7071043 -0.7071093 0 -0.7071043 -0.7071093 -0.7071042 -1.192097e-07 -0.7071094 -0.7071042 -1.192097e-07 -0.7071094 -0.9659254 -4.363392e-08 -0.2588208 0.7071042 -1.192097e-07 -0.7071094 0.7071042 -1.192097e-07 -0.7071094 0.9659254 -4.363392e-08 -0.2588208 0 -0.9659254 -0.2588206 0 -0.9659254 -0.2588206 0 -0.9928854 -0.1190737 0 -0.9928854 -0.1190737 0 -1 1.685874e-07 -1.732935e-07 0.9659266 -0.258816 -1.268595e-07 0.7071066 -0.707107 0 -1 1.685874e-07 -0.4191903 -0.9078984 1.530602e-07 -0.4191903 -0.9078984 1.530602e-07 -0.4191903 -0.9078984 1.530602e-07 -0.4191903 -0.9078984 1.530602e-07 -0.9933998 -0.1147031 -1.565975e-06 -0.9933995 -0.1147055 -2.799492e-06 -0.9934001 -0.1147006 2.795921e-06 -0.9933994 -0.1147067 2.259487e-06 -0.9933994 -0.1147069 2.162702e-06 -0.9934 -0.1147012 1.953788e-06 -0.9933994 -0.1147067 -2.220809e-06 -0.9933994 -0.1147069 -2.124025e-06 -0.9933997 -0.1147044 4.411457e-07 -0.9934 -0.1147012 -1.915114e-06 0.4329607 0.882559 -0.1833976 0.1544485 0.8979038 -0.4122068 0.1534297 0.9659465 -0.2083427 0.4329606 0.8825589 0.1833982 0.5640397 0.8215582 -0.08307407 0.1544485 0.8979031 0.4122083 0.4356116 0.8288708 0.3510211 0.5640397 0.8215582 0.08307421 0.4356118 0.8288712 -0.3510197 0.5520235 0.8202154 0.1500557 -4.738497e-18 1.685874e-07 1 6.006469e-17 1.685874e-07 1 -7.511681e-17 1.685874e-07 1 0.109363 0.2042612 0.9727883 -7.992356e-17 1.685874e-07 1 0.3844284 0.6315037 0.673363 0.3792359 0.6212079 0.6857703 0 -1 1.685874e-07 0 -1 1.685874e-07 0 -1 1.685874e-07 0 -1 1.685874e-07 -0.9933997 -0.1147044 -4.024716e-07 -0.9934001 -0.1147006 -2.757249e-06 -0.9933998 -0.1147031 1.604649e-06 -0.9933995 -0.1147055 2.838161e-06 -0.9924685 -0.1225005 2.065203e-08 -0.9924685 -0.1225005 2.065203e-08 -0.9924685 -0.1225005 2.065203e-08 -0.9924685 -0.1225005 2.065203e-08 -0.6300347 0.776567 -1.309194e-07 -0.6300347 0.776567 -1.309194e-07 -0.6300347 0.776567 -1.309194e-07 -0.6300347 0.776567 -1.309194e-07 -0.5502689 -0.0638767 0.8325406 -0.571079 -0.07048819 0.8178632 -0.5678646 -0.0694619 0.8201859 -0.5485743 -0.06334165 0.833699 -0.5678646 -0.06946218 -0.8201858 -0.5502689 -0.06387698 -0.8325406 -0.5485743 -0.06334193 -0.833699 -0.571079 -0.07048847 -0.8178631 0 0.9770188 -0.213153 0 0.9770187 0.2131536 0.1534297 0.9659464 0.2083433 0 0.9061944 -0.4228612 0 0.9061937 0.4228628 0.04879946 0.3471606 -0.9365352 0.1550406 0.3620993 -0.9191553 0.03443258 0.1938005 -0.9804365 0 0.1877072 -0.982225 0 0.3450931 -0.9385684 0 -1.685874e-07 -1 0.04879983 0.3471635 0.9365341 0 0.187709 0.9822247 0.03443284 0.1938023 0.9804362 0 0.3450961 0.9385674 0 1.685874e-07 1 0.1550418 0.3621022 0.919154 0.1093622 0.2042594 -0.9727888 -3.698261e-17 -1.685874e-07 -1 -4.585469e-17 -1.685874e-07 -1 0.3792344 0.6212052 -0.6857735 0.3844269 0.6315011 -0.6733664 0.5520236 0.8202154 -0.1500552 3.463387e-17 -1.685874e-07 -1 1.288531e-16 -1.685874e-07 -1 -0.4191903 -0.9078984 1.530602e-07 -0.4191903 -0.9078984 1.530602e-07 -0.4191903 -0.9078984 1.530602e-07 -0.4191903 -0.9078984 1.530602e-07 -0.9933998 -0.1147031 1.60465e-06 -0.9933994 -0.1147067 -2.220811e-06 -0.9934 -0.1147012 -1.915113e-06 -0.9934001 -0.1147006 -2.757247e-06 -0.9933995 -0.1147055 2.838168e-06 -0.9933994 -0.1147069 -2.124026e-06 -0.9933997 -0.1147044 -4.024703e-07 -0.9933994 -0.1147067 2.259485e-06 0.4329606 0.8825589 -0.1833985 0.5640397 0.8215583 0.0830738 0.5640397 0.8215582 -0.08307449 0.1544485 0.897903 -0.4122086 0.1534297 0.9659463 -0.2083436 0.1534297 0.9659466 0.2083423 0.4329607 0.8825591 0.1833973 0.4356118 0.8288714 0.3510195 0.5520236 0.8202155 0.1500549 0.4356116 0.8288707 -0.3510214 0.1544485 0.8979039 0.4122065 4.73844e-18 -1.685874e-07 -1 -6.006468e-17 -1.685874e-07 -1 0.109363 0.2042609 -0.9727884 7.511667e-17 -1.685874e-07 -1 7.992353e-17 -1.685874e-07 -1 0.03443284 0.193802 -0.9804362 0 -1 1.685874e-07 0 -1 1.685874e-07 0 -1 1.685874e-07 0 -1 1.685874e-07 -0.9933994 -0.1147069 2.162701e-06 -0.9933998 -0.1147031 -1.565974e-06 -0.9933997 -0.1147044 4.41147e-07 -0.9934001 -0.1147006 2.795924e-06 -0.9933995 -0.1147055 -2.799485e-06 -0.9934 -0.1147012 1.953788e-06 -0.9924685 -0.1225005 2.065203e-08 -0.9924685 -0.1225005 2.065203e-08 -0.9924685 -0.1225005 2.065203e-08 -0.9924685 -0.1225005 2.065203e-08 -0.6300347 0.776567 -1.309194e-07 -0.6300347 0.776567 -1.309194e-07 -0.6300347 0.776567 -1.309194e-07 -0.6300347 0.776567 -1.309194e-07 -0.5502689 -0.06387698 -0.8325406 -0.5678646 -0.06946218 -0.8201858 -0.571079 -0.07048847 -0.8178631 -0.5485743 -0.06334193 -0.833699 -0.5678646 -0.0694619 0.8201859 -0.5502689 -0.0638767 0.8325406 -0.571079 -0.07048819 0.8178632 -0.5485743 -0.06334165 0.833699 0 0.9770186 -0.213154 0 0.9061946 0.4228609 0 0.9770189 0.2131527 0 0.9061936 -0.4228631 0.5520235 0.8202153 -0.150056 0 0.1877075 0.982225 0.04879946 0.3471609 0.9365351 0 0.3450935 0.9385683 0.03443258 0.1938008 0.9804365 0 1.685874e-07 1 4.585446e-17 1.685874e-07 1 0.1093622 0.2042597 0.9727887 0.1550418 0.3621019 -0.9191541 0 -1.685874e-07 -1 0 0.1877086 -0.9822248 0.04879983 0.3471632 -0.9365342 0 0.3450958 -0.9385675 0.3844284 0.6315035 -0.6733633 0.3792359 0.6212077 -0.6857705 0.3792344 0.6212054 0.6857733 0.3844269 0.6315013 0.6733662 3.698238e-17 1.685874e-07 1 0.1550406 0.3620996 0.9191552 -3.463369e-17 1.685874e-07 1 -1.288528e-16 1.685874e-07 1 -0.001433086 -0.08337598 -0.9965171 -0.1803191 0.3270386 -0.927648 0.01059974 -0.07880398 -0.9968338 0.07686705 -0.5083265 -0.857727 0.007838964 -0.4914413 -0.8708754 0.002664039 -0.05849084 -0.9982844 -0.05492578 0.3721628 -0.9265409 0.02598081 -0.821448 -0.5696913 0.2150733 -0.4538311 -0.8647432 0.1521967 -0.8180618 -0.5546269 -0.4195306 0.6044676 -0.6772098 -0.3117474 0.6763821 -0.6673236 -0.368596 0.8874999 -0.2765518 -0.5089977 0.814558 -0.2782383 -0.07293584 0.7460518 -0.6618815 -0.2271933 0.2701251 -0.9356365 -0.07032567 0.9584427 -0.2764813 -0.3685957 0.9143803 0.167469 -0.5089976 0.8421745 0.1779424 -0.3117499 0.751944 0.5808548 -0.419534 0.6817463 0.599344 -0.07293614 0.8204492 0.567048 -0.05492595 0.4812177 0.8748787 -0.1803207 0.4365568 0.8814208 -0.2271945 0.3810212 0.8962173 -0.001433575 0.03744676 0.9992976 0.01059763 0.04202397 0.9990604 0.03819495 0.01165827 0.9992023 0.07686597 -0.4011433 0.9127846 0.2150722 -0.3461995 0.9131757 0.3044459 -0.3411204 0.8893535 0.1521961 -0.7451807 0.6492628 0.3825506 -0.6563883 0.650238 0.504504 -0.6070998 0.6139263 0.1974159 -0.9424758 0.2697524 0.475558 -0.8383053 0.2666248 0.6069807 -0.7557402 0.2458273 0.197416 -0.9681343 -0.1540871 0.4755582 -0.8643472 -0.1635491 0.6069809 -0.7798761 -0.1528641 0.3825511 -0.7300353 -0.5663066 0.5045045 -0.6767264 -0.5362057 0.3044455 -0.4459151 -0.8417082 0.4434148 0.02505097 0.8959664 0.03726834 0.0553611 0.9977706 0.4426071 -0.07004787 0.8939755 0.7869554 -0.02662781 0.616435 0.004816601 0.05829179 0.998288 0.3789747 -0.1471495 0.913633 0.7600273 -0.1894991 0.6216499 0.9722647 -0.07472073 0.2216263 0.6857027 -0.3283067 0.6496357 0.03819558 -0.1089646 -0.9933115 -0.4900052 -0.8711492 0.031527 -0.4807595 -0.8758598 0.04171228 -0.479991 -0.8763235 0.04081308 -0.4910103 -0.8705015 0.03370554 -0.4799905 -0.8748476 0.06519854 -0.4955259 -0.867684 0.03973114 -0.4956827 -0.8674706 0.04234985 0.009303275 0.9982577 -0.05826693 -0.002614653 0.9979245 -0.06434187 0.0005930334 0.9979827 -0.06348318 -0.01513091 0.9979001 -0.06298026 0.01040403 0.9982642 -0.05796894 0.01035164 0.9977938 -0.06557757 0.02341512 0.9963192 -0.08246094 0.02844558 0.9958256 -0.08673068 0.007917206 0.9979543 -0.06343927 -0.4821053 -0.873904 0.06217942 -0.4890053 -0.8700956 0.06170463 -0.4816223 -0.8740848 0.06336999 -0.4890505 -0.8702065 0.05975078 -0.4761375 -0.8774668 0.05783679 -0.4764408 -0.8773266 0.05746464 -0.4928662 -0.8685211 0.05247866 -0.4926225 -0.8686492 0.05264546 0.0554532 0.9942427 -0.09168601 0.06090341 0.9937715 -0.09332236 0.08406057 0.9936915 -0.07423605 0.08609119 0.9935168 -0.07424673 -0.4821031 -0.8750242 0.04369409 -0.4890055 -0.8711849 0.04370869 -0.4890509 -0.8710593 0.04566157 -0.4816202 -0.8753473 0.04253372 -0.4928667 -0.868509 0.05267324 -0.4926231 -0.8686564 0.05252275 -0.4764408 -0.8778518 0.04878973 -0.4761379 -0.8780356 0.04843762 0.01963449 0.3867759 -0.9219647 -0.4807585 -0.8744959 0.06425058 -0.4910075 -0.8682117 0.07155544 -0.4900024 -0.8685918 0.07379707 0.08406308 0.9953899 -0.04617783 0.08609385 0.9952178 -0.04614581 0.04191683 -0.986306 -0.1595103 0.06090393 0.9977719 -0.02724048 0.05545316 0.9980423 -0.02892186 -0.9576367 -0.172671 0.2304705 -0.7669678 -0.1417773 0.6258272 -0.7670171 -0.1420706 0.6257002 -0.9575943 -0.1995025 -0.2078747 -0.9575947 -0.1729687 0.2304219 -0.4236817 -0.1123139 0.8988211 -0.4238331 -0.1136035 0.8985876 -0.07032582 0.9847964 0.1588406 0.05036872 0.822604 0.5663794 0.07143407 0.9844401 0.1605458 0.01963396 0.4951727 0.8685727 0.002663572 0.06236376 0.9980499 0.007838608 -0.3827943 0.9238003 0.02598066 -0.7467241 0.6646263 0.04191682 -0.9598606 0.2773278 0.05036923 0.7482712 -0.6614781 0.07143419 0.9578833 -0.2781308 -0.4226598 0.3449812 0.8380612 -0.7535985 0.3182835 0.575139 -0.7535986 0.3182832 0.5751391 -0.422657 0.3449819 0.8380624 -0.9372546 0.289264 0.1946282 -0.009988107 0.3640711 0.9313176 -0.009988811 0.3640716 0.9313174 0.7774892 -0.1615869 -0.607783 0.7779416 -0.1617639 -0.6071567 0.4333769 -0.1898052 -0.8809986 0.9682851 -0.1312237 -0.2126131 0.9683645 -0.130991 -0.2123947 0.4340391 -0.1908337 -0.8804502 0.004139286 -0.2113337 -0.9774052 0.00454161 -0.09242415 0.9957094 -0.423681 -0.2199227 -0.8787084 -0.4238327 -0.2211747 -0.8783209 0.004575084 -0.2112775 -0.9774154 0.005114128 -0.09109629 0.995829 0.4330118 -0.08269627 0.8975868 0.4336131 -0.08255477 0.8973095 0.7779403 -0.08733876 0.6222385 0.7774893 -0.08708711 0.6228372 -0.7669662 -0.2162385 -0.6041554 -0.7670157 -0.2165143 -0.6039937 0.9682851 -0.1046169 0.2268903 -0.9576363 -0.1992129 -0.2079592 0.9683645 -0.1044122 0.2266459 -0.4956825 -0.8662448 0.06260117 -0.4955255 -0.8661408 0.06522744 0.02844468 0.9990158 -0.03403316 0.02341404 0.9989907 -0.03833142 0.0103518 0.9984178 -0.05526964 0.007917339 0.9983192 -0.05741161 0.01040459 0.9979669 -0.06287961 0.009303889 0.9979964 -0.06258307 0.0005943991 0.9983527 -0.05737135 -0.002613295 0.9983985 -0.05651192 -0.01512939 0.9982101 -0.05785944 -0.01671781 0.9981913 -0.05774694 -0.01671923 0.9978678 -0.06308981 0.9722648 -0.1009105 -0.2109936 0.7602422 -0.2629177 -0.5940589 0.7869565 -0.1007966 -0.6087195 0.6856886 -0.4048475 -0.6049212 0.4429653 -0.1768295 -0.8789272 0.9335656 -0.298476 -0.1984119 0.4434166 -0.08321691 -0.8924442 0.8587009 -0.445854 0.2526796 0.8587012 -0.4730796 -0.1970482 0.9335654 -0.2723608 0.2329707 0.03688129 -0.0650187 -0.9972023 0.00412063 -0.06203407 -0.9980655 -0.3665515 0.1429361 -0.9193526 -0.3830294 0.04730731 -0.922524 -0.4384284 -0.05052369 -0.8973449 0.378497 -0.2575187 -0.889058 -0.4384282 0.0580958 0.8968866 -0.3834527 0.1583724 0.9098803 0.004121448 0.05882004 0.9982601 -0.7367731 0.221697 0.6387612 -0.9751284 -0.01419953 0.2211852 -0.9451036 0.2098917 -0.2504491 -0.9451044 0.2385712 0.2232968 -0.7871465 0.02552834 0.6162375 -0.8516355 0.4826681 0.2043243 -0.6722247 0.4054582 0.6194494 -0.3672411 0.2533457 0.8949581 -0.7871452 -0.04899767 -0.6148184 -0.9751277 -0.04077975 -0.2178601 -0.7368265 0.1434634 -0.6606852 -0.8516348 0.4544956 -0.2610591 -0.6728932 0.3273679 -0.6633589 0.003737433 -0.06233917 -0.998048 -0.0325023 0.9976453 -0.0603949 -0.03250211 0.9976452 -0.06039539 -0.03250209 0.9976452 -0.0603955 -0.03250212 0.9976452 -0.06039572 -0.03250223 0.9976453 -0.06039473 -0.03250205 0.9976452 -0.06039573 -0.0325018 0.9976452 -0.06039588 -0.03250232 0.9976452 -0.06039577 -0.03250287 0.9976452 -0.06039528 -0.03250293 0.9976452 -0.06039521 -0.03250211 0.9976453 -0.06039422 -0.03250217 0.9976453 -0.06039424 -0.03250324 0.9976452 -0.06039454 -0.03250299 0.9976452 -0.06039471 -0.03250211 0.9976452 -0.06039654 -0.032502 0.9976452 -0.06039646 -0.03250237 0.9976453 -0.06039446 -0.03250261 0.9976453 -0.06039397 -0.03250119 0.9976454 -0.06039373 -0.03250069 0.9976454 -0.06039321 -0.03250298 0.9976452 -0.06039604 -0.03250311 0.9976452 -0.06039585 -0.03249996 0.9976453 -0.06039572 -0.0324996 0.9976453 -0.06039567 -0.0324997 0.9976453 -0.06039514 -0.03249966 0.9976453 -0.06039521 -0.03250001 0.9976453 -0.06039591 -0.03249977 0.9976453 -0.06039608 -0.03250195 0.9976453 -0.06039491 -0.0325024 0.9976453 -0.06039455 -0.03250276 0.9976453 -0.06039451 -0.03250123 0.9976453 -0.06039511 -0.03249974 0.9976453 -0.0603963 -0.03250152 0.9976452 -0.0603955 -0.03250045 0.9976453 -0.06039595 -0.03250242 0.9976452 -0.060395 -0.03250159 0.9976452 -0.06039566 -0.03250282 0.9976453 -0.06039406 -0.03250211 0.9976452 -0.06039541 -0.03250273 0.9976452 -0.06039492 -0.03250737 0.9976453 -0.06039186 -0.032512 0.9976453 -0.06038817 0.4026847 0.2681547 -0.8751789 0.7336228 0.294852 -0.612258 0.7336231 0.2948528 -0.6122573 0.4026855 0.2681548 -0.8751785 0.9172789 0.323871 -0.2317479 -0.00998846 0.2490645 -0.9684354 -0.009988612 0.2490646 -0.9684354 -0.4226586 0.2413642 -0.8735577 0.4026843 0.371772 0.8364394 0.4026843 0.3717716 0.8364396 0.7336226 0.3665573 0.5722181 -0.4226583 0.2413642 -0.8735578 -0.7535983 0.2465781 -0.6093348 -0.7535982 0.2465785 -0.6093347 -0.9372546 0.2636731 -0.2281016 -0.9372545 0.263673 -0.2281022 0.7336219 0.3665582 0.5722185 0.9172787 0.3494623 0.1909864 0.9172784 0.3494622 0.1909883 -0.9372548 0.289264 0.1946271 0.9172784 0.3238706 -0.2317504 -0.01519258 0.08391902 0.9963568 -0.1705729 0.2950808 0.9401235 -0.1044205 0.07620986 0.991609 0 1.685874e-07 1 0.01519254 0.083919 0.9963568 0.05408091 0.3145996 0.9476826 -0.05408103 0.3145996 0.9476826 -1.529279e-16 1.685874e-07 1 -0.007731484 -0.06215487 0.9980366 0.3193793 0.9442741 0.07964552 0.3856805 0.9226111 0.006277061 0.3826053 0.9239119 -5.54137e-08 0.1595104 0.9871963 -1.424179e-07 0.1577744 0.9842988 0.07913988 0.1500348 0.9391776 0.3089255 0.3199288 0.8967675 0.3057019 -0.1577747 0.9842987 0.07913988 0.3363414 0.9384791 0.07830383 0.3848473 0.9226222 0.02570554 0.5585117 0.8294966 1.011601e-05 -0.1500351 0.9391774 0.3089261 0.4568436 0.8557156 0.2429914 0.35706 0.9317079 0.06654739 0.3818209 0.8774247 0.2904112 0.5157171 0.8386605 0.1751694 0.3738095 0.9262314 0.04859863 0.5625119 0.8264717 0.02291177 0.5536181 0.8276839 0.09190408 -0.9946727 0.06885283 0.07671748 -0.9486028 -0.07458362 0.3075548 -0.9506717 0.06854128 0.3025317 -0.9969237 -0.07837825 1.321358e-08 -0.9938557 -0.07813817 0.07839177 -0.9975496 0.06996253 2.3205e-05 -0.8969453 -0.3170407 0.3081789 -0.9428333 -0.3332648 5.618424e-08 -0.939884 -0.3322202 0.07904289 -0.706136 -0.6371637 0.3088597 -0.7424333 -0.66992 1.129401e-07 -0.7400912 -0.6678068 0.07936635 -0.7644176 -0.2702007 0.5853694 -0.8083804 -0.06355931 0.585219 -0.9633402 0.259088 0.06963475 -0.8140639 0.06992999 0.5765499 0.1044211 0.07620993 0.9916089 0.005198348 -0.0417906 0.9991129 0.07680555 -0.06201219 0.9951158 0.3072373 -0.1109322 0.9451451 0.324744 -0.02483533 0.9454758 0.1305336 -0.2945558 0.9466773 0.2384547 -0.2166465 0.9466803 0.02731821 -0.2278988 0.9733015 0.3309504 0.07465883 0.9406901 0.04753057 -0.3137173 0.9483261 0 -1 1.685874e-07 0.1595107 -0.9871962 1.69857e-07 -0.1595105 -0.9871962 1.54371e-07 0.1554968 -0.9878364 1.665368e-07 0.3149368 -0.9491126 3.476788e-07 0.3149371 -0.9491125 3.851409e-07 0.2191328 -0.9751967 0.03118016 0.2395787 -0.9708769 1.636776e-07 -0.1287076 -0.9360574 0.3274612 -0.3149363 -0.9491128 1.585377e-07 0.9946727 0.06885278 0.07671743 0.9486026 -0.0745778 0.3075568 0.993856 -0.07813613 0.07839053 0.9969238 -0.0783775 1.321346e-08 0.9975496 0.06996254 2.319894e-05 0.9398844 -0.33222 0.07903947 0.9428341 -0.3332625 5.618386e-08 0.9633399 0.2590891 0.06963563 0.8969461 -0.3170427 0.3081747 -0.1595107 0.9871962 -1.431477e-07 -0.3193797 0.9442738 0.07964625 0.7061346 -0.6371661 0.308858 0.7400913 -0.6678064 0.07936958 0.7424335 -0.6699198 1.1294e-07 -0.4020108 -0.9156349 1.543645e-07 -0.4007421 -0.9127466 0.07936853 0.01937262 -0.9998123 1.685558e-07 0.01931202 -0.9966844 0.07903947 -0.2191323 -0.9751968 0.03117998 0.4020104 -0.9156351 1.543645e-07 -0.239578 -0.9708771 1.636776e-07 -0.01937113 -0.9998124 1.685558e-07 -0.01931047 -0.9966844 0.07903976 -0.3823523 -0.870869 0.3088591 0.1287074 -0.9360577 0.3274606 -0.0737003 -0.5887801 0.8049263 -0.07054584 -0.8131571 0.5777532 0.1608679 -0.9751558 0.1522913 -0.0408357 -0.953005 0.3001899 -0.3149363 -0.9491128 1.543501e-07 -0.1608679 -0.9751557 0.1522919 0.07054657 -0.8131566 0.5777539 0.04083772 -0.9530049 0.3001897 -0.3149363 -0.9491128 1.600085e-07 0.4007424 -0.9127465 0.07936915 -0.07680593 -0.06201239 0.9951157 -0.3072365 -0.1109307 0.9451455 -0.2384557 -0.216645 0.9466804 -0.02731831 -0.2278987 0.9733015 -0.3309519 0.07465908 0.9406896 -0.3247447 -0.0248383 0.9454755 -0.1305323 -0.2945556 0.9466775 -0.04753143 -0.3137176 0.9483259 -0.05631151 -0.5576339 0.8281747 -0.2384181 -0.5430313 0.8051546 -0.3257153 -0.7418657 0.5861269 -0.440313 -0.3973042 0.8051546 -0.6015351 -0.5427799 0.5861276 -0.5594306 -0.1977417 0.8049445 -0.5899087 -0.04638102 0.8061368 -0.6003244 0.07193461 0.7965149 0.05631115 -0.5576341 0.8281747 0.07370145 -0.5887801 0.8049261 0.3257165 -0.7418648 0.5861274 0.2384183 -0.5430307 0.8051549 0.3823558 -0.8708679 0.3088579 0.4403111 -0.3973053 0.805155 0.6015335 -0.542782 0.5861273 0.5594314 -0.1977409 0.8049441 0.7644174 -0.2701975 0.5853711 0.5899108 -0.04637846 0.8061354 0.8083799 -0.0635536 0.5852203 0.6003243 0.07193052 0.7965154 0.8140647 0.06992594 0.5765492 0.9506705 0.06854488 0.3025347 -0.925615 0.2595196 0.2754751 -0.806861 0.2655511 0.5276911 -0.6189723 0.2747136 0.7358028 -0.3766503 0.285837 0.8811536 -0.3199284 0.8967679 0.3057011 -0.1295383 0.7995881 0.5864116 0.1295381 0.7995883 0.5864116 0.09676256 0.5842137 0.805811 -0.2954484 0.7625619 0.5755081 -0.09676278 0.5842141 0.8058107 -0.2443704 0.5568072 0.7938821 -0.3363433 0.9384784 0.07830374 -0.3848466 0.9226225 0.02570644 -0.3570673 0.9317046 0.06655447 -0.4568448 0.8557158 0.2429881 -0.381822 0.8774253 0.2904082 -0.3856788 0.9226118 0.006276552 -0.5502083 0.7075818 0.4433946 -0.4121134 0.736774 0.5360285 -0.6046414 0.5132051 0.6091218 -0.4105002 0.5366524 0.7372203 -0.515716 0.8386598 0.175176 -0.6561716 0.6850085 0.3165473 -0.3738047 0.9262333 0.04859965 -0.7528102 0.4949456 0.433942 -0.8458397 0.4833187 0.225739 -0.5536195 0.8276827 0.09190684 -0.7433982 0.6675571 0.04155395 -0.7231428 0.670689 0.1650476 -0.5625129 0.826471 0.02291105 -0.8750925 0.480592 0.05696009 -0.7419456 0.6704601 3.80953e-05 -0.5585125 0.8294961 1.001795e-05 -0.3826038 0.9239125 -1.463419e-07 -0.8754195 0.4833638 6.610303e-05 -0.9651174 0.2618176 6.14808e-05 0.2954497 0.7625609 0.5755088 0.5502044 0.7075836 0.4433966 0.412112 0.7367764 0.5360264 0.2443704 0.5568087 0.7938811 0.4104963 0.5366546 0.7372209 0.6046419 0.5132068 0.6091198 0.1705724 0.2950802 0.9401238 0.3766467 0.2858345 0.881156 0.6561717 0.6850074 0.3165495 0.7528117 0.4949454 0.4339396 0.6189716 0.2747094 0.7358049 0.8068653 0.2655483 0.527686 0.7231419 0.6706909 0.165044 0.8458408 0.4833166 0.2257396 0.9256144 0.2595207 0.2754759 0.7433985 0.6675566 0.04155599 0.8750929 0.4805913 0.05696024 0.7419457 0.6704599 3.812074e-05 0.8754204 0.4833622 6.609375e-05 0.965117 0.2618188 6.14652e-05 0.01519258 0.08391902 0.9963568 0.1705729 0.2950808 0.9401235 0.05408103 0.3145996 0.9476826 -1.235105e-16 1.685874e-07 1 0.1044205 0.07620986 0.991609 7.195701e-17 1.685874e-07 1 -0.01519254 0.083919 0.9963568 -0.05408091 0.3145996 0.9476826 -0.1044211 0.07620993 0.9916089 -0.07680555 -0.06201219 0.9951158 -0.3193793 0.9442741 0.07964552 -0.1595104 0.9871963 -1.424179e-07 -0.3826053 0.9239119 -5.54137e-08 -0.3363414 0.9384791 0.07830383 -0.3199288 0.8967675 0.3057019 -0.1500348 0.9391776 0.3089255 -0.1577744 0.9842988 0.07913988 -0.3856805 0.9226111 0.006277061 -0.5585117 0.8294966 1.011601e-05 -0.5625119 0.8264717 0.02291177 -0.3848473 0.9226222 0.02570554 -0.3818209 0.8774247 0.2904112 -0.4568436 0.8557156 0.2429914 -0.35706 0.9317079 0.06654739 -0.5536181 0.8276839 0.09190408 -0.3738095 0.9262314 0.04859863 -0.5157171 0.8386605 0.1751694 0.1577747 0.9842987 0.07913988 0.9946727 0.06885283 0.07671748 0.9969237 -0.07837825 1.321358e-08 0.9975496 0.06996253 2.3205e-05 0.9633402 0.259088 0.06963475 0.9486028 -0.07458362 0.3075548 0.9938557 -0.07813817 0.07839177 0.8969453 -0.3170407 0.3081789 0.939884 -0.3322202 0.07904289 0.9428333 -0.3332648 5.618424e-08 0.7424333 -0.66992 1.129401e-07 0.706136 -0.6371637 0.3088597 0.7400912 -0.6678068 0.07936635 0.9506717 0.06854128 0.3025317 0.925615 0.2595196 0.2754751 0.8083804 -0.06355931 0.585219 0.7644176 -0.2702007 0.5853694 -0.1705724 0.2950802 0.9401238 -0.009218227 -0.07410737 0.9972077 -0.02731821 -0.2278988 0.9733015 -0.324744 -0.02483533 0.9454758 -0.3072373 -0.1109322 0.9451451 -0.3309504 0.07465883 0.9406901 -0.2384547 -0.2166465 0.9466803 -0.1305336 -0.2945558 0.9466773 -0.04753057 -0.3137173 0.9483261 0.1554968 -0.9878364 1.665368e-07 -0.1595107 -0.9871962 1.69857e-07 0 -1 1.685874e-07 0.1595105 -0.9871962 1.54371e-07 -0.3149371 -0.9491125 3.851409e-07 -0.3149368 -0.9491126 3.476788e-07 -0.3149363 -0.9491128 1.600085e-07 -0.1287074 -0.9360577 0.3274606 0.3149363 -0.9491128 1.585377e-07 0.1287076 -0.9360574 0.3274612 0.2191323 -0.9751968 0.03117998 0.239578 -0.9708771 1.636776e-07 -0.9975496 0.06996254 2.319894e-05 -0.9969238 -0.0783775 1.321346e-08 -0.9946727 0.06885278 0.07671743 -0.9633399 0.2590891 0.06963563 -0.965117 0.2618188 6.14652e-05 -0.9398844 -0.33222 0.07903947 -0.993856 -0.07813613 0.07839053 -0.9486026 -0.0745778 0.3075568 -0.9506705 0.06854488 0.3025347 -0.8969461 -0.3170427 0.3081747 0.1500351 0.9391774 0.3089261 0.1595107 0.9871962 -1.431477e-07 -0.7061346 -0.6371661 0.308858 -0.9428341 -0.3332625 5.618386e-08 -0.7400913 -0.6678064 0.07936958 0.4020108 -0.9156349 1.543645e-07 -0.01931202 -0.9966844 0.07903947 -0.01937262 -0.9998123 1.685558e-07 -0.4020104 -0.9156351 1.543645e-07 0.1608679 -0.9751557 0.1522919 0.01931047 -0.9966844 0.07903976 0.01937113 -0.9998124 1.685558e-07 0.4007421 -0.9127466 0.07936853 0.3823523 -0.870869 0.3088591 0.0408357 -0.953005 0.3001899 -0.2395787 -0.9708769 1.636776e-07 -0.2191328 -0.9751967 0.03118016 -0.1608679 -0.9751558 0.1522913 0.07054584 -0.8131571 0.5777532 0.3149363 -0.9491128 1.543501e-07 -0.07054657 -0.8131566 0.5777539 -0.04083772 -0.9530049 0.3001897 -0.7424335 -0.6699198 1.1294e-07 -0.4007424 -0.9127465 0.07936915 0.07680593 -0.06201239 0.9951157 0.3072365 -0.1109307 0.9451455 0.3247447 -0.0248383 0.9454755 0.2384557 -0.216645 0.9466804 0.1305323 -0.2945556 0.9466775 0.02183906 -0.1755687 0.9842249 0.02731831 -0.2278987 0.9733015 0.04753143 -0.3137176 0.9483259 0.05631151 -0.5576339 0.8281747 0.0737003 -0.5887801 0.8049263 0.2384181 -0.5430313 0.8051546 0.3257153 -0.7418657 0.5861269 0.440313 -0.3973042 0.8051546 0.6015351 -0.5427799 0.5861276 0.5594306 -0.1977417 0.8049445 0.5899087 -0.04638102 0.8061368 -0.05631115 -0.5576341 0.8281747 -0.07370145 -0.5887801 0.8049261 -0.2384183 -0.5430307 0.8051549 -0.3257165 -0.7418648 0.5861274 -0.3823558 -0.8708679 0.3088579 -0.4403111 -0.3973053 0.805155 -0.6015335 -0.542782 0.5861273 -0.5594314 -0.1977409 0.8049441 -0.7644174 -0.2701975 0.5853711 -0.5899108 -0.04637846 0.8061354 -0.8083799 -0.0635536 0.5852203 -0.6003243 0.07193052 0.7965154 -0.8140647 0.06992594 0.5765492 0.8140639 0.06992999 0.5765499 0.806861 0.2655511 0.5276911 -0.3766467 0.2858345 0.881156 0.3309519 0.07465908 0.9406896 0.6189723 0.2747136 0.7358028 0.3766503 0.285837 0.8811536 0.6003244 0.07193461 0.7965149 -0.6189716 0.2747094 0.7358049 0.3193797 0.9442738 0.07964625 0.1295383 0.7995881 0.5864116 -0.1295381 0.7995883 0.5864116 -0.2954497 0.7625609 0.5755088 -0.09676256 0.5842137 0.805811 0.09676278 0.5842141 0.8058107 0.3199284 0.8967679 0.3057011 0.2954484 0.7625619 0.5755081 0.2443704 0.5568072 0.7938821 0.3363433 0.9384784 0.07830374 0.3856788 0.9226118 0.006276552 0.4568448 0.8557158 0.2429881 0.3570673 0.9317046 0.06655447 0.381822 0.8774253 0.2904082 0.3826038 0.9239125 -1.463419e-07 0.4121134 0.736774 0.5360285 0.5502083 0.7075818 0.4433946 0.4105002 0.5366524 0.7372203 0.6046414 0.5132051 0.6091218 0.6561716 0.6850085 0.3165473 0.515716 0.8386598 0.175176 0.3848466 0.9226225 0.02570644 0.3738047 0.9262333 0.04859965 0.7528102 0.4949456 0.433942 0.7231428 0.670689 0.1650476 0.5536195 0.8276827 0.09190684 0.8458397 0.4833187 0.225739 0.7433982 0.6675571 0.04155395 0.5625129 0.826471 0.02291105 0.8750925 0.480592 0.05696009 0.8754195 0.4833638 6.610303e-05 0.9651174 0.2618176 6.14808e-05 -0.412112 0.7367764 0.5360264 -0.5502044 0.7075836 0.4433966 -0.2443704 0.5568087 0.7938811 -0.6046419 0.5132068 0.6091198 -0.4104963 0.5366546 0.7372209 -0.6561717 0.6850074 0.3165495 -0.7528117 0.4949454 0.4339396 -0.8068653 0.2655483 0.527686 -0.7231419 0.6706909 0.165044 -0.8458408 0.4833166 0.2257396 -0.9256144 0.2595207 0.2754759 -0.7433985 0.6675566 0.04155599 -0.8750929 0.4805913 0.05696024 -0.7419457 0.6704599 3.812074e-05 -0.8754204 0.4833622 6.609375e-05 0.5585125 0.8294961 1.001795e-05 0.7419456 0.6704601 3.80953e-05 -0.01519258 0.08391868 -0.9963568 -0.1705729 0.2950805 -0.9401236 -0.05408103 0.3145993 -0.9476827 -1.235105e-16 -1.685874e-07 -1 -0.1044205 0.07620952 -0.991609 7.195701e-17 -1.685874e-07 -1 0.01519254 0.08391867 -0.9963568 0.05408091 0.3145993 -0.9476827 0.1044211 0.07620959 -0.991609 0.07680555 -0.06201253 -0.9951157 0.3848473 0.9226222 -0.02570585 0.5625119 0.8264717 -0.02291205 0.5536181 0.8276839 -0.09190435 0.3363414 0.9384791 -0.07830415 0.3856805 0.9226111 -0.006277372 0.35706 0.9317079 -0.0665477 0.3738095 0.9262314 -0.04859894 0.5157171 0.8386605 -0.1751697 0.4568436 0.8557155 -0.2429917 0.3199288 0.8967674 -0.3057022 0.3193793 0.944274 -0.07964584 0.3818209 0.8774246 -0.2904115 0.1595104 0.9871963 -1.904398e-07 -0.1577747 0.9842987 -0.07914021 -0.1595107 0.9871962 -1.8971e-07 0.1577744 0.9842988 -0.07914022 0.3826053 0.9239119 -2.561061e-07 -0.1500351 0.9391773 -0.3089264 0.1500348 0.9391775 -0.3089259 0.5585117 0.8294966 -1.039569e-05 -0.9946727 0.0688528 -0.07671751 -0.9969237 -0.07837825 1.321358e-08 -0.9975496 0.06996253 -2.322859e-05 -0.9633402 0.259088 -0.06963484 -0.9486028 -0.07458372 -0.3075548 -0.9938557 -0.0781382 -0.07839175 -0.9428333 -0.3332648 5.618424e-08 -0.8969453 -0.3170408 -0.3081788 -0.939884 -0.3322202 -0.07904278 -0.7424333 -0.66992 1.129401e-07 -0.706136 -0.6371638 -0.3088595 -0.7400912 -0.6678069 -0.07936613 -0.9506717 0.06854118 -0.3025317 -0.925615 0.2595195 -0.2754752 -0.8083804 -0.06355951 -0.585219 -0.7644176 -0.2702009 -0.5853693 0.1705724 0.2950799 -0.9401239 0.009218227 -0.07410771 -0.9972076 0.02731821 -0.2278992 -0.9733014 0.3072373 -0.1109326 -0.9451451 0.2384547 -0.2166468 -0.9466803 0.1305336 -0.2945561 -0.9466772 0.04753057 -0.3137176 -0.948326 0.3309504 0.07465852 -0.9406901 0.324744 -0.02483565 -0.9454758 0.09679788 -0.9953041 1.727348e-08 -0.1554968 -0.9878364 1.665368e-07 0 -1 1.685874e-07 -0.1595105 -0.9871962 1.784867e-07 -0.3149363 -0.9491128 1.614792e-07 -0.1287076 -0.9360575 -0.3274609 0.9975496 0.06996254 -2.322253e-05 0.9969238 -0.0783775 1.321346e-08 0.9946727 0.06885276 -0.07671745 0.9633399 0.2590891 -0.06963572 0.965117 0.2618188 -6.155348e-05 0.9398844 -0.3322201 -0.07903935 0.993856 -0.07813616 -0.0783905 0.9486026 -0.0745779 -0.3075568 0.9506705 0.06854477 -0.3025347 0.8969461 -0.3170428 -0.3081746 0.9428341 -0.3332625 5.618386e-08 0.7061346 -0.6371662 -0.3088578 0.7400913 -0.6678064 -0.07936936 -0.4020108 -0.9156349 1.543645e-07 -0.239578 -0.9708771 1.636776e-07 -0.2191323 -0.9751968 -0.03117965 0.01937262 -0.9998123 1.685558e-07 0.04083772 -0.953005 -0.3001894 0.01931202 -0.9966844 -0.07903914 -0.1608679 -0.9751558 -0.1522916 0.4020104 -0.9156351 1.543645e-07 0.3823558 -0.870868 -0.3088576 0.4007424 -0.9127465 -0.07936884 -0.4007421 -0.9127466 -0.07936822 -0.01937113 -0.9998124 1.685558e-07 -0.3823523 -0.8708691 -0.3088588 -0.01931047 -0.9966844 -0.07903943 0.2150136 -0.9766111 1.651642e-07 -0.0408357 -0.9530051 -0.3001896 0.3149365 -0.9491127 -1.142909e-07 0.3149373 -0.9491125 6.140479e-07 0.2191329 -0.9751967 -0.03117987 0.1287078 -0.9360579 -0.3274599 0 0 0 0.1608679 -0.9751559 -0.1522909 -0.0737003 -0.5887804 -0.8049261 -0.05631151 -0.5576342 -0.8281745 -0.07054584 -0.8131573 -0.577753 0.07370145 -0.5887804 -0.8049259 0.07054657 -0.8131568 -0.5777536 -0.3149363 -0.9491128 1.656668e-07 0.7424335 -0.6699198 1.1294e-07 -0.07680593 -0.06201273 -0.9951157 -0.02183906 -0.175569 -0.9842249 -0.02731831 -0.2278991 -0.9733015 -0.1305323 -0.294556 -0.9466774 -0.2384557 -0.2166453 -0.9466803 -0.3072365 -0.110931 -0.9451455 -0.04753143 -0.3137179 -0.9483258 -0.3247447 -0.02483862 -0.9454755 -0.2384181 -0.5430315 -0.8051544 -0.3257153 -0.7418659 -0.5861266 -0.440313 -0.3973044 -0.8051544 -0.6015351 -0.5427801 -0.5861274 -0.5594306 -0.197742 -0.8049444 -0.5899087 -0.04638129 -0.8061368 0.05631115 -0.5576343 -0.8281745 0.2384183 -0.543031 -0.8051547 0.3257165 -0.741865 -0.5861272 0.4403111 -0.3973055 -0.8051549 0.6015335 -0.5427822 -0.5861271 0.5594314 -0.1977412 -0.8049441 0.7644174 -0.2701977 -0.585371 0.5899108 -0.04637873 -0.8061354 0.8083799 -0.0635538 -0.5852203 0.6003243 0.07193025 -0.7965154 0.8140647 0.06992574 -0.5765492 -0.8140639 0.0699298 -0.5765499 -0.806861 0.2655509 -0.5276912 0.3766467 0.2858342 -0.8811561 -0.3309519 0.07465877 -0.9406896 -0.6189723 0.2747133 -0.7358029 -0.3766503 0.2858367 -0.8811537 -0.6003244 0.07193434 -0.796515 0.6189716 0.2747091 -0.735805 -0.3193797 0.9442738 -0.07964657 0.1295381 0.7995881 -0.5864118 -0.1295383 0.7995879 -0.5864119 0.09676256 0.5842134 -0.8058112 -0.09676278 0.5842138 -0.8058109 -0.3199284 0.8967678 -0.3057014 -0.2954484 0.7625617 -0.5755084 -0.2443704 0.5568069 -0.7938823 -0.3363433 0.9384784 -0.07830406 -0.3856788 0.9226118 -0.006276863 -0.381822 0.8774252 -0.2904085 -0.3826038 0.9239125 -1.651781e-07 -0.4121134 0.7367739 -0.5360288 -0.4105002 0.5366522 -0.7372205 -0.6046414 0.5132049 -0.6091219 -0.4568448 0.8557158 -0.2429884 -0.3570673 0.9317046 -0.06655479 -0.5502083 0.7075817 -0.4433948 -0.6561716 0.6850084 -0.3165476 -0.3848466 0.9226225 -0.02570675 -0.515716 0.8386598 -0.1751763 -0.7528102 0.4949454 -0.4339422 -0.3738047 0.9262333 -0.04859996 -0.7231428 0.6706889 -0.1650478 -0.5536195 0.8276827 -0.09190712 -0.8458397 0.4833187 -0.2257392 -0.7433982 0.6675571 -0.04155418 -0.5625129 0.826471 -0.02291133 -0.8750925 0.480592 -0.05696025 -0.5585125 0.8294961 -1.029763e-05 -0.7419456 0.6704601 -3.832137e-05 -0.8754195 0.4833638 -6.626601e-05 -0.9651174 0.2618176 -6.156908e-05 0.2954497 0.7625607 -0.5755091 0.5502044 0.7075834 -0.4433969 0.412112 0.7367762 -0.5360266 0.2443704 0.5568084 -0.7938813 0.6046419 0.5132066 -0.60912 0.4104963 0.5366543 -0.7372211 0.6561717 0.6850073 -0.3165497 0.7528117 0.4949452 -0.4339398 0.8068653 0.2655481 -0.527686 0.7231419 0.6706909 -0.1650442 0.8458408 0.4833165 -0.2257398 0.9256144 0.2595206 -0.275476 0.7433985 0.6675566 -0.04155621 0.8750929 0.4805912 -0.0569604 0.7419457 0.6704599 -3.834681e-05 0.8754204 0.4833622 -6.625673e-05 0.01519258 0.08391868 -0.9963568 0.1705729 0.2950805 -0.9401236 0.1044205 0.07620952 -0.991609 -0.05408091 0.3145993 -0.9476827 0.05408103 0.3145993 -0.9476827 0 -1.685874e-07 -1 -0.01519254 0.08391867 -0.9963568 -1.529279e-16 -1.685874e-07 -1 0.007731484 -0.06215521 -0.9980365 -0.3193793 0.944274 -0.07964584 -0.3826053 0.9239119 -2.561061e-07 -0.1595104 0.9871963 -1.904398e-07 -0.1577744 0.9842988 -0.07914022 -0.3856805 0.9226111 -0.006277372 -0.5585117 0.8294966 -1.039569e-05 -0.3363414 0.9384791 -0.07830415 -0.3848473 0.9226222 -0.02570585 -0.4568436 0.8557155 -0.2429917 -0.35706 0.9317079 -0.0665477 -0.5157171 0.8386605 -0.1751697 -0.3738095 0.9262314 -0.04859894 -0.5625119 0.8264717 -0.02291205 -0.5536181 0.8276839 -0.09190435 0.9946727 0.0688528 -0.07671751 0.9486028 -0.07458372 -0.3075548 0.9506717 0.06854118 -0.3025317 0.9969237 -0.07837825 1.321358e-08 0.9938557 -0.0781382 -0.07839175 0.9975496 0.06996253 -2.322859e-05 0.8969453 -0.3170408 -0.3081788 0.9428333 -0.3332648 5.618424e-08 0.939884 -0.3322202 -0.07904278 0.706136 -0.6371638 -0.3088595 0.7424333 -0.66992 1.129401e-07 0.7400912 -0.6678069 -0.07936613 0.7644176 -0.2702009 -0.5853693 0.8083804 -0.06355951 -0.585219 0.9633402 0.259088 -0.06963484 0.8140639 0.0699298 -0.5765499 -0.1044211 0.07620959 -0.991609 -0.005198348 -0.04179093 -0.9991129 -0.07680555 -0.06201253 -0.9951157 -0.04753057 -0.3137176 -0.948326 -0.1305336 -0.2945561 -0.9466772 -0.3309504 0.07465852 -0.9406901 -0.3072373 -0.1109326 -0.9451451 -0.324744 -0.02483565 -0.9454758 -0.2384547 -0.2166468 -0.9466803 -0.02731821 -0.2278992 -0.9733014 0 -1 1.685874e-07 -0.1595107 -0.9871962 1.933561e-07 0.1595105 -0.9871962 1.784867e-07 0 -1 1.685874e-07 -0.2191328 -0.9751967 -0.03117983 -0.2395787 -0.9708769 1.636776e-07 -0.3149368 -0.9491126 1.600084e-07 0.1287076 -0.9360575 -0.3274609 0.3149363 -0.9491128 1.614792e-07 0.3149363 -0.9491128 1.600085e-07 0.3149363 -0.9491128 1.656668e-07 -0.9946727 0.06885276 -0.07671745 -0.9486026 -0.0745779 -0.3075568 -0.993856 -0.07813616 -0.0783905 -0.9969238 -0.0783775 1.321346e-08 -0.9975496 0.06996254 -2.322253e-05 -0.9398844 -0.3322201 -0.07903935 -0.9428341 -0.3332625 5.618386e-08 -0.9633399 0.2590891 -0.06963572 -0.8969461 -0.3170428 -0.3081746 0.1577747 0.9842987 -0.07914021 0.1595107 0.9871962 -1.8971e-07 -0.7061346 -0.6371662 -0.3088578 -0.7400913 -0.6678064 -0.07936936 -0.7424335 -0.6699198 1.1294e-07 0.4020108 -0.9156349 1.543645e-07 -0.01937262 -0.9998123 1.685558e-07 0.2191323 -0.9751968 -0.03117965 0.239578 -0.9708771 1.636776e-07 -0.01931202 -0.9966844 -0.07903914 -0.04083772 -0.953005 -0.3001894 -0.4007424 -0.9127465 -0.07936884 -0.3823558 -0.870868 -0.3088576 -0.4020104 -0.9156351 1.543645e-07 0.4007421 -0.9127466 -0.07936822 0.01937113 -0.9998124 1.685558e-07 0.01931047 -0.9966844 -0.07903943 0.3823523 -0.8708691 -0.3088588 -0.3149369 -0.9491126 7.300845e-08 0.0408357 -0.9530051 -0.3001896 -0.1287074 -0.9360578 -0.3274602 -0.1608679 -0.9751559 -0.1522909 0.0737003 -0.5887804 -0.8049261 0.07054584 -0.8131573 -0.577753 0.1608679 -0.9751558 -0.1522916 -0.07054657 -0.8131568 -0.5777536 -0.07370145 -0.5887804 -0.8049259 0.07680593 -0.06201273 -0.9951157 0.3309519 0.07465877 -0.9406896 0.3247447 -0.02483862 -0.9454755 0.1305323 -0.294556 -0.9466774 0.04753143 -0.3137179 -0.9483258 0.3072365 -0.110931 -0.9451455 0.2384557 -0.2166453 -0.9466803 0.02731831 -0.2278991 -0.9733015 0.05631151 -0.5576342 -0.8281745 0.2384181 -0.5430315 -0.8051544 0.3257153 -0.7418659 -0.5861266 0.440313 -0.3973044 -0.8051544 0.6015351 -0.5427801 -0.5861274 0.5594306 -0.197742 -0.8049444 0.5899087 -0.04638129 -0.8061368 0.6003244 0.07193434 -0.796515 -0.05631115 -0.5576343 -0.8281745 -0.2384183 -0.543031 -0.8051547 -0.3257165 -0.741865 -0.5861272 -0.4403111 -0.3973055 -0.8051549 -0.5594314 -0.1977412 -0.8049441 -0.7644174 -0.2701977 -0.585371 -0.6015335 -0.5427822 -0.5861271 -0.5899108 -0.04637873 -0.8061354 -0.8083799 -0.0635538 -0.5852203 -0.6003243 0.07193025 -0.7965154 -0.8140647 0.06992574 -0.5765492 -0.9506705 0.06854477 -0.3025347 0.925615 0.2595195 -0.2754752 0.806861 0.2655509 -0.5276912 0.6189723 0.2747133 -0.7358029 0.3766503 0.2858367 -0.8811537 0.1500351 0.9391773 -0.3089264 -0.1500348 0.9391775 -0.3089259 0.3193797 0.9442738 -0.07964657 0.3199284 0.8967678 -0.3057014 -0.3199288 0.8967674 -0.3057022 0.1295383 0.7995879 -0.5864119 0.2954484 0.7625617 -0.5755084 -0.1295381 0.7995881 -0.5864118 -0.09676256 0.5842134 -0.8058112 -0.2954497 0.7625607 -0.5755091 0.09676278 0.5842138 -0.8058109 0.2443704 0.5568069 -0.7938823 0.3363433 0.9384784 -0.07830406 0.381822 0.8774252 -0.2904085 0.3848466 0.9226225 -0.02570675 0.3570673 0.9317046 -0.06655479 0.4568448 0.8557158 -0.2429884 0.5502083 0.7075817 -0.4433948 0.4121134 0.7367739 -0.5360288 0.3856788 0.9226118 -0.006276863 0.6046414 0.5132049 -0.6091219 0.4105002 0.5366522 -0.7372205 0.6561716 0.6850084 -0.3165476 0.3738047 0.9262333 -0.04859996 0.515716 0.8386598 -0.1751763 0.7528102 0.4949454 -0.4339422 0.7231428 0.6706889 -0.1650478 0.5536195 0.8276827 -0.09190712 0.8458397 0.4833187 -0.2257392 0.5625129 0.826471 -0.02291133 0.7433982 0.6675571 -0.04155418 0.8750925 0.480592 -0.05696025 0.3826038 0.9239125 -1.651781e-07 0.5585125 0.8294961 -1.029763e-05 0.7419456 0.6704601 -3.832137e-05 0.8754195 0.4833638 -6.626601e-05 0.9651174 0.2618176 -6.156908e-05 -0.3818209 0.8774246 -0.2904115 -0.5502044 0.7075834 -0.4433969 -0.2443704 0.5568084 -0.7938813 -0.412112 0.7367762 -0.5360266 -0.4104963 0.5366543 -0.7372211 -0.6046419 0.5132066 -0.60912 -0.1705724 0.2950799 -0.9401239 -0.3766467 0.2858342 -0.8811561 -0.6561717 0.6850073 -0.3165497 -0.7528117 0.4949452 -0.4339398 -0.6189716 0.2747091 -0.735805 -0.8068653 0.2655481 -0.527686 -0.7231419 0.6706909 -0.1650442 -0.8458408 0.4833165 -0.2257398 -0.9256144 0.2595206 -0.275476 -0.7433985 0.6675566 -0.04155621 -0.8750929 0.4805912 -0.0569604 -0.7419457 0.6704599 -3.834681e-05 -0.8754204 0.4833622 -6.625673e-05 -0.965117 0.2618188 -6.155348e-05 -2.179169e-17 -1 1.685874e-07 2.048065e-17 -1 1.685874e-07 2.287634e-17 -1 1.685874e-07 -2.454038e-17 -1 1.685874e-07 3.057138e-16 -1 1.685874e-07 3.138926e-16 -1 1.685874e-07 -3.091159e-16 -1 1.685874e-07 -3.265588e-16 -1 1.685874e-07 -1.198803e-16 -1 1.685874e-07 -1.141713e-16 -1 1.685874e-07 2.37008e-17 -1 1.685874e-07 2.465727e-17 -1 1.685874e-07 -2.645086e-17 -1 1.685874e-07 -2.534436e-17 -1 1.685874e-07 9.77286e-17 -1 1.685874e-07 1.175059e-16 -1 1.685874e-07 3.214865e-18 -1 1.685874e-07 -2.409711e-17 -1 1.685874e-07 -2.584995e-17 -1 1.685874e-07 -6.429727e-18 -1 1.685874e-07 4.569875e-18 -1 1.685874e-07 -9.139755e-18 -1 1.685874e-07 5.169991e-17 -1 1.685874e-07 4.819423e-17 -1 1.685874e-07 -5.409837e-08 -0.331129 -0.9435855 4.983445e-08 -0.3311289 -0.9435855 -4.671289e-08 -0.3311289 -0.9435855 -9.66543e-08 -0.331129 -0.9435855 -9.605263e-08 -0.331129 -0.9435855 5.828067e-08 -0.331129 -0.9435855 1.037355e-07 -0.331129 -0.9435855 1.030396e-07 -0.331129 -0.9435855 0.9775605 -0.2106547 3.551372e-08 0.9775605 -0.2106547 3.551373e-08 0.9901989 -0.1104384 -0.08549544 0.9901989 -0.1104384 0.08549548 0.9909544 -0.1062892 -0.08192663 0.9792262 -0.2027707 3.418459e-08 0.9792262 -0.2027707 3.418459e-08 0.9909544 -0.1062893 0.08192642 0.9856078 2.849936e-08 0.169048 0.9856078 2.849936e-08 0.169048 0.9792262 0.202771 -3.418464e-08 0.9909544 0.1062895 0.08192636 0.9909544 0.1062894 -0.08192664 0.9792262 0.202771 -3.418464e-08 0.6369212 0.7709289 -1.299689e-07 0.8187685 0.5741237 -9.679003e-08 0.8187685 0.5741237 -9.679003e-08 0.6369212 0.7709289 -1.299689e-07 0.9856078 -2.849943e-08 -0.1690484 0.9856078 -2.849943e-08 -0.1690484 0.9843591 -2.970066e-08 -0.1761737 0.9843591 -2.970066e-08 -0.1761737 0.9901989 0.1104384 -0.08549548 0.9901989 0.1104384 0.08549544 0.9775605 0.2106547 -3.551372e-08 0.9775605 0.2106547 -3.551373e-08 0.9843591 2.970066e-08 0.1761737 0.9843591 2.970066e-08 0.1761737 0.5849929 0.8110384 -1.367309e-07 0.5849929 0.8110384 -1.367309e-07 0.08370745 0.1346647 -0.9873492 -0.001171692 -0.00176679 -0.9999978 -0.0004985581 -0.00178805 -0.9999983 -0.02734051 0.1282897 -0.9913598 0.1211154 0.3956868 -0.9103642 -0.001429934 -0.001125891 -0.9999983 0.1247892 0.02394034 -0.9918944 0.3018333 0.3051289 -0.9032126 0.3937277 0.1441757 -0.9078501 -0.001821557 0.0005876349 -0.9999982 -0.0007265868 -1.905853e-05 -0.9999997 0.1184097 -0.079188 -0.9898022 0.3833614 -0.1074885 -0.9173223 -0.001204127 0.0007348555 -0.999999 0.01818629 -0.1301051 -0.9913334 -0.001695927 0.002530875 -0.9999954 -0.1131258 -0.05207564 -0.992215 0.0007845861 6.792747e-05 -0.9999997 0.001176623 0.000864181 -0.9999989 -0.1253757 0.02487904 -0.9917973 0.0002781166 -0.0005508461 -0.9999998 -0.09341497 0.09726274 -0.9908651 0.0003750019 -0.0007889833 -0.9999996 0.12325 0.06892033 0.9899795 0.4112493 -0.005898234 0.9115038 0.4131937 0.1246513 0.9020715 0.04598859 0.114508 0.9923573 -0.0009246774 -0.0007620882 0.9999993 -0.002182897 -0.0003188819 0.9999976 0.126081 -0.03373259 0.9914463 -0.000859233 0.000265095 0.9999996 -0.00118678 0.0006743269 0.9999991 -0.06196488 -0.1154364 0.9913802 0.0002000173 0.0005876398 0.9999998 0.000274712 0.0008137948 0.9999996 0.01206085 -0.1260241 0.9919539 0.001204253 0.001003893 0.9999988 -0.111844 -0.05245026 0.9923406 -0.2617005 -0.308988 0.9143518 -0.1186563 0.01126999 0.9928714 -0.3930736 -0.1158162 0.912184 0.0005251173 0.0001234808 0.9999999 0.001122104 -0.0003650392 0.9999993 -0.09922309 0.08220544 0.9916638 -0.02331898 0.1279052 0.9915122 -0.2398958 0.3417368 0.9086616 0.001062738 -0.00131317 0.9999986 -0.1535822 0.7147843 0.6822726 -0.07375511 0.707577 0.7027766 0.08734415 0.7243078 0.683922 -0.3289417 0.6312219 0.7023933 0.2167575 0.6745918 0.7056501 0.3523488 0.63909 0.6836771 -0.632956 0.3677167 0.6812864 -0.5594317 0.4521005 0.6947239 -0.4110234 0.6024026 0.6842301 -0.682689 0.2017781 0.7022971 -0.7191485 0.1316437 0.6822722 -0.0766656 0.728335 -0.6809189 -0.1259046 0.7039512 -0.6989998 -0.3876753 0.6104313 -0.6907109 0.2078776 0.6786612 -0.7044188 -0.4841487 0.5117265 -0.7097436 -0.577823 -0.4470764 0.6828201 -0.6293072 -0.3415839 0.6980636 -0.7142361 -0.149223 0.6838123 -0.3901251 -0.5987123 0.6995327 -0.7094981 -0.06090637 0.7020704 -0.3413748 -0.6446276 0.6840457 -0.06846517 -0.7135402 0.697261 0.5973231 0.4246721 -0.6803372 0.6868764 0.2073292 -0.696574 0.5087499 0.5113883 -0.6925717 0.2651473 0.6745629 -0.688957 0.7287639 0.09373315 -0.6783194 0.7083529 -0.08061265 -0.7012402 0.6999627 -0.1760872 0.6921311 0.7004778 0.1311755 0.7015154 0.6786254 -0.2349397 0.6958957 0.5047714 -0.5187983 0.6899668 0.7225952 0.1485413 0.6751234 0.5928773 0.4083232 0.6940956 0.7037793 -0.2009693 -0.6814 0.6245784 -0.3446545 -0.7007961 0.5109355 0.4880172 0.707661 0.575393 -0.4488348 -0.6837179 0.4489176 -0.5528555 -0.7020141 0.4010856 -0.6079373 -0.6852318 -0.4019058 -0.6043732 -0.6878988 -0.637114 -0.347497 -0.687991 -0.4561873 -0.5516057 -0.698301 -0.1226805 -0.7080661 -0.6954077 -0.632561 -0.3381142 -0.6968109 0.03903981 0.4100714 0.9112175 -0.1365065 0.7299793 0.6696986 -0.1302029 0.4064596 0.9043439 0.1929806 0.3721517 0.9078885 9.897606e-05 -0.0007411727 0.9999997 -2.402508e-05 -0.0007700755 0.9999997 -0.0003288805 -0.0004781297 0.9999998 0.3161752 0.2778892 0.9070892 0.1925534 0.9792132 -0.06375493 0.1771321 0.9098645 -0.3751943 -0.005422693 0.9681537 -0.2502976 0.3635747 0.8969569 -0.2515587 0.3723818 0.8940544 0.248995 0.1350623 0.7250289 -0.6753453 0.517001 0.535092 0.6681216 0.3400844 0.6652576 0.6646616 0.07423045 0.7444124 0.6635812 0.5393581 0.797147 -0.2713844 0.6670316 0.7004544 -0.2538357 0.5833194 0.4656612 -0.6655059 0.3491401 0.652344 -0.6727172 -0.03376752 0.4167771 -0.9083813 0.7064517 0.2222456 -0.671962 0.8782405 0.3901009 -0.2766135 0.8014523 0.5358434 -0.2656051 0.831619 0.5516774 0.06373324 0.684172 0.6858314 0.2480807 0.7695565 0.5201089 0.370499 0.8970536 0.3422392 0.2795841 0.5486194 0.7937719 0.2625699 0.6505743 0.3384455 0.6798586 0.9365779 0.2049868 0.2842575 0.9773863 0.1998411 -0.06913465 0.9129785 0.1743956 -0.3688582 0.9637402 -0.004566229 -0.2668033 0.7445079 -0.004760795 -0.6675967 0.4120856 -0.006816202 -0.9111196 0.9976625 -0.004303217 0.06819891 0.7413716 0.08190963 0.6660773 0.9258624 -0.01957424 0.3773534 0.7076244 -0.2098769 0.6746994 0.9449481 -0.1884319 0.2675192 0.9489656 -0.1692742 -0.2661024 0.8552002 -0.362767 -0.3701793 0.7066181 -0.207547 -0.6764726 0.7922331 -0.5529096 -0.2581814 0.6168205 -0.4259168 -0.6619119 0.8113718 -0.5278642 0.2510678 0.7050009 -0.7062915 0.06423525 0.9224461 -0.3806556 -0.06476437 0.4686079 -0.5726188 -0.6726919 0.8839964 -0.3735567 0.2810795 0.3681964 -0.2476486 -0.8961594 0.4022873 -0.1291968 0.9063515 0.3255234 -0.2671602 0.907006 0.6248708 -0.4038575 0.6681584 0.08288308 -0.1130045 0.9901315 0.1684032 -0.3979055 0.9018379 0.2461438 -0.3102353 -0.9182414 0.2944155 -0.6899376 -0.6612908 0.1613694 -0.373363 -0.9135426 0.6634511 -0.6492003 0.3719834 0.5232496 -0.8073801 -0.2726669 0.6884957 -0.6613665 -0.2976038 0.5052199 -0.8148786 0.2841226 0.4437233 -0.5736688 0.6884866 0.2142079 -0.714541 0.6659926 0.3767166 -0.8909775 0.2534635 -0.004067701 0.9684722 0.2490883 -0.178158 0.9479126 0.2640481 -0.07477023 0.7437529 -0.6642598 -0.207326 0.9400785 -0.2706814 -0.3558104 0.901858 0.2450535 -0.3349317 0.6737895 -0.6586565 -0.3705731 0.8961558 -0.2440908 -0.02943941 -0.4134375 0.9100565 -0.0005991652 0.000998525 0.9999993 -0.0001985576 0.0003333801 0.9999999 -0.05898962 -0.7452342 0.6641883 0.1676217 -0.9477448 0.2714458 0.02546056 -0.4302173 -0.9023662 -0.2292743 -0.7083562 -0.6675813 -0.1224391 -0.3924587 -0.9115837 0.0003623071 0.001657267 -0.9999986 -0.0001794626 0.001137233 -0.9999993 -0.06570345 -0.1078985 -0.9919884 0.06083065 -0.7446094 -0.6647228 -0.1590468 -0.3963588 0.9042145 -0.3840696 -0.8856099 -0.2611238 -0.1622763 -0.9106271 -0.3800325 -0.1925526 -0.9792134 -0.06375471 -0.4554073 -0.5783357 -0.6768544 0.00674975 -0.9686576 -0.248308 -0.3876944 -0.8861915 0.2536883 -0.3409539 -0.2356937 -0.9100544 -0.2944151 -0.6899369 0.6612918 -0.2618613 -0.3156938 -0.9120121 -0.6215339 -0.4119535 -0.6663257 -0.6597899 -0.6530142 -0.3718194 -0.504786 -0.8164403 -0.2803859 -0.8059066 -0.5370615 -0.2491575 -0.7031987 -0.7081595 -0.063417 -0.8062872 -0.5340946 0.2542515 -0.4056643 -0.1007183 -0.908456 -0.7075572 -0.2193643 -0.6717456 -0.7483316 0.07139814 -0.6594711 -0.4234785 0.05087499 -0.9044765 -0.9082534 -0.1697377 -0.3824459 -0.8828655 -0.3898909 -0.2617893 -0.9780992 -0.1982278 -0.0634636 -0.8899249 -0.3701865 0.2664501 -0.7095136 -0.2096128 0.6727948 -0.94686 -0.1642959 0.2765195 -0.6200462 -0.4260395 0.6588119 -0.7438666 0.05963564 0.6656621 -0.9680285 0.0008877467 0.2508388 -0.9684132 -0.007593038 -0.2492352 -0.9458339 0.1929633 -0.2610813 -0.6637984 0.3199219 -0.6760337 -0.4218221 -0.01612111 0.9065353 -0.6843099 0.288427 0.6697237 -0.9431858 0.2033203 0.2627955 -0.3969859 0.1257087 0.9091752 -0.3428894 0.2616602 0.9021978 -0.3546691 0.2368071 -0.9045066 0.0006635196 -0.000237825 -0.9999998 -0.8955019 0.3694616 0.2481419 -0.560821 0.4952582 0.663475 -0.7743411 0.5107044 0.3736 -0.7685968 0.5195075 -0.3733241 -0.9000731 0.3384249 -0.2744759 -0.6841712 0.685832 -0.248081 -0.5104283 0.5250686 -0.6810036 -0.8313244 0.5517134 -0.06717238 0.0004469735 -0.0003806681 -0.9999998 -0.8277604 0.5570434 0.06719566 -0.6669048 0.7005672 0.2538573 -0.5483424 0.7935038 -0.2639552 -0.1980048 0.3708049 -0.9073576 -0.5388234 0.7979248 0.2701582 -0.3505892 0.6645728 0.6598713 0.2078578 0.9368156 0.2813748 -0.470048 -0.572734 0.6715882 -0.6957397 -0.6563198 0.2918743 -0.5230293 -0.8071706 0.2737078 -0.2031649 -0.9404542 0.272525 0.004759773 -0.9682293 0.2500186 0.2030945 -0.9432971 -0.2625704 0.3855447 -0.8880667 -0.2503856 0.0001251238 0.0001047542 1 7.682881e-05 -1.705531e-05 1 0.001071055 0.0001154417 0.9999994 1.348379e-05 -3.295281e-05 1 -0.0002615318 8.237968e-05 1 -0.0001458092 -9.821435e-05 1 0.0001437541 -0.0002027703 1 -0.0006760628 -0.0003887775 0.9999997 -8.437704e-05 0.0001181831 1 -0.001560106 0.001564116 0.9999976 5.876022e-05 0.0001246887 1 0.0004868647 0.0008109818 0.9999996 8.339909e-05 -9.173237e-05 1 -0.000411711 -0.0003282098 0.9999999 -0.7173203 -0.07076256 -0.6931409 -0.7228555 -0.07268829 -0.6871655 -2.636491e-05 -0.0001506914 -1 -1.042243e-05 -4.353274e-06 -1 1.370467e-05 -6.92562e-05 -1 -2.670901e-07 -3.239075e-05 -1 0.0001452765 -0.000290486 -0.9999999 0.000170054 -0.0004024587 -0.9999999 -3.922527e-05 -6.58911e-05 -1 -7.190712e-05 4.506675e-05 -1 2.533117e-05 -8.247388e-06 -1 1.614992e-05 5.182349e-05 -1 8.455628e-05 0.0002166019 -1 -0.0002706191 -3.869126e-05 -1 0.0003375736 0.001561463 -0.9999987 -0.0007615076 -0.0007886287 -0.9999994 -0.6742476 0.2217066 -0.7044405 -0.6989723 0.1890145 -0.6897183 -0.604453 0.4040887 -0.6865485 0.206564 -0.6963357 0.6873484 0.2346823 -0.6782032 0.696394 -0.08994438 -0.7151452 0.6931647 0.5354866 -0.4859565 0.6907245 0.2050228 -0.6848231 -0.6992732 -0.08128778 -0.7239129 -0.6850857 0.1822716 -0.6968968 -0.6936223 -0.3424339 -0.2352534 0.9096125 0.08370745 0.1346648 0.9873492 -0.001171692 -0.001766639 0.9999978 -0.001429934 -0.00112574 0.9999983 0.1247892 0.02394049 0.9918944 0.3018333 0.305129 0.9032126 -0.02734051 0.1282898 0.9913598 -0.0004985581 -0.001787899 0.9999983 -0.0007265868 -1.890753e-05 0.9999997 0.1184097 -0.07918785 0.9898022 0.3833614 -0.1074884 0.9173224 0.4120856 -0.006816064 0.9111196 -0.001821557 0.0005877859 0.9999982 -0.001204127 0.0007350065 0.999999 -0.001695927 0.002531026 0.9999954 0.01818629 -0.1301049 0.9913334 0.2461438 -0.3102352 0.9182414 -0.1131258 -0.05207549 0.9922151 -0.1253757 0.02487919 0.9917973 -0.4056643 -0.1007181 0.908456 0.001176623 0.000864332 0.9999989 0.0007845861 6.807846e-05 0.9999997 0.1211154 0.3956869 0.9103642 -0.03376752 0.4167772 0.9083812 0.0002781166 -0.0005506951 0.9999998 0.0003750019 -0.0007888323 0.9999996 0.12325 0.06892018 -0.9899795 -0.002182897 -0.0003190329 -0.9999976 -0.0009246774 -0.0007622392 -0.9999993 0.126081 -0.03373274 -0.9914463 0.4112493 -0.005898372 -0.9115038 -0.000859233 0.000264944 -0.9999996 -0.00118678 0.0006741759 -0.9999991 -0.06196488 -0.1154366 -0.9913802 0.001204253 0.001003742 -0.9999988 0.000274712 0.0008136438 -0.9999996 -0.111844 -0.05245041 -0.9923406 0.0002000173 0.0005874888 -0.9999998 0.01206085 -0.1260242 -0.9919538 -0.2617005 -0.3089881 -0.9143518 -0.3424339 -0.2352535 -0.9096125 -0.1186563 0.01126984 -0.9928714 0.0005251173 0.0001233298 -0.9999999 -0.09922309 0.08220529 -0.9916638 0.001122104 -0.0003651902 -0.9999993 -0.3930736 -0.1158163 -0.912184 -0.4218221 -0.01612124 -0.9065353 0.001062738 -0.001313321 -0.9999986 -0.1535822 0.7147842 -0.6822727 0.08734415 0.7243077 -0.6839221 -0.07375511 0.7075769 -0.7027767 0.3523488 0.6390899 -0.6836772 0.2167575 0.6745917 -0.7056502 -0.632956 0.3677166 -0.6812865 -0.4110234 0.6024025 -0.6842302 -0.5594317 0.4521004 -0.694724 -0.682689 0.201778 -0.7022972 -0.3289417 0.6312218 -0.7023934 -0.7191485 0.1316436 -0.6822723 -0.7094981 -0.06090648 -0.7020704 -0.7142361 -0.1492231 -0.6838123 -0.0766656 0.7283351 0.6809187 0.2078776 0.6786613 0.7044187 0.2651473 0.674563 0.6889569 -0.3876753 0.6104314 0.6907108 -0.1259046 0.7039513 0.6989997 -0.4841487 0.5117266 0.7097436 -0.577823 -0.4470765 -0.68282 -0.6293072 -0.341584 -0.6980636 -0.3901251 -0.5987124 -0.6995326 -0.3413748 -0.6446277 -0.6840456 -0.06846517 -0.7135403 -0.6972609 -0.08994438 -0.7151454 -0.6931646 0.5973231 0.4246722 0.6803371 0.5087499 0.5113884 0.6925716 0.6868764 0.2073293 0.696574 0.7287639 0.09373325 0.6783194 0.7083529 -0.08061254 0.7012402 0.6999627 -0.1760873 -0.6921311 0.6786254 -0.2349398 -0.6958957 0.7004778 0.1311754 -0.7015154 0.5047714 -0.5187984 -0.6899668 0.5354866 -0.4859566 -0.6907245 0.7225952 0.1485412 -0.6751234 0.5928773 0.4083231 -0.6940957 0.7037793 -0.2009692 0.6814001 0.6245784 -0.3446544 0.7007961 0.5109355 0.4880171 -0.7076611 0.575393 -0.4488347 0.683718 0.4489176 -0.5528554 0.7020142 0.4010856 -0.6079372 0.6852319 0.2050228 -0.684823 0.6992733 0.1822716 -0.6968967 0.6936224 -0.4019058 -0.6043731 0.6878989 -0.1226805 -0.708066 0.6954078 -0.4561873 -0.5516056 0.6983011 -0.637114 -0.3474969 0.687991 0.03903981 0.4100713 -0.9112176 -0.1302029 0.4064594 -0.9043439 -0.1365065 0.7299792 -0.6696987 0.07423045 0.7444123 -0.6635814 0.1929806 0.3721516 -0.9078886 0.04598859 0.1145079 -0.9923573 -0.02331898 0.127905 -0.9915122 0.3161752 0.2778891 -0.9070893 -0.0003288805 -0.0004782807 -0.9999998 -2.402508e-05 -0.0007702265 -0.9999997 9.897606e-05 -0.0007413237 -0.9999997 -0.2398958 0.3417366 -0.9086617 0.1925534 0.9792132 0.06375478 0.1771321 0.9098646 0.3751941 0.3635747 0.8969569 0.2515586 0.2078578 0.9368155 -0.2813749 -0.004067701 0.9684722 -0.2490885 -0.005422693 0.9681538 0.2502975 0.3723818 0.8940544 -0.2489951 0.1350623 0.725029 0.6753452 0.3491401 0.6523441 0.6727171 0.3400844 0.6652575 -0.6646617 0.517001 0.5350919 -0.6681217 0.5393581 0.797147 0.2713843 0.5486194 0.7937718 -0.2625701 0.5833194 0.4656613 0.6655059 0.3937277 0.1441759 0.9078501 0.6670316 0.7004544 0.2538356 0.8782405 0.3901009 0.2766134 0.8014523 0.5358434 0.265605 0.684172 0.6858313 -0.2480808 0.831619 0.5516773 -0.06373332 0.8970536 0.3422391 -0.2795841 0.7695565 0.5201089 -0.370499 0.6505743 0.3384454 -0.6798587 0.9773863 0.1998411 0.06913462 0.4131937 0.1246511 -0.9020715 0.9365779 0.2049867 -0.2842575 0.7413716 0.08190953 -0.6660773 0.9129785 0.1743957 0.3688582 0.7064517 0.2222457 0.6719619 0.7445079 -0.004760694 0.6675967 0.9637402 -0.004566188 0.2668033 0.9976625 -0.004303227 -0.06819891 0.9258624 -0.01957429 -0.3773534 0.9489656 -0.1692742 0.2661024 0.9449481 -0.1884319 -0.2675191 0.7076244 -0.209877 -0.6746994 0.8552002 -0.362767 0.3701794 0.7066181 -0.2075469 0.6764726 0.3681964 -0.2476484 0.8961594 0.6168205 -0.4259167 0.6619119 0.7922331 -0.5529096 0.2581815 0.9224461 -0.3806556 0.06476443 0.4686079 -0.5726187 0.672692 0.6884957 -0.6613664 0.2976039 0.7050009 -0.7062915 -0.06423514 0.8113718 -0.5278643 -0.2510678 0.8839964 -0.3735567 -0.2810795 0.4022873 -0.129197 -0.9063515 0.6248708 -0.4038576 -0.6681583 0.3255234 -0.2671604 -0.907006 0.08288308 -0.1130046 -0.9901315 0.1684032 -0.3979056 -0.9018378 0.2944155 -0.6899375 0.6612909 0.1613694 -0.3733628 0.9135426 0.6634511 -0.6492004 -0.3719833 0.5232496 -0.8073801 0.272667 0.5052199 -0.8148787 -0.2841225 0.4437233 -0.5736689 -0.6884865 0.2142079 -0.7145411 -0.6659924 0.3767166 -0.8909775 -0.2534634 -0.178158 0.9479126 -0.2640482 -0.207326 0.9400785 0.2706812 -0.07477023 0.743753 0.6642597 -0.3558104 0.9018579 -0.2450537 -0.02943941 -0.4134376 -0.9100564 -0.0001985576 0.0003332291 -0.9999999 -0.0005991652 0.000998374 -0.9999993 -0.05898962 -0.7452343 -0.6641882 0.02546056 -0.4302172 0.9023663 -0.2292743 -0.7083561 0.6675814 0.06083065 -0.7446093 0.6647229 -0.1224391 -0.3924585 0.9115838 -0.0001794626 0.001137384 0.9999993 0.0003623071 0.001657418 0.9999986 -0.06570345 -0.1078983 0.9919884 -0.1590468 -0.3963589 -0.9042144 -0.2618613 -0.3156937 0.9120121 -0.4554073 -0.5783356 0.6768545 -0.3840696 -0.8856099 0.2611239 -0.1925526 -0.9792134 0.06375486 -0.1622763 -0.910627 0.3800326 -0.504786 -0.8164403 0.280386 -0.2031649 -0.9404543 -0.2725249 0.004759773 -0.9682294 -0.2500184 -0.3876944 -0.8861915 -0.2536881 -0.3409539 -0.2356935 0.9100544 -0.6215339 -0.4119534 0.6663258 -0.6597899 -0.6530141 0.3718195 -0.5230293 -0.8071706 -0.2737077 -0.8059066 -0.5370614 0.2491576 -0.7031987 -0.7081595 0.06341711 -0.8062872 -0.5340946 -0.2542515 -0.6957397 -0.6563198 -0.2918742 -0.4234785 0.05087512 0.9044765 -0.9082534 -0.1697377 0.3824459 -0.7483316 0.07139824 0.6594711 -0.9684132 -0.007593 0.2492352 -0.8828655 -0.3898908 0.2617893 -0.7075572 -0.2193642 0.6717457 -0.9780992 -0.1982277 0.06346363 -0.8899249 -0.3701866 -0.26645 -0.94686 -0.164296 -0.2765195 -0.7095136 -0.2096129 -0.6727948 -0.6200462 -0.4260396 -0.6588118 -0.7438666 0.05963554 -0.6656621 -0.9680285 0.0008877088 -0.2508388 -0.9458339 0.1929633 0.2610812 -0.9431858 0.2033203 -0.2627956 -0.6637984 0.319922 0.6760337 -0.9000731 0.3384249 0.2744758 -0.6843099 0.2884269 -0.6697237 -0.3969859 0.1257085 -0.9091752 -0.3428894 0.26166 -0.9021978 -0.3546691 0.2368072 0.9045066 -0.1980048 0.3708051 0.9073575 -0.5104283 0.5250687 0.6810035 -0.09341497 0.09726289 0.9908651 0.0006635196 -0.000237674 0.9999998 -0.7743411 0.5107043 -0.3736001 -0.560821 0.4952581 -0.6634751 -0.7685968 0.5195075 0.373324 -0.8955019 0.3694616 -0.248142 -0.8313244 0.5517134 0.0671723 0.0004469735 -0.0003805171 0.9999998 -0.8277604 0.5570434 -0.06719574 -0.6669048 0.7005672 -0.2538574 -0.6841712 0.6858321 0.2480809 -0.5483424 0.7935039 0.263955 -0.5388234 0.7979247 -0.2701583 -0.3505892 0.6645727 -0.6598714 -0.3349317 0.6737896 0.6586564 -0.3705731 0.8961559 0.2440907 -0.470048 -0.5727341 -0.6715881 -0.2944151 -0.689937 -0.6612917 0.00674975 -0.9686576 0.2483081 0.1676217 -0.9477448 -0.2714456 0.2030945 -0.9432971 0.2625706 0.3855447 -0.8880666 0.2503857 0.0001251238 0.0001046032 -1 1.348379e-05 -3.310381e-05 -1 -0.0002615318 8.222868e-05 -1 5.876022e-05 0.0001245377 -1 0.0004868647 0.0008108308 -0.9999996 7.682881e-05 -1.72063e-05 -1 0.0001437541 -0.0002029213 -1 8.339909e-05 -9.188337e-05 -1 -0.0006760628 -0.0003889285 -0.9999997 -0.000411711 -0.0003283608 -0.9999999 -0.0001458092 -9.836534e-05 -1 -8.437704e-05 0.0001180321 -1 -0.001560106 0.001563965 -0.9999976 0.001071055 0.0001152907 -0.9999994 -0.632561 -0.3381141 0.6968109 -0.7173203 -0.07076245 0.6931409 -0.6742476 0.2217067 0.7044404 -0.6989723 0.1890146 0.6897183 -0.7228555 -0.07268818 0.6871655 -2.636491e-05 -0.0001505404 1 -3.922527e-05 -6.57401e-05 1 -0.0007615076 -0.0007884777 0.9999994 -2.670901e-07 -3.223975e-05 1 -1.042243e-05 -4.202278e-06 1 1.614992e-05 5.197448e-05 1 -7.190712e-05 4.521774e-05 1 1.370467e-05 -6.910521e-05 1 -0.0002706191 -3.854027e-05 1 8.455628e-05 0.0002167529 1 0.0003375736 0.001561614 0.9999987 0.0001452765 -0.000290335 0.9999999 2.533117e-05 -8.096392e-06 1 0.000170054 -0.0004023077 0.9999999 -0.604453 0.4040888 0.6865485 0.2346823 -0.6782033 -0.6963939 0.206564 -0.6963358 -0.6873483 -0.08128778 -0.7239128 0.6850858</float_array>
          <technique_common>
            <accessor count="3149" source="#normals-array-array" stride="3">
              <param type="float" name="X" />
              <param type="float" name="Y" />
              <param type="float" name="Z" />
            </accessor>
          </technique_common>
        </source>
        <source id="texcoords-array">
          <float_array count="6298" id="texcoords-array-array">0.0610024 0.8963737 0.06099503 0.9028488 0.06099001 0.8953723 0.06098766 0.8891534 0.06098967 0.8748221 0.06099464 0.8654775 0.05988508 0.8945184 0.06099026 0.8600573 0.05982042 0.8406636 0.05979018 0.8561976 0.06100173 0.8293505 0.06099151 0.8343802 0.06098772 0.8232418 0.06099001 0.8454129 0.06099785 0.8086604 0.05983921 0.8145124 0.06099397 0.8369638 0.06098548 0.8333043 0.06099023 0.8516443 0.06099397 0.8642901 0.05982076 0.8412888 0.05980867 0.9077113 0.05980867 0.9100699 0.06099151 0.8888496 0.06099001 0.8941327 0.01296172 0.8799681 0.01297189 0.8639299 0.01296954 0.8806787 0.01296172 0.8435849 0.01416945 0.8561976 0.01296809 0.8485363 0.01296954 0.8369992 0.01296345 0.8140873 0.01296954 0.8170229 0.01296736 0.8092802 0.01296915 0.8214682 0.0129656 0.8369638 0.01297403 0.8333043 0.01296809 0.8485363 0.01412033 0.8145124 0.01416945 0.8262727 0.0129672 0.8608194 0.01296306 0.8864874 0.01297339 0.8649177 0.01412033 0.8405436 0.01416945 0.8561976 0.01297339 0.8849887 0.01296809 0.8176818 0.01296954 0.8170229 0.0202351 0.8256695 0.02023515 0.8267449 0.01296915 0.8214682 0.01296954 0.8369992 0.01297189 0.8232418 0.02023566 0.8371272 0.02023457 0.8472927 0.02023563 0.8290544 0.01296809 0.8485363 0.02023677 0.859214 0.01297189 0.8639299 0.06099001 0.8170229 0.05372389 0.8269596 0.06098621 0.819115 0.06098772 0.8232418 0.05372149 0.8256935 0.05372191 0.8337688 0.01296954 0.8806787 0.02023476 0.8706582 0.02023831 0.8820168 0.01296954 0.8906478 0.02023566 0.8868196 0.01296954 0.8953723 0.06098548 0.8333043 0.05372099 0.8348586 0.05372476 0.8477961 0.06099023 0.8516443 0.05372425 0.8597447 0.01297339 0.8649177 0.02023451 0.8651025 0.02023862 0.8509152 0.01297339 0.8849887 0.02024138 0.8775342 0.01296809 0.8485363 0.01297403 0.8333043 0.06098973 0.8669823 0.05372425 0.8711528 0.02024018 0.83486 0.06099023 0.8806789 0.05372414 0.8799101 0.06099151 0.8888496 0.05372495 0.8854368 0.06099001 0.8941327 0.06098766 0.8891534 0.05371939 0.8866993 0.05372395 0.8799889 0.06098967 0.8748221 0.01415091 0.9100699 0.01415091 0.9077113 0.01759059 0.9148391 0.01753126 0.9159554 0.0129663 0.8998995 0.01296452 0.9028488 0.01415091 0.9042268 0.01296954 0.8953723 0.01296954 0.8906478 0.01415091 0.8910717 0.01416945 0.9009833 0.01296954 0.8941327 0.04520917 0.9200873 0.02405899 0.919363 0.02442578 0.9207587 0.02442578 0.9156222 0.0512488 0.9187234 0.04953374 0.9160662 0.04953374 0.9207587 0.05636898 0.9148391 0.05630628 0.9095737 0.01759059 0.8984758 0.01753126 0.9093177 0.04990055 0.9101454 0.02405899 0.9095307 0.05639905 0.8943405 0.05980867 0.8726075 0.04974317 0.8816514 0.04974317 0.8927318 0.04953374 0.9022596 0.02442578 0.9014387 0.02875037 0.8923881 0.02421638 0.8801329 0.02271074 0.8916155 0.01745492 0.884755 0.04520917 0.8689061 0.02395264 0.8685452 0.01765417 0.8623412 0.01415091 0.8726075 0.05124883 0.8686348 0.05650465 0.8731918 0.05636898 0.8561976 0.04980529 0.8561976 0.02875037 0.8561976 0.02271074 0.8561976 0.02418059 0.8432742 0.04974317 0.8444145 0.017356 0.8388487 0.05124883 0.8318011 0.05660354 0.8388484 0.05979018 0.8262727 0.05636898 0.8229797 0.04953374 0.8198468 0.05660354 0.8099983 0.05013123 0.8106723 0.0452092 0.831269 0.02875037 0.8101356 0.02442578 0.8208119 0.02382834 0.8315594 0.01412033 0.8405436 0.01418095 0.8217503 0.01759059 0.8229797 0.01410903 0.8060034 0.01296452 0.8166487 0.05636898 0.8009584 0.05979018 0.8064345 0.02271077 0.8111191 0.02405899 0.8022498 0.04977896 0.8027303 0.01745492 0.809688 0.01753126 0.7988999 0.02442578 0.7963287 0.02405899 0.9195789 0.04990052 0.919363 0.02442578 0.9160662 0.05642832 0.9159554 0.01415091 0.8023252 0.01296809 0.8176818 0.01297189 0.8232418 0.01753126 0.7964398 0.05980867 0.8023252 0.05980867 0.8046836 0.05642832 0.7988999 0.05642832 0.7964398 0.06099001 0.8170229 0.06098621 0.819115 0.06099397 0.8161206 0.01416945 0.8064345 0.05983921 0.8145124 0.05660354 0.8099983 0.04953374 0.7963287 0.04974317 0.8020864 0.0452092 0.7923079 0.05124883 0.7936718 0.02405899 0.7930322 0.02442578 0.7916365 0.02442578 0.796773 0.05979018 0.8262727 0.05636898 0.8229797 0.05124883 0.8111191 0.02418059 0.8027303 0.04953374 0.8198468 0.0452092 0.8101356 0.02442578 0.8208119 0.02405899 0.8109713 0.05977879 0.8623744 0.05124883 0.8437604 0.04974317 0.8307438 0.05650465 0.8384486 0.05630538 0.861855 0.04953374 0.8556172 0.02405899 0.8320206 0.0452092 0.8434891 0.01759059 0.8229797 0.02421638 0.8444145 0.017356 0.8388484 0.01753126 0.8616558 0.02442584 0.856778 0.04974317 0.8679807 0.02405899 0.8693259 0.05650465 0.8840597 0.04974317 0.8801329 0.01412033 0.8718513 0.01759059 0.8790785 0.01418078 0.8898444 0.05985052 0.8861896 0.06099397 0.8888886 0.0597786 0.9039734 0.05636898 0.8984758 0.06098973 0.8669823 0.02271074 0.8916155 0.0175618 0.8950804 0.05124883 0.8916155 0.02442578 0.88144 0.04520917 0.8923881 0.06099023 0.8806789 0.02875037 0.8923881 0.02442578 0.9022596 0.04953374 0.9014387 0.04990052 0.9095307 0.01765324 0.9095737 0.02405899 0.9101454 0.0563063 0.9095737 0.04953374 0.9156222 0.017356 0.809998 0.01759062 0.8009584 0.04953376 0.7916365 0.02405899 0.7928163 0.04990058 0.7930322 0.04953374 0.796773 0.1532489 0.8956901 0.1532493 0.7916195 0.1532487 0.8828385 0.1532498 0.9330758 0.1532525 0.9219656 0.1532498 0.8181243 0.1532498 0.7994497 0.1532488 0.8416396 0.1532493 0.7941073 0.1532544 0.8128797 0.1532528 0.8500195 0.1532493 0.9298759 0.1532556 0.9115963 0.153251 0.8692169 0.05372414 0.8706579 0.05372459 0.8592145 0.06099026 0.8600573 0.05372389 0.8467653 0.06099001 0.8454129 0.05372389 0.8269596 0.05372414 0.8799101 0.05372476 0.8477961 0.05372099 0.8348586 0.05372414 0.8706579 0.05372495 0.8854368 0.05372425 0.8597447 0.05372389 0.8467653 0.05372459 0.8592145 0.05372395 0.8799889 0.05371939 0.8866993 0.05372191 0.8337688 0.05372425 0.8711528 0.05372149 0.8256935 0.06099151 0.8343802 0.0202351 0.8854363 0.01296954 0.8941327 0.06099001 0.8953723 0.08648217 0.8963737 0.08648556 0.8748221 0.08648609 0.8891534 0.08648413 0.9028488 0.08680072 0.9077113 0.08648546 0.8953723 0.08648424 0.8654775 0.08648546 0.8454129 0.0864854 0.8600573 0.08678031 0.8945184 0.08680072 0.8726075 0.08648236 0.8293505 0.08648609 0.8232418 0.08648506 0.8343802 0.08679757 0.8406636 0.08648339 0.8086604 0.08648442 0.8369638 0.0864854 0.8516443 0.08648668 0.8333043 0.08648442 0.8642903 0.08648546 0.8941327 0.08648506 0.8888496 0.08648442 0.8888888 0.09930186 0.8799681 0.09929977 0.8806787 0.09929915 0.8639301 0.09897959 0.8561976 0.09898452 0.8726075 0.09930064 0.8998995 0.09930186 0.8435849 0.09930016 0.8485363 0.09929977 0.8369994 0.0993014 0.8140873 0.09930037 0.8092802 0.09929977 0.8170229 0.09929988 0.8214682 0.09929857 0.8333043 0.09930083 0.8369641 0.09930016 0.8485363 0.09899268 0.8145124 0.0993004 0.8608196 0.09899268 0.8405436 0.09929875 0.8649177 0.09930149 0.8864874 0.09929875 0.8849887 0.09930111 0.9028488 0.09897959 0.9009833 0.09930018 0.8176818 0.09736095 0.8256695 0.09929977 0.8170229 0.09736082 0.8290544 0.09736094 0.8267449 0.09929988 0.8214682 0.09929977 0.8369994 0.0973608 0.8371272 0.09929915 0.8232418 0.09736109 0.8472927 0.09930016 0.8485363 0.08648546 0.8170229 0.08842443 0.8269596 0.08842508 0.8256935 0.08648609 0.8232418 0.08842497 0.8337688 0.09929977 0.8806787 0.09736007 0.8820168 0.09736103 0.8706582 0.09929915 0.8639301 0.09736049 0.859214 0.09929977 0.890648 0.0973608 0.8868196 0.08648668 0.8333043 0.08842422 0.8477961 0.08842522 0.8348586 0.0864865 0.819115 0.0864854 0.8516443 0.08842434 0.8597447 0.09929875 0.8649177 0.09736001 0.8509152 0.09736112 0.8651025 0.09929875 0.8849887 0.09930016 0.8485363 0.09929857 0.8333043 0.08648556 0.8669823 0.08842434 0.871153 0.0973596 0.83486 0.0864854 0.8806789 0.08842435 0.8799101 0.08648506 0.8888496 0.08648609 0.8891534 0.08648556 0.8748221 0.08842443 0.8799889 0.08842564 0.8866993 0.08842435 0.8706579 0.09898452 0.9100699 0.09806664 0.9148391 0.09898452 0.9077113 0.09898452 0.904227 0.09929977 0.8941327 0.09929977 0.8953723 0.09898452 0.8910719 0.09929977 0.890648 0.09069659 0.9200873 0.08954258 0.9160662 0.08908491 0.9187234 0.08954258 0.9207587 0.09624264 0.9156222 0.08771861 0.9148391 0.09806664 0.8984758 0.09808245 0.9093177 0.09808245 0.9159554 0.08944468 0.9101454 0.08773531 0.9095737 0.08954258 0.9022596 0.08771057 0.8943405 0.08680072 0.9100699 0.0876824 0.8731918 0.08948669 0.8816514 0.08948669 0.8927318 0.09508865 0.8923883 0.09670033 0.8916155 0.09629855 0.8801329 0.09624264 0.901439 0.09634054 0.9095307 0.09810284 0.884755 0.09636892 0.8685452 0.09069659 0.8689061 0.08908491 0.8686348 0.08947012 0.8561976 0.08771861 0.8561976 0.08680566 0.8561976 0.09804967 0.8623412 0.09508865 0.8561976 0.09670033 0.8561976 0.09812923 0.8388487 0.09630808 0.8432742 0.08948669 0.8444145 0.08908491 0.8318011 0.08765599 0.8388484 0.08954258 0.8198468 0.08771861 0.82298 0.09624267 0.8208119 0.09508865 0.8101356 0.09069659 0.831269 0.08765599 0.8099983 0.09640211 0.8315594 0.08680566 0.8262727 0.09899268 0.8405439 0.09897651 0.8217503 0.09806664 0.82298 0.09930111 0.8166487 0.0989957 0.8060036 0.08679256 0.8145124 0.08771861 0.8009584 0.08680566 0.8064345 0.09670033 0.8111191 0.09634052 0.8022498 0.08938314 0.8106723 0.08947715 0.8027303 0.09810284 0.809688 0.09808245 0.7988999 0.09624267 0.7963287 0.09624264 0.9207587 0.09634052 0.9195789 0.08770275 0.9159554 0.08944468 0.919363 0.09624267 0.9160662 0.08773531 0.9095737 0.08954258 0.9156222 0.09898452 0.8023252 0.09929915 0.8232418 0.09930018 0.8176818 0.09808245 0.7964398 0.09634054 0.7928163 0.08680072 0.8023252 0.08770277 0.7988999 0.08680072 0.8046836 0.08648546 0.8170229 0.0864865 0.819115 0.08648442 0.8161206 0.08770277 0.7964398 0.09897959 0.8064345 0.08954258 0.7963287 0.08765599 0.8099983 0.08908491 0.7936718 0.09069659 0.7923079 0.08954257 0.7916365 0.09624267 0.796773 0.08680566 0.8262727 0.09806664 0.8009584 0.08679256 0.8145124 0.08771861 0.82298 0.08908491 0.8111191 0.0894867 0.8020864 0.08954258 0.8198468 0.09069659 0.8101356 0.09624267 0.8208119 0.08679748 0.8412888 0.08773558 0.861855 0.08680868 0.8623744 0.0876824 0.8384486 0.08908491 0.8437604 0.08948669 0.8307438 0.09069659 0.8434891 0.09634054 0.8320206 0.09812923 0.8388487 0.09629855 0.8444145 0.09808245 0.8616558 0.09806664 0.82298 0.09624264 0.856778 0.08954258 0.8556172 0.08948669 0.8679807 0.0876824 0.8840597 0.09899268 0.8718513 0.09806664 0.8790785 0.09634054 0.8693259 0.09897959 0.8561976 0.09897657 0.8898444 0.08678953 0.8861896 0.08648556 0.8669823 0.09624267 0.8814403 0.09807432 0.8950804 0.09670033 0.8916155 0.08908491 0.8916155 0.08954258 0.901439 0.08771861 0.8984758 0.08948669 0.8801329 0.09069659 0.8923883 0.0864854 0.8806789 0.09508865 0.8923883 0.09624264 0.9022596 0.08944468 0.9095307 0.08680873 0.9039734 0.09634054 0.9101454 0.09804991 0.9095737 0.09634052 0.919363 0.09634054 0.8109713 0.09812924 0.8099983 0.09630808 0.8027303 0.09634054 0.7930322 0.09624267 0.7916365 0.08944468 0.7930322 0.08954258 0.796773 0.2303752 0.8956901 0.2303751 0.7916195 0.2303753 0.8416396 0.2303747 0.8692169 0.2303753 0.8828385 0.2303751 0.7941073 0.230375 0.8181243 0.230375 0.9330758 0.2303751 0.9298759 0.2303734 0.9115963 0.2303738 0.8128797 0.2303742 0.9219656 0.230375 0.7994497 0.2303742 0.8500195 0.08842425 0.8592145 0.0864854 0.8600573 0.08842443 0.8269596 0.08842435 0.8799101 0.08842435 0.8706579 0.08842443 0.8467653 0.08842497 0.8337688 0.08842508 0.8256935 0.08842434 0.8597447 0.08842434 0.871153 0.08842422 0.8477961 0.08842415 0.8854368 0.08842443 0.8799889 0.08842425 0.8592145 0.08842564 0.8866993 0.08842522 0.8348586 0.08842443 0.8467653 0.08648546 0.8454129 0.08648506 0.8343802 0.09929977 0.8953723 0.09929977 0.8941327 0.09736095 0.8854363 0.09735927 0.8775342 0.08842415 0.8854368 0.08648546 0.8953723 0.08648546 0.8941327 0.09897959 0.8262727 0.8508836 0.3535165 0.7715845 0.3439109 0.8508836 0.3439109 0.7715845 0.3535165 0.8508836 0.3599346 0.7715845 0.3599346 0.7685716 0.3529185 0.7685716 0.3435874 0.7715845 0.3325806 0.8508836 0.3325806 0.8538966 0.3529185 0.8587568 0.3159909 0.8587568 0.3315074 0.8587568 0.3136104 0.8581575 0.3119279 0.8587568 0.3119279 0.8587568 0.3180459 0.8587568 0.3396596 0.8587568 0.3119279 0.8587568 0.3175193 0.8581575 0.3319181 0.8587568 0.3456609 0.8587568 0.3621883 0.8587568 0.3180459 0.8587568 0.3175193 0.8587568 0.3159909 0.8587568 0.3119279 0.8587568 0.3621883 0.8587568 0.3136104 0.8587568 0.3119279 0.8587568 0.3621883 0.8587568 0.3496709 0.8581575 0.3412865 0.8581575 0.348667 0.8581575 0.3621883 0.8587568 0.3119279 0.8446761 0.318097 0.8446959 0.3180459 0.8449 0.3175193 0.8454922 0.3159909 0.8464145 0.3136104 0.8486667 0.3077981 0.8446761 0.318097 0.8446761 0.318097 0.8486667 0.3077981 0.8475768 0.310611 0.8464145 0.3136104 0.8454922 0.3159909 0.8475768 0.310611 0.8486667 0.3077981 0.8446761 0.318097 0.8449 0.3175193 0.8454922 0.3159909 0.8446959 0.3180459 0.8464145 0.3136104 0.8486667 0.3077981 0.8446959 0.3180459 0.8475768 0.310611 0.8449 0.3175193 0.8486667 0.3077981 0.8486667 0.3077981 0.8555309 0.3077981 0.8486667 0.3077981 0.8555365 0.3077981 0.8486667 0.3077981 0.8486667 0.3077981 0.8555575 0.3077981 0.8555015 0.3077981 0.8486667 0.3077981 0.8486667 0.3077981 0.8554966 0.3077981 0.8529436 0.3077981 0.8551791 0.3077981 0.844192 0.4638321 0.8439344 0.4656295 0.8439345 0.465629 0.8580226 0.3673121 0.8587568 0.3621883 0.844192 0.4638321 0.8580226 0.3673121 0.8433663 0.4672927 0.8439344 0.4656295 0.8580226 0.3673121 0.8572727 0.3692334 0.8440286 0.4616603 0.8440286 0.4616601 0.7814723 0.4689558 0.7801774 0.4685102 0.7814723 0.4689558 0.8409958 0.4689558 0.8409958 0.4689558 0.7814723 0.4689558 0.8409958 0.4689558 0.8422906 0.4685102 0.8422906 0.4685102 0.7801775 0.4685102 0.8535118 0.3716562 0.8431523 0.4597791 0.8412204 0.4574345 0.8559441 0.3705093 0.8486667 0.3077981 0.7637113 0.3119279 0.8112341 0.3119279 0.7669068 0.3077981 0.8587568 0.3119279 0.8555613 0.3077981 0.7674811 0.3621883 0.7637113 0.3621883 0.7637113 0.3621883 0.7643106 0.3621883 0.7680709 0.3621883 0.8543972 0.3621883 0.8549871 0.3621883 0.7697178 0.3621883 0.8587568 0.3621883 0.8587568 0.3621883 0.8581575 0.3621883 0.7731674 0.3621883 0.7719252 0.3621883 0.7685716 0.3621883 0.7715845 0.3621883 0.8527504 0.3621883 0.7660173 0.3621883 0.8493007 0.3621883 0.850543 0.3621883 0.8538966 0.3621883 0.8564509 0.3621883 0.8486667 0.3077981 0.777792 0.318097 0.8446761 0.318097 0.7738014 0.3077981 0.7669068 0.3077981 0.8555613 0.3077981 0.8486667 0.3077981 0.7738014 0.3077981 0.8555605 0.3077981 0.8486667 0.3077981 0.7669076 0.3077981 0.7715845 0.3119279 0.8520883 0.3077981 0.8508836 0.3119279 0.8538966 0.3119279 0.7703798 0.3077981 0.7685716 0.3119279 0.7691296 0.3077981 0.8587568 0.3159909 0.8587568 0.3180459 0.8580226 0.3673121 0.8587568 0.3175193 0.8587568 0.3180459 0.8559512 0.3705649 0.8534898 0.3718096 0.8559511 0.3705649 0.8534898 0.3718096 0.8572748 0.3692497 0.8555576 0.3077981 0.8446959 0.3180459 0.8452235 0.3166842 0.8449 0.3175193 0.8460668 0.3145077 0.8486667 0.3077981 0.8464145 0.3136104 0.8486667 0.3077981 0.8475768 0.310611 0.8508836 0.3119279 0.7685716 0.3324988 0.8538966 0.3435874 0.8538966 0.3591534 0.8508836 0.3621883 0.7685716 0.3591534 0.7738014 0.3077981 0.7703798 0.3077981 0.7695245 0.3077981 0.7669715 0.3077981 0.7669666 0.3077981 0.8520883 0.3077981 0.7691296 0.3077981 0.788094 0.4543325 0.8343741 0.4543325 0.7899998 0.4515034 0.8354231 0.4559199 0.8428406 0.395252 0.8343741 0.4543325 0.8443351 0.3935795 0.787045 0.4559199 0.8362774 0.457261 0.7796276 0.395252 0.778133 0.3935795 0.8412204 0.4574345 0.8559442 0.3705093 0.8535118 0.3716562 0.8431524 0.4597791 0.8572727 0.3692334 0.844035 0.4616462 0.8572748 0.3692497 0.844192 0.4638321 0.844192 0.4638321 0.8431523 0.4597791 0.8431524 0.4597791 0.8412204 0.4574345 0.8412204 0.4574345 0.8587568 0.3159909 0.8587568 0.3119279 0.8587568 0.3175193 0.8559511 0.3705649 0.8412423 0.4572811 0.8431742 0.4597313 0.8534898 0.3718096 0.8431742 0.4597313 0.8412424 0.4572811 0.8431743 0.4597315 0.8412423 0.4572811 0.844035 0.4616462 0.7689563 0.3716562 0.7689563 0.3716562 0.766524 0.3705093 0.766524 0.3705093 0.7651954 0.3692334 0.6425955 0.1930929 0.6570575 0.0395723 0.6425955 0.1930929 0.6570575 0.0395723 0.6426213 0.1928185 0.6570317 0.03984684 0.6426213 0.1928185 0.6570317 0.03984684 0.7782761 0.4638321 0.7785337 0.4656295 0.7785336 0.465629 0.7782761 0.4638321 0.7791018 0.4672927 0.7785337 0.4656295 0.7791018 0.4672927 0.7644455 0.3673121 0.7651933 0.3692497 0.7644455 0.3673121 0.7784331 0.4616462 0.7784331 0.4616462 0.7637113 0.3621883 0.7637113 0.3621883 0.7637113 0.3119279 0.7637113 0.3119279 0.7785337 0.4656295 0.7861907 0.457261 0.7768162 0.391335 0.7637113 0.3621883 0.8439344 0.4656295 0.8112341 0.3621883 0.7683082 0.3446542 0.7637113 0.3119279 0.7875865 0.3558267 0.7683082 0.3558267 0.8433663 0.4672927 0.8587568 0.3621883 0.8456519 0.391335 0.8439344 0.4656295 0.8515584 0.3701816 0.8587568 0.3621883 0.7785337 0.4656295 0.8385502 0.4609627 0.7791018 0.4672927 0.7637113 0.3621883 0.7709097 0.3701816 0.783918 0.4609627 0.8376179 0.4593406 0.8501893 0.3716086 0.7722788 0.3716086 0.7848502 0.4593406 0.8559512 0.3705649 0.8431743 0.4597315 0.8412424 0.4572811 0.8534898 0.3718096 0.844035 0.4616462 0.7637113 0.3621883 0.7637113 0.3180459 0.7644455 0.3673121 0.7637113 0.3175193 0.7644455 0.3673121 0.7637113 0.3175193 0.7637113 0.3159909 0.7637113 0.3180459 0.7637113 0.3119279 0.7637113 0.3159909 0.7637113 0.3136104 0.7637113 0.3119279 0.7637113 0.3136104 0.7637113 0.3119279 0.7738014 0.3077981 0.777792 0.318097 0.777792 0.318097 0.7738014 0.3077981 0.7760536 0.3136104 0.7769759 0.3159909 0.7769759 0.3159909 0.7760536 0.3136104 0.7748913 0.310611 0.7777722 0.3180459 0.7775682 0.3175193 0.777792 0.318097 0.7738014 0.3077981 0.7748914 0.310611 0.7738014 0.3077981 0.7777722 0.3180459 0.7769759 0.3159909 0.7775682 0.3175193 0.7760536 0.3136104 0.7738014 0.3077981 0.7738014 0.3077981 0.7748914 0.310611 0.7738014 0.3077981 0.7738014 0.3077981 0.7669373 0.3077981 0.7669316 0.3077981 0.7738014 0.3077981 0.7738014 0.3077981 0.7782761 0.4638321 0.7782761 0.4638321 0.7651954 0.3692334 0.7784395 0.4616603 0.7784395 0.4616601 0.7791018 0.4672927 0.8433663 0.4672927 0.7801775 0.4685102 0.7637113 0.3119279 0.7637113 0.3136104 0.7637113 0.3621883 0.7637113 0.3180459 0.7637113 0.3396596 0.7637113 0.3456609 0.7637113 0.3315074 0.7637113 0.3496709 0.7643106 0.3412865 0.7637113 0.3180459 0.7643106 0.348667 0.7637113 0.3136104 0.7637113 0.3119279 0.7637113 0.3175193 0.7643106 0.3119279 0.7643106 0.3319181 0.7637113 0.3159909 0.7643106 0.3621883 0.7637113 0.3175193 0.7637113 0.3159909 0.7637113 0.3119279 0.8544118 0.3077981 0.7689783 0.3718096 0.7665169 0.3705649 0.766517 0.3705649 0.7689783 0.3718096 0.7651933 0.3692497 0.7738014 0.3077981 0.7738014 0.3077981 0.7669106 0.3077981 0.7669105 0.3077981 0.7775682 0.3175193 0.777792 0.318097 0.7775682 0.3175193 0.7772446 0.3166842 0.7777722 0.3180459 0.7777722 0.3180459 0.7738014 0.3077981 0.7764013 0.3145077 0.7760536 0.3136104 0.7748914 0.310611 0.7738014 0.3077981 0.8530574 0.3452933 0.8530574 0.3551878 0.85416 0.3558267 0.8521804 0.3460039 0.8521804 0.3544772 0.85416 0.3446542 0.8587568 0.3119279 0.85416 0.3446542 0.85416 0.3558267 0.7812477 0.4574345 0.766524 0.3705093 0.7793157 0.4597791 0.7689563 0.3716562 0.7812477 0.4574345 0.7793158 0.4597791 0.7812477 0.4574345 0.7793157 0.4597791 0.7793158 0.4597791 0.7651954 0.3692334 0.766524 0.3705093 0.7689563 0.3716562 0.7812477 0.4574345 0.7812258 0.4572811 0.766517 0.3705649 0.7792939 0.4597313 0.7689783 0.3718096 0.7784331 0.4616462 0.7792939 0.4597313 0.7812258 0.4572811 0.7812258 0.4572811 0.7792938 0.4597315 0.7792938 0.4597315 0.7665169 0.3705649 0.7812258 0.4572811 0.7689783 0.3718096 0.572032 0.1930929 0.55757 0.0395723 0.572032 0.1930929 0.55757 0.0395723 0.5575958 0.03984684 0.5720061 0.1928185 0.5720061 0.1928185 0.5575958 0.03984684 0.8368626 0.4578598 0.8469974 0.3742168 0.8490771 0.3726186 0.8354542 0.4547732 0.773391 0.3726186 0.6493926 0.04415506 0.5788165 0.1883301 0.5652348 0.04415506 0.635811 0.1883301 0.7856055 0.4578598 0.7754708 0.3742168 0.7870139 0.4547732 0.773391 0.3726186 0.8422906 0.4685102 0.8402368 0.3972894 0.8324683 0.4515034 0.8428406 0.395252 0.7796276 0.395252 0.7822313 0.3972894 0.8402368 0.3972894 0.788094 0.4543325 0.7822313 0.3972894 0.7899998 0.4515034 0.8324683 0.4515034 0.8112341 0.3119279 0.7875865 0.3446542 0.8348816 0.3446542 0.8348816 0.3558267 0.8559441 0.3705093 0.8559442 0.3705093 0.8572727 0.3692334 0.8535118 0.3716562 0.8535118 0.3716562 0.8440286 0.4616603 0.8572727 0.3692334 0.8440286 0.4616601 0.844035 0.4616462 0.8572748 0.3692497 0.8572748 0.3692497 0.7651954 0.3692334 0.7784395 0.4616603 0.7784395 0.4616601 0.7651933 0.3692497 0.7784331 0.4616462 0.7651933 0.3692497 0.8490771 0.3726186 0.8469974 0.3742168 0.7754708 0.3742168 0.8368626 0.4578598 0.7870139 0.4547732 0.8354542 0.4547732 0.7856055 0.4578598 0.8564509 0.3119279 0.8564509 0.3322662 0.8564509 0.3426658 0.8538966 0.3119279 0.8538966 0.3324988 0.7680563 0.3077981 0.7715845 0.3119279 0.7685716 0.3119279 0.7660173 0.3426658 0.7660173 0.3322662 0.7660173 0.3119279 0.8581575 0.3535986 0.8564509 0.3621883 0.8564509 0.3569285 0.8564509 0.3512156 0.8533385 0.3077981 0.7660173 0.3569285 0.7660173 0.3512156 0.7660173 0.3621883 0.7643106 0.3535986 0.767289 0.3077981 0.8587568 0.3119279 0.8587568 0.3119279 0.8555613 0.3077981 0.8577369 0.310611 0.8555605 0.3077981 0.8577366 0.310611 0.8555575 0.3077981 0.8555576 0.3077981 0.8587568 0.3119279 0.8555365 0.3077981 0.8587568 0.3119279 0.8587568 0.3119279 0.8555309 0.3077981 0.2214258 0.7626806 0.164235 0.7626806 0.2214258 0.7626806 0.164235 0.7626806 0.7637113 0.3119279 0.7669068 0.3077981 0.7647303 0.310611 0.7669076 0.3077981 0.7637113 0.3119279 0.7669106 0.3077981 0.7669316 0.3077981 0.7637113 0.3119279 0.7647315 0.310611 0.7669105 0.3077981 0.7637113 0.3119279 0.7637113 0.3119279 0.7669373 0.3077981 0.7647383 0.310611 0.8581575 0.3119279 0.8554966 0.3077981 0.8587568 0.3119279 0.8551791 0.3077981 0.8555015 0.3077981 0.8577172 0.310611 0.8564509 0.3119279 0.8544118 0.3077981 0.8533385 0.3077981 0.7660173 0.3119279 0.7680563 0.3077981 0.767289 0.3077981 0.7643106 0.3119279 0.7669715 0.3077981 0.7637113 0.3119279 0.7637113 0.3119279 0.7647465 0.310611 0.857724 0.310611 0.8587568 0.3119279 0.8587568 0.3119279 0.7637113 0.3119279 0.7669666 0.3077981 0.8587568 0.3136104 0.8587568 0.3136104 0.8587568 0.3119279 0.8587568 0.3119279 0.2214257 0.7626805 0.2214257 0.7626805 0.2214257 0.7626805 0.2214257 0.7626806 0.2214257 0.7626806 0.2214257 0.7626805 0.2214258 0.7626806 0.2214258 0.7626806 0.8359842 0.3551878 0.8348816 0.3446542 0.8348816 0.3558267 0.8359842 0.3452932 0.8368613 0.3544772 0.8368613 0.3460039 0.7693197 0.3552406 0.7683082 0.3446542 0.7683082 0.3558267 0.7693197 0.3452405 0.7701805 0.3545365 0.7701805 0.3459444 0.8348816 0.3558267 0.8530574 0.3551878 0.8359842 0.3551878 0.85416 0.3558267 0.8521804 0.3546795 0.8368613 0.3546795 0.7683082 0.3558267 0.7875865 0.3558267 0.786575 0.3552406 0.7693197 0.3552406 0.7857125 0.3547417 0.7701821 0.3547417 0.7875865 0.3446542 0.7683082 0.3446542 0.7693197 0.3452405 0.786575 0.3452405 0.7701821 0.3457394 0.7857125 0.3457394 0.8471681 0.2744597 0.8335819 0.2679799 0.833582 0.2744597 0.8471681 0.2679799 0.786575 0.3452405 0.786575 0.3552406 0.7875865 0.3558267 0.7857141 0.3459444 0.7857141 0.3545365 0.7875865 0.3446542 0.7669011 0.2745218 0.780702 0.2679178 0.7669011 0.2679178 0.780702 0.2745219 0.6414382 0.0854488 0.5731893 0.0854488 0.5823296 0.182478 0.6322979 0.182478 0.7791018 0.4672924 0.8433663 0.4672924 0.8433663 0.4672927 0.164235 0.7626806 0.2214257 0.7626806 0.164235 0.7626806 0.2214257 0.7626806 0.7845944 0.3145077 0.8378738 0.3166842 0.7845944 0.3166842 0.7764013 0.3145077 0.7738014 0.3077981 0.8486667 0.3077981 0.8378738 0.3145077 0.7772446 0.3166842 0.7845944 0.3159909 0.777792 0.318097 0.8446761 0.318097 0.8452235 0.3166842 0.7637113 0.3175193 0.7637113 0.3159909 0.8378738 0.3159909 0.8587568 0.3175193 0.8449 0.3175193 0.8460668 0.3145077 0.8446959 0.3180459 0.8587568 0.3180459 0.8587568 0.3180459 0.8446959 0.3180459 0.8449 0.3175193 0.8587568 0.3175193 0.8449 0.3175193 0.8587568 0.3175193 0.8454922 0.3159909 0.8587568 0.3159909 0.8464145 0.3136104 0.8587568 0.3136104 0.8475768 0.310611 0.8577172 0.310611 0.8555015 0.3077981 0.8486667 0.3077981 0.8587568 0.3119279 0.8454922 0.3159909 0.8587568 0.3159909 0.8464145 0.3136104 0.8587568 0.3136104 0.8475768 0.310611 0.857724 0.310611 0.8587568 0.3119279 0.8555309 0.3077981 0.8486667 0.3077981 0.8587568 0.3180459 0.8587568 0.3180459 0.8446959 0.3180459 0.8446959 0.3180459 0.8449 0.3175193 0.8378738 0.3145077 0.8378738 0.3159909 0.8378738 0.3166842 0.8587568 0.3159909 0.8464145 0.3136104 0.8587568 0.3136104 0.8475768 0.310611 0.8577369 0.310611 0.8587568 0.3119279 0.8555605 0.3077981 0.8486667 0.3077981 0.8587568 0.3175193 0.8454922 0.3159909 0.8587568 0.3159909 0.8464145 0.3136104 0.8587568 0.3136104 0.8475768 0.310611 0.8577366 0.310611 0.8555576 0.3077981 0.8486667 0.3077981 0.8587568 0.3119279 0.7637113 0.3180459 0.7775682 0.3175193 0.7637113 0.3175193 0.7777722 0.3180459 0.7777722 0.3180459 0.7637113 0.3180459 0.7775682 0.3175193 0.7769759 0.3159909 0.7637113 0.3159909 0.7760536 0.3136104 0.7637113 0.3136104 0.7647465 0.310611 0.7637113 0.3119279 0.7748914 0.310611 0.7669666 0.3077981 0.7738014 0.3077981 0.7637113 0.3175193 0.7769759 0.3159909 0.7637113 0.3159909 0.7760536 0.3136104 0.7637113 0.3136104 0.7748913 0.310611 0.7647383 0.310611 0.7669373 0.3077981 0.7738014 0.3077981 0.7637113 0.3119279 0.7777722 0.3180459 0.7637113 0.3180459 0.7775682 0.3175193 0.7777722 0.3180459 0.7637113 0.3180459 0.7775682 0.3175193 0.7637113 0.3175193 0.7845944 0.3145077 0.7845944 0.3166842 0.7845944 0.3159909 0.7760536 0.3136104 0.7637113 0.3136104 0.7748914 0.310611 0.7647303 0.310611 0.7669076 0.3077981 0.7738014 0.3077981 0.7637113 0.3119279 0.7769759 0.3159909 0.7637113 0.3159909 0.7760536 0.3136104 0.7637113 0.3136104 0.7647315 0.310611 0.7637113 0.3119279 0.7748914 0.310611 0.7669105 0.3077981 0.7738014 0.3077981 0.1691258 0.8858746 0.2054816 0.8198168 0.2054816 0.8858746 0.1691258 0.8198168 0.1677682 0.9011995 0.2081968 0.9165231 0.1664105 0.9165231 0.2081968 0.9165231 0.1664105 0.9165231 0.1667743 0.9124177 0.2078331 0.9124177 0.1664105 0.9165231 0.1664105 0.7891676 0.1664105 0.9165231 0.1664105 0.7891676 0.1667743 0.7932737 0.1667743 0.9124177 0.2081968 0.9165231 0.2081968 0.7891676 0.2081968 0.9165231 0.2081968 0.7891676 0.2078331 0.9124177 0.2068392 0.9011995 0.2078331 0.9124177 0.1667743 0.9124177 0.1677682 0.8044919 0.2068392 0.8044919 0.2078331 0.7932737 0.1667743 0.9124177 0.1667743 0.7932737 0.2078331 0.7932737 0.2078331 0.9124177 0.2078331 0.7932737 0.1664105 0.7891676 0.2081968 0.7891676 0.2078331 0.7932737 0.1667743 0.7932737 0.1664105 0.7891676 0.2081968 0.7891676 0.1667743 0.7932737 0.1691258 0.8858739 0.2054816 0.8858739 0.2054816 0.8198161 0.1691258 0.8198161 0.2068392 0.8044912 0.1677682 0.9011989 0.2068392 0.9011989 0.1677682 0.8044912 0.1664105 0.9165231 0.2081968 0.9165231 0.2081968 0.9165231 0.1664105 0.9165231 0.1667743 0.9124163 0.1664105 0.9165231 0.1664105 0.7891669 0.1664105 0.7891669 0.1664105 0.9165231 0.1667743 0.793273 0.2081968 0.9165231 0.2081968 0.9165231 0.2081968 0.7891669 0.2081968 0.7891669 0.2078331 0.9124163 0.2078331 0.9124163 0.2078331 0.793273 0.1667743 0.793273 0.1667743 0.9124163 0.1667743 0.793273 0.1667743 0.9124163 0.2078331 0.793273 0.2078331 0.9124163 0.2078331 0.793273 0.1667743 0.793273 0.2078331 0.793273 0.1664105 0.7891669 0.2081968 0.7891669 0.1664105 0.7891669 0.2078331 0.9124163 0.1667743 0.9124163 0.2081968 0.7891669 0.826139 0.3699192 0.8488819 0.3699192 0.8500367 0.3710397 0.8249843 0.3710397 0.8515545 0.3706405 0.8510386 0.3725821 0.8503091 0.3714609 0.8500367 0.3516562 0.8515545 0.3493096 0.8500367 0.3710397 0.8249843 0.3516562 0.8234665 0.3493096 0.8497933 0.3733864 0.8249843 0.3710397 0.8252277 0.3722601 0.8239823 0.3725821 0.8252277 0.3733864 0.8497933 0.3722601 0.8252277 0.3612514 0.8510386 0.3725821 0.8510386 0.3714782 0.8497933 0.3612514 0.8239823 0.3714782 0.8510386 0.360936 0.8515545 0.3601748 0.8515545 0.3495606 0.8515545 0.3518118 0.8515545 0.3696278 0.8515545 0.3493096 0.8515545 0.3601748 0.8510386 0.360936 0.8515545 0.3493096 0.8234665 0.3493096 0.8515545 0.3493096 0.8234665 0.3493096 0.8252277 0.3733864 0.8247119 0.3714609 0.8234665 0.3706405 0.8239823 0.3725821 0.5846594 0.7339762 0.6165587 0.5110468 0.6165587 0.7339762 0.5846594 0.5110468 0.8488819 0.3534578 0.826139 0.3534578 0.8249843 0.3516562 0.8500367 0.3516562 0.826139 0.3534578 0.826139 0.3699192 0.8249843 0.3710397 0.8249843 0.3516562 0.8500367 0.3710397 0.8488819 0.3534578 0.8500367 0.3516562 0.8488819 0.3699192 0.8252277 0.3733864 0.8497933 0.3733864 0.8497933 0.3733864 0.8239823 0.3725821 0.8510386 0.3725821 0.8239823 0.3725821 0.8239823 0.3714782 0.8234665 0.3706405 0.8234665 0.3706405 0.8239823 0.3725821 0.8234665 0.3493096 0.8510386 0.3725821 0.8515545 0.3706405 0.8515545 0.3706405 0.8510386 0.3725821 0.8515545 0.3493096 0.8510386 0.3714782 0.8234665 0.3696278 0.8234665 0.3495606 0.8234665 0.3493096 0.8239823 0.360936 0.8234665 0.3601748 0.8239823 0.360936 0.8234665 0.3601748 0.8234665 0.3518118 0.7974838 0.3710397 0.7724314 0.3710397 0.7963291 0.3699192 0.7735862 0.3699192 0.7709137 0.3706405 0.7724314 0.3516562 0.7724314 0.3710397 0.772159 0.3714609 0.7714295 0.3725821 0.7709137 0.3493096 0.7726749 0.3733864 0.7974838 0.3516562 0.7726749 0.3722601 0.7972404 0.3612514 0.7726749 0.3612514 0.7714295 0.3725821 0.7726749 0.3733864 0.7972404 0.3733864 0.7972404 0.3722601 0.7984858 0.3714782 0.7984858 0.360936 0.7714295 0.3714782 0.7984858 0.3725821 0.7709137 0.3601748 0.7709137 0.3495606 0.7709137 0.3696278 0.7709137 0.3518118 0.7709137 0.3493096 0.7709137 0.3706405 0.7709137 0.3493096 0.7990016 0.3493096 0.7990016 0.3493096 0.7709137 0.3493096 0.7990016 0.3493096 0.7990016 0.3706405 0.7972404 0.3733864 0.7977563 0.3714609 0.7984858 0.3725821 0.7974838 0.3710397 0.5428478 0.7339762 0.5109485 0.7339762 0.5109485 0.5110468 0.5428478 0.5110468 0.7724314 0.3516562 0.7974838 0.3516562 0.7735862 0.3534578 0.7963291 0.3534578 0.7963291 0.3534578 0.7974838 0.3710397 0.7963291 0.3699192 0.7974838 0.3516562 0.7724314 0.3710397 0.7735862 0.3534578 0.7735862 0.3699192 0.7724314 0.3516562 0.7726749 0.3733864 0.7984858 0.3725821 0.7972404 0.3733864 0.7714295 0.3725821 0.7714295 0.360936 0.7990016 0.3706405 0.7984858 0.3725821 0.7984858 0.3725821 0.7990016 0.3706405 0.7990016 0.3493096 0.7990016 0.3493096 0.7990016 0.3696278 0.7714295 0.3714782 0.7709137 0.3493096 0.7709137 0.3706405 0.7714295 0.3725821 0.7714295 0.3725821 0.7709137 0.3601748 0.7714295 0.360936 0.7984858 0.360936 0.7990016 0.3601748 0.7990016 0.3495606 0.7984858 0.3714782 0.7990016 0.3601748 0.7990016 0.3518118 0.1745683 0.7998626 0.1827263 0.8161711 0.1874971 0.804892 0.1795164 0.7885245 0.1339883 0.7872407 0.1339883 0.7998626 0.1696339 0.8116058 0.1339883 0.7774725 0.192291 0.7939069 0.1834722 0.7798138 0.1823909 0.8282366 0.1789358 0.8255051 0.1768535 0.8310875 0.1782195 0.8321133 0.1657264 0.8214234 0.1899233 0.8222629 0.1635923 0.8273326 0.1768535 0.8318821 0.1782195 0.832908 0.1789356 0.827732 0.1823909 0.8304635 0.1657264 0.82365 0.1696336 0.8148236 0.1827263 0.8193888 0.1899233 0.8254807 0.1745683 0.8034341 0.1874971 0.8084635 0.1992816 0.8190436 0.1795164 0.7917423 0.192291 0.7971247 0.2085736 0.8123646 0.1834722 0.7820404 0.1961419 0.787645 0.2159792 0.8066923 0.1856609 0.7762237 0.1982797 0.7819328 0.2200745 0.803112 0.1856609 0.7754289 0.1982797 0.7811379 0.2200745 0.8023172 0.1961419 0.7854184 0.2159792 0.8044657 0.2085736 0.8091468 0.2250124 0.8866707 0.2111537 0.846297 0.2222682 0.8389291 0.2348623 0.8858167 0.199299 0.8193629 0.2102502 0.8115528 0.2311221 0.8325768 0.2402863 0.8848116 0.2190171 0.8048835 0.1992816 0.8154722 0.1823909 0.8304635 0.1744248 0.8355244 0.1782195 0.832908 0.179396 0.8326703 0.1782195 0.8321133 0.1899233 0.8254807 0.1882922 0.826862 0.2002424 0.8832851 0.1903597 0.8839014 0.1938855 0.8841174 0.1892604 0.8848783 0.2022198 0.8835407 0.2126373 0.8829144 0.2230049 0.8833377 0.2250124 0.8828624 0.2126122 0.8832623 0.2190171 0.8048835 0.2085736 0.8123646 0.2159792 0.8066923 0.2102502 0.8115528 0.2200745 0.803112 0.2238816 0.8006546 0.1992816 0.8190436 0.199299 0.8193629 0.2313392 0.883752 0.2348623 0.8831891 0.2359643 0.8844229 0.2402863 0.8838759 0.2190171 0.8022398 0.2085736 0.8091468 0.2102502 0.8077368 0.2159792 0.8044657 0.1992816 0.8154722 0.199299 0.8151293 0.2238816 0.7997104 0.2200745 0.8023172 0.1339883 0.812838 0.1744248 0.8345751 0.179396 0.8300181 0.1823909 0.8282366 0.2359643 0.8852177 0.2402863 0.8848116 0.1339883 0.7724925 0.2348623 0.8858167 0.2313392 0.8859787 0.1807733 0.9417463 0.1938855 0.886344 0.186779 0.9429171 0.1892604 0.8848783 0.1892604 0.8856732 0.2022198 0.8867583 0.1976014 0.9439943 0.1635923 0.8281274 0.1339883 0.8258243 0.1339883 0.830804 0.1339883 0.8160558 0.1339883 0.8034341 0.1339883 0.7904586 0.1339883 0.7796993 0.1339883 0.7732874 0.1339883 0.8235973 0.1339883 0.8300092 0.2224815 0.9411371 0.2209713 0.8827075 0.2316119 0.9420457 0.2172769 0.8823398 0.2366786 0.9430334 0.2110965 0.9404872 0.2126699 0.8820769 0.235414 0.9419718 0.2313392 0.883752 0.2245917 0.9408947 0.2414201 0.9431426 0.2359643 0.8844229 0.2230049 0.8833377 0.2110965 0.9401245 0.2110965 0.9447644 0.2022198 0.8835407 0.1976014 0.9398137 0.2126122 0.8832623 0.2126122 0.8868338 0.2245917 0.9450752 0.2230049 0.8865554 0.2313392 0.8859787 0.235414 0.9448647 0.1938855 0.8841174 0.186779 0.9400241 0.2414201 0.9441751 0.1807733 0.9407139 0.2359643 0.8852177 0.1882922 0.8230423 0.1899233 0.8222629 0.2250124 0.8866707 0.2230049 0.8865554 0.2126373 0.887148 0.2126122 0.8868338 0.2022198 0.8867583 0.2002421 0.8870959 0.1938855 0.886344 0.1903597 0.8865308 0.1892604 0.8856732 0.184922 0.8856514 0.184922 0.8847152 0.2402863 0.8838759 0.2311221 0.8299429 0.2348623 0.8831891 0.2190171 0.8022398 0.2222682 0.8351209 0.2360215 0.8275849 0.2250124 0.8828624 0.2238816 0.8006546 0.2238816 0.7997104 0.2360215 0.8285249 0.211154 0.8420637 0.2126373 0.8829144 0.1882922 0.8230423 0.1999025 0.8493308 0.2002424 0.8832851 0.2102502 0.8077368 0.2002421 0.8870959 0.1999025 0.8531563 0.2126373 0.887148 0.1907189 0.8581014 0.184922 0.8856514 0.1855292 0.8592888 0.1855292 0.8602409 0.1903597 0.8865308 0.1744248 0.8355244 0.179396 0.8326703 0.1882922 0.826862 0.1903597 0.8839014 0.184922 0.8847152 0.1907191 0.8554427 0.1744248 0.8345751 0.179396 0.8300181 0.199299 0.8151293 0.1976014 0.9398137 0.2110965 0.9404872 0.2110965 0.9401245 0.1905817 0.9404026 0.1997116 0.9402251 0.2224815 0.9411371 0.2245917 0.9408947 0.186779 0.9400241 0.1807733 0.9407139 0.1855145 0.9409845 0.1807733 0.9417463 0.1855145 0.9418555 0.186779 0.9429171 0.1905817 0.9428433 0.1976014 0.9439943 0.1997116 0.9437518 0.2110965 0.9447644 0.2110965 0.9444016 0.2245917 0.9450752 0.2224815 0.9446638 0.235414 0.9448647 0.2316119 0.9444863 0.2366786 0.9439045 0.2414201 0.9441751 0.2366786 0.9430334 0.2414201 0.9431426 0.2316119 0.9420457 0.235414 0.9419718 0.06645176 0.7547933 0.06070706 0.7536735 0.0561001 0.7534106 0.06645176 0.7544409 0.06440154 0.7540412 0.06440154 0.7550288 0.04574814 0.7536117 0.0561001 0.7549946 0.04779842 0.7533762 0.05149314 0.7547317 0.06070706 0.7551007 0.05149314 0.7533044 0.04574814 0.7539642 0.04779842 0.7543639 0.1997116 0.9437518 0.2043682 0.8830302 0.1905817 0.9428433 0.2080629 0.883398 0.1855145 0.9418555 0.2110965 0.9444016 0.2126699 0.8836609 0.2172769 0.883767 0.2080629 0.8819706 0.1997116 0.9402251 0.2043682 0.8820425 0.2224815 0.9446638 0.2209713 0.8836951 0.2316119 0.9444863 0.2366786 0.9439045 0.2230216 0.8834596 0.1905817 0.9404026 0.1855145 0.9409845 0.202318 0.882278 0.2230216 0.8831072 0.202318 0.8826305 0.8651512 0.3332154 0.8650322 0.3305113 0.8651512 0.3294324 0.8651512 0.3134917 0.8651512 0.3332154 0.8650322 0.3342863 0.8650322 0.3342863 0.8651512 0.3134917 0.8651512 0.3134917 0.8627197 0.3329908 0.8611941 0.3322468 0.8577832 0.3322468 0.8577832 0.3366809 0.8627197 0.3366809 0.863471 0.3365113 0.863471 0.332796 0.8627197 0.3366809 0.8626177 0.3326952 0.8617598 0.3322879 0.8577832 0.3317518 0.863471 0.3365113 0.8630353 0.3321503 0.8624098 0.3325077 0.8633438 0.332428 0.8625704 0.3319374 0.8621086 0.3323694 0.8612564 0.3317517 0.8620059 0.3318058 0.8613956 0.3277634 0.8625562 0.3148042 0.8625562 0.327841 0.8577832 0.3147842 0.8613956 0.3147842 0.8577832 0.3277657 0.8625562 0.3128779 0.8577832 0.3127917 0.8613956 0.3127917 0.8625562 0.3113776 0.8577832 0.3112034 0.8613956 0.3112034 0.8636031 0.3131281 0.8636031 0.3148623 0.8613858 0.3288733 0.8636031 0.3280755 0.8651512 0.3294324 0.8651512 0.3134917 0.8651512 0.3149288 0.8649673 0.3140088 0.8649673 0.3150665 0.8649673 0.3135382 0.8649673 0.3136641 0.8649673 0.3124545 0.8649673 0.3289163 0.8649673 0.3134583 0.8651512 0.3134917 0.8577832 0.3134917 0.8577832 0.3134917 0.8651512 0.3134917 0.8649673 0.3124545 0.8644339 0.3115187 0.8613956 0.310135 0.8577832 0.310135 0.8636031 0.3107761 0.8644339 0.3115187 0.8613956 0.3277634 0.8625562 0.3148042 0.8613956 0.3147842 0.8577832 0.3147842 0.8577832 0.3277657 0.8613956 0.3127917 0.8577832 0.3127917 0.8613858 0.3288733 0.8625562 0.3128779 0.8577832 0.3366809 0.8627197 0.3329908 0.8625562 0.3113776 0.8613956 0.3112034 0.8577832 0.3112034 0.8577832 0.3101749 0.8613956 0.3101749 0.8577832 0.3098067 0.8613956 0.3098067 0.8613956 0.310135 0.8577832 0.3101749 0.8577832 0.310135 0.8577832 0.3098067 0.8613956 0.3098067 0.8625562 0.3104131 0.8636031 0.3107761 0.8644339 0.3119851 0.8636031 0.3108159 0.8625562 0.3102994 0.8625562 0.3100654 0.8649673 0.3124545 0.8625562 0.3102993 0.8636031 0.3108159 0.8625562 0.3100654 0.8651512 0.3134917 0.8613956 0.3101749 0.8651512 0.3149288 0.8649673 0.3140088 0.8649673 0.3136641 0.8649673 0.3124545 0.8649673 0.3289163 0.8649673 0.3150666 0.8649673 0.3135382 0.8649673 0.3134583 0.8644339 0.3115187 0.8644339 0.3121812 0.8636031 0.3111044 0.8644339 0.3126714 0.8636031 0.3118836 0.8644339 0.3135178 0.8644339 0.3149526 0.8644339 0.3284453 0.8644339 0.3115187 0.8644339 0.3119851 0.8636031 0.3111044 0.8644339 0.3121812 0.8625562 0.3104131 0.8644339 0.3126714 0.8636031 0.3118836 0.8644339 0.3135178 0.8636031 0.3131281 0.8644339 0.3149526 0.8636031 0.3148623 0.8644339 0.3284453 0.8636031 0.3280755 0.8625562 0.327841 0.8625172 0.3289509 0.8635299 0.3291805 0.8643348 0.329542 0.8648524 0.3300017 0.863471 0.332796 0.8641489 0.336019 0.8641489 0.336019 0.8646868 0.3352523 0.8641489 0.3322797 0.8646868 0.3352523 0.8646868 0.3314925 0.8626177 0.3326952 0.8617598 0.3322879 0.8624098 0.3325077 0.8630353 0.3321503 0.8633438 0.332428 0.8611941 0.3322468 0.8635995 0.3314899 0.8639988 0.3318479 0.8640473 0.3305912 0.8645186 0.3310119 0.8625704 0.3319374 0.862987 0.3312109 0.8621086 0.3323694 0.8633176 0.3302609 0.862404 0.3300514 0.8620059 0.3318058 0.8613126 0.3309699 0.8622279 0.3310353 0.8612564 0.3317517 0.8613571 0.3299781 0.8577832 0.3309704 0.8577832 0.3317518 0.8577832 0.3322468 0.8577832 0.3299791 0.8577832 0.3288748 0.8641489 0.3322797 0.8635995 0.3314899 0.8639988 0.3318479 0.8646868 0.3314925 0.8645186 0.3310119 0.8640473 0.3305912 0.8650322 0.3305113 0.8648524 0.3300017 0.862987 0.3312109 0.8633176 0.3302609 0.8643348 0.329542 0.8635299 0.3291805 0.8622279 0.3310353 0.862404 0.3300514 0.8625172 0.3289509 0.8613126 0.3309699 0.8613571 0.3299781 0.8577832 0.3309704 0.8577832 0.3299791 0.8577832 0.3288748 0.8651512 0.3332154 0.8650322 0.3305113 0.8650322 0.3342863 0.8651512 0.3134917 0.8651512 0.3294324 0.8651512 0.3134917 0.8651512 0.3332154 0.8650322 0.3342863 0.8651512 0.3294324 0.8651512 0.3149288 0.8627197 0.3329908 0.8577832 0.3366809 0.8577832 0.3322468 0.8626177 0.3326952 0.863471 0.332796 0.863471 0.3365113 0.8627197 0.3366809 0.8611941 0.3322468 0.8577832 0.3317518 0.8612564 0.3317517 0.8617598 0.3322879 0.8633438 0.332428 0.8630353 0.3321503 0.8624098 0.3325077 0.8620059 0.3318058 0.8621086 0.3323694 0.8625704 0.3319374 0.8627197 0.3366809 0.8613956 0.3277634 0.8577832 0.3147842 0.8577832 0.3277657 0.8613858 0.3288733 0.8625562 0.3148042 0.8613956 0.3147842 0.8625562 0.3128779 0.8613956 0.3127917 0.8577832 0.3127917 0.8577832 0.3112034 0.8625562 0.3113776 0.8613956 0.3112034 0.8625562 0.327841 0.8625172 0.3289509 0.8636031 0.3148623 0.8636031 0.3131281 0.8650322 0.3305113 0.8651512 0.3134917 0.8649673 0.3124545 0.8649673 0.3150665 0.8649673 0.3140088 0.8649673 0.3289163 0.8649673 0.3136641 0.8649673 0.3135382 0.8649673 0.3134583 0.8651512 0.3134917 0.8577832 0.3134917 0.8651512 0.3134917 0.8577832 0.3134917 0.8644339 0.3115187 0.8649673 0.3124545 0.8651512 0.3134917 0.8636031 0.3107761 0.8644339 0.3115187 0.8636031 0.3107761 0.8613956 0.310135 0.8577832 0.310135 0.8577832 0.3277657 0.8577832 0.3147842 0.8613956 0.3277634 0.8613858 0.3288733 0.8577832 0.3288748 0.8613956 0.3127917 0.8613956 0.3147842 0.8625562 0.3148042 0.8625562 0.327841 0.8625562 0.3128779 0.863471 0.3365113 0.8577832 0.3366809 0.8625562 0.3113776 0.8577832 0.3127917 0.8613956 0.3112034 0.8577832 0.3101749 0.8613956 0.3098067 0.8577832 0.3098067 0.8577832 0.3101749 0.8625562 0.3102993 0.8613956 0.3098067 0.8577832 0.3098067 0.8613956 0.3101749 0.8625562 0.3104131 0.8625562 0.3100654 0.8577832 0.310135 0.8613956 0.310135 0.8625562 0.3102994 0.8636031 0.3108159 0.8649673 0.3124545 0.8636031 0.3108159 0.8625562 0.3100654 0.8577832 0.3112034 0.8613956 0.3101749 0.8651512 0.3149288 0.8649673 0.3140088 0.8649673 0.3150666 0.8649673 0.3136641 0.8649673 0.3135382 0.8651512 0.3134917 0.8649673 0.3124545 0.8649673 0.3134583 0.8644339 0.3115187 0.8644339 0.3119851 0.8644339 0.3121812 0.8636031 0.3111044 0.8644339 0.3126714 0.8636031 0.3118836 0.8644339 0.3135178 0.8644339 0.3149526 0.8644339 0.3115187 0.8644339 0.3119851 0.8644339 0.3121812 0.8636031 0.3111044 0.8625562 0.3104131 0.8644339 0.3126714 0.8636031 0.3118836 0.8644339 0.3135178 0.8636031 0.3131281 0.8644339 0.3149526 0.8636031 0.3148623 0.8644339 0.3284453 0.8636031 0.3280755 0.8636031 0.3280755 0.8635299 0.3291805 0.8648524 0.3300017 0.8649673 0.3289163 0.8643348 0.329542 0.8648524 0.3300017 0.8644339 0.3284453 0.8643348 0.329542 0.8627197 0.3329908 0.8641489 0.336019 0.8641489 0.336019 0.8641489 0.3322797 0.8646868 0.3352523 0.8646868 0.3352523 0.863471 0.332796 0.8641489 0.3322797 0.8646868 0.3314925 0.8626177 0.3326952 0.8611941 0.3322468 0.8630353 0.3321503 0.8624098 0.3325077 0.8633438 0.332428 0.8577832 0.3322468 0.8639988 0.3318479 0.8635995 0.3314899 0.8645186 0.3310119 0.8640473 0.3305912 0.862987 0.3312109 0.8625704 0.3319374 0.8617598 0.3322879 0.8621086 0.3323694 0.8633176 0.3302609 0.8622279 0.3310353 0.8620059 0.3318058 0.862404 0.3300514 0.8613126 0.3309699 0.8612564 0.3317517 0.8613571 0.3299781 0.8577832 0.3299791 0.8577832 0.3288748 0.8639988 0.3318479 0.8635995 0.3314899 0.8646868 0.3314925 0.8640473 0.3305912 0.8645186 0.3310119 0.862987 0.3312109 0.8633176 0.3302609 0.8635299 0.3291805 0.8622279 0.3310353 0.862404 0.3300514 0.8625172 0.3289509 0.8613126 0.3309699 0.8613571 0.3299781 0.8577832 0.3309704 0.8577832 0.3299791 0.8577832 0.3317518 0.8577832 0.3309704 0.7573169 0.3332154 0.757436 0.3305113 0.757436 0.3342863 0.7573169 0.3134917 0.7573169 0.3294324 0.7573169 0.3134917 0.7573169 0.3332154 0.757436 0.3342863 0.7573169 0.3294324 0.7573169 0.3149288 0.7607083 0.3322879 0.7612118 0.3317517 0.7604622 0.3318058 0.7598504 0.3326952 0.761274 0.3322468 0.7600583 0.3325077 0.7603595 0.3323694 0.7598977 0.3319374 0.7594329 0.3321503 0.758997 0.332796 0.7597485 0.3329908 0.7591243 0.332428 0.764685 0.3366809 0.7597485 0.3366809 0.764685 0.3366809 0.7597485 0.3366809 0.764685 0.3322468 0.758997 0.3365113 0.758997 0.3365113 0.764685 0.3317518 0.7610725 0.3277634 0.764685 0.3147842 0.764685 0.3277657 0.7610824 0.3288733 0.759912 0.3148042 0.7610725 0.3147842 0.764685 0.3127917 0.759912 0.3128779 0.7610725 0.3127917 0.764685 0.3112034 0.759912 0.3113776 0.7610725 0.3112034 0.759912 0.327841 0.7599509 0.3289509 0.7588651 0.3148623 0.7588651 0.3131281 0.757436 0.3305113 0.7573169 0.3134917 0.7575008 0.3124545 0.7575008 0.3140088 0.7575008 0.3136641 0.7575008 0.3135382 0.7575008 0.3134583 0.7575008 0.3289163 0.7575008 0.3150665 0.7573169 0.3134917 0.7573169 0.3134917 0.764685 0.3134917 0.764685 0.3134917 0.7580342 0.3115187 0.7588651 0.3107761 0.764685 0.3277657 0.764685 0.3147842 0.7610725 0.3277634 0.7610824 0.3288733 0.764685 0.3288748 0.7610725 0.3127917 0.7610725 0.3147842 0.759912 0.3148042 0.759912 0.327841 0.759912 0.3128779 0.764685 0.3127917 0.759912 0.3113776 0.7610725 0.3112034 0.764685 0.3101749 0.764685 0.310135 0.7610725 0.310135 0.764685 0.3098067 0.759912 0.3100654 0.7610725 0.3098067 0.759912 0.3102993 0.764685 0.3101749 0.759912 0.3104131 0.7610725 0.3101749 0.7610725 0.3101749 0.764685 0.3098067 0.759912 0.3104131 0.7610725 0.3098067 0.764685 0.310135 0.759912 0.3100654 0.7575008 0.3124545 0.7580342 0.3115187 0.7610725 0.310135 0.7588651 0.3107761 0.7573169 0.3134917 0.759912 0.3102994 0.7580342 0.3119851 0.7580342 0.3115187 0.7588651 0.3108159 0.7580342 0.3119851 0.7588651 0.3108159 0.7575008 0.3124545 0.764685 0.3112034 0.7573169 0.3149288 0.7573169 0.3134917 0.7575008 0.3124545 0.7575008 0.3135382 0.7575008 0.3136641 0.7575008 0.3140088 0.7575008 0.3134583 0.7575008 0.3150666 0.7580342 0.3121812 0.7588651 0.3111044 0.7580342 0.3126714 0.7588651 0.3118836 0.7580342 0.3135178 0.7580342 0.3149526 0.7580342 0.3115187 0.7580342 0.3121812 0.7588651 0.3111044 0.7580342 0.3126714 0.7588651 0.3118836 0.7580342 0.3135178 0.7588651 0.3131281 0.7580342 0.3149526 0.7588651 0.3148623 0.7580342 0.3284453 0.7588651 0.3280755 0.7588651 0.3280755 0.7589382 0.3291805 0.7576157 0.3300017 0.7575008 0.3289163 0.7581333 0.329542 0.7576157 0.3300017 0.7580342 0.3284453 0.7581333 0.329542 0.7597485 0.3329908 0.7583192 0.336019 0.7583192 0.336019 0.7577813 0.3352523 0.7577813 0.3352523 0.758997 0.332796 0.7583192 0.3322797 0.7577813 0.3314925 0.7598504 0.3326952 0.761274 0.3322468 0.7591243 0.332428 0.764685 0.3322468 0.7584693 0.3318479 0.7579495 0.3310119 0.7584208 0.3305912 0.7594329 0.3321503 0.7600583 0.3325077 0.7588686 0.3314899 0.7594811 0.3312109 0.7607083 0.3322879 0.7598977 0.3319374 0.7591505 0.3302609 0.7603595 0.3323694 0.7602403 0.3310353 0.7604622 0.3318058 0.7600641 0.3300514 0.7611555 0.3309699 0.7612118 0.3317517 0.761111 0.3299781 0.764685 0.3317518 0.764685 0.3309704 0.764685 0.3299791 0.764685 0.3288748 0.7583192 0.3322797 0.7588686 0.3314899 0.7584693 0.3318479 0.7577813 0.3314925 0.7584208 0.3305912 0.7579495 0.3310119 0.7594811 0.3312109 0.7591505 0.3302609 0.7589382 0.3291805 0.7602403 0.3310353 0.7600641 0.3300514 0.7599509 0.3289509 0.7611555 0.3309699 0.761111 0.3299781 0.764685 0.3309704 0.764685 0.3299791 0.7573169 0.3332154 0.757436 0.3305113 0.7573169 0.3294324 0.757436 0.3342863 0.757436 0.3342863 0.7573169 0.3134917 0.7573169 0.3332154 0.7573169 0.3134917 0.7573169 0.3134917 0.7597485 0.3329908 0.764685 0.3322468 0.764685 0.3366809 0.7597485 0.3366809 0.761274 0.3322468 0.764685 0.3317518 0.7598504 0.3326952 0.7607083 0.3322879 0.7594329 0.3321503 0.7600583 0.3325077 0.7598977 0.3319374 0.7603595 0.3323694 0.7612118 0.3317517 0.7604622 0.3318058 0.7610725 0.3277634 0.759912 0.3148042 0.759912 0.327841 0.764685 0.3147842 0.7610725 0.3147842 0.764685 0.3277657 0.759912 0.3128779 0.764685 0.3127917 0.7610725 0.3127917 0.759912 0.3113776 0.764685 0.3112034 0.7610725 0.3112034 0.7588651 0.3131281 0.7588651 0.3148623 0.7610824 0.3288733 0.7588651 0.3280755 0.7573169 0.3294324 0.7573169 0.3134917 0.7573169 0.3149288 0.7575008 0.3134583 0.7575008 0.3135382 0.7575008 0.3289163 0.7575008 0.3140088 0.7575008 0.3150665 0.7575008 0.3136641 0.7575008 0.3124545 0.7573169 0.3134917 0.764685 0.3134917 0.764685 0.3134917 0.7573169 0.3134917 0.7610725 0.310135 0.764685 0.310135 0.7573169 0.3134917 0.7588651 0.3107761 0.7580342 0.3115187 0.7573169 0.3134917 0.7575008 0.3124545 0.7610725 0.3277634 0.759912 0.3148042 0.7610725 0.3147842 0.764685 0.3147842 0.764685 0.3277657 0.7610725 0.3127917 0.764685 0.3127917 0.7610824 0.3288733 0.759912 0.3128779 0.7597485 0.3366809 0.764685 0.3366809 0.759912 0.3113776 0.7610725 0.3112034 0.764685 0.3112034 0.764685 0.3101749 0.764685 0.3098067 0.7610725 0.310135 0.764685 0.310135 0.7610725 0.3098067 0.759912 0.3100654 0.7610725 0.3101749 0.759912 0.3104131 0.764685 0.3101749 0.7610725 0.3101749 0.764685 0.3098067 0.7610725 0.3098067 0.759912 0.3104131 0.7580342 0.3115187 0.759912 0.3100654 0.7588651 0.3107761 0.759912 0.3102994 0.7580342 0.3119851 0.7588651 0.3108159 0.759912 0.3102993 0.7588651 0.3108159 0.7580342 0.3119851 0.7573169 0.3149288 0.7575008 0.3289163 0.7575008 0.3150666 0.7575008 0.3135382 0.7575008 0.3134583 0.7575008 0.3140088 0.7575008 0.3136641 0.7575008 0.3124545 0.7580342 0.3115187 0.7580342 0.3121812 0.7588651 0.3111044 0.7580342 0.3126714 0.7588651 0.3118836 0.7580342 0.3135178 0.7580342 0.3149526 0.7580342 0.3284453 0.7580342 0.3115187 0.7580342 0.3121812 0.7588651 0.3111044 0.7580342 0.3126714 0.7580342 0.3135178 0.7588651 0.3131281 0.7588651 0.3118836 0.7580342 0.3149526 0.7588651 0.3148623 0.7580342 0.3284453 0.7588651 0.3280755 0.759912 0.327841 0.7599509 0.3289509 0.7589382 0.3291805 0.7581333 0.329542 0.7576157 0.3300017 0.758997 0.3365113 0.758997 0.3365113 0.7597485 0.3329908 0.758997 0.332796 0.758997 0.332796 0.7583192 0.336019 0.7583192 0.3322797 0.7583192 0.336019 0.7577813 0.3352523 0.7583192 0.3322797 0.7577813 0.3352523 0.7577813 0.3314925 0.7598504 0.3326952 0.7591243 0.332428 0.7607083 0.3322879 0.7600583 0.3325077 0.7594329 0.3321503 0.7588686 0.3314899 0.7584693 0.3318479 0.761274 0.3322468 0.7584208 0.3305912 0.7579495 0.3310119 0.7594811 0.3312109 0.7603595 0.3323694 0.7598977 0.3319374 0.7591505 0.3302609 0.7602403 0.3310353 0.7604622 0.3318058 0.7600641 0.3300514 0.7612118 0.3317517 0.7611555 0.3309699 0.761111 0.3299781 0.764685 0.3322468 0.764685 0.3317518 0.764685 0.3309704 0.764685 0.3299791 0.764685 0.3288748 0.7591243 0.332428 0.7588686 0.3314899 0.7577813 0.3314925 0.7584693 0.3318479 0.7579495 0.3310119 0.7584208 0.3305912 0.757436 0.3305113 0.7576157 0.3300017 0.7594811 0.3312109 0.7591505 0.3302609 0.7581333 0.329542 0.7589382 0.3291805 0.7602403 0.3310353 0.7600641 0.3300514 0.7599509 0.3289509 0.7611555 0.3309699 0.761111 0.3299781 0.764685 0.3309704 0.764685 0.3299791 0.764685 0.3288748 0.2262725 0.7626805 0.2262725 0.7626805 0.2214257 0.7626805 0.2214257 0.7626805 0.2214258 0.7626806 0.2262725 0.7626805 0.2262725 0.7626805 0.2214257 0.7626806 0.164235 0.7626806 0.1593883 0.7626805 0.1593883 0.7626805 0.164235 0.7626805 0.164235 0.7626805 0.1593883 0.7626805 0.164235 0.7626806 0.1593883 0.7626805 0.2214257 0.7626805 0.164235 0.7626805 0.2214257 0.7626805 0.164235 0.7626806 0.164235 0.7626805 0.2214258 0.7626806 0.164235 0.7626806 0.2214257 0.7626806 0.164235 0.7626805 0.164235 0.7626805 0.164235 0.7626805 0.164235 0.7626806 0.164235 0.7626806 0.164235 0.7626805 0.164235 0.7626806 0.164235 0.7626806 0.7643228 0.2863823 0.7798531 0.2863823 0.7789884 0.2851832 0.7651875 0.2851832 0.8454545 0.285121 0.8310019 0.2863201 0.846321 0.2863201 0.8318684 0.285121 0.8310018 0.2776445 0.8310019 0.2861178 0.846321 0.2774421 0.8318683 0.2786412 0.8454545 0.2786412 0.8310019 0.2774421 0.8530574 0.3452932 0.8368613 0.3458015 0.8521804 0.3458015 0.8359842 0.3452933 0.846321 0.2861178 0.846321 0.2776445 0.7798548 0.2861772 0.7798548 0.277585 0.7789884 0.278579 0.7651875 0.278579 0.7798531 0.27738 0.7643228 0.27738 0.7643211 0.277585 0.7643211 0.2861773 0.85416 0.3446542 0.8348816 0.3446542 0.08648217 0.8963737 0.08648609 0.8891534 0.08648546 0.8953723 0.08648413 0.9028488 0.08680072 0.9077113 0.08648556 0.8748221 0.08648424 0.8654775 0.08678031 0.8945184 0.08680072 0.8726075 0.08648546 0.8454129 0.0864854 0.8600573 0.08648236 0.8293505 0.08679757 0.8406636 0.08648506 0.8343802 0.08648339 0.8086604 0.08648609 0.8232418 0.08648443 0.8369638 0.08648542 0.8516443 0.08648668 0.8333043 0.08648443 0.8642903 0.08648506 0.8888496 0.08648443 0.8888888 0.08648546 0.8941327 0.09930186 0.8799681 0.09897959 0.8561976 0.09898452 0.8726075 0.09930064 0.8998995 0.09929977 0.8806787 0.09929915 0.8639301 0.09930186 0.8435849 0.09930018 0.8485363 0.09929977 0.8369994 0.0993014 0.8140873 0.09929977 0.8170229 0.09929988 0.8214682 0.09930037 0.8092802 0.09929857 0.8333043 0.09930083 0.8369641 0.09899268 0.8145124 0.0993004 0.8608196 0.09899268 0.8405436 0.09930018 0.8485363 0.09929875 0.8649177 0.09930149 0.8864874 0.09930111 0.9028488 0.09897959 0.9009833 0.09929875 0.8849887 0.09930018 0.8176818 0.09736095 0.8256695 0.09929977 0.8170229 0.09736082 0.8290544 0.09736094 0.8267449 0.09929988 0.8214682 0.09929977 0.8369994 0.0973608 0.8371272 0.09929915 0.8232418 0.09736109 0.8472927 0.09930018 0.8485363 0.08648546 0.8170229 0.08842508 0.8256935 0.08648609 0.8232418 0.08842444 0.8269596 0.08842498 0.8337688 0.09929977 0.8806787 0.09736103 0.8706582 0.09929915 0.8639301 0.0973601 0.8820168 0.09736049 0.859214 0.09929977 0.890648 0.0973608 0.8868196 0.08648668 0.8333043 0.08842422 0.8477961 0.08842522 0.8348586 0.0864865 0.819115 0.08648542 0.8516443 0.08842434 0.8597447 0.09929875 0.8649177 0.09736001 0.8509152 0.09736112 0.8651025 0.09929875 0.8849887 0.09930018 0.8485363 0.09929857 0.8333043 0.08648556 0.8669823 0.08842434 0.871153 0.0973596 0.83486 0.08648542 0.8806789 0.08842437 0.8799101 0.08648506 0.8888496 0.08648609 0.8891534 0.08648556 0.8748221 0.08842443 0.8799889 0.08842564 0.8866993 0.08842437 0.8706579 0.09898452 0.9100699 0.09806664 0.9148391 0.09898452 0.9077113 0.09898452 0.904227 0.09929977 0.8941327 0.09929977 0.8953723 0.09929977 0.890648 0.09898452 0.8910719 0.09069659 0.9200873 0.08908491 0.9187234 0.08954258 0.9207587 0.08954258 0.9160662 0.09624267 0.9156222 0.08771861 0.9148391 0.09806664 0.8984758 0.09808248 0.9093177 0.09808248 0.9159554 0.08944468 0.9101454 0.08954258 0.9022596 0.08771057 0.8943405 0.08773533 0.9095737 0.08680072 0.9100699 0.0876824 0.8731918 0.0894867 0.8816514 0.08948669 0.8927318 0.09508865 0.8923883 0.09624267 0.901439 0.09670033 0.8916155 0.09629855 0.8801329 0.09634054 0.9095307 0.09810284 0.884755 0.09636892 0.8685452 0.09069659 0.8689061 0.08908492 0.8686348 0.08947012 0.8561976 0.08771861 0.8561976 0.08680566 0.8561976 0.09508865 0.8561976 0.09804967 0.8623412 0.09670033 0.8561976 0.09812924 0.8388487 0.0963081 0.8432742 0.08948669 0.8444145 0.08908492 0.8318011 0.08765601 0.8388484 0.08954258 0.8198468 0.08771861 0.82298 0.09624267 0.8208119 0.09508865 0.8101356 0.09069659 0.831269 0.08765601 0.8099983 0.09640211 0.8315594 0.08680566 0.8262727 0.09899268 0.8405439 0.09897651 0.8217503 0.09806664 0.82298 0.09930111 0.8166487 0.0989957 0.8060036 0.08679256 0.8145124 0.08771861 0.8009584 0.08680566 0.8064345 0.09670033 0.8111191 0.08947715 0.8027303 0.08938317 0.8106723 0.09634054 0.8022498 0.09810284 0.809688 0.09808248 0.7988999 0.09624267 0.7963287 0.09624267 0.9207587 0.09634054 0.9195789 0.08770275 0.9159554 0.0894447 0.919363 0.09624267 0.9160662 0.08773533 0.9095737 0.08954258 0.9156222 0.09898452 0.8023252 0.09929915 0.8232418 0.09930018 0.8176818 0.09808248 0.7964398 0.09634054 0.7928163 0.08680072 0.8023252 0.08770277 0.7988999 0.08680072 0.8046836 0.0864865 0.819115 0.08648546 0.8170229 0.08648443 0.8161206 0.08770277 0.7964398 0.09897959 0.8064345 0.08954258 0.7963287 0.08908492 0.7936718 0.09069659 0.7923079 0.08765601 0.8099983 0.08954258 0.7916365 0.09624267 0.796773 0.08680566 0.8262727 0.09806664 0.8009584 0.08679256 0.8145124 0.08771861 0.82298 0.08908492 0.8111191 0.0894867 0.8020864 0.08954258 0.8198468 0.09069659 0.8101356 0.09624267 0.8208119 0.08679749 0.8412888 0.0876824 0.8384486 0.08773558 0.861855 0.08680868 0.8623744 0.08908492 0.8437604 0.08948669 0.8307438 0.09069659 0.8434891 0.09634054 0.8320206 0.09812924 0.8388487 0.09629855 0.8444145 0.09806664 0.82298 0.09808248 0.8616558 0.09624267 0.856778 0.08954258 0.8556172 0.08948669 0.8679807 0.0876824 0.8840597 0.09897959 0.8561976 0.09806664 0.8790785 0.09634054 0.8693259 0.09899268 0.8718513 0.09897657 0.8898444 0.08678953 0.8861896 0.08648556 0.8669823 0.09624267 0.8814403 0.09807432 0.8950804 0.09670033 0.8916155 0.08908492 0.8916155 0.08948669 0.8801329 0.08954258 0.901439 0.08771861 0.8984758 0.09069659 0.8923883 0.08648542 0.8806789 0.09508865 0.8923883 0.09624267 0.9022596 0.0894447 0.9095307 0.08680873 0.9039734 0.09634054 0.9101454 0.09804992 0.9095737 0.09634054 0.919363 0.09812924 0.8099983 0.09634054 0.8109713 0.0963081 0.8027303 0.09634054 0.7930322 0.09624267 0.7916365 0.08944468 0.7930322 0.08954258 0.796773 0.2303752 0.8956901 0.2303753 0.8416396 0.2303747 0.8692169 0.2303751 0.7916195 0.2303753 0.8828385 0.2303751 0.7941073 0.230375 0.8181243 0.2303738 0.8128797 0.2303751 0.9298759 0.2303734 0.9115963 0.230375 0.9330758 0.2303743 0.9219656 0.230375 0.7994497 0.2303742 0.8500195 0.08842425 0.8592145 0.0864854 0.8600573 0.08842444 0.8269596 0.08842437 0.8706579 0.08842444 0.8467653 0.08842437 0.8799101 0.08842498 0.8337688 0.08842508 0.8256935 0.08842422 0.8477961 0.08842434 0.8597447 0.08842434 0.871153 0.08842415 0.8854368 0.08842443 0.8799889 0.08842425 0.8592145 0.08842564 0.8866993 0.08842522 0.8348586 0.08842444 0.8467653 0.08648546 0.8454129 0.08648506 0.8343802 0.09929977 0.8941327 0.09736097 0.8854363 0.09929977 0.8953723 0.09735927 0.8775342 0.08842415 0.8854368 0.08648546 0.8953723 0.08648546 0.8941327 0.09897959 0.8262727 0.04339192 0.8963737 0.04338799 0.8891534 0.04338851 0.8748221 0.04338984 0.8654775 0.04309375 0.8945184 0.04338994 0.9028488 0.0433886 0.8953723 0.04338867 0.8600573 0.04339173 0.8293505 0.0430765 0.8406636 0.04306843 0.8561976 0.0433886 0.8454129 0.043389 0.8343802 0.04338799 0.8232418 0.0433907 0.8086604 0.04308151 0.8145124 0.04338966 0.8369638 0.04338966 0.8642901 0.04307659 0.8412888 0.04338739 0.8333043 0.04338866 0.8516443 0.04307336 0.9077113 0.04307336 0.9100699 0.043389 0.8888496 0.0433886 0.8941327 0.03057222 0.8799681 0.03057493 0.8639299 0.0305743 0.8806787 0.03057222 0.8435849 0.0308945 0.8561976 0.03057392 0.8485363 0.0305743 0.8369992 0.03057269 0.8140873 0.0305755 0.8333043 0.0305742 0.8214682 0.03057325 0.8369641 0.0305743 0.8170229 0.03057372 0.8092802 0.03088139 0.8145124 0.0308945 0.8262727 0.03057368 0.8608194 0.03057392 0.8485363 0.03057257 0.8864874 0.03057533 0.8649177 0.03088139 0.8405436 0.0308945 0.8561976 0.03057533 0.8849887 0.03057392 0.8176818 0.0305743 0.8170229 0.03251312 0.8256695 0.0305742 0.8214682 0.03251314 0.8267449 0.0305743 0.8369992 0.03057493 0.8232418 0.03251327 0.8371272 0.03251298 0.8472927 0.03251326 0.8290544 0.03057392 0.8485363 0.03251357 0.859214 0.03057493 0.8639299 0.0433886 0.8170229 0.04144963 0.8269596 0.04338759 0.819115 0.04338799 0.8232418 0.04144899 0.8256935 0.0414491 0.8337688 0.0305743 0.8806787 0.03251303 0.8706582 0.03251398 0.8820168 0.0305743 0.8906478 0.03251327 0.8868196 0.0305743 0.8953723 0.04338739 0.8333043 0.04144886 0.8348586 0.04144986 0.8477961 0.04338866 0.8516443 0.04144973 0.8597447 0.03057533 0.8649177 0.03251297 0.8651025 0.03251406 0.8509152 0.03057533 0.8849887 0.03251481 0.8775342 0.03057392 0.8485363 0.0305755 0.8333043 0.04338853 0.8669823 0.04144973 0.8711528 0.03251448 0.83486 0.04338866 0.8806789 0.0414497 0.8799101 0.043389 0.8888496 0.04144992 0.8854368 0.0433886 0.8941327 0.04338799 0.8891534 0.04144843 0.8866993 0.04144965 0.8799889 0.04338851 0.8748221 0.03088956 0.9100699 0.03088956 0.9077113 0.03180744 0.9148391 0.0317916 0.9159554 0.03088956 0.9042268 0.03057344 0.8998995 0.03057296 0.9028488 0.03088956 0.8910717 0.0305743 0.8906478 0.0305743 0.8953723 0.0305743 0.8941327 0.0308945 0.9009833 0.03917747 0.9200873 0.04078915 0.9187234 0.04033149 0.9160662 0.03353353 0.919363 0.03363143 0.9207587 0.04033149 0.9207587 0.03363143 0.9156222 0.04215548 0.9148391 0.04213874 0.9095737 0.0317916 0.9093177 0.03180744 0.8984758 0.04042937 0.9101454 0.03353353 0.9095307 0.04216352 0.8943405 0.04307336 0.8726075 0.04033149 0.9022596 0.04038737 0.8816514 0.04038737 0.8927318 0.03363143 0.9014387 0.03478543 0.8923883 0.03357554 0.8801329 0.03317376 0.8916155 0.03177123 0.884755 0.03917748 0.8689061 0.03088956 0.8726075 0.03350515 0.8685452 0.03182441 0.8623412 0.04078916 0.8686348 0.04219168 0.8731918 0.04215548 0.8561976 0.04040396 0.8561976 0.03478543 0.8561976 0.03317376 0.8561976 0.04038737 0.8444145 0.03356598 0.8432742 0.03174483 0.8388487 0.04078916 0.8318011 0.04221807 0.8388484 0.04306843 0.8262727 0.04215548 0.8229797 0.04033149 0.8198468 0.03917748 0.831269 0.04221807 0.8099983 0.04049093 0.8106723 0.03478543 0.8101356 0.03363141 0.8208119 0.033472 0.8315594 0.03088139 0.8405439 0.03180744 0.8229797 0.03089757 0.8217503 0.03057296 0.8166487 0.03087838 0.8060034 0.04215548 0.8009584 0.04306843 0.8064345 0.03317376 0.8111191 0.04039693 0.8027303 0.03353353 0.8022498 0.03177123 0.809688 0.0317916 0.7988999 0.03363143 0.7963287 0.03353353 0.9195789 0.04042936 0.919363 0.04217131 0.9159554 0.03363143 0.9160662 0.03088956 0.8023252 0.03057392 0.8176818 0.03057493 0.8232418 0.0317916 0.7964398 0.04307336 0.8023252 0.04217131 0.7988999 0.04217131 0.7964398 0.04307336 0.8046836 0.0433886 0.8170229 0.04338759 0.819115 0.04338966 0.8161206 0.0308945 0.8064345 0.04308151 0.8145124 0.04221807 0.8099983 0.04033149 0.7963287 0.03917748 0.7923079 0.04078916 0.7936718 0.04038737 0.8020864 0.03353353 0.7930322 0.03363141 0.7916365 0.03363143 0.796773 0.04306843 0.8262727 0.04215548 0.8229797 0.04078916 0.8111191 0.03356598 0.8027303 0.04033149 0.8198468 0.03917748 0.8101356 0.03363143 0.8208119 0.03353353 0.8109713 0.0430654 0.8623744 0.04078916 0.8437604 0.04213851 0.861855 0.04033149 0.8556172 0.04038737 0.8307438 0.04219168 0.8384486 0.03917748 0.8434891 0.03353353 0.8320206 0.03357553 0.8444145 0.03174483 0.8388484 0.03180744 0.82298 0.0317916 0.8616558 0.03363143 0.856778 0.04038737 0.8679807 0.03353353 0.8693259 0.04219168 0.8840597 0.04038737 0.8801329 0.03180744 0.8790785 0.03088139 0.8718513 0.03089752 0.8898444 0.04308453 0.8861896 0.04306534 0.9039734 0.04215548 0.8984758 0.04338966 0.8888886 0.04338853 0.8669823 0.03317376 0.8916155 0.03179975 0.8950804 0.04078916 0.8916155 0.03363143 0.88144 0.03917748 0.8923883 0.04338866 0.8806789 0.03478543 0.8923883 0.03363143 0.9022596 0.04033149 0.9014387 0.04042936 0.9095307 0.03353353 0.9101454 0.03182415 0.9095737 0.04213874 0.9095737 0.04033149 0.9156222 0.03174483 0.8099983 0.03180744 0.8009584 0.04033149 0.7916365 0.03353353 0.7928163 0.04042938 0.7930322 0.04033149 0.796773 0.1655272 0.8956901 0.1655273 0.7916195 0.1655272 0.8828385 0.1655275 0.9330758 0.1655281 0.9219656 0.1655272 0.8416396 0.1655275 0.8181243 0.1655274 0.7994497 0.1655287 0.8128797 0.1655282 0.8500195 0.1655273 0.7941073 0.1655273 0.9298759 0.165529 0.9115963 0.1655278 0.8692169 0.0414497 0.8706579 0.04144982 0.8592145 0.04144963 0.8467653 0.0433886 0.8454129 0.04338867 0.8600573 0.04144963 0.8269596 0.04144986 0.8477961 0.04144886 0.8348586 0.0414497 0.8799101 0.0414497 0.8706579 0.04144992 0.8854368 0.04144973 0.8597447 0.04144963 0.8467653 0.04144982 0.8592145 0.04144965 0.8799889 0.04144843 0.8866993 0.0414491 0.8337688 0.04144973 0.8711528 0.04144899 0.8256935 0.043389 0.8343802 0.03251312 0.8854363 0.0305743 0.8941327 0.0433886 0.8953723</float_array>
          <technique_common>
            <accessor count="3149" source="#texcoords-array-array" stride="2">
              <param type="float" name="S" />
              <param type="float" name="T" />
            </accessor>
          </technique_common>
        </source>
        <vertices id="verts-array-vertices">
          <input semantic="POSITION" source="#verts-array" />
        </vertices>
        <triangles count="4371" material="material0">
          <input offset="0" semantic="VERTEX" source="#verts-array-vertices" />
          <input offset="1" semantic="NORMAL" source="#normals-array" />
          <input offset="2" semantic="TEXCOORD" source="#texcoords-array" />
          <p>0 0 0 1 1 1 2 2 2 0 0 0 3 3 3 4 4 4 0 0 0 5 5 5 6 6 6 0 0 0 2 2 2 3 3 3 5 5 5 4 4 4 7 7 7 5 5 5 8 8 8 9 9 9 5 5 5 10 10 10 8 8 8 5 5 5 0 0 0 4 4 4 10 10 10 11 11 11 12 12 12 10 10 10 5 5 5 13 13 13 10 10 10 13 13 13 11 11 11 10 10 10 12 12 12 14 14 14 10 10 10 14 14 14 15 15 15 16 16 16 17 17 17 18 18 18 16 16 16 19 19 19 20 20 20 16 16 16 18 18 18 19 19 19 1 1 1 21 21 21 22 22 22 1 1 1 0 0 0 21 21 21 1 1 1 23 23 23 24 24 24 1 1 1 24 24 24 2 2 2 25 25 25 26 26 26 27 27 27 25 25 25 28 28 28 26 26 26 25 25 25 29 29 29 28 28 28 28 28 28 30 30 30 26 26 26 28 28 28 31 31 31 30 30 30 32 32 32 33 33 33 34 34 34 32 32 32 35 35 35 33 33 33 32 32 32 36 36 36 37 37 37 32 32 32 37 37 37 35 35 35 36 36 36 38 38 38 37 37 37 36 36 36 39 39 39 40 40 40 36 36 36 32 32 32 39 39 39 36 36 36 41 41 41 38 38 38 41 41 41 42 42 42 43 43 43 41 41 41 44 44 44 45 45 45 42 42 42 46 46 46 43 43 43 43 43 43 38 38 38 41 41 41 47 47 47 48 48 48 49 49 49 48 48 48 50 50 50 49 49 49 48 48 48 51 51 51 50 50 50 52 52 52 53 53 53 54 54 54 52 52 52 54 54 54 55 55 55 53 53 53 47 47 47 56 56 56 53 53 53 56 56 56 54 54 54 57 57 57 52 52 52 55 55 55 57 57 57 58 58 58 59 59 59 57 57 57 55 55 55 58 58 58 60 60 60 61 61 61 62 62 62 60 60 60 63 63 63 64 64 64 63 63 63 65 65 65 64 64 64 66 66 66 67 67 67 68 68 68 66 66 66 59 59 59 67 67 67 59 59 59 58 58 58 67 67 67 69 69 69 70 70 70 71 71 71 69 69 69 66 66 66 68 68 68 72 72 72 73 73 73 74 74 74 72 72 72 62 62 62 73 73 73 62 62 62 61 61 61 73 73 73 75 75 75 74 74 74 76 76 76 75 75 75 72 72 72 74 74 74 77 77 77 78 78 78 79 79 79 78 78 78 80 80 80 81 81 81 82 82 82 79 79 79 83 83 83 82 82 82 77 77 77 79 79 79 84 84 84 75 75 75 76 76 76 84 84 84 76 76 76 85 85 85 83 83 83 86 86 86 51 51 51 83 83 83 79 79 79 86 86 86 87 87 87 85 85 85 88 88 88 87 87 87 84 84 84 85 85 85 89 89 89 90 90 90 91 91 91 89 89 89 88 88 88 90 90 90 89 89 89 87 87 87 88 88 88 92 92 92 93 93 93 94 94 94 94 94 94 95 95 95 92 92 92 51 51 51 86 86 86 50 50 50 96 96 96 97 97 97 98 98 98 96 96 96 98 98 98 99 99 99 96 96 96 100 100 100 101 101 101 96 96 96 102 102 102 100 100 100 100 100 100 103 103 103 101 101 101 100 100 100 104 104 104 103 103 103 100 100 100 27 27 27 104 104 104 100 100 100 25 25 25 27 27 27 100 100 100 105 105 105 25 25 25 101 101 101 46 46 46 42 42 42 101 101 101 42 42 42 106 106 106 101 101 101 103 103 103 107 107 107 108 108 108 109 109 109 110 110 110 108 108 108 111 111 111 109 109 109 108 108 108 112 112 112 113 113 113 108 108 108 114 114 114 112 112 112 113 113 113 115 115 115 116 116 116 102 102 102 117 117 117 105 105 105 102 102 102 99 99 99 118 118 118 119 119 119 120 120 120 111 111 111 119 119 119 113 113 113 116 116 116 116 116 116 21 21 21 6 6 6 116 116 116 121 121 121 119 119 119 6 6 6 5 5 5 122 122 122 6 6 6 122 122 122 121 121 121 6 6 6 21 21 21 0 0 0 121 121 121 116 116 116 6 6 6 121 121 121 123 123 123 124 124 124 121 121 121 125 125 125 119 119 119 124 124 124 125 125 125 121 121 121 125 125 125 126 126 126 120 120 120 125 125 125 127 127 127 126 126 126 127 127 127 128 128 128 129 129 129 127 127 127 124 124 124 123 123 123 127 127 127 125 125 125 124 124 124 127 127 127 129 129 129 126 126 126 129 129 129 117 117 117 126 126 126 129 129 129 128 128 128 130 130 130 128 128 128 123 123 123 131 131 131 130 130 130 105 105 105 117 117 117 130 130 130 132 132 132 133 133 133 130 130 130 134 134 134 105 105 105 105 105 105 134 134 134 25 25 25 105 105 105 100 100 100 102 102 102 135 135 135 123 123 123 136 136 136 123 123 123 128 128 128 127 127 127 136 136 136 137 137 137 135 135 135 136 136 136 123 123 123 121 121 121 136 136 136 121 121 121 122 122 122 138 138 138 131 131 131 135 135 135 138 138 138 135 135 135 137 137 137 131 131 131 138 138 138 139 139 139 131 131 131 139 139 139 132 132 132 131 131 131 132 132 132 128 128 128 131 131 131 123 123 123 135 135 135 132 132 132 130 130 130 128 128 128 132 132 132 139 139 139 140 140 140 132 132 132 140 140 140 133 133 133 139 139 139 141 141 141 140 140 140 139 139 139 138 138 138 142 142 142 140 140 140 143 143 143 133 133 133 133 133 133 29 29 29 134 134 134 133 133 133 134 134 134 130 130 130 144 144 144 142 142 142 145 145 145 142 142 142 141 141 141 139 139 139 145 145 145 146 146 146 147 147 147 145 145 145 147 147 147 144 144 144 145 145 145 142 142 142 137 137 137 148 148 148 149 149 149 150 150 150 148 148 148 151 151 151 144 144 144 148 148 148 152 152 152 153 153 153 148 148 148 153 153 153 151 151 151 151 151 151 153 153 153 154 154 154 151 151 151 142 142 142 144 144 144 151 151 151 154 154 154 141 141 141 146 146 146 145 145 145 8 8 8 146 146 146 8 8 8 10 10 10 8 8 8 137 137 137 9 9 9 155 155 155 29 29 29 143 143 143 155 155 155 156 156 156 28 28 28 155 155 155 28 28 28 29 29 29 155 155 155 157 157 157 156 156 156 156 156 156 158 158 158 159 159 159 156 156 156 159 159 159 28 28 28 15 15 15 146 146 146 10 10 10 15 15 15 160 160 160 149 149 149 15 15 15 14 14 14 161 161 161 15 15 15 147 147 147 146 146 146 153 153 153 152 152 152 162 162 162 152 152 152 163 163 163 162 162 162 152 152 152 150 150 150 164 164 164 162 162 162 157 157 157 153 153 153 157 157 157 165 165 165 156 156 156 157 157 157 155 155 155 143 143 143 157 157 157 162 162 162 165 165 165 157 157 157 143 143 143 154 154 154 165 165 165 166 166 166 158 158 158 165 165 165 167 167 167 166 166 166 165 165 165 158 158 158 156 156 156 168 168 168 169 169 169 114 114 114 169 169 169 168 168 168 170 170 170 169 169 169 171 171 171 114 114 114 114 114 114 115 115 115 112 112 112 114 114 114 110 110 110 168 168 168 110 110 110 98 98 98 168 168 168 110 110 110 114 114 114 108 108 108 158 158 158 34 34 34 159 159 159 158 158 158 172 172 172 34 34 34 159 159 159 173 173 173 174 174 174 159 159 159 31 31 31 28 28 28 166 166 166 175 175 175 172 172 172 176 176 176 177 177 177 178 178 178 176 176 176 178 178 178 179 179 179 176 176 176 161 161 161 14 14 14 161 161 161 179 179 179 160 160 160 14 14 14 12 12 12 180 180 180 14 14 14 180 180 180 181 181 181 14 14 14 181 181 181 182 182 182 34 34 34 33 33 33 173 173 173 172 172 172 183 183 183 32 32 32 172 172 172 158 158 158 166 166 166 172 172 172 32 32 32 34 34 34 177 177 177 14 14 14 182 182 182 177 177 177 176 176 176 14 14 14 177 177 177 184 184 184 185 185 185 186 186 186 185 185 185 187 187 187 186 186 186 188 188 188 189 189 189 188 188 188 190 190 190 191 191 191 188 188 188 192 192 192 190 190 190 189 189 189 178 178 178 186 186 186 189 189 189 179 179 179 178 178 178 182 182 182 193 193 193 184 184 184 182 182 182 181 181 181 17 17 17 182 182 182 17 17 17 16 16 16 184 184 184 194 194 194 185 185 185 184 184 184 177 177 177 182 182 182 195 195 195 187 187 187 185 185 185 187 187 187 196 196 196 192 192 192 185 185 185 186 186 186 178 178 178 185 185 185 194 194 194 195 195 195 185 185 185 178 178 178 177 177 177 197 197 197 198 198 198 195 195 195 197 197 197 195 195 195 194 194 194 198 198 198 199 199 199 200 200 200 198 198 198 200 200 200 196 196 196 198 198 198 187 187 187 195 195 195 20 20 20 193 193 193 16 16 16 20 20 20 19 19 19 201 201 201 193 193 193 182 182 182 16 16 16 202 202 202 203 203 203 204 204 204 202 202 202 205 205 205 206 206 206 203 203 203 207 207 207 199 199 199 203 203 203 202 202 202 208 208 208 204 204 204 194 194 194 193 193 193 204 204 204 193 193 193 20 20 20 204 204 204 205 205 205 202 202 202 204 204 204 203 203 203 194 194 194 207 207 207 209 209 209 199 199 199 207 207 207 210 210 210 211 211 211 207 207 207 203 203 203 208 208 208 211 211 211 45 45 45 44 44 44 211 211 211 212 212 212 45 45 45 208 208 208 202 202 202 206 206 206 208 208 208 213 213 213 210 210 210 208 208 208 210 210 210 207 207 207 214 214 214 206 206 206 205 205 205 214 214 214 215 215 215 213 213 213 214 214 214 216 216 216 217 217 217 205 205 205 204 204 204 20 20 20 205 205 205 20 20 20 201 201 201 212 212 212 210 210 210 213 213 213 212 212 212 211 211 211 210 210 210 212 212 212 218 218 218 45 45 45 212 212 212 219 219 219 218 218 218 218 218 218 220 220 220 42 42 42 218 218 218 42 42 42 41 41 41 218 218 218 41 41 41 45 45 45 221 221 221 201 201 201 19 19 19 221 221 221 19 19 19 222 222 222 221 221 221 223 223 223 224 224 224 201 201 201 216 216 216 205 205 205 19 19 19 18 18 18 225 225 225 219 219 219 212 212 212 215 215 215 219 219 219 226 226 226 227 227 227 219 219 219 227 227 227 220 220 220 228 228 228 217 217 217 216 216 216 217 217 217 229 229 229 215 215 215 217 217 217 228 228 228 230 230 230 216 216 216 214 214 214 205 205 205 216 216 216 224 224 224 228 228 228 216 216 216 201 201 201 221 221 221 222 222 222 231 231 231 23 23 23 222 222 222 225 225 225 231 231 231 229 229 229 217 217 217 230 230 230 229 229 229 230 230 230 232 232 232 229 229 229 232 232 232 226 226 226 232 232 232 233 233 233 226 226 226 226 226 226 219 219 219 229 229 229 226 226 226 233 233 233 227 227 227 220 220 220 218 218 218 219 219 219 234 234 234 230 230 230 228 228 228 230 230 230 233 233 233 232 232 232 224 224 224 235 235 235 234 234 234 224 224 224 234 234 234 228 228 228 224 224 224 216 216 216 221 221 221 233 233 233 230 230 230 234 234 234 233 233 233 234 234 234 235 235 235 227 227 227 236 236 236 106 106 106 227 227 227 237 237 237 236 236 236 223 223 223 221 221 221 222 222 222 223 223 223 222 222 222 1 1 1 223 223 223 238 238 238 224 224 224 237 237 237 227 227 227 233 233 233 237 237 237 235 235 235 239 239 239 237 237 237 170 170 170 236 236 236 170 170 170 98 98 98 236 236 236 170 170 170 239 239 239 169 169 169 236 236 236 97 97 97 106 106 106 22 22 22 238 238 238 223 223 223 22 22 22 21 21 21 115 115 115 22 22 22 223 223 223 1 1 1 97 97 97 96 96 96 101 101 101 13 13 13 5 5 5 7 7 7 225 225 225 222 222 222 19 19 19 23 23 23 1 1 1 222 222 222 111 111 111 113 113 113 119 119 119 111 111 111 108 108 108 113 113 113 109 109 109 99 99 99 110 110 110 239 239 239 170 170 170 237 237 237 235 235 235 238 238 238 239 239 239 235 235 235 237 237 237 233 233 233 215 215 215 212 212 212 213 213 213 215 215 215 229 229 229 219 219 219 215 215 215 214 214 214 217 217 217 213 213 213 206 206 206 214 214 214 213 213 213 208 208 208 206 206 206 199 199 199 197 197 197 203 203 203 199 199 199 240 240 240 200 200 200 199 199 199 198 198 198 197 197 197 200 200 200 240 240 240 196 196 196 196 196 196 187 187 187 198 198 198 192 192 192 186 186 186 187 187 187 192 192 192 188 188 188 186 186 186 192 192 192 240 240 240 241 241 241 190 190 190 175 175 175 191 191 191 190 190 190 192 192 192 241 241 241 191 191 191 242 242 242 188 188 188 242 242 242 191 191 191 243 243 243 242 242 242 189 189 189 188 188 188 243 243 243 244 244 244 242 242 242 243 243 243 166 166 166 167 167 167 244 244 244 243 243 243 167 167 167 244 244 244 179 179 179 242 242 242 167 167 167 245 245 245 244 244 244 167 167 167 165 165 165 163 163 163 245 245 245 167 167 167 163 163 163 245 245 245 149 149 149 160 160 160 163 163 163 164 164 164 245 245 245 163 163 163 165 165 165 162 162 162 164 164 164 163 163 163 152 152 152 150 150 150 152 152 152 148 148 148 150 150 150 149 149 149 164 164 164 154 154 154 153 153 153 157 157 157 154 154 154 143 143 143 141 141 141 141 141 141 142 142 142 151 151 151 120 120 120 126 126 126 117 117 117 120 120 120 119 119 119 125 125 125 120 120 120 118 118 118 111 111 111 31 31 31 159 159 159 174 174 174 173 173 173 159 159 159 34 34 34 46 46 46 101 101 101 107 107 107 246 246 246 247 247 247 248 248 248 246 246 246 248 248 248 249 249 249 246 246 246 249 249 249 250 250 250 247 247 247 251 251 251 252 252 252 247 247 247 253 253 253 251 251 251 247 247 247 246 246 246 253 253 253 248 248 248 247 247 247 254 254 254 248 248 248 255 255 255 256 256 256 255 255 255 248 248 248 254 254 254 249 249 249 248 248 248 257 257 257 257 257 257 248 248 248 258 258 258 253 253 253 246 246 246 259 259 259 260 260 260 261 261 261 95 95 95 261 261 261 262 262 262 95 95 95 261 261 261 263 263 263 264 264 264 95 95 95 94 94 94 260 260 260 265 265 265 266 266 266 267 267 267 265 265 265 267 267 267 268 268 268 265 265 265 269 269 269 266 266 266 266 266 266 269 269 269 270 270 270 267 267 267 266 266 266 271 271 271 269 269 269 272 272 272 273 273 273 269 269 269 265 265 265 272 272 272 270 270 270 269 269 269 274 274 274 270 270 270 274 274 274 275 275 275 272 272 272 265 265 265 276 276 276 271 271 271 266 266 266 277 277 277 276 276 276 265 265 265 278 278 278 56 56 56 47 47 47 49 49 49 264 264 264 262 262 262 261 261 261 263 263 263 65 65 65 279 279 279 279 279 279 264 264 264 263 263 263 279 279 279 65 65 65 63 63 63 70 70 70 69 69 69 68 68 68 70 70 70 280 280 280 281 281 281 70 70 70 281 281 281 71 71 71 280 280 280 81 81 81 80 80 80 61 61 61 60 60 60 64 64 64 80 80 80 281 281 281 280 280 280 80 80 80 78 78 78 77 77 77 282 282 282 90 90 90 93 93 93 282 282 282 93 93 93 92 92 92 90 90 90 282 282 282 91 91 91 115 115 115 114 114 114 171 171 171 115 115 115 171 171 171 22 22 22 115 115 115 113 113 113 112 112 112 115 115 115 21 21 21 116 116 116 99 99 99 102 102 102 96 96 96 118 118 118 99 99 99 109 109 109 118 118 118 109 109 109 111 111 111 117 117 117 102 102 102 118 118 118 117 117 117 118 118 118 120 120 120 117 117 117 129 129 129 130 130 130 122 122 122 5 5 5 9 9 9 122 122 122 9 9 9 136 136 136 137 137 137 8 8 8 145 145 145 137 137 137 142 142 142 138 138 138 9 9 9 137 137 137 136 136 136 29 29 29 133 133 133 143 143 143 29 29 29 25 25 25 134 134 134 143 143 143 140 140 140 141 141 141 147 147 147 148 148 148 144 144 144 147 147 147 15 15 15 149 149 149 149 149 149 245 245 245 164 164 164 149 149 149 148 148 148 147 147 147 160 160 160 15 15 15 161 161 161 160 160 160 244 244 244 245 245 245 179 179 179 244 244 244 160 160 160 179 179 179 161 161 161 176 176 176 179 179 179 189 189 189 242 242 242 175 175 175 166 166 166 243 243 243 175 175 175 241 241 241 183 183 183 175 175 175 183 183 183 172 172 172 175 175 175 243 243 243 191 191 191 241 241 241 39 39 39 183 183 183 241 241 241 175 175 175 190 190 190 240 240 240 199 199 199 209 209 209 240 240 240 192 192 192 196 196 196 39 39 39 241 241 241 240 240 240 39 39 39 209 209 209 40 40 40 39 39 39 32 32 32 183 183 183 194 194 194 184 184 184 193 193 193 194 194 194 203 203 203 197 197 197 209 209 209 207 207 207 211 211 211 209 209 209 44 44 44 40 40 40 209 209 209 39 39 39 240 240 240 44 44 44 36 36 36 40 40 40 44 44 44 41 41 41 36 36 36 44 44 44 209 209 209 211 211 211 238 238 238 169 169 169 239 239 239 238 238 238 22 22 22 171 171 171 238 238 238 171 171 171 169 169 169 238 238 238 235 235 235 224 224 224 106 106 106 220 220 220 227 227 227 106 106 106 42 42 42 220 220 220 106 106 106 97 97 97 101 101 101 98 98 98 170 170 170 168 168 168 98 98 98 110 110 110 99 99 99 98 98 98 97 97 97 236 236 236 283 283 283 284 284 284 285 285 285 283 283 283 286 286 286 287 287 287 283 283 283 288 288 288 286 286 286 283 283 283 285 285 285 288 288 288 289 289 289 290 290 290 291 291 291 289 289 289 291 291 291 284 284 284 289 289 289 284 284 284 283 283 283 289 289 289 283 283 283 292 292 292 289 289 289 292 292 292 293 293 293 294 294 294 295 295 295 296 296 296 294 294 294 289 289 289 297 297 297 294 294 294 296 296 296 290 290 290 294 294 294 298 298 298 295 295 295 299 299 299 300 300 300 301 301 301 299 299 299 302 302 302 300 300 300 286 286 286 288 288 288 303 303 303 286 286 286 304 304 304 305 305 305 306 306 306 307 307 307 308 308 308 306 306 306 309 309 309 310 310 310 306 306 306 311 311 311 307 307 307 306 306 306 308 308 308 312 312 312 312 312 312 313 313 313 314 314 314 312 312 312 308 308 308 313 313 313 315 315 315 316 316 316 317 317 317 315 315 315 317 317 317 318 318 318 315 315 315 319 319 319 320 320 320 315 315 315 318 318 318 319 319 319 320 320 320 319 319 319 321 321 321 320 320 320 322 322 322 315 315 315 320 320 320 323 323 323 324 324 324 323 323 323 325 325 325 326 326 326 323 323 323 321 321 321 325 325 325 326 326 326 325 325 325 327 327 327 326 326 326 328 328 328 329 329 329 330 330 330 331 331 331 332 332 332 330 330 330 333 333 333 331 331 331 332 332 332 331 331 331 334 334 334 332 332 332 334 334 334 335 335 335 336 336 336 337 337 337 338 338 338 336 336 336 339 339 339 337 337 337 338 338 338 337 337 337 333 333 333 340 340 340 339 339 339 336 336 336 341 341 341 342 342 342 343 343 343 341 341 341 343 343 343 344 344 344 344 344 344 343 343 343 345 345 345 346 346 346 347 347 347 348 348 348 346 346 346 348 348 348 349 349 349 349 349 349 348 348 348 350 350 350 349 349 349 350 350 350 340 340 340 351 351 351 352 352 352 347 347 347 351 351 351 347 347 347 346 346 346 353 353 353 354 354 354 355 355 355 353 353 353 355 355 355 356 356 356 356 356 356 355 355 355 342 342 342 357 357 357 354 354 354 353 353 353 357 357 357 358 358 358 354 354 354 359 359 359 360 360 360 361 361 361 361 361 361 362 362 362 359 359 359 363 363 363 364 364 364 360 360 360 363 363 363 360 360 360 359 359 359 365 365 365 366 366 366 358 358 358 365 365 365 358 358 358 357 357 357 364 364 364 335 335 335 367 367 367 364 364 364 367 367 367 360 360 360 368 368 368 369 369 369 366 366 366 368 368 368 366 366 366 365 365 365 370 370 370 369 369 369 368 368 368 371 371 371 372 372 372 373 373 373 371 371 371 373 373 373 374 374 374 373 373 373 372 372 372 375 375 375 335 335 335 334 334 334 367 367 367 376 376 376 328 328 328 311 311 311 376 376 376 377 377 377 378 378 378 376 376 376 311 311 311 379 379 379 328 328 328 380 380 380 381 381 381 328 328 328 327 327 327 380 380 380 311 311 311 382 382 382 379 379 379 311 311 311 381 381 381 383 383 383 311 311 311 328 328 328 381 381 381 384 384 384 385 385 385 386 386 386 384 384 384 386 386 386 387 387 387 384 384 384 388 388 388 385 385 385 385 385 385 389 389 389 386 386 386 379 379 379 390 390 390 391 391 391 379 379 379 392 392 392 376 376 376 393 393 393 394 394 394 385 385 385 393 393 393 395 395 395 396 396 396 394 394 394 292 292 292 287 287 287 292 292 292 283 283 283 287 287 287 287 287 287 286 286 286 397 397 397 287 287 287 397 397 397 389 389 389 396 396 396 394 394 394 393 393 393 396 396 396 398 398 398 293 293 293 396 396 396 399 399 399 398 398 398 396 396 396 292 292 292 394 394 394 400 400 400 396 396 396 395 395 395 395 395 395 401 401 401 400 400 400 401 401 401 399 399 399 400 400 400 401 401 401 402 402 402 403 403 403 401 401 401 395 395 395 404 404 404 401 401 401 404 404 404 402 402 402 404 404 404 395 395 395 405 405 405 402 402 402 406 406 406 403 403 403 406 406 406 407 407 407 403 403 403 406 406 406 382 382 382 310 310 310 406 406 406 390 390 390 382 382 382 406 406 406 402 402 402 390 390 390 403 403 403 399 399 399 401 401 401 403 403 403 408 408 408 399 399 399 382 382 382 311 311 311 306 306 306 382 382 382 306 306 306 310 310 310 409 409 409 410 410 410 411 411 411 409 409 409 398 398 398 399 399 399 398 398 398 411 411 411 412 412 412 399 399 399 396 396 396 400 400 400 410 410 410 409 409 409 408 408 408 408 408 408 409 409 409 399 399 399 407 407 407 406 406 406 413 413 413 407 407 407 414 414 414 408 408 408 407 407 407 408 408 408 403 403 403 407 407 407 413 413 413 415 415 415 407 407 407 415 415 415 414 414 414 415 415 415 416 416 416 417 417 417 414 414 414 410 410 410 408 408 408 414 414 414 415 415 415 417 417 417 414 414 414 418 418 418 410 410 410 413 413 413 310 310 310 309 309 309 413 413 413 406 406 406 310 310 310 419 419 419 420 420 420 418 418 418 419 419 419 421 421 421 422 422 422 418 418 418 411 411 411 410 410 410 421 421 421 423 423 423 424 424 424 421 421 421 419 419 419 425 425 425 421 421 421 426 426 426 422 422 422 425 425 425 427 427 427 423 423 423 425 425 425 419 419 419 418 418 418 428 428 428 420 420 420 422 422 422 428 428 428 294 294 294 297 297 297 428 428 428 297 297 297 420 420 420 297 297 297 411 411 411 420 420 420 297 297 297 289 289 289 412 412 412 429 429 429 312 312 312 430 430 430 429 429 429 431 431 431 416 416 416 429 429 429 309 309 309 312 312 312 430 430 430 432 432 432 433 433 433 430 430 430 312 312 312 432 432 432 434 434 434 435 435 435 436 436 436 434 434 434 294 294 294 428 428 428 434 434 434 422 422 422 426 426 426 423 423 423 437 437 437 424 424 424 423 423 423 421 421 421 425 425 425 424 424 424 437 437 437 438 438 438 424 424 424 439 439 439 421 421 421 424 424 424 440 440 440 439 439 439 431 431 431 437 437 437 423 423 423 431 431 431 430 430 430 441 441 441 431 431 431 441 441 441 437 437 437 431 431 431 429 429 429 430 430 430 431 431 431 423 423 423 427 427 427 441 441 441 430 430 430 433 433 433 441 441 441 433 433 433 442 442 442 441 441 441 443 443 443 438 438 438 444 444 444 377 377 377 392 392 392 444 444 444 387 387 387 445 445 445 444 444 444 384 384 384 387 387 387 387 387 387 389 389 389 446 446 446 445 445 445 447 447 447 448 448 448 445 445 445 387 387 387 447 447 447 447 447 447 387 387 387 446 446 446 447 447 447 449 449 449 450 450 450 433 433 433 432 432 432 316 316 316 433 433 433 316 316 316 451 451 451 433 433 433 451 451 451 442 442 442 432 432 432 314 314 314 452 452 452 432 432 432 453 453 453 316 316 316 442 442 442 454 454 454 455 455 455 456 456 456 298 298 298 436 436 436 456 456 456 457 457 457 458 458 458 298 298 298 294 294 294 434 434 434 298 298 298 434 434 434 436 436 436 298 298 298 459 459 459 295 295 295 298 298 298 460 460 460 459 459 459 298 298 298 461 461 461 460 460 460 436 436 436 462 462 462 456 456 456 316 316 316 453 453 453 317 317 317 451 451 451 316 316 316 315 315 315 451 451 451 315 315 315 463 463 463 451 451 451 463 463 463 454 454 454 458 458 458 298 298 298 456 456 456 458 458 458 461 461 461 298 298 298 464 464 464 465 465 465 457 457 457 464 464 464 466 466 466 467 467 467 466 466 466 462 462 462 468 468 468 466 466 466 464 464 464 457 457 457 467 467 467 469 469 469 464 464 464 461 461 461 301 301 301 460 460 460 461 461 461 299 299 299 301 301 301 461 461 461 470 470 470 299 299 299 463 463 463 471 471 471 454 454 454 472 472 472 473 473 473 470 470 470 472 472 472 461 461 461 458 458 458 472 472 472 458 458 458 465 465 465 474 474 474 473 473 473 465 465 465 474 474 474 465 465 465 475 475 475 465 465 465 458 458 458 457 457 457 465 465 465 464 464 464 475 475 475 476 476 476 474 474 474 477 477 477 477 477 477 474 474 474 475 475 475 477 477 477 478 478 478 476 476 476 479 479 479 302 302 302 299 299 299 479 479 479 480 480 480 481 481 481 479 479 479 299 299 299 470 470 470 479 479 479 470 470 470 482 482 482 470 470 470 461 461 461 472 472 472 483 483 483 482 482 482 484 484 484 482 482 482 480 480 480 479 479 479 484 484 484 485 485 485 483 483 483 484 484 484 473 473 473 476 476 476 486 486 486 485 485 485 484 484 484 486 486 486 484 484 484 478 478 478 486 486 486 487 487 487 488 488 488 487 487 487 489 489 489 488 488 488 487 487 487 486 486 486 490 490 490 488 488 488 485 485 485 486 486 486 488 488 488 489 489 489 491 491 491 485 485 485 491 491 491 492 492 492 485 485 485 492 492 492 483 483 483 493 493 493 494 494 494 480 480 480 493 493 493 480 480 480 492 492 492 480 480 480 494 494 494 481 481 481 480 480 480 483 483 483 492 492 492 480 480 480 482 482 482 483 483 483 489 489 489 495 495 495 496 496 496 489 489 489 496 496 496 497 497 497 489 489 489 498 498 498 495 495 495 489 489 489 487 487 487 498 498 498 498 498 498 487 487 487 324 324 324 495 495 495 323 323 323 326 326 326 495 495 495 498 498 498 323 323 323 495 495 495 499 499 499 496 496 496 495 495 495 326 326 326 499 499 499 500 500 500 305 305 305 302 302 302 500 500 500 302 302 302 481 481 481 302 302 302 501 501 501 300 300 300 302 302 302 479 479 479 481 481 481 481 481 481 494 494 494 500 500 500 496 496 496 502 502 502 497 497 497 496 496 496 503 503 503 504 504 504 496 496 496 504 504 504 502 502 502 505 505 505 506 506 506 507 507 507 505 505 505 494 494 494 508 508 508 494 494 494 493 493 493 508 508 508 508 508 508 509 509 509 505 505 505 305 305 305 304 304 304 510 510 510 305 305 305 501 501 501 302 302 302 502 502 502 504 504 504 511 511 511 502 502 502 509 509 509 508 508 508 502 502 502 508 508 508 497 497 497 504 504 504 503 503 503 512 512 512 511 511 511 504 504 504 512 512 512 511 511 511 509 509 509 502 502 502 499 499 499 329 329 329 503 503 503 506 506 506 505 505 505 509 509 509 506 506 506 513 513 513 507 507 507 509 509 509 512 512 512 506 506 506 507 507 507 449 449 449 514 514 514 507 507 507 494 494 494 505 505 505 507 507 507 513 513 513 449 449 449 507 507 507 500 500 500 494 494 494 503 503 503 496 496 496 499 499 499 503 503 503 515 515 515 512 512 512 512 512 512 513 513 513 506 506 506 512 512 512 509 509 509 511 511 511 514 514 514 500 500 500 507 507 507 514 514 514 305 305 305 500 500 500 514 514 514 286 286 286 305 305 305 515 515 515 450 450 450 513 513 513 515 515 515 513 513 513 512 512 512 515 515 515 503 503 503 516 516 516 515 515 515 516 516 516 448 448 448 516 516 516 329 329 329 378 378 378 448 448 448 377 377 377 445 445 445 448 448 448 447 447 447 450 450 450 448 448 448 450 450 450 515 515 515 397 397 397 286 286 286 514 514 514 397 397 397 449 449 449 446 446 446 378 378 378 328 328 328 376 376 376 290 290 290 289 289 289 294 294 294 501 501 501 305 305 305 510 510 510 304 304 304 286 286 286 303 303 303 388 388 388 517 517 517 391 391 391 388 388 388 393 393 393 385 385 385 388 388 388 384 384 384 517 517 517 517 517 517 444 444 444 392 392 392 517 517 517 384 384 384 444 444 444 513 513 513 450 450 450 449 449 449 497 497 497 491 491 491 489 489 489 497 497 497 493 493 493 491 491 491 497 497 497 508 508 508 493 493 493 491 491 491 485 485 485 488 488 488 491 491 491 493 493 493 492 492 492 478 478 478 484 484 484 476 476 476 478 478 478 477 477 477 518 518 518 478 478 478 519 519 519 490 490 490 518 518 518 520 520 520 519 519 519 518 518 518 477 477 477 520 520 520 520 520 520 475 475 475 469 469 469 520 520 520 477 477 477 475 475 475 469 469 469 519 519 519 520 520 520 469 469 469 467 467 467 521 521 521 469 469 469 475 475 475 464 464 464 521 521 521 467 467 467 522 522 522 521 521 521 522 522 522 454 454 454 522 522 522 467 467 467 468 468 468 522 522 522 468 468 468 455 455 455 468 468 468 467 467 467 466 466 466 455 455 455 443 443 443 442 442 442 455 455 455 523 523 523 443 443 443 455 455 455 454 454 454 522 522 522 455 455 455 468 468 468 523 523 523 523 523 523 468 468 468 462 462 462 523 523 523 435 435 435 524 524 524 443 443 443 523 523 523 524 524 524 443 443 443 524 524 524 438 438 438 443 443 443 441 441 441 442 442 442 524 524 524 426 426 426 440 440 440 438 438 438 440 440 440 424 424 424 438 438 438 524 524 524 440 440 440 438 438 438 437 437 437 441 441 441 439 439 439 440 440 440 426 426 426 427 427 427 425 425 425 417 417 417 427 427 427 417 417 417 416 416 416 417 417 417 418 418 418 414 414 414 417 417 417 425 425 425 418 418 418 405 405 405 388 388 388 391 391 391 405 405 405 393 393 393 388 388 388 405 405 405 395 395 395 393 393 393 307 307 307 311 311 311 383 383 383 314 314 314 432 432 432 312 312 312 453 453 453 432 432 432 452 452 452 321 321 321 323 323 323 320 320 320 327 327 327 328 328 328 326 326 326 525 525 525 526 526 526 527 527 527 525 525 525 527 527 527 528 528 528 525 525 525 529 529 529 526 526 526 526 526 526 529 529 529 530 530 530 527 527 527 526 526 526 531 531 531 529 529 529 532 532 532 533 533 533 529 529 529 533 533 533 534 534 534 529 529 529 535 535 535 530 530 530 532 532 532 525 525 525 536 536 536 532 532 532 529 529 529 525 525 525 531 531 531 526 526 526 537 537 537 535 535 535 529 529 529 538 538 538 372 372 372 539 539 539 375 375 375 372 372 372 540 540 540 539 539 539 541 541 541 542 542 542 543 543 543 541 541 541 543 543 543 544 544 544 541 541 541 545 545 545 546 546 546 542 542 542 547 547 547 548 548 548 542 542 542 549 549 549 547 547 547 542 542 542 541 541 541 549 549 549 543 543 543 542 542 542 550 550 550 543 543 543 550 550 550 551 551 551 544 544 544 543 543 543 552 552 552 551 551 551 550 550 550 553 553 553 545 545 545 541 541 541 544 544 544 549 549 549 541 541 541 554 554 554 333 333 333 330 330 330 338 338 338 555 555 555 539 539 539 556 556 556 555 555 555 556 556 556 557 557 557 556 556 556 539 539 539 540 540 540 345 345 345 555 555 555 557 557 557 557 557 557 344 344 344 345 345 345 350 350 350 339 339 339 340 340 340 352 352 352 351 351 351 558 558 558 352 352 352 559 559 559 560 560 560 559 559 559 352 352 352 558 558 558 342 342 342 341 341 341 356 356 356 362 362 362 560 560 560 559 559 559 362 362 362 361 361 361 561 561 561 561 561 561 560 560 560 362 362 362 562 562 562 563 563 563 374 374 374 562 562 562 369 369 369 370 370 370 563 563 563 562 562 562 564 564 564 563 563 563 371 371 371 374 374 374 564 564 564 562 562 562 370 370 370 389 389 389 387 387 387 386 386 386 389 389 389 385 385 385 394 394 394 389 389 389 394 394 394 287 287 287 446 446 446 389 389 389 397 397 397 392 392 392 391 391 391 517 517 517 391 391 391 392 392 392 379 379 379 391 391 391 390 390 390 405 405 405 390 390 390 404 404 404 405 405 405 390 390 390 402 402 402 404 404 404 390 390 390 379 379 379 382 382 382 293 293 293 292 292 292 396 396 396 293 293 293 412 412 412 289 289 289 411 411 411 398 398 398 409 409 409 411 411 411 418 418 418 420 420 420 411 411 411 297 297 297 412 412 412 412 412 412 293 293 293 398 398 398 309 309 309 306 306 306 312 312 312 309 309 309 429 429 429 416 416 416 416 416 416 415 415 415 413 413 413 416 416 416 413 413 413 309 309 309 416 416 416 431 431 431 427 427 427 422 422 422 420 420 420 419 419 419 422 422 422 434 434 434 428 428 428 426 426 426 421 421 421 439 439 439 426 426 426 524 524 524 435 435 435 435 435 435 523 523 523 462 462 462 435 435 435 434 434 434 426 426 426 462 462 462 466 466 466 457 457 457 462 462 462 436 436 436 435 435 435 454 454 454 471 471 471 521 521 521 454 454 454 442 442 442 451 451 451 457 457 457 456 456 456 462 462 462 471 471 471 469 469 469 521 521 521 471 471 471 322 322 322 519 519 519 519 519 519 469 469 469 471 471 471 519 519 519 478 478 478 518 518 518 322 322 322 471 471 471 463 463 463 322 322 322 320 320 320 565 565 565 322 322 322 490 490 490 519 519 519 322 322 322 463 463 463 315 315 315 473 473 473 474 474 474 476 476 476 473 473 473 472 472 472 465 465 465 473 473 473 484 484 484 482 482 482 473 473 473 482 482 482 470 470 470 490 490 490 322 322 322 565 565 565 490 490 490 324 324 324 487 487 487 490 490 490 486 486 486 478 478 478 324 324 324 565 565 565 320 320 320 324 324 324 490 490 490 565 565 565 324 324 324 323 323 323 498 498 498 449 449 449 397 397 397 514 514 514 449 449 449 447 447 447 446 446 446 329 329 329 499 499 499 326 326 326 329 329 329 328 328 328 378 378 378 329 329 329 516 516 516 503 503 503 377 377 377 448 448 448 516 516 516 377 377 377 444 444 444 445 445 445 377 377 377 516 516 516 378 378 378 377 377 377 376 376 376 392 392 392 566 566 566 567 567 567 568 568 568 566 566 566 569 569 569 567 567 567 569 569 569 570 570 570 571 571 571 567 567 567 572 572 572 573 573 573 568 568 568 567 567 567 574 574 574 568 568 568 574 574 574 575 575 575 568 568 568 576 576 576 566 566 566 577 577 577 578 578 578 579 579 579 578 578 578 580 580 580 581 581 581 578 578 578 582 582 582 583 583 583 579 579 579 578 578 578 581 581 581 579 579 579 581 581 581 584 584 584 582 582 582 578 578 578 585 585 585 583 583 583 586 586 586 578 578 578 583 583 583 582 582 582 587 587 587 588 588 588 589 589 589 590 590 590 588 588 588 591 591 591 592 592 592 588 588 588 592 592 592 593 593 593 592 592 592 591 591 591 594 594 594 593 593 593 595 595 595 596 596 596 591 591 591 588 588 588 590 590 590 589 589 589 588 588 588 597 597 597 587 587 587 582 582 582 597 597 597 587 587 587 598 598 598 583 583 583 597 597 597 582 582 582 589 589 589 597 597 597 599 599 599 587 587 587 597 597 597 588 588 588 600 600 600 585 585 585 578 578 578 577 577 577 601 601 601 592 592 592 594 594 594 602 602 602 603 603 603 604 604 604 602 602 602 604 604 604 605 605 605 602 602 602 605 605 605 606 606 606 602 602 602 607 607 607 608 608 608 602 602 602 609 609 609 603 603 603 607 607 607 602 602 602 610 610 610 608 608 608 611 611 611 612 612 612 608 608 608 612 612 612 613 613 613 610 610 610 614 614 614 615 615 615 610 610 610 606 606 606 614 614 614 616 616 616 617 617 617 618 618 618 616 616 616 619 619 619 617 617 617 616 616 616 620 620 620 621 621 621 616 616 616 608 608 608 622 622 622 620 620 620 616 616 616 618 618 618 621 621 621 620 620 620 623 623 623 624 624 624 608 608 608 613 613 613 611 611 611 608 608 608 607 607 607 611 611 611 607 607 607 625 625 625 622 622 622 608 608 608 624 624 624 622 622 622 619 619 619 616 616 616 626 626 626 621 621 621 623 623 623 627 627 627 628 628 628 629 629 629 628 628 628 627 627 627 630 630 630 629 629 629 631 631 631 632 632 632 633 633 633 634 634 634 635 635 635 634 634 634 636 636 636 637 637 637 634 634 634 633 633 633 636 636 636 636 636 636 638 638 638 637 637 637 639 639 639 640 640 640 641 641 641 640 640 640 642 642 642 643 643 643 640 640 640 639 639 639 644 644 644 641 641 641 645 645 645 596 596 596 641 641 641 646 646 646 647 647 647 641 641 641 596 596 596 648 648 648 644 644 644 649 649 649 642 642 642 644 644 644 650 650 650 651 651 651 652 652 652 653 653 653 654 654 654 652 652 652 655 655 655 656 656 656 652 652 652 654 654 654 655 655 655 655 655 655 657 657 657 658 658 658 656 656 656 659 659 659 660 660 660 656 656 656 655 655 655 659 659 659 656 656 656 661 661 661 652 652 652 662 662 662 663 663 663 664 664 664 663 663 663 662 662 662 665 665 665 631 631 631 629 629 629 628 628 628 632 632 632 631 631 631 666 666 666 667 667 667 668 668 668 669 669 669 668 668 668 670 670 670 671 671 671 671 671 671 669 669 669 668 668 668 672 672 672 673 673 673 674 674 674 672 672 672 675 675 675 676 676 676 672 672 672 677 677 677 678 678 678 677 677 677 676 676 676 679 679 679 678 678 678 673 673 673 672 672 672 678 678 678 680 680 680 681 681 681 678 678 678 682 682 682 680 680 680 678 678 678 677 677 677 682 682 682 683 683 683 679 679 679 684 684 684 683 683 683 685 685 685 686 686 686 679 679 679 683 683 683 687 687 687 679 679 679 687 687 687 677 677 677 684 684 684 685 685 685 683 683 683 684 684 684 679 679 679 688 688 688 687 687 687 682 682 682 677 677 677 687 687 687 689 689 689 690 690 690 687 687 687 683 683 683 689 689 689 689 689 689 691 691 691 690 690 690 690 690 690 692 692 692 687 687 687 676 676 676 677 677 677 672 672 672 693 693 693 694 694 694 695 695 695 693 693 693 696 696 696 694 694 694 697 697 697 698 698 698 699 699 699 697 697 697 699 699 699 700 700 700 699 699 699 701 701 701 702 702 702 700 700 700 703 703 703 697 697 697 704 704 704 705 705 705 706 706 706 706 706 706 705 705 705 707 707 707 708 708 708 705 705 705 704 704 704 708 708 708 709 709 709 710 710 710 595 595 595 711 711 711 596 596 596 595 595 595 593 593 593 592 592 592 596 596 596 712 712 712 643 643 643 596 596 596 642 642 642 648 648 648 596 596 596 713 713 713 593 593 593 596 596 596 643 643 643 642 642 642 596 596 596 711 711 711 714 714 714 596 596 596 714 714 714 715 715 715 716 716 716 717 717 717 718 718 718 717 717 717 716 716 716 719 719 719 718 718 718 720 720 720 716 716 716 648 648 648 642 642 642 649 649 649 648 648 648 650 650 650 639 639 639 648 648 648 639 639 639 641 641 641 701 701 701 699 699 699 698 698 698 666 666 666 721 721 721 632 632 632 603 603 603 609 609 609 722 722 722 609 609 609 723 723 723 724 724 724 722 722 722 609 609 609 724 724 724 606 606 606 610 610 610 602 602 602 725 725 725 726 726 726 727 727 727 726 726 726 728 728 728 729 729 729 726 726 726 729 729 729 727 727 727 574 574 574 730 730 730 575 575 575 574 574 574 573 573 573 731 731 731 575 575 575 732 732 732 568 568 568 570 570 570 576 576 576 733 733 733 570 570 570 566 566 566 576 576 576 570 570 570 569 569 569 566 566 566 571 571 571 572 572 572 569 569 569 571 571 571 734 734 734 686 686 686 686 686 686 734 734 734 689 689 689 686 686 686 735 735 735 571 571 571 686 686 686 689 689 689 683 683 683 734 734 734 570 570 570 733 733 733 734 734 734 571 571 571 570 570 570 736 736 736 737 737 737 738 738 738 736 736 736 739 739 739 740 740 740 736 736 736 634 634 634 741 741 741 737 737 737 736 736 736 741 741 741 737 737 737 742 742 742 738 738 738 741 741 741 634 634 634 637 637 637 743 743 743 744 744 744 745 745 745 743 743 743 746 746 746 744 744 744 746 746 746 747 747 747 748 748 748 746 746 746 749 749 749 747 747 747 750 750 750 751 751 751 746 746 746 750 750 750 752 752 752 753 753 753 750 750 750 746 746 746 743 743 743 754 754 754 755 755 755 756 756 756 755 755 755 754 754 754 757 757 757 757 757 757 758 758 758 755 755 755 645 645 645 759 759 759 720 720 720 645 645 645 760 760 760 713 713 713 645 645 645 761 761 761 759 759 759 645 645 645 641 641 641 761 761 761 761 761 761 647 647 647 762 762 762 763 763 763 764 764 764 765 765 765 763 763 763 765 765 765 766 766 766 643 643 643 767 767 767 768 768 768 643 643 643 712 712 712 769 769 769 642 642 642 640 640 640 644 644 644 770 770 770 771 771 771 772 772 772 771 771 771 770 770 770 773 773 773 774 774 774 775 775 775 776 776 776 775 775 775 774 774 774 777 777 777 776 776 776 778 778 778 774 774 774 779 779 779 780 780 780 781 781 781 782 782 782 781 781 781 780 780 780 782 782 782 783 783 783 781 781 781 713 713 713 596 596 596 645 645 645 713 713 713 762 762 762 647 647 647 784 784 784 785 785 785 786 786 786 785 785 785 787 787 787 786 786 786 788 788 788 789 789 789 790 790 790 789 789 789 788 788 788 791 791 791 792 792 792 793 793 793 794 794 794 793 793 793 792 792 792 795 795 795 794 794 794 796 796 796 797 797 797 794 794 794 793 793 793 798 798 798 794 794 794 799 799 799 792 792 792 795 795 795 800 800 800 801 801 801 795 795 795 802 802 802 803 803 803 795 795 795 792 792 792 802 802 802 801 801 801 793 793 793 795 795 795 801 801 801 804 804 804 805 805 805 805 805 805 793 793 793 801 801 801 805 805 805 806 806 806 807 807 807 805 805 805 804 804 804 806 806 806 808 808 808 751 751 751 809 809 809 808 808 808 810 810 810 811 811 811 808 808 808 812 812 812 751 751 751 810 810 810 813 813 813 811 811 811 810 810 810 808 808 808 809 809 809 811 811 811 814 814 814 815 815 815 811 811 811 813 813 813 816 816 816 811 811 811 816 816 816 817 817 817 809 809 809 751 751 751 750 750 750 809 809 809 753 753 753 810 810 810 812 812 812 808 808 808 818 818 818 812 812 812 819 819 819 820 820 820 812 812 812 820 820 820 751 751 751 751 751 751 749 749 749 746 746 746 751 751 751 820 820 820 749 749 749 821 821 821 822 822 822 823 823 823 821 821 821 824 824 824 825 825 825 821 821 821 826 826 826 824 824 824 824 824 824 827 827 827 828 828 828 824 824 824 828 828 828 829 829 829 825 825 825 824 824 824 829 829 829 825 825 825 829 829 829 830 830 830 825 825 825 831 831 831 822 822 822 829 829 829 832 832 832 833 833 833 829 829 829 828 828 828 832 832 832 834 834 834 835 835 835 836 836 836 834 834 834 836 836 836 837 837 837 834 834 834 838 838 838 835 835 835 839 839 839 840 840 840 804 804 804 839 839 839 804 804 804 841 841 841 840 840 840 839 839 839 842 842 842 804 804 804 794 794 794 843 843 843 804 804 804 801 801 801 799 799 799 804 804 804 844 844 844 845 845 845 804 804 804 846 846 846 844 844 844 846 846 846 804 804 804 840 840 840 847 847 847 848 848 848 839 839 839 848 848 848 847 847 847 849 849 849 849 849 849 847 847 847 850 850 850 842 842 842 839 839 839 848 848 848 806 806 806 804 804 804 845 845 845 806 806 806 845 845 845 851 851 851 852 852 852 806 806 806 851 851 851 853 853 853 854 854 854 855 855 855 854 854 854 853 853 853 856 856 856 854 854 854 857 857 857 858 858 858 855 855 855 859 859 859 860 860 860 855 855 855 861 861 861 853 853 853 855 855 855 862 862 862 863 863 863 855 855 855 863 863 863 859 859 859 855 855 855 864 864 864 862 862 862 856 856 856 865 865 865 866 866 866 867 867 867 853 853 853 861 861 861 861 861 861 855 855 855 860 860 860 862 862 862 864 864 864 868 868 868 864 864 864 869 869 869 870 870 870 864 864 864 871 871 871 869 869 869 868 868 868 864 864 864 870 870 870 872 872 872 871 871 871 864 864 864 872 872 872 873 873 873 874 874 874 871 871 871 872 872 872 874 874 874 739 739 739 736 736 736 738 738 738 740 740 740 875 875 875 736 736 736 876 876 876 877 877 877 878 878 878 877 877 877 876 876 876 879 879 879 878 878 878 880 880 880 876 876 876 797 797 797 881 881 881 794 794 794 797 797 797 841 841 841 882 882 882 881 881 881 797 797 797 882 882 882 882 882 882 841 841 841 883 883 883 882 882 882 884 884 884 881 881 881 882 882 882 883 883 883 885 885 885 818 818 818 808 808 808 886 886 886 886 886 886 660 660 660 818 818 818 826 826 826 821 821 821 887 887 887 826 826 826 887 887 887 888 888 888 807 807 807 889 889 889 890 890 890 807 807 807 891 891 891 805 805 805 892 892 892 893 893 893 894 894 894 892 892 892 895 895 895 893 893 893 892 892 892 894 894 894 896 896 896 894 894 894 893 893 893 897 897 897 896 896 896 898 898 898 892 892 892 896 896 896 894 894 894 899 899 899 895 895 895 900 900 900 901 901 901 895 895 895 892 892 892 902 902 902 895 895 895 901 901 901 903 903 903 893 893 893 904 904 904 897 897 897 891 891 891 898 898 898 896 896 896 891 891 891 807 807 807 905 905 905 891 891 891 896 896 896 906 906 906 898 898 898 891 891 891 907 907 907 900 900 900 895 895 895 908 908 908 901 901 901 900 900 900 909 909 909 905 905 905 807 807 807 890 890 890 907 907 907 891 891 891 905 905 905 908 908 908 895 895 895 902 902 902 638 638 638 910 910 910 637 637 637 911 911 911 912 912 912 913 913 913 912 912 912 911 911 911 914 914 914 913 913 913 915 915 915 800 800 800 843 843 843 884 884 884 783 783 783 843 843 843 883 883 883 841 841 841 843 843 843 881 881 881 884 884 884 843 843 843 794 794 794 881 881 881 703 703 703 700 700 700 916 916 916 917 917 917 918 918 918 919 919 919 918 918 918 917 917 917 880 880 880 880 880 880 878 878 878 918 918 918 920 920 920 854 854 854 858 858 858 857 857 857 854 854 854 856 856 856 857 857 857 856 856 856 866 866 866 921 921 921 922 922 922 923 923 923 921 921 921 854 854 854 924 924 924 921 921 921 924 924 924 925 925 925 924 924 924 854 854 854 920 920 920 922 922 922 921 921 921 925 925 925 926 926 926 927 927 927 928 928 928 926 926 926 928 928 928 929 929 929 930 930 930 926 926 926 929 929 929 931 931 931 932 932 932 933 933 933 932 932 932 931 931 931 934 934 934 932 932 932 934 934 934 935 935 935 933 933 933 936 936 936 931 931 931 820 820 820 810 810 810 749 749 749 820 820 820 813 813 813 810 810 810 819 819 819 937 937 937 938 938 938 819 819 819 938 938 938 939 939 939 940 940 940 941 941 941 942 942 942 941 941 941 940 940 940 943 943 943 799 799 799 800 800 800 915 915 915 799 799 799 802 802 802 792 792 792 799 799 799 801 801 801 800 800 800 799 799 799 794 794 794 804 804 804 944 944 944 945 945 945 946 946 946 945 945 945 944 944 944 947 947 947 947 947 947 885 885 885 945 945 945 948 948 948 949 949 949 950 950 950 948 948 948 951 951 951 952 952 952 951 951 951 948 948 948 950 950 950 953 953 953 954 954 954 955 955 955 954 954 954 953 953 953 956 956 956 954 954 954 957 957 957 955 955 955 958 958 958 959 959 959 960 960 960 959 959 959 958 958 958 961 961 961 962 962 962 963 963 963 964 964 964 964 964 964 963 963 963 965 965 965 966 966 966 967 967 967 968 968 968 967 967 967 966 966 966 969 969 969 970 970 970 971 971 971 972 972 972 971 971 971 970 970 970 973 973 973 841 841 841 804 804 804 843 843 843 841 841 841 797 797 797 839 839 839 828 828 828 822 822 822 832 832 832 974 974 974 975 975 975 976 976 976 975 975 975 974 974 974 977 977 977 976 976 976 830 830 830 974 974 974 832 832 832 822 822 822 831 831 831 832 832 832 831 831 831 978 978 978 822 822 822 828 828 828 827 827 827 822 822 822 827 827 827 823 823 823 822 822 822 821 821 821 825 825 825 831 831 831 825 825 825 830 830 830 979 979 979 980 980 980 981 981 981 980 980 980 979 979 979 982 982 982 983 983 983 984 984 984 985 985 985 983 983 983 986 986 986 984 984 984 657 657 657 655 655 655 654 654 654 657 657 657 653 653 653 888 888 888 658 658 658 659 659 659 655 655 655 658 658 658 888 888 888 987 987 987 762 762 762 760 760 760 778 778 778 762 762 762 713 713 713 760 760 760 762 762 762 759 759 759 761 761 761 647 647 647 593 593 593 713 713 713 647 647 647 761 761 761 641 641 641 748 748 748 747 747 747 988 988 988 748 748 748 988 988 988 989 989 989 749 749 749 753 753 753 990 990 990 749 749 749 810 810 810 753 753 753 753 753 753 809 809 809 750 750 750 990 990 990 753 753 753 991 991 991 990 990 990 991 991 991 992 992 992 990 990 990 992 992 992 993 993 993 994 994 994 995 995 995 752 752 752 995 995 995 994 994 994 996 996 996 752 752 752 750 750 750 994 994 994 745 745 745 744 744 744 997 997 997 998 998 998 999 999 999 813 813 813 998 998 998 813 813 813 1000 1000 1000 999 999 999 815 815 815 814 814 814 813 813 813 820 820 820 819 819 819 813 813 813 819 819 819 1001 1001 1001 1000 1000 1000 813 813 813 1001 1001 1001 1000 1000 1000 938 938 938 937 937 937 1001 1001 1001 819 819 819 939 939 939 816 816 816 813 813 813 999 999 999 1002 1002 1002 1003 1003 1003 1004 1004 1004 1002 1002 1002 1004 1004 1004 649 649 649 1003 1003 1003 1005 1005 1005 1006 1006 1006 1003 1003 1003 1002 1002 1002 1005 1005 1005 649 649 649 1004 1004 1004 648 648 648 649 649 649 644 644 644 651 651 651 758 758 758 757 757 757 1007 1007 1007 650 650 650 644 644 644 639 639 639 650 650 650 648 648 648 1004 1004 1004 1008 1008 1008 663 663 663 665 665 665 1008 1008 1008 1009 1009 1009 663 663 663 651 651 651 650 650 650 764 764 764 651 651 651 764 764 764 763 763 763 720 720 720 718 718 718 760 760 760 760 760 760 645 645 645 720 720 720 1010 1010 1010 770 770 770 772 772 772 1010 1010 1010 1011 1011 1011 770 770 770 778 778 778 776 776 776 759 759 759 759 759 759 762 762 762 778 778 778 838 838 838 834 834 834 1012 1012 1012 883 883 883 843 843 843 783 783 783 783 783 783 782 782 782 883 883 883 884 884 884 882 882 882 885 885 885 1013 1013 1013 942 942 942 941 941 941 1013 1013 1013 1014 1014 1014 942 942 942 885 885 885 947 947 947 884 884 884 949 949 949 948 948 948 1015 1015 1015 800 800 800 795 795 795 803 803 803 915 915 915 913 913 913 912 912 912 803 803 803 961 961 961 958 958 958 803 803 803 802 802 802 961 961 961 957 957 957 954 954 954 1016 1016 1016 1017 1017 1017 963 963 963 962 962 962 1017 1017 1017 1018 1018 1018 963 963 963 802 802 802 799 799 799 915 915 915 978 978 978 1019 1019 1019 1020 1020 1020 978 978 978 831 831 831 1019 1019 1019 1020 1020 1020 1021 1021 1021 978 978 978 1022 1022 1022 1023 1023 1023 1024 1024 1024 1022 1022 1022 1025 1025 1025 1023 1023 1023 1022 1022 1022 833 833 833 1025 1025 1025 830 830 830 829 829 829 833 833 833 830 830 830 833 833 833 1022 1022 1022 830 830 830 976 976 976 831 831 831 833 833 833 832 832 832 986 986 986 833 833 833 986 986 986 983 983 983 580 580 580 578 578 578 586 586 586 586 586 586 583 583 583 598 598 598 586 586 586 1026 1026 1026 580 580 580 1027 1027 1027 598 598 598 1028 1028 1028 1027 1027 1027 1029 1029 1029 1026 1026 1026 1029 1029 1029 1027 1027 1027 1030 1030 1030 1026 1026 1026 586 586 586 1027 1027 1027 1030 1030 1030 730 730 730 1029 1029 1029 1030 1030 1030 1028 1028 1028 732 732 732 742 742 742 1031 1031 1031 738 738 738 1032 1032 1032 574 574 574 731 731 731 731 731 731 1033 1033 1033 1032 1032 1032 731 731 731 1034 1034 1034 1035 1035 1035 1033 1033 1033 731 731 731 1035 1035 1035 1036 1036 1036 1035 1035 1035 904 904 904 1035 1035 1035 897 897 897 904 904 904 1035 1035 1035 1036 1036 1036 1033 1033 1033 904 904 904 893 893 893 895 895 895 904 904 904 903 903 903 1036 1036 1036 903 903 903 904 904 904 895 895 895 600 600 600 1037 1037 1037 597 597 597 1037 1037 1037 600 600 600 1038 1038 1038 1038 1038 1038 1039 1039 1039 1037 1037 1037 1039 1039 1039 1038 1038 1038 691 691 691 1039 1039 1039 1040 1040 1040 599 599 599 691 691 691 689 689 689 734 734 734 691 691 691 733 733 733 1039 1039 1039 733 733 733 691 691 691 734 734 734 733 733 733 576 576 576 1040 1040 1040 599 599 599 597 597 597 1037 1037 1037 599 599 599 1037 1037 1037 1039 1039 1039 1040 1040 1040 1039 1039 1039 733 733 733 1040 1040 1040 732 732 732 1028 1028 1028 576 576 576 568 568 568 732 732 732 598 598 598 587 587 587 599 599 599 598 598 598 599 599 599 1040 1040 1040 598 598 598 1040 1040 1040 1028 1028 1028 598 598 598 1027 1027 1027 586 586 586 1028 1028 1028 1030 1030 1030 1027 1027 1027 732 732 732 575 575 575 1030 1030 1030 732 732 732 1040 1040 1040 576 576 576 1041 1041 1041 741 741 741 637 637 637 910 910 910 1041 1041 1041 637 637 637 730 730 730 1030 1030 1030 575 575 575 730 730 730 574 574 574 1032 1032 1032 735 735 735 686 686 686 685 685 685 735 735 735 685 685 685 1042 1042 1042 735 735 735 1043 1043 1043 572 572 572 1044 1044 1044 1042 1042 1042 685 685 685 1044 1044 1044 1045 1045 1045 1042 1042 1042 1042 1042 1042 899 899 899 1043 1043 1043 906 906 906 1045 1045 1045 1044 1044 1044 906 906 906 896 896 896 1045 1045 1045 572 572 572 567 567 567 569 569 569 572 572 572 571 571 571 735 735 735 1043 1043 1043 735 735 735 1042 1042 1042 1043 1043 1043 573 573 573 572 572 572 1043 1043 1043 897 897 897 1034 1034 1034 899 899 899 1045 1045 1045 896 896 896 899 899 899 1042 1042 1042 1045 1045 1045 573 573 573 1043 1043 1043 1034 1034 1034 573 573 573 574 574 574 567 567 567 1034 1034 1034 731 731 731 573 573 573 897 897 897 1035 1035 1035 1034 1034 1034 897 897 897 1043 1043 1043 899 899 899 897 897 897 899 899 899 894 894 894 1046 1046 1046 739 739 739 738 738 738 1031 1031 1031 1046 1046 1046 738 738 738 682 682 682 687 687 687 692 692 692 692 692 692 690 690 690 691 691 691 688 688 688 685 685 685 684 684 684 675 675 675 688 688 688 679 679 679 675 675 675 679 679 679 676 676 676 675 675 675 672 672 672 674 674 674 673 673 673 678 678 678 681 681 681 1047 1047 1047 1048 1048 1048 1049 1049 1049 1049 1049 1049 1048 1048 1048 1050 1050 1050 1049 1049 1049 1050 1050 1050 1051 1051 1051 1052 1052 1052 1053 1053 1053 1054 1054 1054 1053 1053 1053 1055 1055 1055 1056 1056 1056 1053 1053 1053 1052 1052 1052 1057 1057 1057 1058 1058 1058 1057 1057 1057 1052 1052 1052 1055 1055 1055 1059 1059 1059 1056 1056 1056 1055 1055 1055 1053 1053 1053 1057 1057 1057 1060 1060 1060 1061 1061 1061 1062 1062 1062 1061 1061 1061 1060 1060 1060 1063 1063 1063 1064 1064 1064 1065 1065 1065 1066 1066 1066 1065 1065 1065 1067 1067 1067 1066 1066 1066 1065 1065 1065 1064 1064 1064 1068 1068 1068 1069 1069 1069 1070 1070 1070 1071 1071 1071 1069 1069 1069 1072 1072 1072 1073 1073 1073 1072 1072 1072 1069 1069 1069 1074 1074 1074 1074 1074 1074 1075 1075 1075 1072 1072 1072 1071 1071 1071 1074 1074 1074 1069 1069 1069 1071 1071 1071 1076 1076 1076 1077 1077 1077 1078 1078 1078 1079 1079 1079 1080 1080 1080 1079 1079 1079 1078 1078 1078 1081 1081 1081 1080 1080 1080 1082 1082 1082 1083 1083 1083 1081 1081 1081 1084 1084 1084 1085 1085 1085 1084 1084 1084 1086 1086 1086 1085 1085 1085 1084 1084 1084 707 707 707 1086 1086 1086 1084 1084 1084 1081 1081 1081 1078 1078 1078 707 707 707 705 705 705 1086 1086 1086 709 709 709 708 708 708 704 704 704 710 710 710 1087 1087 1087 1088 1088 1088 1087 1087 1087 710 710 710 709 709 709 1087 1087 1087 1089 1089 1089 1088 1088 1088 1089 1089 1089 1090 1090 1090 1091 1091 1091 1089 1089 1089 1087 1087 1087 1090 1090 1090 1090 1090 1090 1092 1092 1092 1091 1091 1091 1092 1092 1092 1093 1093 1093 1094 1094 1094 1059 1059 1059 1055 1055 1055 1095 1095 1095 1095 1095 1095 1055 1055 1055 1096 1096 1096 1082 1082 1082 1080 1080 1080 1079 1079 1079 1097 1097 1097 1080 1080 1080 1083 1083 1083 1076 1076 1076 1071 1071 1071 1070 1070 1070 1098 1098 1098 1071 1071 1071 1077 1077 1077 1099 1099 1099 1091 1091 1091 1092 1092 1092 1099 1099 1099 1092 1092 1092 1094 1094 1094 712 712 712 596 596 596 715 715 715 767 767 767 643 643 643 769 769 769 768 768 768 767 767 767 1100 1100 1100 711 711 711 595 595 595 1101 1101 1101 1101 1101 1101 595 595 595 1102 1102 1102 1103 1103 1103 768 768 768 1100 1100 1100 1104 1104 1104 1105 1105 1105 1106 1106 1106 1104 1104 1104 1107 1107 1107 1108 1108 1108 1104 1104 1104 1108 1108 1108 1109 1109 1109 1105 1105 1105 1104 1104 1104 1109 1109 1109 1106 1106 1106 1110 1110 1110 1111 1111 1111 937 937 937 998 998 998 1000 1000 1000 815 815 815 999 999 999 998 998 998 814 814 814 811 811 811 817 817 817 1112 1112 1112 1113 1113 1113 1114 1114 1114 1113 1113 1113 1112 1112 1112 1115 1115 1115 1115 1115 1115 1116 1116 1116 1117 1117 1117 1118 1118 1118 1119 1119 1119 1120 1120 1120 1119 1119 1119 1118 1118 1118 1121 1121 1121 1121 1121 1121 1122 1122 1122 1123 1123 1123 1124 1124 1124 1125 1125 1125 1126 1126 1126 1124 1124 1124 1127 1127 1127 1125 1125 1125 1126 1126 1126 1128 1128 1128 1129 1129 1129 1130 1130 1130 1131 1131 1131 1132 1132 1132 1130 1130 1130 1132 1132 1132 1133 1133 1133 1133 1133 1133 1132 1132 1132 1134 1134 1134 1133 1133 1133 1134 1134 1134 1135 1135 1135 1136 1136 1136 1137 1137 1137 1138 1138 1138 1136 1136 1136 1138 1138 1138 1139 1139 1139 1139 1139 1139 1140 1140 1140 1141 1141 1141 1139 1139 1139 1138 1138 1138 1140 1140 1140 1142 1142 1142 1143 1143 1143 1144 1144 1144 1143 1143 1143 1142 1142 1142 1145 1145 1145 1146 1146 1146 1147 1147 1147 1148 1148 1148 1147 1147 1147 1146 1146 1146 1149 1149 1149 1147 1147 1147 1149 1149 1149 1150 1150 1150 1148 1148 1148 1151 1151 1151 1146 1146 1146 1152 1152 1152 1153 1153 1153 1154 1154 1154 1152 1152 1152 1155 1155 1155 1153 1153 1153 1156 1156 1156 1157 1157 1157 1158 1158 1158 1156 1156 1156 1158 1158 1158 1159 1159 1159 661 661 661 1160 1160 1160 653 653 653 661 661 661 656 656 656 660 660 660 660 660 660 1161 1161 1161 1162 1162 1162 660 660 660 659 659 659 1161 1161 1161 660 660 660 886 886 886 661 661 661 659 659 659 658 658 658 987 987 987 987 987 987 1161 1161 1161 659 659 659 1161 1161 1161 987 987 987 646 646 646 646 646 646 641 641 641 1161 1161 1161 888 888 888 887 887 887 987 987 987 888 888 888 658 658 658 657 657 657 888 888 888 1160 1160 1160 798 798 798 1162 1162 1162 1161 1161 1161 641 641 641 1162 1162 1162 641 641 641 640 640 640 798 798 798 1160 1160 1160 794 794 794 1160 1160 1160 888 888 888 653 653 653 1160 1160 1160 661 661 661 796 796 796 653 653 653 657 657 657 654 654 654 653 653 653 652 652 652 661 661 661 796 796 796 794 794 794 1160 1160 1160 1163 1163 1163 1164 1164 1164 1165 1165 1165 1164 1164 1164 1163 1163 1163 1166 1166 1166 1167 1167 1167 1168 1168 1168 1169 1169 1169 1167 1167 1167 1170 1170 1170 1171 1171 1171 1167 1167 1167 1172 1172 1172 1173 1173 1173 1168 1168 1168 1167 1167 1167 1173 1173 1173 1169 1169 1169 1174 1174 1174 1175 1175 1175 1169 1169 1169 1176 1176 1176 1174 1174 1174 1177 1177 1177 1176 1176 1176 1168 1168 1168 1177 1177 1177 1168 1168 1168 1178 1178 1178 1176 1176 1176 1169 1169 1169 1168 1168 1168 1172 1172 1172 1167 1167 1167 1171 1171 1171 1174 1174 1174 1179 1179 1179 1180 1180 1180 1178 1178 1178 1168 1168 1168 1181 1181 1181 1178 1178 1178 1182 1182 1182 1183 1183 1183 1184 1184 1184 1173 1173 1173 1172 1172 1172 1184 1184 1184 1181 1181 1181 1173 1173 1173 1185 1185 1185 1186 1186 1186 1187 1187 1187 1186 1186 1186 1185 1185 1185 1188 1188 1188 1186 1186 1186 1189 1189 1189 1190 1190 1190 1187 1187 1187 1191 1191 1191 1185 1185 1185 1191 1191 1191 1187 1187 1187 1192 1192 1192 1192 1192 1192 1193 1193 1193 1191 1191 1191 1193 1193 1193 1192 1192 1192 1194 1194 1194 1194 1194 1194 1195 1195 1195 1193 1193 1193 1195 1195 1195 1194 1194 1194 1196 1196 1196 1196 1196 1196 1197 1197 1197 1195 1195 1195 1197 1197 1197 1196 1196 1196 1198 1198 1198 1197 1197 1197 1198 1198 1198 1199 1199 1199 1197 1197 1197 1199 1199 1199 1200 1200 1200 1198 1198 1198 1196 1196 1196 1201 1201 1201 1189 1189 1189 1186 1186 1186 1188 1188 1188 1190 1190 1190 1202 1202 1202 1203 1203 1203 1202 1202 1202 1190 1190 1190 1189 1189 1189 1203 1203 1203 1204 1204 1204 1205 1205 1205 1204 1204 1204 1203 1203 1203 1202 1202 1202 1205 1205 1205 1204 1204 1204 1206 1206 1206 1205 1205 1205 1206 1206 1206 1207 1207 1207 1205 1205 1205 1207 1207 1207 1208 1208 1208 1206 1206 1206 1209 1209 1209 1207 1207 1207 1209 1209 1209 1206 1206 1206 1210 1210 1210 1211 1211 1211 1183 1183 1183 1182 1182 1182 1211 1211 1211 1212 1212 1212 1213 1213 1213 1211 1211 1211 1213 1213 1213 1214 1214 1214 1212 1212 1212 1215 1215 1215 1213 1213 1213 1216 1216 1216 1217 1217 1217 1218 1218 1218 1183 1183 1183 1211 1211 1211 1214 1214 1214 1182 1182 1182 1178 1178 1178 1219 1219 1219 1181 1181 1181 1219 1219 1219 1178 1178 1178 1219 1219 1219 1181 1181 1181 1184 1184 1184 1219 1219 1219 1220 1220 1220 1221 1221 1221 1220 1220 1220 1219 1219 1219 1184 1184 1184 1221 1221 1221 1220 1220 1220 1222 1222 1222 1221 1221 1221 1223 1223 1223 1224 1224 1224 1223 1223 1223 1221 1221 1221 1222 1222 1222 1223 1223 1223 1222 1222 1222 1225 1225 1225 1225 1225 1225 1222 1222 1222 1226 1226 1226 1227 1227 1227 1215 1215 1215 1212 1212 1212 1227 1227 1227 1228 1228 1228 1215 1215 1215 1229 1229 1229 1228 1228 1228 1227 1227 1227 1229 1229 1229 1230 1230 1230 1228 1228 1228 1230 1230 1230 1229 1229 1229 1231 1231 1231 1230 1230 1230 1231 1231 1231 1232 1232 1232 1232 1232 1232 1231 1231 1231 1233 1233 1233 1232 1232 1232 1233 1233 1233 1234 1234 1234 1232 1232 1232 1234 1234 1234 1235 1235 1235 1233 1233 1233 1231 1231 1231 1236 1236 1236 1237 1237 1237 1238 1238 1238 1239 1239 1239 1237 1237 1237 1240 1240 1240 1241 1241 1241 1240 1240 1240 1242 1242 1242 1243 1243 1243 1240 1240 1240 1237 1237 1237 1242 1242 1242 1238 1238 1238 1237 1237 1237 1241 1241 1241 1239 1239 1239 1244 1244 1244 1245 1245 1245 1244 1244 1244 1239 1239 1239 1238 1238 1238 1245 1245 1245 1244 1244 1244 1246 1246 1246 1245 1245 1245 1246 1246 1246 1247 1247 1247 1247 1247 1247 1248 1248 1248 1249 1249 1249 1248 1248 1248 1247 1247 1247 1250 1250 1250 1250 1250 1250 1247 1247 1247 1246 1246 1246 1250 1250 1250 1251 1251 1251 1248 1248 1248 1251 1251 1251 1250 1250 1250 1252 1252 1252 1243 1243 1243 1242 1242 1242 1253 1253 1253 1243 1243 1243 1253 1253 1253 1254 1254 1254 1254 1254 1254 1253 1253 1253 1255 1255 1255 1254 1254 1254 1255 1255 1255 1256 1256 1256 1256 1256 1256 1255 1255 1255 1257 1257 1257 1256 1256 1256 1257 1257 1257 1258 1258 1258 1257 1257 1257 1259 1259 1259 1258 1258 1258 1258 1258 1258 1259 1259 1259 1260 1260 1260 1258 1258 1258 1260 1260 1260 1261 1261 1261 1259 1259 1259 1257 1257 1257 1262 1262 1262 1263 1263 1263 1264 1264 1264 1265 1265 1265 1263 1263 1263 1266 1266 1266 1267 1267 1267 1263 1263 1263 1267 1267 1267 1264 1264 1264 1267 1267 1267 1268 1268 1268 1269 1269 1269 1270 1270 1270 1271 1271 1271 1272 1272 1272 1265 1265 1265 1264 1264 1264 1179 1179 1179 1179 1179 1179 1174 1174 1174 1265 1265 1265 1175 1175 1175 1180 1180 1180 1170 1170 1170 1175 1175 1175 1170 1170 1170 1167 1167 1167 1180 1180 1180 1175 1175 1175 1174 1174 1174 1180 1180 1180 1273 1273 1273 1170 1170 1170 1273 1273 1273 1180 1180 1180 1274 1274 1274 1273 1273 1273 1274 1274 1274 1275 1275 1275 1274 1274 1274 1276 1276 1276 1275 1275 1275 1275 1275 1275 1276 1276 1276 1277 1277 1277 1275 1275 1275 1277 1277 1277 1278 1278 1278 1276 1276 1276 1274 1274 1274 1279 1279 1279 1268 1268 1268 1267 1267 1267 1266 1266 1266 1269 1269 1269 1280 1280 1280 1281 1281 1281 1280 1280 1280 1269 1269 1269 1268 1268 1268 1281 1281 1281 1280 1280 1280 1282 1282 1282 1281 1281 1281 1282 1282 1282 1283 1283 1283 1283 1283 1283 1284 1284 1284 1285 1285 1285 1284 1284 1284 1283 1283 1283 1286 1286 1286 1286 1286 1286 1283 1283 1283 1282 1282 1282 1286 1286 1286 1287 1287 1287 1284 1284 1284 1287 1287 1287 1286 1286 1286 1288 1288 1288 1289 1289 1289 1290 1290 1290 1291 1291 1291 1290 1290 1290 1289 1289 1289 1292 1292 1292 1291 1291 1291 1293 1293 1293 1289 1289 1289 1294 1294 1294 1295 1295 1295 1296 1296 1296 1294 1294 1294 1297 1297 1297 1295 1295 1295 1296 1296 1296 1298 1298 1298 1299 1299 1299 1300 1300 1300 1301 1301 1301 1302 1302 1302 1301 1301 1301 1300 1300 1300 1303 1303 1303 1302 1302 1302 1304 1304 1304 1305 1305 1305 1306 1306 1306 1307 1307 1307 1308 1308 1308 1307 1307 1307 1306 1306 1306 1309 1309 1309 1309 1309 1309 1306 1306 1306 1310 1310 1310 1293 1293 1293 1291 1291 1291 1311 1311 1311 1293 1293 1293 1292 1292 1292 1289 1289 1289 1293 1293 1293 1312 1312 1312 1313 1313 1313 1293 1293 1293 1314 1314 1314 1292 1292 1292 1314 1314 1314 1315 1315 1315 1290 1290 1290 1314 1314 1314 1316 1316 1316 1315 1315 1315 1314 1314 1314 1290 1290 1290 1292 1292 1292 1317 1317 1317 1314 1314 1314 1293 1293 1293 1317 1317 1317 1318 1318 1318 1314 1314 1314 1304 1304 1304 1302 1302 1302 1301 1301 1301 1315 1315 1315 1311 1311 1311 1291 1291 1291 1315 1315 1315 1291 1291 1291 1290 1290 1290 1319 1319 1319 1320 1320 1320 1311 1311 1311 1319 1319 1319 1311 1311 1311 1315 1315 1315 1310 1310 1310 1321 1321 1321 1309 1309 1309 1322 1322 1322 1323 1323 1323 1324 1324 1324 1322 1322 1322 1324 1324 1324 1325 1325 1325 1323 1323 1323 1322 1322 1322 1326 1326 1326 1323 1323 1323 1326 1326 1326 1327 1327 1327 1316 1316 1316 1314 1314 1314 1328 1328 1328 1298 1298 1298 1296 1296 1296 1295 1295 1295 1312 1312 1312 1293 1293 1293 1311 1311 1311 1329 1329 1329 1330 1330 1330 1331 1331 1331 1329 1329 1329 1331 1331 1331 1332 1332 1332 1330 1330 1330 1333 1333 1333 1331 1331 1331 1330 1330 1330 1334 1334 1334 1335 1335 1335 1331 1331 1331 1336 1336 1336 1332 1332 1332 1332 1332 1332 1334 1334 1334 1329 1329 1329 1337 1337 1337 1338 1338 1338 1339 1339 1339 1338 1338 1338 1337 1337 1337 1340 1340 1340 1339 1339 1339 1341 1341 1341 1337 1337 1337 1342 1342 1342 1343 1343 1343 1344 1344 1344 1342 1342 1342 1345 1345 1345 1343 1343 1343 1345 1345 1345 1346 1346 1346 1343 1343 1343 1347 1347 1347 1348 1348 1348 1349 1349 1349 1347 1347 1347 1349 1349 1349 1350 1350 1350 1347 1347 1347 1350 1350 1350 1351 1351 1351 1334 1334 1334 1352 1352 1352 1335 1335 1335 1334 1334 1334 1330 1330 1330 1329 1329 1329 1334 1334 1334 1332 1332 1332 1336 1336 1336 1336 1336 1336 1331 1331 1331 1333 1333 1333 1336 1336 1336 1353 1353 1353 1354 1354 1354 1336 1336 1336 1355 1355 1355 1334 1334 1334 1355 1355 1355 1336 1336 1336 1356 1356 1356 1357 1357 1357 1346 1346 1346 1345 1345 1345 1335 1335 1335 1358 1358 1358 1333 1333 1333 1335 1335 1335 1333 1333 1333 1330 1330 1330 1359 1359 1359 1358 1358 1358 1335 1335 1335 1351 1351 1351 1350 1350 1350 1360 1360 1360 1361 1361 1361 1362 1362 1362 1363 1363 1363 1363 1363 1363 1364 1364 1364 1365 1365 1365 1364 1364 1364 1363 1363 1363 1362 1362 1362 1353 1353 1353 1336 1336 1336 1333 1333 1333 1341 1341 1341 1339 1339 1339 1366 1366 1366 1367 1367 1367 1352 1352 1352 1334 1334 1334 1368 1368 1368 1365 1365 1365 1364 1364 1364 1369 1369 1369 1370 1370 1370 1371 1371 1371 1371 1371 1371 1372 1372 1372 1369 1369 1369 1373 1373 1373 1374 1374 1374 1375 1375 1375 1373 1373 1373 1376 1376 1376 1377 1377 1377 1376 1376 1376 1373 1373 1373 1378 1378 1378 1377 1377 1377 1379 1379 1379 1380 1380 1380 1378 1378 1378 1381 1381 1381 1382 1382 1382 1378 1378 1378 1373 1373 1373 1375 1375 1375 1383 1383 1383 1384 1384 1384 1385 1385 1385 1383 1383 1383 1386 1386 1386 1387 1387 1387 1386 1386 1386 1388 1388 1388 1389 1389 1389 1386 1386 1386 1383 1383 1383 1385 1385 1385 1387 1387 1387 1386 1386 1386 1390 1390 1390 1387 1387 1387 1391 1391 1391 1383 1383 1383 1390 1390 1390 1389 1389 1389 1392 1392 1392 1393 1393 1393 1394 1394 1394 1395 1395 1395 1394 1394 1394 1393 1393 1393 1396 1396 1396 1396 1396 1396 1397 1397 1397 1394 1394 1394 1396 1396 1396 1398 1398 1398 1399 1399 1399 1400 1400 1400 1401 1401 1401 1402 1402 1402 1402 1402 1402 1401 1401 1401 1403 1403 1403 1379 1379 1379 1377 1377 1377 1376 1376 1376 1381 1381 1381 1378 1378 1378 1375 1375 1375 1382 1382 1382 1404 1404 1404 1405 1405 1405 1382 1382 1382 1406 1406 1406 1379 1379 1379 1404 1404 1404 1382 1382 1382 1381 1381 1381 1404 1404 1404 1407 1407 1407 1405 1405 1405 1406 1406 1406 1380 1380 1380 1379 1379 1379 1406 1406 1406 1382 1382 1382 1405 1405 1405 1408 1408 1408 1409 1409 1409 1410 1410 1410 1409 1409 1409 1408 1408 1408 1411 1411 1411 1412 1412 1412 1413 1413 1413 1414 1414 1414 1414 1414 1414 1415 1415 1415 1412 1412 1412 1416 1416 1416 1417 1417 1417 1418 1418 1418 1418 1418 1418 1419 1419 1419 1416 1416 1416 1420 1420 1420 1421 1421 1421 1422 1422 1422 1421 1421 1421 1420 1420 1420 1423 1423 1423 1374 1374 1374 1381 1381 1381 1375 1375 1375 1407 1407 1407 1406 1406 1406 1405 1405 1405 1424 1424 1424 1425 1425 1425 1385 1385 1385 1385 1385 1385 1426 1426 1426 1386 1386 1386 1385 1385 1385 1427 1427 1427 1424 1424 1424 1385 1385 1385 1425 1425 1425 1426 1426 1426 1426 1426 1426 1428 1428 1428 1388 1388 1388 1426 1426 1426 1425 1425 1425 1428 1428 1428 1388 1388 1388 1386 1386 1386 1426 1426 1426 1389 1389 1389 1390 1390 1390 1386 1386 1386 1429 1429 1429 1430 1430 1430 1431 1431 1431 1429 1429 1429 1432 1432 1432 1433 1433 1433 1432 1432 1432 1429 1429 1429 1431 1431 1431 1431 1431 1431 1434 1434 1434 1432 1432 1432 1427 1427 1427 1385 1385 1385 1384 1384 1384 1384 1384 1384 1383 1383 1383 1391 1391 1391 1435 1435 1435 1436 1436 1436 1437 1437 1437 1435 1435 1435 1438 1438 1438 1436 1436 1436 1437 1437 1437 1439 1439 1439 1397 1397 1397 1437 1437 1437 1440 1440 1440 1435 1435 1435 1399 1399 1399 1440 1440 1440 1396 1396 1396 1440 1440 1440 1437 1437 1437 1396 1396 1396 1441 1441 1441 1442 1442 1442 1443 1443 1443 1441 1441 1441 1431 1431 1431 1430 1430 1430 1441 1441 1441 1444 1444 1444 1445 1445 1445 1444 1444 1444 1441 1441 1441 1430 1430 1430 1391 1391 1391 1387 1387 1387 1446 1446 1446 1447 1447 1447 1442 1442 1442 1441 1441 1441 1442 1442 1442 1447 1447 1447 1448 1448 1448 1439 1439 1439 1437 1437 1437 1436 1436 1436 1397 1397 1397 1396 1396 1396 1437 1437 1437 1443 1443 1443 1431 1431 1431 1441 1441 1441 1434 1434 1434 1431 1431 1431 1443 1443 1443 1449 1449 1449 1450 1450 1450 1451 1451 1451 1451 1451 1451 1450 1450 1450 1452 1452 1452 1453 1453 1453 1454 1454 1454 1455 1455 1455 1453 1453 1453 1456 1456 1456 1457 1457 1457 1453 1453 1453 1455 1455 1455 1456 1456 1456 1454 1454 1454 1453 1453 1453 1458 1458 1458 1455 1455 1455 1459 1459 1459 1456 1456 1456 1458 1458 1458 1460 1460 1460 1454 1454 1454 1461 1461 1461 1462 1462 1462 1463 1463 1463 1461 1461 1461 1464 1464 1464 1465 1465 1465 1461 1461 1461 1466 1466 1466 1467 1467 1467 1462 1462 1462 1461 1461 1461 1467 1467 1467 1462 1462 1462 1468 1468 1468 1469 1469 1469 1463 1463 1463 1470 1470 1470 1461 1461 1461 1467 1467 1467 1471 1471 1471 1468 1468 1468 1467 1467 1467 1466 1466 1466 1471 1471 1471 1472 1472 1472 1473 1473 1473 1474 1474 1474 1473 1473 1473 1472 1472 1472 1475 1475 1475 1474 1474 1474 1476 1476 1476 1477 1477 1477 1478 1478 1478 1479 1479 1479 1480 1480 1480 1480 1480 1480 1481 1481 1481 1478 1478 1478 1460 1460 1460 1458 1458 1458 1482 1482 1482 1482 1482 1482 1483 1483 1483 1460 1460 1460 1484 1484 1484 1485 1485 1485 1486 1486 1486 1484 1484 1484 1487 1487 1487 1485 1485 1485 1487 1487 1487 1483 1483 1483 1485 1485 1485 1487 1487 1487 1459 1459 1459 1455 1455 1455 1459 1459 1459 1487 1487 1487 1484 1484 1484 1483 1483 1483 1487 1487 1487 1460 1460 1460 1488 1488 1488 1489 1489 1489 1490 1490 1490 1488 1488 1488 1490 1490 1490 1491 1491 1491 1492 1492 1492 1493 1493 1493 1494 1494 1494 1494 1494 1494 1493 1493 1493 1495 1495 1495 1496 1496 1496 1497 1497 1497 1498 1498 1498 1499 1499 1499 1497 1497 1497 1496 1496 1496 1500 1500 1500 1501 1501 1501 1502 1502 1502 1501 1501 1501 1500 1500 1500 1503 1503 1503 1457 1457 1457 1456 1456 1456 1459 1459 1459 1486 1486 1486 1485 1485 1485 1483 1483 1483 1504 1504 1504 1466 1466 1466 1465 1465 1465 1466 1466 1466 1505 1505 1505 1471 1471 1471 1466 1466 1466 1504 1504 1504 1506 1506 1506 1465 1465 1465 1507 1507 1507 1504 1504 1504 1465 1465 1465 1466 1466 1466 1461 1461 1461 1507 1507 1507 1465 1465 1465 1464 1464 1464 1464 1464 1464 1461 1461 1461 1470 1470 1470 1470 1470 1470 1463 1463 1463 1508 1508 1508 1509 1509 1509 1510 1510 1510 1511 1511 1511 1510 1510 1510 1509 1509 1509 1512 1512 1512 1512 1512 1512 1509 1509 1509 1513 1513 1513 1512 1512 1512 1514 1514 1514 1515 1515 1515 1512 1512 1512 1513 1513 1513 1514 1514 1514 1505 1505 1505 1466 1466 1466 1506 1506 1506 1477 1477 1477 1516 1516 1516 1474 1474 1474 1477 1477 1477 1517 1517 1517 1518 1518 1518 1477 1477 1477 1518 1518 1518 1519 1519 1519 1520 1520 1520 1519 1519 1519 1518 1518 1518 1521 1521 1521 1474 1474 1474 1522 1522 1522 1516 1516 1516 1477 1477 1477 1519 1519 1519 1516 1516 1516 1522 1522 1522 1474 1474 1474 1523 1523 1523 1515 1515 1515 1524 1524 1524 1515 1515 1515 1514 1514 1514 1525 1525 1525 1515 1515 1515 1523 1523 1523 1526 1526 1526 1526 1526 1526 1510 1510 1510 1512 1512 1512 1526 1526 1526 1512 1512 1512 1515 1515 1515 1468 1468 1468 1462 1462 1462 1467 1467 1467 1527 1527 1527 1515 1515 1515 1525 1525 1525 1527 1527 1527 1525 1525 1525 1528 1528 1528 1517 1517 1517 1477 1477 1477 1476 1476 1476 1476 1476 1476 1474 1474 1474 1473 1473 1473 1529 1529 1529 1530 1530 1530 1531 1531 1531 1529 1529 1529 1531 1531 1531 1532 1532 1532 1529 1529 1529 1533 1533 1533 1534 1534 1534 1533 1533 1533 1529 1529 1529 1532 1532 1532 1534 1534 1534 1535 1535 1535 1529 1529 1529 1532 1532 1532 1536 1536 1536 1533 1533 1533 1532 1532 1532 1537 1537 1537 1538 1538 1538 1532 1532 1532 1531 1531 1531 1537 1537 1537 1539 1539 1539 1530 1530 1530 1540 1540 1540 1530 1530 1530 1529 1529 1529 1535 1535 1535 1540 1540 1540 1541 1541 1541 1542 1542 1542 1540 1540 1540 1543 1543 1543 1541 1541 1541 1540 1540 1540 1535 1535 1535 1543 1543 1543 1544 1544 1544 1531 1531 1531 1530 1530 1530 1544 1544 1544 1530 1530 1530 1539 1539 1539 1542 1542 1542 1539 1539 1539 1540 1540 1540 1541 1541 1541 1545 1545 1545 1546 1546 1546 1541 1541 1541 1546 1546 1546 1547 1547 1547 1547 1547 1547 1548 1548 1548 1549 1549 1549 1547 1547 1547 1542 1542 1542 1541 1541 1541 1546 1546 1546 1550 1550 1550 1548 1548 1548 1548 1548 1548 1551 1551 1551 1552 1552 1552 1548 1548 1548 1547 1547 1547 1546 1546 1546 1549 1549 1549 1552 1552 1552 1553 1553 1553 1552 1552 1552 1554 1554 1554 1555 1555 1555 1552 1552 1552 1549 1549 1549 1548 1548 1548 1553 1553 1553 1555 1555 1555 1556 1556 1556 1555 1555 1555 1553 1553 1553 1552 1552 1552 1555 1555 1555 1557 1557 1557 1558 1558 1558 1556 1556 1556 1558 1558 1558 1559 1559 1559 1558 1558 1558 1556 1556 1556 1555 1555 1555 1558 1558 1558 1560 1560 1560 1561 1561 1561 1559 1559 1559 1561 1561 1561 1562 1562 1562 1561 1561 1561 1559 1559 1559 1558 1558 1558 1561 1561 1561 1563 1563 1563 1564 1564 1564 1562 1562 1562 1564 1564 1564 1565 1565 1565 1564 1564 1564 1562 1562 1562 1561 1561 1561 1564 1564 1564 1566 1566 1566 1567 1567 1567 1565 1565 1565 1567 1567 1567 1568 1568 1568 1567 1567 1567 1566 1566 1566 1569 1569 1569 1567 1567 1567 1565 1565 1565 1564 1564 1564 1567 1567 1567 1569 1569 1569 1570 1570 1570 1568 1568 1568 1567 1567 1567 1570 1570 1570 1570 1570 1570 1569 1569 1569 1571 1571 1571 1572 1572 1572 1573 1573 1573 1574 1574 1574 1572 1572 1572 1574 1574 1574 1575 1575 1575 1574 1574 1574 1576 1576 1576 1577 1577 1577 1575 1575 1575 1578 1578 1578 1579 1579 1579 1575 1575 1575 1574 1574 1574 1578 1578 1578 1578 1578 1578 1577 1577 1577 1580 1580 1580 1571 1571 1571 1569 1569 1569 1537 1537 1537 1571 1571 1571 1537 1537 1537 1581 1581 1581 1581 1581 1581 1537 1537 1537 1531 1531 1531 1581 1581 1581 1531 1531 1531 1544 1544 1544 1582 1582 1582 1583 1583 1583 1584 1584 1584 1583 1583 1583 1582 1582 1582 1585 1585 1585 1583 1583 1583 1586 1586 1586 1584 1584 1584 1585 1585 1585 1587 1587 1587 1588 1588 1588 1589 1589 1589 1590 1590 1590 1591 1591 1591 1590 1590 1590 1592 1592 1592 1591 1591 1591 1591 1591 1591 1593 1593 1593 1589 1589 1589 1594 1594 1594 1595 1595 1595 1596 1596 1596 1594 1594 1594 1593 1593 1593 1597 1597 1597 1594 1594 1594 1589 1589 1589 1593 1593 1593 1598 1598 1598 1599 1599 1599 1600 1600 1600 1599 1599 1599 1598 1598 1598 1601 1601 1601 1600 1600 1600 1602 1602 1602 1603 1603 1603 1600 1600 1600 1603 1603 1603 1598 1598 1598 1601 1601 1601 1604 1604 1604 1599 1599 1599 1601 1601 1601 1605 1605 1605 1604 1604 1604 1595 1595 1595 1594 1594 1594 1597 1597 1597 1596 1596 1596 1606 1606 1606 1607 1607 1607 1606 1606 1606 1596 1596 1596 1595 1595 1595 1607 1607 1607 1608 1608 1608 1609 1609 1609 1610 1610 1610 1611 1611 1611 1612 1612 1612 1611 1611 1611 1610 1610 1610 1613 1613 1613 1612 1612 1612 1614 1614 1614 1615 1615 1615 1613 1613 1613 1616 1616 1616 1617 1617 1617 1535 1535 1535 1534 1534 1534 1618 1618 1618 1535 1535 1535 1540 1540 1540 1530 1530 1530 1618 1618 1618 1543 1543 1543 1535 1535 1535 1586 1586 1586 1583 1583 1583 1619 1619 1619 1619 1619 1619 1620 1620 1620 1621 1621 1621 1619 1619 1619 1621 1621 1621 1586 1586 1586 1608 1608 1608 1607 1607 1607 1606 1606 1606 1609 1609 1609 1622 1622 1622 1623 1623 1623 1604 1604 1604 1588 1588 1588 1587 1587 1587 1622 1622 1622 1609 1609 1609 1608 1608 1608 1624 1624 1624 1538 1538 1538 1566 1566 1566 1538 1538 1538 1624 1624 1624 1536 1536 1536 1538 1538 1538 1537 1537 1537 1569 1569 1569 1566 1566 1566 1564 1564 1564 1563 1563 1563 1566 1566 1566 1538 1538 1538 1569 1569 1569 1536 1536 1536 1532 1532 1532 1538 1538 1538 1625 1625 1625 1622 1622 1622 1626 1626 1626 1625 1625 1625 1623 1623 1623 1622 1622 1622 1627 1627 1627 1628 1628 1628 1629 1629 1629 1627 1627 1627 1630 1630 1630 1631 1631 1631 1628 1628 1628 1627 1627 1627 1631 1631 1631 1628 1628 1628 1632 1632 1632 1633 1633 1633 1629 1629 1629 1628 1628 1628 1633 1633 1633 1634 1634 1634 1635 1635 1635 1550 1550 1550 1634 1634 1634 1636 1636 1636 1635 1635 1635 1550 1550 1550 1546 1546 1546 1634 1634 1634 1550 1550 1550 1635 1635 1635 1637 1637 1637 1550 1550 1550 1637 1637 1637 1551 1551 1551 1551 1551 1551 1548 1548 1548 1550 1550 1550 1551 1551 1551 1637 1637 1637 1638 1638 1638 1551 1551 1551 1638 1638 1638 1554 1554 1554 1554 1554 1554 1638 1638 1638 1639 1639 1639 1554 1554 1554 1552 1552 1552 1551 1551 1551 1554 1554 1554 1639 1639 1639 1557 1557 1557 1616 1616 1616 1613 1613 1613 1610 1610 1610 1616 1616 1616 1603 1603 1603 1602 1602 1602 1557 1557 1557 1640 1640 1640 1560 1560 1560 1557 1557 1557 1555 1555 1555 1554 1554 1554 1640 1640 1640 1557 1557 1557 1639 1639 1639 1560 1560 1560 1640 1640 1640 1641 1641 1641 1560 1560 1560 1641 1641 1641 1563 1563 1563 1560 1560 1560 1558 1558 1558 1557 1557 1557 1543 1543 1543 1618 1618 1618 1642 1642 1642 1543 1543 1543 1545 1545 1545 1541 1541 1541 1642 1642 1642 1545 1545 1545 1543 1543 1543 1563 1563 1563 1561 1561 1561 1560 1560 1560 1563 1563 1563 1641 1641 1641 1624 1624 1624 1563 1563 1563 1624 1624 1624 1566 1566 1566 1545 1545 1545 1642 1642 1642 1643 1643 1643 1545 1545 1545 1636 1636 1636 1634 1634 1634 1545 1545 1545 1643 1643 1643 1636 1636 1636 1545 1545 1545 1634 1634 1634 1546 1546 1546 1644 1644 1644 1645 1645 1645 1646 1646 1646 1645 1645 1645 1644 1644 1644 1647 1647 1647 1645 1645 1645 1648 1648 1648 1646 1646 1646 1647 1647 1647 1649 1649 1649 1650 1650 1650 1651 1651 1651 1652 1652 1652 1653 1653 1653 1652 1652 1652 1654 1654 1654 1655 1655 1655 1653 1653 1653 1652 1652 1652 1656 1656 1656 1653 1653 1653 1656 1656 1656 1657 1657 1657 1633 1633 1633 1632 1632 1632 1658 1658 1658 1657 1657 1657 1659 1659 1659 1660 1660 1660 1657 1657 1657 1656 1656 1656 1661 1661 1661 1658 1658 1658 1662 1662 1662 1663 1663 1663 1658 1658 1658 1632 1632 1632 1662 1662 1662 1663 1663 1663 1662 1662 1662 1664 1664 1664 1663 1663 1663 1665 1665 1665 1666 1666 1666 1659 1659 1659 1657 1657 1657 1661 1661 1661 1660 1660 1660 1667 1667 1667 1668 1668 1668 1665 1665 1665 1663 1663 1663 1664 1664 1664 1666 1666 1666 1665 1665 1665 1669 1669 1669 1667 1667 1667 1630 1630 1630 1670 1670 1670 1667 1667 1667 1660 1660 1660 1659 1659 1659 1668 1668 1668 1667 1667 1667 1670 1670 1670 1669 1669 1669 1665 1665 1665 1671 1671 1671 1669 1669 1669 1655 1655 1655 1654 1654 1654 1670 1670 1670 1630 1630 1630 1627 1627 1627 1655 1655 1655 1669 1669 1669 1671 1671 1671 1654 1654 1654 1652 1652 1652 1651 1651 1651 1620 1620 1620 1672 1672 1672 1673 1673 1673 1674 1674 1674 1625 1625 1625 1626 1626 1626 1674 1674 1674 1626 1626 1626 1675 1675 1675 1675 1675 1675 1676 1676 1676 1674 1674 1674 1588 1588 1588 1604 1604 1604 1605 1605 1605 1587 1587 1587 1585 1585 1585 1582 1582 1582 1676 1676 1676 1675 1675 1675 1677 1677 1677 1676 1676 1676 1678 1678 1678 1679 1679 1679 1678 1678 1678 1676 1676 1676 1677 1677 1677 1679 1679 1679 1680 1680 1680 1681 1681 1681 1602 1602 1602 1617 1617 1617 1616 1616 1616 1673 1673 1673 1621 1621 1621 1620 1620 1620 1680 1680 1680 1679 1679 1679 1678 1678 1678 1681 1681 1681 1682 1682 1682 1683 1683 1683 1682 1682 1682 1684 1684 1684 1683 1683 1683 1682 1682 1682 1681 1681 1681 1680 1680 1680 1684 1684 1684 1682 1682 1682 1592 1592 1592 1592 1592 1592 1590 1590 1590 1684 1684 1684 1614 1614 1614 1612 1612 1612 1611 1611 1611 1614 1614 1614 1672 1672 1672 1615 1615 1615 1614 1614 1614 1673 1673 1673 1672 1672 1672 1685 1685 1685 1686 1686 1686 1687 1687 1687 1686 1686 1686 1688 1688 1688 1689 1689 1689 1686 1686 1686 1685 1685 1685 1690 1690 1690 1687 1687 1687 1689 1689 1689 1691 1691 1691 1690 1690 1690 1688 1688 1688 1686 1686 1686 1690 1690 1690 1692 1692 1692 1693 1693 1693 1690 1690 1690 1694 1694 1694 1692 1692 1692 1690 1690 1690 1579 1579 1579 1694 1694 1694 1691 1691 1691 1695 1695 1695 1696 1696 1696 1695 1695 1695 1697 1697 1697 1698 1698 1698 1695 1695 1695 1691 1691 1691 1689 1689 1689 1696 1696 1696 1698 1698 1698 1699 1699 1699 1689 1689 1689 1687 1687 1687 1686 1686 1686 1689 1689 1689 1700 1700 1700 1695 1695 1695 1701 1701 1701 1702 1702 1702 1703 1703 1703 1701 1701 1701 1704 1704 1704 1702 1702 1702 1702 1702 1702 1576 1576 1576 1573 1573 1573 1703 1703 1703 1573 1573 1573 1572 1572 1572 1703 1703 1703 1702 1702 1702 1573 1573 1573 1579 1579 1579 1690 1690 1690 1685 1685 1685 1579 1579 1579 1578 1578 1578 1694 1694 1694 1694 1694 1694 1578 1578 1578 1580 1580 1580 1694 1694 1694 1580 1580 1580 1692 1692 1692 1705 1705 1705 1706 1706 1706 1707 1707 1707 1705 1705 1705 1707 1707 1707 1708 1708 1708 1707 1707 1707 1709 1709 1709 1704 1704 1704 1708 1708 1708 1707 1707 1707 1704 1704 1704 1708 1708 1708 1704 1704 1704 1701 1701 1701 1704 1704 1704 1709 1709 1709 1710 1710 1710 1704 1704 1704 1711 1711 1711 1702 1702 1702 1712 1712 1712 1706 1706 1706 1713 1713 1713 1706 1706 1706 1709 1709 1709 1707 1707 1707 1706 1706 1706 1712 1712 1712 1714 1714 1714 1713 1713 1713 1706 1706 1706 1705 1705 1705 1714 1714 1714 1715 1715 1715 1706 1706 1706 1714 1714 1714 1699 1699 1699 1698 1698 1698 1699 1699 1699 1714 1714 1714 1712 1712 1712 1698 1698 1698 1696 1696 1696 1695 1695 1695 1698 1698 1698 1716 1716 1716 1714 1714 1714 1697 1697 1697 1695 1695 1695 1717 1717 1717 1717 1717 1717 1695 1695 1695 1700 1700 1700 1716 1716 1716 1698 1698 1698 1697 1697 1697 1715 1715 1715 1714 1714 1714 1716 1716 1716 1709 1709 1709 1706 1706 1706 1715 1715 1715 1711 1711 1711 1704 1704 1704 1710 1710 1710 1576 1576 1576 1574 1574 1574 1573 1573 1573 1576 1576 1576 1702 1702 1702 1711 1711 1711 1577 1577 1577 1578 1578 1578 1574 1574 1574 1688 1688 1688 1690 1690 1690 1693 1693 1693 1700 1700 1700 1689 1689 1689 1688 1688 1688 1718 1718 1718 1719 1719 1719 1720 1720 1720 1718 1718 1718 1721 1721 1721 1722 1722 1722 1719 1719 1719 1718 1718 1718 1722 1722 1722 1720 1720 1720 1723 1723 1723 1724 1724 1724 1721 1721 1721 1718 1718 1718 1725 1725 1725 1725 1725 1725 1726 1726 1726 1727 1727 1727 1727 1727 1727 1721 1721 1721 1725 1725 1725 1726 1726 1726 1728 1728 1728 1729 1729 1729 1729 1729 1729 1727 1727 1727 1726 1726 1726 1728 1728 1728 1730 1730 1730 1731 1731 1731 1728 1728 1728 1731 1731 1731 1729 1729 1729 1731 1731 1731 1732 1732 1732 1733 1733 1733 1732 1732 1732 1731 1731 1731 1730 1730 1730 1733 1733 1733 1734 1734 1734 1735 1735 1735 1734 1734 1734 1733 1733 1733 1732 1732 1732 1735 1735 1735 1736 1736 1736 1737 1737 1737 1736 1736 1736 1735 1735 1735 1734 1734 1734 1736 1736 1736 1738 1738 1738 1739 1739 1739 1739 1739 1739 1737 1737 1737 1736 1736 1736 1738 1738 1738 1740 1740 1740 1739 1739 1739 1740 1740 1740 1738 1738 1738 1741 1741 1741 1741 1741 1741 1742 1742 1742 1740 1740 1740 1742 1742 1742 1741 1741 1741 1743 1743 1743 1743 1743 1743 1744 1744 1744 1742 1742 1742 1744 1744 1744 1724 1724 1724 1723 1723 1723 1744 1744 1744 1743 1743 1743 1745 1745 1745 1724 1724 1724 1744 1744 1744 1745 1745 1745 1723 1723 1723 1720 1720 1720 1719 1719 1719 1746 1746 1746 1747 1747 1747 1748 1748 1748 1747 1747 1747 1749 1749 1749 1750 1750 1750 1748 1748 1748 1751 1751 1751 1746 1746 1746 1749 1749 1749 1747 1747 1747 1746 1746 1746 1752 1752 1752 1753 1753 1753 1754 1754 1754 1753 1753 1753 1752 1752 1752 1755 1755 1755 1754 1754 1754 1756 1756 1756 1757 1757 1757 1756 1756 1756 1754 1754 1754 1753 1753 1753 1757 1757 1757 1751 1751 1751 1748 1748 1748 1755 1755 1755 1758 1758 1758 1759 1759 1759 1751 1751 1751 1757 1757 1757 1756 1756 1756 1758 1758 1758 1755 1755 1755 1752 1752 1752 1760 1760 1760 1761 1761 1761 1762 1762 1762 1761 1761 1761 1760 1760 1760 1763 1763 1763 1762 1762 1762 1761 1761 1761 1764 1764 1764 1763 1763 1763 1765 1765 1765 1766 1766 1766 1765 1765 1765 1767 1767 1767 1766 1766 1766 1765 1765 1765 1763 1763 1763 1760 1760 1760 1768 1768 1768 1649 1649 1649 1769 1769 1769 1649 1649 1649 1647 1647 1647 1644 1644 1644 1649 1649 1649 1768 1768 1768 1650 1650 1650 1769 1769 1769 1770 1770 1770 1768 1768 1768 1771 1771 1771 1767 1767 1767 1765 1765 1765 1771 1771 1771 1772 1772 1772 1767 1767 1767 1773 1773 1773 1772 1772 1772 1771 1771 1771 1772 1772 1772 1774 1774 1774 1775 1775 1775 1776 1776 1776 1770 1770 1770 1769 1769 1769 1770 1770 1770 1777 1777 1777 1778 1778 1778 1774 1774 1774 1772 1772 1772 1773 1773 1773 1775 1775 1775 1648 1648 1648 1779 1779 1779 1777 1777 1777 1770 1770 1770 1776 1776 1776 1778 1778 1778 1764 1764 1764 1780 1780 1780 1648 1648 1648 1645 1645 1645 1779 1779 1779 1648 1648 1648 1775 1775 1775 1774 1774 1774 1764 1764 1764 1761 1761 1761 1780 1780 1780 1764 1764 1764 1778 1778 1778 1777 1777 1777 1781 1781 1781 1782 1782 1782 1783 1783 1783 1781 1781 1781 1784 1784 1784 1785 1785 1785 1781 1781 1781 1786 1786 1786 1787 1787 1787 1784 1784 1784 1781 1781 1781 1788 1788 1788 1788 1788 1788 1783 1783 1783 1789 1789 1789 1790 1790 1790 1791 1791 1791 1792 1792 1792 1790 1790 1790 1793 1793 1793 1794 1794 1794 1790 1790 1790 1794 1794 1794 1795 1795 1795 1790 1790 1790 1795 1795 1795 1796 1796 1796 1790 1790 1790 1792 1792 1792 1793 1793 1793 1793 1793 1793 1797 1797 1797 1794 1794 1794 1791 1791 1791 1798 1798 1798 1799 1799 1799 1791 1791 1791 1800 1800 1800 1792 1792 1792 1794 1794 1794 1801 1801 1801 1795 1795 1795 1794 1794 1794 1797 1797 1797 1801 1801 1801 1798 1798 1798 1791 1791 1791 1790 1790 1790 1798 1798 1798 1802 1802 1802 1803 1803 1803 1798 1798 1798 1796 1796 1796 1804 1804 1804 1803 1803 1803 1805 1805 1805 1806 1806 1806 1803 1803 1803 1799 1799 1799 1798 1798 1798 1799 1799 1799 1807 1807 1807 1791 1791 1791 1799 1799 1799 1803 1803 1803 1806 1806 1806 1806 1806 1806 1808 1808 1808 1799 1799 1799 1809 1809 1809 1810 1810 1810 1811 1811 1811 1809 1809 1809 1812 1812 1812 1813 1813 1813 1812 1812 1812 1809 1809 1809 1814 1814 1814 1813 1813 1813 1815 1815 1815 1810 1810 1810 1813 1813 1813 1812 1812 1812 1816 1816 1816 1813 1813 1813 1816 1816 1816 1817 1817 1817 1817 1817 1817 1818 1818 1818 1815 1815 1815 1817 1817 1817 1819 1819 1819 1820 1820 1820 1817 1817 1817 1816 1816 1816 1819 1819 1819 1810 1810 1810 1821 1821 1821 1822 1822 1822 1810 1810 1810 1809 1809 1809 1813 1813 1813 1811 1811 1811 1823 1823 1823 1809 1809 1809 1811 1811 1811 1822 1822 1822 1824 1824 1824 1825 1825 1825 1826 1826 1826 1827 1827 1827 1825 1825 1825 1785 1785 1785 1826 1826 1826 1826 1826 1826 1785 1785 1785 1784 1784 1784 1827 1827 1827 1828 1828 1828 1829 1829 1829 1827 1827 1827 1830 1830 1830 1831 1831 1831 1827 1827 1827 1826 1826 1826 1832 1832 1832 1827 1827 1827 1833 1833 1833 1825 1825 1825 1827 1827 1827 1831 1831 1831 1828 1828 1828 1827 1827 1827 1832 1832 1832 1834 1834 1834 1827 1827 1827 1834 1834 1834 1830 1830 1830 1835 1835 1835 1836 1836 1836 1837 1837 1837 1835 1835 1835 1838 1838 1838 1836 1836 1836 1836 1836 1836 1839 1839 1839 1840 1840 1840 1836 1836 1836 1841 1841 1841 1842 1842 1842 1837 1837 1837 1843 1843 1843 1844 1844 1844 1845 1845 1845 1846 1846 1846 1847 1847 1847 1845 1845 1845 1848 1848 1848 1849 1849 1849 1848 1848 1848 1850 1850 1850 1851 1851 1851 1848 1848 1848 1847 1847 1847 1850 1850 1850 1848 1848 1848 1845 1845 1845 1847 1847 1847 1849 1849 1849 1852 1852 1852 1845 1845 1845 1847 1847 1847 1853 1853 1853 1850 1850 1850 1797 1797 1797 1793 1793 1793 1854 1854 1854 1854 1854 1854 1855 1855 1855 1797 1797 1797 1850 1850 1850 1856 1856 1856 1857 1857 1857 1851 1851 1851 1857 1857 1857 1858 1858 1858 1851 1851 1851 1850 1850 1850 1857 1857 1857 1820 1820 1820 1859 1859 1859 1860 1860 1860 1861 1861 1861 1862 1862 1862 1863 1863 1863 1862 1862 1862 1861 1861 1861 1864 1864 1864 1863 1863 1863 1837 1837 1837 1865 1865 1865 1863 1863 1863 1865 1865 1865 1861 1861 1861 1860 1860 1860 1818 1818 1818 1820 1820 1820 1860 1860 1860 1866 1866 1866 1867 1867 1867 1866 1866 1866 1860 1860 1860 1859 1859 1859 1867 1867 1867 1868 1868 1868 1860 1860 1860 1867 1867 1867 1842 1842 1842 1841 1841 1841 1859 1859 1859 1820 1820 1820 1819 1819 1819 1869 1869 1869 1841 1841 1841 1836 1836 1836 1869 1869 1869 1870 1870 1870 1871 1871 1871 1869 1869 1869 1836 1836 1836 1840 1840 1840 1841 1841 1841 1869 1869 1869 1872 1872 1872 1841 1841 1841 1873 1873 1873 1867 1867 1867 1839 1839 1839 1836 1836 1836 1838 1838 1838 1842 1842 1842 1867 1867 1867 1866 1866 1866 1872 1872 1872 1871 1871 1871 1873 1873 1873 1874 1874 1874 1837 1837 1837 1844 1844 1844 1843 1843 1843 1875 1875 1875 1876 1876 1876 1843 1843 1843 1837 1837 1837 1863 1863 1863 1843 1843 1843 1863 1863 1863 1875 1875 1875 1875 1875 1875 1863 1863 1863 1877 1877 1877 1878 1878 1878 1837 1837 1837 1874 1874 1874 1858 1858 1858 1857 1857 1857 1879 1879 1879 1879 1879 1879 1864 1864 1864 1858 1858 1858 1864 1864 1864 1879 1879 1879 1862 1862 1862 1880 1880 1880 1881 1881 1881 1882 1882 1882 1880 1880 1880 1883 1883 1883 1789 1789 1789 1880 1880 1880 1884 1884 1884 1885 1885 1885 1880 1880 1880 1886 1886 1886 1887 1887 1887 1880 1880 1880 1882 1882 1882 1886 1886 1886 1880 1880 1880 1885 1885 1885 1881 1881 1881 1883 1883 1883 1880 1880 1880 1887 1887 1887 1887 1887 1887 1888 1888 1888 1883 1883 1883 1888 1888 1888 1887 1887 1887 1870 1870 1870 1870 1870 1870 1869 1869 1869 1888 1888 1888 1870 1870 1870 1886 1886 1886 1889 1889 1889 1871 1871 1871 1872 1872 1872 1869 1869 1869 1871 1871 1871 1889 1889 1889 1890 1890 1890 1873 1873 1873 1841 1841 1841 1872 1872 1872 1873 1873 1873 1890 1890 1890 1868 1868 1868 1886 1886 1886 1870 1870 1870 1887 1887 1887 1889 1889 1889 1871 1871 1871 1870 1870 1870 1889 1889 1889 1882 1882 1882 1891 1891 1891 1890 1890 1890 1873 1873 1873 1871 1871 1871 1890 1890 1890 1891 1891 1891 1892 1892 1892 1868 1868 1868 1867 1867 1867 1873 1873 1873 1868 1868 1868 1892 1892 1892 1818 1818 1818 1882 1882 1882 1889 1889 1889 1886 1886 1886 1891 1891 1891 1890 1890 1890 1889 1889 1889 1891 1891 1891 1882 1882 1882 1893 1893 1893 1892 1892 1892 1815 1815 1815 1818 1818 1818 1892 1892 1892 1868 1868 1868 1890 1890 1890 1818 1818 1818 1817 1817 1817 1820 1820 1820 1818 1818 1818 1860 1860 1860 1868 1868 1868 1881 1881 1881 1894 1894 1894 1893 1893 1893 1893 1893 1893 1822 1822 1822 1821 1821 1821 1893 1893 1893 1882 1882 1882 1881 1881 1881 1821 1821 1821 1892 1892 1892 1891 1891 1891 1821 1821 1821 1891 1891 1891 1893 1893 1893 1821 1821 1821 1810 1810 1810 1815 1815 1815 1815 1815 1815 1892 1892 1892 1821 1821 1821 1815 1815 1815 1813 1813 1813 1817 1817 1817 1885 1885 1885 1895 1895 1895 1894 1894 1894 1894 1894 1894 1824 1824 1824 1822 1822 1822 1894 1894 1894 1881 1881 1881 1885 1885 1885 1822 1822 1822 1893 1893 1893 1894 1894 1894 1822 1822 1822 1811 1811 1811 1810 1810 1810 1834 1834 1834 1896 1896 1896 1897 1897 1897 1834 1834 1834 1832 1832 1832 1896 1896 1896 1897 1897 1897 1830 1830 1830 1834 1834 1834 1897 1897 1897 1896 1896 1896 1843 1843 1843 1897 1897 1897 1843 1843 1843 1876 1876 1876 1876 1876 1876 1877 1877 1877 1898 1898 1898 1876 1876 1876 1875 1875 1875 1877 1877 1877 1876 1876 1876 1899 1899 1899 1897 1897 1897 1877 1877 1877 1863 1863 1863 1862 1862 1862 1877 1877 1877 1862 1862 1862 1900 1900 1900 1830 1830 1830 1901 1901 1901 1831 1831 1831 1830 1830 1830 1897 1897 1897 1899 1899 1899 1899 1899 1899 1876 1876 1876 1898 1898 1898 1898 1898 1898 1877 1877 1877 1900 1900 1900 1898 1898 1898 1900 1900 1900 1902 1902 1902 1898 1898 1898 1901 1901 1901 1899 1899 1899 1900 1900 1900 1862 1862 1862 1879 1879 1879 1900 1900 1900 1879 1879 1879 1856 1856 1856 1831 1831 1831 1903 1903 1903 1828 1828 1828 1901 1901 1901 1898 1898 1898 1902 1902 1902 1901 1901 1901 1830 1830 1830 1899 1899 1899 1901 1901 1901 1904 1904 1904 1903 1903 1903 1902 1902 1902 1900 1900 1900 1856 1856 1856 1902 1902 1902 1853 1853 1853 1904 1904 1904 1856 1856 1856 1879 1879 1879 1857 1857 1857 1856 1856 1856 1850 1850 1850 1853 1853 1853 1828 1828 1828 1905 1905 1905 1829 1829 1829 1903 1903 1903 1831 1831 1831 1901 1901 1901 1903 1903 1903 1906 1906 1906 1905 1905 1905 1904 1904 1904 1846 1846 1846 1906 1906 1906 1904 1904 1904 1901 1901 1901 1902 1902 1902 1853 1853 1853 1902 1902 1902 1856 1856 1856 1853 1853 1853 1847 1847 1847 1846 1846 1846 1829 1829 1829 1907 1907 1907 1833 1833 1833 1905 1905 1905 1828 1828 1828 1903 1903 1903 1905 1905 1905 1908 1908 1908 1907 1907 1907 1906 1906 1906 1903 1903 1903 1904 1904 1904 1906 1906 1906 1909 1909 1909 1908 1908 1908 1846 1846 1846 1904 1904 1904 1853 1853 1853 1846 1846 1846 1845 1845 1845 1909 1909 1909 1824 1824 1824 1894 1894 1894 1895 1895 1895 1824 1824 1824 1910 1910 1910 1811 1811 1811 1833 1833 1833 1827 1827 1827 1829 1829 1829 1895 1895 1895 1911 1911 1911 1824 1824 1824 1895 1895 1895 1885 1885 1885 1884 1884 1884 1884 1884 1884 1880 1880 1880 1783 1783 1783 1884 1884 1884 1912 1912 1912 1895 1895 1895 1783 1783 1783 1913 1913 1913 1884 1884 1884 1783 1783 1783 1880 1880 1880 1789 1789 1789 1783 1783 1783 1788 1788 1788 1781 1781 1781 1909 1909 1909 1906 1906 1906 1846 1846 1846 1908 1908 1908 1905 1905 1905 1906 1906 1906 1907 1907 1907 1829 1829 1829 1905 1905 1905 1801 1801 1801 1855 1855 1855 1914 1914 1914 1795 1795 1795 1801 1801 1801 1915 1915 1915 1795 1795 1795 1915 1915 1915 1916 1916 1916 1915 1915 1915 1917 1917 1917 1916 1916 1916 1915 1915 1915 1914 1914 1914 1918 1918 1918 1917 1917 1917 1915 1915 1915 1919 1919 1919 1919 1919 1919 1918 1918 1918 1920 1920 1920 1919 1919 1919 1786 1786 1786 1917 1917 1917 1786 1786 1786 1781 1781 1781 1785 1785 1785 1786 1786 1786 1919 1919 1919 1787 1787 1787 1787 1787 1787 1920 1920 1920 1782 1782 1782 1921 1921 1921 1922 1922 1922 1923 1923 1923 1921 1921 1921 1914 1914 1914 1855 1855 1855 1921 1921 1921 1923 1923 1923 1924 1924 1924 1914 1914 1914 1915 1915 1915 1801 1801 1801 1914 1914 1914 1921 1921 1921 1925 1925 1925 1855 1855 1855 1801 1801 1801 1797 1797 1797 1855 1855 1855 1926 1926 1926 1921 1921 1921 1925 1925 1925 1918 1918 1918 1914 1914 1914 1925 1925 1925 1921 1921 1921 1924 1924 1924 1925 1925 1925 1924 1924 1924 1927 1927 1927 1918 1918 1918 1919 1919 1919 1915 1915 1915 1918 1918 1918 1925 1925 1925 1928 1928 1928 1928 1928 1928 1927 1927 1927 1929 1929 1929 1928 1928 1928 1920 1920 1920 1918 1918 1918 1928 1928 1928 1925 1925 1925 1927 1927 1927 1920 1920 1920 1928 1928 1928 1930 1930 1930 1920 1920 1920 1787 1787 1787 1919 1919 1919 1930 1930 1930 1782 1782 1782 1920 1920 1920 1930 1930 1930 1928 1928 1928 1929 1929 1929 1782 1782 1782 1930 1930 1930 1913 1913 1913 1782 1782 1782 1781 1781 1781 1787 1787 1787 1913 1913 1913 1783 1783 1783 1782 1782 1782 1913 1913 1913 1929 1929 1929 1912 1912 1912 1924 1924 1924 1923 1923 1923 1931 1931 1931 1924 1924 1924 1931 1931 1931 1932 1932 1932 1923 1923 1923 1933 1933 1933 1931 1931 1931 1923 1923 1923 1922 1922 1922 1933 1933 1933 1927 1927 1927 1934 1934 1934 1929 1929 1929 1929 1929 1929 1913 1913 1913 1930 1930 1930 1912 1912 1912 1884 1884 1884 1913 1913 1913 1912 1912 1912 1934 1934 1934 1911 1911 1911 1932 1932 1932 1927 1927 1927 1924 1924 1924 1932 1932 1932 1935 1935 1935 1934 1934 1934 1934 1934 1934 1910 1910 1910 1911 1911 1911 1934 1934 1934 1927 1927 1927 1932 1932 1932 1934 1934 1934 1912 1912 1912 1929 1929 1929 1911 1911 1911 1895 1895 1895 1912 1912 1912 1936 1936 1936 1931 1931 1931 1933 1933 1933 1936 1936 1936 1933 1933 1933 1922 1922 1922 1936 1936 1936 1937 1937 1937 1938 1938 1938 1922 1922 1922 1939 1939 1939 1936 1936 1936 1922 1922 1922 1921 1921 1921 1926 1926 1926 1938 1938 1938 1931 1931 1931 1936 1936 1936 1938 1938 1938 1932 1932 1932 1931 1931 1931 1938 1938 1938 1940 1940 1940 1935 1935 1935 1935 1935 1935 1823 1823 1823 1910 1910 1910 1935 1935 1935 1932 1932 1932 1938 1938 1938 1910 1910 1910 1824 1824 1824 1911 1911 1911 1910 1910 1910 1934 1934 1934 1935 1935 1935 1939 1939 1939 1922 1922 1922 1926 1926 1926 1939 1939 1939 1941 1941 1941 1937 1937 1937 1926 1926 1926 1942 1942 1942 1939 1939 1939 1926 1926 1926 1855 1855 1855 1943 1943 1943 1937 1937 1937 1936 1936 1936 1939 1939 1939 1937 1937 1937 1944 1944 1944 1940 1940 1940 1937 1937 1937 1941 1941 1941 1944 1944 1944 1940 1940 1940 1938 1938 1938 1937 1937 1937 1940 1940 1940 1945 1945 1945 1823 1823 1823 1940 1940 1940 1944 1944 1944 1945 1945 1945 1823 1823 1823 1814 1814 1814 1809 1809 1809 1823 1823 1823 1945 1945 1945 1814 1814 1814 1823 1823 1823 1935 1935 1935 1940 1940 1940 1823 1823 1823 1811 1811 1811 1910 1910 1910 1796 1796 1796 1916 1916 1916 1946 1946 1946 1796 1796 1796 1795 1795 1795 1916 1916 1916 1796 1796 1796 1798 1798 1798 1790 1790 1790 1804 1804 1804 1947 1947 1947 1802 1802 1802 1804 1804 1804 1946 1946 1946 1948 1948 1948 1946 1946 1946 1917 1917 1917 1949 1949 1949 1946 1946 1946 1916 1916 1916 1917 1917 1917 1946 1946 1946 1804 1804 1804 1796 1796 1796 1948 1948 1948 1946 1946 1946 1949 1949 1949 1948 1948 1948 1949 1949 1949 1950 1950 1950 1948 1948 1948 1951 1951 1951 1947 1947 1947 1949 1949 1949 1786 1786 1786 1952 1952 1952 1949 1949 1949 1917 1917 1917 1786 1786 1786 1950 1950 1950 1949 1949 1949 1952 1952 1952 1950 1950 1950 1952 1952 1952 1953 1953 1953 1952 1952 1952 1785 1785 1785 1825 1825 1825 1952 1952 1952 1786 1786 1786 1785 1785 1785 1953 1953 1953 1952 1952 1952 1825 1825 1825 1953 1953 1953 1825 1825 1825 1833 1833 1833 1802 1802 1802 1798 1798 1798 1804 1804 1804 1802 1802 1802 1954 1954 1954 1805 1805 1805 1947 1947 1947 1955 1955 1955 1954 1954 1954 1947 1947 1947 1804 1804 1804 1948 1948 1948 1951 1951 1951 1948 1948 1948 1950 1950 1950 1951 1951 1951 1950 1950 1950 1953 1953 1953 1951 1951 1951 1953 1953 1953 1956 1956 1956 1956 1956 1956 1953 1953 1953 1833 1833 1833 1956 1956 1956 1907 1907 1907 1957 1957 1957 1956 1956 1956 1833 1833 1833 1907 1907 1907 1805 1805 1805 1958 1958 1958 1808 1808 1808 1805 1805 1805 1803 1803 1803 1802 1802 1802 1954 1954 1954 1959 1959 1959 1958 1958 1958 1954 1954 1954 1802 1802 1802 1947 1947 1947 1955 1955 1955 1960 1960 1960 1959 1959 1959 1955 1955 1955 1956 1956 1956 1957 1957 1957 1955 1955 1955 1951 1951 1951 1956 1956 1956 1955 1955 1955 1947 1947 1947 1951 1951 1951 1957 1957 1957 1907 1907 1907 1908 1908 1908 1957 1957 1957 1908 1908 1908 1960 1960 1960 1808 1808 1808 1961 1961 1961 1807 1807 1807 1808 1808 1808 1806 1806 1806 1805 1805 1805 1958 1958 1958 1962 1962 1962 1961 1961 1961 1958 1958 1958 1805 1805 1805 1954 1954 1954 1959 1959 1959 1954 1954 1954 1955 1955 1955 1959 1959 1959 1852 1852 1852 1962 1962 1962 1960 1960 1960 1908 1908 1908 1909 1909 1909 1960 1960 1960 1955 1955 1955 1957 1957 1957 1960 1960 1960 1909 1909 1909 1852 1852 1852 1807 1807 1807 1799 1799 1799 1808 1808 1808 1807 1807 1807 1963 1963 1963 1800 1800 1800 1961 1961 1961 1808 1808 1808 1958 1958 1958 1961 1961 1961 1964 1964 1964 1963 1963 1963 1962 1962 1962 1958 1958 1958 1959 1959 1959 1962 1962 1962 1965 1965 1965 1964 1964 1964 1852 1852 1852 1959 1959 1959 1960 1960 1960 1852 1852 1852 1849 1849 1849 1965 1965 1965 1852 1852 1852 1909 1909 1909 1845 1845 1845 1942 1942 1942 1926 1926 1926 1943 1943 1943 1943 1943 1943 1855 1855 1855 1854 1854 1854 1941 1941 1941 1939 1939 1939 1942 1942 1942 1965 1965 1965 1962 1962 1962 1852 1852 1852 1964 1964 1964 1961 1961 1961 1962 1962 1962 1963 1963 1963 1807 1807 1807 1961 1961 1961 1800 1800 1800 1791 1791 1791 1807 1807 1807 1966 1966 1966 1967 1967 1967 1968 1968 1968 1966 1966 1966 1969 1969 1969 1970 1970 1970 1966 1966 1966 1971 1971 1971 1969 1969 1969 1966 1966 1966 1972 1972 1972 1971 1971 1971 1972 1972 1972 1966 1966 1966 1973 1973 1973 1971 1971 1971 1974 1974 1974 1975 1975 1975 1976 1976 1976 1977 1977 1977 1978 1978 1978 1976 1976 1976 1979 1979 1979 1980 1980 1980 1976 1976 1976 1981 1981 1981 1982 1982 1982 1976 1976 1976 1983 1983 1983 1979 1979 1979 1977 1977 1977 1976 1976 1976 1982 1982 1982 1983 1983 1983 1976 1976 1976 1978 1978 1978 1983 1983 1983 1984 1984 1984 1985 1985 1985 1979 1979 1979 1983 1983 1983 1986 1986 1986 1979 1979 1979 1987 1987 1987 1980 1980 1980 1979 1979 1979 1988 1988 1988 1987 1987 1987 1986 1986 1986 1989 1989 1989 1979 1979 1979 1986 1986 1986 1985 1985 1985 1990 1990 1990 1989 1989 1989 1986 1986 1986 1991 1991 1991 1989 1989 1989 1992 1992 1992 1988 1988 1988 1991 1991 1991 1990 1990 1990 1992 1992 1992 1982 1982 1982 1993 1993 1993 1977 1977 1977 1994 1994 1994 1995 1995 1995 1996 1996 1996 1994 1994 1994 1996 1996 1996 1997 1997 1997 1994 1994 1994 1998 1998 1998 1999 1999 1999 1995 1995 1995 1994 1994 1994 1999 1999 1999 1999 1999 1999 1998 1998 1998 2000 2000 2000 1999 1999 1999 2000 2000 2000 2001 2001 2001 1999 1999 1999 2002 2002 2002 1995 1995 1995 2002 2002 2002 1999 1999 1999 2001 2001 2001 2001 2001 2001 2003 2003 2003 2002 2002 2002 2001 2001 2001 2000 2000 2000 2004 2004 2004 2001 2001 2001 2004 2004 2004 2005 2005 2005 2006 2006 2006 1997 1997 1997 2007 2007 2007 2006 2006 2006 2008 2008 2008 1998 1998 1998 2006 2006 2006 1998 1998 1998 1994 1994 1994 1998 1998 1998 2008 2008 2008 2009 2009 2009 1998 1998 1998 2009 2009 2009 2000 2000 2000 1974 1974 1974 1972 1972 1972 2010 2010 2010 1974 1974 1974 2011 2011 2011 1972 1972 1972 2011 2011 2011 1975 1975 1975 2012 2012 2012 2011 2011 2011 1974 1974 1974 1971 1971 1971 1975 1975 1975 2013 2013 2013 2014 2014 2014 1975 1975 1975 2015 2015 2015 2013 2013 2013 1975 1975 1975 2014 2014 2014 2016 2016 2016 1975 1975 1975 2016 2016 2016 2017 2017 2017 1975 1975 1975 2017 2017 2017 2018 2018 2018 2019 2019 2019 2020 2020 2020 2021 2021 2021 2020 2020 2020 2019 2019 2019 2022 2022 2022 2020 2020 2020 2023 2023 2023 2024 2024 2024 2020 2020 2020 2024 2024 2024 2025 2025 2025 2020 2020 2020 2026 2026 2026 2023 2023 2023 2022 2022 2022 2027 2027 2027 2028 2028 2028 2022 2022 2022 2029 2029 2029 2030 2030 2030 2031 2031 2031 2032 2032 2032 2033 2033 2033 2031 2031 2031 2034 2034 2034 2035 2035 2035 2032 2032 2032 2036 2036 2036 2037 2037 2037 2033 2033 2033 2032 2032 2032 2037 2037 2037 2033 2033 2033 2038 2038 2038 2039 2039 2039 2037 2037 2037 2040 2040 2040 2038 2038 2038 1993 1993 1993 1982 1982 1982 2041 2041 2041 2042 2042 2042 1977 1977 1977 1993 1993 1993 2036 2036 2036 2043 2043 2043 2040 2040 2040 2036 2036 2036 2032 2032 2032 2044 2044 2044 2044 2044 2044 2045 2045 2045 2036 2036 2036 2003 2003 2003 2001 2001 2001 2005 2005 2005 2005 2005 2005 2046 2046 2046 2003 2003 2003 2047 2047 2047 2048 2048 2048 2029 2029 2029 2047 2047 2047 2049 2049 2049 2048 2048 2048 2029 2029 2029 2048 2048 2048 2030 2030 2030 2029 2029 2029 2028 2028 2028 2050 2050 2050 2051 2051 2051 2052 2052 2052 2053 2053 2053 2051 2051 2051 2054 2054 2054 2055 2055 2055 2051 2051 2051 2056 2056 2056 2052 2052 2052 2053 2053 2053 2004 2004 2004 2054 2054 2054 2053 2053 2053 2052 2052 2052 2046 2046 2046 2053 2053 2053 2046 2046 2046 2005 2005 2005 2057 2057 2057 2056 2056 2056 2051 2051 2051 2057 2057 2057 2020 2020 2020 2056 2056 2056 2057 2057 2057 2055 2055 2055 2058 2058 2058 2026 2026 2026 2057 2057 2057 2058 2058 2058 2026 2026 2026 2020 2020 2020 2057 2057 2057 2058 2058 2058 2059 2059 2059 2026 2026 2026 2060 2060 2060 2022 2022 2022 2019 2019 2019 2027 2027 2027 2022 2022 2022 2060 2060 2060 2028 2028 2028 2029 2029 2029 2022 2022 2022 2028 2028 2028 2061 2061 2061 2050 2050 2050 2050 2050 2050 2062 2062 2062 2029 2029 2029 2063 2063 2063 2064 2064 2064 2045 2045 2045 2064 2064 2064 2063 2063 2063 2049 2049 2049 2064 2064 2064 2049 2049 2049 2047 2047 2047 2045 2045 2045 2044 2044 2044 2063 2063 2063 2065 2065 2065 2066 2066 2066 2067 2067 2067 2065 2065 2065 2068 2068 2068 2066 2066 2066 2065 2065 2065 2069 2069 2069 2068 2068 2068 2065 2065 2065 2070 2070 2070 2071 2071 2071 2065 2065 2065 2072 2072 2072 2069 2069 2069 2071 2071 2071 2072 2072 2072 2065 2065 2065 2072 2072 2072 2071 2071 2071 2073 2073 2073 2072 2072 2072 2073 2073 2073 2074 2074 2074 2074 2074 2074 2073 2073 2073 2026 2026 2026 2074 2074 2074 2026 2026 2026 2059 2059 2059 2074 2074 2074 2069 2069 2069 2072 2072 2072 2059 2059 2059 2058 2058 2058 2055 2055 2055 2059 2059 2059 2075 2075 2075 2074 2074 2074 2055 2055 2055 2076 2076 2076 2059 2059 2059 2055 2055 2055 2057 2057 2057 2051 2051 2051 2069 2069 2069 2074 2074 2074 2075 2075 2075 2075 2075 2075 2068 2068 2068 2069 2069 2069 2075 2075 2075 2059 2059 2059 2076 2076 2076 2076 2076 2076 2055 2055 2055 2054 2054 2054 2076 2076 2076 2077 2077 2077 2075 2075 2075 2054 2054 2054 2051 2051 2051 2053 2053 2053 2054 2054 2054 2078 2078 2078 2076 2076 2076 2068 2068 2068 2075 2075 2075 2077 2077 2077 2068 2068 2068 2079 2079 2079 2066 2066 2066 2077 2077 2077 2076 2076 2076 2078 2078 2078 2077 2077 2077 2009 2009 2009 2079 2079 2079 2078 2078 2078 2054 2054 2054 2004 2004 2004 2004 2004 2004 2053 2053 2053 2005 2005 2005 2079 2079 2079 2068 2068 2068 2077 2077 2077 2079 2079 2079 2008 2008 2008 2080 2080 2080 2009 2009 2009 2077 2077 2077 2078 2078 2078 2000 2000 2000 2009 2009 2009 2078 2078 2078 2000 2000 2000 2078 2078 2078 2004 2004 2004 2080 2080 2080 2067 2067 2067 2066 2066 2066 2080 2080 2080 2066 2066 2066 2079 2079 2079 2008 2008 2008 2079 2079 2079 2009 2009 2009 2018 2018 2018 2012 2012 2012 1975 1975 1975 2012 2012 2012 2018 2018 2018 2081 2081 2081 2082 2082 2082 2018 2018 2018 2017 2017 2017 2082 2082 2082 2083 2083 2083 2061 2061 2061 2082 2082 2082 2081 2081 2081 2018 2018 2018 2081 2081 2081 2082 2082 2082 2028 2028 2028 2061 2061 2061 2062 2062 2062 2050 2050 2050 2061 2061 2061 2084 2084 2084 2062 2062 2062 2061 2061 2061 2028 2028 2028 2082 2082 2082 2062 2062 2062 2047 2047 2047 2029 2029 2029 2062 2062 2062 2085 2085 2085 2047 2047 2047 2017 2017 2017 2083 2083 2083 2082 2082 2082 2017 2017 2017 2086 2086 2086 2083 2083 2083 2083 2083 2083 2084 2084 2084 2061 2061 2061 2084 2084 2084 2085 2085 2085 2062 2062 2062 2084 2084 2084 2083 2083 2083 2086 2086 2086 2084 2084 2084 2086 2086 2086 2087 2087 2087 2085 2085 2085 2064 2064 2064 2047 2047 2047 2085 2085 2085 2084 2084 2084 2087 2087 2087 2085 2085 2085 2043 2043 2043 2064 2064 2064 2016 2016 2016 2088 2088 2088 2086 2086 2086 2086 2086 2086 2089 2089 2089 2087 2087 2087 2086 2086 2086 2017 2017 2017 2016 2016 2016 2087 2087 2087 2043 2043 2043 2085 2085 2085 2087 2087 2087 2040 2040 2040 2043 2043 2043 2043 2043 2043 2036 2036 2036 2045 2045 2045 2043 2043 2043 2045 2045 2045 2064 2064 2064 2014 2014 2014 2090 2090 2090 2088 2088 2088 2088 2088 2088 2016 2016 2016 2014 2014 2014 2088 2088 2088 2091 2091 2091 2089 2089 2089 2089 2089 2089 2086 2086 2086 2088 2088 2088 2089 2089 2089 2038 2038 2038 2040 2040 2040 2040 2040 2040 2087 2087 2087 2089 2089 2089 2040 2040 2040 2037 2037 2037 2036 2036 2036 2013 2013 2013 2092 2092 2092 2090 2090 2090 2090 2090 2090 2093 2093 2093 2091 2091 2091 2090 2090 2090 2014 2014 2014 2013 2013 2013 2091 2091 2091 2039 2039 2039 2038 2038 2038 2091 2091 2091 2088 2088 2088 2090 2090 2090 2038 2038 2038 2089 2089 2089 2091 2091 2091 2038 2038 2038 2033 2033 2033 2037 2037 2037 2094 2094 2094 2080 2080 2080 2008 2008 2008 2094 2094 2094 2007 2007 2007 2095 2095 2095 2094 2094 2094 2008 2008 2008 2006 2006 2006 2015 2015 2015 1974 1974 1974 2096 2096 2096 2015 2015 2015 1975 1975 1975 1974 1974 1974 2097 2097 2097 2065 2065 2065 2067 2067 2067 2097 2097 2097 2098 2098 2098 2099 2099 2099 2097 2097 2097 2067 2067 2067 2100 2100 2100 2100 2100 2100 2080 2080 2080 2094 2094 2094 2100 2100 2100 2067 2067 2067 2080 2080 2080 2100 2100 2100 2095 2095 2095 2098 2098 2098 1970 1970 1970 2099 2099 2099 1967 1967 1967 1970 1970 1970 1969 1969 1969 2065 2065 2065 1970 1970 1970 2065 2065 2065 2097 2097 2097 2039 2039 2039 2091 2091 2091 2093 2093 2093 2093 2093 2093 2090 2090 2090 2092 2092 2092 2092 2092 2092 2013 2013 2013 2015 2015 2015 2092 2092 2092 2015 2015 2015 2101 2101 2101 1981 1981 1981 1976 1976 1976 1980 1980 1980 1981 1981 1981 2041 2041 2041 1982 1982 1982 2041 2041 2041 2102 2102 2102 1993 1993 1993 2041 2041 2041 1981 1981 1981 2103 2103 2103 2104 2104 2104 2103 2103 2103 1981 1981 1981 2104 2104 2104 1980 1980 1980 2105 2105 2105 2103 2103 2103 2106 2106 2106 2107 2107 2107 2103 2103 2103 2108 2108 2108 2041 2041 2041 2106 2106 2106 2103 2103 2103 2104 2104 2104 2107 2107 2107 1973 1973 1973 1968 1968 1968 2107 2107 2107 2109 2109 2109 2103 2103 2103 1973 1973 1973 2107 2107 2107 2106 2106 2106 1968 1968 1968 1973 1973 1973 1966 1966 1966 1968 1968 1968 2110 2110 2110 2107 2107 2107 2108 2108 2108 2103 2103 2103 2109 2109 2109 2108 2108 2108 2111 2111 2111 2102 2102 2102 2111 2111 2111 2112 2112 2112 2102 2102 2102 2111 2111 2111 2113 2113 2113 2114 2114 2114 2111 2111 2111 2108 2108 2108 2115 2115 2115 2102 2102 2102 2042 2042 2042 1993 1993 1993 2102 2102 2102 2041 2041 2041 2108 2108 2108 2102 2102 2102 2116 2116 2116 2042 2042 2042 2115 2115 2115 2109 2109 2109 2117 2117 2117 2115 2115 2115 2113 2113 2113 2111 2111 2111 2115 2115 2115 2118 2118 2118 2113 2113 2113 2109 2109 2109 2107 2107 2107 2110 2110 2110 2109 2109 2109 2115 2115 2115 2108 2108 2108 2117 2117 2117 2118 2118 2118 2115 2115 2115 2117 2117 2117 2110 2110 2110 2119 2119 2119 2117 2117 2117 2120 2120 2120 2118 2118 2118 2110 2110 2110 1968 1968 1968 1967 1967 1967 2110 2110 2110 2117 2117 2117 2109 2109 2109 2119 2119 2119 1967 1967 1967 2099 2099 2099 2119 2119 2119 2120 2120 2120 2117 2117 2117 1967 1967 1967 1966 1966 1966 1970 1970 1970 1967 1967 1967 2119 2119 2119 2110 2110 2110 2099 2099 2099 1970 1970 1970 2097 2097 2097 2099 2099 2099 2120 2120 2120 2119 2119 2119 2113 2113 2113 2121 2121 2121 2122 2122 2122 2114 2114 2114 2123 2123 2123 2111 2111 2111 2114 2114 2114 2122 2122 2122 2124 2124 2124 2118 2118 2118 2120 2120 2120 2125 2125 2125 2120 2120 2120 2099 2099 2099 2098 2098 2098 2098 2098 2098 2097 2097 2097 2100 2100 2100 2098 2098 2098 2125 2125 2125 2120 2120 2120 2122 2122 2122 2114 2114 2114 2113 2113 2113 2122 2122 2122 2126 2126 2126 2127 2127 2127 2124 2124 2124 2127 2127 2127 2123 2123 2123 2121 2121 2121 2113 2113 2113 2118 2118 2118 2121 2121 2121 2125 2125 2125 2128 2128 2128 2125 2125 2125 2095 2095 2095 2007 2007 2007 2125 2125 2125 2098 2098 2098 2095 2095 2095 2125 2125 2125 2121 2121 2121 2118 2118 2118 2095 2095 2095 2100 2100 2100 2094 2094 2094 2127 2127 2127 2124 2124 2124 2122 2122 2122 2127 2127 2127 2129 2129 2129 2130 2130 2130 2123 2123 2123 2114 2114 2114 2124 2124 2124 2126 2126 2126 2121 2121 2121 2128 2128 2128 2126 2126 2126 2122 2122 2122 2121 2121 2121 2126 2126 2126 2128 2128 2128 2131 2131 2131 2128 2128 2128 2125 2125 2125 2007 2007 2007 2128 2128 2128 2007 2007 2007 1997 1997 1997 2007 2007 2007 2094 2094 2094 2006 2006 2006 2130 2130 2130 2123 2123 2123 2127 2127 2127 2130 2130 2130 2112 2112 2112 2123 2123 2123 2112 2112 2112 2111 2111 2111 2123 2123 2123 2129 2129 2129 2127 2127 2127 2126 2126 2126 2129 2129 2129 2126 2126 2126 2131 2131 2131 2131 2131 2131 2132 2132 2132 2129 2129 2129 2131 2131 2131 2128 2128 2128 1997 1997 1997 1997 1997 1997 2006 2006 2006 1994 1994 1994 1997 1997 1997 2133 2133 2133 2131 2131 2131 1980 1980 1980 1987 1987 1987 2105 2105 2105 1980 1980 1980 2104 2104 2104 1981 1981 1981 1987 1987 1987 2134 2134 2134 2105 2105 2105 1987 1987 1987 2135 2135 2135 2134 2134 2134 2105 2105 2105 2106 2106 2106 2104 2104 2104 2105 2105 2105 2134 2134 2134 2136 2136 2136 2134 2134 2134 2137 2137 2137 2138 2138 2138 2138 2138 2138 2137 2137 2137 2096 2096 2096 2138 2138 2138 2136 2136 2136 2134 2134 2134 2136 2136 2136 1973 1973 1973 2106 2106 2106 2136 2136 2136 2106 2106 2106 2105 2105 2105 2136 2136 2136 2138 2138 2138 2010 2010 2010 2096 2096 2096 2101 2101 2101 2015 2015 2015 2096 2096 2096 2010 2010 2010 2138 2138 2138 2010 2010 2010 1972 1972 1972 1973 1973 1973 2010 2010 2010 2096 2096 2096 1974 1974 1974 2010 2010 2010 1973 1973 1973 2136 2136 2136 1988 1988 1988 1979 1979 1979 1989 1989 1989 1988 1988 1988 2139 2139 2139 2135 2135 2135 2135 2135 2135 2140 2140 2140 2137 2137 2137 2135 2135 2135 1987 1987 1987 1988 1988 1988 2137 2137 2137 2134 2134 2134 2135 2135 2135 2101 2101 2101 2141 2141 2141 2092 2092 2092 2101 2101 2101 2096 2096 2096 2137 2137 2137 1992 1992 1992 1989 1989 1989 1991 1991 1991 1992 1992 1992 2142 2142 2142 2139 2139 2139 2139 2139 2139 1988 1988 1988 1992 1992 1992 2139 2139 2139 2143 2143 2143 2140 2140 2140 2140 2140 2140 2101 2101 2101 2137 2137 2137 2140 2140 2140 2135 2135 2135 2139 2139 2139 2140 2140 2140 2144 2144 2144 2141 2141 2141 2141 2141 2141 2101 2101 2101 2140 2140 2140 2141 2141 2141 2093 2093 2093 2092 2092 2092 2141 2141 2141 2144 2144 2144 2093 2093 2093 1990 1990 1990 2145 2145 2145 2142 2142 2142 1990 1990 1990 1991 1991 1991 1986 1986 1986 2142 2142 2142 2146 2146 2146 2143 2143 2143 2142 2142 2142 1992 1992 1992 1990 1990 1990 2143 2143 2143 2034 2034 2034 2144 2144 2144 2143 2143 2143 2139 2139 2139 2142 2142 2142 2144 2144 2144 2034 2034 2034 2039 2039 2039 2144 2144 2144 2039 2039 2039 2093 2093 2093 2144 2144 2144 2140 2140 2140 2143 2143 2143 1985 1985 1985 1986 1986 1986 1983 1983 1983 1985 1985 1985 2147 2147 2147 2145 2145 2145 2145 2145 2145 1990 1990 1990 1985 1985 1985 2145 2145 2145 2148 2148 2148 2146 2146 2146 2146 2146 2146 2142 2142 2142 2145 2145 2145 2146 2146 2146 2035 2035 2035 2034 2034 2034 2034 2034 2034 2033 2033 2033 2039 2039 2039 2034 2034 2034 2031 2031 2031 2033 2033 2033 2034 2034 2034 2143 2143 2143 2146 2146 2146 2116 2116 2116 2102 2102 2102 2112 2112 2112 2116 2116 2116 2112 2112 2112 2149 2149 2149 2149 2149 2149 2112 2112 2112 2130 2130 2130 2149 2149 2149 2130 2130 2130 2150 2150 2150 2150 2150 2150 2129 2129 2129 2132 2132 2132 2150 2150 2150 2130 2130 2130 2129 2129 2129 2132 2132 2132 2131 2131 2131 2133 2133 2133 2133 2133 2133 1997 1997 1997 1996 1996 1996 2035 2035 2035 2146 2146 2146 2148 2148 2148 2148 2148 2148 2145 2145 2145 2147 2147 2147 2147 2147 2147 1985 1985 1985 1984 1984 1984 1984 1984 1984 1983 1983 1983 1978 1978 1978 2151 2151 2151 2152 2152 2152 2153 2153 2153 2151 2151 2151 2154 2154 2154 2155 2155 2155 2151 2151 2151 2156 2156 2156 2154 2154 2154 2151 2151 2151 2157 2157 2157 2156 2156 2156 2157 2157 2157 2151 2151 2151 2158 2158 2158 2156 2156 2156 2159 2159 2159 2160 2160 2160 2161 2161 2161 2162 2162 2162 2163 2163 2163 2161 2161 2161 2164 2164 2164 2165 2165 2165 2161 2161 2161 2166 2166 2166 2164 2164 2164 2166 2166 2166 2161 2161 2161 2167 2167 2167 2166 2166 2166 2168 2168 2168 2169 2169 2169 2164 2164 2164 2170 2170 2170 2171 2171 2171 2164 2164 2164 2169 2169 2169 2172 2172 2172 2173 2173 2173 2174 2174 2174 2175 2175 2175 2173 2173 2173 2171 2171 2171 2176 2176 2176 2171 2171 2171 2173 2173 2173 2177 2177 2177 2171 2171 2171 2165 2165 2165 2164 2164 2164 2176 2176 2176 2178 2178 2178 2174 2174 2174 2176 2176 2176 2171 2171 2171 2179 2179 2179 2165 2165 2165 2171 2171 2171 2177 2177 2177 2165 2165 2165 2180 2180 2180 2162 2162 2162 2167 2167 2167 2163 2163 2163 2168 2168 2168 2181 2181 2181 2182 2182 2182 2183 2183 2183 2181 2181 2181 2183 2183 2183 2184 2184 2184 2181 2181 2181 2185 2185 2185 2186 2186 2186 2182 2182 2182 2181 2181 2181 2186 2186 2186 2186 2186 2186 2187 2187 2187 2182 2182 2182 2186 2186 2186 2188 2188 2188 2189 2189 2189 2186 2186 2186 2185 2185 2185 2188 2188 2188 2187 2187 2187 2186 2186 2186 2189 2189 2189 2189 2189 2189 2190 2190 2190 2187 2187 2187 2189 2189 2189 2191 2191 2191 2192 2192 2192 2189 2189 2189 2188 2188 2188 2191 2191 2191 2193 2193 2193 2185 2185 2185 2181 2181 2181 2193 2193 2193 2184 2184 2184 2194 2194 2194 2193 2193 2193 2195 2195 2195 2185 2185 2185 2185 2185 2185 2196 2196 2196 2188 2188 2188 2185 2185 2185 2195 2195 2195 2196 2196 2196 2159 2159 2159 2157 2157 2157 2197 2197 2197 2159 2159 2159 2198 2198 2198 2157 2157 2157 2198 2198 2198 2160 2160 2160 2199 2199 2199 2198 2198 2198 2159 2159 2159 2156 2156 2156 2160 2160 2160 2200 2200 2200 2201 2201 2201 2160 2160 2160 2202 2202 2202 2203 2203 2203 2160 2160 2160 2204 2204 2204 2205 2205 2205 2160 2160 2160 2205 2205 2205 2200 2200 2200 2160 2160 2160 2201 2201 2201 2202 2202 2202 2206 2206 2206 2207 2207 2207 2208 2208 2208 2209 2209 2209 2208 2208 2208 2207 2207 2207 2209 2209 2209 2210 2210 2210 2211 2211 2211 2212 2212 2212 2213 2213 2213 2214 2214 2214 2212 2212 2212 2215 2215 2215 2216 2216 2216 2213 2213 2213 2217 2217 2217 2218 2218 2218 2214 2214 2214 2213 2213 2213 2218 2218 2218 2214 2214 2214 2219 2219 2219 2220 2220 2220 2218 2218 2218 2221 2221 2221 2219 2219 2219 2174 2174 2174 2173 2173 2173 2176 2176 2176 2217 2217 2217 2213 2213 2213 2222 2222 2222 2217 2217 2217 2223 2223 2223 2221 2221 2221 2222 2222 2222 2224 2224 2224 2217 2217 2217 2190 2190 2190 2192 2192 2192 2225 2225 2225 2190 2190 2190 2189 2189 2189 2192 2192 2192 2226 2226 2226 2209 2209 2209 2227 2227 2227 2226 2226 2226 2227 2227 2227 2228 2228 2228 2227 2227 2227 2229 2229 2229 2230 2230 2230 2227 2227 2227 2211 2211 2211 2231 2231 2231 2228 2228 2228 2230 2230 2230 2232 2232 2232 2228 2228 2228 2227 2227 2227 2230 2230 2230 2230 2230 2230 2233 2233 2233 2234 2234 2234 2225 2225 2225 2192 2192 2192 2235 2235 2235 2225 2225 2225 2235 2235 2235 2236 2236 2236 2235 2235 2235 2191 2191 2191 2237 2237 2237 2236 2236 2236 2235 2235 2235 2238 2238 2238 2236 2236 2236 2238 2238 2238 2239 2239 2239 2238 2238 2238 2237 2237 2237 2240 2240 2240 2239 2239 2239 2241 2241 2241 2206 2206 2206 2239 2239 2239 2242 2242 2242 2241 2241 2241 2239 2239 2239 2238 2238 2238 2243 2243 2243 2242 2242 2242 2243 2243 2243 2244 2244 2244 2242 2242 2242 2239 2239 2239 2243 2243 2243 2241 2241 2241 2245 2245 2245 2206 2206 2206 2243 2243 2243 2240 2240 2240 2246 2246 2246 2244 2244 2244 2247 2247 2247 2248 2248 2248 2244 2244 2244 2243 2243 2243 2246 2246 2246 2246 2246 2246 2249 2249 2249 2244 2244 2244 2211 2211 2211 2227 2227 2227 2209 2209 2209 2211 2211 2211 2250 2250 2250 2251 2251 2251 2210 2210 2210 2209 2209 2209 2252 2252 2252 2252 2252 2252 2209 2209 2209 2207 2207 2207 2231 2231 2231 2251 2251 2251 2229 2229 2229 2232 2232 2232 2230 2230 2230 2234 2234 2234 2232 2232 2232 2234 2234 2234 2253 2253 2253 2234 2234 2234 2223 2223 2223 2224 2224 2224 2253 2253 2253 2234 2234 2234 2224 2224 2224 2224 2224 2224 2222 2222 2222 2253 2253 2253 2254 2254 2254 2255 2255 2255 2256 2256 2256 2254 2254 2254 2257 2257 2257 2258 2258 2258 2254 2254 2254 2258 2258 2258 2259 2259 2259 2254 2254 2254 2260 2260 2260 2257 2257 2257 2254 2254 2254 2259 2259 2259 2261 2261 2261 2256 2256 2256 2260 2260 2260 2254 2254 2254 2260 2260 2260 2256 2256 2256 2248 2248 2248 2260 2260 2260 2248 2248 2248 2247 2247 2247 2247 2247 2247 2244 2244 2244 2249 2249 2249 2247 2247 2247 2257 2257 2257 2260 2260 2260 2249 2249 2249 2262 2262 2262 2247 2247 2247 2249 2249 2249 2246 2246 2246 2240 2240 2240 2240 2240 2240 2263 2263 2263 2249 2249 2249 2240 2240 2240 2243 2243 2243 2238 2238 2238 2257 2257 2257 2247 2247 2247 2262 2262 2262 2262 2262 2262 2249 2249 2249 2263 2263 2263 2262 2262 2262 2258 2258 2258 2257 2257 2257 2263 2263 2263 2240 2240 2240 2237 2237 2237 2263 2263 2263 2264 2264 2264 2262 2262 2262 2237 2237 2237 2238 2238 2238 2235 2235 2235 2237 2237 2237 2265 2265 2265 2263 2263 2263 2258 2258 2258 2266 2266 2266 2259 2259 2259 2258 2258 2258 2262 2262 2262 2264 2264 2264 2264 2264 2264 2196 2196 2196 2266 2266 2266 2264 2264 2264 2263 2263 2263 2265 2265 2265 2265 2265 2265 2237 2237 2237 2191 2191 2191 2191 2191 2191 2235 2235 2235 2192 2192 2192 2266 2266 2266 2258 2258 2258 2264 2264 2264 2266 2266 2266 2195 2195 2195 2267 2267 2267 2196 2196 2196 2264 2264 2264 2265 2265 2265 2188 2188 2188 2196 2196 2196 2265 2265 2265 2188 2188 2188 2265 2265 2265 2191 2191 2191 2267 2267 2267 2259 2259 2259 2266 2266 2266 2267 2267 2267 2261 2261 2261 2259 2259 2259 2195 2195 2195 2266 2266 2266 2196 2196 2196 2203 2203 2203 2199 2199 2199 2160 2160 2160 2199 2199 2199 2203 2203 2203 2268 2268 2268 2250 2250 2250 2269 2269 2269 2251 2251 2251 2250 2250 2250 2203 2203 2203 2202 2202 2202 2250 2250 2250 2268 2268 2268 2203 2203 2203 2268 2268 2268 2250 2250 2250 2211 2211 2211 2251 2251 2251 2231 2231 2231 2211 2211 2211 2229 2229 2229 2270 2270 2270 2233 2233 2233 2229 2229 2229 2227 2227 2227 2231 2231 2231 2202 2202 2202 2271 2271 2271 2269 2269 2269 2202 2202 2202 2269 2269 2269 2250 2250 2250 2269 2269 2269 2270 2270 2270 2251 2251 2251 2270 2270 2270 2271 2271 2271 2272 2272 2272 2270 2270 2270 2269 2269 2269 2271 2271 2271 2270 2270 2270 2229 2229 2229 2251 2251 2251 2233 2233 2233 2272 2272 2272 2223 2223 2223 2233 2233 2233 2230 2230 2230 2229 2229 2229 2201 2201 2201 2273 2273 2273 2271 2271 2271 2271 2271 2271 2274 2274 2274 2272 2272 2272 2271 2271 2271 2202 2202 2202 2201 2201 2201 2272 2272 2272 2233 2233 2233 2270 2270 2270 2272 2272 2272 2221 2221 2221 2223 2223 2223 2223 2223 2223 2234 2234 2234 2233 2233 2233 2223 2223 2223 2217 2217 2217 2224 2224 2224 2200 2200 2200 2275 2275 2275 2273 2273 2273 2273 2273 2273 2276 2276 2276 2274 2274 2274 2273 2273 2273 2201 2201 2201 2200 2200 2200 2274 2274 2274 2219 2219 2219 2221 2221 2221 2274 2274 2274 2271 2271 2271 2273 2273 2273 2221 2221 2221 2218 2218 2218 2217 2217 2217 2221 2221 2221 2272 2272 2272 2274 2274 2274 2205 2205 2205 2277 2277 2277 2275 2275 2275 2275 2275 2275 2200 2200 2200 2205 2205 2205 2275 2275 2275 2278 2278 2278 2276 2276 2276 2276 2276 2276 2273 2273 2273 2275 2275 2275 2276 2276 2276 2220 2220 2220 2219 2219 2219 2219 2219 2219 2274 2274 2274 2276 2276 2276 2219 2219 2219 2214 2214 2214 2218 2218 2218 2279 2279 2279 2194 2194 2194 2280 2280 2280 2279 2279 2279 2267 2267 2267 2195 2195 2195 2279 2279 2279 2195 2195 2195 2193 2193 2193 2204 2204 2204 2159 2159 2159 2281 2281 2281 2204 2204 2204 2160 2160 2160 2159 2159 2159 2282 2282 2282 2283 2283 2283 2284 2284 2284 2282 2282 2282 2254 2254 2254 2261 2261 2261 2282 2282 2282 2261 2261 2261 2285 2285 2285 2285 2285 2285 2261 2261 2261 2267 2267 2267 2285 2285 2285 2267 2267 2267 2279 2279 2279 2285 2285 2285 2280 2280 2280 2283 2283 2283 2155 2155 2155 2284 2284 2284 2152 2152 2152 2155 2155 2155 2154 2154 2154 2254 2254 2254 2155 2155 2155 2254 2254 2254 2282 2282 2282 2220 2220 2220 2276 2276 2276 2278 2278 2278 2278 2278 2278 2275 2275 2275 2277 2277 2277 2277 2277 2277 2204 2204 2204 2286 2286 2286 2277 2277 2277 2205 2205 2205 2204 2204 2204 2178 2178 2178 2176 2176 2176 2179 2179 2179 2178 2178 2178 2287 2287 2287 2174 2174 2174 2179 2179 2179 2170 2170 2170 2288 2288 2288 2179 2179 2179 2289 2289 2289 2178 2178 2178 2289 2289 2289 2290 2290 2290 2291 2291 2291 2289 2289 2289 2292 2292 2292 2178 2178 2178 2289 2289 2289 2179 2179 2179 2288 2288 2288 2290 2290 2290 2289 2289 2289 2288 2288 2288 2291 2291 2291 2158 2158 2158 2153 2153 2153 2291 2291 2291 2293 2293 2293 2289 2289 2289 2158 2158 2158 2291 2291 2291 2290 2290 2290 2153 2153 2153 2294 2294 2294 2291 2291 2291 2153 2153 2153 2158 2158 2158 2151 2151 2151 2292 2292 2292 2289 2289 2289 2293 2293 2293 2292 2292 2292 2295 2295 2295 2287 2287 2287 2295 2295 2295 2296 2296 2296 2287 2287 2287 2295 2295 2295 2292 2292 2292 2297 2297 2297 2287 2287 2287 2178 2178 2178 2292 2292 2292 2287 2287 2287 2298 2298 2298 2175 2175 2175 2287 2287 2287 2175 2175 2175 2174 2174 2174 2297 2297 2297 2293 2293 2293 2299 2299 2299 2293 2293 2293 2291 2291 2291 2294 2294 2294 2293 2293 2293 2297 2297 2297 2292 2292 2292 2299 2299 2299 2294 2294 2294 2300 2300 2300 2294 2294 2294 2153 2153 2153 2152 2152 2152 2294 2294 2294 2299 2299 2299 2293 2293 2293 2300 2300 2300 2152 2152 2152 2284 2284 2284 2152 2152 2152 2151 2151 2151 2155 2155 2155 2152 2152 2152 2300 2300 2300 2294 2294 2294 2284 2284 2284 2301 2301 2301 2300 2300 2300 2284 2284 2284 2155 2155 2155 2282 2282 2282 2302 2302 2302 2295 2295 2295 2297 2297 2297 2302 2302 2302 2303 2303 2303 2295 2295 2295 2302 2302 2302 2304 2304 2304 2305 2305 2305 2303 2303 2303 2306 2306 2306 2295 2295 2295 2303 2303 2303 2302 2302 2302 2307 2307 2307 2304 2304 2304 2302 2302 2302 2297 2297 2297 2304 2304 2304 2297 2297 2297 2299 2299 2299 2304 2304 2304 2301 2301 2301 2308 2308 2308 2301 2301 2301 2304 2304 2304 2299 2299 2299 2301 2301 2301 2299 2299 2299 2300 2300 2300 2301 2301 2301 2284 2284 2284 2283 2283 2283 2283 2283 2283 2308 2308 2308 2301 2301 2301 2283 2283 2283 2282 2282 2282 2285 2285 2285 2307 2307 2307 2302 2302 2302 2305 2305 2305 2307 2307 2307 2309 2309 2309 2303 2303 2303 2307 2307 2307 2305 2305 2305 2310 2310 2310 2307 2307 2307 2310 2310 2310 2311 2311 2311 2309 2309 2309 2307 2307 2307 2311 2311 2311 2309 2309 2309 2311 2311 2311 2306 2306 2306 2305 2305 2305 2308 2308 2308 2312 2312 2312 2308 2308 2308 2305 2305 2305 2304 2304 2304 2308 2308 2308 2283 2283 2283 2280 2280 2280 2308 2308 2308 2280 2280 2280 2194 2194 2194 2280 2280 2280 2285 2285 2285 2279 2279 2279 2311 2311 2311 2313 2313 2313 2314 2314 2314 2311 2311 2311 2314 2314 2314 2306 2306 2306 2306 2306 2306 2303 2303 2303 2309 2309 2309 2306 2306 2306 2314 2314 2314 2296 2296 2296 2310 2310 2310 2305 2305 2305 2312 2312 2312 2310 2310 2310 2313 2313 2313 2311 2311 2311 2310 2310 2310 2312 2312 2312 2315 2315 2315 2312 2312 2312 2308 2308 2308 2194 2194 2194 2312 2312 2312 2194 2194 2194 2184 2184 2184 2194 2194 2194 2279 2279 2279 2193 2193 2193 2314 2314 2314 2316 2316 2316 2296 2296 2296 2314 2314 2314 2317 2317 2317 2316 2316 2316 2296 2296 2296 2316 2316 2316 2298 2298 2298 2296 2296 2296 2295 2295 2295 2306 2306 2306 2313 2313 2313 2317 2317 2317 2314 2314 2314 2313 2313 2313 2310 2310 2310 2315 2315 2315 2315 2315 2315 2312 2312 2312 2184 2184 2184 2315 2315 2315 2318 2318 2318 2313 2313 2313 2184 2184 2184 2193 2193 2193 2181 2181 2181 2184 2184 2184 2319 2319 2319 2315 2315 2315 2170 2170 2170 2164 2164 2164 2172 2172 2172 2170 2170 2170 2179 2179 2179 2171 2171 2171 2172 2172 2172 2320 2320 2320 2170 2170 2170 2172 2172 2172 2321 2321 2321 2322 2322 2322 2320 2320 2320 2288 2288 2288 2170 2170 2170 2320 2320 2320 2290 2290 2290 2288 2288 2288 2320 2320 2320 2322 2322 2322 2323 2323 2323 2320 2320 2320 2172 2172 2172 2322 2322 2322 2322 2322 2322 2324 2324 2324 2325 2325 2325 2325 2325 2325 2324 2324 2324 2281 2281 2281 2325 2325 2325 2323 2323 2323 2322 2322 2322 2323 2323 2323 2158 2158 2158 2290 2290 2290 2323 2323 2323 2290 2290 2290 2320 2320 2320 2323 2323 2323 2325 2325 2325 2197 2197 2197 2281 2281 2281 2286 2286 2286 2204 2204 2204 2281 2281 2281 2197 2197 2197 2325 2325 2325 2197 2197 2197 2157 2157 2157 2158 2158 2158 2197 2197 2197 2158 2158 2158 2323 2323 2323 2197 2197 2197 2281 2281 2281 2159 2159 2159 2169 2169 2169 2164 2164 2164 2166 2166 2166 2169 2169 2169 2326 2326 2326 2321 2321 2321 2321 2321 2321 2172 2172 2172 2169 2169 2169 2321 2321 2321 2327 2327 2327 2324 2324 2324 2324 2324 2324 2322 2322 2322 2321 2321 2321 2286 2286 2286 2281 2281 2281 2324 2324 2324 2286 2286 2286 2328 2328 2328 2277 2277 2277 2168 2168 2168 2166 2166 2166 2167 2167 2167 2168 2168 2168 2329 2329 2329 2326 2326 2326 2326 2326 2326 2169 2169 2169 2168 2168 2168 2326 2326 2326 2330 2330 2330 2327 2327 2327 2327 2327 2327 2286 2286 2286 2324 2324 2324 2327 2327 2327 2331 2331 2331 2328 2328 2328 2327 2327 2327 2321 2321 2321 2326 2326 2326 2328 2328 2328 2286 2286 2286 2327 2327 2327 2328 2328 2328 2278 2278 2278 2277 2277 2277 2328 2328 2328 2331 2331 2331 2278 2278 2278 2163 2163 2163 2332 2332 2332 2329 2329 2329 2163 2163 2163 2167 2167 2167 2161 2161 2161 2329 2329 2329 2333 2333 2333 2330 2330 2330 2329 2329 2329 2168 2168 2168 2163 2163 2163 2330 2330 2330 2215 2215 2215 2331 2331 2331 2330 2330 2330 2326 2326 2326 2329 2329 2329 2331 2331 2331 2327 2327 2327 2330 2330 2330 2331 2331 2331 2215 2215 2215 2220 2220 2220 2331 2331 2331 2220 2220 2220 2278 2278 2278 2162 2162 2162 2161 2161 2161 2165 2165 2165 2162 2162 2162 2334 2334 2334 2332 2332 2332 2332 2332 2332 2335 2335 2335 2333 2333 2333 2332 2332 2332 2163 2163 2163 2162 2162 2162 2333 2333 2333 2216 2216 2216 2215 2215 2215 2333 2333 2333 2329 2329 2329 2332 2332 2332 2215 2215 2215 2212 2212 2212 2214 2214 2214 2215 2215 2215 2214 2214 2214 2220 2220 2220 2215 2215 2215 2330 2330 2330 2333 2333 2333 2298 2298 2298 2287 2287 2287 2296 2296 2296 2317 2317 2317 2313 2313 2313 2318 2318 2318 2318 2318 2318 2315 2315 2315 2319 2319 2319 2319 2319 2319 2184 2184 2184 2183 2183 2183 2216 2216 2216 2333 2333 2333 2335 2335 2335 2335 2335 2335 2332 2332 2332 2334 2334 2334 2334 2334 2334 2162 2162 2162 2180 2180 2180 2180 2180 2180 2165 2165 2165 2177 2177 2177 2336 2336 2336 2337 2337 2337 2338 2338 2338 2336 2336 2336 2339 2339 2339 2340 2340 2340 2336 2336 2336 2341 2341 2341 2342 2342 2342 2341 2341 2341 2336 2336 2336 2343 2343 2343 2343 2343 2343 2338 2338 2338 2344 2344 2344 2345 2345 2345 2346 2346 2346 2347 2347 2347 2345 2345 2345 2347 2347 2347 2348 2348 2348 2345 2345 2345 2349 2349 2349 2346 2346 2346 2349 2349 2349 2350 2350 2350 2346 2346 2346 2349 2349 2349 2351 2351 2351 2352 2352 2352 2351 2351 2351 2353 2353 2353 2354 2354 2354 2351 2351 2351 2349 2349 2349 2345 2345 2345 2354 2354 2354 2352 2352 2352 2351 2351 2351 2354 2354 2354 2355 2355 2355 2356 2356 2356 2352 2352 2352 2354 2354 2354 2356 2356 2356 2352 2352 2352 2357 2357 2357 2349 2349 2349 2356 2356 2356 2358 2358 2358 2352 2352 2352 2359 2359 2359 2360 2360 2360 2361 2361 2361 2359 2359 2359 2362 2362 2362 2363 2363 2363 2362 2362 2362 2359 2359 2359 2364 2364 2364 2363 2363 2363 2365 2365 2365 2360 2360 2360 2363 2363 2363 2366 2366 2366 2367 2367 2367 2363 2363 2363 2362 2362 2362 2366 2366 2366 2367 2367 2367 2368 2368 2368 2365 2365 2365 2367 2367 2367 2369 2369 2369 2370 2370 2370 2367 2367 2367 2366 2366 2366 2369 2369 2369 2360 2360 2360 2359 2359 2359 2363 2363 2363 2360 2360 2360 2371 2371 2371 2372 2372 2372 2361 2361 2361 2373 2373 2373 2359 2359 2359 2361 2361 2361 2372 2372 2372 2374 2374 2374 2375 2375 2375 2376 2376 2376 2377 2377 2377 2375 2375 2375 2342 2342 2342 2376 2376 2376 2376 2376 2376 2342 2342 2342 2341 2341 2341 2377 2377 2377 2378 2378 2378 2379 2379 2379 2377 2377 2377 2380 2380 2380 2375 2375 2375 2377 2377 2377 2381 2381 2381 2382 2382 2382 2377 2377 2377 2383 2383 2383 2381 2381 2381 2377 2377 2377 2379 2379 2379 2383 2383 2383 2377 2377 2377 2376 2376 2376 2384 2384 2384 2377 2377 2377 2384 2384 2384 2378 2378 2378 2385 2385 2385 2386 2386 2386 2387 2387 2387 2386 2386 2386 2385 2385 2385 2388 2388 2388 2386 2386 2386 2389 2389 2389 2390 2390 2390 2386 2386 2386 2388 2388 2388 2391 2391 2391 2387 2387 2387 2392 2392 2392 2393 2393 2393 2387 2387 2387 2394 2394 2394 2385 2385 2385 2387 2387 2387 2395 2395 2395 2394 2394 2394 2387 2387 2387 2393 2393 2393 2395 2395 2395 2396 2396 2396 2397 2397 2397 2398 2398 2398 2396 2396 2396 2399 2399 2399 2400 2400 2400 2399 2399 2399 2396 2396 2396 2398 2398 2398 2399 2399 2399 2398 2398 2398 2401 2401 2401 2399 2399 2399 2401 2401 2401 2402 2402 2402 2400 2400 2400 2403 2403 2403 2396 2396 2396 2398 2398 2398 2404 2404 2404 2401 2401 2401 2405 2405 2405 2348 2348 2348 2347 2347 2347 2405 2405 2405 2347 2347 2347 2406 2406 2406 2401 2401 2401 2407 2407 2407 2408 2408 2408 2402 2402 2402 2401 2401 2401 2408 2408 2408 2402 2402 2402 2408 2408 2408 2409 2409 2409 2370 2370 2370 2369 2369 2369 2410 2410 2410 2411 2411 2411 2412 2412 2412 2413 2413 2413 2412 2412 2412 2414 2414 2414 2415 2415 2415 2412 2412 2412 2387 2387 2387 2413 2413 2413 2412 2412 2412 2411 2411 2411 2414 2414 2414 2414 2414 2414 2416 2416 2416 2417 2417 2417 2414 2414 2414 2418 2418 2418 2416 2416 2416 2414 2414 2414 2417 2417 2417 2415 2415 2415 2419 2419 2419 2368 2368 2368 2370 2370 2370 2419 2419 2419 2410 2410 2410 2420 2420 2420 2410 2410 2410 2419 2419 2419 2370 2370 2370 2420 2420 2420 2421 2421 2421 2419 2419 2419 2421 2421 2421 2420 2420 2420 2390 2390 2390 2421 2421 2421 2422 2422 2422 2419 2419 2419 2423 2423 2423 2386 2386 2386 2391 2391 2391 2389 2389 2389 2424 2424 2424 2421 2421 2421 2389 2389 2389 2425 2425 2425 2426 2426 2426 2390 2390 2390 2389 2389 2389 2421 2421 2421 2425 2425 2425 2386 2386 2386 2423 2423 2423 2425 2425 2425 2389 2389 2389 2386 2386 2386 2425 2425 2425 2427 2427 2427 2428 2428 2428 2426 2426 2426 2428 2428 2428 2424 2424 2424 2392 2392 2392 2412 2412 2412 2429 2429 2429 2392 2392 2392 2387 2387 2387 2412 2412 2412 2392 2392 2392 2430 2430 2430 2431 2431 2431 2429 2429 2429 2415 2415 2415 2430 2430 2430 2409 2409 2409 2416 2416 2416 2418 2418 2418 2416 2416 2416 2407 2407 2407 2417 2417 2417 2416 2416 2416 2408 2408 2408 2407 2407 2407 2416 2416 2416 2409 2409 2409 2408 2408 2408 2418 2418 2418 2414 2414 2414 2411 2411 2411 2432 2432 2432 2433 2433 2433 2434 2434 2434 2432 2432 2432 2435 2435 2435 2436 2436 2436 2432 2432 2432 2437 2437 2437 2438 2438 2438 2432 2432 2432 2438 2438 2438 2435 2435 2435 2432 2432 2432 2439 2439 2439 2344 2344 2344 2432 2432 2432 2434 2434 2434 2437 2437 2437 2439 2439 2439 2432 2432 2432 2436 2436 2436 2436 2436 2436 2440 2440 2440 2439 2439 2439 2440 2440 2440 2436 2436 2436 2427 2427 2427 2427 2427 2427 2425 2425 2425 2440 2440 2440 2427 2427 2427 2435 2435 2435 2441 2441 2441 2428 2428 2428 2426 2426 2426 2425 2425 2425 2428 2428 2428 2441 2441 2441 2442 2442 2442 2424 2424 2424 2442 2442 2442 2422 2422 2422 2424 2424 2424 2389 2389 2389 2426 2426 2426 2435 2435 2435 2427 2427 2427 2436 2436 2436 2441 2441 2441 2438 2438 2438 2443 2443 2443 2441 2441 2441 2428 2428 2428 2427 2427 2427 2442 2442 2442 2424 2424 2424 2428 2428 2428 2442 2442 2442 2443 2443 2443 2444 2444 2444 2422 2422 2422 2444 2444 2444 2368 2368 2368 2422 2422 2422 2421 2421 2421 2424 2424 2424 2438 2438 2438 2441 2441 2441 2435 2435 2435 2443 2443 2443 2442 2442 2442 2441 2441 2441 2443 2443 2443 2438 2438 2438 2445 2445 2445 2444 2444 2444 2365 2365 2365 2368 2368 2368 2444 2444 2444 2422 2422 2422 2442 2442 2442 2368 2368 2368 2367 2367 2367 2370 2370 2370 2368 2368 2368 2419 2419 2419 2422 2422 2422 2437 2437 2437 2446 2446 2446 2445 2445 2445 2445 2445 2445 2372 2372 2372 2371 2371 2371 2445 2445 2445 2438 2438 2438 2437 2437 2437 2371 2371 2371 2360 2360 2360 2365 2365 2365 2371 2371 2371 2443 2443 2443 2445 2445 2445 2371 2371 2371 2444 2444 2444 2443 2443 2443 2365 2365 2365 2363 2363 2363 2367 2367 2367 2365 2365 2365 2444 2444 2444 2371 2371 2371 2434 2434 2434 2447 2447 2447 2446 2446 2446 2446 2446 2446 2437 2437 2437 2434 2434 2434 2446 2446 2446 2374 2374 2374 2372 2372 2372 2372 2372 2372 2445 2445 2445 2446 2446 2446 2372 2372 2372 2361 2361 2361 2360 2360 2360 2378 2378 2378 2384 2384 2384 2448 2448 2448 2378 2378 2378 2448 2448 2448 2431 2431 2431 2431 2431 2431 2379 2379 2379 2378 2378 2378 2431 2431 2431 2448 2448 2448 2392 2392 2392 2430 2430 2430 2392 2392 2392 2429 2429 2429 2430 2430 2430 2449 2449 2449 2431 2431 2431 2415 2415 2415 2429 2429 2429 2412 2412 2412 2415 2415 2415 2450 2450 2450 2430 2430 2430 2415 2415 2415 2417 2417 2417 2450 2450 2450 2379 2379 2379 2451 2451 2451 2383 2383 2383 2379 2379 2379 2431 2431 2431 2449 2449 2449 2449 2449 2449 2430 2430 2430 2450 2450 2450 2450 2450 2450 2451 2451 2451 2449 2449 2449 2383 2383 2383 2452 2452 2452 2381 2381 2381 2451 2451 2451 2379 2379 2379 2449 2449 2449 2451 2451 2451 2453 2453 2453 2452 2452 2452 2451 2451 2451 2450 2450 2450 2454 2454 2454 2454 2454 2454 2404 2404 2404 2453 2453 2453 2454 2454 2454 2450 2450 2450 2417 2417 2417 2407 2407 2407 2401 2401 2401 2404 2404 2404 2407 2407 2407 2454 2454 2454 2417 2417 2417 2381 2381 2381 2455 2455 2455 2382 2382 2382 2452 2452 2452 2456 2456 2456 2455 2455 2455 2452 2452 2452 2383 2383 2383 2451 2451 2451 2453 2453 2453 2397 2397 2397 2456 2456 2456 2453 2453 2453 2451 2451 2451 2454 2454 2454 2404 2404 2404 2454 2454 2454 2407 2407 2407 2404 2404 2404 2398 2398 2398 2397 2397 2397 2382 2382 2382 2457 2457 2457 2380 2380 2380 2455 2455 2455 2458 2458 2458 2457 2457 2457 2455 2455 2455 2381 2381 2381 2452 2452 2452 2456 2456 2456 2459 2459 2459 2458 2458 2458 2456 2456 2456 2452 2452 2452 2453 2453 2453 2397 2397 2397 2396 2396 2396 2459 2459 2459 2397 2397 2397 2453 2453 2453 2404 2404 2404 2374 2374 2374 2460 2460 2460 2361 2361 2361 2374 2374 2374 2446 2446 2446 2447 2447 2447 2380 2380 2380 2377 2377 2377 2382 2382 2382 2447 2447 2447 2461 2461 2461 2374 2374 2374 2447 2447 2447 2434 2434 2434 2433 2433 2433 2433 2433 2433 2432 2432 2432 2338 2338 2338 2433 2433 2433 2462 2462 2462 2447 2447 2447 2338 2338 2338 2463 2463 2463 2433 2433 2433 2338 2338 2338 2343 2343 2343 2336 2336 2336 2338 2338 2338 2432 2432 2432 2344 2344 2344 2459 2459 2459 2456 2456 2456 2397 2397 2397 2458 2458 2458 2455 2455 2455 2456 2456 2456 2457 2457 2457 2382 2382 2382 2455 2455 2455 2464 2464 2464 2348 2348 2348 2405 2405 2405 2464 2464 2464 2465 2465 2465 2348 2348 2348 2464 2464 2464 2466 2466 2466 2467 2467 2467 2465 2465 2465 2468 2468 2468 2345 2345 2345 2465 2465 2465 2345 2345 2345 2348 2348 2348 2469 2469 2469 2467 2467 2467 2470 2470 2470 2469 2469 2469 2471 2471 2471 2465 2465 2465 2469 2469 2469 2465 2465 2465 2464 2464 2464 2469 2469 2469 2472 2472 2472 2471 2471 2471 2471 2471 2471 2468 2468 2468 2465 2465 2465 2471 2471 2471 2473 2473 2473 2468 2468 2468 2472 2472 2472 2469 2469 2469 2474 2474 2474 2474 2474 2474 2339 2339 2339 2472 2472 2472 2474 2474 2474 2470 2470 2470 2475 2475 2475 2339 2339 2339 2336 2336 2336 2342 2342 2342 2339 2339 2339 2474 2474 2474 2340 2340 2340 2340 2340 2340 2475 2475 2475 2337 2337 2337 2467 2467 2467 2469 2469 2469 2464 2464 2464 2467 2467 2467 2476 2476 2476 2477 2477 2477 2476 2476 2476 2478 2478 2478 2479 2479 2479 2476 2476 2476 2467 2467 2467 2466 2466 2466 2476 2476 2476 2480 2480 2480 2477 2477 2477 2477 2477 2477 2481 2481 2481 2482 2482 2482 2477 2477 2477 2470 2470 2470 2467 2467 2467 2466 2466 2466 2405 2405 2405 2406 2406 2406 2466 2466 2466 2483 2483 2483 2476 2476 2476 2466 2466 2466 2464 2464 2464 2405 2405 2405 2470 2470 2470 2477 2477 2477 2482 2482 2482 2470 2470 2470 2474 2474 2474 2469 2469 2469 2482 2482 2482 2475 2475 2475 2470 2470 2470 2482 2482 2482 2484 2484 2484 2485 2485 2485 2475 2475 2475 2340 2340 2340 2474 2474 2474 2475 2475 2475 2482 2482 2482 2485 2485 2485 2485 2485 2485 2337 2337 2337 2475 2475 2475 2337 2337 2337 2336 2336 2336 2340 2340 2340 2337 2337 2337 2485 2485 2485 2463 2463 2463 2463 2463 2463 2338 2338 2338 2337 2337 2337 2463 2463 2463 2484 2484 2484 2462 2462 2462 2480 2480 2480 2486 2486 2486 2481 2481 2481 2480 2480 2480 2476 2476 2476 2479 2479 2479 2479 2479 2479 2478 2478 2478 2487 2487 2487 2479 2479 2479 2488 2488 2488 2480 2480 2480 2481 2481 2481 2489 2489 2489 2484 2484 2484 2481 2481 2481 2477 2477 2477 2480 2480 2480 2484 2484 2484 2482 2482 2482 2481 2481 2481 2484 2484 2484 2463 2463 2463 2485 2485 2485 2462 2462 2462 2433 2433 2433 2463 2463 2463 2462 2462 2462 2489 2489 2489 2461 2461 2461 2488 2488 2488 2479 2479 2479 2487 2487 2487 2488 2488 2488 2490 2490 2490 2486 2486 2486 2487 2487 2487 2491 2491 2491 2488 2488 2488 2486 2486 2486 2480 2480 2480 2488 2488 2488 2486 2486 2486 2492 2492 2492 2489 2489 2489 2489 2489 2489 2462 2462 2462 2484 2484 2484 2489 2489 2489 2481 2481 2481 2486 2486 2486 2489 2489 2489 2460 2460 2460 2461 2461 2461 2461 2461 2461 2447 2447 2447 2462 2462 2462 2478 2478 2478 2491 2491 2491 2487 2487 2487 2478 2478 2478 2493 2493 2493 2491 2491 2491 2478 2478 2478 2483 2483 2483 2493 2493 2493 2478 2478 2478 2476 2476 2476 2483 2483 2483 2491 2491 2491 2490 2490 2490 2488 2488 2488 2491 2491 2491 2494 2494 2494 2490 2490 2490 2491 2491 2491 2493 2493 2493 2494 2494 2494 2490 2490 2490 2495 2495 2495 2492 2492 2492 2492 2492 2492 2486 2486 2486 2490 2490 2490 2492 2492 2492 2373 2373 2373 2460 2460 2460 2460 2460 2460 2489 2489 2489 2492 2492 2492 2460 2460 2460 2374 2374 2374 2461 2461 2461 2483 2483 2483 2466 2466 2466 2496 2496 2496 2483 2483 2483 2496 2496 2496 2497 2497 2497 2493 2493 2493 2497 2497 2497 2498 2498 2498 2494 2494 2494 2499 2499 2499 2495 2495 2495 2494 2494 2494 2498 2498 2498 2499 2499 2499 2495 2495 2495 2490 2490 2490 2494 2494 2494 2495 2495 2495 2499 2499 2499 2500 2500 2500 2495 2495 2495 2500 2500 2500 2373 2373 2373 2373 2373 2373 2361 2361 2361 2460 2460 2460 2373 2373 2373 2364 2364 2364 2359 2359 2359 2373 2373 2373 2500 2500 2500 2364 2364 2364 2373 2373 2373 2492 2492 2492 2495 2495 2495 2468 2468 2468 2501 2501 2501 2351 2351 2351 2468 2468 2468 2351 2351 2351 2345 2345 2345 2501 2501 2501 2502 2502 2502 2353 2353 2353 2473 2473 2473 2471 2471 2471 2472 2472 2472 2473 2473 2473 2472 2472 2472 2503 2503 2503 2473 2473 2473 2501 2501 2501 2468 2468 2468 2473 2473 2473 2504 2504 2504 2501 2501 2501 2504 2504 2504 2503 2503 2503 2505 2505 2505 2504 2504 2504 2473 2473 2473 2503 2503 2503 2504 2504 2504 2506 2506 2506 2502 2502 2502 2503 2503 2503 2472 2472 2472 2339 2339 2339 2503 2503 2503 2339 2339 2339 2507 2507 2507 2505 2505 2505 2507 2507 2507 2508 2508 2508 2505 2505 2505 2503 2503 2503 2507 2507 2507 2507 2507 2507 2339 2339 2339 2342 2342 2342 2507 2507 2507 2342 2342 2342 2375 2375 2375 2508 2508 2508 2507 2507 2507 2375 2375 2375 2508 2508 2508 2375 2375 2375 2380 2380 2380 2353 2353 2353 2509 2509 2509 2355 2355 2355 2353 2353 2353 2351 2351 2351 2501 2501 2501 2502 2502 2502 2510 2510 2510 2509 2509 2509 2502 2502 2502 2501 2501 2501 2504 2504 2504 2506 2506 2506 2508 2508 2508 2511 2511 2511 2506 2506 2506 2505 2505 2505 2508 2508 2508 2506 2506 2506 2504 2504 2504 2505 2505 2505 2511 2511 2511 2508 2508 2508 2380 2380 2380 2511 2511 2511 2380 2380 2380 2457 2457 2457 2511 2511 2511 2457 2457 2457 2512 2512 2512 2355 2355 2355 2513 2513 2513 2358 2358 2358 2355 2355 2355 2354 2354 2354 2353 2353 2353 2509 2509 2509 2353 2353 2353 2502 2502 2502 2509 2509 2509 2514 2514 2514 2513 2513 2513 2510 2510 2510 2502 2502 2502 2506 2506 2506 2510 2510 2510 2506 2506 2506 2511 2511 2511 2510 2510 2510 2515 2515 2515 2514 2514 2514 2510 2510 2510 2511 2511 2511 2512 2512 2512 2512 2512 2512 2458 2458 2458 2515 2515 2515 2512 2512 2512 2457 2457 2457 2458 2458 2458 2358 2358 2358 2516 2516 2516 2357 2357 2357 2358 2358 2358 2356 2356 2356 2355 2355 2355 2513 2513 2513 2517 2517 2517 2516 2516 2516 2513 2513 2513 2355 2355 2355 2509 2509 2509 2514 2514 2514 2403 2403 2403 2517 2517 2517 2514 2514 2514 2509 2509 2509 2510 2510 2510 2515 2515 2515 2510 2510 2510 2512 2512 2512 2515 2515 2515 2459 2459 2459 2403 2403 2403 2515 2515 2515 2458 2458 2458 2459 2459 2459 2357 2357 2357 2518 2518 2518 2350 2350 2350 2357 2357 2357 2352 2352 2352 2358 2358 2358 2516 2516 2516 2519 2519 2519 2518 2518 2518 2516 2516 2516 2358 2358 2358 2513 2513 2513 2517 2517 2517 2520 2520 2520 2519 2519 2519 2517 2517 2517 2513 2513 2513 2514 2514 2514 2403 2403 2403 2400 2400 2400 2520 2520 2520 2403 2403 2403 2514 2514 2514 2515 2515 2515 2403 2403 2403 2459 2459 2459 2396 2396 2396 2497 2497 2497 2493 2493 2493 2483 2483 2483 2496 2496 2496 2466 2466 2466 2406 2406 2406 2498 2498 2498 2494 2494 2494 2493 2493 2493 2520 2520 2520 2517 2517 2517 2403 2403 2403 2519 2519 2519 2516 2516 2516 2517 2517 2517 2518 2518 2518 2357 2357 2357 2516 2516 2516 2350 2350 2350 2349 2349 2349 2357 2357 2357 2521 2521 2521 2522 2522 2522 2523 2523 2523 2521 2521 2521 2523 2523 2523 2524 2524 2524 2521 2521 2521 2525 2525 2525 2526 2526 2526 2522 2522 2522 2527 2527 2527 2528 2528 2528 2522 2522 2522 2528 2528 2528 2523 2523 2523 2527 2527 2527 2529 2529 2529 2528 2528 2528 2527 2527 2527 2530 2530 2530 2529 2529 2529 2529 2529 2529 2531 2531 2531 2532 2532 2532 2525 2525 2525 2521 2521 2521 2524 2524 2524 2533 2533 2533 2532 2532 2532 2531 2531 2531 2533 2533 2533 2531 2531 2531 2534 2534 2534 2531 2531 2531 2529 2529 2529 2530 2530 2530 2535 2535 2535 2534 2534 2534 2536 2536 2536 2535 2535 2535 2533 2533 2533 2534 2534 2534 2536 2536 2536 2525 2525 2525 2535 2535 2535 2536 2536 2536 2526 2526 2526 2525 2525 2525 2537 2537 2537 2538 2538 2538 2539 2539 2539 2537 2537 2537 2540 2540 2540 2538 2538 2538 2539 2539 2539 2538 2538 2538 2541 2541 2541 2539 2539 2539 2541 2541 2541 2542 2542 2542 2542 2542 2542 2541 2541 2541 2543 2543 2543 2540 2540 2540 2537 2537 2537 2544 2544 2544 2545 2545 2545 2546 2546 2546 2547 2547 2547 2545 2545 2545 2548 2548 2548 2549 2549 2549 2548 2548 2548 2545 2545 2545 2547 2547 2547 1110 1110 1110 1106 1106 1106 1105 1105 1105 2550 2550 2550 2551 2551 2551 2546 2546 2546 2550 2550 2550 2552 2552 2552 2551 2551 2551 2546 2546 2546 2545 2545 2545 2550 2550 2550 2553 2553 2553 2554 2554 2554 2555 2555 2555 2553 2553 2553 2555 2555 2555 2556 2556 2556 1128 1128 1128 1126 1126 1126 1125 1125 1125 2557 2557 2557 2558 2558 2558 2559 2559 2559 2558 2558 2558 2557 2557 2557 2560 2560 2560 2560 2560 2560 2561 2561 2561 2562 2562 2562 2563 2563 2563 2564 2564 2564 2565 2565 2565 2564 2564 2564 2563 2563 2563 2566 2566 2566 2567 2567 2567 2568 2568 2568 2569 2569 2569 2567 2567 2567 2570 2570 2570 2568 2568 2568 1116 1116 1116 1115 1115 1115 1112 1112 1112 2561 2561 2561 2560 2560 2560 2564 2564 2564 2571 2571 2571 2565 2565 2565 2557 2557 2557 2571 2571 2571 2572 2572 2572 2565 2565 2565 2573 2573 2573 2574 2574 2574 2575 2575 2575 2573 2573 2573 2575 2575 2575 2555 2555 2555 2576 2576 2576 2577 2577 2577 2578 2578 2578 2576 2576 2576 2575 2575 2575 2577 2577 2577 1122 1122 1122 1121 1121 1121 1118 1118 1118 2579 2579 2579 2556 2556 2556 2576 2576 2576 2579 2579 2579 2580 2580 2580 2556 2556 2556 2581 2581 2581 2582 2582 2582 2570 2570 2570 2581 2581 2581 2570 2570 2570 2567 2567 2567 2583 2583 2583 2584 2584 2584 2585 2585 2585 2583 2583 2583 2586 2586 2586 2587 2587 2587 2583 2583 2583 2585 2585 2585 2586 2586 2586 2583 2583 2583 2588 2588 2588 2584 2584 2584 2589 2589 2589 2588 2588 2588 2583 2583 2583 2589 2589 2589 2590 2590 2590 2591 2591 2591 2589 2589 2589 2583 2583 2583 2590 2590 2590 2589 2589 2589 2592 2592 2592 2593 2593 2593 2589 2589 2589 2593 2593 2593 2588 2588 2588 2594 2594 2594 2589 2589 2589 2595 2595 2595 2594 2594 2594 2596 2596 2596 2592 2592 2592 2594 2594 2594 2597 2597 2597 2598 2598 2598 2594 2594 2594 2598 2598 2598 2596 2596 2596 2599 2599 2599 2600 2600 2600 2601 2601 2601 2599 2599 2599 2602 2602 2602 2600 2600 2600 2586 2586 2586 2603 2603 2603 2604 2604 2604 2586 2586 2586 2585 2585 2585 2605 2605 2605 2606 2606 2606 2607 2607 2607 2608 2608 2608 2606 2606 2606 2609 2609 2609 2610 2610 2610 2606 2606 2606 2610 2610 2610 2611 2611 2611 2606 2606 2606 2611 2611 2611 2612 2612 2612 2612 2612 2612 2611 2611 2611 2613 2613 2613 2612 2612 2612 2613 2613 2613 2614 2614 2614 2615 2615 2615 2616 2616 2616 2617 2617 2617 2615 2615 2615 2618 2618 2618 2616 2616 2616 2615 2615 2615 2617 2617 2617 2619 2619 2619 2615 2615 2615 2619 2619 2619 2620 2620 2620 2620 2620 2620 2621 2621 2621 2615 2615 2615 2620 2620 2620 2622 2622 2622 2623 2623 2623 2620 2620 2620 2619 2619 2619 2624 2624 2624 2622 2622 2622 2625 2625 2625 2626 2626 2626 2622 2622 2622 2624 2624 2624 2625 2625 2625 2626 2626 2626 2627 2627 2627 2628 2628 2628 2626 2626 2626 2625 2625 2625 2629 2629 2629 2630 2630 2630 2631 2631 2631 2632 2632 2632 2630 2630 2630 2633 2633 2633 2631 2631 2631 2632 2632 2632 2634 2634 2634 2635 2635 2635 2632 2632 2632 2631 2631 2631 2634 2634 2634 2636 2636 2636 2637 2637 2637 2638 2638 2638 2636 2636 2636 2639 2639 2639 2637 2637 2637 2638 2638 2638 2637 2637 2637 2633 2633 2633 2640 2640 2640 2639 2639 2639 2636 2636 2636 2641 2641 2641 2642 2642 2642 2643 2643 2643 2641 2641 2641 2644 2644 2644 2642 2642 2642 2643 2643 2643 2642 2642 2642 2645 2645 2645 2646 2646 2646 2647 2647 2647 2648 2648 2648 2646 2646 2646 2649 2649 2649 2647 2647 2647 2648 2648 2648 2650 2650 2650 2640 2640 2640 2648 2648 2648 2647 2647 2647 2650 2650 2650 2651 2651 2651 2652 2652 2652 2649 2649 2649 2651 2651 2651 2649 2649 2649 2646 2646 2646 2653 2653 2653 2654 2654 2654 2655 2655 2655 2653 2653 2653 2655 2655 2655 2656 2656 2656 2656 2656 2656 2655 2655 2655 2644 2644 2644 2657 2657 2657 2654 2654 2654 2653 2653 2653 2657 2657 2657 2658 2658 2658 2654 2654 2654 2659 2659 2659 2660 2660 2660 2661 2661 2661 2661 2661 2661 2662 2662 2662 2659 2659 2659 2663 2663 2663 2664 2664 2664 2660 2660 2660 2663 2663 2663 2660 2660 2660 2659 2659 2659 2665 2665 2665 2658 2658 2658 2657 2657 2657 2665 2665 2665 2666 2666 2666 2658 2658 2658 2664 2664 2664 2635 2635 2635 2667 2667 2667 2664 2664 2664 2667 2667 2667 2660 2660 2660 2668 2668 2668 2666 2666 2666 2665 2665 2665 2668 2668 2668 2669 2669 2669 2666 2666 2666 2670 2670 2670 2669 2669 2669 2668 2668 2668 2671 2671 2671 2672 2672 2672 2673 2673 2673 2671 2671 2671 2673 2673 2673 2674 2674 2674 2673 2673 2673 2672 2672 2672 2675 2675 2675 2635 2635 2635 2634 2634 2634 2667 2667 2667 2676 2676 2676 2677 2677 2677 2678 2678 2678 2676 2676 2676 2609 2609 2609 2679 2679 2679 2676 2676 2676 2627 2627 2627 2609 2609 2609 2627 2627 2627 2680 2680 2680 2681 2681 2681 2627 2627 2627 2629 2629 2629 2680 2680 2680 2609 2609 2609 2681 2681 2681 2682 2682 2682 2609 2609 2609 2683 2683 2683 2679 2679 2679 2609 2609 2609 2627 2627 2627 2681 2681 2681 2684 2684 2684 2685 2685 2685 2686 2686 2686 2684 2684 2684 2687 2687 2687 2685 2685 2685 2684 2684 2684 2688 2688 2688 2687 2687 2687 2687 2687 2687 2689 2689 2689 2685 2685 2685 2679 2679 2679 2690 2690 2690 2691 2691 2691 2679 2679 2679 2692 2692 2692 2676 2676 2676 2693 2693 2693 2694 2694 2694 2695 2695 2695 2693 2693 2693 2696 2696 2696 2687 2687 2687 2696 2696 2696 2590 2590 2590 2587 2587 2587 2590 2590 2590 2583 2583 2583 2587 2587 2587 2587 2587 2587 2586 2586 2586 2697 2697 2697 2587 2587 2587 2697 2697 2697 2689 2689 2689 2695 2695 2695 2698 2698 2698 2591 2591 2591 2695 2695 2695 2699 2699 2699 2698 2698 2698 2695 2695 2695 2696 2696 2696 2693 2693 2693 2695 2695 2695 2590 2590 2590 2696 2696 2696 2700 2700 2700 2695 2695 2695 2694 2694 2694 2694 2694 2694 2701 2701 2701 2700 2700 2700 2701 2701 2701 2702 2702 2702 2703 2703 2703 2701 2701 2701 2699 2699 2699 2700 2700 2700 2701 2701 2701 2703 2703 2703 2704 2704 2704 2701 2701 2701 2694 2694 2694 2702 2702 2702 2702 2702 2702 2694 2694 2694 2705 2705 2705 2703 2703 2703 2706 2706 2706 2704 2704 2704 2706 2706 2706 2703 2703 2703 2690 2690 2690 2706 2706 2706 2690 2690 2690 2683 2683 2683 2706 2706 2706 2707 2707 2707 2704 2704 2704 2706 2706 2706 2683 2683 2683 2608 2608 2608 2704 2704 2704 2708 2708 2708 2699 2699 2699 2704 2704 2704 2699 2699 2699 2701 2701 2701 2683 2683 2683 2609 2609 2609 2606 2606 2606 2683 2683 2683 2606 2606 2606 2608 2608 2608 2709 2709 2709 2698 2698 2698 2699 2699 2699 2709 2709 2709 2710 2710 2710 2711 2711 2711 2698 2698 2698 2711 2711 2711 2712 2712 2712 2699 2699 2699 2695 2695 2695 2700 2700 2700 2710 2710 2710 2709 2709 2709 2708 2708 2708 2708 2708 2708 2709 2709 2709 2699 2699 2699 2707 2707 2707 2713 2713 2713 2708 2708 2708 2707 2707 2707 2706 2706 2706 2714 2714 2714 2707 2707 2707 2708 2708 2708 2704 2704 2704 2707 2707 2707 2714 2714 2714 2715 2715 2715 2707 2707 2707 2715 2715 2715 2713 2713 2713 2715 2715 2715 2716 2716 2716 2717 2717 2717 2713 2713 2713 2718 2718 2718 2710 2710 2710 2713 2713 2713 2715 2715 2715 2717 2717 2717 2713 2713 2713 2710 2710 2710 2708 2708 2708 2714 2714 2714 2608 2608 2608 2607 2607 2607 2714 2714 2714 2706 2706 2706 2608 2608 2608 2719 2719 2719 2720 2720 2720 2718 2718 2718 2719 2719 2719 2721 2721 2721 2722 2722 2722 2718 2718 2718 2711 2711 2711 2710 2710 2710 2721 2721 2721 2723 2723 2723 2724 2724 2724 2721 2721 2721 2719 2719 2719 2725 2725 2725 2721 2721 2721 2726 2726 2726 2722 2722 2722 2725 2725 2725 2719 2719 2719 2718 2718 2718 2725 2725 2725 2727 2727 2727 2723 2723 2723 2728 2728 2728 2720 2720 2720 2722 2722 2722 2728 2728 2728 2595 2595 2595 2720 2720 2720 2728 2728 2728 2594 2594 2594 2595 2595 2595 2595 2595 2595 2589 2589 2589 2712 2712 2712 2595 2595 2595 2711 2711 2711 2720 2720 2720 2729 2729 2729 2612 2612 2612 2730 2730 2730 2729 2729 2729 2731 2731 2731 2716 2716 2716 2729 2729 2729 2607 2607 2607 2612 2612 2612 2730 2730 2730 2732 2732 2732 2733 2733 2733 2730 2730 2730 2612 2612 2612 2732 2732 2732 2734 2734 2734 2594 2594 2594 2728 2728 2728 2734 2734 2734 2722 2722 2722 2726 2726 2726 2734 2734 2734 2735 2735 2735 2736 2736 2736 2723 2723 2723 2737 2737 2737 2724 2724 2724 2723 2723 2723 2721 2721 2721 2725 2725 2725 2724 2724 2724 2738 2738 2738 2739 2739 2739 2724 2724 2724 2739 2739 2739 2721 2721 2721 2724 2724 2724 2737 2737 2737 2740 2740 2740 2731 2731 2731 2729 2729 2729 2730 2730 2730 2731 2731 2731 2723 2723 2723 2727 2727 2727 2731 2731 2731 2741 2741 2741 2737 2737 2737 2731 2731 2731 2737 2737 2737 2723 2723 2723 2731 2731 2731 2730 2730 2730 2741 2741 2741 2741 2741 2741 2730 2730 2730 2733 2733 2733 2741 2741 2741 2733 2733 2733 2742 2742 2742 2741 2741 2741 2743 2743 2743 2740 2740 2740 2744 2744 2744 2686 2686 2686 2745 2745 2745 2744 2744 2744 2684 2684 2684 2686 2686 2686 2744 2744 2744 2677 2677 2677 2692 2692 2692 2686 2686 2686 2689 2689 2689 2746 2746 2746 2745 2745 2745 2747 2747 2747 2748 2748 2748 2745 2745 2745 2686 2686 2686 2747 2747 2747 2747 2747 2747 2686 2686 2686 2746 2746 2746 2747 2747 2747 2749 2749 2749 2750 2750 2750 2733 2733 2733 2732 2732 2732 2618 2618 2618 2733 2733 2733 2618 2618 2618 2751 2751 2751 2733 2733 2733 2751 2751 2751 2742 2742 2742 2732 2732 2732 2614 2614 2614 2752 2752 2752 2732 2732 2732 2753 2753 2753 2618 2618 2618 2742 2742 2742 2754 2754 2754 2755 2755 2755 2756 2756 2756 2757 2757 2757 2758 2758 2758 2756 2756 2756 2597 2597 2597 2736 2736 2736 2597 2597 2597 2594 2594 2594 2734 2734 2734 2597 2597 2597 2734 2734 2734 2736 2736 2736 2597 2597 2597 2759 2759 2759 2760 2760 2760 2597 2597 2597 2761 2761 2761 2759 2759 2759 2597 2597 2597 2760 2760 2760 2598 2598 2598 2736 2736 2736 2762 2762 2762 2756 2756 2756 2618 2618 2618 2753 2753 2753 2616 2616 2616 2751 2751 2751 2763 2763 2763 2754 2754 2754 2751 2751 2751 2618 2618 2618 2615 2615 2615 2751 2751 2751 2615 2615 2615 2763 2763 2763 2758 2758 2758 2597 2597 2597 2756 2756 2756 2758 2758 2758 2761 2761 2761 2597 2597 2597 2764 2764 2764 2765 2765 2765 2766 2766 2766 2764 2764 2764 2767 2767 2767 2757 2757 2757 2765 2765 2765 2762 2762 2762 2768 2768 2768 2765 2765 2765 2764 2764 2764 2757 2757 2757 2766 2766 2766 2769 2769 2769 2764 2764 2764 2761 2761 2761 2601 2601 2601 2759 2759 2759 2761 2761 2761 2770 2770 2770 2599 2599 2599 2761 2761 2761 2599 2599 2599 2601 2601 2601 2763 2763 2763 2771 2771 2771 2754 2754 2754 2772 2772 2772 2761 2761 2761 2758 2758 2758 2772 2772 2772 2758 2758 2758 2767 2767 2767 2772 2772 2772 2773 2773 2773 2770 2770 2770 2774 2774 2774 2773 2773 2773 2767 2767 2767 2774 2774 2774 2767 2767 2767 2775 2775 2775 2767 2767 2767 2758 2758 2758 2757 2757 2757 2767 2767 2767 2764 2764 2764 2775 2775 2775 2776 2776 2776 2774 2774 2774 2777 2777 2777 2777 2777 2777 2778 2778 2778 2776 2776 2776 2777 2777 2777 2774 2774 2774 2775 2775 2775 2779 2779 2779 2770 2770 2770 2780 2780 2780 2779 2779 2779 2599 2599 2599 2770 2770 2770 2779 2779 2779 2781 2781 2781 2782 2782 2782 2779 2779 2779 2602 2602 2602 2599 2599 2599 2770 2770 2770 2761 2761 2761 2772 2772 2772 2783 2783 2783 2780 2780 2780 2784 2784 2784 2780 2780 2780 2781 2781 2781 2779 2779 2779 2784 2784 2784 2773 2773 2773 2776 2776 2776 2784 2784 2784 2785 2785 2785 2783 2783 2783 2786 2786 2786 2787 2787 2787 2788 2788 2788 2786 2786 2786 2785 2785 2785 2784 2784 2784 2786 2786 2786 2784 2784 2784 2778 2778 2778 2787 2787 2787 2786 2786 2786 2789 2789 2789 2787 2787 2787 2790 2790 2790 2788 2788 2788 2788 2788 2788 2790 2790 2790 2791 2791 2791 2788 2788 2788 2785 2785 2785 2786 2786 2786 2785 2785 2785 2791 2791 2791 2792 2792 2792 2785 2785 2785 2792 2792 2792 2783 2783 2783 2793 2793 2793 2794 2794 2794 2781 2781 2781 2793 2793 2793 2781 2781 2781 2792 2792 2792 2781 2781 2781 2794 2794 2794 2782 2782 2782 2781 2781 2781 2783 2783 2783 2792 2792 2792 2781 2781 2781 2780 2780 2780 2783 2783 2783 2790 2790 2790 2787 2787 2787 2795 2795 2795 2790 2790 2790 2796 2796 2796 2797 2797 2797 2790 2790 2790 2795 2795 2795 2798 2798 2798 2790 2790 2790 2798 2798 2798 2796 2796 2796 2795 2795 2795 2787 2787 2787 2623 2623 2623 2798 2798 2798 2622 2622 2622 2626 2626 2626 2798 2798 2798 2626 2626 2626 2799 2799 2799 2798 2798 2798 2795 2795 2795 2622 2622 2622 2798 2798 2798 2799 2799 2799 2796 2796 2796 2800 2800 2800 2604 2604 2604 2602 2602 2602 2800 2800 2800 2602 2602 2602 2782 2782 2782 2602 2602 2602 2779 2779 2779 2782 2782 2782 2602 2602 2602 2801 2801 2801 2600 2600 2600 2782 2782 2782 2794 2794 2794 2800 2800 2800 2796 2796 2796 2802 2802 2802 2797 2797 2797 2796 2796 2796 2803 2803 2803 2804 2804 2804 2796 2796 2796 2804 2804 2804 2802 2802 2802 2805 2805 2805 2794 2794 2794 2806 2806 2806 2805 2805 2805 2807 2807 2807 2808 2808 2808 2794 2794 2794 2793 2793 2793 2806 2806 2806 2806 2806 2806 2809 2809 2809 2805 2805 2805 2604 2604 2604 2801 2801 2801 2602 2602 2602 2604 2604 2604 2603 2603 2603 2810 2810 2810 2802 2802 2802 2806 2806 2806 2797 2797 2797 2802 2802 2802 2809 2809 2809 2806 2806 2806 2802 2802 2802 2804 2804 2804 2811 2811 2811 2804 2804 2804 2803 2803 2803 2812 2812 2812 2811 2811 2811 2809 2809 2809 2802 2802 2802 2811 2811 2811 2804 2804 2804 2812 2812 2812 2799 2799 2799 2628 2628 2628 2803 2803 2803 2807 2807 2807 2805 2805 2805 2809 2809 2809 2807 2807 2807 2813 2813 2813 2808 2808 2808 2809 2809 2809 2812 2812 2812 2807 2807 2807 2808 2808 2808 2800 2800 2800 2794 2794 2794 2808 2808 2808 2794 2794 2794 2805 2805 2805 2808 2808 2808 2749 2749 2749 2814 2814 2814 2808 2808 2808 2813 2813 2813 2749 2749 2749 2803 2803 2803 2815 2815 2815 2812 2812 2812 2803 2803 2803 2796 2796 2796 2799 2799 2799 2812 2812 2812 2809 2809 2809 2811 2811 2811 2812 2812 2812 2813 2813 2813 2807 2807 2807 2814 2814 2814 2604 2604 2604 2800 2800 2800 2814 2814 2814 2586 2586 2586 2604 2604 2604 2814 2814 2814 2800 2800 2800 2808 2808 2808 2815 2815 2815 2750 2750 2750 2813 2813 2813 2815 2815 2815 2816 2816 2816 2748 2748 2748 2815 2815 2815 2813 2813 2813 2812 2812 2812 2815 2815 2815 2803 2803 2803 2816 2816 2816 2816 2816 2816 2628 2628 2628 2678 2678 2678 2748 2748 2748 2677 2677 2677 2745 2745 2745 2748 2748 2748 2750 2750 2750 2815 2815 2815 2748 2748 2748 2747 2747 2747 2750 2750 2750 2697 2697 2697 2586 2586 2586 2814 2814 2814 2697 2697 2697 2749 2749 2749 2746 2746 2746 2678 2678 2678 2627 2627 2627 2676 2676 2676 2592 2592 2592 2589 2589 2589 2594 2594 2594 2801 2801 2801 2604 2604 2604 2810 2810 2810 2603 2603 2603 2586 2586 2586 2605 2605 2605 2688 2688 2688 2693 2693 2693 2687 2687 2687 2688 2688 2688 2817 2817 2817 2691 2691 2691 2688 2688 2688 2684 2684 2684 2817 2817 2817 2817 2817 2817 2684 2684 2684 2744 2744 2744 2817 2817 2817 2744 2744 2744 2692 2692 2692 2813 2813 2813 2750 2750 2750 2749 2749 2749 2797 2797 2797 2793 2793 2793 2791 2791 2791 2797 2797 2797 2806 2806 2806 2793 2793 2793 2797 2797 2797 2791 2791 2791 2790 2790 2790 2791 2791 2791 2793 2793 2793 2792 2792 2792 2791 2791 2791 2785 2785 2785 2788 2788 2788 2778 2778 2778 2818 2818 2818 2789 2789 2789 2778 2778 2778 2777 2777 2777 2819 2819 2819 2778 2778 2778 2784 2784 2784 2776 2776 2776 2819 2819 2819 2777 2777 2777 2820 2820 2820 2819 2819 2819 2820 2820 2820 2818 2818 2818 2820 2820 2820 2777 2777 2777 2775 2775 2775 2820 2820 2820 2775 2775 2775 2769 2769 2769 2769 2769 2769 2775 2775 2775 2764 2764 2764 2769 2769 2769 2818 2818 2818 2820 2820 2820 2769 2769 2769 2766 2766 2766 2821 2821 2821 2821 2821 2821 2766 2766 2766 2822 2822 2822 2821 2821 2821 2822 2822 2822 2754 2754 2754 2822 2822 2822 2766 2766 2766 2768 2768 2768 2822 2822 2822 2768 2768 2768 2755 2755 2755 2768 2768 2768 2766 2766 2766 2765 2765 2765 2755 2755 2755 2743 2743 2743 2742 2742 2742 2755 2755 2755 2754 2754 2754 2822 2822 2822 2755 2755 2755 2823 2823 2823 2743 2743 2743 2755 2755 2755 2768 2768 2768 2823 2823 2823 2823 2823 2823 2768 2768 2768 2762 2762 2762 2823 2823 2823 2735 2735 2735 2824 2824 2824 2743 2743 2743 2823 2823 2823 2824 2824 2824 2743 2743 2743 2824 2824 2824 2740 2740 2740 2743 2743 2743 2741 2741 2741 2742 2742 2742 2824 2824 2824 2726 2726 2726 2738 2738 2738 2740 2740 2740 2737 2737 2737 2741 2741 2741 2740 2740 2740 2738 2738 2738 2724 2724 2724 2740 2740 2740 2824 2824 2824 2738 2738 2738 2739 2739 2739 2738 2738 2738 2726 2726 2726 2727 2727 2727 2725 2725 2725 2717 2717 2717 2727 2727 2727 2717 2717 2717 2716 2716 2716 2717 2717 2717 2718 2718 2718 2713 2713 2713 2717 2717 2717 2725 2725 2725 2718 2718 2718 2705 2705 2705 2688 2688 2688 2691 2691 2691 2705 2705 2705 2693 2693 2693 2688 2688 2688 2705 2705 2705 2694 2694 2694 2693 2693 2693 2610 2610 2610 2609 2609 2609 2682 2682 2682 2614 2614 2614 2732 2732 2732 2612 2612 2612 2753 2753 2753 2732 2732 2732 2752 2752 2752 2624 2624 2624 2622 2622 2622 2620 2620 2620 2629 2629 2629 2627 2627 2627 2626 2626 2626 2825 2825 2825 2826 2826 2826 2827 2827 2827 2825 2825 2825 2828 2828 2828 2826 2826 2826 2825 2825 2825 2829 2829 2829 2828 2828 2828 2828 2828 2828 2829 2829 2829 2830 2830 2830 2826 2826 2826 2828 2828 2828 2831 2831 2831 2829 2829 2829 2832 2832 2832 2830 2830 2830 2829 2829 2829 2833 2833 2833 2834 2834 2834 2829 2829 2829 2835 2835 2835 2833 2833 2833 2835 2835 2835 2825 2825 2825 2836 2836 2836 2835 2835 2835 2829 2829 2829 2825 2825 2825 2831 2831 2831 2828 2828 2828 2837 2837 2837 2832 2832 2832 2829 2829 2829 2838 2838 2838 2672 2672 2672 2839 2839 2839 2675 2675 2675 2672 2672 2672 2840 2840 2840 2839 2839 2839 2841 2841 2841 2842 2842 2842 2843 2843 2843 2841 2841 2841 2844 2844 2844 2842 2842 2842 2841 2841 2841 2845 2845 2845 2846 2846 2846 2844 2844 2844 2841 2841 2841 2847 2847 2847 2844 2844 2844 2848 2848 2848 2849 2849 2849 2844 2844 2844 2847 2847 2847 2848 2848 2848 2842 2842 2842 2850 2850 2850 2851 2851 2851 2842 2842 2842 2844 2844 2844 2850 2850 2850 2843 2843 2843 2842 2842 2842 2852 2852 2852 2851 2851 2851 2850 2850 2850 2853 2853 2853 2845 2845 2845 2841 2841 2841 2843 2843 2843 2847 2847 2847 2841 2841 2841 2854 2854 2854 2633 2633 2633 2630 2630 2630 2638 2638 2638 2855 2855 2855 2856 2856 2856 2857 2857 2857 2855 2855 2855 2839 2839 2839 2856 2856 2856 2856 2856 2856 2839 2839 2839 2840 2840 2840 2645 2645 2645 2855 2855 2855 2857 2857 2857 2857 2857 2857 2643 2643 2643 2645 2645 2645 2650 2650 2650 2639 2639 2639 2640 2640 2640 2652 2652 2652 2858 2858 2858 2859 2859 2859 2652 2652 2652 2651 2651 2651 2860 2860 2860 2858 2858 2858 2652 2652 2652 2860 2860 2860 2644 2644 2644 2641 2641 2641 2656 2656 2656 2662 2662 2662 2661 2661 2661 2861 2861 2861 2662 2662 2662 2859 2859 2859 2858 2858 2858 2861 2861 2861 2859 2859 2859 2662 2662 2662 2862 2862 2862 2669 2669 2669 2670 2670 2670 2862 2862 2862 2863 2863 2863 2674 2674 2674 2863 2863 2863 2862 2862 2862 2864 2864 2864 2863 2863 2863 2671 2671 2671 2674 2674 2674 2864 2864 2864 2862 2862 2862 2670 2670 2670 2689 2689 2689 2696 2696 2696 2587 2587 2587 2689 2689 2689 2687 2687 2687 2696 2696 2696 2689 2689 2689 2686 2686 2686 2685 2685 2685 2746 2746 2746 2689 2689 2689 2697 2697 2697 2692 2692 2692 2691 2691 2691 2817 2817 2817 2691 2691 2691 2692 2692 2692 2679 2679 2679 2691 2691 2691 2690 2690 2690 2705 2705 2705 2690 2690 2690 2702 2702 2702 2705 2705 2705 2690 2690 2690 2679 2679 2679 2683 2683 2683 2690 2690 2690 2703 2703 2703 2702 2702 2702 2591 2591 2591 2590 2590 2590 2695 2695 2695 2591 2591 2591 2712 2712 2712 2589 2589 2589 2711 2711 2711 2698 2698 2698 2709 2709 2709 2711 2711 2711 2718 2718 2718 2720 2720 2720 2711 2711 2711 2595 2595 2595 2712 2712 2712 2712 2712 2712 2591 2591 2591 2698 2698 2698 2607 2607 2607 2606 2606 2606 2612 2612 2612 2607 2607 2607 2729 2729 2729 2716 2716 2716 2716 2716 2716 2731 2731 2731 2727 2727 2727 2716 2716 2716 2714 2714 2714 2607 2607 2607 2716 2716 2716 2715 2715 2715 2714 2714 2714 2722 2722 2722 2720 2720 2720 2719 2719 2719 2722 2722 2722 2734 2734 2734 2728 2728 2728 2726 2726 2726 2721 2721 2721 2739 2739 2739 2726 2726 2726 2824 2824 2824 2735 2735 2735 2735 2735 2735 2734 2734 2734 2726 2726 2726 2735 2735 2735 2823 2823 2823 2762 2762 2762 2762 2762 2762 2765 2765 2765 2757 2757 2757 2762 2762 2762 2736 2736 2736 2735 2735 2735 2754 2754 2754 2742 2742 2742 2751 2751 2751 2754 2754 2754 2771 2771 2771 2821 2821 2821 2757 2757 2757 2756 2756 2756 2762 2762 2762 2771 2771 2771 2769 2769 2769 2821 2821 2821 2771 2771 2771 2621 2621 2621 2818 2818 2818 2818 2818 2818 2769 2769 2769 2771 2771 2771 2818 2818 2818 2778 2778 2778 2819 2819 2819 2621 2621 2621 2789 2789 2789 2818 2818 2818 2621 2621 2621 2771 2771 2771 2763 2763 2763 2621 2621 2621 2763 2763 2763 2615 2615 2615 2621 2621 2621 2620 2620 2620 2865 2865 2865 2773 2773 2773 2784 2784 2784 2780 2780 2780 2773 2773 2773 2774 2774 2774 2776 2776 2776 2773 2773 2773 2772 2772 2772 2767 2767 2767 2773 2773 2773 2780 2780 2780 2770 2770 2770 2789 2789 2789 2623 2623 2623 2787 2787 2787 2789 2789 2789 2786 2786 2786 2778 2778 2778 2789 2789 2789 2621 2621 2621 2865 2865 2865 2623 2623 2623 2622 2622 2622 2795 2795 2795 2623 2623 2623 2865 2865 2865 2620 2620 2620 2623 2623 2623 2789 2789 2789 2865 2865 2865 2749 2749 2749 2747 2747 2747 2746 2746 2746 2749 2749 2749 2697 2697 2697 2814 2814 2814 2628 2628 2628 2816 2816 2816 2803 2803 2803 2628 2628 2628 2799 2799 2799 2626 2626 2626 2628 2628 2628 2627 2627 2627 2678 2678 2678 2677 2677 2677 2748 2748 2748 2816 2816 2816 2677 2677 2677 2744 2744 2744 2745 2745 2745 2677 2677 2677 2816 2816 2816 2678 2678 2678 2677 2677 2677 2676 2676 2676 2692 2692 2692 2866 2866 2866 2867 2867 2867 2868 2868 2868 2866 2866 2866 2869 2869 2869 2870 2870 2870 2866 2866 2866 2871 2871 2871 2872 2872 2872 2866 2866 2866 2872 2872 2872 2867 2867 2867 2869 2869 2869 2868 2868 2868 2873 2873 2873 2869 2869 2869 2874 2874 2874 2875 2875 2875 2869 2869 2869 2866 2866 2866 2868 2868 2868 2869 2869 2869 2875 2875 2875 2876 2876 2876 2874 2874 2874 2877 2877 2877 2878 2878 2878 2874 2874 2874 2878 2878 2878 2879 2879 2879 2874 2874 2874 2869 2869 2869 2877 2877 2877 2874 2874 2874 2880 2880 2880 2881 2881 2881 2874 2874 2874 2879 2879 2879 2880 2880 2880 2882 2882 2882 2883 2883 2883 2884 2884 2884 2882 2882 2882 2885 2885 2885 2886 2886 2886 2882 2882 2882 2886 2886 2886 2883 2883 2883 2871 2871 2871 2866 2866 2866 2887 2887 2887 2871 2871 2871 2887 2887 2887 2888 2888 2888 2871 2871 2871 2889 2889 2889 2890 2890 2890 2871 2871 2871 2890 2890 2890 2872 2872 2872 2891 2891 2891 2892 2892 2892 2893 2893 2893 2891 2891 2891 2894 2894 2894 2892 2892 2892 2891 2891 2891 2895 2895 2895 2894 2894 2894 2894 2894 2894 2896 2896 2896 2892 2892 2892 2894 2894 2894 2897 2897 2897 2896 2896 2896 2898 2898 2898 2899 2899 2899 2900 2900 2900 2898 2898 2898 2901 2901 2901 2899 2899 2899 2898 2898 2898 2902 2902 2902 2903 2903 2903 2898 2898 2898 2900 2900 2900 2902 2902 2902 2901 2901 2901 2904 2904 2904 2905 2905 2905 2901 2901 2901 2898 2898 2898 2904 2904 2904 2901 2901 2901 2906 2906 2906 2907 2907 2907 2901 2901 2901 2907 2907 2907 2899 2899 2899 2906 2906 2906 2908 2908 2908 2909 2909 2909 2906 2906 2906 2910 2910 2910 2911 2911 2911 2908 2908 2908 2912 2912 2912 2909 2909 2909 2909 2909 2909 2907 2907 2907 2906 2906 2906 2913 2913 2913 2914 2914 2914 2915 2915 2915 2914 2914 2914 2916 2916 2916 2917 2917 2917 2914 2914 2914 2917 2917 2917 2915 2915 2915 2918 2918 2918 2919 2919 2919 2920 2920 2920 2918 2918 2918 2920 2920 2920 2921 2921 2921 2919 2919 2919 2913 2913 2913 2922 2922 2922 2919 2919 2919 2922 2922 2922 2920 2920 2920 2923 2923 2923 2924 2924 2924 2925 2925 2925 2923 2923 2923 2918 2918 2918 2921 2921 2921 2923 2923 2923 2921 2921 2921 2924 2924 2924 2926 2926 2926 2927 2927 2927 2928 2928 2928 2926 2926 2926 2929 2929 2929 2930 2930 2930 2929 2929 2929 2931 2931 2931 2930 2930 2930 2932 2932 2932 2933 2933 2933 2934 2934 2934 2932 2932 2932 2925 2925 2925 2933 2933 2933 2925 2925 2925 2924 2924 2924 2933 2933 2933 2935 2935 2935 2936 2936 2936 2937 2937 2937 2935 2935 2935 2932 2932 2932 2934 2934 2934 2938 2938 2938 2939 2939 2939 2940 2940 2940 2938 2938 2938 2928 2928 2928 2939 2939 2939 2928 2928 2928 2927 2927 2927 2939 2939 2939 2941 2941 2941 2940 2940 2940 2942 2942 2942 2941 2941 2941 2938 2938 2938 2940 2940 2940 2943 2943 2943 2944 2944 2944 2945 2945 2945 2944 2944 2944 2946 2946 2946 2947 2947 2947 2948 2948 2948 2945 2945 2945 2949 2949 2949 2948 2948 2948 2943 2943 2943 2945 2945 2945 2950 2950 2950 2941 2941 2941 2942 2942 2942 2950 2950 2950 2942 2942 2942 2951 2951 2951 2949 2949 2949 2952 2952 2952 2916 2916 2916 2949 2949 2949 2945 2945 2945 2952 2952 2952 2953 2953 2953 2951 2951 2951 2954 2954 2954 2953 2953 2953 2950 2950 2950 2951 2951 2951 2955 2955 2955 2954 2954 2954 2956 2956 2956 2955 2955 2955 2956 2956 2956 2957 2957 2957 2955 2955 2955 2953 2953 2953 2954 2954 2954 2958 2958 2958 2959 2959 2959 2960 2960 2960 2960 2960 2960 2961 2961 2961 2958 2958 2958 2916 2916 2916 2952 2952 2952 2917 2917 2917 2962 2962 2962 2963 2963 2963 2964 2964 2964 2962 2962 2962 2964 2964 2964 2965 2965 2965 2962 2962 2962 2966 2966 2966 2967 2967 2967 2962 2962 2962 2967 2967 2967 2968 2968 2968 2967 2967 2967 2891 2891 2891 2893 2893 2893 2967 2967 2967 2969 2969 2969 2891 2891 2891 2967 2967 2967 2893 2893 2893 2970 2970 2970 2967 2967 2967 2970 2970 2970 2971 2971 2971 2967 2967 2967 2971 2971 2971 2968 2968 2968 2968 2968 2968 2971 2971 2971 2972 2972 2972 2968 2968 2968 2912 2912 2912 2908 2908 2908 2968 2968 2968 2908 2908 2908 2973 2973 2973 2974 2974 2974 2975 2975 2975 2976 2976 2976 2974 2974 2974 2977 2977 2977 2978 2978 2978 2974 2974 2974 2979 2979 2979 2975 2975 2975 2974 2974 2974 2980 2980 2980 2977 2977 2977 2976 2976 2976 2981 2981 2981 2982 2982 2982 2966 2966 2966 2965 2965 2965 2983 2983 2983 2966 2966 2966 2984 2984 2984 2969 2969 2969 2985 2985 2985 2976 2976 2976 2982 2982 2982 2985 2985 2985 2986 2986 2986 2980 2980 2980 2982 2982 2982 2987 2987 2987 2985 2985 2985 2982 2982 2982 2887 2887 2887 2870 2870 2870 2870 2870 2870 2887 2887 2887 2866 2866 2866 2870 2870 2870 2988 2988 2988 2987 2987 2987 2870 2870 2870 2869 2869 2869 2988 2988 2988 2987 2987 2987 2982 2982 2982 2870 2870 2870 2987 2987 2987 2989 2989 2989 2985 2985 2985 2987 2987 2987 2990 2990 2990 2991 2991 2991 2991 2991 2991 2989 2989 2989 2987 2987 2987 2989 2989 2989 2992 2992 2992 2986 2986 2986 2989 2989 2989 2993 2993 2993 2992 2992 2992 2993 2993 2993 2994 2994 2994 2995 2995 2995 2993 2993 2993 2991 2991 2991 2990 2990 2990 2993 2993 2993 2989 2989 2989 2991 2991 2991 2993 2993 2993 2995 2995 2995 2992 2992 2992 2995 2995 2995 2984 2984 2984 2992 2992 2992 2995 2995 2995 2994 2994 2994 2996 2996 2996 2994 2994 2994 2990 2990 2990 2997 2997 2997 2996 2996 2996 2998 2998 2998 2969 2969 2969 2996 2996 2996 2999 2999 2999 3000 3000 3000 2996 2996 2996 2969 2969 2969 2984 2984 2984 2969 2969 2969 2998 2998 2998 2891 2891 2891 2969 2969 2969 2967 2967 2967 2966 2966 2966 3001 3001 3001 2990 2990 2990 3002 3002 3002 2990 2990 2990 2994 2994 2994 2993 2993 2993 3002 3002 3002 2990 2990 2990 2987 2987 2987 3002 3002 3002 3003 3003 3003 3001 3001 3001 3002 3002 3002 2987 2987 2987 2988 2988 2988 3004 3004 3004 3001 3001 3001 3003 3003 3003 3004 3004 3004 2997 2997 2997 3001 3001 3001 2997 2997 2997 3005 3005 3005 2999 2999 2999 2997 2997 2997 2999 2999 2999 2994 2994 2994 2997 2997 2997 2990 2990 2990 3001 3001 3001 2997 2997 2997 3004 3004 3004 3005 3005 3005 2999 2999 2999 3006 3006 3006 3000 3000 3000 2999 2999 2999 2996 2996 2996 2994 2994 2994 2999 2999 2999 3005 3005 3005 3006 3006 3006 3005 3005 3005 3004 3004 3004 3007 3007 3007 3005 3005 3005 3008 3008 3008 3006 3006 3006 3006 3006 3006 3009 3009 3009 3000 3000 3000 3000 3000 3000 2998 2998 2998 2996 2996 2996 3000 3000 3000 2895 2895 2895 2998 2998 2998 3010 3010 3010 3007 3007 3007 3011 3011 3011 3007 3007 3007 3008 3008 3008 3005 3005 3005 3011 3011 3011 3012 3012 3012 3013 3013 3013 3011 3011 3011 3013 3013 3013 3010 3010 3010 3011 3011 3011 3007 3007 3007 3003 3003 3003 3014 3014 3014 3015 3015 3015 3010 3010 3010 3014 3014 3014 3016 3016 3016 3017 3017 3017 3014 3014 3014 3018 3018 3018 3019 3019 3019 3014 3014 3014 3019 3019 3019 3015 3015 3015 3015 3015 3015 3007 3007 3007 3010 3010 3010 3015 3015 3015 3020 3020 3020 3008 3008 3008 3015 3015 3015 3019 3019 3019 3020 3020 3020 3012 3012 3012 3011 3011 3011 2875 2875 2875 3012 3012 3012 2875 2875 2875 2874 2874 2874 2875 2875 2875 3003 3003 3003 2876 2876 2876 3021 3021 3021 2894 2894 2894 2895 2895 2895 3021 3021 3021 3022 3022 3022 3023 3023 3023 3021 3021 3021 3023 3023 3023 2894 2894 2894 3021 3021 3021 2895 2895 2895 3009 3009 3009 3023 3023 3023 3024 3024 3024 2894 2894 2894 3023 3023 3023 3025 3025 3025 3024 3024 3024 2881 2881 2881 3026 3026 3026 3016 3016 3016 2881 2881 2881 3013 3013 3013 3012 3012 3012 2881 2881 2881 3012 3012 3012 2874 2874 2874 2881 2881 2881 2880 2880 2880 3027 3027 3027 3019 3019 3019 3018 3018 3018 3028 3028 3028 3018 3018 3018 3017 3017 3017 3029 3029 3029 3018 3018 3018 3030 3030 3030 3028 3028 3028 3028 3028 3028 3022 3022 3022 3019 3019 3019 3022 3022 3022 3009 3009 3009 3020 3020 3020 3022 3022 3022 3028 3028 3028 3031 3031 3031 3022 3022 3022 3021 3021 3021 3009 3009 3009 3022 3022 3022 3031 3031 3031 3023 3023 3023 3031 3031 3031 3032 3032 3032 3025 3025 3025 3031 3031 3031 3025 3025 3025 3023 3023 3023 3031 3031 3031 3033 3033 3033 3032 3032 3032 3034 3034 3034 3035 3035 3035 2979 2979 2979 3035 3035 3035 3036 3036 3036 2979 2979 2979 3035 3035 3035 3034 3034 3034 3037 3037 3037 2979 2979 2979 2978 2978 2978 3034 3034 3034 2979 2979 2979 2981 2981 2981 2975 2975 2975 2978 2978 2978 2979 2979 2979 2974 2974 2974 2978 2978 2978 2964 2964 2964 3034 3034 3034 3025 3025 3025 2903 2903 2903 3024 3024 3024 3025 3025 3025 3038 3038 3038 2903 2903 2903 3024 3024 3024 2897 2897 2897 2894 2894 2894 3024 3024 3024 3039 3039 3039 3040 3040 3040 3032 3032 3032 3041 3041 3041 3038 3038 3038 3042 3042 3042 3043 3043 3043 3044 3044 3044 3042 3042 3042 3045 3045 3045 3043 3043 3043 3042 3042 3042 3027 3027 3027 2880 2880 2880 3027 3027 3027 3044 3044 3044 3026 3026 3026 2880 2880 2880 2879 2879 2879 3046 3046 3046 2880 2880 2880 3046 3046 3046 3047 3047 3047 2880 2880 2880 3047 3047 3047 3048 3048 3048 2903 2903 2903 2902 2902 2902 3039 3039 3039 3038 3038 3038 3025 3025 3025 3032 3032 3032 3038 3038 3038 3049 3049 3049 2898 2898 2898 3038 3038 3038 2898 2898 2898 2903 2903 2903 3045 3045 3045 2880 2880 2880 3048 3048 3048 3045 3045 3045 3050 3050 3050 3051 3051 3051 3045 3045 3045 3042 3042 3042 2880 2880 2880 3052 3052 3052 3053 3053 3053 3054 3054 3054 3052 3052 3052 3051 3051 3051 3055 3055 3055 3053 3053 3053 3056 3056 3056 3057 3057 3057 3053 3053 3053 3058 3058 3058 3056 3056 3056 3054 3054 3054 3043 3043 3043 3052 3052 3052 3048 3048 3048 3059 3059 3059 3050 3050 3050 3048 3048 3048 3047 3047 3047 2885 2885 2885 3048 3048 3048 2885 2885 2885 2882 2882 2882 3050 3050 3050 3060 3060 3060 3051 3051 3051 3050 3050 3050 3045 3045 3045 3048 3048 3048 3061 3061 3061 3055 3055 3055 3051 3051 3051 3055 3055 3055 3062 3062 3062 3058 3058 3058 3051 3051 3051 3043 3043 3043 3045 3045 3045 3051 3051 3051 3060 3060 3060 3061 3061 3061 3051 3051 3051 3052 3052 3052 3043 3043 3043 3063 3063 3063 3061 3061 3061 3060 3060 3060 3063 3063 3063 3064 3064 3064 3061 3061 3061 3064 3064 3064 3065 3065 3065 3066 3066 3066 3064 3064 3064 3066 3066 3066 3062 3062 3062 3064 3064 3064 3055 3055 3055 3061 3061 3061 2884 2884 2884 3059 3059 3059 2882 2882 2882 2884 2884 2884 2883 2883 2883 3067 3067 3067 3059 3059 3059 3048 3048 3048 2882 2882 2882 3068 3068 3068 3069 3069 3069 3070 3070 3070 3068 3068 3068 3071 3071 3071 3072 3072 3072 3071 3071 3071 3068 3068 3068 3073 3073 3073 3071 3071 3071 3074 3074 3074 3065 3065 3065 3072 3072 3072 3069 3069 3069 3068 3068 3068 3072 3072 3072 3071 3071 3071 3060 3060 3060 3072 3072 3072 3060 3060 3060 3059 3059 3059 3072 3072 3072 3059 3059 3059 2884 2884 2884 3074 3074 3074 3075 3075 3075 3076 3076 3076 3074 3074 3074 3071 3071 3071 3073 3073 3073 3074 3074 3074 3077 3077 3077 3065 3065 3065 3076 3076 3076 2911 2911 2911 2910 2910 2910 3076 3076 3076 3078 3078 3078 2911 2911 2911 3073 3073 3073 3075 3075 3075 3074 3074 3074 3073 3073 3073 3079 3079 3079 3075 3075 3075 3073 3073 3073 3068 3068 3068 3070 3070 3070 3080 3080 3080 3081 3081 3081 3079 3079 3079 3080 3080 3080 3082 3082 3082 3083 3083 3083 3080 3080 3080 3070 3070 3070 3069 3069 3069 3069 3069 3069 3072 3072 3072 2884 2884 2884 3069 3069 3069 2884 2884 2884 3067 3067 3067 3078 3078 3078 3084 3084 3084 3085 3085 3085 3078 3078 3078 3085 3085 3085 2911 2911 2911 3078 3078 3078 3075 3075 3075 3079 3079 3079 3078 3078 3078 3076 3076 3076 3075 3075 3075 3085 3085 3085 3086 3086 3086 2908 2908 2908 3085 3085 3085 2908 2908 2908 2906 2906 2906 3085 3085 3085 2906 2906 2906 2911 2911 2911 3087 3087 3087 3088 3088 3088 3089 3089 3089 3087 3087 3087 3067 3067 3067 2883 2883 2883 3087 3087 3087 2883 2883 2883 3090 3090 3090 3067 3067 3067 3082 3082 3082 3069 3069 3069 2883 2883 2883 2886 2886 2886 3091 3091 3091 3084 3084 3084 3078 3078 3078 3081 3081 3081 3084 3084 3084 3092 3092 3092 3093 3093 3093 3084 3084 3084 3093 3093 3093 3086 3086 3086 3094 3094 3094 3083 3083 3083 3082 3082 3082 3083 3083 3083 3095 3095 3095 3081 3081 3081 3083 3083 3083 3094 3094 3094 3096 3096 3096 3082 3082 3082 3067 3067 3067 3087 3087 3087 3082 3082 3082 3089 3089 3089 3094 3094 3094 3082 3082 3082 3080 3080 3080 3069 3069 3069 3090 3090 3090 3097 3097 3097 2889 2889 2889 3090 3090 3090 3091 3091 3091 3097 3097 3097 3095 3095 3095 3098 3098 3098 3092 3092 3092 3095 3095 3095 3096 3096 3096 3098 3098 3098 3095 3095 3095 3083 3083 3083 3096 3096 3096 3098 3098 3098 3099 3099 3099 3092 3092 3092 3092 3092 3092 3099 3099 3099 3093 3093 3093 3092 3092 3092 3084 3084 3084 3095 3095 3095 3086 3086 3086 3085 3085 3085 3084 3084 3084 3100 3100 3100 3096 3096 3096 3094 3094 3094 3096 3096 3096 3099 3099 3099 3098 3098 3098 3089 3089 3089 3082 3082 3082 3087 3087 3087 3089 3089 3089 3101 3101 3101 3100 3100 3100 3089 3089 3089 3100 3100 3100 3094 3094 3094 3099 3099 3099 3096 3096 3096 3100 3100 3100 3099 3099 3099 3100 3100 3100 3101 3101 3101 3093 3093 3093 3102 3102 3102 3103 3103 3103 3093 3093 3093 3103 3103 3103 2973 2973 2973 3088 3088 3088 3090 3090 3090 2871 2871 2871 3088 3088 3088 3087 3087 3087 3090 3090 3090 3088 3088 3088 3104 3104 3104 3089 3089 3089 3102 3102 3102 3093 3093 3093 3099 3099 3099 3102 3102 3102 3101 3101 3101 3105 3105 3105 3102 3102 3102 3037 3037 3037 3103 3103 3103 3037 3037 3037 3105 3105 3105 3035 3035 3035 3037 3037 3037 2964 2964 2964 3103 3103 3103 3103 3103 3103 2963 2963 2963 2973 2973 2973 2888 2888 2888 2887 2887 2887 2981 2981 2981 2888 2888 2888 3088 3088 3088 2871 2871 2871 2888 2888 2888 3104 3104 3104 3088 3088 3088 2963 2963 2963 2962 2962 2962 2968 2968 2968 2877 2877 2877 2869 2869 2869 2873 2873 2873 3091 3091 3091 3090 3090 3090 2883 2883 2883 2889 2889 2889 2871 2871 2871 3090 3090 3090 2980 2980 2980 2974 2974 2974 2976 2976 2976 2980 2980 2980 2976 2976 2976 2985 2985 2985 2977 2977 2977 2965 2965 2965 2978 2978 2978 3105 3105 3105 3037 3037 3037 3102 3102 3102 3101 3101 3101 3102 3102 3102 3099 3099 3099 3101 3101 3101 3104 3104 3104 3105 3105 3105 3081 3081 3081 3080 3080 3080 3083 3083 3083 3081 3081 3081 3078 3078 3078 3079 3079 3079 3081 3081 3081 3095 3095 3095 3084 3084 3084 3079 3079 3079 3073 3073 3073 3070 3070 3070 3079 3079 3079 3070 3070 3070 3080 3080 3080 3065 3065 3065 3106 3106 3106 3066 3066 3066 3065 3065 3065 3064 3064 3064 3063 3063 3063 3065 3065 3065 3063 3063 3063 3071 3071 3071 3066 3066 3066 3106 3106 3106 3062 3062 3062 3062 3062 3062 3055 3055 3055 3064 3064 3064 3058 3058 3058 3106 3106 3106 3107 3107 3107 3058 3058 3058 3052 3052 3052 3055 3055 3055 3058 3058 3058 3053 3053 3053 3052 3052 3052 3056 3056 3056 3058 3058 3058 3107 3107 3107 3056 3056 3056 3041 3041 3041 3057 3057 3057 3057 3057 3057 3108 3108 3108 3053 3053 3053 3108 3108 3108 3054 3054 3054 3053 3053 3053 3108 3108 3108 3057 3057 3057 3109 3109 3109 3109 3109 3109 3032 3032 3032 3033 3033 3033 3109 3109 3109 3110 3110 3110 3108 3108 3108 3110 3110 3110 3109 3109 3109 3033 3033 3033 3110 3110 3110 3044 3044 3044 3108 3108 3108 3033 3033 3033 3111 3111 3111 3110 3110 3110 3033 3033 3033 3031 3031 3031 3030 3030 3030 3111 3111 3111 3033 3033 3033 3030 3030 3030 3111 3111 3111 3016 3016 3016 3026 3026 3026 3030 3030 3030 3029 3029 3029 3111 3111 3111 3030 3030 3030 3031 3031 3031 3028 3028 3028 3029 3029 3029 3030 3030 3030 3018 3018 3018 3017 3017 3017 3016 3016 3016 3029 3029 3029 3017 3017 3017 3018 3018 3018 3014 3014 3014 3020 3020 3020 3019 3019 3019 3022 3022 3022 3020 3020 3020 3009 3009 3009 3008 3008 3008 3008 3008 3008 3007 3007 3007 3015 3015 3015 2986 2986 2986 2985 2985 2985 2989 2989 2989 2986 2986 2986 2983 2983 2983 2980 2980 2980 2986 2986 2986 2992 2992 2992 2984 2984 2984 2897 2897 2897 3024 3024 3024 3040 3040 3040 3039 3039 3039 3024 3024 3024 2903 2903 2903 2912 2912 2912 2968 2968 2968 2972 2972 2972 3112 3112 3112 3113 3113 3113 3114 3114 3114 3112 3112 3112 3114 3114 3114 3115 3115 3115 3112 3112 3112 3115 3115 3115 3116 3116 3116 3113 3113 3113 3112 3112 3112 3117 3117 3117 3113 3113 3113 3117 3117 3117 3118 3118 3118 3113 3113 3113 3118 3118 3118 3119 3119 3119 3114 3114 3114 3120 3120 3120 3121 3121 3121 3114 3114 3114 3113 3113 3113 3122 3122 3122 3120 3120 3120 3114 3114 3114 3122 3122 3122 3115 3115 3115 3114 3114 3114 3123 3123 3123 3123 3123 3123 3114 3114 3114 3124 3124 3124 3117 3117 3117 3112 3112 3112 3125 3125 3125 3126 3126 3126 3127 3127 3127 2961 2961 2961 3127 3127 3127 3128 3128 3128 3129 3129 3129 3127 3127 3127 3130 3130 3130 2961 2961 2961 2961 2961 2961 2960 2960 2960 3126 3126 3126 3131 3131 3131 3132 3132 3132 3133 3133 3133 3131 3131 3131 3134 3134 3134 3132 3132 3132 3131 3131 3131 3135 3135 3135 3134 3134 3134 3134 3134 3134 3135 3135 3135 3136 3136 3136 3132 3132 3132 3134 3134 3134 3137 3137 3137 3135 3135 3135 3131 3131 3131 3138 3138 3138 3135 3135 3135 3138 3138 3138 3139 3139 3139 3136 3136 3136 3140 3140 3140 3141 3141 3141 3136 3136 3136 3135 3135 3135 3140 3140 3140 3138 3138 3138 3131 3131 3131 3142 3142 3142 3137 3137 3137 3134 3134 3134 3143 3143 3143 3142 3142 3142 3131 3131 3131 3144 3144 3144 2922 2922 2922 2913 2913 2913 2915 2915 2915 3129 3129 3129 3130 3130 3130 3127 3127 3127 3128 3128 3128 2931 2931 2931 3145 3145 3145 3145 3145 3145 3129 3129 3129 3128 3128 3128 3145 3145 3145 2931 2931 2931 2929 2929 2929 2936 2936 2936 2935 2935 2935 2934 2934 2934 2936 2936 2936 3146 3146 3146 3147 3147 3147 2936 2936 2936 3147 3147 3147 2937 2937 2937 3146 3146 3146 2947 2947 2947 2946 2946 2946 2927 2927 2927 2926 2926 2926 2930 2930 2930 2946 2946 2946 2944 2944 2944 2943 2943 2943 2946 2946 2946 3147 3147 3147 3146 3146 3146 3148 3148 3148 2959 2959 2959 2958 2958 2958 3148 3148 3148 2956 2956 2956 2959 2959 2959 2956 2956 2956 3148 3148 3148 2957 2957 2957 2981 2981 2981 2979 2979 2979 3036 3036 3036 2981 2981 2981 2887 2887 2887 2982 2982 2982 2981 2981 2981 2976 2976 2976 2975 2975 2975 2981 2981 2981 3036 3036 3036 2888 2888 2888 2965 2965 2965 2966 2966 2966 2962 2962 2962 2983 2983 2983 2965 2965 2965 2977 2977 2977 2983 2983 2983 2977 2977 2977 2980 2980 2980 2984 2984 2984 2995 2995 2995 2996 2996 2996 2984 2984 2984 2983 2983 2983 2986 2986 2986 2984 2984 2984 2966 2966 2966 2983 2983 2983 2988 2988 2988 2869 2869 2869 2876 2876 2876 2988 2988 2988 2876 2876 2876 3002 3002 3002 3003 3003 3003 2875 2875 2875 3011 3011 3011 3003 3003 3003 3007 3007 3007 3004 3004 3004 2876 2876 2876 3003 3003 3003 3002 3002 3002 2895 2895 2895 2891 2891 2891 2998 2998 2998 2895 2895 2895 3000 3000 3000 3009 3009 3009 3009 3009 3009 3006 3006 3006 3008 3008 3008 3013 3013 3013 2881 2881 2881 3016 3016 3016 3013 3013 3013 3014 3014 3014 3010 3010 3010 3016 3016 3016 3111 3111 3111 3029 3029 3029 3016 3016 3016 3014 3014 3014 3013 3013 3013 3026 3026 3026 2881 2881 2881 3027 3027 3027 3026 3026 3026 3110 3110 3110 3111 3111 3111 3044 3044 3044 3043 3043 3043 3054 3054 3054 3044 3044 3044 3027 3027 3027 3042 3042 3042 3044 3044 3044 3054 3054 3054 3108 3108 3108 3044 3044 3044 3110 3110 3110 3026 3026 3026 3041 3041 3041 3107 3107 3107 3049 3049 3049 3041 3041 3041 3049 3049 3049 3038 3038 3038 3041 3041 3041 3109 3109 3109 3057 3057 3057 3041 3041 3041 3032 3032 3032 3109 3109 3109 3107 3107 3107 2904 2904 2904 3049 3049 3049 3107 3107 3107 3041 3041 3041 3056 3056 3056 3106 3106 3106 3065 3065 3065 3077 3077 3077 3106 3106 3106 3058 3058 3058 3062 3062 3062 2904 2904 2904 3077 3077 3077 2905 2905 2905 2904 2904 2904 2898 2898 2898 3049 3049 3049 2904 2904 2904 3107 3107 3107 3106 3106 3106 3060 3060 3060 3071 3071 3071 3063 3063 3063 3060 3060 3060 3050 3050 3050 3059 3059 3059 3077 3077 3077 2904 2904 2904 3106 3106 3106 3077 3077 3077 3074 3074 3074 3076 3076 3076 3077 3077 3077 2910 2910 2910 2905 2905 2905 2910 2910 2910 2906 2906 2906 2901 2901 2901 2910 2910 2910 3077 3077 3077 3076 3076 3076 2910 2910 2910 2901 2901 2901 2905 2905 2905 3104 3104 3104 3036 3036 3036 3035 3035 3035 3104 3104 3104 3035 3035 3035 3105 3105 3105 3104 3104 3104 2888 2888 2888 3036 3036 3036 3104 3104 3104 3101 3101 3101 3089 3089 3089 2973 2973 2973 2908 2908 2908 3086 3086 3086 2973 2973 2973 2963 2963 2963 2968 2968 2968 2973 2973 2973 3086 3086 3086 3093 3093 3093 2964 2964 2964 3037 3037 3037 3034 3034 3034 2964 2964 2964 2978 2978 2978 2965 2965 2965 2964 2964 2964 2963 2963 2963 3103 3103 3103</p>
        </triangles>
      </mesh>
    </geometry>
  </library_geometries>
  <library_materials>
    <material id="b8b6613f799c4e4bb149ef7e9b8e07a3" name="pbrmaterial">
      <instance_effect url="#8df37f5d3bad4c40948bb75ffa8667b8" />
    </material>
  </library_materials>
  <library_visual_scenes>
    <visual_scene id="scene">
      <node id="node0" name="node0">
        <instance_geometry url="#adb8b2977c8f4ef68a18e906854add05">
          <bind_material>
            <technique_common>
              <instance_material symbol="material0" target="#b8b6613f799c4e4bb149ef7e9b8e07a3" />
            </technique_common>
          </bind_material>
        </instance_geometry>
      </node>
    </visual_scene>
  </library_visual_scenes>
  <scene>
    <instance_visual_scene url="#scene" />
  </scene>
</COLLADA>
